period,variant,fee,cost,scope,completed_trades,censored_period_end_marks,total_marked_net_usdt,completed_net_usdt,net_win_fraction,profit_factor_completed,fees_usdt,funding_usdt,entry_notional_turnover_usdt,active_week_blocks,sample_sufficient,maximum_drawdown_1m_open_proxy,minimum_equity_1m_open_proxy_usdt,persistent_halt,halt_utc,necessary_conditions_passed
train_2023_2024,baseline,personal,cost1,PORTFOLIO,21,0,-18.38303937236318,-18.38303937236318,0.14285714285714285,0.8378019796067722,17.801320856,-3.286378516363,22250.298740000002,3,False,0.07462748905825664,1010.1274761457131,True,2023-01-22T13:06:00+00:00,False
train_2023_2024,baseline,personal,cost1,BTCUSDT,5,0,-16.96477825700011,-16.96477825700011,0.2,0.24440258940278956,3.8239721760000007,-0.8325660810000001,4786.119340000001,1,False,,,True,2023-01-22T13:06:00+00:00,False
train_2023_2024,baseline,personal,cost1,ETHUSDT,16,0,-1.4182611153630686,-1.4182611153630686,0.125,0.9843949709716664,13.97734868,-2.453812435363,17464.1794,3,False,,,True,2023-01-22T13:06:00+00:00,False
train_2023_2024,baseline,personal,cost2,PORTFOLIO,21,0,-74.2006878585322,-74.2006878585322,0.14285714285714285,0.4516366770216011,27.894478560000003,-4.891929298532,17454.756240000002,3,False,0.08903093946979573,967.9893121414678,True,2023-01-22T04:36:00+00:00,False
train_2023_2024,baseline,personal,cost2,BTCUSDT,5,0,-29.441519616000033,-29.441519616000033,0.2,0.07519438851612381,5.289770480000001,-1.075169136,3317.6448400000004,1,False,,,True,2023-01-22T04:36:00+00:00,False
train_2023_2024,baseline,personal,cost2,ETHUSDT,16,0,-44.759168242532176,-44.759168242532176,0.125,0.5674508323593741,22.60470808,-3.816760162532,14137.111400000002,3,False,,,True,2023-01-22T04:36:00+00:00,False
train_2023_2024,cci_w,personal,cost1,PORTFOLIO,3,0,-30.92984599200011,-30.92984599200011,0.0,0.0,2.8369859920000002,0.0,3560.27892,1,False,0.02967774205471179,1011.260154008,True,2023-01-23T09:31:00+00:00,False
train_2023_2024,cci_w,personal,cost1,BTCUSDT,1,0,-10.41331907200004,-10.41331907200004,0.0,0.0,0.9685590720000001,0.0,1215.4212200000002,1,False,,,True,2023-01-23T09:31:00+00:00,False
train_2023_2024,cci_w,personal,cost1,ETHUSDT,2,0,-20.516526920000068,-20.516526920000068,0.0,0.0,1.86842692,0.0,2344.8577,1,False,,,True,2023-01-23T09:31:00+00:00,False
train_2023_2024,cci_w,personal,cost2,PORTFOLIO,3,0,-30.8665863519999,-30.8665863519999,0.0,0.0,4.401646352,0.0,2764.26144,1,False,0.02961704329536831,1011.3234136480002,True,2023-01-23T09:31:00+00:00,False
train_2023_2024,cci_w,personal,cost2,BTCUSDT,1,0,-10.413540592000121,-10.413540592000121,0.0,0.0,1.5010005920000005,0.0,942.5816400000002,1,False,,,True,2023-01-23T09:31:00+00:00,False
train_2023_2024,cci_w,personal,cost2,ETHUSDT,2,0,-20.45304575999978,-20.45304575999978,0.0,0.0,2.90064576,0.0,1821.6798,1,False,,,True,2023-01-23T09:31:00+00:00,False
train_2023_2024,cci_d,personal,cost1,PORTFOLIO,18,0,-28.060673185604234,-28.060673185604234,0.1111111111111111,0.7361692165893413,14.539116464000001,-2.567716721604,18179.3725,3,False,0.0804675851776349,1007.4523183069882,True,2023-01-21T19:11:00+00:00,False
train_2023_2024,cci_d,personal,cost1,BTCUSDT,6,0,-34.47755970400031,-34.47755970400031,0.16666666666666666,0.1347403228095769,4.776474304000001,-0.6946454000000001,5985.096100000001,1,False,,,True,2023-01-21T19:11:00+00:00,False
train_2023_2024,cci_d,personal,cost1,ETHUSDT,12,0,6.416886518396079,6.416886518396079,0.08333333333333333,1.0964769605130746,9.76264216,-1.873071321604,12194.2764,3,False,,,True,2023-01-21T19:11:00+00:00,False
train_2023_2024,cci_d,personal,cost2,PORTFOLIO,18,0,-67.3990965598001,-67.3990965598001,0.1111111111111111,0.43416393278875676,22.756054000000002,-4.0410025598,14242.834770000001,3,False,0.08858206916608177,974.7909034401999,True,2023-01-22T04:36:00+00:00,False
train_2023_2024,cci_d,personal,cost2,BTCUSDT,5,0,-29.028301710000047,-29.028301710000047,0.2,0.07682650011371506,5.717277920000001,-1.08388379,3584.4122700000007,1,False,,,True,2023-01-22T04:36:00+00:00,False
train_2023_2024,cci_d,personal,cost2,ETHUSDT,13,0,-38.37079484980005,-38.37079484980005,0.07692307692307693,0.5623276572986053,17.03877608,-2.9571187697999997,10658.4225,3,False,,,True,2023-01-22T04:36:00+00:00,False
train_2023_2024,cci_h12,personal,cost1,PORTFOLIO,15,0,-81.90862848463209,-81.90862848463209,0.06666666666666667,0.09581583588383341,10.831695012,-1.352683472632,13574.48089,3,False,0.08033838787548263,960.2813715153679,True,2023-01-22T04:36:00+00:00,False
train_2023_2024,cci_h12,personal,cost1,BTCUSDT,3,0,-18.580808164000047,-18.580808164000047,0.0,0.0,2.006559412,-0.41879875200000005,2516.2769900000003,1,False,,,True,2023-01-22T04:36:00+00:00,False
train_2023_2024,cci_h12,personal,cost1,ETHUSDT,12,0,-63.32782032063204,-63.32782032063204,0.08333333333333333,0.12054010108978155,8.825135600000001,-0.933884720632,11058.2039,3,False,,,True,2023-01-22T04:36:00+00:00,False
train_2023_2024,cci_h12,personal,cost2,PORTFOLIO,15,0,-96.247916081728,-96.247916081728,0.06666666666666667,0.06816859011904702,18.114532824,-2.3221932577280002,11359.48861,3,False,0.09311762745766437,945.942083918272,True,2023-01-22T04:36:00+00:00,False
train_2023_2024,cci_h12,personal,cost2,BTCUSDT,3,0,-21.072394391999993,-21.072394391999993,0.0,0.0,3.2293613040000007,-0.6468430880000001,2026.9489100000005,1,False,,,True,2023-01-22T04:36:00+00:00,False
train_2023_2024,cci_h12,personal,cost2,ETHUSDT,12,0,-75.17552168972799,-75.17552168972799,0.08333333333333333,0.08564043477579085,14.88517152,-1.675350169728,9332.539700000001,3,False,,,True,2023-01-22T04:36:00+00:00,False
train_2023_2024,cci_h6,personal,cost1,PORTFOLIO,20,0,-17.978851990140672,-17.978851990140672,0.2,0.8464167329397858,15.388407120000002,-2.9388048701406,19235.334720000003,7,False,0.10461310024385388,1024.2111480098595,True,2023-03-15T05:06:00+00:00,False
train_2023_2024,cci_h6,personal,cost1,BTCUSDT,8,0,-38.58657005415455,-38.58657005415455,0.125,0.17727052627953535,5.317543400000001,-0.9380866541546,6663.094720000001,5,False,,,True,2023-03-15T05:06:00+00:00,False
train_2023_2024,cci_h6,personal,cost1,ETHUSDT,12,0,20.607718064013874,20.607718064013874,0.25,1.2937166797454018,10.07086372,-2.000718215986,12572.240000000002,4,False,,,True,2023-03-15T05:06:00+00:00,False
train_2023_2024,cci_h6,personal,cost2,PORTFOLIO,19,0,-43.94458251003307,-43.94458251003307,0.15789473684210525,0.6181549579121868,22.818875312000003,-4.746107198033201,14269.98687,6,False,0.10144337056542756,998.2454174899669,True,2023-03-01T14:51:00+00:00,False
train_2023_2024,cci_h6,personal,cost2,BTCUSDT,7,0,-34.82569818085703,-34.82569818085703,0.14285714285714285,0.1312604756841676,6.807441792000001,-1.4815563888572,4267.919470000001,4,False,,,True,2023-03-01T14:51:00+00:00,False
train_2023_2024,cci_h6,personal,cost2,ETHUSDT,12,0,-9.11888432917604,-9.11888432917604,0.16666666666666666,0.8784104014040423,16.01143352,-3.2645508091760003,10002.0674,4,False,,,True,2023-03-01T14:51:00+00:00,False
train_2023_2024,cci_h4,personal,cost1,PORTFOLIO,21,0,-88.90048668867747,-88.90048668867747,0.19047619047619047,0.3030672435395329,13.342375508000002,-2.2303411806772,16714.633270000002,8,False,0.10808012720054194,953.2895133113226,True,2023-03-01T14:51:00+00:00,False
train_2023_2024,cci_h4,personal,cost1,BTCUSDT,9,0,-51.151233115743246,-51.151233115743246,0.1111111111111111,0.1385778754238117,4.953075668000001,-0.8841874477432,6214.00157,5,False,,,True,2023-03-01T14:51:00+00:00,False
train_2023_2024,cci_h4,personal,cost1,ETHUSDT,12,0,-37.74925357293423,-37.74925357293423,0.25,0.44632665580957315,8.389299840000001,-1.346153732934,10500.631700000002,5,False,,,True,2023-03-01T14:51:00+00:00,False
train_2023_2024,cci_h4,personal,cost2,PORTFOLIO,18,0,-87.4114846991601,-87.4114846991601,0.2222222222222222,0.2259845771211635,20.041280304000004,-3.4199243951600002,12557.77533,6,False,0.10085614209669175,954.7785153008399,True,2023-02-16T00:16:00+00:00,False
train_2023_2024,cci_h4,personal,cost2,BTCUSDT,6,0,-35.890240048000045,-35.890240048000045,0.16666666666666666,0.1279573767158807,6.398498224000002,-1.106861824,4013.2538300000006,3,False,,,True,2023-02-16T00:16:00+00:00,False
train_2023_2024,cci_h4,personal,cost2,ETHUSDT,12,0,-51.52124465116005,-51.52124465116005,0.25,0.2821936233270905,13.642782080000002,-2.31306257116,8544.5215,5,False,,,True,2023-02-16T00:16:00+00:00,False
train_2023_2024,cci_h1,personal,cost1,PORTFOLIO,20,0,-38.88237727639004,-38.88237727639004,0.15,0.7023599294423618,8.991182676000001,-2.23326460039,11252.80731,7,False,0.1058045950538503,1003.30762272361,True,2023-02-17T17:16:00+00:00,False
train_2023_2024,cci_h1,personal,cost1,BTCUSDT,10,0,-59.26735206700008,-59.26735206700008,0.1,0.16538459787040594,3.9243947960000005,-0.7033272710000001,4932.8133100000005,5,False,,,True,2023-02-17T17:16:00+00:00,False
train_2023_2024,cci_h1,personal,cost1,ETHUSDT,10,0,20.384974790610045,20.384974790610045,0.2,1.3418921752553394,5.066787880000001,-1.52993732939,6319.994000000001,6,False,,,True,2023-02-17T17:16:00+00:00,False
train_2023_2024,cci_h1,personal,cost2,PORTFOLIO,18,0,-58.859347181269996,-58.859347181269996,0.16666666666666666,0.5137177302856055,14.477298432000001,-3.51764874927,9068.74372,6,False,0.1032611997694842,983.3306528187301,True,2023-02-16T00:16:00+00:00,False
train_2023_2024,cci_h1,personal,cost2,BTCUSDT,8,0,-52.77225053199999,-52.77225053199999,0.125,0.12589360020288806,6.117653152000001,-1.1667973800000002,3846.27712,4,False,,,True,2023-02-16T00:16:00+00:00,False
train_2023_2024,cci_h1,personal,cost2,ETHUSDT,10,0,-6.087096649270013,-6.087096649270013,0.2,0.8996632447132958,8.35964528,-2.35085136927,5222.466600000001,6,False,,,True,2023-02-16T00:16:00+00:00,False
train_2023_2024,cci_m30,personal,cost1,PORTFOLIO,12,0,-0.1506725277899008,-0.1506725277899008,0.08333333333333333,0.9979731171776657,6.973500388000001,-2.05268213979,8712.437730000001,3,False,0.07128506023968101,1024.954872886074,True,2023-01-22T14:56:00+00:00,False
train_2023_2024,cci_m30,personal,cost1,BTCUSDT,5,0,-37.36420988000011,-37.36420988000011,0.0,0.0,2.7464547480000006,-0.281965132,3450.2363300000006,1,False,,,True,2023-01-22T14:56:00+00:00,False
train_2023_2024,cci_m30,personal,cost1,ETHUSDT,7,0,37.21353735221021,37.21353735221021,0.14285714285714285,2.006509597875742,4.22704564,-1.77071700779,5262.2014,3,False,,,True,2023-01-22T14:56:00+00:00,False
train_2023_2024,cci_m30,personal,cost2,PORTFOLIO,12,0,-26.98267903872618,-26.98267903872618,0.08333333333333333,0.6542575487200217,11.381580880000001,-3.2887981587260002,7119.644200000001,3,False,0.07419158309115562,1015.2073209612739,True,2023-01-22T14:56:00+00:00,False
train_2023_2024,cci_m30,personal,cost2,BTCUSDT,5,0,-39.19243619800008,-39.19243619800008,0.0,0.0,4.5550703200000005,-0.465865878,2864.0047000000004,1,False,,,True,2023-01-22T14:56:00+00:00,False
train_2023_2024,cci_m30,personal,cost2,ETHUSDT,7,0,12.2097571592739,12.2097571592739,0.14285714285714285,1.3142772210560583,6.826510560000001,-2.822932280726,4255.6395,3,False,,,True,2023-01-22T14:56:00+00:00,False
train_2023_2024,cci_m15,personal,cost1,PORTFOLIO,15,0,-12.30222947709191,-12.30222947709191,0.13333333333333333,0.8643716331046437,10.076515460000001,-2.501744017092,12595.50631,3,False,0.07475246875474809,1002.7257324958362,True,2023-01-22T14:56:00+00:00,False
train_2023_2024,cci_m15,personal,cost1,BTCUSDT,5,0,-29.145121368000176,-29.145121368000176,0.2,0.1581256165419469,3.362278540000001,-0.5353728280000001,4215.47191,1,False,,,True,2023-01-22T14:56:00+00:00,False
train_2023_2024,cci_m15,personal,cost1,ETHUSDT,10,0,16.842891890908266,16.842891890908266,0.1,1.3003041670156281,6.71423692,-1.966371189092,8380.0344,3,False,,,True,2023-01-22T14:56:00+00:00,False
train_2023_2024,cci_m15,personal,cost2,PORTFOLIO,15,0,-43.3496535457781,-43.3496535457781,0.13333333333333333,0.5469693293147053,16.204637392000002,-3.948836153778,10139.49646,3,False,0.07660651339735818,998.840346454222,True,2023-01-22T14:56:00+00:00,False
train_2023_2024,cci_m15,personal,cost2,BTCUSDT,5,0,-32.97528464800001,-32.97528464800001,0.2,0.06921814953632387,5.439893552000001,-0.8616110960000002,3413.2703600000004,1,False,,,True,2023-01-22T14:56:00+00:00,False
train_2023_2024,cci_m15,personal,cost2,ETHUSDT,10,0,-10.374368897778083,-10.374368897778083,0.1,0.8278416198344247,10.764743840000001,-3.087225057778,6726.2261,3,False,,,True,2023-01-22T14:56:00+00:00,False
train_2023_2024,cci_m5,personal,cost1,PORTFOLIO,21,0,-18.38303937236318,-18.38303937236318,0.14285714285714285,0.8378019796067722,17.801320856,-3.286378516363,22250.298740000002,3,False,0.07462748905825664,1010.1274761457131,True,2023-01-22T13:06:00+00:00,False
train_2023_2024,cci_m5,personal,cost1,BTCUSDT,5,0,-16.96477825700011,-16.96477825700011,0.2,0.24440258940278956,3.8239721760000007,-0.8325660810000001,4786.119340000001,1,False,,,True,2023-01-22T13:06:00+00:00,False
train_2023_2024,cci_m5,personal,cost1,ETHUSDT,16,0,-1.4182611153630686,-1.4182611153630686,0.125,0.9843949709716664,13.97734868,-2.453812435363,17464.1794,3,False,,,True,2023-01-22T13:06:00+00:00,False
train_2023_2024,cci_m5,personal,cost2,PORTFOLIO,21,0,-74.2006878585322,-74.2006878585322,0.14285714285714285,0.4516366770216011,27.894478560000003,-4.891929298532,17454.756240000002,3,False,0.08903093946979573,967.9893121414678,True,2023-01-22T04:36:00+00:00,False
train_2023_2024,cci_m5,personal,cost2,BTCUSDT,5,0,-29.441519616000033,-29.441519616000033,0.2,0.07519438851612381,5.289770480000001,-1.075169136,3317.6448400000004,1,False,,,True,2023-01-22T04:36:00+00:00,False
train_2023_2024,cci_m5,personal,cost2,ETHUSDT,16,0,-44.759168242532176,-44.759168242532176,0.125,0.5674508323593741,22.60470808,-3.816760162532,14137.111400000002,3,False,,,True,2023-01-22T04:36:00+00:00,False
train_2023_2024,cci_m3,personal,cost1,PORTFOLIO,21,0,-29.14736859201935,-29.14736859201935,0.14285714285714285,0.7649081774970219,18.153139888000002,-3.061868704019,22695.391040000002,3,False,0.08435687627837306,1010.1274761457131,True,2023-01-21T19:11:00+00:00,False
train_2023_2024,cci_m3,personal,cost1,BTCUSDT,6,0,-37.92628459200021,-37.92628459200021,0.16666666666666666,0.12400744337027883,4.831504208000001,-0.6738203840000001,6055.5907400000015,1,False,,,True,2023-01-21T19:11:00+00:00,False
train_2023_2024,cci_m3,personal,cost1,ETHUSDT,15,0,8.77891599998086,8.77891599998086,0.13333333333333333,1.1088011705743013,13.32163568,-2.388048320019,16639.8003,3,False,,,True,2023-01-21T19:11:00+00:00,False
train_2023_2024,cci_m3,personal,cost2,PORTFOLIO,20,0,-67.64259329518806,-67.64259329518806,0.15,0.47472998508929887,27.120985240000003,-4.826518055188,16968.463320000003,3,False,0.08285915516566823,974.547406704812,True,2023-01-22T04:36:00+00:00,False
train_2023_2024,cci_m3,personal,cost2,BTCUSDT,4,0,-21.883582277999892,-21.883582277999892,0.25,0.09941576774136805,4.53836796,-1.062924318,2844.6211200000002,1,False,,,True,2023-01-22T04:36:00+00:00,False
train_2023_2024,cci_m3,personal,cost2,ETHUSDT,16,0,-45.759011017188165,-45.759011017188165,0.125,0.56202036461948,22.58261728,-3.763593737188,14123.842200000001,3,False,,,True,2023-01-22T04:36:00+00:00,False
train_2023_2024,cci_m1,personal,cost1,PORTFOLIO,22,0,-28.258477324363184,-28.258477324363184,0.13636363636363635,0.7706524236326782,18.926685216000003,-3.287752108363,23661.37854,3,False,0.08355344792133111,1010.1274761457131,True,2023-01-22T17:11:00+00:00,False
train_2023_2024,cci_m1,personal,cost1,BTCUSDT,6,0,-27.33246188900011,-27.33246188900011,0.16666666666666666,0.16719654422709776,5.021982216000001,-0.833939673,6288.216040000001,1,False,,,True,2023-01-22T17:11:00+00:00,False
train_2023_2024,cci_m1,personal,cost1,ETHUSDT,16,0,-0.9260154353630722,-0.9260154353630722,0.125,0.9897556311778639,13.904703000000001,-2.453812435363,17373.162500000002,3,False,,,True,2023-01-22T17:11:00+00:00,False
train_2023_2024,cci_m1,personal,cost2,PORTFOLIO,20,0,-64.30881641853223,-64.30881641853223,0.15,0.48725692616288974,27.021507120000003,-4.891929298532,16904.63964,3,False,0.07972175731297307,977.8811835814679,True,2023-01-22T04:36:00+00:00,False
train_2023_2024,cci_m1,personal,cost2,BTCUSDT,5,0,-29.441519616000033,-29.441519616000033,0.2,0.07519438851612381,5.289770480000001,-1.075169136,3317.6448400000004,1,False,,,True,2023-01-22T04:36:00+00:00,False
train_2023_2024,cci_m1,personal,cost2,ETHUSDT,15,0,-34.867296802532195,-34.867296802532195,0.13333333333333333,0.6274295086413045,21.73173664,-3.816760162532,13586.9948,3,False,,,True,2023-01-22T04:36:00+00:00,False
train_2023_2024,chop_w,personal,cost1,PORTFOLIO,20,0,80.28947070386016,80.28947070386016,0.35,1.7626717727433485,17.088971548000004,-2.8892277481392004,21311.0806,7,False,0.06915295260440502,973.2226069783635,True,2023-12-06T19:46:00+00:00,False
train_2023_2024,chop_w,personal,cost1,BTCUSDT,20,0,80.28947070386016,80.28947070386016,0.35,1.7626717727433485,17.088971548000004,-2.8892277481392004,21311.0806,7,False,,,True,2023-12-06T19:46:00+00:00,False
train_2023_2024,chop_w,personal,cost1,ETHUSDT,0,0,0,0,,,0,0,0,0,False,,,True,2023-12-06T19:46:00+00:00,False
train_2023_2024,chop_w,personal,cost2,PORTFOLIO,41,0,-66.6377487676812,-66.6377487676812,0.2682926829268293,0.726747337387899,53.33433672800001,-12.7479620396814,33334.23818,11,False,0.10479957638687186,965.884330096934,True,2024-01-01T09:21:00+00:00,False
train_2023_2024,chop_w,personal,cost2,BTCUSDT,41,0,-66.6377487676812,-66.6377487676812,0.2682926829268293,0.726747337387899,53.33433672800001,-12.7479620396814,33334.23818,11,False,,,True,2024-01-01T09:21:00+00:00,False
train_2023_2024,chop_w,personal,cost2,ETHUSDT,0,0,0,0,,,0,0,0,0,False,,,True,2024-01-01T09:21:00+00:00,False
train_2023_2024,chop_d,personal,cost1,PORTFOLIO,14,0,-68.87636468708803,-68.87636468708803,0.14285714285714285,0.09418498317341313,9.266162996,-1.722511691088,11611.64759,2,False,0.07563715227393276,973.313635312912,True,2023-01-22T04:36:00+00:00,False
train_2023_2024,chop_d,personal,cost1,BTCUSDT,5,0,-23.080342728000108,-23.080342728000108,0.2,0.18419117064761747,3.4804905960000005,-0.6731621320000001,4360.076590000001,1,False,,,True,2023-01-22T04:36:00+00:00,False
train_2023_2024,chop_d,personal,cost1,ETHUSDT,9,0,-45.796021959087916,-45.796021959087916,0.1111111111111111,0.040853532781618525,5.785672400000001,-1.049349559088,7251.571000000001,2,False,,,True,2023-01-22T04:36:00+00:00,False
train_2023_2024,chop_d,personal,cost2,PORTFOLIO,14,0,-80.70232342548829,-80.70232342548829,0.07142857142857142,0.028381390080646402,15.723928936000002,-2.847944489488,9858.520810000002,2,False,0.08416517083869839,961.4876765745117,True,2023-01-21T19:11:00+00:00,False
train_2023_2024,chop_d,personal,cost2,BTCUSDT,6,0,-38.58503451800019,-38.58503451800019,0.16666666666666666,0.05757722832994161,7.267590776000001,-1.0588937420000002,4557.373510000001,1,False,,,True,2023-01-21T19:11:00+00:00,False
train_2023_2024,chop_d,personal,cost2,ETHUSDT,8,0,-42.117288907488096,-42.117288907488096,0.0,0.0,8.456338160000001,-1.789050747488,5301.1473000000005,2,False,,,True,2023-01-21T19:11:00+00:00,False
train_2023_2024,chop_h12,personal,cost1,PORTFOLIO,41,0,-70.00579118047052,-70.00579118047052,0.24390243902439024,0.6835384595272398,29.484859704000005,-2.8776714764704003,36838.28783,14,False,0.10334350052759393,972.1842088195295,True,2023-10-24T21:56:00+00:00,False
train_2023_2024,chop_h12,personal,cost1,BTCUSDT,29,0,-65.07445949575664,-65.07445949575664,0.20689655172413793,0.6425333561032538,21.099234624000005,-1.4654648717564003,26333.333530000004,11,False,,,True,2023-10-24T21:56:00+00:00,False
train_2023_2024,chop_h12,personal,cost1,ETHUSDT,12,0,-4.931331684713888,-4.931331684713888,0.3333333333333333,0.8741068461775467,8.38562508,-1.412206604714,10504.954300000001,6,False,,,True,2023-10-24T21:56:00+00:00,False
train_2023_2024,chop_h12,personal,cost2,PORTFOLIO,36,0,-97.48838666519983,-97.48838666519983,0.2222222222222222,0.5240748017747643,41.213381768000005,-5.278494897199501,25752.198040000003,11,False,0.10698442171827477,937.8621091575224,True,2023-08-30T06:26:00+00:00,False
train_2023_2024,chop_h12,personal,cost2,BTCUSDT,24,0,-70.115558112678,-70.115558112678,0.16666666666666666,0.5609408546029079,27.963623608000006,-2.8759245046775006,17448.501740000003,8,False,,,True,2023-08-30T06:26:00+00:00,False
train_2023_2024,chop_h12,personal,cost2,ETHUSDT,12,0,-27.37282855252182,-27.37282855252182,0.3333333333333333,0.393664718909014,13.24975816,-2.402570392522,8303.696300000001,6,False,,,True,2023-08-30T06:26:00+00:00,False
train_2023_2024,chop_h6,personal,cost1,PORTFOLIO,69,0,166.95095283800396,166.95095283800396,0.30434782608695654,1.4929450671748128,55.08571964800001,-4.1708075139966,68875.58197,26,False,0.09442400651338766,961.6126112762911,True,2023-12-06T19:46:00+00:00,False
train_2023_2024,chop_h6,personal,cost1,BTCUSDT,44,0,205.84195318078054,205.84195318078054,0.29545454545454547,1.9057997160876723,35.94412096800001,-2.4835058512195998,44912.700370000006,21,False,,,True,2023-12-06T19:46:00+00:00,False
train_2023_2024,chop_h6,personal,cost1,ETHUSDT,25,0,-38.89100034277658,-38.89100034277658,0.32,0.6509882634461196,19.14159868,-1.687301662777,23962.8816,15,False,,,True,2023-12-06T19:46:00+00:00,False
train_2023_2024,chop_h6,personal,cost2,PORTFOLIO,34,0,-102.70620541098057,-102.70620541098057,0.14705882352941177,0.4957701600914717,39.13923990400001,-4.566885506980601,24491.524980000002,13,False,0.10559286359146645,939.4837945890195,True,2023-05-29T09:26:00+00:00,False
train_2023_2024,chop_h6,personal,cost2,BTCUSDT,25,0,-56.97719112230074,-56.97719112230074,0.16,0.6338683339273549,29.013306944000004,-2.9426041783006003,18145.827480000004,11,False,,,True,2023-05-29T09:26:00+00:00,False
train_2023_2024,chop_h6,personal,cost2,ETHUSDT,9,0,-45.72901428867984,-45.72901428867984,0.1111111111111111,0.04869679098301079,10.12593296,-1.62428132868,6345.6975,6,False,,,True,2023-05-29T09:26:00+00:00,False
train_2023_2024,chop_h4,personal,cost1,PORTFOLIO,15,0,-89.18721076000278,-89.18721076000278,0.06666666666666667,0.035103644411100844,9.760258676000001,-1.4373020840028001,12239.318170000002,6,False,0.10110767016683132,953.0027892399972,True,2023-02-17T11:31:00+00:00,False
train_2023_2024,chop_h4,personal,cost1,BTCUSDT,6,0,-32.01947866669484,-32.01947866669484,0.0,0.0,4.004936956000001,-0.6739917106948,5019.841470000001,2,False,,,True,2023-02-17T11:31:00+00:00,False
train_2023_2024,chop_h4,personal,cost1,ETHUSDT,9,0,-57.16773209330794,-57.16773209330794,0.1111111111111111,0.053709093879718374,5.755321720000001,-0.763310373308,7219.476700000001,5,False,,,True,2023-02-17T11:31:00+00:00,False
train_2023_2024,chop_h4,personal,cost2,PORTFOLIO,15,0,-97.72848015144426,-97.72848015144426,0.06666666666666667,0.023392262950751506,15.628524400000002,-2.4122757514443998,9807.671590000002,6,False,0.10085397078580831,944.4615198485558,True,2023-02-17T11:31:00+00:00,False
train_2023_2024,chop_h4,personal,cost2,BTCUSDT,6,0,-36.688585182276384,-36.688585182276384,0.0,0.0,6.264264400000002,-1.0736407822764,3929.8405900000002,2,False,,,True,2023-02-17T11:31:00+00:00,False
train_2023_2024,chop_h4,personal,cost2,ETHUSDT,9,0,-61.03989496916788,-61.03989496916788,0.1111111111111111,0.03693311134019784,9.36426,-1.338634969168,5877.831,5,False,,,True,2023-02-17T11:31:00+00:00,False
train_2023_2024,chop_h1,personal,cost1,PORTFOLIO,26,0,-95.23365797579548,-95.23365797579548,0.19230769230769232,0.23428229165521033,12.972762412000002,-1.4128455637954,16256.377040000001,13,False,0.10977782428793378,946.9563420242046,True,2023-05-05T11:21:00+00:00,False
train_2023_2024,chop_h1,personal,cost1,BTCUSDT,12,0,-32.58192230339329,-32.58192230339329,0.16666666666666666,0.2801151385207751,5.090958172000001,-0.9043141313934,6376.991040000001,10,False,,,True,2023-05-05T11:21:00+00:00,False
train_2023_2024,chop_h1,personal,cost1,ETHUSDT,14,0,-62.65173567240218,-62.65173567240218,0.21428571428571427,0.2080613097535783,7.881804240000001,-0.508531432402,9879.386,10,False,,,True,2023-05-05T11:21:00+00:00,False
train_2023_2024,chop_h1,personal,cost2,PORTFOLIO,24,0,-96.17078755113192,-96.17078755113192,0.20833333333333334,0.19415368372672048,19.222941784000003,-2.4338357671318005,12051.595620000002,13,False,0.10090970742194581,946.0192124488681,True,2023-05-04T10:26:00+00:00,False
train_2023_2024,chop_h1,personal,cost2,BTCUSDT,11,0,-37.95901201383779,-37.95901201383779,0.18181818181818182,0.19362108274827242,8.021772584000002,-1.5253294298378002,5027.813820000001,9,False,,,True,2023-05-04T10:26:00+00:00,False
train_2023_2024,chop_h1,personal,cost2,ETHUSDT,13,0,-58.21177553729414,-58.21177553729414,0.23076923076923078,0.19450060590735088,11.2011692,-0.9085063372940001,7023.781800000001,10,False,,,True,2023-05-04T10:26:00+00:00,False
train_2023_2024,chop_m30,personal,cost1,PORTFOLIO,32,0,-84.28294409726342,-84.28294409726342,0.21875,0.37523699964842916,12.268979956,-1.7352941412634002,15371.364280000002,15,False,0.10375984679960244,957.9070559027366,True,2023-06-30T07:56:00+00:00,False
train_2023_2024,chop_m30,personal,cost1,BTCUSDT,17,0,-78.79180064808128,-78.79180064808128,0.11764705882352941,0.017976997744197566,6.668522796000001,-0.6167078520814001,8371.406780000001,10,False,,,True,2023-06-30T07:56:00+00:00,False
train_2023_2024,chop_m30,personal,cost1,ETHUSDT,15,0,-5.491143449182145,-5.491143449182145,0.3333333333333333,0.8995578197281846,5.60045716,-1.118586289182,6999.9575,12,False,,,True,2023-06-30T07:56:00+00:00,False
train_2023_2024,chop_m30,personal,cost2,PORTFOLIO,26,0,-87.39398520895675,-87.39398520895675,0.19230769230769232,0.28339093751516864,17.285793016000003,-2.4201421929566003,10837.464660000001,12,False,0.10083966229652801,954.7960147910433,True,2023-05-10T19:06:00+00:00,False
train_2023_2024,chop_m30,personal,cost2,BTCUSDT,15,0,-83.06129980289072,-83.06129980289072,0.06666666666666667,0.007446503577320069,10.863550216000002,-0.9511995868906001,6825.342160000001,8,False,,,True,2023-05-10T19:06:00+00:00,False
train_2023_2024,chop_m30,personal,cost2,ETHUSDT,11,0,-4.332685406066039,-4.332685406066039,0.36363636363636365,0.8867876822988074,6.422242800000001,-1.468942606066,4012.1225000000004,10,False,,,True,2023-05-10T19:06:00+00:00,False
train_2023_2024,chop_m15,personal,cost1,PORTFOLIO,37,0,4.757872008723865,4.757872008723865,0.24324324324324326,1.0270375087909762,18.42703618,-3.5400018112759,23020.432770000003,14,False,0.10152776518459881,1040.0033199999998,True,2023-04-30T15:06:00+00:00,False
train_2023_2024,chop_m15,personal,cost1,BTCUSDT,20,0,-66.63394742907387,-66.63394742907387,0.15,0.3531686324689665,8.320764220000001,-1.1573932090739,10429.53317,11,False,,,True,2023-04-30T15:06:00+00:00,False
train_2023_2024,chop_m15,personal,cost1,ETHUSDT,17,0,71.39181943779774,71.39181943779774,0.35294117647058826,1.978545619488804,10.10627196,-2.382608602202,12590.8996,10,False,,,True,2023-04-30T15:06:00+00:00,False
train_2023_2024,chop_m15,personal,cost2,PORTFOLIO,36,0,-42.47147646069433,-42.47147646069433,0.19444444444444445,0.7555058258462442,28.621348416000004,-5.6586280446942006,17892.43851,14,False,0.1052274555059274,999.7185235393057,True,2023-04-29T19:31:00+00:00,False
train_2023_2024,chop_m15,personal,cost2,BTCUSDT,20,0,-78.7224696124422,-78.7224696124422,0.1,0.267410511026029,13.999478336000001,-1.9830912764422002,8781.04391,11,False,,,True,2023-04-29T19:31:00+00:00,False
train_2023_2024,chop_m15,personal,cost2,ETHUSDT,16,0,36.250993151747856,36.250993151747856,0.3125,1.5471535085708934,14.62187008,-3.6755367682520004,9111.394600000001,10,False,,,True,2023-04-29T19:31:00+00:00,False
train_2023_2024,chop_m5,personal,cost1,PORTFOLIO,17,0,-15.973986484849986,-15.973986484849986,0.17647058823529413,0.8362196229366041,11.931426700000001,-2.42764978485,14915.090830000001,3,False,0.06968583157939402,1007.6627418757181,True,2023-01-21T19:11:00+00:00,False
train_2023_2024,chop_m5,personal,cost1,BTCUSDT,5,0,-35.77292921900002,-35.77292921900002,0.0,0.0,2.6661375400000007,-0.28798167900000005,3349.0813300000004,1,False,,,True,2023-01-21T19:11:00+00:00,False
train_2023_2024,chop_m5,personal,cost1,ETHUSDT,12,0,19.798942734150035,19.798942734150035,0.25,1.3205785280333255,9.26528916,-2.13966810585,11566.0095,3,False,,,True,2023-01-21T19:11:00+00:00,False
train_2023_2024,chop_m5,personal,cost2,PORTFOLIO,17,0,-52.6360579124721,-52.6360579124721,0.11764705882352941,0.5033182987829331,19.418965096,-3.785502816472,12151.56898,3,False,0.07271113237133961,989.553942087528,True,2023-01-21T19:11:00+00:00,False
train_2023_2024,chop_m5,personal,cost2,BTCUSDT,5,0,-37.28363261800001,-37.28363261800001,0.0,0.0,4.439046136000001,-0.47369648200000003,2790.5892800000006,1,False,,,True,2023-01-21T19:11:00+00:00,False
train_2023_2024,chop_m5,personal,cost2,ETHUSDT,12,0,-15.35242529447209,-15.35242529447209,0.16666666666666666,0.7765027935529395,14.979918960000001,-3.311806334472,9360.9797,3,False,,,True,2023-01-21T19:11:00+00:00,False
train_2023_2024,chop_m3,personal,cost1,PORTFOLIO,18,0,-24.203593569849872,-24.203593569849872,0.16666666666666666,0.7811842414685803,14.324879692000001,-2.65844387785,17909.70975,3,False,0.0786069213505713,1002.0257965157181,True,2023-01-21T19:11:00+00:00,False
train_2023_2024,chop_m3,personal,cost1,BTCUSDT,5,0,-30.503423773999973,-30.503423773999973,0.2,0.15153506095087815,3.146231852,-0.511721922,3946.21255,1,False,,,True,2023-01-21T19:11:00+00:00,False
train_2023_2024,chop_m3,personal,cost1,ETHUSDT,13,0,6.299830204150102,6.299830204150102,0.15384615384615385,1.0843797617009456,11.17864784,-2.14672195585,13963.4972,3,False,,,True,2023-01-21T19:11:00+00:00,False
train_2023_2024,chop_m3,personal,cost2,PORTFOLIO,17,0,-56.05892415526197,-56.05892415526197,0.17647058823529413,0.49599597900782133,22.453826528000004,-4.157957627262,14048.365150000001,3,False,0.07063515471251326,986.1310758447381,True,2023-01-21T10:01:00+00:00,False
train_2023_2024,chop_m3,personal,cost2,BTCUSDT,5,0,-32.965946054,-32.965946054,0.2,0.06827644194955773,5.2835647680000015,-0.8198412860000002,3315.6592500000006,1,False,,,True,2023-01-21T10:01:00+00:00,False
train_2023_2024,chop_m3,personal,cost2,ETHUSDT,12,0,-23.09297810126197,-23.09297810126197,0.16666666666666666,0.6955258823207574,17.170261760000002,-3.3381163412620003,10732.7059,3,False,,,True,2023-01-21T10:01:00+00:00,False
train_2023_2024,chop_m1,personal,cost1,PORTFOLIO,18,0,-46.06533427238223,-46.06533427238223,0.16666666666666666,0.5646215493997687,14.598393060000001,-2.380491212382,18262.53455,3,False,0.07731033115195504,996.1246657276179,True,2023-01-22T04:36:00+00:00,False
train_2023_2024,chop_m1,personal,cost1,BTCUSDT,6,0,-34.93567289700024,-34.93567289700024,0.16666666666666666,0.13122328533278504,4.582370060000001,-0.640152837,5742.819150000001,1,False,,,True,2023-01-22T04:36:00+00:00,False
train_2023_2024,chop_m1,personal,cost1,ETHUSDT,12,0,-11.12966137538199,-11.12966137538199,0.16666666666666666,0.8303218575281804,10.016023,-1.740338375382,12519.715400000001,3,False,,,True,2023-01-22T04:36:00+00:00,False
train_2023_2024,chop_m1,personal,cost2,PORTFOLIO,16,0,-61.852091319442124,-61.852091319442124,0.1875,0.39667672075046156,20.910422896000004,-3.395768423442,13087.787260000001,3,False,0.06726735582630222,980.3379086805579,True,2023-01-21T07:26:00+00:00,False
train_2023_2024,chop_m1,personal,cost2,BTCUSDT,5,0,-35.73462588000022,-35.73462588000022,0.2,0.06206541651225444,5.834767856000001,-0.510558024,3661.424560000001,1,False,,,True,2023-01-21T07:26:00+00:00,False
train_2023_2024,chop_m1,personal,cost2,ETHUSDT,11,0,-26.1174654394419,-26.1174654394419,0.18181818181818182,0.5945734008750914,15.075655040000003,-2.885210399442,9426.3627,3,False,,,True,2023-01-21T07:26:00+00:00,False
train_2023_2024,cci_w_chop_w,personal,cost1,PORTFOLIO,20,0,80.28947070386016,80.28947070386016,0.35,1.7626717727433485,17.088971548000004,-2.8892277481392004,21311.0806,7,False,0.06915295260440502,973.2226069783635,True,2023-12-06T19:46:00+00:00,False
train_2023_2024,cci_w_chop_w,personal,cost1,BTCUSDT,20,0,80.28947070386016,80.28947070386016,0.35,1.7626717727433485,17.088971548000004,-2.8892277481392004,21311.0806,7,False,,,True,2023-12-06T19:46:00+00:00,False
train_2023_2024,cci_w_chop_w,personal,cost1,ETHUSDT,0,0,0,0,,,0,0,0,0,False,,,True,2023-12-06T19:46:00+00:00,False
train_2023_2024,cci_w_chop_w,personal,cost2,PORTFOLIO,41,0,-66.6377487676812,-66.6377487676812,0.2682926829268293,0.726747337387899,53.33433672800001,-12.7479620396814,33334.23818,11,False,0.10479957638687186,965.884330096934,True,2024-01-01T09:21:00+00:00,False
train_2023_2024,cci_w_chop_w,personal,cost2,BTCUSDT,41,0,-66.6377487676812,-66.6377487676812,0.2682926829268293,0.726747337387899,53.33433672800001,-12.7479620396814,33334.23818,11,False,,,True,2024-01-01T09:21:00+00:00,False
train_2023_2024,cci_w_chop_w,personal,cost2,ETHUSDT,0,0,0,0,,,0,0,0,0,False,,,True,2024-01-01T09:21:00+00:00,False
train_2023_2024,cci_w_chop_d,personal,cost1,PORTFOLIO,22,0,-98.99548984737933,-98.99548984737933,0.18181818181818182,0.2946462380782779,18.769739784000002,-0.9411500633798001,23491.25097,6,False,0.10032689242472387,943.1945101526208,True,2023-08-29T03:26:00+00:00,False
train_2023_2024,cci_w_chop_d,personal,cost1,BTCUSDT,13,0,-80.30849402428191,-80.30849402428191,0.15384615384615385,0.18969201422688073,10.873259024000001,-0.6209350002818,13610.54217,3,False,,,True,2023-08-29T03:26:00+00:00,False
train_2023_2024,cci_w_chop_d,personal,cost1,ETHUSDT,9,0,-18.686995823097426,-18.686995823097426,0.2222222222222222,0.5468732134315909,7.89648076,-0.320215063098,9880.7088,4,False,,,True,2023-08-29T03:26:00+00:00,False
train_2023_2024,cci_w_chop_d,personal,cost2,PORTFOLIO,21,0,-116.06939546234949,-116.06939546234949,0.19047619047619047,0.17695941423655867,27.587858424000004,-1.6988270383494002,17272.002630000003,6,False,0.11232251915354335,926.1206045376506,True,2023-08-28T18:11:00+00:00,False
train_2023_2024,cci_w_chop_d,personal,cost2,BTCUSDT,12,0,-81.56401804666454,-81.56401804666454,0.16666666666666666,0.12033849201895512,15.212264024000003,-1.0994440226644002,9532.375730000002,3,False,,,True,2023-08-28T18:11:00+00:00,False
train_2023_2024,cci_w_chop_d,personal,cost2,ETHUSDT,9,0,-34.505377415684954,-34.505377415684954,0.2222222222222222,0.2856483273967461,12.3755944,-0.5993830156850001,7739.6269,4,False,,,True,2023-08-28T18:11:00+00:00,False
train_2023_2024,cci_w_chop_h12,personal,cost1,PORTFOLIO,18,0,0.9530699961707259,0.9530699961707259,0.3333333333333333,1.0112909158267551,13.475088928000002,-1.3515410758294002,16860.94121,6,False,0.04922753856790354,1012.6379005199183,True,2023-12-06T19:46:00+00:00,False
train_2023_2024,cci_w_chop_h12,personal,cost1,BTCUSDT,9,0,11.940437426322527,11.940437426322527,0.3333333333333333,1.2828519876485875,6.233253488000001,-0.7244090856774001,7781.449310000001,4,False,,,True,2023-12-06T19:46:00+00:00,False
train_2023_2024,cci_w_chop_h12,personal,cost1,ETHUSDT,9,0,-10.987367430151801,-10.987367430151801,0.3333333333333333,0.7396105365486576,7.241835440000001,-0.627131990152,9079.4919,4,False,,,True,2023-12-06T19:46:00+00:00,False
train_2023_2024,cci_w_chop_h12,personal,cost2,PORTFOLIO,17,0,-24.408646017785696,-24.408646017785696,0.29411764705882354,0.7036479191683035,19.589168880000003,-2.4653571377861003,12258.360920000001,6,False,0.05188491064733524,1003.5748402649493,True,2023-12-06T19:46:00+00:00,False
train_2023_2024,cci_w_chop_h12,personal,cost2,BTCUSDT,9,0,-6.077576096029967,-6.077576096029967,0.2222222222222222,0.8690496034336092,9.989503120000002,-1.4203529760301001,6237.15382,4,False,,,True,2023-12-06T19:46:00+00:00,False
train_2023_2024,cci_w_chop_h12,personal,cost2,ETHUSDT,8,0,-18.331069921755727,-18.331069921755727,0.375,0.4901292962488194,9.59966576,-1.0450041617560002,6021.2071000000005,4,False,,,True,2023-12-06T19:46:00+00:00,False
train_2023_2024,cci_w_chop_h6,personal,cost1,PORTFOLIO,36,0,78.36250222687343,78.36250222687343,0.3888888888888889,1.4762105614734755,29.955619656000003,-2.2097181171268,37407.827820000006,16,False,0.06656224864685578,980.4614921009991,True,2023-12-06T19:46:00+00:00,False
train_2023_2024,cci_w_chop_h6,personal,cost1,BTCUSDT,25,0,80.24483946703192,80.24483946703192,0.36,1.6667669985087867,20.136511296000002,-1.9761892369678,25113.741920000004,13,False,,,True,2023-12-06T19:46:00+00:00,False
train_2023_2024,cci_w_chop_h6,personal,cost1,ETHUSDT,11,0,-1.8823372401584897,-1.8823372401584897,0.45454545454545453,0.9574181624492006,9.819108360000001,-0.233528880159,12294.0859,7,False,,,True,2023-12-06T19:46:00+00:00,False
train_2023_2024,cci_w_chop_h6,personal,cost2,PORTFOLIO,46,0,-91.35138189645177,-91.35138189645177,0.2391304347826087,0.634377637925737,57.06202064000001,-5.274501256452,35679.093,19,False,0.10412253204407262,937.9167179322609,True,2024-01-09T03:11:00+00:00,False
train_2023_2024,cci_w_chop_h6,personal,cost2,BTCUSDT,31,0,-41.4407268672861,-41.4407268672861,0.22580645161290322,0.7639946707585316,38.38233248,-3.730534387286,23977.867800000004,15,False,,,True,2024-01-09T03:11:00+00:00,False
train_2023_2024,cci_w_chop_h6,personal,cost2,ETHUSDT,15,0,-49.91065502916567,-49.91065502916567,0.26666666666666666,0.32788772289659507,18.67968816,-1.543966869166,11701.2252,10,False,,,True,2024-01-09T03:11:00+00:00,False
train_2023_2024,cci_w_chop_h4,personal,cost1,PORTFOLIO,29,0,-103.38955091088896,-103.38955091088896,0.2413793103448276,0.30993027616822744,19.919269844000002,-0.0961510668895,24928.213300000003,15,False,0.10442049023659526,938.8004490891111,True,2023-11-09T23:46:00+00:00,False
train_2023_2024,cci_w_chop_h4,personal,cost1,BTCUSDT,17,0,-72.7979016076632,-72.7979016076632,0.17647058823529413,0.21582888724656638,11.715499444000002,0.05232783633650003,14660.742400000001,8,False,,,True,2023-11-09T23:46:00+00:00,False
train_2023_2024,cci_w_chop_h4,personal,cost1,ETHUSDT,12,0,-30.59164930322574,-30.59164930322574,0.3333333333333333,0.4632157298865642,8.2037704,-0.14847890322600002,10267.4709,9,False,,,True,2023-11-09T23:46:00+00:00,False
train_2023_2024,cci_w_chop_h4,personal,cost2,PORTFOLIO,23,0,-95.99415045527388,-95.99415045527388,0.21739130434782608,0.23325120448039366,24.007090528000003,-0.880699927274,15047.31644,12,False,0.10440856152308509,936.9021706773623,True,2023-09-01T06:36:00+00:00,False
train_2023_2024,cci_w_chop_h4,personal,cost2,BTCUSDT,14,0,-71.98222419245403,-71.98222419245403,0.07142857142857142,0.16342074233668816,14.538678928000003,-0.5228852644540001,9111.777540000001,8,False,,,True,2023-09-01T06:36:00+00:00,False
train_2023_2024,cci_w_chop_h4,personal,cost2,ETHUSDT,9,0,-24.01192626281985,-24.01192626281985,0.4444444444444444,0.38671287803023346,9.468411600000001,-0.35781466282,5935.5389000000005,6,False,,,True,2023-09-01T06:36:00+00:00,False
train_2023_2024,cci_w_chop_h1,personal,cost1,PORTFOLIO,21,0,-85.78564146945115,-85.78564146945115,0.14285714285714285,0.20670579534562628,9.360516956000001,-0.7893345134512001,11738.464090000001,12,False,0.10182836754341008,954.9974136651089,True,2023-07-13T17:41:00+00:00,False
train_2023_2024,cci_w_chop_h1,personal,cost1,BTCUSDT,13,0,-59.32029863356604,-59.32029863356604,0.07692307692307693,0.12729889128973856,5.465533276,-0.5497753575662001,6858.569090000001,10,False,,,True,2023-07-13T17:41:00+00:00,False
train_2023_2024,cci_w_chop_h1,personal,cost1,ETHUSDT,8,0,-26.46534283588511,-26.46534283588511,0.25,0.3410890783645175,3.89498368,-0.239559155885,4879.8949999999995,6,False,,,True,2023-07-13T17:41:00+00:00,False
train_2023_2024,cci_w_chop_h1,personal,cost2,PORTFOLIO,20,0,-90.73549150244519,-90.73549150244519,0.15,0.15705934964142929,15.228781248000002,-1.322990254445,9555.08014,11,False,0.10185483712770904,951.4545084975549,True,2023-07-10T20:01:00+00:00,False
train_2023_2024,cci_w_chop_h1,personal,cost2,BTCUSDT,12,0,-59.731471089747096,-59.731471089747096,0.08333333333333333,0.08616008120599755,8.793487568000002,-0.8933635217470001,5520.95204,9,False,,,True,2023-07-10T20:01:00+00:00,False
train_2023_2024,cci_w_chop_h1,personal,cost2,ETHUSDT,8,0,-31.004020412698097,-31.004020412698097,0.25,0.26667077353386104,6.435293680000001,-0.429626732698,4034.1281000000004,6,False,,,True,2023-07-10T20:01:00+00:00,False
train_2023_2024,cci_w_chop_m30,personal,cost1,PORTFOLIO,105,0,59.06128654569439,59.06128654569439,0.3333333333333333,1.161890579475993,35.595949280000006,-13.2400241743057,44493.93091,48,True,0.08509426009114011,953.97963536427,False,,False
train_2023_2024,cci_w_chop_m30,personal,cost1,BTCUSDT,59,0,-18.556941378748732,-18.556941378748732,0.3220338983050847,0.9206245073541974,22.384560640000004,-7.769040738748701,27954.734610000003,34,False,,,False,,False
train_2023_2024,cci_w_chop_m30,personal,cost1,ETHUSDT,46,0,77.61822792444312,77.61822792444312,0.34782608695652173,1.592345171818882,13.211388640000001,-5.470983435557,16539.1963,31,False,,,False,,False
train_2023_2024,cci_w_chop_m30,personal,cost2,PORTFOLIO,86,0,-107.27965215305836,-107.27965215305836,0.27906976744186046,0.6697145445841854,51.06825104800001,-18.2265311050586,31962.417790000003,38,False,0.10293675064341276,934.9103478469417,True,2024-09-05T09:26:00+00:00,False
train_2023_2024,cci_w_chop_m30,personal,cost2,BTCUSDT,48,0,-128.75873495573862,-128.75873495573862,0.22916666666666666,0.383128071322644,31.465909848000003,-9.951455107738601,19692.17409,26,False,,,True,2024-09-05T09:26:00+00:00,False
train_2023_2024,cci_w_chop_m30,personal,cost2,ETHUSDT,38,0,21.479082802680242,21.479082802680242,0.34210526315789475,1.1850362286231886,19.6023412,-8.27507599732,12270.2437,25,False,,,True,2024-09-05T09:26:00+00:00,False
train_2023_2024,cci_w_chop_m15,personal,cost1,PORTFOLIO,30,0,-73.01440760493873,-73.01440760493873,0.2,0.4546458155303563,13.171116372000002,-1.6817412329385,16492.97624,10,False,0.10641572154009332,969.1755923950614,True,2023-04-30T15:06:00+00:00,False
train_2023_2024,cci_w_chop_m15,personal,cost1,BTCUSDT,17,0,-70.00910215131344,-70.00910215131344,0.11764705882352941,0.1272365148233724,6.552612572000001,-0.8112395793135001,8222.08834,9,False,,,True,2023-04-30T15:06:00+00:00,False
train_2023_2024,cci_w_chop_m15,personal,cost1,ETHUSDT,13,0,-3.0053054536252777,-3.0053054536252777,0.3076923076923077,0.944002898730679,6.618503800000001,-0.870501653625,8270.8879,7,False,,,True,2023-04-30T15:06:00+00:00,False
train_2023_2024,cci_w_chop_m15,personal,cost2,PORTFOLIO,32,0,-118.73235731047667,-118.73235731047667,0.125,0.2752068625249768,23.501268056000004,-3.0161792544767003,14734.399990000002,10,False,0.11527047764725816,923.4576426895234,True,2023-04-30T21:06:00+00:00,False
train_2023_2024,cci_w_chop_m15,personal,cost2,BTCUSDT,18,0,-89.13423265040271,-89.13423265040271,0.05555555555555555,0.06986130020252268,12.088404136000001,-1.4818185144027,7593.034590000001,9,False,,,True,2023-04-30T21:06:00+00:00,False
train_2023_2024,cci_w_chop_m15,personal,cost2,ETHUSDT,14,0,-29.598124660073957,-29.598124660073957,0.21428571428571427,0.5646472915855933,11.412863920000001,-1.534360740074,7141.365400000001,7,False,,,True,2023-04-30T21:06:00+00:00,False
train_2023_2024,cci_w_chop_m5,personal,cost1,PORTFOLIO,17,0,-88.18014842769482,-88.18014842769482,0.11764705882352941,0.23146943500139602,8.092393924000001,-0.9547445036948,10155.058910000002,4,False,0.10419459567221713,954.0098515723053,True,2023-02-17T14:36:00+00:00,False
train_2023_2024,cci_w_chop_m5,personal,cost1,BTCUSDT,9,0,-44.539915567694756,-44.539915567694756,0.1111111111111111,0.29000481835570513,4.773182644,-0.6847229236948,5986.019310000001,4,False,,,True,2023-02-17T14:36:00+00:00,False
train_2023_2024,cci_w_chop_m5,personal,cost1,ETHUSDT,8,0,-43.640232860000054,-43.640232860000054,0.125,0.16086051787197533,3.31921128,-0.27002158,4169.0396,3,False,,,True,2023-02-17T14:36:00+00:00,False
train_2023_2024,cci_w_chop_m5,personal,cost2,PORTFOLIO,17,0,-99.71474336627634,-99.71474336627634,0.11764705882352941,0.1498992392242919,13.796182216000002,-1.5922311502764002,8664.77705,4,False,0.10401099292503357,942.4752566337237,True,2023-02-17T14:36:00+00:00,False
train_2023_2024,cci_w_chop_m5,personal,cost2,BTCUSDT,9,0,-51.84926544627634,-51.84926544627634,0.1111111111111111,0.18781043568401026,7.985955656000002,-1.1237797902764002,5012.59205,4,False,,,True,2023-02-17T14:36:00+00:00,False
train_2023_2024,cci_w_chop_m5,personal,cost2,ETHUSDT,8,0,-47.86547791999999,-47.86547791999999,0.125,0.10462674609172835,5.81022656,-0.46845136000000004,3652.185,3,False,,,True,2023-02-17T14:36:00+00:00,False
train_2023_2024,cci_w_chop_m3,personal,cost1,PORTFOLIO,12,0,-62.77485343200033,-62.77485343200033,0.16666666666666666,0.22385415361635638,6.0612480080000015,-0.7971054240000001,7604.518260000001,2,False,0.06259796142902348,979.4151465679997,True,2023-02-04T13:01:00+00:00,False
train_2023_2024,cci_w_chop_m3,personal,cost1,BTCUSDT,4,0,-5.147303182000094,-5.147303182000094,0.25,0.7781940665268006,2.2981072080000007,-0.5280959740000001,2873.7945600000003,2,False,,,True,2023-02-04T13:01:00+00:00,False
train_2023_2024,cci_w_chop_m3,personal,cost1,ETHUSDT,8,0,-57.62755025000023,-57.62755025000023,0.125,0.0008035100208022421,3.7631408000000004,-0.26900945000000004,4730.7237000000005,2,False,,,True,2023-02-04T13:01:00+00:00,False
train_2023_2024,cci_w_chop_m3,personal,cost2,PORTFOLIO,12,0,-71.85192151399993,-71.85192151399993,0.08333333333333333,0.14187086189815237,10.247518896,-1.3160026180000002,6434.843510000001,2,False,0.06967391466390768,970.3380784860001,True,2023-02-04T13:01:00+00:00,False
train_2023_2024,cci_w_chop_m3,personal,cost2,BTCUSDT,4,0,-12.015929633999974,-12.015929633999974,0.25,0.49713421598178587,3.8294386560000007,-0.854790978,2397.0650100000003,2,False,,,True,2023-02-04T13:01:00+00:00,False
train_2023_2024,cci_w_chop_m3,personal,cost2,ETHUSDT,8,0,-59.83599187999995,-59.83599187999995,0.0,0.0,6.41808024,-0.46121164000000003,4037.7785000000003,2,False,,,True,2023-02-04T13:01:00+00:00,False
train_2023_2024,cci_w_chop_m1,personal,cost1,PORTFOLIO,7,0,-61.729703691000196,-61.729703691000196,0.0,0.0,4.178806224000001,-0.29203746700000005,5252.137210000001,1,False,0.059230758010535664,980.4602963089999,True,2023-01-27T15:16:00+00:00,False
train_2023_2024,cci_w_chop_m1,personal,cost1,BTCUSDT,2,0,-14.34032351099998,-14.34032351099998,0.0,0.0,1.0824694240000003,-0.13559408700000003,1359.6479100000001,1,False,,,True,2023-01-27T15:16:00+00:00,False
train_2023_2024,cci_w_chop_m1,personal,cost1,ETHUSDT,5,0,-47.38938018000022,-47.38938018000022,0.0,0.0,3.0963368000000004,-0.15644338000000002,3892.4893,1,False,,,True,2023-01-27T15:16:00+00:00,False
train_2023_2024,cci_w_chop_m1,personal,cost2,PORTFOLIO,7,0,-62.72797447999975,-62.72797447999975,0.0,0.0,6.897888168000001,-0.485196312,4338.8525500000005,1,False,0.06018861673974967,979.4620255200003,True,2023-01-27T15:16:00+00:00,False
train_2023_2024,cci_w_chop_m1,personal,cost2,BTCUSDT,2,0,-15.316976799999896,-15.316976799999896,0.0,0.0,1.8376672080000003,-0.23021959200000003,1155.16655,1,False,,,True,2023-01-27T15:16:00+00:00,False
train_2023_2024,cci_w_chop_m1,personal,cost2,ETHUSDT,5,0,-47.41099767999986,-47.41099767999986,0.0,0.0,5.0602209600000005,-0.25497672000000005,3183.686,1,False,,,True,2023-01-27T15:16:00+00:00,False
train_2023_2024,cci_d_chop_w,personal,cost1,PORTFOLIO,9,0,83.4549188290957,83.4549188290957,0.3333333333333333,3.2255483536688287,6.262654148000001,-1.4968370229040002,7782.710480000001,4,False,0.035640715650289735,1013.203423060327,True,2023-12-06T19:46:00+00:00,False
train_2023_2024,cci_d_chop_w,personal,cost1,BTCUSDT,9,0,83.4549188290957,83.4549188290957,0.3333333333333333,3.2255483536688287,6.262654148000001,-1.4968370229040002,7782.710480000001,4,False,,,True,2023-12-06T19:46:00+00:00,False
train_2023_2024,cci_d_chop_w,personal,cost1,ETHUSDT,0,0,0,0,,,0,0,0,0,False,,,True,2023-12-06T19:46:00+00:00,False
train_2023_2024,cci_d_chop_w,personal,cost2,PORTFOLIO,20,0,-37.417860756597435,-37.417860756597435,0.15,0.7038081796835555,23.942843272000005,-4.1593474845978005,14968.93488,6,False,0.10231823644982171,1004.7721392434026,True,2024-01-12T05:56:00+00:00,False
train_2023_2024,cci_d_chop_w,personal,cost2,BTCUSDT,20,0,-37.417860756597435,-37.417860756597435,0.15,0.7038081796835555,23.942843272000005,-4.1593474845978005,14968.93488,6,False,,,True,2024-01-12T05:56:00+00:00,False
train_2023_2024,cci_d_chop_w,personal,cost2,ETHUSDT,0,0,0,0,,,0,0,0,0,False,,,True,2024-01-12T05:56:00+00:00,False
train_2023_2024,cci_d_chop_d,personal,cost1,PORTFOLIO,14,0,-68.87636468708803,-68.87636468708803,0.14285714285714285,0.09418498317341313,9.266162996,-1.722511691088,11611.64759,2,False,0.07563715227393276,973.313635312912,True,2023-01-22T04:36:00+00:00,False
train_2023_2024,cci_d_chop_d,personal,cost1,BTCUSDT,5,0,-23.080342728000108,-23.080342728000108,0.2,0.18419117064761747,3.4804905960000005,-0.6731621320000001,4360.076590000001,1,False,,,True,2023-01-22T04:36:00+00:00,False
train_2023_2024,cci_d_chop_d,personal,cost1,ETHUSDT,9,0,-45.796021959087916,-45.796021959087916,0.1111111111111111,0.040853532781618525,5.785672400000001,-1.049349559088,7251.571000000001,2,False,,,True,2023-01-22T04:36:00+00:00,False
train_2023_2024,cci_d_chop_d,personal,cost2,PORTFOLIO,14,0,-80.70232342548829,-80.70232342548829,0.07142857142857142,0.028381390080646402,15.723928936000002,-2.847944489488,9858.520810000002,2,False,0.08416517083869839,961.4876765745117,True,2023-01-21T19:11:00+00:00,False
train_2023_2024,cci_d_chop_d,personal,cost2,BTCUSDT,6,0,-38.58503451800019,-38.58503451800019,0.16666666666666666,0.05757722832994161,7.267590776000001,-1.0588937420000002,4557.373510000001,1,False,,,True,2023-01-21T19:11:00+00:00,False
train_2023_2024,cci_d_chop_d,personal,cost2,ETHUSDT,8,0,-42.117288907488096,-42.117288907488096,0.0,0.0,8.456338160000001,-1.789050747488,5301.1473000000005,2,False,,,True,2023-01-21T19:11:00+00:00,False
train_2023_2024,cci_d_chop_h12,personal,cost1,PORTFOLIO,37,0,-61.68957926373562,-61.68957926373562,0.24324324324324326,0.7054798842364772,26.125647416000003,-3.3487518477358003,32657.282980000004,12,False,0.1060235380023006,980.5004207362645,True,2023-10-29T06:16:00+00:00,False
train_2023_2024,cci_d_chop_h12,personal,cost1,BTCUSDT,26,0,-49.17335469540564,-49.17335469540564,0.23076923076923078,0.7111358654714539,18.517974576000004,-1.9475001194058004,23129.053480000002,9,False,,,True,2023-10-29T06:16:00+00:00,False
train_2023_2024,cci_d_chop_h12,personal,cost1,ETHUSDT,11,0,-12.51622456832997,-12.51622456832997,0.2727272727272727,0.680935673096764,7.607672840000001,-1.4012517283300001,9528.229500000001,6,False,,,True,2023-10-29T06:16:00+00:00,False
train_2023_2024,cci_d_chop_h12,personal,cost2,PORTFOLIO,34,0,-89.15022297535708,-89.15022297535708,0.23529411764705882,0.5436664218790316,38.6553486,-5.492744375356801,24159.689300000002,12,False,0.10266465708739454,953.039777024643,True,2023-10-27T04:51:00+00:00,False
train_2023_2024,cci_d_chop_h12,personal,cost2,BTCUSDT,23,0,-57.63302734555728,-57.63302734555728,0.21739130434782608,0.6158674394441664,26.588929480000004,-3.1152678655568002,16598.205100000003,9,False,,,True,2023-10-27T04:51:00+00:00,False
train_2023_2024,cci_d_chop_h12,personal,cost2,ETHUSDT,11,0,-31.517195629799808,-31.517195629799808,0.2727272727272727,0.3046820483984326,12.06641912,-2.3774765098,7561.484200000001,6,False,,,True,2023-10-27T04:51:00+00:00,False
train_2023_2024,cci_d_chop_h6,personal,cost1,PORTFOLIO,76,0,111.47300870739267,111.47300870739267,0.23684210526315788,1.2595538052624335,55.152681916000006,-11.163859376607201,68943.65158,28,False,0.10524203537921815,990.9574738026918,True,2024-08-04T23:51:00+00:00,False
train_2023_2024,cci_d_chop_h6,personal,cost1,BTCUSDT,46,0,234.10044922953355,234.10044922953355,0.2608695652173913,1.9338462634796927,35.854673156000004,-7.6723276144662,44772.881680000006,21,False,,,True,2024-08-04T23:51:00+00:00,False
train_2023_2024,cci_d_chop_h6,personal,cost1,ETHUSDT,30,0,-122.62744052214087,-122.62744052214087,0.2,0.31414595674491463,19.298008760000002,-3.4915317621410003,24170.769900000003,18,False,,,True,2024-08-04T23:51:00+00:00,False
train_2023_2024,cci_d_chop_h6,personal,cost2,PORTFOLIO,48,0,31.514443226848076,31.514443226848076,0.25,1.1047316939756895,60.930250136000005,-7.316876637152,38142.009900000005,18,False,0.10003529884203743,982.7036387981599,True,2024-02-08T20:16:00+00:00,False
train_2023_2024,cci_d_chop_h6,personal,cost2,BTCUSDT,30,0,117.18913789325576,117.18913789325576,0.26666666666666666,1.6212043860250689,40.11330077600001,-4.414431330744001,25087.511700000003,13,False,,,True,2024-02-08T20:16:00+00:00,False
train_2023_2024,cci_d_chop_h6,personal,cost2,ETHUSDT,18,0,-85.67469466640769,-85.67469466640769,0.2222222222222222,0.23680667384560172,20.816949360000002,-2.902445306408,13054.4982,11,False,,,True,2024-02-08T20:16:00+00:00,False
train_2023_2024,cci_d_chop_h4,personal,cost1,PORTFOLIO,23,0,-91.06922090105026,-91.06922090105026,0.13043478260869565,0.2445497701671352,14.837790580000002,-1.4339003210503,18571.521200000003,9,False,0.10080652671614232,951.1207790989498,True,2023-07-14T00:16:00+00:00,False
train_2023_2024,cci_d_chop_h4,personal,cost1,BTCUSDT,13,0,-46.028733657742364,-46.028733657742364,0.07692307692307693,0.2784566687819691,8.451756500000002,-0.5528471577423001,10570.091900000001,6,False,,,True,2023-07-14T00:16:00+00:00,False
train_2023_2024,cci_d_chop_h4,personal,cost1,ETHUSDT,10,0,-45.0404872433079,-45.0404872433079,0.2,0.20644045752927356,6.386034080000001,-0.881053163308,8001.429300000001,5,False,,,True,2023-07-14T00:16:00+00:00,False
train_2023_2024,cci_d_chop_h4,personal,cost2,PORTFOLIO,22,0,-98.8590349760124,-98.8590349760124,0.13636363636363635,0.1941057616271895,21.889343856000004,-2.6328511200126004,13712.450470000002,9,False,0.10021063272786482,943.3309650239876,True,2023-06-15T15:51:00+00:00,False
train_2023_2024,cci_d_chop_h4,personal,cost2,BTCUSDT,12,0,-48.75671354684458,-48.75671354684458,0.08333333333333333,0.2168011256015647,11.666899696000002,-1.0889738508446003,7304.254870000002,6,False,,,True,2023-06-15T15:51:00+00:00,False
train_2023_2024,cci_d_chop_h4,personal,cost2,ETHUSDT,10,0,-50.102321429167816,-50.102321429167816,0.2,0.17072047952693564,10.22244416,-1.543877269168,6408.1956,5,False,,,True,2023-06-15T15:51:00+00:00,False
train_2023_2024,cci_d_chop_h1,personal,cost1,PORTFOLIO,66,0,59.14751559583275,59.14751559583275,0.3181818181818182,1.2499214811834078,28.345562960000006,-8.8843614441673,35513.43290000001,42,False,0.09383406750745485,983.7561142959902,False,,False
train_2023_2024,cci_d_chop_h1,personal,cost1,BTCUSDT,31,0,117.68094150432195,117.68094150432195,0.3548387096774194,2.2236045478227755,13.995933160000002,-4.9800653356783,17552.314100000003,26,False,,,False,,False
train_2023_2024,cci_d_chop_h1,personal,cost1,ETHUSDT,35,0,-58.53342590848919,-58.53342590848919,0.2857142857142857,0.5833586555899891,14.349629800000002,-3.9042961084890004,17961.1188,27,False,,,False,,False
train_2023_2024,cci_d_chop_h1,personal,cost2,PORTFOLIO,64,0,-10.374344495885254,-10.374344495885254,0.296875,0.9568544882072535,45.40122936000001,-15.328535135885401,28454.28824,40,False,0.1011739539085262,970.345327278498,True,2024-12-06T20:11:00+00:00,False
train_2023_2024,cci_d_chop_h1,personal,cost2,BTCUSDT,30,0,71.80163579170855,71.80163579170855,0.36666666666666664,1.7232652996167628,22.526963600000002,-9.0130206082914,14132.438740000001,25,False,,,True,2024-12-06T20:11:00+00:00,False
train_2023_2024,cci_d_chop_h1,personal,cost2,ETHUSDT,34,0,-82.1759802875938,-82.1759802875938,0.23529411764705882,0.4179176706163197,22.874265760000004,-6.315514527594,14321.8495,26,False,,,True,2024-12-06T20:11:00+00:00,False
train_2023_2024,cci_d_chop_m30,personal,cost1,PORTFOLIO,56,0,118.57957846233926,118.57957846233926,0.39285714285714285,1.659996599873088,16.308885352,-6.6059561856609,20436.71946,33,False,0.09084456708653715,1010.3994324055201,False,,False
train_2023_2024,cci_d_chop_m30,personal,cost1,BTCUSDT,23,0,131.6101031129532,131.6101031129532,0.5217391304347826,2.5309032562598874,8.883692832000001,-2.6233240550469,11162.850660000002,19,False,,,False,,False
train_2023_2024,cci_d_chop_m30,personal,cost1,ETHUSDT,33,0,-13.030524650613932,-13.030524650613932,0.30303030303030304,0.8609306462777929,7.42519252,-3.982632130614,9273.8688,25,False,,,False,,False
train_2023_2024,cci_d_chop_m30,personal,cost2,PORTFOLIO,56,0,59.98140302274463,59.98140302274463,0.35714285714285715,1.3173933623435568,28.928452584000002,-12.5200943932556,18135.37802,33,False,0.08922840646972617,1008.483510845504,False,,False
train_2023_2024,cci_d_chop_m30,personal,cost2,BTCUSDT,23,0,94.59733549553651,94.59733549553651,0.4782608695652174,2.0637669144460347,15.553377944000003,-5.3263365604636,9778.269020000002,19,False,,,False,,False
train_2023_2024,cci_d_chop_m30,personal,cost2,ETHUSDT,33,0,-34.61593247279188,-34.61593247279188,0.2727272727272727,0.6540293203776634,13.375074640000001,-7.193757832792001,8357.109,25,False,,,False,,False
train_2023_2024,cci_d_chop_m15,personal,cost1,PORTFOLIO,99,0,150.96506024348662,150.96506024348662,0.37373737373737376,1.3500411293434895,47.97662744400001,-17.9475823125134,59844.15598,50,False,0.07772109056109162,1035.4084231260742,False,,False
train_2023_2024,cci_d_chop_m15,personal,cost1,BTCUSDT,47,0,51.319020791695316,51.319020791695316,0.40425531914893614,1.2324393379670098,24.308527644000005,-9.4758215643044,30322.63948,33,False,,,False,,False
train_2023_2024,cci_d_chop_m15,personal,cost1,ETHUSDT,52,0,99.64603945179131,99.64603945179131,0.34615384615384615,1.4733925077140462,23.668099800000004,-8.471760748209,29521.5165,31,False,,,False,,False
train_2023_2024,cci_d_chop_m15,personal,cost2,PORTFOLIO,57,0,-47.66881448728185,-47.66881448728185,0.2982456140350877,0.835597574807619,49.954766752000005,-11.3104077352817,31205.430150000004,29,False,0.10321991239353015,992.7609741410381,True,2024-02-20T20:01:00+00:00,False
train_2023_2024,cci_d_chop_m15,personal,cost2,BTCUSDT,26,0,-31.214424830331907,-31.214424830331907,0.34615384615384615,0.7716710809556224,22.308704032,-4.9416807983317,13948.164950000002,18,False,,,True,2024-02-20T20:01:00+00:00,False
train_2023_2024,cci_d_chop_m15,personal,cost2,ETHUSDT,31,0,-16.454389656949942,-16.454389656949942,0.25806451612903225,0.8926261095478484,27.646062720000003,-6.36872693695,17257.2652,20,False,,,True,2024-02-20T20:01:00+00:00,False
train_2023_2024,cci_d_chop_m5,personal,cost1,PORTFOLIO,13,0,-2.5776717727899086,-2.5776717727899086,0.15384615384615385,0.966680724516269,8.465916544,-2.00635522879,10578.44838,3,False,0.06958131189003874,1020.2917639260742,True,2023-01-21T19:11:00+00:00,False
train_2023_2024,cci_d_chop_m5,personal,cost1,BTCUSDT,5,0,-36.24842383500002,-36.24842383500002,0.0,0.0,2.7004348240000002,-0.29128901100000004,3392.1718800000003,1,False,,,True,2023-01-21T19:11:00+00:00,False
train_2023_2024,cci_d_chop_m5,personal,cost1,ETHUSDT,8,0,33.67075206221011,33.67075206221011,0.25,1.8189536540448183,5.76548172,-1.71506621779,7186.2765,3,False,,,True,2023-01-21T19:11:00+00:00,False
train_2023_2024,cci_d_chop_m5,personal,cost2,PORTFOLIO,13,0,-34.215502278844205,-34.215502278844205,0.07692307692307693,0.5959847460187817,14.152053512,-3.152978766844,8853.48868,3,False,0.07296468608806345,1007.9744977211558,True,2023-01-21T19:11:00+00:00,False
train_2023_2024,cci_d_chop_m5,personal,cost2,BTCUSDT,5,0,-38.018379664,-38.018379664,0.0,0.0,4.524716952,-0.482492712,2844.45368,1,False,,,True,2023-01-21T19:11:00+00:00,False
train_2023_2024,cci_d_chop_m5,personal,cost2,ETHUSDT,8,0,3.802877385155797,3.802877385155797,0.125,1.0814839553496276,9.62733656,-2.670486054844,6009.035,3,False,,,True,2023-01-21T19:11:00+00:00,False
train_2023_2024,cci_d_chop_m3,personal,cost1,PORTFOLIO,15,0,-19.656613226579875,-19.656613226579875,0.13333333333333333,0.7995446628794154,10.941066284000001,-2.18919694258,13679.59603,3,False,0.07888070888278073,1007.2121537469882,True,2023-01-22T13:06:00+00:00,False
train_2023_2024,cci_d_chop_m3,personal,cost1,BTCUSDT,5,0,-30.08835673200006,-30.08835673200006,0.2,0.15393160802476485,3.296518444,-0.5156882880000001,4133.78613,1,False,,,True,2023-01-22T13:06:00+00:00,False
train_2023_2024,cci_d_chop_m3,personal,cost1,ETHUSDT,10,0,10.431743505420188,10.431743505420188,0.1,1.1669152237761455,7.64454784,-1.67350865458,9545.8099,3,False,,,True,2023-01-22T13:06:00+00:00,False
train_2023_2024,cci_d_chop_m3,personal,cost2,PORTFOLIO,14,0,-44.44729342242396,-44.44729342242396,0.14285714285714285,0.5379294097374696,17.333517384,-3.419406038424,10845.29555,3,False,0.07109548878074769,997.7427065775761,True,2023-01-21T19:11:00+00:00,False
train_2023_2024,cci_d_chop_m3,personal,cost2,BTCUSDT,5,0,-33.400820214,-33.400820214,0.2,0.06820693048398156,5.355805704000001,-0.8320445100000002,3360.9850500000002,1,False,,,True,2023-01-21T19:11:00+00:00,False
train_2023_2024,cci_d_chop_m3,personal,cost2,ETHUSDT,9,0,-11.046473208423961,-11.046473208423961,0.1111111111111111,0.8169471588024019,11.97771168,-2.587361528424,7484.3105000000005,3,False,,,True,2023-01-21T19:11:00+00:00,False
train_2023_2024,cci_d_chop_m1,personal,cost1,PORTFOLIO,14,0,-39.566292044564086,-39.566292044564086,0.14285714285714285,0.5254938606710854,10.166112888,-1.836159156564,12721.423120000001,3,False,0.06942853987557877,1002.0555219954358,True,2023-01-22T04:36:00+00:00,False
train_2023_2024,cci_d_chop_m1,personal,cost1,BTCUSDT,6,0,-34.84577828000024,-34.84577828000024,0.16666666666666666,0.13123235834611383,4.577691888,-0.641366392,5736.928220000001,1,False,,,True,2023-01-22T04:36:00+00:00,False
train_2023_2024,cci_d_chop_m1,personal,cost1,ETHUSDT,8,0,-4.720513764563847,-4.720513764563847,0.125,0.8909175155809652,5.588421,-1.1947927645640002,6984.494900000001,3,False,,,True,2023-01-22T04:36:00+00:00,False
train_2023_2024,cci_d_chop_m1,personal,cost2,PORTFOLIO,14,0,-59.31701815391989,-59.31701815391989,0.14285714285714285,0.34896465903456103,16.561463016,-3.06968513792,10370.75732,3,False,0.07165126756075936,982.8729818460802,True,2023-01-22T04:36:00+00:00,False
train_2023_2024,cci_d_chop_m1,personal,cost2,BTCUSDT,6,0,-39.63641977400014,-39.63641977400014,0.16666666666666666,0.05679138331557004,7.230646056000001,-1.025503718,4534.84392,1,False,,,True,2023-01-22T04:36:00+00:00,False
train_2023_2024,cci_d_chop_m1,personal,cost2,ETHUSDT,8,0,-19.68059837991975,-19.68059837991975,0.125,0.599082213747028,9.33081696,-2.04418141992,5835.9134,3,False,,,True,2023-01-22T04:36:00+00:00,False
train_2023_2024,cci_h12_chop_w,personal,cost1,PORTFOLIO,5,0,95.93363300170851,95.93363300170851,0.6,8.301245724202674,3.6649701240000003,-1.0164868742912,4530.905110000001,2,False,0.03532329975990552,1039.9180808190001,True,2023-12-06T19:46:00+00:00,False
train_2023_2024,cci_h12_chop_w,personal,cost1,BTCUSDT,5,0,95.93363300170851,95.93363300170851,0.6,8.301245724202674,3.6649701240000003,-1.0164868742912,4530.905110000001,2,False,,,True,2023-12-06T19:46:00+00:00,False
train_2023_2024,cci_h12_chop_w,personal,cost1,ETHUSDT,0,0,0,0,,,0,0,0,0,False,,,True,2023-12-06T19:46:00+00:00,False
train_2023_2024,cci_h12_chop_w,personal,cost2,PORTFOLIO,17,0,-18.726898135807218,-18.726898135807218,0.23529411764705882,0.8181115177669583,19.330316232000005,-2.9885119038076002,12079.65168,5,False,0.10077605280461535,1023.4631018641928,True,2024-01-12T05:56:00+00:00,False
train_2023_2024,cci_h12_chop_w,personal,cost2,BTCUSDT,17,0,-18.726898135807218,-18.726898135807218,0.23529411764705882,0.8181115177669583,19.330316232000005,-2.9885119038076002,12079.65168,5,False,,,True,2024-01-12T05:56:00+00:00,False
train_2023_2024,cci_h12_chop_w,personal,cost2,ETHUSDT,0,0,0,0,,,0,0,0,0,False,,,True,2024-01-12T05:56:00+00:00,False
train_2023_2024,cci_h12_chop_d,personal,cost1,PORTFOLIO,11,0,-64.08149088308797,-64.08149088308797,0.09090909090909091,0.029540460915687555,7.4827867480000005,-1.3889941350880002,9381.088290000002,2,False,0.07108342668831749,978.108509116912,True,2023-01-22T04:36:00+00:00,False
train_2023_2024,cci_h12_chop_d,personal,cost1,BTCUSDT,3,0,-18.93618808400005,-18.93618808400005,0.0,0.0,2.0430666680000003,-0.4260114160000001,2562.06689,1,False,,,True,2023-01-22T04:36:00+00:00,False
train_2023_2024,cci_h12_chop_d,personal,cost1,ETHUSDT,8,0,-45.14530279908792,-45.14530279908792,0.125,0.04141800154115728,5.439720080000001,-0.962982719088,6819.0214000000005,2,False,,,True,2023-01-22T04:36:00+00:00,False
train_2023_2024,cci_h12_chop_d,personal,cost2,PORTFOLIO,11,0,-72.42041587548805,-72.42041587548805,0.0,0.0,12.080730488000002,-2.3025553874880003,7579.475120000001,2,False,0.07627650042619064,969.769584124512,True,2023-01-22T04:36:00+00:00,False
train_2023_2024,cci_h12_chop_d,personal,cost2,BTCUSDT,3,0,-21.632305527999993,-21.632305527999993,0.0,0.0,3.3163484080000005,-0.6644271200000001,2081.54352,1,False,,,True,2023-01-22T04:36:00+00:00,False
train_2023_2024,cci_h12_chop_d,personal,cost2,ETHUSDT,8,0,-50.78811034748805,-50.78811034748805,0.0,0.0,8.76438208,-1.638128267488,5497.931600000001,2,False,,,True,2023-01-22T04:36:00+00:00,False
train_2023_2024,cci_h12_chop_h12,personal,cost1,PORTFOLIO,39,0,-59.28020796706009,-59.28020796706009,0.1794871794871795,0.7246107848545418,24.033510996000004,-3.8848269710603,30046.355740000003,13,False,0.11067464009688227,979.6823496158132,True,2024-01-12T09:46:00+00:00,False
train_2023_2024,cci_h12_chop_h12,personal,cost1,BTCUSDT,22,0,33.199553017803794,33.199553017803794,0.2727272727272727,1.2775671095203545,13.309340716000003,-2.2835362661963,16601.065740000002,8,False,,,True,2024-01-12T09:46:00+00:00,False
train_2023_2024,cci_h12_chop_h12,personal,cost1,ETHUSDT,17,0,-92.47976098486389,-92.47976098486389,0.058823529411764705,0.03315049329195259,10.724170280000001,-1.6012907048640002,13445.29,8,False,,,True,2024-01-12T09:46:00+00:00,False
train_2023_2024,cci_h12_chop_h12,personal,cost2,PORTFOLIO,30,0,-79.46270604417386,-79.46270604417386,0.2,0.5420438678439133,29.590910840000003,-5.241405204173801,18503.810220000003,11,False,0.10074716574539132,962.7272939558262,True,2023-12-04T17:11:00+00:00,False
train_2023_2024,cci_h12_chop_h12,personal,cost2,BTCUSDT,18,0,-14.076016246990052,-14.076016246990052,0.2777777777777778,0.8687266915590066,17.683698680000003,-2.8029275669898004,11036.282120000002,7,False,,,True,2023-12-04T17:11:00+00:00,False
train_2023_2024,cci_h12_chop_h12,personal,cost2,ETHUSDT,12,0,-65.3866897971838,-65.3866897971838,0.08333333333333333,0.01361447032790062,11.90721216,-2.438477637184,7467.5281,6,False,,,True,2023-12-04T17:11:00+00:00,False
train_2023_2024,cci_h12_chop_h6,personal,cost1,PORTFOLIO,42,0,177.39282521595075,177.39282521595075,0.2619047619047619,1.7867737708391793,32.231981696000005,-4.1370130880496,40302.897860000005,15,False,0.09160243234700005,976.9397139258518,True,2023-12-06T19:46:00+00:00,False
train_2023_2024,cci_h12_chop_h6,personal,cost1,BTCUSDT,27,0,240.00458870607827,240.00458870607827,0.2962962962962963,2.708790581054737,20.554146216000003,-2.6201850779216,25680.894960000005,10,False,,,True,2023-12-06T19:46:00+00:00,False
train_2023_2024,cci_h12_chop_h6,personal,cost1,ETHUSDT,15,0,-62.61176349012754,-62.61176349012754,0.2,0.263527559337152,11.677835480000002,-1.516828010128,14622.002900000001,9,False,,,True,2023-12-06T19:46:00+00:00,False
train_2023_2024,cci_h12_chop_h6,personal,cost2,PORTFOLIO,50,0,10.392346580329873,10.392346580329873,0.22,1.034020294251912,59.26055678400001,-7.576716635670201,37101.850230000004,18,False,0.10381089630690354,967.5595353223135,True,2024-02-08T20:16:00+00:00,False
train_2023_2024,cci_h12_chop_h6,personal,cost2,BTCUSDT,32,0,109.55885993232161,109.55885993232161,0.25,1.573542933941435,39.408928944,-4.837631123678201,24656.294930000004,12,False,,,True,2024-02-08T20:16:00+00:00,False
train_2023_2024,cci_h12_chop_h6,personal,cost2,ETHUSDT,18,0,-99.16651335199174,-99.16651335199174,0.16666666666666666,0.13356668379582165,19.851627840000003,-2.739085511992,12445.5553,11,False,,,True,2024-02-08T20:16:00+00:00,False
train_2023_2024,cci_h12_chop_h4,personal,cost1,PORTFOLIO,20,0,-90.51509831405122,-90.51509831405122,0.1,0.18607507663943887,11.913739192000003,-1.5936391220512,14930.677850000002,7,False,0.10236016171322745,951.6749016859488,True,2023-04-13T16:56:00+00:00,False
train_2023_2024,cci_h12_chop_h4,personal,cost1,BTCUSDT,12,0,-41.568449900743246,-41.568449900743246,0.08333333333333333,0.2956508148671658,6.698901152000001,-0.8303287487432001,8390.646050000001,4,False,,,True,2023-04-13T16:56:00+00:00,False
train_2023_2024,cci_h12_chop_h4,personal,cost1,ETHUSDT,8,0,-48.94664841330797,-48.94664841330797,0.125,0.06216925050576468,5.214838040000001,-0.763310373308,6540.031800000001,4,False,,,True,2023-04-13T16:56:00+00:00,False
train_2023_2024,cci_h12_chop_h4,personal,cost2,PORTFOLIO,20,0,-105.21804215354115,-105.21804215354115,0.1,0.1287958606761436,19.280440352000003,-2.6803218015412,12091.90386,7,False,0.1079841818036364,936.971957846459,True,2023-04-13T16:56:00+00:00,False
train_2023_2024,cci_h12_chop_h4,personal,cost2,BTCUSDT,12,0,-52.49820718437321,-52.49820718437321,0.08333333333333333,0.2010917642975284,10.824840352000002,-1.3416868323731999,6785.691060000001,4,False,,,True,2023-04-13T16:56:00+00:00,False
train_2023_2024,cci_h12_chop_h4,personal,cost2,ETHUSDT,8,0,-52.71983496916795,-52.71983496916795,0.125,0.042513966599391315,8.4556,-1.338634969168,5306.2128,4,False,,,True,2023-04-13T16:56:00+00:00,False
train_2023_2024,cci_h12_chop_h1,personal,cost1,PORTFOLIO,75,0,48.748491361426716,48.748491361426716,0.32,1.1998817084378934,29.861549820000004,-7.5219088185732,37430.74921,50,False,0.09379633846834856,984.232681454533,False,,False
train_2023_2024,cci_h12_chop_h1,personal,cost1,BTCUSDT,41,0,78.4856480474609,78.4856480474609,0.3170731707317073,1.5926039794857385,17.811466820000003,-3.8349351325392003,22332.26161,35,False,,,False,,False
train_2023_2024,cci_h12_chop_h1,personal,cost1,ETHUSDT,34,0,-29.737156686034183,-29.737156686034183,0.3235294117647059,0.7331667497553802,12.050083000000003,-3.6869736860340003,15098.4876,26,False,,,False,,False
train_2023_2024,cci_h12_chop_h1,personal,cost2,PORTFOLIO,52,0,-11.10369620566929,-11.10369620566929,0.23076923076923078,0.9403921347262231,37.719928512,-11.7568476936692,23645.57864,32,False,0.10212015169396832,970.742757705083,True,2024-06-24T00:01:00+00:00,False
train_2023_2024,cci_h12_chop_h1,personal,cost2,BTCUSDT,28,0,51.86975930564662,51.86975930564662,0.25,1.516843775161953,21.067997392000002,-6.2910233023532,13219.74134,23,False,,,True,2024-06-24T00:01:00+00:00,False
train_2023_2024,cci_h12_chop_h1,personal,cost2,ETHUSDT,24,0,-62.97345551131591,-62.97345551131591,0.20833333333333334,0.2670718282712387,16.65193112,-5.465824391316,10425.8373,18,False,,,True,2024-06-24T00:01:00+00:00,False
train_2023_2024,cci_h12_chop_m30,personal,cost1,PORTFOLIO,48,0,35.62153473583314,35.62153473583314,0.3125,1.1847319549549196,14.270565760000002,-3.5975995041669,17940.298260000003,27,False,0.10324988511424057,1000.8940052787162,True,2024-07-25T02:31:00+00:00,False
train_2023_2024,cci_h12_chop_m30,personal,cost1,BTCUSDT,27,0,86.12127993106206,86.12127993106206,0.3333333333333333,1.709044293692974,9.645875160000001,-1.8472449089379,12137.37266,20,False,,,True,2024-07-25T02:31:00+00:00,False
train_2023_2024,cci_h12_chop_m30,personal,cost1,ETHUSDT,21,0,-50.49974519522893,-50.49974519522893,0.2857142857142857,0.29239511580177246,4.6246906,-1.750354595229,5802.9256000000005,18,False,,,True,2024-07-25T02:31:00+00:00,False
train_2023_2024,cci_h12_chop_m30,personal,cost2,PORTFOLIO,40,0,15.177595323970497,15.177595323970497,0.325,1.0926587219601944,21.823266336000003,-7.0506783400296005,13738.025450000001,22,False,0.10018334188665702,993.2585943476942,True,2024-04-08T12:16:00+00:00,False
train_2023_2024,cci_h12_chop_m30,personal,cost2,BTCUSDT,21,0,67.85003953168638,67.85003953168638,0.38095238095238093,1.710177544091453,13.775479376000002,-3.9319210923136003,8687.40565,15,False,,,True,2024-04-08T12:16:00+00:00,False
train_2023_2024,cci_h12_chop_m30,personal,cost2,ETHUSDT,19,0,-52.67244420771588,-52.67244420771588,0.2631578947368421,0.22837257222546464,8.04778696,-3.118757247716,5050.6198,17,False,,,True,2024-04-08T12:16:00+00:00,False
train_2023_2024,cci_h12_chop_m15,personal,cost1,PORTFOLIO,71,0,-84.33365445049895,-84.33365445049895,0.28169014084507044,0.7492086444101551,31.380157076000003,-7.3541273744992,39217.65017,34,False,0.10531136348686418,957.8563455495012,True,2024-07-25T01:26:00+00:00,False
train_2023_2024,cci_h12_chop_m15,personal,cost1,BTCUSDT,40,0,-59.18330045810035,-59.18330045810035,0.3,0.7145160275597444,18.497094596000004,-3.8454358621002003,23112.733170000003,27,False,,,True,2024-07-25T01:26:00+00:00,False
train_2023_2024,cci_h12_chop_m15,personal,cost1,ETHUSDT,31,0,-25.150353992398603,-25.150353992398603,0.25806451612903225,0.8049778388969921,12.883062480000001,-3.508691512399,16104.917000000001,19,False,,,True,2024-07-25T01:26:00+00:00,False
train_2023_2024,cci_h12_chop_m15,personal,cost2,PORTFOLIO,53,0,-100.21870876861033,-100.21870876861033,0.2830188679245283,0.6125947414516745,43.484970072,-6.6130886966102,27177.55323,25,False,0.10249530298486452,941.1969892266617,True,2024-02-26T15:11:00+00:00,False
train_2023_2024,cci_h12_chop_m15,personal,cost2,BTCUSDT,27,0,-63.66456241855019,-63.66456241855019,0.3333333333333333,0.5716935687269444,23.159274952000004,-2.0787374665502,14477.409730000001,17,False,,,True,2024-02-26T15:11:00+00:00,False
train_2023_2024,cci_h12_chop_m15,personal,cost2,ETHUSDT,26,0,-36.55414635006014,-36.55414635006014,0.23076923076923078,0.667839410853743,20.325695120000002,-4.5343512300599995,12700.1435,17,False,,,True,2024-02-26T15:11:00+00:00,False
train_2023_2024,cci_h12_chop_m5,personal,cost1,PORTFOLIO,13,0,-85.53242323972785,-85.53242323972785,0.07692307692307693,0.005828449837510908,8.322851784000001,-0.985831455728,10441.6766,3,False,0.08337223499699936,956.6575767602721,True,2023-01-22T17:31:00+00:00,False
train_2023_2024,cci_h12_chop_m5,personal,cost1,BTCUSDT,3,0,-23.72039636399996,-23.72039636399996,0.0,0.0,2.1843500640000006,-0.21600630000000004,2741.0976,1,False,,,True,2023-01-22T17:31:00+00:00,False
train_2023_2024,cci_h12_chop_m5,personal,cost1,ETHUSDT,10,0,-61.81202687572789,-61.81202687572789,0.1,0.008047121630511734,6.138501720000001,-0.769825155728,7700.579000000001,3,False,,,True,2023-01-22T17:31:00+00:00,False
train_2023_2024,cci_h12_chop_m5,personal,cost2,PORTFOLIO,11,0,-75.89193806611203,-75.89193806611203,0.0,0.0,11.7224336,-1.6980044661120002,7357.7567500000005,3,False,0.07324646197102894,966.298061933888,True,2023-01-22T13:06:00+00:00,False
train_2023_2024,cci_h12_chop_m5,personal,cost2,BTCUSDT,2,0,-15.139026519999954,-15.139026519999954,0.0,0.0,1.8077259200000004,-0.36300060000000006,1136.3128500000003,1,False,,,True,2023-01-22T13:06:00+00:00,False
train_2023_2024,cci_h12_chop_m5,personal,cost2,ETHUSDT,9,0,-60.752911546112074,-60.752911546112074,0.0,0.0,9.914707680000001,-1.335003866112,6221.4439,3,False,,,True,2023-01-22T13:06:00+00:00,False
train_2023_2024,cci_h12_chop_m3,personal,cost1,PORTFOLIO,13,0,-78.570893923948,-78.570893923948,0.07692307692307693,0.04621758001724471,8.302489104000001,-0.9974848199480001,10412.74684,3,False,0.0767019997814524,963.619106076052,True,2023-01-22T13:06:00+00:00,False
train_2023_2024,cci_h12_chop_m3,personal,cost1,BTCUSDT,3,0,-23.969782983999977,-23.969782983999977,0.0,0.0,1.852695224,-0.23926776000000002,2326.80794,1,False,,,True,2023-01-22T13:06:00+00:00,False
train_2023_2024,cci_h12_chop_m3,personal,cost1,ETHUSDT,10,0,-54.60111093994802,-54.60111093994802,0.1,0.06518445366117143,6.4497938800000005,-0.758217059948,8085.9389,3,False,,,True,2023-01-22T13:06:00+00:00,False
train_2023_2024,cci_h12_chop_m3,personal,cost2,PORTFOLIO,13,0,-89.3590194517919,-89.3590194517919,0.07692307692307693,0.031179909870509497,14.367847704,-1.761901747792,9016.51945,3,False,0.0861624201135144,952.8309805482081,True,2023-01-22T13:06:00+00:00,False
train_2023_2024,cci_h12_chop_m3,personal,cost2,BTCUSDT,3,0,-24.98779618399998,-24.98779618399998,0.0,0.0,3.0802169040000007,-0.39600928,1935.8913500000003,1,False,,,True,2023-01-22T13:06:00+00:00,False
train_2023_2024,cci_h12_chop_m3,personal,cost2,ETHUSDT,10,0,-64.37122326779192,-64.37122326779192,0.1,0.042765796022129016,11.2876308,-1.365892467792,7080.6281,3,False,,,True,2023-01-22T13:06:00+00:00,False
train_2023_2024,cci_h12_chop_m1,personal,cost1,PORTFOLIO,14,0,-73.63504955634767,-73.63504955634767,0.07142857142857142,0.10905974206962525,9.521872184000001,-1.329997372348,11933.73182,3,False,0.07684880846709968,968.5549504436524,True,2023-01-22T17:11:00+00:00,False
train_2023_2024,cci_h12_chop_m1,personal,cost1,BTCUSDT,5,0,-32.35466499599981,-32.35466499599981,0.0,0.0,3.950599064000001,-0.5044859319999999,4952.19862,1,False,,,True,2023-01-22T17:11:00+00:00,False
train_2023_2024,cci_h12_chop_m1,personal,cost1,ETHUSDT,9,0,-41.28038456034785,-41.28038456034785,0.1111111111111111,0.17921899209574566,5.571273120000001,-0.8255114403480001,6981.5332,3,False,,,True,2023-01-22T17:11:00+00:00,False
train_2023_2024,cci_h12_chop_m1,personal,cost2,PORTFOLIO,14,0,-85.3823347897277,-85.3823347897277,0.07142857142857142,0.07618270089547924,15.564141464000002,-2.2568033257280002,9761.369110000001,3,False,0.08270070626485249,956.8076652102724,True,2023-01-22T17:11:00+00:00,False
train_2023_2024,cci_h12_chop_m1,personal,cost2,BTCUSDT,5,0,-36.118550839999855,-36.118550839999855,0.0,0.0,6.188239784000001,-0.7938210560000001,3882.2181100000007,1,False,,,True,2023-01-22T17:11:00+00:00,False
train_2023_2024,cci_h12_chop_m1,personal,cost2,ETHUSDT,9,0,-49.26378394972784,-49.26378394972784,0.1111111111111111,0.12505253800380348,9.37590168,-1.462982269728,5879.151,3,False,,,True,2023-01-22T17:11:00+00:00,False
train_2023_2024,cci_h6_chop_w,personal,cost1,PORTFOLIO,8,0,68.57591858329336,68.57591858329336,0.375,2.739554813512782,5.447581820000001,-1.0523295967064001,6771.939360000001,5,False,0.036003522862158195,1013.3550936493272,True,2023-12-06T19:46:00+00:00,False
train_2023_2024,cci_h6_chop_w,personal,cost1,BTCUSDT,8,0,68.57591858329336,68.57591858329336,0.375,2.739554813512782,5.447581820000001,-1.0523295967064001,6771.939360000001,5,False,,,True,2023-12-06T19:46:00+00:00,False
train_2023_2024,cci_h6_chop_w,personal,cost1,ETHUSDT,0,0,0,0,,,0,0,0,0,False,,,True,2023-12-06T19:46:00+00:00,False
train_2023_2024,cci_h6_chop_w,personal,cost2,PORTFOLIO,28,0,-45.84431599086683,-45.84431599086683,0.2857142857142857,0.6967165086710659,27.120576496000005,-10.285899494867001,16954.579230000003,10,False,0.10150331536387094,996.3456840091333,True,2024-03-25T03:11:00+00:00,False
train_2023_2024,cci_h6_chop_w,personal,cost2,BTCUSDT,26,0,-34.45351183918689,-34.45351183918689,0.3076923076923077,0.7534970056282081,26.083528176000005,-9.413743663187,16301.683230000002,10,False,,,True,2024-03-25T03:11:00+00:00,False
train_2023_2024,cci_h6_chop_w,personal,cost2,ETHUSDT,2,0,-11.390804151679944,-11.390804151679944,0.0,0.0,1.0370483200000002,-0.87215583168,652.896,1,False,,,True,2024-03-25T03:11:00+00:00,False
train_2023_2024,cci_h6_chop_d,personal,cost1,PORTFOLIO,19,0,-85.56406016629758,-85.56406016629758,0.15789473684210525,0.09436349986373352,10.904211516000002,-1.6463186502978002,13654.757630000002,8,False,0.10031586370563483,956.6259398337024,True,2023-10-24T11:16:00+00:00,False
train_2023_2024,cci_h6_chop_d,personal,cost1,BTCUSDT,9,0,-24.36849071186272,-24.36849071186272,0.2222222222222222,0.22228102613612333,4.611733556000001,-0.6397271558628,5767.145330000001,6,False,,,True,2023-10-24T11:16:00+00:00,False
train_2023_2024,cci_h6_chop_d,personal,cost1,ETHUSDT,10,0,-61.19556945443487,-61.19556945443487,0.1,0.030890525762188793,6.292477960000001,-1.006591494435,7887.612300000001,5,False,,,True,2023-10-24T11:16:00+00:00,False
train_2023_2024,cci_h6_chop_d,personal,cost2,PORTFOLIO,19,0,-100.11010065689824,-100.11010065689824,0.10526315789473684,0.049084653616910334,17.755342872000003,-2.7266277848983003,11125.004860000001,8,False,0.10265143829503583,942.0798993431018,True,2023-10-24T11:16:00+00:00,False
train_2023_2024,cci_h6_chop_d,personal,cost2,BTCUSDT,9,0,-32.267665521698234,-32.267665521698234,0.2222222222222222,0.13803901031674465,7.517219592000002,-1.0244159296983002,4703.313160000001,6,False,,,True,2023-10-24T11:16:00+00:00,False
train_2023_2024,cci_h6_chop_d,personal,cost2,ETHUSDT,10,0,-67.8424351352,-67.8424351352,0.0,0.0,10.238123280000002,-1.7022118552,6421.6917,5,False,,,True,2023-10-24T11:16:00+00:00,False
train_2023_2024,cci_h6_chop_h12,personal,cost1,PORTFOLIO,25,0,-82.41295843376689,-82.41295843376689,0.2,0.35523569227476925,13.375413976,-1.8327244577668,16740.415360000003,12,False,0.10759900843344906,939.3343194702334,True,2023-12-06T19:46:00+00:00,False
train_2023_2024,cci_h6_chop_h12,personal,cost1,BTCUSDT,13,0,-22.405073616704893,-22.405073616704893,0.3076923076923077,0.6533867763676879,5.921000696000001,-0.6754529207048001,7401.924260000002,8,False,,,True,2023-12-06T19:46:00+00:00,False
train_2023_2024,cci_h6_chop_h12,personal,cost1,ETHUSDT,12,0,-60.00788481706199,-60.00788481706199,0.08333333333333333,0.0501887966538828,7.454413280000001,-1.1572715370620001,9338.4911,7,False,,,True,2023-12-06T19:46:00+00:00,False
train_2023_2024,cci_h6_chop_h12,personal,cost2,PORTFOLIO,22,0,-74.71891124557894,-74.71891124557894,0.22727272727272727,0.30173076837639573,18.12187476,-3.0852864855788,11340.809860000001,12,False,0.10822593679913042,936.5582461784212,True,2023-12-05T05:31:00+00:00,False
train_2023_2024,cci_h6_chop_h12,personal,cost2,BTCUSDT,12,0,-25.136701017002935,-25.136701017002935,0.3333333333333333,0.5552693068957706,8.423484360000002,-1.1744666570028,5265.415760000001,8,False,,,True,2023-12-05T05:31:00+00:00,False
train_2023_2024,cci_h6_chop_h12,personal,cost2,ETHUSDT,10,0,-49.582210228576,-49.582210228576,0.1,0.017876545931205298,9.698390400000001,-1.910819828576,6075.3941,7,False,,,True,2023-12-05T05:31:00+00:00,False
train_2023_2024,cci_h6_chop_h6,personal,cost1,PORTFOLIO,29,0,147.4635035517472,147.4635035517472,0.27586206896551724,2.1231473807161114,20.231652092000004,-2.8188543562529,25338.413620000003,15,False,0.09417441040754,979.4743965340909,True,2023-12-06T19:46:00+00:00,False
train_2023_2024,cci_h6_chop_h6,personal,cost1,BTCUSDT,16,0,191.440869779039,191.440869779039,0.3125,3.932267963704129,10.670752412000002,-1.5783878089609,13370.701020000002,10,False,,,True,2023-12-06T19:46:00+00:00,False
train_2023_2024,cci_h6_chop_h6,personal,cost1,ETHUSDT,13,0,-43.977366227291796,-43.977366227291796,0.23076923076923078,0.33374933153391867,9.560899680000002,-1.240466547292,11967.7126,9,False,,,True,2023-12-06T19:46:00+00:00,False
train_2023_2024,cci_h6_chop_h6,personal,cost2,PORTFOLIO,57,0,5.094638813114886,5.094638813114886,0.22807017543859648,1.0176632580145408,55.322556768000005,-16.5826644188852,34653.529650000004,26,False,0.10082000884663758,966.2287023977522,True,2024-06-24T15:51:00+00:00,False
train_2023_2024,cci_h6_chop_h6,personal,cost2,BTCUSDT,33,0,103.39850806806882,103.39850806806882,0.2727272727272727,1.6201843569931815,34.92850388800001,-11.5361480439312,21870.814950000004,20,False,,,True,2024-06-24T15:51:00+00:00,False
train_2023_2024,cci_h6_chop_h6,personal,cost2,ETHUSDT,24,0,-98.30386925495392,-98.30386925495392,0.16666666666666666,0.19230548779833603,20.39405288,-5.046516374954,12782.7147,17,False,,,True,2024-06-24T15:51:00+00:00,False
train_2023_2024,cci_h6_chop_h4,personal,cost1,PORTFOLIO,16,0,-81.40823411312385,-81.40823411312385,0.0625,0.038329409037297126,9.406658460000003,-1.4073656531238001,11793.620180000002,7,False,0.10087206841211892,960.7817658868762,True,2023-04-13T16:56:00+00:00,False
train_2023_2024,cci_h6_chop_h4,personal,cost1,BTCUSDT,8,0,-32.062426649815876,-32.062426649815876,0.0,0.0,4.178513380000001,-0.6424032698158001,5236.76248,4,False,,,True,2023-04-13T16:56:00+00:00,False
train_2023_2024,cci_h6_chop_h4,personal,cost1,ETHUSDT,8,0,-49.34580746330798,-49.34580746330798,0.125,0.06169738929600326,5.228145080000001,-0.764962383308,6556.8577000000005,4,False,,,True,2023-04-13T16:56:00+00:00,False
train_2023_2024,cci_h6_chop_h4,personal,cost2,PORTFOLIO,19,0,-96.90088727968624,-96.90088727968624,0.10526315789473684,0.09620241076045011,16.970079064000004,-2.7368582156864,10644.896390000002,8,False,0.10152760414357609,945.2891127203138,True,2023-04-26T22:01:00+00:00,False
train_2023_2024,cci_h6_chop_h4,personal,cost2,BTCUSDT,9,0,-48.30031049051835,-48.30031049051835,0.0,0.0,7.188192984000001,-1.0723675065184,4512.640490000001,5,False,,,True,2023-04-26T22:01:00+00:00,False
train_2023_2024,cci_h6_chop_h4,personal,cost2,ETHUSDT,10,0,-48.6005767891679,-48.6005767891679,0.2,0.17507215252738095,9.78188608,-1.6644907091680001,6132.2559,5,False,,,True,2023-04-26T22:01:00+00:00,False
train_2023_2024,cci_h6_chop_h1,personal,cost1,PORTFOLIO,24,0,-85.5678416524374,-85.5678416524374,0.16666666666666666,0.21907386921252886,12.660023548000002,-0.9764481044373,15838.904820000002,16,False,0.10069110755607301,956.6221583475626,True,2023-08-16T05:06:00+00:00,False
train_2023_2024,cci_h6_chop_h1,personal,cost1,BTCUSDT,13,0,-50.68915226544923,-50.68915226544923,0.07692307692307693,0.13610412672637304,6.822730348000001,-0.4996519174493,8528.00602,11,False,,,True,2023-08-16T05:06:00+00:00,False
train_2023_2024,cci_h6_chop_h1,personal,cost1,ETHUSDT,11,0,-34.87868938698817,-34.87868938698817,0.2727272727272727,0.3147226794710712,5.837293200000001,-0.476796186988,7310.898800000001,9,False,,,True,2023-08-16T05:06:00+00:00,False
train_2023_2024,cci_h6_chop_h1,personal,cost2,PORTFOLIO,24,0,-99.98133163957071,-99.98133163957071,0.16666666666666666,0.1525117572595838,20.294413272000003,-1.8669283675708002,12701.004210000001,16,False,0.10453122287773381,942.2086683604293,True,2023-08-16T05:06:00+00:00,False
train_2023_2024,cci_h6_chop_h1,personal,cost2,BTCUSDT,13,0,-58.9206010063927,-58.9206010063927,0.07692307692307693,0.08079222554920175,10.888505352000003,-1.0180056543928002,6806.908810000001,11,False,,,True,2023-08-16T05:06:00+00:00,False
train_2023_2024,cci_h6_chop_h1,personal,cost2,ETHUSDT,11,0,-41.060730633178004,-41.060730633178004,0.2727272727272727,0.23784311019797708,9.40590792,-0.848922713178,5894.0954,9,False,,,True,2023-08-16T05:06:00+00:00,False
train_2023_2024,cci_h6_chop_m30,personal,cost1,PORTFOLIO,76,0,139.49756967424366,139.49756967424366,0.35526315789473684,1.6686214215694486,22.156913336000002,-7.1150369897563,27764.27184,50,False,0.09443775308170223,976.1825659218352,False,,False
train_2023_2024,cci_h6_chop_m30,personal,cost1,BTCUSDT,37,0,156.85827350894988,156.85827350894988,0.40540540540540543,2.3764410622706764,13.536371616000002,-2.5899748750503,16990.90994,32,False,,,False,,False
train_2023_2024,cci_h6_chop_m30,personal,cost1,ETHUSDT,39,0,-17.360703834706218,-17.360703834706218,0.3076923076923077,0.8166290070671968,8.62054172,-4.5250621147059995,10773.361900000002,32,False,,,False,,False
train_2023_2024,cci_h6_chop_m30,personal,cost2,PORTFOLIO,76,0,49.45666837950025,49.45666837950025,0.34210526315789475,1.222817958530977,38.56968319200001,-13.2352584284994,24182.296140000002,50,False,0.09537335062182822,960.6005552981784,False,,False
train_2023_2024,cci_h6_chop_m30,personal,cost2,BTCUSDT,37,0,95.41782631986032,95.41782631986032,0.40540540540540543,1.7900569694740753,23.375786792000003,-5.2874968881394,14679.670640000002,32,False,,,False,,False
train_2023_2024,cci_h6_chop_m30,personal,cost2,ETHUSDT,39,0,-45.961157940360074,-45.961157940360074,0.28205128205128205,0.5457783292391364,15.193896400000002,-7.94776154036,9502.6255,32,False,,,False,,False
train_2023_2024,cci_h6_chop_m15,personal,cost1,PORTFOLIO,15,0,-78.34896185014308,-78.34896185014308,0.13333333333333333,0.18337848163862328,7.1715435240000005,-0.7907883261430001,8991.221080000001,10,False,0.10046631403834823,963.841038149857,True,2023-07-13T19:31:00+00:00,False
train_2023_2024,cci_h6_chop_m15,personal,cost1,BTCUSDT,10,0,-67.63999431904888,-67.63999431904888,0.1,0.024304829116126202,4.355654524000001,-0.32840979504900003,5467.644480000001,7,False,,,True,2023-07-13T19:31:00+00:00,False
train_2023_2024,cci_h6_chop_m15,personal,cost1,ETHUSDT,5,0,-10.708967531094192,-10.708967531094192,0.2,0.5976777233654545,2.8158890000000003,-0.462378531094,3523.5766000000003,5,False,,,True,2023-07-13T19:31:00+00:00,False
train_2023_2024,cci_h6_chop_m15,personal,cost2,PORTFOLIO,15,0,-88.55190056994016,-88.55190056994016,0.13333333333333333,0.1029972678773203,12.146812256000002,-1.3414483139400002,7621.244480000001,10,False,0.10250316197398694,953.6380994300599,True,2023-07-13T19:31:00+00:00,False
train_2023_2024,cci_h6_chop_m15,personal,cost2,BTCUSDT,10,0,-70.316292665052,-70.316292665052,0.1,0.009209435100550957,7.424443616000001,-0.5744090490520001,4663.39098,7,False,,,True,2023-07-13T19:31:00+00:00,False
train_2023_2024,cci_h6_chop_m15,personal,cost2,ETHUSDT,5,0,-18.23560790488815,-18.23560790488815,0.2,0.34285817313730654,4.722368640000001,-0.767039264888,2957.8535,5,False,,,True,2023-07-13T19:31:00+00:00,False
train_2023_2024,cci_h6_chop_m5,personal,cost1,PORTFOLIO,28,0,-34.31510002950207,-34.31510002950207,0.21428571428571427,0.7347891868759261,14.077064132000002,-2.9283658975024003,17604.985,13,False,0.10158727123820888,1007.874899970498,True,2023-05-29T09:26:00+00:00,False
train_2023_2024,cci_h6_chop_m5,personal,cost1,BTCUSDT,12,0,-51.04468769318223,-51.04468769318223,0.16666666666666666,0.21132517928958822,5.375624812000001,-0.7406928811824001,6741.9952,9,False,,,True,2023-05-29T09:26:00+00:00,False
train_2023_2024,cci_h6_chop_m5,personal,cost1,ETHUSDT,16,0,16.729587663680164,16.729587663680164,0.25,1.258707965815789,8.70143932,-2.18767301632,10862.9898,9,False,,,True,2023-05-29T09:26:00+00:00,False
train_2023_2024,cci_h6_chop_m5,personal,cost2,PORTFOLIO,28,0,-71.64141020661724,-71.64141020661724,0.21428571428571427,0.4792020225633753,22.729590008000002,-4.7692501986176,14228.065040000001,13,False,0.11022434753212701,970.5485897933828,True,2023-05-29T09:26:00+00:00,False
train_2023_2024,cci_h6_chop_m5,personal,cost2,BTCUSDT,12,0,-57.90177884789153,-57.90177884789153,0.16666666666666666,0.1357877769462238,8.643664168,-1.2010446798916001,5426.31864,9,False,,,True,2023-05-29T09:26:00+00:00,False
train_2023_2024,cci_h6_chop_m5,personal,cost2,ETHUSDT,16,0,-13.739631358725706,-13.739631358725706,0.25,0.8052810724458815,14.08592584,-3.5682055187260002,8801.7464,9,False,,,True,2023-05-29T09:26:00+00:00,False
train_2023_2024,cci_h6_chop_m3,personal,cost1,PORTFOLIO,24,0,-42.18990487109434,-42.18990487109434,0.20833333333333334,0.6693520063831081,13.627569032000002,-2.4674558390944,17047.50873,9,False,0.10860681791648066,1000.0000951289057,True,2023-04-04T20:46:00+00:00,False
train_2023_2024,cci_h6_chop_m3,personal,cost1,BTCUSDT,11,0,-44.80786729713034,-44.80786729713034,0.18181818181818182,0.24176251922873593,5.298381952000001,-0.6513053451304001,6642.40653,7,False,,,True,2023-04-04T20:46:00+00:00,False
train_2023_2024,cci_h6_chop_m3,personal,cost1,ETHUSDT,13,0,2.6179624260360015,2.6179624260360015,0.23076923076923078,1.0382168246819792,8.32918708,-1.816150493964,10405.102200000001,7,False,,,True,2023-04-04T20:46:00+00:00,False
train_2023_2024,cci_h6_chop_m3,personal,cost2,PORTFOLIO,23,0,-66.11502118684487,-66.11502118684487,0.17391304347826086,0.4679256541451644,21.073555952000003,-3.9711252348452004,13191.50764,9,False,0.10515788672061205,976.0749788131552,True,2023-03-30T02:26:00+00:00,False
train_2023_2024,cci_h6_chop_m3,personal,cost2,BTCUSDT,10,0,-42.25325909285709,-42.25325909285709,0.2,0.1843477463780458,7.744452832000001,-1.0419662608572,4857.01644,7,False,,,True,2023-03-30T02:26:00+00:00,False
train_2023_2024,cci_h6_chop_m3,personal,cost2,ETHUSDT,13,0,-23.861762093987785,-23.861762093987785,0.15384615384615385,0.6706721953238697,13.329103120000001,-2.929158973988,8334.4912,7,False,,,True,2023-03-30T02:26:00+00:00,False
train_2023_2024,cci_h6_chop_m1,personal,cost1,PORTFOLIO,21,0,-7.141615481261404,-7.141615481261404,0.19047619047619047,0.9339465320879792,14.426741412000002,-2.8918440692616003,18028.33828,8,False,0.10631577504400141,1035.0483845187387,True,2023-03-19T19:01:00+00:00,False
train_2023_2024,cci_h6_chop_m1,personal,cost1,BTCUSDT,10,0,-43.43791154527545,-43.43791154527545,0.2,0.19100615860088208,5.9424056520000015,-0.9856758932756001,7446.261980000001,6,False,,,True,2023-03-19T19:01:00+00:00,False
train_2023_2024,cci_h6_chop_m1,personal,cost1,ETHUSDT,11,0,36.296296064014044,36.296296064014044,0.18181818181818182,1.6669053580377498,8.48433576,-1.906168175986,10582.0763,5,False,,,True,2023-03-19T19:01:00+00:00,False
train_2023_2024,cci_h6_chop_m1,personal,cost2,PORTFOLIO,21,0,-43.6313119602266,-43.6313119602266,0.19047619047619047,0.6224535341150822,22.980925672,-4.7169562882268,14371.04526,8,False,0.10632517241455425,998.5586880397734,True,2023-03-19T19:01:00+00:00,False
train_2023_2024,cci_h6_chop_m1,personal,cost2,BTCUSDT,10,0,-50.82814609105054,-50.82814609105054,0.2,0.10645794415956111,9.480883512000002,-1.5919325790508,5945.42986,6,False,,,True,2023-03-19T19:01:00+00:00,False
train_2023_2024,cci_h6_chop_m1,personal,cost2,ETHUSDT,11,0,7.196834130823944,7.196834130823944,0.18181818181818182,1.1226422546654389,13.500042160000001,-3.1250237091760003,8425.6154,5,False,,,True,2023-03-19T19:01:00+00:00,False
train_2023_2024,cci_h4_chop_w,personal,cost1,PORTFOLIO,9,0,71.72284098604595,71.72284098604595,0.3333333333333333,2.984671850433095,5.757254520000001,-1.2470244939538,7157.204590000001,6,False,0.03593995185829918,1014.726037248327,True,2023-12-06T19:46:00+00:00,False
train_2023_2024,cci_h4_chop_w,personal,cost1,BTCUSDT,9,0,71.72284098604595,71.72284098604595,0.3333333333333333,2.984671850433095,5.757254520000001,-1.2470244939538,7157.204590000001,6,False,,,True,2023-12-06T19:46:00+00:00,False
train_2023_2024,cci_h4_chop_w,personal,cost1,ETHUSDT,0,0,0,0,,,0,0,0,0,False,,,True,2023-12-06T19:46:00+00:00,False
train_2023_2024,cci_h4_chop_w,personal,cost2,PORTFOLIO,41,0,-23.26503488176503,-23.26503488176503,0.2682926829268293,0.8847179237648756,37.880217312000006,-14.9713375697652,23660.34256,21,False,0.08428739294651665,1012.3276696992916,False,,False
train_2023_2024,cci_h4_chop_w,personal,cost2,BTCUSDT,39,0,-11.62940722621308,-11.62940722621308,0.28205128205128205,0.9388486009413883,36.714593712,-13.992033514213201,22927.08246,21,False,,,False,,False
train_2023_2024,cci_h4_chop_w,personal,cost2,ETHUSDT,2,0,-11.635627655551948,-11.635627655551948,0.0,0.0,1.1656236000000002,-0.9793040555520001,733.2601000000001,1,False,,,False,,False
train_2023_2024,cci_h4_chop_d,personal,cost1,PORTFOLIO,19,0,-100.41034624082738,-100.41034624082738,0.15789473684210525,0.1116992235707797,11.637525876000002,-1.5644103648273002,14582.009870000002,8,False,0.1055851977256793,941.7796537591727,True,2023-08-28T09:21:00+00:00,False
train_2023_2024,cci_h4_chop_d,personal,cost1,BTCUSDT,11,0,-55.56142073850042,-55.56142073850042,0.18181818181818182,0.16117096308584236,6.276549796000001,-0.5914609425003001,7863.33027,7,False,,,True,2023-08-28T09:21:00+00:00,False
train_2023_2024,cci_h4_chop_d,personal,cost1,ETHUSDT,8,0,-44.848925502326956,-44.848925502326956,0.125,0.041680298011668684,5.36097608,-0.972949422327,6718.6796,3,False,,,True,2023-08-28T09:21:00+00:00,False
train_2023_2024,cci_h4_chop_d,personal,cost2,PORTFOLIO,16,0,-100.78712030157843,-100.78712030157843,0.0625,0.07225744020446297,16.762971928000002,-2.5997583735784002,10517.569650000001,6,False,0.10329631205237146,941.4028796984217,True,2023-08-18T02:46:00+00:00,False
train_2023_2024,cci_h4_chop_d,personal,cost2,BTCUSDT,9,0,-53.00195923409045,-53.00195923409045,0.1111111111111111,0.12899913322483603,8.727810888000002,-0.9738583460904001,5476.5319500000005,5,False,,,True,2023-08-18T02:46:00+00:00,False
train_2023_2024,cci_h4_chop_d,personal,cost2,ETHUSDT,7,0,-47.78516106748798,-47.78516106748798,0.0,0.0,8.03516104,-1.625900027488,5041.037700000001,2,False,,,True,2023-08-18T02:46:00+00:00,False
train_2023_2024,cci_h4_chop_h12,personal,cost1,PORTFOLIO,24,0,-84.13804778338573,-84.13804778338573,0.20833333333333334,0.36781978693923667,12.886618732000002,-1.8420190513854002,16134.218390000002,12,False,0.10884373509068208,938.0241299046145,True,2023-12-06T19:46:00+00:00,False
train_2023_2024,cci_h4_chop_h12,personal,cost1,BTCUSDT,14,0,-40.22222938843159,-40.22222938843159,0.2857142857142857,0.5323278698675318,7.283686052000001,-0.6942333364314001,9113.829990000002,9,False,,,True,2023-12-06T19:46:00+00:00,False
train_2023_2024,cci_h4_chop_h12,personal,cost1,ETHUSDT,10,0,-43.91581839495414,-43.91581839495414,0.1,0.06734102279194187,5.60293268,-1.147785714954,7020.3884,6,False,,,True,2023-12-06T19:46:00+00:00,False
train_2023_2024,cci_h4_chop_h12,personal,cost2,PORTFOLIO,20,0,-101.92159758243997,-101.92159758243997,0.2,0.10786670578481801,16.742179256000004,-2.4537883264398,10496.264120000002,11,False,0.10469319218021579,940.2684024175601,True,2023-12-04T17:11:00+00:00,False
train_2023_2024,cci_h4_chop_h12,personal,cost2,BTCUSDT,12,0,-65.67768349137197,-65.67768349137197,0.25,0.1481317211975861,9.467977496000001,-0.6964759953718,5938.619220000001,8,False,,,True,2023-12-04T17:11:00+00:00,False
train_2023_2024,cci_h4_chop_h12,personal,cost2,ETHUSDT,8,0,-36.24391409106801,-36.24391409106801,0.125,0.02429554276012368,7.27420176,-1.7573123310679999,4557.6449,5,False,,,True,2023-12-04T17:11:00+00:00,False
train_2023_2024,cci_h4_chop_h6,personal,cost1,PORTFOLIO,22,0,149.63843022269194,149.63843022269194,0.2727272727272727,2.5181821886574194,14.506844388000003,-1.957495389308,18184.590020000003,13,False,0.09268052706853148,998.5022620179706,True,2023-12-06T19:46:00+00:00,False
train_2023_2024,cci_h4_chop_h6,personal,cost1,BTCUSDT,11,0,199.24134251998387,199.24134251998387,0.36363636363636365,5.713483056951132,7.197358708000001,-1.0228687720160001,9027.053520000001,7,False,,,True,2023-12-06T19:46:00+00:00,False
train_2023_2024,cci_h4_chop_h6,personal,cost1,ETHUSDT,11,0,-49.60291229729193,-49.60291229729193,0.18181818181818182,0.11885498946327389,7.309485680000001,-0.934626617292,9157.5365,8,False,,,True,2023-12-06T19:46:00+00:00,False
train_2023_2024,cci_h4_chop_h6,personal,cost2,PORTFOLIO,64,0,39.11670550012153,39.11670550012153,0.25,1.1242445028839851,53.300807672000005,-14.949356827878,33388.743050000005,34,False,0.10296500513345848,988.4991390473193,True,2024-11-12T14:56:00+00:00,False
train_2023_2024,cci_h4_chop_h6,personal,cost2,BTCUSDT,34,0,137.3855857238287,137.3855857238287,0.29411764705882354,1.8800977903095384,29.677747672000002,-9.709536604171,18576.89625,24,False,,,True,2024-11-12T14:56:00+00:00,False
train_2023_2024,cci_h4_chop_h6,personal,cost2,ETHUSDT,30,0,-98.26888022370717,-98.26888022370717,0.2,0.38092053622369326,23.623060000000002,-5.239820223707,14811.846800000001,21,False,,,True,2024-11-12T14:56:00+00:00,False
train_2023_2024,cci_h4_chop_h4,personal,cost1,PORTFOLIO,17,0,-85.547496750148,-85.547496750148,0.11764705882352941,0.12046580753454253,9.646115776000002,-1.351920974148,12094.919450000001,9,False,0.10474571254783066,956.6425032498521,True,2023-06-06T01:31:00+00:00,False
train_2023_2024,cci_h4_chop_h4,personal,cost1,BTCUSDT,7,0,-35.06068893684006,-35.06068893684006,0.0,0.0,3.1319344160000004,-0.54989452084,3930.6074500000004,5,False,,,True,2023-06-06T01:31:00+00:00,False
train_2023_2024,cci_h4_chop_h4,personal,cost1,ETHUSDT,10,0,-50.486807813307934,-50.486807813307934,0.2,0.1883653588894567,6.514181360000001,-0.802026453308,8164.312000000001,6,False,,,True,2023-06-06T01:31:00+00:00,False
train_2023_2024,cci_h4_chop_h4,personal,cost2,PORTFOLIO,18,0,-96.22094973157314,-96.22094973157314,0.1111111111111111,0.0968164008815419,15.89974124,-2.3137384915732,9974.616890000001,10,False,0.10088134141859041,945.9690502684269,True,2023-06-15T04:06:00+00:00,False
train_2023_2024,cci_h4_chop_h4,personal,cost2,BTCUSDT,8,0,-41.544977182405205,-41.544977182405205,0.0,0.0,5.482931800000001,-0.9009753824052,3442.6877900000004,6,False,,,True,2023-06-15T04:06:00+00:00,False
train_2023_2024,cci_h4_chop_h4,personal,cost2,ETHUSDT,10,0,-54.67597254916794,-54.67597254916794,0.2,0.15870614121128937,10.41680944,-1.412763109168,6531.9291,6,False,,,True,2023-06-15T04:06:00+00:00,False
train_2023_2024,cci_h4_chop_h1,personal,cost1,PORTFOLIO,27,0,-86.71303465495875,-86.71303465495875,0.18518518518518517,0.24913871611917837,14.205760908000002,-1.1614837469587,17770.783730000003,18,False,0.10176768961278695,955.4769653450413,True,2023-08-16T05:06:00+00:00,False
train_2023_2024,cci_h4_chop_h1,personal,cost1,BTCUSDT,14,0,-36.99193073832665,-36.99193073832665,0.14285714285714285,0.25637119350940485,6.920552068000001,-0.6880886703267001,8643.291430000001,12,False,,,True,2023-08-16T05:06:00+00:00,False
train_2023_2024,cci_h4_chop_h1,personal,cost1,ETHUSDT,13,0,-49.721103916632096,-49.721103916632096,0.23076923076923078,0.24366590074403685,7.285208840000001,-0.47339507663200003,9127.492300000002,11,False,,,True,2023-08-16T05:06:00+00:00,False
train_2023_2024,cci_h4_chop_h1,personal,cost2,PORTFOLIO,27,0,-103.34893935971681,-103.34893935971681,0.18518518518518517,0.17548240729348247,22.760248208000004,-2.1959511517168004,14242.45821,18,False,0.10773177459016316,938.8410606402832,True,2023-08-16T05:06:00+00:00,False
train_2023_2024,cci_h4_chop_h1,personal,cost2,BTCUSDT,14,0,-47.04364791284072,-47.04364791284072,0.14285714285714285,0.16330842106150437,11.092789168000003,-1.3483187448408003,6928.401210000001,12,False,,,True,2023-08-16T05:06:00+00:00,False
train_2023_2024,cci_h4_chop_h1,personal,cost2,ETHUSDT,13,0,-56.30529144687609,-56.30529144687609,0.23076923076923078,0.18538551081291166,11.66745904,-0.847632406876,7314.057000000001,11,False,,,True,2023-08-16T05:06:00+00:00,False
train_2023_2024,cci_h4_chop_m30,personal,cost1,PORTFOLIO,83,0,151.59931837660278,151.59931837660278,0.3614457831325301,1.7321515186920113,24.555836256000003,-8.1179253673974,30759.198280000004,50,False,0.0940567443501583,980.9512014981714,False,,False
train_2023_2024,cci_h4_chop_m30,personal,cost1,BTCUSDT,40,0,180.12015218312084,180.12015218312084,0.45,2.7860381781082943,14.525608816000002,-3.4833190008794,18227.658980000004,35,False,,,False,,False
train_2023_2024,cci_h4_chop_m30,personal,cost1,ETHUSDT,43,0,-28.52083380651806,-28.52083380651806,0.27906976744186046,0.7314701597980312,10.03022744,-4.634606366518,12531.5393,35,False,,,False,,False
train_2023_2024,cci_h4_chop_m30,personal,cost2,PORTFOLIO,83,0,53.94244492021779,53.94244492021779,0.3493975903614458,1.2386071049466356,42.708278384,-15.087836695782,26766.706100000003,50,False,0.10032713610065314,963.8713887825824,False,,False
train_2023_2024,cci_h4_chop_m30,personal,cost2,BTCUSDT,40,0,113.19307970688085,113.19307970688085,0.45,2.0247363882746763,25.017585104000002,-6.809095189119001,15707.428400000003,35,False,,,False,,False
train_2023_2024,cci_h4_chop_m30,personal,cost2,ETHUSDT,43,0,-59.250634786663056,-59.250634786663056,0.2558139534883721,0.4875025410395668,17.69069328,-8.278741506663,11059.2777,35,False,,,False,,False
train_2023_2024,cci_h4_chop_m15,personal,cost1,PORTFOLIO,18,0,-83.23475974158211,-83.23475974158211,0.1111111111111111,0.16872649649241103,7.122174992000001,-0.777424749582,8931.845580000001,12,False,0.10502613211227688,958.9552402584179,True,2023-08-01T02:16:00+00:00,False
train_2023_2024,cci_h4_chop_m15,personal,cost1,BTCUSDT,11,0,-61.032253487655936,-61.032253487655936,0.09090909090909091,0.015891163852163406,3.5004272720000005,-0.42676621565600004,4395.545880000001,8,False,,,True,2023-08-01T02:16:00+00:00,False
train_2023_2024,cci_h4_chop_m15,personal,cost1,ETHUSDT,7,0,-22.202506253926177,-22.202506253926177,0.14285714285714285,0.41743170687694314,3.62174772,-0.350658533926,4536.2997000000005,7,False,,,True,2023-08-01T02:16:00+00:00,False
train_2023_2024,cci_h4_chop_m15,personal,cost2,PORTFOLIO,18,0,-94.32562143566618,-94.32562143566618,0.1111111111111111,0.097043214336843,12.261226160000001,-1.343115275666,7695.485450000001,12,False,0.10793698034149012,947.864378564334,True,2023-08-01T02:16:00+00:00,False
train_2023_2024,cci_h4_chop_m15,personal,cost2,BTCUSDT,11,0,-64.359371574544,-64.359371574544,0.09090909090909091,0.00958960233568985,6.170062560000001,-0.7609290145440001,3876.8617500000005,8,False,,,True,2023-08-01T02:16:00+00:00,False
train_2023_2024,cci_h4_chop_m15,personal,cost2,ETHUSDT,7,0,-29.966249861122183,-29.966249861122183,0.14285714285714285,0.24098651323436882,6.091163600000001,-0.582186261122,3818.6237,7,False,,,True,2023-08-01T02:16:00+00:00,False
train_2023_2024,cci_h4_chop_m5,personal,cost1,PORTFOLIO,28,0,-93.83246059169136,-93.83246059169136,0.21428571428571427,0.26495214357124014,12.577118908000001,-1.8174916836916002,15761.11756,11,False,0.10379285074850532,948.3575394083088,True,2023-05-05T13:46:00+00:00,False
train_2023_2024,cci_h4_chop_m5,personal,cost1,BTCUSDT,14,0,-52.182117623863455,-52.182117623863455,0.14285714285714285,0.2328239136238436,5.775315628,-0.7401519958636,7241.977860000001,9,False,,,True,2023-05-05T13:46:00+00:00,False
train_2023_2024,cci_h4_chop_m5,personal,cost1,ETHUSDT,14,0,-41.65034296782791,-41.65034296782791,0.2857142857142857,0.3015960324763235,6.8018032800000015,-1.077339687828,8519.1397,8,False,,,True,2023-05-05T13:46:00+00:00,False
train_2023_2024,cci_h4_chop_m5,personal,cost2,PORTFOLIO,22,0,-94.39278303932383,-94.39278303932383,0.18181818181818182,0.16150920634283544,17.576725024,-2.8679380153240004,11022.4272,9,False,0.10051491739328086,947.7972169606762,True,2023-04-13T17:11:00+00:00,False
train_2023_2024,cci_h4_chop_m5,personal,cost2,BTCUSDT,10,0,-45.303376064469965,-45.303376064469965,0.2,0.2132725165252517,8.025104704000002,-1.0613513604700002,5033.798900000001,7,False,,,True,2023-04-13T17:11:00+00:00,False
train_2023_2024,cci_h4_chop_m5,personal,cost2,ETHUSDT,12,0,-49.089406974853866,-49.089406974853866,0.16666666666666666,0.10730358972742983,9.55162032,-1.8065866548540002,5988.6283,7,False,,,True,2023-04-13T17:11:00+00:00,False
train_2023_2024,cci_h4_chop_m3,personal,cost1,PORTFOLIO,19,0,-93.32064201705464,-93.32064201705464,0.21052631578947367,0.17504853505215706,10.274536480000002,-1.5406855370546,12883.923310000002,7,False,0.10342885475052677,948.8693579829454,True,2023-03-01T14:51:00+00:00,False
train_2023_2024,cci_h4_chop_m3,personal,cost1,BTCUSDT,8,0,-44.8894323776706,-44.8894323776706,0.125,0.14528577430641532,3.8220983600000005,-0.5268140176706001,4797.89321,4,False,,,True,2023-03-01T14:51:00+00:00,False
train_2023_2024,cci_h4_chop_m3,personal,cost1,ETHUSDT,11,0,-48.431209639384036,-48.431209639384036,0.2727272727272727,0.2008416572682177,6.452438120000001,-1.013871519384,8086.030100000001,5,False,,,True,2023-03-01T14:51:00+00:00,False
train_2023_2024,cci_h4_chop_m3,personal,cost2,PORTFOLIO,17,0,-95.75417867108385,-95.75417867108385,0.17647058823529413,0.11186686285281232,16.041566608000004,-2.391832063084,10064.63952,6,False,0.10180691850953326,946.4358213289162,True,2023-02-16T00:16:00+00:00,False
train_2023_2024,cci_h4_chop_m3,personal,cost2,BTCUSDT,6,0,-39.058148337999945,-39.058148337999945,0.16666666666666666,0.11205848826236399,5.424313648000001,-0.62505469,3406.7004200000006,3,False,,,True,2023-02-16T00:16:00+00:00,False
train_2023_2024,cci_h4_chop_m3,personal,cost2,ETHUSDT,11,0,-56.69603033308391,-56.69603033308391,0.18181818181818182,0.11173480313016843,10.61725296,-1.7667773730840002,6657.9391000000005,5,False,,,True,2023-02-16T00:16:00+00:00,False
train_2023_2024,cci_h4_chop_m1,personal,cost1,PORTFOLIO,19,0,-72.53594240582245,-72.53594240582245,0.21052631578947367,0.3499121393336878,11.784622100000002,-2.1017903058224,14760.102390000002,9,False,0.10118016347599748,969.6540575941776,True,2023-03-17T06:26:00+00:00,False
train_2023_2024,cci_h4_chop_m1,personal,cost1,BTCUSDT,10,0,-63.00441066288838,-63.00441066288838,0.1,0.11831857290321932,5.901168060000001,-0.8614126028884002,7404.580990000001,6,False,,,True,2023-03-17T06:26:00+00:00,False
train_2023_2024,cci_h4_chop_m1,personal,cost1,ETHUSDT,9,0,-9.531531742934076,-9.531531742934076,0.3333333333333333,0.7624202438916219,5.883454040000001,-1.2403777029340002,7355.5214000000005,5,False,,,True,2023-03-17T06:26:00+00:00,False
train_2023_2024,cci_h4_chop_m1,personal,cost2,PORTFOLIO,19,0,-90.17921163167843,-90.17921163167843,0.21052631578947367,0.22235307217982847,19.273089688000002,-3.5685919436784,12079.349820000001,9,False,0.10768841702446204,952.0107883683216,True,2023-03-17T06:26:00+00:00,False
train_2023_2024,cci_h4_chop_m1,personal,cost2,BTCUSDT,10,0,-67.78592252051835,-67.78592252051835,0.1,0.07399655896730267,9.608067368000002,-1.4208251525184001,6033.420620000001,6,False,,,True,2023-03-17T06:26:00+00:00,False
train_2023_2024,cci_h4_chop_m1,personal,cost2,ETHUSDT,9,0,-22.393289111160072,-22.393289111160072,0.3333333333333333,0.47632175769127966,9.66502232,-2.14776679116,6045.9292000000005,5,False,,,True,2023-03-17T06:26:00+00:00,False
train_2023_2024,cci_h1_chop_w,personal,cost1,PORTFOLIO,67,1,-1.7703029921377424,2.050401162862232,0.34328358208955223,1.0072157300625368,32.024322076000004,-13.9243309161376,40008.313420000006,24,False,0.10045773085984767,1029.0944609724993,False,,False
train_2023_2024,cci_h1_chop_w,personal,cost1,BTCUSDT,61,1,11.535991146439269,15.356695301439244,0.3442622950819672,1.0589727471574992,30.529885596000007,-12.832273257560601,38134.907920000005,24,False,,,False,,False
train_2023_2024,cci_h1_chop_w,personal,cost1,ETHUSDT,6,0,-13.30629413857701,-13.30629413857701,0.3333333333333333,0.43982644323974773,1.49443648,-1.092057658577,1873.4055,3,False,,,False,,False
train_2023_2024,cci_h1_chop_w,personal,cost2,PORTFOLIO,56,0,-49.46011983488899,-49.46011983488899,0.3392857142857143,0.7866809068506903,41.473694288000004,-20.5111455468888,25914.796570000002,21,False,0.10267816283025065,992.7298801651111,True,2024-12-07T21:06:00+00:00,False
train_2023_2024,cci_h1_chop_w,personal,cost2,BTCUSDT,50,0,-33.31584964255302,-33.31584964255302,0.34,0.8398210508783648,38.943484768000005,-18.6513848745528,24327.538470000003,21,False,,,True,2024-12-07T21:06:00+00:00,False
train_2023_2024,cci_h1_chop_w,personal,cost2,ETHUSDT,6,0,-16.14427019233598,-16.14427019233598,0.3333333333333333,0.3236118773736274,2.53020952,-1.859760672336,1587.2581000000002,3,False,,,True,2024-12-07T21:06:00+00:00,False
train_2023_2024,cci_h1_chop_d,personal,cost1,PORTFOLIO,26,0,-107.37917681571543,-107.37917681571543,0.19230769230769232,0.25552353130654787,12.625927828000002,-0.9485789877153001,15801.420900000001,10,False,0.10425684387719564,934.8108231842847,True,2023-08-29T10:21:00+00:00,False
train_2023_2024,cci_h1_chop_d,personal,cost1,BTCUSDT,16,0,-57.077557837376375,-57.077557837376375,0.1875,0.3532047142641677,7.517211508000001,-0.6600763293763001,9399.558900000002,8,False,,,True,2023-08-29T10:21:00+00:00,False
train_2023_2024,cci_h1_chop_d,personal,cost1,ETHUSDT,10,0,-50.30161897833906,-50.30161897833906,0.2,0.10156055624204274,5.108716320000001,-0.288502658339,6401.862,6,False,,,True,2023-08-29T10:21:00+00:00,False
train_2023_2024,cci_h1_chop_d,personal,cost2,PORTFOLIO,25,0,-115.94260663685738,-115.94260663685738,0.12,0.19570124620267232,19.180119688,-1.7936969488574002,12010.444230000001,10,False,0.11166777500411477,926.2473933631427,True,2023-08-29T10:21:00+00:00,False
train_2023_2024,cci_h1_chop_d,personal,cost2,BTCUSDT,15,0,-58.086284287559415,-58.086284287559415,0.13333333333333333,0.31605783417556427,10.730181768000001,-1.2869125195594,6714.993530000001,8,False,,,True,2023-08-29T10:21:00+00:00,False
train_2023_2024,cci_h1_chop_d,personal,cost2,ETHUSDT,10,0,-57.85632234929796,-57.85632234929796,0.1,0.023109923152678243,8.449937920000002,-0.506784429298,5295.4507,6,False,,,True,2023-08-29T10:21:00+00:00,False
train_2023_2024,cci_h1_chop_h12,personal,cost1,PORTFOLIO,53,0,-3.0057445230434303,-3.0057445230434303,0.33962264150943394,0.9864406883385233,19.021056244000004,-6.4563382790436,23763.927150000003,29,False,0.08034125114085516,959.7694899404653,False,,False
train_2023_2024,cci_h1_chop_h12,personal,cost1,BTCUSDT,31,0,22.662008367410476,22.662008367410476,0.3870967741935484,1.1750733684061954,11.957195084000002,-5.283946548589601,14904.93905,21,False,,,False,,False
train_2023_2024,cci_h1_chop_h12,personal,cost1,ETHUSDT,22,0,-25.667752890453908,-25.667752890453908,0.2727272727272727,0.7217011741821918,7.06386116,-1.1723917304540001,8858.9881,15,False,,,False,,False
train_2023_2024,cci_h1_chop_h12,personal,cost2,PORTFOLIO,53,0,-62.61628374745493,-62.61628374745493,0.24528301886792453,0.726637254970896,32.450074792,-11.1136389554553,20284.2235,29,False,0.09854197711059387,939.9334172881911,False,,False
train_2023_2024,cci_h1_chop_h12,personal,cost2,BTCUSDT,31,0,-18.362248819781087,-18.362248819781087,0.2903225806451613,0.8620193972918524,20.231058792000002,-9.0648200277813,12618.0822,21,False,,,False,,False
train_2023_2024,cci_h1_chop_h12,personal,cost2,ETHUSDT,22,0,-44.25403492767385,-44.25403492767385,0.18181818181818182,0.5389284362854336,12.219016000000002,-2.048818927674,7666.1413,15,False,,,False,,False
train_2023_2024,cci_h1_chop_h6,personal,cost1,PORTFOLIO,46,0,21.591171815915505,21.591171815915505,0.32608695652173914,1.1045501885497855,18.045400436,-5.9992177480849005,22561.4275,27,False,0.10206359490130844,992.8592644247473,True,2024-06-10T18:16:00+00:00,False
train_2023_2024,cci_h1_chop_h6,personal,cost1,BTCUSDT,25,0,104.38665610454709,104.38665610454709,0.4,1.9917849374240233,10.861621476000002,-4.281712419452901,13548.360300000002,19,False,,,True,2024-06-10T18:16:00+00:00,False
train_2023_2024,cci_h1_chop_h6,personal,cost1,ETHUSDT,21,0,-82.79548428863157,-82.79548428863157,0.23809523809523808,0.18237663493313655,7.183778960000001,-1.7175053286320001,9013.067200000001,18,False,,,True,2024-06-10T18:16:00+00:00,False
train_2023_2024,cci_h1_chop_h6,personal,cost2,PORTFOLIO,46,0,-37.873751087172806,-37.873751087172806,0.2391304347826087,0.8228298216015718,30.293682512000004,-10.2717085751732,18955.366100000003,27,False,0.10303322474960361,990.3891163977298,True,2024-06-10T18:16:00+00:00,False
train_2023_2024,cci_h1_chop_h6,personal,cost2,BTCUSDT,25,0,54.90178631075508,54.90178631075508,0.32,1.5094278871486662,18.105751872000003,-7.1826018172452,11303.182100000002,19,False,,,True,2024-06-10T18:16:00+00:00,False
train_2023_2024,cci_h1_chop_h6,personal,cost2,ETHUSDT,21,0,-92.77553739792789,-92.77553739792789,0.14285714285714285,0.12475086365031676,12.187930640000001,-3.089106757928,7652.184,18,False,,,True,2024-06-10T18:16:00+00:00,False
train_2023_2024,cci_h1_chop_h4,personal,cost1,PORTFOLIO,77,0,-46.254984510741544,-46.254984510741544,0.2987012987012987,0.8409310051146813,24.89578034,-7.418014170741801,31210.559510000003,46,False,0.08769525016336199,979.1585438265746,False,,False
train_2023_2024,cci_h1_chop_h4,personal,cost1,BTCUSDT,42,0,14.837407504945194,14.837407504945194,0.2857142857142857,1.0913967921779797,14.758551660000002,-4.9119508350548005,18483.037210000002,31,False,,,False,,False
train_2023_2024,cci_h1_chop_h4,personal,cost1,ETHUSDT,35,0,-61.09239201568674,-61.09239201568674,0.3142857142857143,0.5243696169424877,10.137228680000002,-2.506063335687,12727.5223,30,False,,,False,,False
train_2023_2024,cci_h1_chop_h4,personal,cost2,PORTFOLIO,70,0,-100.95127577929759,-100.95127577929759,0.22857142857142856,0.6341019279189616,39.000670416000006,-11.6313853632981,24466.917110000002,43,False,0.10134111114448266,941.2387242207024,True,2024-11-09T22:46:00+00:00,False
train_2023_2024,cci_h1_chop_h4,personal,cost2,BTCUSDT,37,0,-21.09412577548785,-21.09412577548785,0.24324324324324326,0.8583068577588278,22.404608816000003,-7.5996969594881,14039.910010000001,28,False,,,True,2024-11-09T22:46:00+00:00,False
train_2023_2024,cci_h1_chop_h4,personal,cost2,ETHUSDT,33,0,-79.85715000380975,-79.85715000380975,0.21212121212121213,0.37134266202199084,16.596061600000002,-4.0316884038100005,10427.0071,29,False,,,True,2024-11-09T22:46:00+00:00,False
train_2023_2024,cci_h1_chop_h1,personal,cost1,PORTFOLIO,109,1,30.670416597629185,36.46564355262917,0.3119266055045872,1.1221369233966132,28.383711992000002,-8.5489114103712,35572.823410000005,65,True,0.08010241394503037,981.8479768370554,False,,False
train_2023_2024,cci_h1_chop_h1,personal,cost1,BTCUSDT,58,1,49.77238248895491,55.56760944395489,0.3448275862068966,1.3768893816344978,15.635782992000003,-4.5953745190452,19557.829910000004,49,False,,,False,,False
train_2023_2024,cci_h1_chop_h1,personal,cost1,ETHUSDT,51,0,-19.101965891325726,-19.101965891325726,0.27450980392156865,0.873602538216691,12.747929000000001,-3.9535368913260003,16014.9935,42,False,,,False,,False
train_2023_2024,cci_h1_chop_h1,personal,cost2,PORTFOLIO,45,0,-86.17402177005555,-86.17402177005555,0.2222222222222222,0.47014162802810316,24.330922184000002,-4.0236095860556,15264.862120000002,28,False,0.10012758307830653,956.0159782299445,True,2023-12-27T11:16:00+00:00,False
train_2023_2024,cci_h1_chop_h1,personal,cost2,BTCUSDT,23,0,-29.492870353135544,-29.492870353135544,0.2608695652173913,0.5869582215137332,11.411085784000003,-2.2845945691356,7145.869020000001,18,False,,,True,2023-12-27T11:16:00+00:00,False
train_2023_2024,cci_h1_chop_h1,personal,cost2,ETHUSDT,22,0,-56.68115141692001,-56.68115141692001,0.18181818181818182,0.3787132476141338,12.919836400000001,-1.73901501692,8118.993100000001,19,False,,,True,2023-12-27T11:16:00+00:00,False
train_2023_2024,cci_h1_chop_m30,personal,cost1,PORTFOLIO,28,0,-106.66836586492211,-106.66836586492211,0.17857142857142858,0.1454468231616216,8.131991348000001,-1.0065045169223001,10213.754120000001,16,False,0.1027962430746493,935.521634135078,True,2023-08-17T16:01:00+00:00,False
train_2023_2024,cci_h1_chop_m30,personal,cost1,BTCUSDT,16,0,-72.06330203382619,-72.06330203382619,0.125,0.019622560622454415,4.466903708,-0.47062832582630004,5617.1925200000005,9,False,,,True,2023-08-17T16:01:00+00:00,False
train_2023_2024,cci_h1_chop_m30,personal,cost1,ETHUSDT,12,0,-34.60506383109592,-34.60506383109592,0.25,0.3256724327110138,3.6650876400000003,-0.535876191096,4596.5616,11,False,,,True,2023-08-17T16:01:00+00:00,False
train_2023_2024,cci_h1_chop_m30,personal,cost2,PORTFOLIO,26,0,-106.0540634403557,-106.0540634403557,0.15384615384615385,0.1238053048599046,12.979292512000002,-1.5674109283558002,8157.811500000001,15,False,0.10176077628873408,936.1359365596443,True,2023-08-01T19:01:00+00:00,False
train_2023_2024,cci_h1_chop_m30,personal,cost2,BTCUSDT,16,0,-78.0855903060878,-78.0855903060878,0.0625,0.007917247173453977,8.074245472000001,-0.8639848340878001,5080.9771,9,False,,,True,2023-08-01T19:01:00+00:00,False
train_2023_2024,cci_h1_chop_m30,personal,cost2,ETHUSDT,10,0,-27.96847313426792,-27.96847313426792,0.3,0.33928527632229843,4.90504704,-0.7034260942680001,3076.8344,10,False,,,True,2023-08-01T19:01:00+00:00,False
train_2023_2024,cci_h1_chop_m15,personal,cost1,PORTFOLIO,27,0,-23.662163894776114,-23.662163894776114,0.18518518518518517,0.8138171042722036,10.368430704000001,-2.2215131907762,12966.07449,14,False,0.10061888248315315,1018.527836105224,True,2023-05-10T13:06:00+00:00,False
train_2023_2024,cci_h1_chop_m15,personal,cost1,BTCUSDT,18,0,-79.14143586647822,-79.14143586647822,0.1111111111111111,0.12016038282749757,6.843375944000002,-0.8279399224782,8589.95499,12,False,,,True,2023-05-10T13:06:00+00:00,False
train_2023_2024,cci_h1_chop_m15,personal,cost1,ETHUSDT,9,0,55.4792719717021,55.4792719717021,0.3333333333333333,2.4937425054328375,3.52505476,-1.393573268298,4376.1195,7,False,,,True,2023-05-10T13:06:00+00:00,False
train_2023_2024,cci_h1_chop_m15,personal,cost2,PORTFOLIO,26,0,-51.028831436543335,-51.028831436543335,0.11538461538461539,0.598900931642191,17.069084744,-3.5704966925432005,10683.37259,13,False,0.10466504755031657,991.1611685634567,True,2023-05-05T02:06:00+00:00,False
train_2023_2024,cci_h1_chop_m15,personal,cost2,BTCUSDT,17,0,-79.42940168619725,-79.42940168619725,0.058823529411764705,0.10147337018569154,11.132894744000001,-1.3823569421972002,6991.5162900000005,11,False,,,True,2023-05-05T02:06:00+00:00,False
train_2023_2024,cci_h1_chop_m15,personal,cost2,ETHUSDT,9,0,28.400570249653928,28.400570249653928,0.2222222222222222,1.7315416019792782,5.936190000000001,-2.188139750346,3691.8563000000004,7,False,,,True,2023-05-05T02:06:00+00:00,False
train_2023_2024,cci_h1_chop_m5,personal,cost1,PORTFOLIO,43,0,-24.101069201111258,-24.101069201111258,0.2558139534883721,0.8788612960508246,18.366476136000003,-3.5348530651113004,22959.195040000002,15,False,0.10100644493447042,1018.0889307988888,True,2023-05-09T20:06:00+00:00,False
train_2023_2024,cci_h1_chop_m5,personal,cost1,BTCUSDT,26,0,-83.17523647506736,-83.17523647506736,0.2692307692307692,0.33231966373010463,11.461125256000003,-1.6369712190673003,14361.445140000002,12,False,,,True,2023-05-09T20:06:00+00:00,False
train_2023_2024,cci_h1_chop_m5,personal,cost1,ETHUSDT,17,0,59.0741672739561,59.0741672739561,0.23529411764705882,1.7942116667193775,6.90535088,-1.8978818460440001,8597.7499,12,False,,,True,2023-05-09T20:06:00+00:00,False
train_2023_2024,cci_h1_chop_m5,personal,cost2,PORTFOLIO,23,0,-51.33286162057215,-51.33286162057215,0.13043478260869565,0.5685940061200496,15.529020752000001,-3.5464808685722002,9721.766650000001,10,False,0.10493968386476711,990.8571383794279,True,2023-03-28T19:56:00+00:00,False
train_2023_2024,cci_h1_chop_m5,personal,cost2,BTCUSDT,14,0,-55.51184483774211,-55.51184483774211,0.14285714285714285,0.2301636446674156,8.889217472,-1.5473673657422002,5578.29855,7,False,,,True,2023-03-28T19:56:00+00:00,False
train_2023_2024,cci_h1_chop_m5,personal,cost2,ETHUSDT,9,0,4.178983217169959,4.178983217169959,0.1111111111111111,1.0891401347525593,6.639803280000001,-1.99911350283,4143.4681,7,False,,,True,2023-03-28T19:56:00+00:00,False
train_2023_2024,cci_h1_chop_m3,personal,cost1,PORTFOLIO,20,0,-39.003024647523496,-39.003024647523496,0.2,0.6899236815765906,8.879278272,-2.1930263755236,11113.0632,9,False,0.10594947780360413,1003.1869753524766,True,2023-03-17T02:11:00+00:00,False
train_2023_2024,cci_h1_chop_m3,personal,cost1,BTCUSDT,12,0,-64.31938336813359,-64.31938336813359,0.16666666666666666,0.16323635908510545,4.775815432000001,-0.7947479361336001,5999.1437000000005,7,False,,,True,2023-03-17T02:11:00+00:00,False
train_2023_2024,cci_h1_chop_m3,personal,cost1,ETHUSDT,8,0,25.316358720610083,25.316358720610083,0.25,1.5175222790768925,4.103462840000001,-1.39827843939,5113.9195,6,False,,,True,2023-03-17T02:11:00+00:00,False
train_2023_2024,cci_h1_chop_m3,personal,cost2,PORTFOLIO,19,0,-59.27737999326993,-59.27737999326993,0.10526315789473684,0.498054350560034,13.623298864,-3.39758112927,8535.690040000001,8,False,0.1036337800628944,982.9126200067301,True,2023-03-06T15:51:00+00:00,False
train_2023_2024,cci_h1_chop_m3,personal,cost2,BTCUSDT,11,0,-60.05057422399988,-60.05057422399988,0.09090909090909091,0.11440772202947312,6.867478944000001,-1.25949528,4318.1361400000005,6,False,,,True,2023-03-06T15:51:00+00:00,False
train_2023_2024,cci_h1_chop_m3,personal,cost2,ETHUSDT,8,0,0.7731942307299504,0.7731942307299504,0.125,1.0153756773855218,6.75581992,-2.13808584927,4217.5539,6,False,,,True,2023-03-06T15:51:00+00:00,False
train_2023_2024,cci_h1_chop_m1,personal,cost1,PORTFOLIO,20,0,-73.09969611574505,-73.09969611574505,0.2,0.4278846292636122,8.217028964,-1.8455171517450002,10302.80478,8,False,0.10295902516936692,969.090303884255,True,2023-02-26T20:31:00+00:00,False
train_2023_2024,cci_h1_chop_m1,personal,cost1,BTCUSDT,13,0,-74.82776085000002,-74.82776085000002,0.15384615384615385,0.11668663768642404,4.711268844000001,-0.8526420060000001,5923.71798,6,False,,,True,2023-02-26T20:31:00+00:00,False
train_2023_2024,cci_h1_chop_m1,personal,cost1,ETHUSDT,7,0,1.7280647342549766,1.7280647342549766,0.2857142857142857,1.0401331271363765,3.5057601200000006,-0.9928751457450001,4379.0868,5,False,,,True,2023-02-26T20:31:00+00:00,False
train_2023_2024,cci_h1_chop_m1,personal,cost2,PORTFOLIO,19,0,-84.6843890229698,-84.6843890229698,0.15789473684210525,0.31814889226738824,13.679450872,-2.9362881509700003,8583.691120000001,7,False,0.10569888592391974,957.5056109770303,True,2023-02-20T14:26:00+00:00,False
train_2023_2024,cci_h1_chop_m1,personal,cost2,BTCUSDT,12,0,-74.63928666999989,-74.63928666999989,0.08333333333333333,0.07509857652130963,7.7242655120000006,-1.274871158,4860.48602,5,False,,,True,2023-02-20T14:26:00+00:00,False
train_2023_2024,cci_h1_chop_m1,personal,cost2,ETHUSDT,7,0,-10.045102352969906,-10.045102352969906,0.2857142857142857,0.7690677656297349,5.955185360000001,-1.6614169929700002,3723.2051,5,False,,,True,2023-02-20T14:26:00+00:00,False
train_2023_2024,cci_m30_chop_w,personal,cost1,PORTFOLIO,82,1,42.736741028533125,39.49748910353307,0.34146341463414637,1.101686763156804,47.551308520000006,-21.456230451466503,59383.263510000004,26,False,0.08072117035142302,1009.2756619888904,False,,False
train_2023_2024,cci_m30_chop_w,personal,cost1,BTCUSDT,74,1,71.35528137512213,68.11602945012207,0.35135135135135137,1.1955854650613764,45.163300760000006,-19.5026978648775,56386.11531000001,26,False,,,False,,False
train_2023_2024,cci_m30_chop_w,personal,cost1,ETHUSDT,8,0,-28.618540346589,-28.618540346589,0.25,0.2873119505795047,2.3880077600000003,-1.9535325865890003,2997.1482,3,False,,,False,,False
train_2023_2024,cci_m30_chop_w,personal,cost2,PORTFOLIO,69,0,-53.36472344477887,-53.36472344477887,0.34782608695652173,0.8345478020874746,61.59072375200001,-30.902629692779,38474.63803,22,False,0.10399729822799494,988.8252765552212,True,2024-12-06T17:41:00+00:00,False
train_2023_2024,cci_m30_chop_w,personal,cost2,BTCUSDT,61,0,-22.2181246511729,-22.2181246511729,0.36065573770491804,0.9216755872629586,57.76867039200001,-27.773384259173003,36073.75703,22,False,,,True,2024-12-06T17:41:00+00:00,False
train_2023_2024,cci_m30_chop_w,personal,cost2,ETHUSDT,8,0,-31.146598793605968,-31.146598793605968,0.25,0.1987122981538013,3.8220533600000004,-3.129245433606,2400.8810000000003,3,False,,,True,2024-12-06T17:41:00+00:00,False
train_2023_2024,cci_m30_chop_d,personal,cost1,PORTFOLIO,11,0,-59.97473116406391,-59.97473116406391,0.09090909090909091,0.008414310978227021,5.426447692000001,-0.9973734720640001,6809.835070000001,2,False,0.0657907494382088,982.2152688359362,True,2023-01-22T14:56:00+00:00,False
train_2023_2024,cci_m30_chop_d,personal,cost1,BTCUSDT,5,0,-35.26430182200011,-35.26430182200011,0.0,0.0,2.5912745720000006,-0.26591725,3255.2967700000004,1,False,,,True,2023-01-22T14:56:00+00:00,False
train_2023_2024,cci_m30_chop_d,personal,cost1,ETHUSDT,6,0,-24.710429342063808,-24.710429342063808,0.16666666666666666,0.020180066709853502,2.8351731200000003,-0.731456222064,3554.5383,2,False,,,True,2023-01-22T14:56:00+00:00,False
train_2023_2024,cci_m30_chop_d,personal,cost2,PORTFOLIO,11,0,-66.86890455478408,-66.86890455478408,0.0,0.0,9.215286992000001,-1.7581775627840002,5787.502090000001,2,False,0.0700226955578112,975.321095445216,True,2023-01-22T14:56:00+00:00,False
train_2023_2024,cci_m30_chop_d,personal,cost2,BTCUSDT,5,0,-37.66831985600008,-37.66831985600008,0.0,0.0,4.372358032000001,-0.44672182400000005,2749.1483900000003,1,False,,,True,2023-01-22T14:56:00+00:00,False
train_2023_2024,cci_m30_chop_d,personal,cost2,ETHUSDT,6,0,-29.200584698784002,-29.200584698784002,0.0,0.0,4.84292896,-1.311455738784,3038.3537,2,False,,,True,2023-01-22T14:56:00+00:00,False
train_2023_2024,cci_m30_chop_h12,personal,cost1,PORTFOLIO,32,0,-45.583307849269914,-45.583307849269914,0.25,0.7118406832166398,15.841432460000002,-3.1709653892702003,19816.231320000003,17,False,0.10427278411925671,985.572037062936,True,2024-02-09T12:11:00+00:00,False
train_2023_2024,cci_m30_chop_h12,personal,cost1,BTCUSDT,19,0,-4.742472714279086,-4.742472714279086,0.3157894736842105,0.9508654707610555,10.286117260000001,-1.7572454542792002,12832.49082,11,False,,,True,2024-02-09T12:11:00+00:00,False
train_2023_2024,cci_m30_chop_h12,personal,cost1,ETHUSDT,13,0,-40.84083513499083,-40.84083513499083,0.15384615384615385,0.3377273462914844,5.555315200000001,-1.413719934991,6983.740500000001,9,False,,,True,2024-02-09T12:11:00+00:00,False
train_2023_2024,cci_m30_chop_h12,personal,cost2,PORTFOLIO,31,0,-76.61114703816781,-76.61114703816781,0.22580645161290322,0.5247793262449744,25.288278368000004,-5.491188670167901,15821.257950000001,17,False,0.10208699458092903,965.1009588218321,True,2024-01-28T01:31:00+00:00,False
train_2023_2024,cci_m30_chop_h12,personal,cost2,BTCUSDT,19,0,-28.790710881813958,-28.790710881813958,0.2631578947368421,0.7163697726957077,16.873701248000003,-3.0385296338139005,10528.92285,11,False,,,True,2024-01-28T01:31:00+00:00,False
train_2023_2024,cci_m30_chop_h12,personal,cost2,ETHUSDT,12,0,-47.820436156353864,-47.820436156353864,0.16666666666666666,0.19903895573004937,8.41457712,-2.452659036354,5292.3351,9,False,,,True,2024-01-28T01:31:00+00:00,False
train_2023_2024,cci_m30_chop_h6,personal,cost1,PORTFOLIO,53,0,205.005819111705,205.005819111705,0.2830188679245283,1.7633127823101828,27.127617136000005,-8.6572837522954,33903.93162,29,False,0.10305181443530151,989.983854140404,True,2024-05-21T00:21:00+00:00,False
train_2023_2024,cci_m30_chop_h6,personal,cost1,BTCUSDT,30,0,309.26942105253136,309.26942105253136,0.4,3.3667508650788864,16.690055176,-6.1147437714684,20806.69352,22,False,,,True,2024-05-21T00:21:00+00:00,False
train_2023_2024,cci_m30_chop_h6,personal,cost1,ETHUSDT,23,0,-104.26360194082636,-104.26360194082636,0.13043478260869565,0.2439255374829714,10.437561960000002,-2.542539980827,13097.2381,19,False,,,True,2024-05-21T00:21:00+00:00,False
train_2023_2024,cci_m30_chop_h6,personal,cost2,PORTFOLIO,53,0,60.31352163387984,60.31352163387984,0.22641509433962265,1.2178001278802792,44.194603632,-14.7869547341206,27638.901250000003,29,False,0.1085596116166259,985.1862943822512,True,2024-05-21T00:21:00+00:00,False
train_2023_2024,cci_m30_chop_h6,personal,cost2,BTCUSDT,30,0,181.1867583332416,181.1867583332416,0.3333333333333333,2.3463542258482413,26.941882512000003,-10.1638391547586,16806.930750000003,22,False,,,True,2024-05-21T00:21:00+00:00,False
train_2023_2024,cci_m30_chop_h6,personal,cost2,ETHUSDT,23,0,-120.87323669936178,-120.87323669936178,0.08695652173913043,0.1508465685075154,17.25272112,-4.6231155793620005,10831.970500000001,19,False,,,True,2024-05-21T00:21:00+00:00,False
train_2023_2024,cci_m30_chop_h4,personal,cost1,PORTFOLIO,18,0,-94.22422305667487,-94.22422305667487,0.1111111111111111,0.0428299180663652,7.532360716000001,-0.9784723406750001,9444.77627,9,False,0.10436815180748939,947.9657769433252,True,2023-08-02T15:21:00+00:00,False
train_2023_2024,cci_m30_chop_h4,personal,cost1,BTCUSDT,9,0,-44.59903990814305,-44.59903990814305,0.2222222222222222,0.08637047524015866,3.367435356000001,-0.3244145521430001,4216.216470000001,6,False,,,True,2023-08-02T15:21:00+00:00,False
train_2023_2024,cci_m30_chop_h4,personal,cost1,ETHUSDT,9,0,-49.625183148531825,-49.625183148531825,0.0,0.0,4.164925360000001,-0.654057788532,5228.5598,5,False,,,True,2023-08-02T15:21:00+00:00,False
train_2023_2024,cci_m30_chop_h4,personal,cost2,PORTFOLIO,18,0,-102.7083642947328,-102.7083642947328,0.05555555555555555,0.020734028755239216,12.940024112000001,-1.7880001827328,8118.204540000001,9,False,0.10402229163072148,939.4816357052673,True,2023-08-02T15:21:00+00:00,False
train_2023_2024,cci_m30_chop_h4,personal,cost2,BTCUSDT,9,0,-48.94556989812481,-48.94556989812481,0.1111111111111111,0.04253986965995483,5.826504272000001,-0.6007256261248001,3649.5236400000003,6,False,,,True,2023-08-02T15:21:00+00:00,False
train_2023_2024,cci_m30_chop_h4,personal,cost2,ETHUSDT,9,0,-53.762794396607994,-53.762794396607994,0.0,0.0,7.11351984,-1.187274556608,4468.6809,5,False,,,True,2023-08-02T15:21:00+00:00,False
train_2023_2024,cci_m30_chop_h1,personal,cost1,PORTFOLIO,22,0,-85.47576510259218,-85.47576510259218,0.13636363636363635,0.1289855808655684,8.348083608000001,-0.8884614945922,10457.244490000001,16,False,0.10653429636654362,956.7142348974079,True,2023-08-01T12:26:00+00:00,False
train_2023_2024,cci_m30_chop_h1,personal,cost1,BTCUSDT,13,0,-44.13086931387018,-44.13086931387018,0.07692307692307693,0.08998701572141962,4.188226208000001,-0.3763231058702,5239.08629,11,False,,,True,2023-08-01T12:26:00+00:00,False
train_2023_2024,cci_m30_chop_h1,personal,cost1,ETHUSDT,9,0,-41.344895788722,-41.344895788722,0.2222222222222222,0.1670853313130485,4.1598574,-0.512138388722,5218.1582,9,False,,,True,2023-08-01T12:26:00+00:00,False
train_2023_2024,cci_m30_chop_h1,personal,cost2,PORTFOLIO,20,0,-84.77198387350263,-84.77198387350263,0.15,0.10610327034683437,12.161693864000002,-1.1521600095025002,7620.71294,16,False,0.10134146063998606,956.4815620510415,True,2023-07-13T17:41:00+00:00,False
train_2023_2024,cci_m30_chop_h1,personal,cost2,BTCUSDT,12,0,-48.1570907633285,-48.1570907633285,0.08333333333333333,0.07180929865892588,6.6700483440000005,-0.5892124193285001,4173.154340000001,11,False,,,True,2023-07-13T17:41:00+00:00,False
train_2023_2024,cci_m30_chop_h1,personal,cost2,ETHUSDT,8,0,-36.61489311017413,-36.61489311017413,0.25,0.14752831693127996,5.4916455200000005,-0.5629475901740001,3447.5586000000003,8,False,,,True,2023-07-13T17:41:00+00:00,False
train_2023_2024,cci_m30_chop_m30,personal,cost1,PORTFOLIO,30,0,-110.1418460145254,-110.1418460145254,0.13333333333333333,0.21157725492157617,8.959338204000002,-1.4435978105255,11249.042210000001,17,False,0.10630787587184423,932.0481539854748,True,2023-08-17T16:01:00+00:00,False
train_2023_2024,cci_m30_chop_m30,personal,cost1,BTCUSDT,16,0,-70.89258082153742,-70.89258082153742,0.125,0.0198034306933032,4.545345924,-0.6228248975375,5714.544610000001,11,False,,,True,2023-08-17T16:01:00+00:00,False
train_2023_2024,cci_m30_chop_m30,personal,cost1,ETHUSDT,14,0,-39.249265192987984,-39.249265192987984,0.14285714285714285,0.41744291025856195,4.41399228,-0.820772912988,5534.497600000001,12,False,,,True,2023-08-17T16:01:00+00:00,False
train_2023_2024,cci_m30_chop_m30,personal,cost2,PORTFOLIO,27,0,-104.30436384495175,-104.30436384495175,0.1111111111111111,0.1855196904558233,13.577114264000002,-2.3136195809518,8529.90323,15,False,0.10037385200503078,937.8856361550482,True,2023-07-20T10:11:00+00:00,False
train_2023_2024,cci_m30_chop_m30,personal,cost2,BTCUSDT,16,0,-77.39334169954385,-77.39334169954385,0.0625,0.007987497741508998,8.188070664000001,-1.1289410355438,5151.582330000001,11,False,,,True,2023-07-20T10:11:00+00:00,False
train_2023_2024,cci_m30_chop_m30,personal,cost2,ETHUSDT,11,0,-26.911022145407905,-26.911022145407905,0.18181818181818182,0.4622740086543049,5.3890436,-1.184678545408,3378.3208999999997,10,False,,,True,2023-07-20T10:11:00+00:00,False
train_2023_2024,cci_m30_chop_m15,personal,cost1,PORTFOLIO,30,0,-25.16912346222625,-25.16912346222625,0.2,0.836023397955347,12.096906524000001,-2.6572269382263003,15126.340650000002,13,False,0.10194955890826561,1017.0208765377738,True,2023-05-02T14:31:00+00:00,False
train_2023_2024,cci_m30_chop_m15,personal,cost1,BTCUSDT,19,0,-65.68829240392836,-65.68829240392836,0.15789473684210525,0.352128573739228,7.982824364000002,-1.1552780399283,10006.805550000001,11,False,,,True,2023-05-02T14:31:00+00:00,False
train_2023_2024,cci_m30_chop_m15,personal,cost1,ETHUSDT,11,0,40.519168941702105,40.519168941702105,0.2727272727272727,1.7777008940108028,4.11408216,-1.501948898298,5119.5351,8,False,,,True,2023-05-02T14:31:00+00:00,False
train_2023_2024,cci_m30_chop_m15,personal,cost2,PORTFOLIO,30,0,-65.15391771012231,-65.15391771012231,0.13333333333333333,0.5917350478320237,20.45762952,-4.368128190122301,12806.182530000002,13,False,0.11742450973287162,977.0360822898778,True,2023-05-02T14:31:00+00:00,False
train_2023_2024,cci_m30_chop_m15,personal,cost2,BTCUSDT,19,0,-77.55285770583622,-77.55285770583622,0.10526315789473684,0.2684116861564215,13.53618456,-1.9897131458363002,8491.128830000001,11,False,,,True,2023-05-02T14:31:00+00:00,False
train_2023_2024,cci_m30_chop_m15,personal,cost2,ETHUSDT,11,0,12.398939995713906,12.398939995713906,0.18181818181818182,1.2314046984193758,6.9214449600000005,-2.378415044286,4315.0537,8,False,,,True,2023-05-02T14:31:00+00:00,False
train_2023_2024,cci_m30_chop_m5,personal,cost1,PORTFOLIO,10,0,17.00051243021021,17.00051243021021,0.1,1.2972851216329853,5.618280908000001,-1.82181666179,7010.63083,2,False,0.06471289937891347,1035.4084231260742,True,2023-01-22T15:11:00+00:00,False
train_2023_2024,cci_m30_chop_m5,personal,cost1,BTCUSDT,4,0,-27.718341512000038,-27.718341512000038,0.0,0.0,2.2120568280000006,-0.22849468400000003,2777.7099300000004,1,False,,,True,2023-01-22T15:11:00+00:00,False
train_2023_2024,cci_m30_chop_m5,personal,cost1,ETHUSDT,6,0,44.71885394221025,44.71885394221025,0.16666666666666666,2.51756306851173,3.40622408,-1.5933219777899998,4232.9209,2,False,,,True,2023-01-22T15:11:00+00:00,False
train_2023_2024,cci_m30_chop_m5,personal,cost2,PORTFOLIO,10,0,-9.422376526726108,-9.422376526726108,0.1,0.8442129474186945,9.231806064,-2.909470462726,5768.519340000001,2,False,0.06708113636635442,1032.767623473274,True,2023-01-22T15:11:00+00:00,False
train_2023_2024,cci_m30_chop_m5,personal,cost2,BTCUSDT,4,0,-29.42523276600007,-29.42523276600007,0.0,0.0,3.715326064,-0.37800670199999997,2334.74474,1,False,,,True,2023-01-22T15:11:00+00:00,False
train_2023_2024,cci_m30_chop_m5,personal,cost2,ETHUSDT,6,0,20.002856239273967,20.002856239273967,0.16666666666666666,1.6440654767348064,5.5164800000000005,-2.531463760726,3433.7746,2,False,,,True,2023-01-22T15:11:00+00:00,False
train_2023_2024,cci_m30_chop_m3,personal,cost1,PORTFOLIO,10,0,1.7555267082102857,1.7555267082102857,0.1,1.0242372722992128,5.985337044,-1.88848624779,7476.85663,3,False,0.06962503877192824,1025.0017543260742,True,2023-01-22T17:31:00+00:00,False
train_2023_2024,cci_m30_chop_m3,personal,cost1,BTCUSDT,3,0,-25.372642423999935,-25.372642423999935,0.0,0.0,1.6388873640000001,-0.21270506,2060.3697300000003,1,False,,,True,2023-01-22T17:31:00+00:00,False
train_2023_2024,cci_m30_chop_m3,personal,cost1,ETHUSDT,7,0,27.128169132210218,27.128169132210218,0.14285714285714285,1.5764809001025493,4.34644968,-1.67578118779,5416.4869,3,False,,,True,2023-01-22T17:31:00+00:00,False
train_2023_2024,cci_m30_chop_m3,personal,cost2,PORTFOLIO,10,0,-23.075284828726083,-23.075284828726083,0.1,0.6887410066092301,9.763811168000002,-3.007193660726,6107.53412,3,False,0.07061931414198341,1019.1147151712739,True,2023-01-22T17:31:00+00:00,False
train_2023_2024,cci_m30_chop_m3,personal,cost2,BTCUSDT,3,0,-26.210286288000024,-26.210286288000024,0.0,0.0,2.7356803680000006,-0.35322592,1721.3609200000003,1,False,,,True,2023-01-22T17:31:00+00:00,False
train_2023_2024,cci_m30_chop_m3,personal,cost2,ETHUSDT,7,0,3.1350014592739424,3.1350014592739424,0.14285714285714285,1.0654146960121242,7.0281308000000005,-2.6539677407260003,4386.1732,3,False,,,True,2023-01-22T17:31:00+00:00,False
train_2023_2024,cci_m30_chop_m1,personal,cost1,PORTFOLIO,11,0,-34.11467990080903,-34.11467990080903,0.09090909090909091,0.5341806472318358,5.814748148000001,-1.4402417528090001,7281.865030000001,3,False,0.06687244292923439,1008.075320099191,True,2023-01-22T17:11:00+00:00,False
train_2023_2024,cci_m30_chop_m1,personal,cost1,BTCUSDT,5,0,-36.20534795300011,-36.20534795300011,0.0,0.0,2.6585959080000006,-0.273062045,3339.8817300000005,1,False,,,True,2023-01-22T17:11:00+00:00,False
train_2023_2024,cci_m30_chop_m1,personal,cost1,ETHUSDT,6,0,2.0906680521910785,2.0906680521910785,0.16666666666666666,1.056457987164771,3.1561522400000004,-1.167179707809,3941.9833000000003,3,False,,,True,2023-01-22T17:11:00+00:00,False
train_2023_2024,cci_m30_chop_m1,personal,cost2,PORTFOLIO,10,0,-36.702971635754054,-36.702971635754054,0.1,0.44920523313274296,8.954845536,-2.4622060997540003,5609.421420000001,3,False,0.060884699424739196,1005.487028364246,True,2023-01-22T14:56:00+00:00,False
train_2023_2024,cci_m30_chop_m1,personal,cost2,BTCUSDT,5,0,-38.37502390400008,-38.37502390400008,0.0,0.0,4.458620736000001,-0.45608316800000004,2803.3681200000005,1,False,,,True,2023-01-22T14:56:00+00:00,False
train_2023_2024,cci_m30_chop_m1,personal,cost2,ETHUSDT,5,0,1.6720522682460297,1.6720522682460297,0.2,1.0591638993193702,4.4962248,-2.006122931754,2806.0533,3,False,,,True,2023-01-22T14:56:00+00:00,False
train_2023_2024,cci_m15_chop_w,personal,cost1,PORTFOLIO,56,0,27.2006801748924,27.2006801748924,0.3392857142857143,1.0874289898233267,38.751996688000006,-15.5534031371077,48399.24282000001,16,False,0.10212532725011893,1009.4925946870998,True,2024-03-23T12:51:00+00:00,False
train_2023_2024,cci_m15_chop_w,personal,cost1,BTCUSDT,52,0,55.48676075072638,55.48676075072638,0.34615384615384615,1.1973908758077443,37.37153764800001,-14.2737816012737,46660.85602000001,16,False,,,True,2024-03-23T12:51:00+00:00,False
train_2023_2024,cci_m15_chop_w,personal,cost1,ETHUSDT,4,0,-28.286080575833978,-28.286080575833978,0.25,0.057647745943954116,1.3804590400000003,-1.279621535834,1738.3868,2,False,,,True,2024-03-23T12:51:00+00:00,False
train_2023_2024,cci_m15_chop_w,personal,cost2,PORTFOLIO,42,0,-30.953030721861932,-30.953030721861932,0.30952380952380953,0.8767533254360753,50.966337040000006,-13.518833681862201,31837.194580000003,13,False,0.10557075959492261,1004.490045416352,True,2024-01-19T18:51:00+00:00,False
train_2023_2024,cci_m15_chop_w,personal,cost2,BTCUSDT,42,0,-30.953030721861932,-30.953030721861932,0.30952380952380953,0.8767533254360753,50.966337040000006,-13.518833681862201,31837.194580000003,13,False,,,True,2024-01-19T18:51:00+00:00,False
train_2023_2024,cci_m15_chop_w,personal,cost2,ETHUSDT,0,0,0,0,,,0,0,0,0,False,,,True,2024-01-19T18:51:00+00:00,False
train_2023_2024,cci_m15_chop_d,personal,cost1,PORTFOLIO,11,0,-49.85559765842395,-49.85559765842395,0.18181818181818182,0.10398281177987954,6.196220240000001,-1.380297418424,7766.41484,2,False,0.07470079667998629,992.334402341576,True,2023-01-22T14:56:00+00:00,False
train_2023_2024,cci_m15_chop_d,personal,cost1,BTCUSDT,5,0,-28.06432905300017,-28.06432905300017,0.2,0.15826735795027116,3.2391239200000004,-0.5159251330000001,4061.05954,1,False,,,True,2023-01-22T14:56:00+00:00,False
train_2023_2024,cci_m15_chop_d,personal,cost1,ETHUSDT,6,0,-21.791268605423785,-21.791268605423785,0.16666666666666666,0.022821696225466443,2.9570963200000002,-0.8643722854240001,3705.3553,2,False,,,True,2023-01-22T14:56:00+00:00,False
train_2023_2024,cci_m15_chop_d,personal,cost2,PORTFOLIO,11,0,-59.35980208616006,-59.35980208616006,0.09090909090909091,0.039105047332113396,10.392104680000001,-2.3727674061600004,6518.362890000001,2,False,0.07667071413634462,982.83019791384,True,2023-01-22T14:56:00+00:00,False
train_2023_2024,cci_m15_chop_d,personal,cost2,BTCUSDT,5,0,-32.43215520600002,-32.43215520600002,0.2,0.06932228258159712,5.354379240000001,-0.8486459660000002,3359.6015900000007,1,False,,,True,2023-01-22T14:56:00+00:00,False
train_2023_2024,cci_m15_chop_d,personal,cost2,ETHUSDT,6,0,-26.927646880160044,-26.927646880160044,0.0,0.0,5.037725440000001,-1.52412144016,3158.7613,2,False,,,True,2023-01-22T14:56:00+00:00,False
train_2023_2024,cci_m15_chop_h12,personal,cost1,PORTFOLIO,30,0,-43.55885018967515,-43.55885018967515,0.23333333333333334,0.7257257394328155,17.702782024,-2.7370481656756,22118.51925,14,False,0.1042642458343934,992.8724878649995,True,2023-10-29T06:16:00+00:00,False
train_2023_2024,cci_m15_chop_h12,personal,cost1,BTCUSDT,22,0,-50.99172247259139,-50.99172247259139,0.22727272727272727,0.6405930538066176,13.704663144000001,-1.5622393285916,17100.98155,10,False,,,True,2023-10-29T06:16:00+00:00,False
train_2023_2024,cci_m15_chop_h12,personal,cost1,ETHUSDT,8,0,7.432872282916246,7.432872282916246,0.25,1.4388400930385865,3.9981188800000003,-1.174808837084,5017.5377,6,False,,,True,2023-10-29T06:16:00+00:00,False
train_2023_2024,cci_m15_chop_h12,personal,cost2,PORTFOLIO,30,0,-79.57638596020516,-79.57638596020516,0.2,0.5195012869753562,28.561161240000004,-4.8296147202051,17846.08177,14,False,0.10119264376438207,962.6136140397949,True,2023-10-29T06:16:00+00:00,False
train_2023_2024,cci_m15_chop_h12,personal,cost2,BTCUSDT,22,0,-71.95123123281522,-71.95123123281522,0.18181818181818182,0.4981303178483962,21.884575880000003,-2.7209453528151,13656.335970000002,10,False,,,True,2023-10-29T06:16:00+00:00,False
train_2023_2024,cci_m15_chop_h12,personal,cost2,ETHUSDT,8,0,-7.625154727389939,-7.625154727389939,0.25,0.6572302580293308,6.67658536,-2.10866936739,4189.7458,6,False,,,True,2023-10-29T06:16:00+00:00,False
train_2023_2024,cci_m15_chop_h6,personal,cost1,PORTFOLIO,68,0,75.25917326266443,75.25917326266443,0.25,1.197492531984554,44.425694656000005,-7.867692081336701,55574.68961000001,32,False,0.10221447607472438,977.5365604187955,True,2024-04-08T16:56:00+00:00,False
train_2023_2024,cci_m15_chop_h6,personal,cost1,BTCUSDT,41,0,186.19295145068156,186.19295145068156,0.3170731707317073,1.7941109381855538,29.345933696000003,-4.8972748533187005,36680.47501,24,False,,,True,2024-04-08T16:56:00+00:00,False
train_2023_2024,cci_m15_chop_h6,personal,cost1,ETHUSDT,27,0,-110.93377818801713,-110.93377818801713,0.14814814814814814,0.2433220724906717,15.079760960000002,-2.9704172280180003,18894.214600000003,21,False,,,True,2024-04-08T16:56:00+00:00,False
train_2023_2024,cci_m15_chop_h6,personal,cost2,PORTFOLIO,61,0,-45.14164791330015,-45.14164791330015,0.19672131147540983,0.8673998186495463,65.282760056,-9.2450378572999,40846.425090000004,30,False,0.10836139268579631,966.1764110022264,True,2024-02-27T19:51:00+00:00,False
train_2023_2024,cci_m15_chop_h6,personal,cost2,BTCUSDT,36,0,63.53978864094393,63.53978864094393,0.25,1.3031795603215568,42.493489336,-5.008272023055901,26570.494390000003,21,False,,,True,2024-02-27T19:51:00+00:00,False
train_2023_2024,cci_m15_chop_h6,personal,cost2,ETHUSDT,25,0,-108.68143655424407,-108.68143655424407,0.12,0.16945908277646776,22.78927072,-4.236765834244,14275.9307,20,False,,,True,2024-02-27T19:51:00+00:00,False
train_2023_2024,cci_m15_chop_h4,personal,cost1,PORTFOLIO,20,0,-93.31427468989295,-93.31427468989295,0.1,0.1672483051967652,10.256092156000001,-1.4770725338930002,12853.453060000002,11,False,0.10699323272856409,948.8757253101071,True,2023-06-15T07:06:00+00:00,False
train_2023_2024,cci_m15_chop_h4,personal,cost1,BTCUSDT,10,0,-36.98885184761099,-36.98885184761099,0.2,0.3362837516949472,4.804691476000001,-0.618550371611,6014.194460000001,6,False,,,True,2023-06-15T07:06:00+00:00,False
train_2023_2024,cci_m15_chop_h4,personal,cost1,ETHUSDT,10,0,-56.32542284228196,-56.32542284228196,0.0,0.0,5.451400680000001,-0.8585221622820001,6839.258600000001,7,False,,,True,2023-06-15T07:06:00+00:00,False
train_2023_2024,cci_m15_chop_h4,personal,cost2,PORTFOLIO,17,0,-92.8280394266782,-92.8280394266782,0.058823529411764705,0.1274009844030324,14.154133664000002,-2.5123657626784,8884.41431,10,False,0.10040770085440531,949.3619605733219,True,2023-05-02T14:31:00+00:00,False
train_2023_2024,cci_m15_chop_h4,personal,cost2,BTCUSDT,8,0,-35.58243638651831,-35.58243638651831,0.125,0.2758302720388126,5.852657344000001,-0.9808390425184002,3672.2853100000007,5,False,,,True,2023-05-02T14:31:00+00:00,False
train_2023_2024,cci_m15_chop_h4,personal,cost2,ETHUSDT,9,0,-57.24560304015989,-57.24560304015989,0.0,0.0,8.30147632,-1.53152672016,5212.129,6,False,,,True,2023-05-02T14:31:00+00:00,False
train_2023_2024,cci_m15_chop_h1,personal,cost1,PORTFOLIO,23,0,-81.24037788894167,-81.24037788894167,0.17391304347826086,0.19785211551249415,8.744489372000002,-0.8132585169416001,10950.4734,16,False,0.10257891127978334,960.9496221110585,True,2023-07-15T07:01:00+00:00,False
train_2023_2024,cci_m15_chop_h1,personal,cost1,BTCUSDT,14,0,-46.976428736433654,-46.976428736433654,0.14285714285714285,0.20000206287628378,5.023267092000001,-0.5310316444336001,6283.815300000001,11,False,,,True,2023-07-15T07:01:00+00:00,False
train_2023_2024,cci_m15_chop_h1,personal,cost1,ETHUSDT,9,0,-34.26394915250802,-34.26394915250802,0.2222222222222222,0.19488565133930774,3.7212222800000005,-0.28222687250800005,4666.658100000001,9,False,,,True,2023-07-15T07:01:00+00:00,False
train_2023_2024,cci_m15_chop_h1,personal,cost2,PORTFOLIO,22,0,-89.5085179053084,-89.5085179053084,0.18181818181818182,0.14238797428769334,14.249819296000002,-1.5443186093083001,8926.919460000001,16,False,0.10491181101422813,952.6814820946917,True,2023-07-14T00:16:00+00:00,False
train_2023_2024,cci_m15_chop_h1,personal,cost2,BTCUSDT,14,0,-54.78643877597428,-54.78643877597428,0.14285714285714285,0.1346436592468811,8.639844016000001,-1.0155147599743002,5406.393260000001,11,False,,,True,2023-07-14T00:16:00+00:00,False
train_2023_2024,cci_m15_chop_h1,personal,cost2,ETHUSDT,8,0,-34.722079129334105,-34.722079129334105,0.25,0.15432941170659012,5.6099752800000005,-0.528803849334,3520.5262000000002,8,False,,,True,2023-07-14T00:16:00+00:00,False
train_2023_2024,cci_m15_chop_m30,personal,cost1,PORTFOLIO,28,0,-106.85049776379736,-106.85049776379736,0.10714285714285714,0.20147932243702238,8.237049456000001,-1.2863883077975,10344.97535,15,False,0.10315197454114493,935.3395022362027,True,2023-08-13T11:41:00+00:00,False
train_2023_2024,cci_m15_chop_m30,personal,cost1,BTCUSDT,16,0,-71.07656560658542,-71.07656560658542,0.125,0.0197531812390478,4.552759536000001,-0.6239460705855,5723.899350000001,11,False,,,True,2023-08-13T11:41:00+00:00,False
train_2023_2024,cci_m15_chop_m30,personal,cost1,ETHUSDT,12,0,-35.773932157211945,-35.773932157211945,0.08333333333333333,0.41642850186738556,3.6842899200000003,-0.662442237212,4621.076,10,False,,,True,2023-08-13T11:41:00+00:00,False
train_2023_2024,cci_m15_chop_m30,personal,cost2,PORTFOLIO,26,0,-109.48951435047758,-109.48951435047758,0.07692307692307693,0.16701993599849488,13.080698056000001,-2.0463462944776003,8222.61752,14,False,0.10534748290014048,932.7004856495224,True,2023-08-01T19:01:00+00:00,False
train_2023_2024,cci_m15_chop_m30,personal,cost2,BTCUSDT,16,0,-77.58509027235965,-77.58509027235965,0.0625,0.00796791424036333,8.203103416000001,-1.1312168563596001,5161.065020000001,11,False,,,True,2023-08-01T19:01:00+00:00,False
train_2023_2024,cci_m15_chop_m30,personal,cost2,ETHUSDT,10,0,-31.904424078117934,-31.904424078117934,0.1,0.4006858510361504,4.877594640000001,-0.9151294381180001,3061.5525,9,False,,,True,2023-08-01T19:01:00+00:00,False
train_2023_2024,cci_m15_chop_m15,personal,cost1,PORTFOLIO,32,0,-33.73152531047727,-33.73152531047727,0.1875,0.7917353641226141,13.250551616000001,-2.7345336944773,16572.06274,13,False,0.1095103366012503,1008.4584746895227,True,2023-05-02T14:31:00+00:00,False
train_2023_2024,cci_m15_chop_m15,personal,cost1,BTCUSDT,19,0,-63.752993833119326,-63.752993833119326,0.15789473684210525,0.35840106685852485,8.040666656,-1.1606871771193001,10078.10914,11,False,,,True,2023-05-02T14:31:00+00:00,False
train_2023_2024,cci_m15_chop_m15,personal,cost1,ETHUSDT,13,0,30.021468522642063,30.021468522642063,0.23076923076923078,1.4795844100983007,5.20988496,-1.573846517358,6493.9536,9,False,,,True,2023-05-02T14:31:00+00:00,False
train_2023_2024,cci_m15_chop_m15,personal,cost2,PORTFOLIO,23,0,-50.77841823018309,-50.77841823018309,0.08695652173913043,0.5884304988283692,16.289445688,-3.611722542183,10196.342180000001,10,False,0.10443884448332771,991.411581769817,True,2023-04-09T21:31:00+00:00,False
train_2023_2024,cci_m15_chop_m15,personal,cost2,BTCUSDT,14,0,-58.93722396824495,-58.93722396824495,0.07142857142857142,0.2676447450758867,9.727620888,-1.359153080245,6103.68828,8,False,,,True,2023-04-09T21:31:00+00:00,False
train_2023_2024,cci_m15_chop_m15,personal,cost2,ETHUSDT,9,0,8.158805738061856,8.158805738061856,0.1111111111111111,1.1901765053844906,6.5618248,-2.252569461938,4092.6539000000002,6,False,,,True,2023-04-09T21:31:00+00:00,False
train_2023_2024,cci_m15_chop_m5,personal,cost1,PORTFOLIO,14,0,-18.91203704073185,-18.91203704073185,0.07142857142857142,0.7940785763201383,8.630969656000001,-2.0408873847319997,10792.832160000002,3,False,0.07264802041650281,1008.0180512158362,True,2023-01-22T15:11:00+00:00,False
train_2023_2024,cci_m15_chop_m5,personal,cost1,BTCUSDT,5,0,-35.79999413500002,-35.79999413500002,0.0,0.0,2.6678324560000006,-0.28798167900000005,3351.2126600000006,1,False,,,True,2023-01-22T15:11:00+00:00,False
train_2023_2024,cci_m15_chop_m5,personal,cost1,ETHUSDT,9,0,16.88795709426817,16.88795709426817,0.1111111111111111,1.301349801946336,5.9631372,-1.7529057057319999,7441.619500000001,3,False,,,True,2023-01-22T15:11:00+00:00,False
train_2023_2024,cci_m15_chop_m5,personal,cost2,PORTFOLIO,14,0,-46.09481186840211,-46.09481186840211,0.07142857142857142,0.5197509222710845,13.990007552000002,-3.207804316402,8758.203220000001,3,False,0.07532695460049244,996.095188131598,True,2023-01-22T15:11:00+00:00,False
train_2023_2024,cci_m15_chop_m5,personal,cost2,BTCUSDT,5,0,-37.68582449200001,-37.68582449200001,0.0,0.0,4.487050272,-0.47897422000000006,2820.76632,1,False,,,True,2023-01-22T15:11:00+00:00,False
train_2023_2024,cci_m15_chop_m5,personal,cost2,ETHUSDT,9,0,-8.408987376402104,-8.408987376402104,0.1111111111111111,0.8557517023944571,9.50295728,-2.728830096402,5937.436900000001,3,False,,,True,2023-01-22T15:11:00+00:00,False
train_2023_2024,cci_m15_chop_m3,personal,cost1,PORTFOLIO,14,0,-14.595442160731736,-14.595442160731736,0.14285714285714285,0.8431240658589351,9.696933888,-2.247268272732,12122.49298,3,False,0.07048844844483255,1002.7128094558362,True,2023-01-22T14:56:00+00:00,False
train_2023_2024,cci_m15_chop_m3,personal,cost1,BTCUSDT,4,0,-19.34439589500004,-19.34439589500004,0.25,0.2218063631570135,2.6681072080000003,-0.517148687,3343.2135800000005,1,False,,,True,2023-01-22T14:56:00+00:00,False
train_2023_2024,cci_m15_chop_m3,personal,cost1,ETHUSDT,10,0,4.748953734268302,4.748953734268302,0.1,1.0696531318810283,7.02882668,-1.730119585732,8779.2794,3,False,,,True,2023-01-22T14:56:00+00:00,False
train_2023_2024,cci_m15_chop_m3,personal,cost2,PORTFOLIO,14,0,-43.624102282402006,-43.624102282402006,0.14285714285714285,0.5455087180672032,15.530699472000002,-3.539082810402,9718.96433,3,False,0.07173866149132328,998.5658977175981,True,2023-01-22T14:56:00+00:00,False
train_2023_2024,cci_m15_chop_m3,personal,cost2,BTCUSDT,4,0,-23.15748576599998,-23.15748576599998,0.25,0.09652620002720404,4.353347232000001,-0.839318534,2729.82443,1,False,,,True,2023-01-22T14:56:00+00:00,False
train_2023_2024,cci_m15_chop_m3,personal,cost2,ETHUSDT,10,0,-20.466616516402027,-20.466616516402027,0.1,0.7090862064311353,11.177352240000001,-2.699764276402,6989.1399,3,False,,,True,2023-01-22T14:56:00+00:00,False
train_2023_2024,cci_m15_chop_m1,personal,cost1,PORTFOLIO,14,0,-45.66583408711102,-45.66583408711102,0.14285714285714285,0.48657213939420013,9.290670812000002,-1.881293275111,11630.58545,3,False,0.07489927366295378,996.524165912889,True,2023-01-22T14:56:00+00:00,False
train_2023_2024,cci_m15_chop_m1,personal,cost1,BTCUSDT,5,0,-28.112228558000172,-28.112228558000172,0.2,0.15837200819723585,3.242199092000001,-0.5160594660000001,4064.9258500000005,1,False,,,True,2023-01-22T14:56:00+00:00,False
train_2023_2024,cci_m15_chop_m1,personal,cost1,ETHUSDT,9,0,-17.553605529110847,-17.553605529110847,0.1111111111111111,0.6839513643881967,6.04847172,-1.3652338091110001,7565.659600000001,3,False,,,True,2023-01-22T14:56:00+00:00,False
train_2023_2024,cci_m15_chop_m1,personal,cost2,PORTFOLIO,14,0,-62.18722547947802,-62.18722547947802,0.14285714285714285,0.3346930582939638,15.105608784000001,-3.147196695478,9462.9727,3,False,0.07585870144290845,980.002774520522,True,2023-01-22T14:56:00+00:00,False
train_2023_2024,cci_m15_chop_m1,personal,cost2,BTCUSDT,5,0,-32.226966378000014,-32.226966378000014,0.2,0.06934074846973465,5.316317584,-0.841628794,3335.733,1,False,,,True,2023-01-22T14:56:00+00:00,False
train_2023_2024,cci_m15_chop_m1,personal,cost2,ETHUSDT,9,0,-29.960259101478005,-29.960259101478005,0.1111111111111111,0.4908473825400089,9.789291200000001,-2.305567901478,6127.2397,3,False,,,True,2023-01-22T14:56:00+00:00,False
train_2023_2024,cci_m5_chop_w,personal,cost1,PORTFOLIO,20,0,80.28947070386016,80.28947070386016,0.35,1.7626717727433485,17.088971548000004,-2.8892277481392004,21311.0806,7,False,0.06915295260440502,973.2226069783635,True,2023-12-06T19:46:00+00:00,False
train_2023_2024,cci_m5_chop_w,personal,cost1,BTCUSDT,20,0,80.28947070386016,80.28947070386016,0.35,1.7626717727433485,17.088971548000004,-2.8892277481392004,21311.0806,7,False,,,True,2023-12-06T19:46:00+00:00,False
train_2023_2024,cci_m5_chop_w,personal,cost1,ETHUSDT,0,0,0,0,,,0,0,0,0,False,,,True,2023-12-06T19:46:00+00:00,False
train_2023_2024,cci_m5_chop_w,personal,cost2,PORTFOLIO,41,0,-66.6377487676812,-66.6377487676812,0.2682926829268293,0.726747337387899,53.33433672800001,-12.7479620396814,33334.23818,11,False,0.10479957638687186,965.884330096934,True,2024-01-01T09:21:00+00:00,False
train_2023_2024,cci_m5_chop_w,personal,cost2,BTCUSDT,41,0,-66.6377487676812,-66.6377487676812,0.2682926829268293,0.726747337387899,53.33433672800001,-12.7479620396814,33334.23818,11,False,,,True,2024-01-01T09:21:00+00:00,False
train_2023_2024,cci_m5_chop_w,personal,cost2,ETHUSDT,0,0,0,0,,,0,0,0,0,False,,,True,2024-01-01T09:21:00+00:00,False
train_2023_2024,cci_m5_chop_d,personal,cost1,PORTFOLIO,14,0,-68.87636468708803,-68.87636468708803,0.14285714285714285,0.09418498317341313,9.266162996,-1.722511691088,11611.64759,2,False,0.07563715227393276,973.313635312912,True,2023-01-22T04:36:00+00:00,False
train_2023_2024,cci_m5_chop_d,personal,cost1,BTCUSDT,5,0,-23.080342728000108,-23.080342728000108,0.2,0.18419117064761747,3.4804905960000005,-0.6731621320000001,4360.076590000001,1,False,,,True,2023-01-22T04:36:00+00:00,False
train_2023_2024,cci_m5_chop_d,personal,cost1,ETHUSDT,9,0,-45.796021959087916,-45.796021959087916,0.1111111111111111,0.040853532781618525,5.785672400000001,-1.049349559088,7251.571000000001,2,False,,,True,2023-01-22T04:36:00+00:00,False
train_2023_2024,cci_m5_chop_d,personal,cost2,PORTFOLIO,14,0,-80.70232342548829,-80.70232342548829,0.07142857142857142,0.028381390080646402,15.723928936000002,-2.847944489488,9858.520810000002,2,False,0.08416517083869839,961.4876765745117,True,2023-01-21T19:11:00+00:00,False
train_2023_2024,cci_m5_chop_d,personal,cost2,BTCUSDT,6,0,-38.58503451800019,-38.58503451800019,0.16666666666666666,0.05757722832994161,7.267590776000001,-1.0588937420000002,4557.373510000001,1,False,,,True,2023-01-21T19:11:00+00:00,False
train_2023_2024,cci_m5_chop_d,personal,cost2,ETHUSDT,8,0,-42.117288907488096,-42.117288907488096,0.0,0.0,8.456338160000001,-1.789050747488,5301.1473000000005,2,False,,,True,2023-01-21T19:11:00+00:00,False
train_2023_2024,cci_m5_chop_h12,personal,cost1,PORTFOLIO,42,0,-66.86018200333272,-66.86018200333272,0.2619047619047619,0.6979418437917018,29.379049844000004,-3.1032221593329004,36712.13704,14,False,0.10044226957990611,973.6243089120961,True,2023-10-27T04:51:00+00:00,False
train_2023_2024,cci_m5_chop_h12,personal,cost1,BTCUSDT,30,0,-61.92885031861884,-61.92885031861884,0.23333333333333334,0.660063938304019,20.993424764000004,-1.6910155546189003,26207.182740000004,11,False,,,True,2023-10-27T04:51:00+00:00,False
train_2023_2024,cci_m5_chop_h12,personal,cost1,ETHUSDT,12,0,-4.931331684713888,-4.931331684713888,0.3333333333333333,0.8741068461775467,8.38562508,-1.412206604714,10504.954300000001,6,False,,,True,2023-10-27T04:51:00+00:00,False
train_2023_2024,cci_m5_chop_h12,personal,cost2,PORTFOLIO,38,0,-99.93875824547926,-99.93875824547926,0.21052631578947367,0.5178797252989766,43.52602978400001,-5.151358461479201,27197.470620000004,13,False,0.1028051679175378,942.2512417545208,True,2023-09-06T14:06:00+00:00,False
train_2023_2024,cci_m5_chop_h12,personal,cost2,BTCUSDT,26,0,-72.56592969295744,-72.56592969295744,0.15384615384615385,0.5524638110546699,30.276271624000007,-2.7487880689572006,18893.774320000004,10,False,,,True,2023-09-06T14:06:00+00:00,False
train_2023_2024,cci_m5_chop_h12,personal,cost2,ETHUSDT,12,0,-27.37282855252182,-27.37282855252182,0.3333333333333333,0.393664718909014,13.24975816,-2.402570392522,8303.696300000001,6,False,,,True,2023-09-06T14:06:00+00:00,False
train_2023_2024,cci_m5_chop_h6,personal,cost1,PORTFOLIO,68,0,173.08350693135728,173.08350693135728,0.3088235294117647,1.5202393275080388,53.90998278800001,-4.2019802806432,67408.57342,26,False,0.09442400651338766,961.6126112762911,True,2023-12-06T19:46:00+00:00,False
train_2023_2024,cci_m5_chop_h6,personal,cost1,BTCUSDT,43,0,212.17358775413385,212.17358775413385,0.3023255813953488,1.9597622184642594,34.751103628,-2.5146786178662,43424.00032000001,21,False,,,True,2023-12-06T19:46:00+00:00,False
train_2023_2024,cci_m5_chop_h6,personal,cost1,ETHUSDT,25,0,-39.09008082277658,-39.09008082277658,0.32,0.649827302659046,19.15887916,-1.687301662777,23984.5731,15,False,,,True,2023-12-06T19:46:00+00:00,False
train_2023_2024,cci_m5_chop_h6,personal,cost2,PORTFOLIO,34,0,-102.70620541098057,-102.70620541098057,0.14705882352941177,0.4957701600914717,39.13923990400001,-4.566885506980601,24491.524980000002,13,False,0.10559286359146645,939.4837945890195,True,2023-05-29T09:26:00+00:00,False
train_2023_2024,cci_m5_chop_h6,personal,cost2,BTCUSDT,25,0,-56.97719112230074,-56.97719112230074,0.16,0.6338683339273549,29.013306944000004,-2.9426041783006003,18145.827480000004,11,False,,,True,2023-05-29T09:26:00+00:00,False
train_2023_2024,cci_m5_chop_h6,personal,cost2,ETHUSDT,9,0,-45.72901428867984,-45.72901428867984,0.1111111111111111,0.04869679098301079,10.12593296,-1.62428132868,6345.6975,6,False,,,True,2023-05-29T09:26:00+00:00,False
train_2023_2024,cci_m5_chop_h4,personal,cost1,PORTFOLIO,15,0,-89.18721076000278,-89.18721076000278,0.06666666666666667,0.035103644411100844,9.760258676000001,-1.4373020840028001,12239.318170000002,6,False,0.10110767016683132,953.0027892399972,True,2023-02-17T11:31:00+00:00,False
train_2023_2024,cci_m5_chop_h4,personal,cost1,BTCUSDT,6,0,-32.01947866669484,-32.01947866669484,0.0,0.0,4.004936956000001,-0.6739917106948,5019.841470000001,2,False,,,True,2023-02-17T11:31:00+00:00,False
train_2023_2024,cci_m5_chop_h4,personal,cost1,ETHUSDT,9,0,-57.16773209330794,-57.16773209330794,0.1111111111111111,0.053709093879718374,5.755321720000001,-0.763310373308,7219.476700000001,5,False,,,True,2023-02-17T11:31:00+00:00,False
train_2023_2024,cci_m5_chop_h4,personal,cost2,PORTFOLIO,15,0,-97.72848015144426,-97.72848015144426,0.06666666666666667,0.023392262950751506,15.628524400000002,-2.4122757514443998,9807.671590000002,6,False,0.10085397078580831,944.4615198485558,True,2023-02-17T11:31:00+00:00,False
train_2023_2024,cci_m5_chop_h4,personal,cost2,BTCUSDT,6,0,-36.688585182276384,-36.688585182276384,0.0,0.0,6.264264400000002,-1.0736407822764,3929.8405900000002,2,False,,,True,2023-02-17T11:31:00+00:00,False
train_2023_2024,cci_m5_chop_h4,personal,cost2,ETHUSDT,9,0,-61.03989496916788,-61.03989496916788,0.1111111111111111,0.03693311134019784,9.36426,-1.338634969168,5877.831,5,False,,,True,2023-02-17T11:31:00+00:00,False
train_2023_2024,cci_m5_chop_h1,personal,cost1,PORTFOLIO,26,0,-95.23365797579548,-95.23365797579548,0.19230769230769232,0.23428229165521033,12.972762412000002,-1.4128455637954,16256.377040000001,13,False,0.10977782428793378,946.9563420242046,True,2023-05-05T11:21:00+00:00,False
train_2023_2024,cci_m5_chop_h1,personal,cost1,BTCUSDT,12,0,-32.58192230339329,-32.58192230339329,0.16666666666666666,0.2801151385207751,5.090958172000001,-0.9043141313934,6376.991040000001,10,False,,,True,2023-05-05T11:21:00+00:00,False
train_2023_2024,cci_m5_chop_h1,personal,cost1,ETHUSDT,14,0,-62.65173567240218,-62.65173567240218,0.21428571428571427,0.2080613097535783,7.881804240000001,-0.508531432402,9879.386,10,False,,,True,2023-05-05T11:21:00+00:00,False
train_2023_2024,cci_m5_chop_h1,personal,cost2,PORTFOLIO,24,0,-96.17078755113192,-96.17078755113192,0.20833333333333334,0.19415368372672048,19.222941784000003,-2.4338357671318005,12051.595620000002,13,False,0.10090970742194581,946.0192124488681,True,2023-05-04T10:26:00+00:00,False
train_2023_2024,cci_m5_chop_h1,personal,cost2,BTCUSDT,11,0,-37.95901201383779,-37.95901201383779,0.18181818181818182,0.19362108274827242,8.021772584000002,-1.5253294298378002,5027.813820000001,9,False,,,True,2023-05-04T10:26:00+00:00,False
train_2023_2024,cci_m5_chop_h1,personal,cost2,ETHUSDT,13,0,-58.21177553729414,-58.21177553729414,0.23076923076923078,0.19450060590735088,11.2011692,-0.9085063372940001,7023.781800000001,10,False,,,True,2023-05-04T10:26:00+00:00,False
train_2023_2024,cci_m5_chop_m30,personal,cost1,PORTFOLIO,32,0,-84.28294409726342,-84.28294409726342,0.21875,0.37523699964842916,12.268979956,-1.7352941412634002,15371.364280000002,15,False,0.10375984679960244,957.9070559027366,True,2023-06-30T07:56:00+00:00,False
train_2023_2024,cci_m5_chop_m30,personal,cost1,BTCUSDT,17,0,-78.79180064808128,-78.79180064808128,0.11764705882352941,0.017976997744197566,6.668522796000001,-0.6167078520814001,8371.406780000001,10,False,,,True,2023-06-30T07:56:00+00:00,False
train_2023_2024,cci_m5_chop_m30,personal,cost1,ETHUSDT,15,0,-5.491143449182145,-5.491143449182145,0.3333333333333333,0.8995578197281846,5.60045716,-1.118586289182,6999.9575,12,False,,,True,2023-06-30T07:56:00+00:00,False
train_2023_2024,cci_m5_chop_m30,personal,cost2,PORTFOLIO,26,0,-87.39398520895675,-87.39398520895675,0.19230769230769232,0.28339093751516864,17.285793016000003,-2.4201421929566003,10837.464660000001,12,False,0.10083966229652801,954.7960147910433,True,2023-05-10T19:06:00+00:00,False
train_2023_2024,cci_m5_chop_m30,personal,cost2,BTCUSDT,15,0,-83.06129980289072,-83.06129980289072,0.06666666666666667,0.007446503577320069,10.863550216000002,-0.9511995868906001,6825.342160000001,8,False,,,True,2023-05-10T19:06:00+00:00,False
train_2023_2024,cci_m5_chop_m30,personal,cost2,ETHUSDT,11,0,-4.332685406066039,-4.332685406066039,0.36363636363636365,0.8867876822988074,6.422242800000001,-1.468942606066,4012.1225000000004,10,False,,,True,2023-05-10T19:06:00+00:00,False
train_2023_2024,cci_m5_chop_m15,personal,cost1,PORTFOLIO,37,0,4.757872008723865,4.757872008723865,0.24324324324324326,1.0270375087909762,18.42703618,-3.5400018112759,23020.432770000003,14,False,0.10152776518459881,1040.0033199999998,True,2023-04-30T15:06:00+00:00,False
train_2023_2024,cci_m5_chop_m15,personal,cost1,BTCUSDT,20,0,-66.63394742907387,-66.63394742907387,0.15,0.3531686324689665,8.320764220000001,-1.1573932090739,10429.53317,11,False,,,True,2023-04-30T15:06:00+00:00,False
train_2023_2024,cci_m5_chop_m15,personal,cost1,ETHUSDT,17,0,71.39181943779774,71.39181943779774,0.35294117647058826,1.978545619488804,10.10627196,-2.382608602202,12590.8996,10,False,,,True,2023-04-30T15:06:00+00:00,False
train_2023_2024,cci_m5_chop_m15,personal,cost2,PORTFOLIO,36,0,-42.47147646069433,-42.47147646069433,0.19444444444444445,0.7555058258462442,28.621348416000004,-5.6586280446942006,17892.43851,14,False,0.1052274555059274,999.7185235393057,True,2023-04-29T19:31:00+00:00,False
train_2023_2024,cci_m5_chop_m15,personal,cost2,BTCUSDT,20,0,-78.7224696124422,-78.7224696124422,0.1,0.267410511026029,13.999478336000001,-1.9830912764422002,8781.04391,11,False,,,True,2023-04-29T19:31:00+00:00,False
train_2023_2024,cci_m5_chop_m15,personal,cost2,ETHUSDT,16,0,36.250993151747856,36.250993151747856,0.3125,1.5471535085708934,14.62187008,-3.6755367682520004,9111.394600000001,10,False,,,True,2023-04-29T19:31:00+00:00,False
train_2023_2024,cci_m5_chop_m5,personal,cost1,PORTFOLIO,17,0,-15.973986484849986,-15.973986484849986,0.17647058823529413,0.8362196229366041,11.931426700000001,-2.42764978485,14915.090830000001,3,False,0.06968583157939402,1007.6627418757181,True,2023-01-21T19:11:00+00:00,False
train_2023_2024,cci_m5_chop_m5,personal,cost1,BTCUSDT,5,0,-35.77292921900002,-35.77292921900002,0.0,0.0,2.6661375400000007,-0.28798167900000005,3349.0813300000004,1,False,,,True,2023-01-21T19:11:00+00:00,False
train_2023_2024,cci_m5_chop_m5,personal,cost1,ETHUSDT,12,0,19.798942734150035,19.798942734150035,0.25,1.3205785280333255,9.26528916,-2.13966810585,11566.0095,3,False,,,True,2023-01-21T19:11:00+00:00,False
train_2023_2024,cci_m5_chop_m5,personal,cost2,PORTFOLIO,17,0,-52.6360579124721,-52.6360579124721,0.11764705882352941,0.5033182987829331,19.418965096,-3.785502816472,12151.56898,3,False,0.07271113237133961,989.553942087528,True,2023-01-21T19:11:00+00:00,False
train_2023_2024,cci_m5_chop_m5,personal,cost2,BTCUSDT,5,0,-37.28363261800001,-37.28363261800001,0.0,0.0,4.439046136000001,-0.47369648200000003,2790.5892800000006,1,False,,,True,2023-01-21T19:11:00+00:00,False
train_2023_2024,cci_m5_chop_m5,personal,cost2,ETHUSDT,12,0,-15.35242529447209,-15.35242529447209,0.16666666666666666,0.7765027935529395,14.979918960000001,-3.311806334472,9360.9797,3,False,,,True,2023-01-21T19:11:00+00:00,False
train_2023_2024,cci_m5_chop_m3,personal,cost1,PORTFOLIO,18,0,-24.203593569849872,-24.203593569849872,0.16666666666666666,0.7811842414685803,14.324879692000001,-2.65844387785,17909.70975,3,False,0.0786069213505713,1002.0257965157181,True,2023-01-21T19:11:00+00:00,False
train_2023_2024,cci_m5_chop_m3,personal,cost1,BTCUSDT,5,0,-30.503423773999973,-30.503423773999973,0.2,0.15153506095087815,3.146231852,-0.511721922,3946.21255,1,False,,,True,2023-01-21T19:11:00+00:00,False
train_2023_2024,cci_m5_chop_m3,personal,cost1,ETHUSDT,13,0,6.299830204150102,6.299830204150102,0.15384615384615385,1.0843797617009456,11.17864784,-2.14672195585,13963.4972,3,False,,,True,2023-01-21T19:11:00+00:00,False
train_2023_2024,cci_m5_chop_m3,personal,cost2,PORTFOLIO,17,0,-56.05892415526197,-56.05892415526197,0.17647058823529413,0.49599597900782133,22.453826528000004,-4.157957627262,14048.365150000001,3,False,0.07063515471251326,986.1310758447381,True,2023-01-21T10:01:00+00:00,False
train_2023_2024,cci_m5_chop_m3,personal,cost2,BTCUSDT,5,0,-32.965946054,-32.965946054,0.2,0.06827644194955773,5.2835647680000015,-0.8198412860000002,3315.6592500000006,1,False,,,True,2023-01-21T10:01:00+00:00,False
train_2023_2024,cci_m5_chop_m3,personal,cost2,ETHUSDT,12,0,-23.09297810126197,-23.09297810126197,0.16666666666666666,0.6955258823207574,17.170261760000002,-3.3381163412620003,10732.7059,3,False,,,True,2023-01-21T10:01:00+00:00,False
train_2023_2024,cci_m5_chop_m1,personal,cost1,PORTFOLIO,18,0,-46.06533427238223,-46.06533427238223,0.16666666666666666,0.5646215493997687,14.598393060000001,-2.380491212382,18262.53455,3,False,0.07731033115195504,996.1246657276179,True,2023-01-22T04:36:00+00:00,False
train_2023_2024,cci_m5_chop_m1,personal,cost1,BTCUSDT,6,0,-34.93567289700024,-34.93567289700024,0.16666666666666666,0.13122328533278504,4.582370060000001,-0.640152837,5742.819150000001,1,False,,,True,2023-01-22T04:36:00+00:00,False
train_2023_2024,cci_m5_chop_m1,personal,cost1,ETHUSDT,12,0,-11.12966137538199,-11.12966137538199,0.16666666666666666,0.8303218575281804,10.016023,-1.740338375382,12519.715400000001,3,False,,,True,2023-01-22T04:36:00+00:00,False
train_2023_2024,cci_m5_chop_m1,personal,cost2,PORTFOLIO,16,0,-61.852091319442124,-61.852091319442124,0.1875,0.39667672075046156,20.910422896000004,-3.395768423442,13087.787260000001,3,False,0.06726735582630222,980.3379086805579,True,2023-01-21T07:26:00+00:00,False
train_2023_2024,cci_m5_chop_m1,personal,cost2,BTCUSDT,5,0,-35.73462588000022,-35.73462588000022,0.2,0.06206541651225444,5.834767856000001,-0.510558024,3661.424560000001,1,False,,,True,2023-01-21T07:26:00+00:00,False
train_2023_2024,cci_m5_chop_m1,personal,cost2,ETHUSDT,11,0,-26.1174654394419,-26.1174654394419,0.18181818181818182,0.5945734008750914,15.075655040000003,-2.885210399442,9426.3627,3,False,,,True,2023-01-21T07:26:00+00:00,False
train_2023_2024,cci_m3_chop_w,personal,cost1,PORTFOLIO,20,0,80.28947070386016,80.28947070386016,0.35,1.7626717727433485,17.088971548000004,-2.8892277481392004,21311.0806,7,False,0.06915295260440502,973.2226069783635,True,2023-12-06T19:46:00+00:00,False
train_2023_2024,cci_m3_chop_w,personal,cost1,BTCUSDT,20,0,80.28947070386016,80.28947070386016,0.35,1.7626717727433485,17.088971548000004,-2.8892277481392004,21311.0806,7,False,,,True,2023-12-06T19:46:00+00:00,False
train_2023_2024,cci_m3_chop_w,personal,cost1,ETHUSDT,0,0,0,0,,,0,0,0,0,False,,,True,2023-12-06T19:46:00+00:00,False
train_2023_2024,cci_m3_chop_w,personal,cost2,PORTFOLIO,41,0,-66.6377487676812,-66.6377487676812,0.2682926829268293,0.726747337387899,53.33433672800001,-12.7479620396814,33334.23818,11,False,0.10479957638687186,965.884330096934,True,2024-01-01T09:21:00+00:00,False
train_2023_2024,cci_m3_chop_w,personal,cost2,BTCUSDT,41,0,-66.6377487676812,-66.6377487676812,0.2682926829268293,0.726747337387899,53.33433672800001,-12.7479620396814,33334.23818,11,False,,,True,2024-01-01T09:21:00+00:00,False
train_2023_2024,cci_m3_chop_w,personal,cost2,ETHUSDT,0,0,0,0,,,0,0,0,0,False,,,True,2024-01-01T09:21:00+00:00,False
train_2023_2024,cci_m3_chop_d,personal,cost1,PORTFOLIO,14,0,-73.20661570407998,-73.20661570407998,0.14285714285714285,0.08881189739584751,9.018143868000001,-1.65832183608,11303.94491,2,False,0.0805414106199213,968.98338429592,True,2023-01-22T04:36:00+00:00,False
train_2023_2024,cci_m3_chop_d,personal,cost1,BTCUSDT,5,0,-27.019310254000008,-27.019310254000008,0.2,0.16099549720002398,3.3086611480000006,-0.650499106,4147.3565100000005,1,False,,,True,2023-01-22T04:36:00+00:00,False
train_2023_2024,cci_m3_chop_d,personal,cost1,ETHUSDT,9,0,-46.187305450079975,-46.187305450079975,0.1111111111111111,0.04052145961639491,5.7094827200000005,-1.00782273008,7156.588400000001,2,False,,,True,2023-01-22T04:36:00+00:00,False
train_2023_2024,cci_m3_chop_d,personal,cost2,PORTFOLIO,13,0,-74.08627724614416,-74.08627724614416,0.07692307692307693,0.03074520626683761,14.618301480000001,-2.772985766144,9164.78592,2,False,0.07786326425163734,968.1037227538559,True,2023-01-21T10:01:00+00:00,False
train_2023_2024,cci_m3_chop_d,personal,cost2,BTCUSDT,6,0,-41.0207660440001,-41.0207660440001,0.16666666666666666,0.054185068351497605,7.347674600000001,-1.037101444,4608.61462,1,False,,,True,2023-01-21T10:01:00+00:00,False
train_2023_2024,cci_m3_chop_d,personal,cost2,ETHUSDT,7,0,-33.065511202144066,-33.065511202144066,0.0,0.0,7.270626880000001,-1.7358843221440001,4556.171300000001,2,False,,,True,2023-01-21T10:01:00+00:00,False
train_2023_2024,cci_m3_chop_h12,personal,cost1,PORTFOLIO,41,0,-61.164654661119776,-61.164654661119776,0.2682926829268293,0.7161143200204667,28.894144424000004,-3.1053102371199004,36101.92743,14,False,0.10105604524808585,980.1868209910557,True,2023-10-27T04:51:00+00:00,False
train_2023_2024,cci_m3_chop_h12,personal,cost1,BTCUSDT,29,0,-54.274170364572775,-54.274170364572775,0.2413793103448276,0.6904245624625962,20.436073384000004,-1.7286969805729002,25506.46783,11,False,,,True,2023-10-27T04:51:00+00:00,False
train_2023_2024,cci_m3_chop_h12,personal,cost1,ETHUSDT,12,0,-6.890484296547006,-6.890484296547006,0.3333333333333333,0.828326534120109,8.45807104,-1.3766132565470002,10595.4596,6,False,,,True,2023-10-27T04:51:00+00:00,False
train_2023_2024,cci_m3_chop_h12,personal,cost2,PORTFOLIO,37,0,-97.6084883625769,-97.6084883625769,0.21621621621621623,0.5203648293830763,42.18712327200001,-5.0696550905768,26363.789230000002,12,False,0.10408940936369473,940.9025067260931,True,2023-09-06T07:56:00+00:00,False
train_2023_2024,cci_m3_chop_h12,personal,cost2,BTCUSDT,25,0,-68.27215025182106,-68.27215025182106,0.16,0.5667724621974171,28.907258952000003,-2.7183812998208006,18041.39583,9,False,,,True,2023-09-06T07:56:00+00:00,False
train_2023_2024,cci_m3_chop_h12,personal,cost2,ETHUSDT,12,0,-29.336338110755857,-29.336338110755857,0.3333333333333333,0.36108825211466217,13.279864320000001,-2.351273790756,8322.3934,6,False,,,True,2023-09-06T07:56:00+00:00,False
train_2023_2024,cci_m3_chop_h6,personal,cost1,PORTFOLIO,68,0,168.10671327105578,168.10671327105578,0.3088235294117647,1.4978281833492246,53.81526752400001,-4.1292892049450005,67291.61305,26,False,0.0958908216472894,957.5907747454634,True,2023-12-06T19:46:00+00:00,False
train_2023_2024,cci_m3_chop_h6,personal,cost1,BTCUSDT,43,0,209.6369961443113,209.6369961443113,0.3023255813953488,1.9372485388102594,34.754659284000006,-2.477414571689,43430.39145,21,False,,,True,2023-12-06T19:46:00+00:00,False
train_2023_2024,cci_m3_chop_h6,personal,cost1,ETHUSDT,25,0,-41.53028287325551,-41.53028287325551,0.32,0.6357229026717269,19.06060824,-1.6518746332560001,23861.2216,15,False,,,True,2023-12-06T19:46:00+00:00,False
train_2023_2024,cci_m3_chop_h6,personal,cost2,PORTFOLIO,18,0,-97.0102119150251,-97.0102119150251,0.1111111111111111,0.13991309464607293,19.975505544000004,-2.6028963710252,12521.90687,8,False,0.10113592703163025,945.1797880849749,True,2023-03-16T05:26:00+00:00,False
train_2023_2024,cci_m3_chop_h6,personal,cost2,BTCUSDT,14,0,-82.27932145120113,-82.27932145120113,0.07142857142857142,0.14041154855135188,16.177974584000005,-1.4892368672012,10143.54017,6,False,,,True,2023-03-16T05:26:00+00:00,False
train_2023_2024,cci_m3_chop_h6,personal,cost2,ETHUSDT,4,0,-14.730890463823968,-14.730890463823968,0.25,0.13711831621753323,3.7975309600000005,-1.113659503824,2378.3667000000005,3,False,,,True,2023-03-16T05:26:00+00:00,False
train_2023_2024,cci_m3_chop_h4,personal,cost1,PORTFOLIO,15,0,-92.92477138397054,-92.92477138397054,0.06666666666666667,0.03373936527381602,9.734674164000001,-1.3745072199706,12209.250500000002,6,False,0.10375138470714224,949.2652286160295,True,2023-02-17T11:31:00+00:00,False
train_2023_2024,cci_m3_chop_h4,personal,cost1,BTCUSDT,6,0,-35.23620454967054,-35.23620454967054,0.0,0.0,4.042342884000001,-0.6510716656706,5068.200000000001,2,False,,,True,2023-02-17T11:31:00+00:00,False
train_2023_2024,cci_m3_chop_h4,personal,cost1,ETHUSDT,9,0,-57.688566834300005,-57.688566834300005,0.1111111111111111,0.05325000863917711,5.692331280000001,-0.7234355543,7141.0505,5,False,,,True,2023-02-17T11:31:00+00:00,False
train_2023_2024,cci_m3_chop_h4,personal,cost2,PORTFOLIO,10,0,-62.1546024318238,-62.1546024318238,0.1,0.036294777713098386,11.091732392,-2.1211000398240003,6956.80363,3,False,0.0679883126826779,980.0353975681762,True,2023-01-22T13:06:00+00:00,False
train_2023_2024,cci_m3_chop_h4,personal,cost2,BTCUSDT,3,0,-18.510085887999843,-18.510085887999843,0.0,0.0,3.884884392000001,-0.835631496,2434.9475300000004,1,False,,,True,2023-01-22T13:06:00+00:00,False
train_2023_2024,cci_m3_chop_h4,personal,cost2,ETHUSDT,7,0,-43.644516543823954,-43.644516543823954,0.14285714285714285,0.05090419657625076,7.206848000000001,-1.285468543824,4521.856100000001,3,False,,,True,2023-01-22T13:06:00+00:00,False
train_2023_2024,cci_m3_chop_h1,personal,cost1,PORTFOLIO,26,0,-90.69535940279536,-90.69535940279536,0.19230769230769232,0.24297632630557006,12.248504808000002,-1.3701745947954,15349.169350000002,13,False,0.10116786290003325,951.4946405972047,True,2023-05-07T00:51:00+00:00,False
train_2023_2024,cci_m3_chop_h1,personal,cost1,BTCUSDT,13,0,-37.667011570393214,-37.667011570393214,0.15384615384615385,0.2514016801235588,5.455688408000001,-0.8616431623934001,6835.285350000001,10,False,,,True,2023-05-07T00:51:00+00:00,False
train_2023_2024,cci_m3_chop_h1,personal,cost1,ETHUSDT,13,0,-53.028347832402154,-53.028347832402154,0.23076923076923078,0.23687551267151902,6.792816400000001,-0.508531432402,8513.884,9,False,,,True,2023-05-07T00:51:00+00:00,False
train_2023_2024,cci_m3_chop_h1,personal,cost2,PORTFOLIO,25,0,-101.7365593548989,-101.7365593548989,0.2,0.18536214535614473,18.82310216,-2.0690771948988003,11804.861040000002,13,False,0.10282168825019979,940.4534406451012,True,2023-05-05T11:21:00+00:00,False
train_2023_2024,cci_m3_chop_h1,personal,cost2,BTCUSDT,12,0,-43.68003941760475,-43.68003941760475,0.16666666666666666,0.17230249737197956,7.743688560000002,-1.1605708576048002,4857.1932400000005,10,False,,,True,2023-05-05T11:21:00+00:00,False
train_2023_2024,cci_m3_chop_h1,personal,cost2,ETHUSDT,13,0,-58.056519937294155,-58.056519937294155,0.23076923076923078,0.19491935764042426,11.0794136,-0.9085063372940001,6947.6678,9,False,,,True,2023-05-05T11:21:00+00:00,False
train_2023_2024,cci_m3_chop_m30,personal,cost1,PORTFOLIO,31,0,-81.88212044729566,-81.88212044729566,0.22580645161290322,0.3820359217482259,11.180844856000002,-1.7484355912956,14010.532490000001,15,False,0.10151358027239066,960.3078795527044,True,2023-07-03T15:36:00+00:00,False
train_2023_2024,cci_m3_chop_m30,personal,cost1,BTCUSDT,16,0,-75.67688465081952,-75.67688465081952,0.125,0.01870310484255933,5.550337496000001,-0.6263071548196001,6972.671990000001,10,False,,,True,2023-07-03T15:36:00+00:00,False
train_2023_2024,cci_m3_chop_m30,personal,cost1,ETHUSDT,15,0,-6.2052357964761455,-6.2052357964761455,0.3333333333333333,0.8879593470423283,5.63050736,-1.122128436476,7037.860500000001,12,False,,,True,2023-07-03T15:36:00+00:00,False
train_2023_2024,cci_m3_chop_m30,personal,cost2,PORTFOLIO,28,0,-87.98421090551415,-87.98421090551415,0.21428571428571427,0.2966854796324722,17.284254840000003,-2.756066065514,10836.631220000001,13,False,0.10316232325720141,952.3296388445399,True,2023-05-30T07:06:00+00:00,False
train_2023_2024,cci_m3_chop_m30,personal,cost2,BTCUSDT,14,0,-72.75708114493007,-72.75708114493007,0.07142857142857142,0.008492158421891771,8.48041948,-0.95077166493,5331.925120000001,9,False,,,True,2023-05-30T07:06:00+00:00,False
train_2023_2024,cci_m3_chop_m30,personal,cost2,ETHUSDT,14,0,-15.227129760584067,-15.227129760584067,0.35714285714285715,0.7055803924002194,8.80383536,-1.8052944005840001,5504.7061,11,False,,,True,2023-05-30T07:06:00+00:00,False
train_2023_2024,cci_m3_chop_m15,personal,cost1,PORTFOLIO,37,0,4.757872008723865,4.757872008723865,0.24324324324324326,1.0270375087909762,18.42703618,-3.5400018112759,23020.432770000003,14,False,0.10152776518459881,1040.0033199999998,True,2023-04-30T15:06:00+00:00,False
train_2023_2024,cci_m3_chop_m15,personal,cost1,BTCUSDT,20,0,-66.63394742907387,-66.63394742907387,0.15,0.3531686324689665,8.320764220000001,-1.1573932090739,10429.53317,11,False,,,True,2023-04-30T15:06:00+00:00,False
train_2023_2024,cci_m3_chop_m15,personal,cost1,ETHUSDT,17,0,71.39181943779774,71.39181943779774,0.35294117647058826,1.978545619488804,10.10627196,-2.382608602202,12590.8996,10,False,,,True,2023-04-30T15:06:00+00:00,False
train_2023_2024,cci_m3_chop_m15,personal,cost2,PORTFOLIO,36,0,-42.47147646069433,-42.47147646069433,0.19444444444444445,0.7555058258462442,28.621348416000004,-5.6586280446942006,17892.43851,14,False,0.1052274555059274,999.7185235393057,True,2023-04-29T19:31:00+00:00,False
train_2023_2024,cci_m3_chop_m15,personal,cost2,BTCUSDT,20,0,-78.7224696124422,-78.7224696124422,0.1,0.267410511026029,13.999478336000001,-1.9830912764422002,8781.04391,11,False,,,True,2023-04-29T19:31:00+00:00,False
train_2023_2024,cci_m3_chop_m15,personal,cost2,ETHUSDT,16,0,36.250993151747856,36.250993151747856,0.3125,1.5471535085708934,14.62187008,-3.6755367682520004,9111.394600000001,10,False,,,True,2023-04-29T19:31:00+00:00,False
train_2023_2024,cci_m3_chop_m5,personal,cost1,PORTFOLIO,17,0,-15.973986484849986,-15.973986484849986,0.17647058823529413,0.8362196229366041,11.931426700000001,-2.42764978485,14915.090830000001,3,False,0.06968583157939402,1007.6627418757181,True,2023-01-21T19:11:00+00:00,False
train_2023_2024,cci_m3_chop_m5,personal,cost1,BTCUSDT,5,0,-35.77292921900002,-35.77292921900002,0.0,0.0,2.6661375400000007,-0.28798167900000005,3349.0813300000004,1,False,,,True,2023-01-21T19:11:00+00:00,False
train_2023_2024,cci_m3_chop_m5,personal,cost1,ETHUSDT,12,0,19.798942734150035,19.798942734150035,0.25,1.3205785280333255,9.26528916,-2.13966810585,11566.0095,3,False,,,True,2023-01-21T19:11:00+00:00,False
train_2023_2024,cci_m3_chop_m5,personal,cost2,PORTFOLIO,17,0,-52.6360579124721,-52.6360579124721,0.11764705882352941,0.5033182987829331,19.418965096,-3.785502816472,12151.56898,3,False,0.07271113237133961,989.553942087528,True,2023-01-21T19:11:00+00:00,False
train_2023_2024,cci_m3_chop_m5,personal,cost2,BTCUSDT,5,0,-37.28363261800001,-37.28363261800001,0.0,0.0,4.439046136000001,-0.47369648200000003,2790.5892800000006,1,False,,,True,2023-01-21T19:11:00+00:00,False
train_2023_2024,cci_m3_chop_m5,personal,cost2,ETHUSDT,12,0,-15.35242529447209,-15.35242529447209,0.16666666666666666,0.7765027935529395,14.979918960000001,-3.311806334472,9360.9797,3,False,,,True,2023-01-21T19:11:00+00:00,False
train_2023_2024,cci_m3_chop_m3,personal,cost1,PORTFOLIO,18,0,-24.203593569849872,-24.203593569849872,0.16666666666666666,0.7811842414685803,14.324879692000001,-2.65844387785,17909.70975,3,False,0.0786069213505713,1002.0257965157181,True,2023-01-21T19:11:00+00:00,False
train_2023_2024,cci_m3_chop_m3,personal,cost1,BTCUSDT,5,0,-30.503423773999973,-30.503423773999973,0.2,0.15153506095087815,3.146231852,-0.511721922,3946.21255,1,False,,,True,2023-01-21T19:11:00+00:00,False
train_2023_2024,cci_m3_chop_m3,personal,cost1,ETHUSDT,13,0,6.299830204150102,6.299830204150102,0.15384615384615385,1.0843797617009456,11.17864784,-2.14672195585,13963.4972,3,False,,,True,2023-01-21T19:11:00+00:00,False
train_2023_2024,cci_m3_chop_m3,personal,cost2,PORTFOLIO,17,0,-56.05892415526197,-56.05892415526197,0.17647058823529413,0.49599597900782133,22.453826528000004,-4.157957627262,14048.365150000001,3,False,0.07063515471251326,986.1310758447381,True,2023-01-21T10:01:00+00:00,False
train_2023_2024,cci_m3_chop_m3,personal,cost2,BTCUSDT,5,0,-32.965946054,-32.965946054,0.2,0.06827644194955773,5.2835647680000015,-0.8198412860000002,3315.6592500000006,1,False,,,True,2023-01-21T10:01:00+00:00,False
train_2023_2024,cci_m3_chop_m3,personal,cost2,ETHUSDT,12,0,-23.09297810126197,-23.09297810126197,0.16666666666666666,0.6955258823207574,17.170261760000002,-3.3381163412620003,10732.7059,3,False,,,True,2023-01-21T10:01:00+00:00,False
train_2023_2024,cci_m3_chop_m1,personal,cost1,PORTFOLIO,18,0,-51.009433511022216,-51.009433511022216,0.16666666666666666,0.539306103577383,14.601835596,-2.264327915022,18269.366130000002,3,False,0.07909536142413183,991.1805664889778,True,2023-01-22T04:36:00+00:00,False
train_2023_2024,cci_m3_chop_m1,personal,cost1,BTCUSDT,6,0,-37.0958128390002,-37.0958128390002,0.16666666666666666,0.12398947034092352,4.720137236000001,-0.656905603,5916.030930000001,1,False,,,True,2023-01-22T04:36:00+00:00,False
train_2023_2024,cci_m3_chop_m1,personal,cost1,ETHUSDT,12,0,-13.913620672022013,-13.913620672022013,0.16666666666666666,0.796515299663684,9.881698360000001,-1.6074223120220001,12353.3352,3,False,,,True,2023-01-22T04:36:00+00:00,False
train_2023_2024,cci_m3_chop_m1,personal,cost2,PORTFOLIO,16,0,-65.83202178406604,-65.83202178406604,0.1875,0.381810302049607,20.921976448000002,-3.2105653360660003,13097.08502,3,False,0.07105402064159265,976.357978215934,True,2023-01-21T07:26:00+00:00,False
train_2023_2024,cci_m3_chop_m1,personal,cost2,BTCUSDT,5,0,-37.566318206000176,-37.566318206000176,0.2,0.059046403530021274,6.041217568000001,-0.5380206380000001,3791.254520000001,1,False,,,True,2023-01-21T07:26:00+00:00,False
train_2023_2024,cci_m3_chop_m1,personal,cost2,ETHUSDT,11,0,-28.265703578065864,-28.265703578065864,0.18181818181818182,0.5753857103902118,14.880758880000002,-2.6725446980660004,9305.8305,3,False,,,True,2023-01-21T07:26:00+00:00,False
train_2023_2024,cci_m1_chop_w,personal,cost1,PORTFOLIO,20,0,80.28947070386016,80.28947070386016,0.35,1.7626717727433485,17.088971548000004,-2.8892277481392004,21311.0806,7,False,0.06915295260440502,973.2226069783635,True,2023-12-06T19:46:00+00:00,False
train_2023_2024,cci_m1_chop_w,personal,cost1,BTCUSDT,20,0,80.28947070386016,80.28947070386016,0.35,1.7626717727433485,17.088971548000004,-2.8892277481392004,21311.0806,7,False,,,True,2023-12-06T19:46:00+00:00,False
train_2023_2024,cci_m1_chop_w,personal,cost1,ETHUSDT,0,0,0,0,,,0,0,0,0,False,,,True,2023-12-06T19:46:00+00:00,False
train_2023_2024,cci_m1_chop_w,personal,cost2,PORTFOLIO,41,0,-67.08719772797602,-67.08719772797602,0.2682926829268293,0.7254104086812108,52.84549271200001,-12.6504550159762,33029.22857000001,11,False,0.10521200626865428,965.884330096934,True,2024-01-01T09:21:00+00:00,False
train_2023_2024,cci_m1_chop_w,personal,cost2,BTCUSDT,41,0,-67.08719772797602,-67.08719772797602,0.2682926829268293,0.7254104086812108,52.84549271200001,-12.6504550159762,33029.22857000001,11,False,,,True,2024-01-01T09:21:00+00:00,False
train_2023_2024,cci_m1_chop_w,personal,cost2,ETHUSDT,0,0,0,0,,,0,0,0,0,False,,,True,2024-01-01T09:21:00+00:00,False
train_2023_2024,cci_m1_chop_d,personal,cost1,PORTFOLIO,16,0,-80.70692993108803,-80.70692993108803,0.125,0.08150398000443859,11.265712532000002,-1.8413273990880001,14115.940610000001,2,False,0.08687272381263535,961.483070068912,True,2023-01-22T17:11:00+00:00,False
train_2023_2024,cci_m1_chop_d,personal,cost1,BTCUSDT,7,0,-35.447591892000105,-35.447591892000105,0.14285714285714285,0.12816520102475976,5.552324052000001,-0.79197784,6954.956710000001,1,False,,,True,2023-01-22T17:11:00+00:00,False
train_2023_2024,cci_m1_chop_d,personal,cost1,ETHUSDT,9,0,-45.25933803908792,-45.25933803908792,0.1111111111111111,0.04131795671912626,5.713388480000001,-1.049349559088,7160.9839,2,False,,,True,2023-01-22T17:11:00+00:00,False
train_2023_2024,cci_m1_chop_d,personal,cost2,PORTFOLIO,14,0,-80.70232342548829,-80.70232342548829,0.07142857142857142,0.028381390080646402,15.723928936000002,-2.847944489488,9858.520810000002,2,False,0.08416517083869839,961.4876765745117,True,2023-01-22T04:36:00+00:00,False
train_2023_2024,cci_m1_chop_d,personal,cost2,BTCUSDT,6,0,-38.58503451800019,-38.58503451800019,0.16666666666666666,0.05757722832994161,7.267590776000001,-1.0588937420000002,4557.373510000001,1,False,,,True,2023-01-22T04:36:00+00:00,False
train_2023_2024,cci_m1_chop_d,personal,cost2,ETHUSDT,8,0,-42.117288907488096,-42.117288907488096,0.0,0.0,8.456338160000001,-1.789050747488,5301.1473000000005,2,False,,,True,2023-01-22T04:36:00+00:00,False
train_2023_2024,cci_m1_chop_h12,personal,cost1,PORTFOLIO,41,0,-70.00579118047052,-70.00579118047052,0.24390243902439024,0.6835384595272398,29.484859704000005,-2.8776714764704003,36838.28783,14,False,0.10334350052759393,972.1842088195295,True,2023-10-24T21:56:00+00:00,False
train_2023_2024,cci_m1_chop_h12,personal,cost1,BTCUSDT,29,0,-65.07445949575664,-65.07445949575664,0.20689655172413793,0.6425333561032538,21.099234624000005,-1.4654648717564003,26333.333530000004,11,False,,,True,2023-10-24T21:56:00+00:00,False
train_2023_2024,cci_m1_chop_h12,personal,cost1,ETHUSDT,12,0,-4.931331684713888,-4.931331684713888,0.3333333333333333,0.8741068461775467,8.38562508,-1.412206604714,10504.954300000001,6,False,,,True,2023-10-24T21:56:00+00:00,False
train_2023_2024,cci_m1_chop_h12,personal,cost2,PORTFOLIO,36,0,-97.48838666519983,-97.48838666519983,0.2222222222222222,0.5240748017747643,41.213381768000005,-5.278494897199501,25752.198040000003,11,False,0.10698442171827477,937.8621091575224,True,2023-08-30T06:26:00+00:00,False
train_2023_2024,cci_m1_chop_h12,personal,cost2,BTCUSDT,24,0,-70.115558112678,-70.115558112678,0.16666666666666666,0.5609408546029079,27.963623608000006,-2.8759245046775006,17448.501740000003,8,False,,,True,2023-08-30T06:26:00+00:00,False
train_2023_2024,cci_m1_chop_h12,personal,cost2,ETHUSDT,12,0,-27.37282855252182,-27.37282855252182,0.3333333333333333,0.393664718909014,13.24975816,-2.402570392522,8303.696300000001,6,False,,,True,2023-08-30T06:26:00+00:00,False
train_2023_2024,cci_m1_chop_h6,personal,cost1,PORTFOLIO,67,0,183.0217221429945,183.0217221429945,0.31343283582089554,1.5668070520142185,53.59905528800001,-4.174282569006,67009.87396000001,25,False,0.09402661284284075,961.6126112762911,True,2023-12-06T19:46:00+00:00,False
train_2023_2024,cci_m1_chop_h6,personal,cost1,BTCUSDT,43,0,210.91669169577116,210.91669169577116,0.3023255813953488,1.948094601191461,35.410434968000004,-2.485133336229,44243.23776,21,False,,,True,2023-12-06T19:46:00+00:00,False
train_2023_2024,cci_m1_chop_h6,personal,cost1,ETHUSDT,24,0,-27.894969552776672,-27.894969552776672,0.3333333333333333,0.7222605622051208,18.188620320000002,-1.6891492327770001,22766.6362,14,False,,,True,2023-12-06T19:46:00+00:00,False
train_2023_2024,cci_m1_chop_h6,personal,cost2,PORTFOLIO,33,0,-97.07581762255519,-97.07581762255519,0.15151515151515152,0.5101774443749729,38.241891728000006,-4.5710658945552005,23928.31376,13,False,0.10023262316186105,945.1141823774449,True,2023-05-29T09:26:00+00:00,False
train_2023_2024,cci_m1_chop_h6,personal,cost2,BTCUSDT,24,0,-51.34680333387535,-51.34680333387535,0.16666666666666666,0.6579520853801829,28.115958768000006,-2.9467845658752005,17582.616260000003,11,False,,,True,2023-05-29T09:26:00+00:00,False
train_2023_2024,cci_m1_chop_h6,personal,cost2,ETHUSDT,9,0,-45.72901428867984,-45.72901428867984,0.1111111111111111,0.04869679098301079,10.12593296,-1.62428132868,6345.6975,6,False,,,True,2023-05-29T09:26:00+00:00,False
train_2023_2024,cci_m1_chop_h4,personal,cost1,PORTFOLIO,21,0,-95.95426143824231,-95.95426143824231,0.09523809523809523,0.177398558288628,13.176834100000002,-1.6490973382424001,16511.60679,10,False,0.1074904950850174,946.2357385617577,True,2023-04-13T16:56:00+00:00,False
train_2023_2024,cci_m1_chop_h4,personal,cost1,BTCUSDT,13,0,-48.76265642493436,-48.76265642493436,0.07692307692307693,0.2635266643253594,7.924939460000002,-0.8857869649344,9926.150290000001,6,False,,,True,2023-04-13T16:56:00+00:00,False
train_2023_2024,cci_m1_chop_h4,personal,cost1,ETHUSDT,8,0,-47.19160501330795,-47.19160501330795,0.125,0.06433256797406019,5.251894640000001,-0.763310373308,6585.4565,5,False,,,True,2023-04-13T16:56:00+00:00,False
train_2023_2024,cci_m1_chop_h4,personal,cost2,PORTFOLIO,20,0,-102.43969006792508,-102.43969006792508,0.1,0.13224383868529052,20.365685352000003,-2.7735147159252,12768.203590000001,9,False,0.1053391357186025,939.750309932075,True,2023-04-12T12:36:00+00:00,False
train_2023_2024,cci_m1_chop_h4,personal,cost2,BTCUSDT,12,0,-51.36953989875718,-51.36953989875718,0.08333333333333333,0.20530092090608548,11.874170152000001,-1.4348797467571999,7440.386590000001,5,False,,,True,2023-04-12T12:36:00+00:00,False
train_2023_2024,cci_m1_chop_h4,personal,cost2,ETHUSDT,8,0,-51.07015016916791,-51.07015016916791,0.125,0.043827079007705994,8.4915152,-1.338634969168,5327.817,5,False,,,True,2023-04-12T12:36:00+00:00,False
train_2023_2024,cci_m1_chop_h1,personal,cost1,PORTFOLIO,25,0,-91.09471844201502,-91.09471844201502,0.2,0.24234731289109787,12.457924092,-1.346364350015,15611.050330000002,13,False,0.10588685741502958,951.095281557985,True,2023-05-05T11:56:00+00:00,False
train_2023_2024,cci_m1_chop_h1,personal,cost1,BTCUSDT,12,0,-33.2499373696129,-33.2499373696129,0.16666666666666666,0.2760409038939794,5.0824970920000005,-0.903110277613,6366.753530000001,10,False,,,True,2023-05-05T11:56:00+00:00,False
train_2023_2024,cci_m1_chop_h1,personal,cost1,ETHUSDT,13,0,-57.84478107240213,-57.84478107240213,0.23076923076923078,0.22152127428234478,7.375427000000001,-0.443254072402,9244.2968,9,False,,,True,2023-05-05T11:56:00+00:00,False
train_2023_2024,cci_m1_chop_h1,personal,cost2,PORTFOLIO,25,0,-103.59846222357118,-103.59846222357118,0.2,0.18277779439548777,20.231349176000002,-2.322623047571,12685.11548,13,False,0.1079689194406223,938.5915377764289,True,2023-05-05T11:56:00+00:00,False
train_2023_2024,cci_m1_chop_h1,personal,cost2,BTCUSDT,12,0,-41.420847326276984,-41.420847326276984,0.16666666666666666,0.18035738553363204,8.409245016000002,-1.5229123102770004,5271.5224800000005,10,False,,,True,2023-05-05T11:56:00+00:00,False
train_2023_2024,cci_m1_chop_h1,personal,cost2,ETHUSDT,13,0,-62.17761489729419,-62.17761489729419,0.23076923076923078,0.18438227982368552,11.822104160000002,-0.7997107372940001,7413.593000000001,9,False,,,True,2023-05-05T11:56:00+00:00,False
train_2023_2024,cci_m1_chop_m30,personal,cost1,PORTFOLIO,27,0,-80.69632497232169,-80.69632497232169,0.18518518518518517,0.36040277956927497,10.245577064,-1.3483279083217001,12841.522540000002,12,False,0.10040412240630006,961.4936750276784,True,2023-05-12T21:31:00+00:00,False
train_2023_2024,cci_m1_chop_m30,personal,cost1,BTCUSDT,15,0,-72.70995964928154,-72.70995964928154,0.13333333333333333,0.019384727895935972,5.949973544000001,-0.5279661052817001,7470.582940000001,8,False,,,True,2023-05-12T21:31:00+00:00,False
train_2023_2024,cci_m1_chop_m30,personal,cost1,ETHUSDT,12,0,-7.986365323040139,-7.986365323040139,0.25,0.8464754706995022,4.29560352,-0.8203618030400001,5370.939600000001,10,False,,,True,2023-05-12T21:31:00+00:00,False
train_2023_2024,cci_m1_chop_m30,personal,cost2,PORTFOLIO,26,0,-94.80780886123814,-94.80780886123814,0.15384615384615385,0.2597777494591055,17.322146328000002,-2.3733725332380002,10863.8976,12,False,0.10782148467072196,947.3821911387619,True,2023-05-10T19:06:00+00:00,False
train_2023_2024,cci_m1_chop_m30,personal,cost2,BTCUSDT,15,0,-82.65290405046811,-82.65290405046811,0.06666666666666667,0.007483022120674268,10.807884968000002,-0.9456290824680001,6790.3778,8,False,,,True,2023-05-10T19:06:00+00:00,False
train_2023_2024,cci_m1_chop_m30,personal,cost2,ETHUSDT,11,0,-12.15490481077003,-12.15490481077003,0.2727272727272727,0.7287101854266836,6.514261360000001,-1.42774345077,4073.5198,10,False,,,True,2023-05-10T19:06:00+00:00,False
train_2023_2024,cci_m1_chop_m15,personal,cost1,PORTFOLIO,38,0,-5.473199360503925,-5.473199360503925,0.23684210526315788,0.9706064491249731,18.180222388,-3.5278269725035,22717.160560000004,14,False,0.11030789054082027,1036.7168006394961,True,2023-04-30T21:06:00+00:00,False
train_2023_2024,cci_m1_chop_m15,personal,cost1,BTCUSDT,21,0,-77.23719483896748,-77.23719483896748,0.14285714285714285,0.3202099908611705,8.844371788000002,-1.1975730509675,11089.062360000002,11,False,,,True,2023-04-30T21:06:00+00:00,False
train_2023_2024,cci_m1_chop_m15,personal,cost1,ETHUSDT,17,0,71.76399547846356,71.76399547846356,0.35294117647058826,1.9886905305530003,9.3358506,-2.330253921536,11628.0982,10,False,,,True,2023-04-30T21:06:00+00:00,False
train_2023_2024,cci_m1_chop_m15,personal,cost2,PORTFOLIO,36,0,-42.47147646069433,-42.47147646069433,0.19444444444444445,0.7555058258462442,28.621348416000004,-5.6586280446942006,17892.43851,14,False,0.1052274555059274,999.7185235393057,True,2023-04-30T15:06:00+00:00,False
train_2023_2024,cci_m1_chop_m15,personal,cost2,BTCUSDT,20,0,-78.7224696124422,-78.7224696124422,0.1,0.267410511026029,13.999478336000001,-1.9830912764422002,8781.04391,11,False,,,True,2023-04-30T15:06:00+00:00,False
train_2023_2024,cci_m1_chop_m15,personal,cost2,ETHUSDT,16,0,36.250993151747856,36.250993151747856,0.3125,1.5471535085708934,14.62187008,-3.6755367682520004,9111.394600000001,10,False,,,True,2023-04-30T15:06:00+00:00,False
train_2023_2024,cci_m1_chop_m5,personal,cost1,PORTFOLIO,17,0,-15.973986484849986,-15.973986484849986,0.17647058823529413,0.8362196229366041,11.931426700000001,-2.42764978485,14915.090830000001,3,False,0.06968583157939402,1007.6627418757181,True,2023-01-22T13:06:00+00:00,False
train_2023_2024,cci_m1_chop_m5,personal,cost1,BTCUSDT,5,0,-35.77292921900002,-35.77292921900002,0.0,0.0,2.6661375400000007,-0.28798167900000005,3349.0813300000004,1,False,,,True,2023-01-22T13:06:00+00:00,False
train_2023_2024,cci_m1_chop_m5,personal,cost1,ETHUSDT,12,0,19.798942734150035,19.798942734150035,0.25,1.3205785280333255,9.26528916,-2.13966810585,11566.0095,3,False,,,True,2023-01-22T13:06:00+00:00,False
train_2023_2024,cci_m1_chop_m5,personal,cost2,PORTFOLIO,17,0,-52.6360579124721,-52.6360579124721,0.11764705882352941,0.5033182987829331,19.418965096,-3.785502816472,12151.56898,3,False,0.07271113237133961,989.553942087528,True,2023-01-22T13:06:00+00:00,False
train_2023_2024,cci_m1_chop_m5,personal,cost2,BTCUSDT,5,0,-37.28363261800001,-37.28363261800001,0.0,0.0,4.439046136000001,-0.47369648200000003,2790.5892800000006,1,False,,,True,2023-01-22T13:06:00+00:00,False
train_2023_2024,cci_m1_chop_m5,personal,cost2,ETHUSDT,12,0,-15.35242529447209,-15.35242529447209,0.16666666666666666,0.7765027935529395,14.979918960000001,-3.311806334472,9360.9797,3,False,,,True,2023-01-22T13:06:00+00:00,False
train_2023_2024,cci_m1_chop_m3,personal,cost1,PORTFOLIO,18,0,-24.203593569849872,-24.203593569849872,0.16666666666666666,0.7811842414685803,14.324879692000001,-2.65844387785,17909.70975,3,False,0.0786069213505713,1002.0257965157181,True,2023-01-22T13:06:00+00:00,False
train_2023_2024,cci_m1_chop_m3,personal,cost1,BTCUSDT,5,0,-30.503423773999973,-30.503423773999973,0.2,0.15153506095087815,3.146231852,-0.511721922,3946.21255,1,False,,,True,2023-01-22T13:06:00+00:00,False
train_2023_2024,cci_m1_chop_m3,personal,cost1,ETHUSDT,13,0,6.299830204150102,6.299830204150102,0.15384615384615385,1.0843797617009456,11.17864784,-2.14672195585,13963.4972,3,False,,,True,2023-01-22T13:06:00+00:00,False
train_2023_2024,cci_m1_chop_m3,personal,cost2,PORTFOLIO,17,0,-56.05892415526197,-56.05892415526197,0.17647058823529413,0.49599597900782133,22.453826528000004,-4.157957627262,14048.365150000001,3,False,0.07063515471251326,986.1310758447381,True,2023-01-21T10:01:00+00:00,False
train_2023_2024,cci_m1_chop_m3,personal,cost2,BTCUSDT,5,0,-32.965946054,-32.965946054,0.2,0.06827644194955773,5.2835647680000015,-0.8198412860000002,3315.6592500000006,1,False,,,True,2023-01-21T10:01:00+00:00,False
train_2023_2024,cci_m1_chop_m3,personal,cost2,ETHUSDT,12,0,-23.09297810126197,-23.09297810126197,0.16666666666666666,0.6955258823207574,17.170261760000002,-3.3381163412620003,10732.7059,3,False,,,True,2023-01-21T10:01:00+00:00,False
train_2023_2024,cci_m1_chop_m1,personal,cost1,PORTFOLIO,18,0,-46.06533427238223,-46.06533427238223,0.16666666666666666,0.5646215493997687,14.598393060000001,-2.380491212382,18262.53455,3,False,0.07731033115195504,996.1246657276179,True,2023-01-22T04:36:00+00:00,False
train_2023_2024,cci_m1_chop_m1,personal,cost1,BTCUSDT,6,0,-34.93567289700024,-34.93567289700024,0.16666666666666666,0.13122328533278504,4.582370060000001,-0.640152837,5742.819150000001,1,False,,,True,2023-01-22T04:36:00+00:00,False
train_2023_2024,cci_m1_chop_m1,personal,cost1,ETHUSDT,12,0,-11.12966137538199,-11.12966137538199,0.16666666666666666,0.8303218575281804,10.016023,-1.740338375382,12519.715400000001,3,False,,,True,2023-01-22T04:36:00+00:00,False
train_2023_2024,cci_m1_chop_m1,personal,cost2,PORTFOLIO,16,0,-61.852091319442124,-61.852091319442124,0.1875,0.39667672075046156,20.910422896000004,-3.395768423442,13087.787260000001,3,False,0.06726735582630222,980.3379086805579,True,2023-01-21T07:26:00+00:00,False
train_2023_2024,cci_m1_chop_m1,personal,cost2,BTCUSDT,5,0,-35.73462588000022,-35.73462588000022,0.2,0.06206541651225444,5.834767856000001,-0.510558024,3661.424560000001,1,False,,,True,2023-01-21T07:26:00+00:00,False
train_2023_2024,cci_m1_chop_m1,personal,cost2,ETHUSDT,11,0,-26.1174654394419,-26.1174654394419,0.18181818181818182,0.5945734008750914,15.075655040000003,-2.885210399442,9426.3627,3,False,,,True,2023-01-21T07:26:00+00:00,False
train_2023_2024,baseline,public,cost1,PORTFOLIO,21,0,-34.44383660053638,-34.44383660053638,0.14285714285714285,0.7203732375018675,26.426435148,-3.015821452536,22024.53008,3,False,0.08218544139754345,1007.4974635301679,True,2023-01-21T19:11:00+00:00,False
train_2023_2024,baseline,public,cost1,BTCUSDT,6,0,-35.2883101690003,-35.2883101690003,0.16666666666666666,0.12067315582438069,6.840226427999999,-0.6637037410000001,5714.08088,1,False,,,True,2023-01-21T19:11:00+00:00,False
train_2023_2024,baseline,public,cost1,ETHUSDT,15,0,0.8444735684639171,0.8444735684639171,0.13333333333333333,1.0101686410052928,19.58620872,-2.352117711536,16310.449200000001,3,False,,,True,2023-01-21T19:11:00+00:00,False
train_2023_2024,baseline,public,cost2,PORTFOLIO,21,0,-82.86159935631837,-82.86159935631837,0.14285714285714285,0.3940828528037459,40.4942757,-4.543933656318,16891.52657,3,False,0.08986345263630326,959.3284006436817,True,2023-01-21T19:11:00+00:00,False
train_2023_2024,baseline,public,cost2,BTCUSDT,6,0,-39.72033522400018,-39.72033522400018,0.16666666666666666,0.04153446584542124,10.23272154,-0.9950236840000001,4277.880270000001,1,False,,,True,2023-01-21T19:11:00+00:00,False
train_2023_2024,baseline,public,cost2,ETHUSDT,15,0,-43.14126413231818,-43.14126413231818,0.13333333333333333,0.5473699639902749,30.26155416,-3.548909972318,12613.646300000002,3,False,,,True,2023-01-21T19:11:00+00:00,False
train_2023_2024,cci_w,public,cost1,PORTFOLIO,6,0,-56.23175636400023,-56.23175636400023,0.0,0.0,5.382777504,-0.11229886000000001,4511.01626,1,False,0.05395537892706729,985.9582436359998,True,2023-01-26T18:31:00+00:00,False
train_2023_2024,cci_w,public,cost1,BTCUSDT,2,0,-17.870153444000113,-17.870153444000113,0.0,0.0,2.1009374640000003,-0.05993598000000001,1758.6358600000003,1,False,,,True,2023-01-26T18:31:00+00:00,False
train_2023_2024,cci_w,public,cost1,ETHUSDT,4,0,-38.36160292000012,-38.36160292000012,0.0,0.0,3.28184004,-0.05236288000000001,2752.3804,1,False,,,True,2023-01-26T18:31:00+00:00,False
train_2023_2024,cci_w,public,cost2,PORTFOLIO,3,0,-30.93334491999991,-30.93334491999991,0.0,0.0,6.17544492,0.0,2585.481,1,False,0.029681099338892,1011.2566550800002,True,2023-01-23T09:31:00+00:00,False
train_2023_2024,cci_w,public,cost2,BTCUSDT,1,0,-10.407156760000113,-10.407156760000113,0.0,0.0,2.09885676,0.0,878.6778,1,False,,,True,2023-01-23T09:31:00+00:00,False
train_2023_2024,cci_w,public,cost2,ETHUSDT,2,0,-20.526188159999798,-20.526188159999798,0.0,0.0,4.07658816,0.0,1706.8032,1,False,,,True,2023-01-23T09:31:00+00:00,False
train_2023_2024,cci_d,public,cost1,PORTFOLIO,18,0,-35.87720876197422,-35.87720876197422,0.1111111111111111,0.6717327483710741,21.158008638,-2.474670123974,17637.796130000002,3,False,0.08228815899071494,1006.0584608097301,True,2023-01-21T19:11:00+00:00,False
train_2023_2024,cci_d,public,cost1,BTCUSDT,6,0,-35.2826796100003,-35.2826796100003,0.16666666666666666,0.12041997060777762,6.832457538,-0.6623920719999999,5707.60853,1,False,,,True,2023-01-21T19:11:00+00:00,False
train_2023_2024,cci_d,public,cost1,ETHUSDT,12,0,-0.594529151973918,-0.594529151973918,0.08333333333333333,0.9914060029906363,14.325551099999998,-1.8122780519740003,11930.1876,3,False,,,True,2023-01-21T19:11:00+00:00,False
train_2023_2024,cci_d,public,cost2,PORTFOLIO,18,0,-74.36464556386824,-74.36464556386824,0.1111111111111111,0.38577099286565036,32.994123588,-3.7874919758680003,13766.34301,3,False,0.09004807097021561,967.8253544361318,True,2023-01-21T19:11:00+00:00,False
train_2023_2024,cci_d,public,cost2,BTCUSDT,6,0,-40.08047752600018,-40.08047752600018,0.16666666666666666,0.041563539697804776,10.324909188,-1.003738338,4316.421410000001,1,False,,,True,2023-01-21T19:11:00+00:00,False
train_2023_2024,cci_d,public,cost2,ETHUSDT,12,0,-34.28416803786806,-34.28416803786806,0.08333333333333333,0.5673992700152495,22.669214399999998,-2.7837536378680006,9449.921600000001,3,False,,,True,2023-01-21T19:11:00+00:00,False
train_2023_2024,cci_h12,public,cost1,PORTFOLIO,15,0,-84.53430706463209,-84.53430706463209,0.06666666666666667,0.09178512483466655,15.822200628,-1.327206436632,13218.85964,3,False,0.08270070722860506,957.6556929353679,True,2023-01-22T04:36:00+00:00,False
train_2023_2024,cci_h12,public,cost1,BTCUSDT,3,0,-19.02788872400005,-19.02788872400005,0.0,0.0,2.8962545879999997,-0.3995341360000001,2421.41154,1,False,,,True,2023-01-22T04:36:00+00:00,False
train_2023_2024,cci_h12,public,cost1,ETHUSDT,12,0,-65.50641834063204,-65.50641834063204,0.08333333333333333,0.11537037730602619,12.92594604,-0.927672300632,10797.4481,3,False,,,True,2023-01-22T04:36:00+00:00,False
train_2023_2024,cci_h12,public,cost2,PORTFOLIO,15,0,-99.018313949624,-99.018313949624,0.06666666666666667,0.06165284055596417,25.54598574,-2.1929582096240003,10679.800410000002,3,False,0.09554144623901438,943.1716860503761,True,2023-01-22T04:36:00+00:00,False
train_2023_2024,cci_h12,public,cost2,BTCUSDT,3,0,-21.567933691999993,-21.567933691999993,0.0,0.0,4.570653180000001,-0.6043105120000001,1912.6353100000003,1,False,,,True,2023-01-22T04:36:00+00:00,False
train_2023_2024,cci_h12,public,cost2,ETHUSDT,12,0,-77.450380257624,-77.450380257624,0.08333333333333333,0.07749114259707196,20.97533256,-1.5886476976240003,8767.1651,3,False,,,True,2023-01-22T04:36:00+00:00,False
train_2023_2024,cci_h6,public,cost1,PORTFOLIO,20,0,-21.878205036427698,-21.878205036427698,0.15,0.8164201840169891,22.397640318,-2.8769947184276004,18663.002050000003,7,False,0.10400874901151376,1020.3117949635724,True,2023-03-15T05:06:00+00:00,False
train_2023_2024,cci_h6,public,cost1,BTCUSDT,8,0,-39.775211638033554,-39.775211638033554,0.125,0.1638080020765915,7.651555158,-0.9014864800336001,6391.907050000001,5,False,,,True,2023-03-15T05:06:00+00:00,False
train_2023_2024,cci_h6,public,cost1,ETHUSDT,12,0,17.897006601605852,17.897006601605852,0.16666666666666666,1.2499290168748245,14.74608516,-1.9755082383940001,12271.095000000001,4,False,,,True,2023-03-15T05:06:00+00:00,False
train_2023_2024,cci_h6,public,cost2,PORTFOLIO,19,0,-53.87261627923786,-53.87261627923786,0.15789473684210525,0.5372222555870393,31.937301767999998,-4.419534511238,13315.966960000002,6,False,0.10286471913221037,988.3173837207622,True,2023-03-01T14:51:00+00:00,False
train_2023_2024,cci_h6,public,cost2,BTCUSDT,7,0,-36.144635638469836,-36.144635638469836,0.14285714285714285,0.11164032108088125,9.580208928000001,-1.3881467104700003,4004.3418600000005,4,False,,,True,2023-03-01T14:51:00+00:00,False
train_2023_2024,cci_h6,public,cost2,ETHUSDT,12,0,-17.727980640768028,-17.727980640768028,0.16666666666666666,0.7658883979284296,22.357092839999996,-3.031387800768,9311.625100000001,4,False,,,True,2023-03-01T14:51:00+00:00,False
train_2023_2024,cci_h4,public,cost1,PORTFOLIO,20,0,-82.34009387324468,-82.34009387324468,0.2,0.31014362217760255,18.669115524,-2.1054183492444003,15588.379050000001,7,False,0.10169027162185745,959.8499061267554,True,2023-02-21T05:56:00+00:00,False
train_2023_2024,cci_h4,public,cost1,BTCUSDT,8,0,-42.38123579664645,-42.38123579664645,0.125,0.15392571192813406,6.376201464,-0.7851743326464,5331.111150000001,4,False,,,True,2023-02-21T05:56:00+00:00,False
train_2023_2024,cci_h4,public,cost1,ETHUSDT,12,0,-39.95885807659823,-39.95885807659823,0.25,0.42311580384564307,12.29291406,-1.320244016598,10257.2679,5,False,,,True,2023-02-21T05:56:00+00:00,False
train_2023_2024,cci_h4,public,cost2,PORTFOLIO,18,0,-91.52017224516808,-91.52017224516808,0.2222222222222222,0.19481398098693486,28.228239648,-3.241372597168,11791.7918,6,False,0.10302232515111424,950.669827754832,True,2023-02-16T00:16:00+00:00,False
train_2023_2024,cci_h4,public,cost2,BTCUSDT,6,0,-37.02373611600004,-37.02373611600004,0.16666666666666666,0.10992173530703774,9.061144848000001,-1.0418312680000001,3788.9374000000007,3,False,,,True,2023-02-16T00:16:00+00:00,False
train_2023_2024,cci_h4,public,cost2,ETHUSDT,12,0,-54.49643612916804,-54.49643612916804,0.25,0.24381234178328826,19.167094799999997,-2.199541329168,8002.8544,5,False,,,True,2023-02-16T00:16:00+00:00,False
train_2023_2024,cci_h1,public,cost1,PORTFOLIO,20,0,-44.52720822876004,-44.52720822876004,0.15,0.6595404957908648,13.082607792,-2.1447204367600006,10916.823100000001,7,False,0.10695884592105641,997.66279177124,True,2023-02-17T17:16:00+00:00,False
train_2023_2024,cci_h1,public,cost1,BTCUSDT,10,0,-60.00638611900008,-60.00638611900008,0.1,0.15485301820744587,5.734809192,-0.6822969270000001,4805.8023,5,False,,,True,2023-02-17T17:16:00+00:00,False
train_2023_2024,cci_h1,public,cost1,ETHUSDT,10,0,15.479177890240035,15.479177890240035,0.2,1.2589162474408366,7.3477986,-1.4624235097600002,6111.0208,6,False,,,True,2023-02-17T17:16:00+00:00,False
train_2023_2024,cci_h1,public,cost2,PORTFOLIO,18,0,-65.50979450079998,-65.50979450079998,0.16666666666666666,0.4600051751222109,20.675890056,-3.3031044448,8635.71959,6,False,0.10476845392745032,976.6802054992,True,2023-02-16T00:16:00+00:00,False
train_2023_2024,cci_h1,public,cost2,BTCUSDT,8,0,-53.76466310399998,-53.76466310399998,0.125,0.11035192770273797,8.778775896,-1.111487208,3679.76049,4,False,,,True,2023-02-16T00:16:00+00:00,False
train_2023_2024,cci_h1,public,cost2,ETHUSDT,10,0,-11.7451313968,-11.7451313968,0.2,0.8070835726659729,11.89711416,-2.1916172368,4955.9591,6,False,,,True,2023-02-16T00:16:00+00:00,False
train_2023_2024,cci_m30,public,cost1,PORTFOLIO,12,0,-5.260745116159911,-5.260745116159911,0.08333333333333333,0.929943417573138,10.131692154,-1.9840229621600003,8439.64931,3,False,0.07181012851482942,1025.019830088816,True,2023-01-22T14:56:00+00:00,False
train_2023_2024,cci_m30,public,cost1,BTCUSDT,5,0,-37.66908602800011,-37.66908602800011,0.0,0.0,3.9873129540000005,-0.2727430740000001,3339.4653100000005,1,False,,,True,2023-01-22T14:56:00+00:00,False
train_2023_2024,cci_m30,public,cost1,ETHUSDT,7,0,32.4083409118402,32.4083409118402,0.14285714285714285,1.865984030081225,6.1443791999999995,-1.7112798881600002,5100.184,3,False,,,True,2023-01-22T14:56:00+00:00,False
train_2023_2024,cci_m30,public,cost2,PORTFOLIO,12,0,-33.06820395158416,-33.06820395158416,0.08333333333333333,0.5824106627624803,16.193105292000002,-3.091028659584,6754.0192400000005,3,False,0.07503227713088786,1009.121796048416,True,2023-01-22T14:56:00+00:00,False
train_2023_2024,cci_m30,public,cost2,BTCUSDT,5,0,-39.57120483600008,-39.57120483600008,0.0,0.0,6.479799612000001,-0.4407352240000001,2716.2418400000006,1,False,,,True,2023-01-22T14:56:00+00:00,False
train_2023_2024,cci_m30,public,cost2,ETHUSDT,7,0,6.503000884415916,6.503000884415916,0.14285714285714285,1.1641461914602018,9.71330568,-2.650293435584,4037.7774000000004,3,False,,,True,2023-01-22T14:56:00+00:00,False
train_2023_2024,cci_m15,public,cost1,PORTFOLIO,15,0,-18.476591847088915,-18.476591847088915,0.13333333333333333,0.7978036840179842,14.524605324,-2.385326523089,12104.6211,3,False,0.074755231727985,1002.3995324754673,True,2023-01-22T14:56:00+00:00,False
train_2023_2024,cci_m15,public,cost1,BTCUSDT,5,0,-29.771466557000167,-29.771466557000167,0.2,0.14234871108441377,4.858528044000001,-0.515678513,4060.9720000000007,1,False,,,True,2023-01-22T14:56:00+00:00,False
train_2023_2024,cci_m15,public,cost1,ETHUSDT,10,0,11.294874709911253,11.294874709911253,0.1,1.199321267113778,9.66607728,-1.869648010089,8043.6491000000005,3,False,,,True,2023-01-22T14:56:00+00:00,False
train_2023_2024,cci_m15,public,cost2,PORTFOLIO,14,0,-39.70877512455605,-39.70877512455605,0.14285714285714285,0.5408111145127993,21.872310468,-3.7222146565560004,9120.519820000001,3,False,0.0676228872414434,1001.45612987002,True,2023-01-22T14:56:00+00:00,False
train_2023_2024,cci_m15,public,cost2,BTCUSDT,4,0,-23.518382267999986,-23.518382267999986,0.25,0.07109475409771876,6.674847468,-0.8187848000000001,2789.1988200000005,1,False,,,True,2023-01-22T14:56:00+00:00,False
train_2023_2024,cci_m15,public,cost2,ETHUSDT,10,0,-16.19039285655606,-16.19039285655606,0.1,0.7352673404063544,15.197462999999999,-2.9034298565560004,6331.321,3,False,,,True,2023-01-22T14:56:00+00:00,False
train_2023_2024,cci_m5,public,cost1,PORTFOLIO,21,0,-34.44383660053638,-34.44383660053638,0.14285714285714285,0.7203732375018675,26.426435148,-3.015821452536,22024.53008,3,False,0.08218544139754345,1007.4974635301679,True,2023-01-21T19:11:00+00:00,False
train_2023_2024,cci_m5,public,cost1,BTCUSDT,6,0,-35.2883101690003,-35.2883101690003,0.16666666666666666,0.12067315582438069,6.840226427999999,-0.6637037410000001,5714.08088,1,False,,,True,2023-01-21T19:11:00+00:00,False
train_2023_2024,cci_m5,public,cost1,ETHUSDT,15,0,0.8444735684639171,0.8444735684639171,0.13333333333333333,1.0101686410052928,19.58620872,-2.352117711536,16310.449200000001,3,False,,,True,2023-01-21T19:11:00+00:00,False
train_2023_2024,cci_m5,public,cost2,PORTFOLIO,21,0,-82.86159935631837,-82.86159935631837,0.14285714285714285,0.3940828528037459,40.4942757,-4.543933656318,16891.52657,3,False,0.08986345263630326,959.3284006436817,True,2023-01-21T19:11:00+00:00,False
train_2023_2024,cci_m5,public,cost2,BTCUSDT,6,0,-39.72033522400018,-39.72033522400018,0.16666666666666666,0.04153446584542124,10.23272154,-0.9950236840000001,4277.880270000001,1,False,,,True,2023-01-21T19:11:00+00:00,False
train_2023_2024,cci_m5,public,cost2,ETHUSDT,15,0,-43.14126413231818,-43.14126413231818,0.13333333333333333,0.5473699639902749,30.26155416,-3.548909972318,12613.646300000002,3,False,,,True,2023-01-21T19:11:00+00:00,False
train_2023_2024,cci_m3,public,cost1,PORTFOLIO,21,0,-38.41322792619234,-38.41322792619234,0.14285714285714285,0.6978547355560238,26.399265138,-2.9414927881920003,22003.923850000003,3,False,0.085800602913205,1003.7767720738077,True,2023-01-21T19:11:00+00:00,False
train_2023_2024,cci_m3,public,cost1,BTCUSDT,6,0,-38.4588976300002,-38.4588976300002,0.16666666666666666,0.11158453223938264,6.906134118000001,-0.644193512,5770.566050000001,1,False,,,True,2023-01-21T19:11:00+00:00,False
train_2023_2024,cci_m3,public,cost1,ETHUSDT,15,0,0.04566970380785618,0.04566970380785618,0.13333333333333333,1.000544687811721,19.49313102,-2.297299276192,16233.3578,3,False,,,True,2023-01-21T19:11:00+00:00,False
train_2023_2024,cci_m3,public,cost2,PORTFOLIO,20,0,-76.22671351697424,-76.22671351697424,0.15,0.41415214978356873,38.956537416,-4.472336100974,16248.289510000002,3,False,0.08356878640321641,965.9632864830259,True,2023-01-21T10:01:00+00:00,False
train_2023_2024,cci_m3,public,cost2,BTCUSDT,6,0,-42.038015570000084,-42.038015570000084,0.16666666666666666,0.039211116611513754,10.354583016,-0.976592554,4329.763010000001,1,False,,,True,2023-01-21T10:01:00+00:00,False
train_2023_2024,cci_m3,public,cost2,ETHUSDT,14,0,-34.18869794697415,-34.18869794697415,0.14285714285714285,0.6041135272268852,28.6019544,-3.495743546974,11918.526500000002,3,False,,,True,2023-01-21T10:01:00+00:00,False
train_2023_2024,cci_m1,public,cost1,PORTFOLIO,21,0,-34.44383660053638,-34.44383660053638,0.14285714285714285,0.7203732375018675,26.426435148,-3.015821452536,22024.53008,3,False,0.08218544139754345,1007.4974635301679,True,2023-01-22T04:36:00+00:00,False
train_2023_2024,cci_m1,public,cost1,BTCUSDT,6,0,-35.2883101690003,-35.2883101690003,0.16666666666666666,0.12067315582438069,6.840226427999999,-0.6637037410000001,5714.08088,1,False,,,True,2023-01-22T04:36:00+00:00,False
train_2023_2024,cci_m1,public,cost1,ETHUSDT,15,0,0.8444735684639171,0.8444735684639171,0.13333333333333333,1.0101686410052928,19.58620872,-2.352117711536,16310.449200000001,3,False,,,True,2023-01-22T04:36:00+00:00,False
train_2023_2024,cci_m1,public,cost2,PORTFOLIO,21,0,-82.86159935631837,-82.86159935631837,0.14285714285714285,0.3940828528037459,40.4942757,-4.543933656318,16891.52657,3,False,0.08986345263630326,959.3284006436817,True,2023-01-22T04:36:00+00:00,False
train_2023_2024,cci_m1,public,cost2,BTCUSDT,6,0,-39.72033522400018,-39.72033522400018,0.16666666666666666,0.04153446584542124,10.23272154,-0.9950236840000001,4277.880270000001,1,False,,,True,2023-01-22T04:36:00+00:00,False
train_2023_2024,cci_m1,public,cost2,ETHUSDT,15,0,-43.14126413231818,-43.14126413231818,0.13333333333333333,0.5473699639902749,30.26155416,-3.548909972318,12613.646300000002,3,False,,,True,2023-01-22T04:36:00+00:00,False
train_2023_2024,chop_w,public,cost1,PORTFOLIO,20,0,71.43598044582677,71.43598044582677,0.35,1.6683302046911148,24.734335806,-2.8003137481726,20562.46119,7,False,0.07055413041495022,971.6261693925393,True,2023-12-06T19:46:00+00:00,False
train_2023_2024,chop_w,public,cost1,BTCUSDT,20,0,71.43598044582677,71.43598044582677,0.35,1.6683302046911148,24.734335806,-2.8003137481726,20562.46119,7,False,,,True,2023-12-06T19:46:00+00:00,False
train_2023_2024,chop_w,public,cost1,ETHUSDT,0,0,0,0,,,0,0,0,0,False,,,True,2023-12-06T19:46:00+00:00,False
train_2023_2024,chop_w,public,cost2,PORTFOLIO,40,0,-76.17432401037289,-76.17432401037289,0.275,0.6762696892057843,72.560024328,-11.813459682373,30229.243890000005,10,False,0.10130876609890373,964.29353587713,True,2024-01-01T01:41:00+00:00,False
train_2023_2024,chop_w,public,cost2,BTCUSDT,40,0,-76.17432401037289,-76.17432401037289,0.275,0.6762696892057843,72.560024328,-11.813459682373,30229.243890000005,10,False,,,True,2024-01-01T01:41:00+00:00,False
train_2023_2024,chop_w,public,cost2,ETHUSDT,0,0,0,0,,,0,0,0,0,False,,,True,2024-01-01T01:41:00+00:00,False
train_2023_2024,chop_d,public,cost1,PORTFOLIO,14,0,-70.73068095575222,-70.73068095575222,0.14285714285714285,0.08041261533869411,14.192911217999999,-1.6494197377520001,11854.870190000001,2,False,0.07683417217275734,971.4593190442479,True,2023-01-21T19:11:00+00:00,False
train_2023_2024,chop_d,public,cost1,BTCUSDT,6,0,-34.03577461300029,-34.03577461300029,0.16666666666666666,0.12065895671720829,6.5963163179999995,-0.6398082950000001,5510.330090000001,1,False,,,True,2023-01-21T19:11:00+00:00,False
train_2023_2024,chop_d,public,cost1,ETHUSDT,8,0,-36.69490634275193,-36.69490634275193,0.125,0.03964348918623652,7.5965948999999995,-1.009611442752,6344.5401,2,False,,,True,2023-01-21T19:11:00+00:00,False
train_2023_2024,chop_d,public,cost2,PORTFOLIO,14,0,-83.14542471881627,-83.14542471881627,0.07142857142857142,0.020281862142182815,22.168027452,-2.7160872668160003,9265.808760000002,2,False,0.08588978208796408,959.0445752811838,True,2023-01-21T19:11:00+00:00,False
train_2023_2024,chop_d,public,cost2,BTCUSDT,6,0,-39.71105254400018,-39.71105254400018,0.16666666666666666,0.04154377141358606,10.227287052,-0.993655492,4275.61466,1,False,,,True,2023-01-21T19:11:00+00:00,False
train_2023_2024,chop_d,public,cost2,ETHUSDT,8,0,-43.43437217481609,-43.43437217481609,0.0,0.0,11.9407404,-1.722431774816,4990.194100000001,2,False,,,True,2023-01-21T19:11:00+00:00,False
train_2023_2024,chop_h12,public,cost1,PORTFOLIO,39,0,-63.05914860145967,-63.05914860145967,0.2564102564102564,0.6974028269881484,41.590177512,-2.8114710894596002,34632.04266000001,14,False,0.10651684913299729,979.1308513985404,True,2023-10-24T21:56:00+00:00,False
train_2023_2024,chop_h12,public,cost1,BTCUSDT,27,0,-53.34947476545178,-53.34947476545178,0.2222222222222222,0.6808315853588356,29.284260972000002,-1.4390137934516,24354.576160000004,11,False,,,True,2023-10-24T21:56:00+00:00,False
train_2023_2024,chop_h12,public,cost1,ETHUSDT,12,0,-9.709673836007884,-9.709673836007884,0.3333333333333333,0.7645658346678261,12.30591654,-1.372457296008,10277.4665,6,False,,,True,2023-10-24T21:56:00+00:00,False
train_2023_2024,chop_h12,public,cost2,PORTFOLIO,35,0,-99.28124092757793,-99.28124092757793,0.22857142857142856,0.49619122301131413,54.958165476,-5.0215654515777,22897.01151,11,False,0.10890103488879024,935.3281305970402,True,2023-08-24T10:06:00+00:00,False
train_2023_2024,chop_h12,public,cost2,BTCUSDT,23,0,-67.4387133455481,-67.4387133455481,0.17391304347826086,0.5535049759836074,36.416876796000004,-2.7270265495477,15150.431010000002,8,False,,,True,2023-08-24T10:06:00+00:00,False
train_2023_2024,chop_h12,public,cost2,ETHUSDT,12,0,-31.842527582029835,-31.842527582029835,0.3333333333333333,0.3080888373725451,18.541288679999997,-2.29453890203,7746.5805,6,False,,,True,2023-08-24T10:06:00+00:00,False
train_2023_2024,chop_h6,public,cost1,PORTFOLIO,69,0,139.9492542420189,139.9492542420189,0.30434782608695654,1.4049704223299573,79.682250432,-4.0113753259817,66420.93059,26,False,0.09641368447525799,958.5302317988613,True,2023-12-06T19:46:00+00:00,False
train_2023_2024,chop_h6,public,cost1,BTCUSDT,44,0,186.8073107395365,186.8073107395365,0.29545454545454547,1.806021774756581,52.020801132,-2.3942681284637,43335.31149000001,21,False,,,True,2023-12-06T19:46:00+00:00,False
train_2023_2024,chop_h6,public,cost1,ETHUSDT,25,0,-46.85805649751758,-46.85805649751758,0.32,0.5882939735319667,27.661449299999997,-1.617107197518,23085.6191,15,False,,,True,2023-12-06T19:46:00+00:00,False
train_2023_2024,chop_h6,public,cost2,PORTFOLIO,34,0,-113.35749664146657,-113.35749664146657,0.14705882352941177,0.4502366787296206,54.768952524,-4.315974117466601,22847.533170000002,13,False,0.11435568741629447,928.8325033585335,True,2023-05-29T09:26:00+00:00,False
train_2023_2024,chop_h6,public,cost2,BTCUSDT,25,0,-66.41849411520272,-66.41849411520272,0.16,0.5775531451998808,40.650336084,-2.7712880312026003,16949.13847,11,False,,,True,2023-05-29T09:26:00+00:00,False
train_2023_2024,chop_h6,public,cost2,ETHUSDT,9,0,-46.93900252626385,-46.93900252626385,0.1111111111111111,0.041473466500135274,14.118616439999998,-1.5446860862640002,5898.3947,6,False,,,True,2023-05-29T09:26:00+00:00,False
train_2023_2024,chop_h4,public,cost1,PORTFOLIO,20,0,-93.87128550658745,-93.87128550658745,0.1,0.17349346353550213,18.074242614,-1.6062328925876002,15098.96425,9,False,0.10274825806102914,948.3187144934126,True,2023-03-18T09:46:00+00:00,False
train_2023_2024,chop_h4,public,cost1,BTCUSDT,11,0,-35.80873815327951,-35.80873815327951,0.09090909090909091,0.3162256614562819,9.683993214000001,-0.8491349392796002,8082.632150000001,5,False,,,True,2023-03-18T09:46:00+00:00,False
train_2023_2024,chop_h4,public,cost1,ETHUSDT,9,0,-58.062547353307934,-58.062547353307934,0.1111111111111111,0.05137005506163396,8.3902494,-0.757097953308,7016.3321000000005,5,False,,,True,2023-03-18T09:46:00+00:00,False
train_2023_2024,chop_h4,public,cost2,PORTFOLIO,15,0,-99.44031197572187,-99.44031197572187,0.06666666666666667,0.020015063660156537,22.014232824,-2.2884591517220003,9210.16582,6,False,0.10108561406956515,942.7496880242782,True,2023-02-17T11:31:00+00:00,False
train_2023_2024,chop_h4,public,cost2,BTCUSDT,6,0,-37.637185865985984,-37.637185865985984,0.0,0.0,8.802422424,-1.009943441986,3681.5884200000005,2,False,,,True,2023-02-17T11:31:00+00:00,False
train_2023_2024,chop_h4,public,cost2,ETHUSDT,9,0,-61.803126109735885,-61.803126109735885,0.1111111111111111,0.03181613718749607,13.2118104,-1.2785157097360003,5528.5774,5,False,,,True,2023-02-17T11:31:00+00:00,False
train_2023_2024,chop_h1,public,cost1,PORTFOLIO,26,0,-97.51570122424187,-97.51570122424187,0.19230769230769232,0.22476599560511223,18.804436368,-1.3769648562418002,15709.03079,13,False,0.10985034177383719,944.6742987757582,True,2023-05-05T11:21:00+00:00,False
train_2023_2024,chop_h1,public,cost1,BTCUSDT,12,0,-33.916985702678694,-33.916985702678694,0.16666666666666666,0.26279436085184193,7.379820888,-0.8762648146788001,6162.681190000001,10,False,,,True,2023-05-05T11:21:00+00:00,False
train_2023_2024,chop_h1,public,cost1,ETHUSDT,14,0,-63.59871552156318,-63.59871552156318,0.21428571428571427,0.20283615344723796,11.42461548,-0.5007000415630001,9546.349600000001,10,False,,,True,2023-05-05T11:21:00+00:00,False
train_2023_2024,chop_h1,public,cost2,PORTFOLIO,24,0,-99.40849356006072,-99.40849356006072,0.20833333333333334,0.1784757165236465,27.303098088,-2.3261154720606,11411.180510000002,13,False,0.10182791431743071,942.7815064399394,True,2023-05-04T10:26:00+00:00,False
train_2023_2024,chop_h1,public,cost2,BTCUSDT,11,0,-39.76836603120459,-39.76836603120459,0.18181818181818182,0.17127458913105034,11.406215688000001,-1.4518703432046003,4766.045010000001,9,False,,,True,2023-05-04T10:26:00+00:00,False
train_2023_2024,chop_h1,public,cost2,ETHUSDT,13,0,-59.64012752885613,-59.64012752885613,0.23076923076923078,0.18320832226635092,15.896882399999999,-0.874245128856,6645.1355,10,False,,,True,2023-05-04T10:26:00+00:00,False
train_2023_2024,chop_m30,public,cost1,PORTFOLIO,31,0,-84.9280573254768,-84.9280573254768,0.22580645161290322,0.35813122589567353,17.571466584,-1.6582507414768,14675.737990000001,14,False,0.10411230941233691,957.2619426745233,True,2023-06-29T10:31:00+00:00,False
train_2023_2024,chop_m30,public,cost1,BTCUSDT,16,0,-76.09928719970266,-76.09928719970266,0.125,0.01660603119236667,9.373463784,-0.5666834157028,7844.299390000001,9,False,,,True,2023-06-29T10:31:00+00:00,False
train_2023_2024,chop_m30,public,cost1,ETHUSDT,15,0,-8.828770125774144,-8.828770125774144,0.3333333333333333,0.839270603159011,8.1980028,-1.091567325774,6831.4386,12,False,,,True,2023-06-29T10:31:00+00:00,False
train_2023_2024,chop_m30,public,cost2,PORTFOLIO,26,0,-92.51593441588955,-92.51593441588955,0.19230769230769232,0.25813466313725647,24.970697436000002,-2.3410269798894,10437.05937,12,False,0.10396184843303603,949.6740655841105,True,2023-05-10T19:06:00+00:00,False
train_2023_2024,chop_m30,public,cost2,BTCUSDT,15,0,-85.37215343067551,-85.37215343067551,0.06666666666666667,0.006051328652974289,15.699204996,-0.9076384346754001,6575.718070000001,8,False,,,True,2023-05-10T19:06:00+00:00,False
train_2023_2024,chop_m30,public,cost2,ETHUSDT,11,0,-7.143780985214027,-7.143780985214027,0.36363636363636365,0.8159543505773784,9.27149244,-1.433388545214,3861.3413,10,False,,,True,2023-05-10T19:06:00+00:00,False
train_2023_2024,chop_m15,public,cost1,PORTFOLIO,37,0,-3.9408981565189207,-3.9408981565189207,0.24324324324324326,0.977770278050049,26.848968816,-3.4477293405187,22360.96278,14,False,0.1021731361174343,1038.2491018434812,True,2023-04-30T15:06:00+00:00,False
train_2023_2024,chop_m15,public,cost1,BTCUSDT,20,0,-68.74227511979666,-68.74227511979666,0.15,0.33729725648189696,12.119301276,-1.1276738437967002,10127.16538,11,False,,,True,2023-04-30T15:06:00+00:00,False
train_2023_2024,chop_m15,public,cost1,ETHUSDT,17,0,64.80137696327775,64.80137696327775,0.35294117647058826,1.8810471610029473,14.72966754,-2.320055496722,12233.797400000001,10,False,,,True,2023-04-30T15:06:00+00:00,False
train_2023_2024,chop_m15,public,cost2,PORTFOLIO,35,0,-47.06543299652108,-47.06543299652108,0.2,0.7157219468609557,39.247943172,-5.295079824521,16354.570860000002,14,False,0.10350099176582658,995.124567003479,True,2023-04-26T22:01:00+00:00,False
train_2023_2024,chop_m15,public,cost2,BTCUSDT,19,0,-71.72000875263295,-71.72000875263295,0.10526315789473684,0.2733691754084273,18.793568772,-1.8982299806330003,7856.16776,11,False,,,True,2023-04-26T22:01:00+00:00,False
train_2023_2024,chop_m15,public,cost2,ETHUSDT,16,0,24.654575756111875,24.654575756111875,0.3125,1.368754045120794,20.4543744,-3.3968498438880004,8498.403100000001,10,False,,,True,2023-04-26T22:01:00+00:00,False
train_2023_2024,chop_m5,public,cost1,PORTFOLIO,17,0,-23.698854187988054,-23.698854187988054,0.17647058823529413,0.7628206035094045,16.97625579,-2.274588397988,14149.10383,3,False,0.07116749816898069,1006.041282225356,True,2023-01-21T19:11:00+00:00,False
train_2023_2024,chop_m5,public,cost1,BTCUSDT,5,0,-37.529901045000095,-37.529901045000095,0.0,0.0,3.6393665100000003,-0.23812453500000003,3049.6316300000003,1,False,,,True,2023-01-21T19:11:00+00:00,False
train_2023_2024,chop_m5,public,cost1,ETHUSDT,12,0,13.831046857012042,13.831046857012042,0.25,1.221688231642814,13.33688928,-2.036463862988,11099.4722,3,False,,,True,2023-01-21T19:11:00+00:00,False
train_2023_2024,chop_m5,public,cost2,PORTFOLIO,17,0,-60.38170634471808,-60.38170634471808,0.11764705882352941,0.44031270481065937,27.420790416,-3.542515928718,11440.038540000001,3,False,0.07342648207942545,981.808293655282,True,2023-01-21T19:11:00+00:00,False
train_2023_2024,chop_m5,public,cost2,BTCUSDT,5,0,-37.656200952000006,-37.656200952000006,0.0,0.0,6.332520456,-0.448780496,2653.9876400000003,1,False,,,True,2023-01-21T19:11:00+00:00,False
train_2023_2024,chop_m5,public,cost2,ETHUSDT,12,0,-22.725505392718077,-22.725505392718077,0.16666666666666666,0.6764063068072504,21.088269959999998,-3.0937354327180002,8786.0509,3,False,,,True,2023-01-21T19:11:00+00:00,False
train_2023_2024,chop_m3,public,cost1,PORTFOLIO,18,0,-31.90111213979298,-31.90111213979298,0.16666666666666666,0.7154444863340903,20.972226797999998,-2.534195341793,17481.05301,3,False,0.07818346056444585,999.3948059044031,True,2023-01-21T19:11:00+00:00,False
train_2023_2024,chop_m3,public,cost1,BTCUSDT,5,0,-30.387473772000064,-30.387473772000064,0.2,0.13896568857980807,4.726337118,-0.49164665400000007,3951.1990100000007,1,False,,,True,2023-01-21T19:11:00+00:00,False
train_2023_2024,chop_m3,public,cost1,ETHUSDT,13,0,-1.5136383677929142,-1.5136383677929142,0.15384615384615385,0.9802954632609839,16.245889679999998,-2.042548687793,13529.854000000001,3,False,,,True,2023-01-21T19:11:00+00:00,False
train_2023_2024,chop_m3,public,cost2,PORTFOLIO,17,0,-63.10900994071797,-63.10900994071797,0.17647058823529413,0.4383671805575873,31.406996316,-3.8863836247180004,13100.156280000001,3,False,0.07063420656115442,979.080990059282,True,2023-01-21T10:01:00+00:00,False
train_2023_2024,chop_m3,public,cost2,BTCUSDT,5,0,-33.697396227999995,-33.697396227999995,0.2,0.0495031179411307,7.489616676000001,-0.7732495520000001,3133.3908800000004,1,False,,,True,2023-01-21T10:01:00+00:00,False
train_2023_2024,chop_m3,public,cost2,ETHUSDT,12,0,-29.411613712717973,-29.411613712717973,0.16666666666666666,0.6176070111101252,23.91737964,-3.113134072718,9966.7654,3,False,,,True,2023-01-21T10:01:00+00:00,False
train_2023_2024,chop_m1,public,cost1,PORTFOLIO,18,0,-50.86463761158023,-50.86463761158023,0.16666666666666666,0.5291013203010876,21.221790624,-2.3175669875800002,17698.48816,3,False,0.07777757450225839,991.3253623884199,True,2023-01-22T04:36:00+00:00,False
train_2023_2024,chop_m1,public,cost1,BTCUSDT,6,0,-35.74219614700023,-35.74219614700023,0.16666666666666666,0.11771630824886091,6.585777564,-0.614838583,5502.418760000001,1,False,,,True,2023-01-22T04:36:00+00:00,False
train_2023_2024,chop_m1,public,cost1,ETHUSDT,12,0,-15.12244146458,-15.12244146458,0.16666666666666666,0.7759807414591324,14.63601306,-1.70272840458,12196.0694,3,False,,,True,2023-01-22T04:36:00+00:00,False
train_2023_2024,chop_m1,public,cost2,PORTFOLIO,16,0,-67.22723052606811,-67.22723052606811,0.1875,0.350429219214022,29.207341968,-3.216828558068,12187.12735,3,False,0.07064579615202532,974.962769473932,True,2023-01-21T07:26:00+00:00,False
train_2023_2024,chop_m1,public,cost2,BTCUSDT,5,0,-36.3120102040002,-36.3120102040002,0.2,0.045256548633711674,8.210308008,-0.483742196,3434.7706500000004,1,False,,,True,2023-01-21T07:26:00+00:00,False
train_2023_2024,chop_m1,public,cost2,ETHUSDT,11,0,-30.91522032206791,-30.91522032206791,0.18181818181818182,0.5277349291621136,20.99703396,-2.733086362068,8752.3567,3,False,,,True,2023-01-21T07:26:00+00:00,False
train_2023_2024,cci_w_chop_w,public,cost1,PORTFOLIO,20,0,71.43598044582677,71.43598044582677,0.35,1.6683302046911148,24.734335806,-2.8003137481726,20562.46119,7,False,0.07055413041495022,971.6261693925393,True,2023-12-06T19:46:00+00:00,False
train_2023_2024,cci_w_chop_w,public,cost1,BTCUSDT,20,0,71.43598044582677,71.43598044582677,0.35,1.6683302046911148,24.734335806,-2.8003137481726,20562.46119,7,False,,,True,2023-12-06T19:46:00+00:00,False
train_2023_2024,cci_w_chop_w,public,cost1,ETHUSDT,0,0,0,0,,,0,0,0,0,False,,,True,2023-12-06T19:46:00+00:00,False
train_2023_2024,cci_w_chop_w,public,cost2,PORTFOLIO,40,0,-76.17432401037289,-76.17432401037289,0.275,0.6762696892057843,72.560024328,-11.813459682373,30229.243890000005,10,False,0.10130876609890373,964.29353587713,True,2024-01-01T01:41:00+00:00,False
train_2023_2024,cci_w_chop_w,public,cost2,BTCUSDT,40,0,-76.17432401037289,-76.17432401037289,0.275,0.6762696892057843,72.560024328,-11.813459682373,30229.243890000005,10,False,,,True,2024-01-01T01:41:00+00:00,False
train_2023_2024,cci_w_chop_w,public,cost2,ETHUSDT,0,0,0,0,,,0,0,0,0,False,,,True,2024-01-01T01:41:00+00:00,False
train_2023_2024,cci_w_chop_d,public,cost1,PORTFOLIO,22,0,-105.05557503374494,-105.05557503374494,0.18181818181818182,0.26701076181094324,27.270329124,-0.9082859097454,22752.799600000002,6,False,0.10526466504160079,937.1344249662551,True,2023-08-29T03:26:00+00:00,False
train_2023_2024,cci_w_chop_d,public,cost1,BTCUSDT,13,0,-82.4382916395935,-82.4382916395935,0.15384615384615385,0.17510177759236725,15.739368564,-0.6009630755934,13134.234800000002,3,False,,,True,2023-08-29T03:26:00+00:00,False
train_2023_2024,cci_w_chop_d,public,cost1,ETHUSDT,9,0,-22.617283394151443,-22.617283394151443,0.2222222222222222,0.4787121635132221,11.530960559999999,-0.307322834152,9618.5648,4,False,,,True,2023-08-29T03:26:00+00:00,False
train_2023_2024,cci_w_chop_d,public,cost2,PORTFOLIO,19,0,-106.07367925040752,-106.07367925040752,0.21052631578947367,0.16612506065597019,34.566508092,-1.5678411584074001,14436.52707,5,False,0.1017795980103508,936.1163207495925,True,2023-08-28T00:31:00+00:00,False
train_2023_2024,cci_w_chop_d,public,cost2,BTCUSDT,11,0,-74.27733852891458,-74.27733852891458,0.18181818181818182,0.11217563729531016,19.316482452,-1.0798260769144001,8075.474870000001,2,False,,,True,2023-08-28T00:31:00+00:00,False
train_2023_2024,cci_w_chop_d,public,cost2,ETHUSDT,8,0,-31.79634072149294,-31.79634072149294,0.25,0.2697805564608848,15.250025639999999,-0.488015081493,6361.0522,3,False,,,True,2023-08-28T00:31:00+00:00,False
train_2023_2024,cci_w_chop_h12,public,cost1,PORTFOLIO,18,0,-6.734047116070162,-6.734047116070162,0.3333333333333333,0.9221225053405059,19.645077798,-1.3018993180703,16387.85253,6,False,0.049869046793245476,1010.548492879015,True,2023-12-06T19:46:00+00:00,False
train_2023_2024,cci_w_chop_h12,public,cost1,BTCUSDT,9,0,8.616228644448636,8.616228644448636,0.3333333333333333,1.2029239371826532,9.062273958,-0.6948273975513,7542.10763,4,False,,,True,2023-12-06T19:46:00+00:00,False
train_2023_2024,cci_w_chop_h12,public,cost1,ETHUSDT,9,0,-15.350275760518796,-15.350275760518796,0.3333333333333333,0.6512042901934394,10.582803839999999,-0.6070719205189999,8845.7449,4,False,,,True,2023-12-06T19:46:00+00:00,False
train_2023_2024,cci_w_chop_h12,public,cost2,PORTFOLIO,27,0,-98.60606906698713,-98.60606906698713,0.18518518518518517,0.34442716162439546,44.992339224,-3.9677298429877004,18784.701380000002,9,False,0.1073032422949687,943.5839309330129,True,2024-02-12T13:01:00+00:00,False
train_2023_2024,cci_w_chop_h12,public,cost2,BTCUSDT,15,0,-53.94003224736936,-53.94003224736936,0.13333333333333333,0.40875897501780445,25.121784864000002,-2.4987473833697003,10477.151880000001,6,False,,,True,2024-02-12T13:01:00+00:00,False
train_2023_2024,cci_w_chop_h12,public,cost2,ETHUSDT,12,0,-44.66603681961777,-44.66603681961777,0.25,0.24525355943211685,19.87055436,-1.4689824596180001,8307.549500000001,5,False,,,True,2024-02-12T13:01:00+00:00,False
train_2023_2024,cci_w_chop_h6,public,cost1,PORTFOLIO,36,0,60.48005691008594,60.48005691008594,0.3888888888888889,1.3583603463781821,43.589935278,-2.1261778119143,36288.82648,16,False,0.07061776021097793,973.423153003151,True,2023-12-06T19:46:00+00:00,False
train_2023_2024,cci_w_chop_h6,public,cost1,BTCUSDT,25,0,67.90214543376943,67.90214543376943,0.36,1.5532944639705608,29.339192838000002,-1.9018317282303001,24394.105180000002,13,False,,,True,2023-12-06T19:46:00+00:00,False
train_2023_2024,cci_w_chop_h6,public,cost1,ETHUSDT,11,0,-7.422088523683492,-7.422088523683492,0.45454545454545453,0.8388096527968733,14.25074244,-0.224346083684,11894.721300000001,7,False,,,True,2023-12-06T19:46:00+00:00,False
train_2023_2024,cci_w_chop_h6,public,cost2,PORTFOLIO,25,0,-105.93957251916808,-105.93957251916808,0.16,0.2572537611535183,44.645423676,-1.2932388431682,18627.80408,11,False,0.10165092019609476,936.2504274808321,True,2023-10-17T00:31:00+00:00,False
train_2023_2024,cci_w_chop_h6,public,cost2,BTCUSDT,19,0,-90.2832587564873,-90.2832587564873,0.15789473684210525,0.2375295012706202,33.715930116,-0.8979186404871999,14066.41948,10,False,,,True,2023-10-17T00:31:00+00:00,False
train_2023_2024,cci_w_chop_h6,public,cost2,ETHUSDT,6,0,-15.656313762680778,-15.656313762680778,0.16666666666666666,0.35366990538026577,10.92949356,-0.39532020268099993,4561.384599999999,4,False,,,True,2023-10-17T00:31:00+00:00,False
train_2023_2024,cci_w_chop_h4,public,cost1,PORTFOLIO,28,0,-101.23868703987584,-101.23868703987584,0.25,0.2978900835194967,27.278136654,-0.09440038587630001,22763.568430000003,14,False,0.1020282772542131,940.9513129601241,True,2023-09-30T02:01:00+00:00,False
train_2023_2024,cci_w_chop_h4,public,cost1,BTCUSDT,17,0,-77.11965706165502,-77.11965706165502,0.17647058823529413,0.19367622272233814,17.210964294,0.0474572323447,14358.52813,8,False,,,True,2023-09-30T02:01:00+00:00,False
train_2023_2024,cci_w_chop_h4,public,cost1,ETHUSDT,11,0,-24.119029978220816,-24.119029978220816,0.36363636363636365,0.5031976357144406,10.06717236,-0.14185761822100001,8405.0403,8,False,,,True,2023-09-30T02:01:00+00:00,False
train_2023_2024,cci_w_chop_h4,public,cost2,PORTFOLIO,22,0,-103.48413519775018,-103.48413519775018,0.13636363636363635,0.18771008617495508,31.534279224,-0.8429159737503,13177.392310000001,12,False,0.10736537148436649,933.3926792797919,True,2023-09-01T06:31:00+00:00,False
train_2023_2024,cci_w_chop_h4,public,cost2,BTCUSDT,14,0,-74.72884596749333,-74.72884596749333,0.07142857142857142,0.14799174436216406,20.381932704,-0.5106732634933,8516.215310000001,8,False,,,True,2023-09-01T06:31:00+00:00,False
train_2023_2024,cci_w_chop_h4,public,cost2,ETHUSDT,8,0,-28.755289230256846,-28.755289230256846,0.25,0.27548406456918895,11.152346519999998,-0.332242710257,4661.177,6,False,,,True,2023-09-01T06:31:00+00:00,False
train_2023_2024,cci_w_chop_h1,public,cost1,PORTFOLIO,21,0,-88.42153486662056,-88.42153486662056,0.14285714285714285,0.18767447481958044,13.55285595,-0.7655489166206001,11331.09819,12,False,0.10365851122141337,952.4334002458916,True,2023-07-13T17:41:00+00:00,False
train_2023_2024,cci_w_chop_h1,public,cost1,BTCUSDT,13,0,-60.25566013265745,-60.25566013265745,0.07692307692307693,0.11911460295508786,7.95249423,-0.5380359026576,6652.961090000001,10,False,,,True,2023-07-13T17:41:00+00:00,False
train_2023_2024,cci_w_chop_h1,public,cost1,ETHUSDT,8,0,-28.165874733963108,-28.165874733963108,0.25,0.3036240028908495,5.6003617199999995,-0.22751301396300003,4678.1371,6,False,,,True,2023-07-13T17:41:00+00:00,False
train_2023_2024,cci_w_chop_h1,public,cost2,PORTFOLIO,20,0,-93.48108148854918,-93.48108148854918,0.15,0.1429945868766993,21.742415592,-1.272125896549,9094.573100000001,11,False,0.10358454089252582,948.7089185114509,True,2023-07-10T20:01:00+00:00,False
train_2023_2024,cci_w_chop_h1,public,cost2,BTCUSDT,12,0,-61.21267721969509,-61.21267721969509,0.08333333333333333,0.07419867234006264,12.559982232000001,-0.8583549876950001,5257.2231,9,False,,,True,2023-07-10T20:01:00+00:00,False
train_2023_2024,cci_w_chop_h1,public,cost2,ETHUSDT,8,0,-32.26840426885409,-32.26840426885409,0.25,0.24887613762899677,9.18243336,-0.41377090885400003,3837.35,6,False,,,True,2023-07-10T20:01:00+00:00,False
train_2023_2024,cci_w_chop_m30,public,cost1,PORTFOLIO,105,0,36.71535970381161,36.71535970381161,0.3333333333333333,1.1007764271506908,51.697294674,-12.770315622188502,43079.61851,48,True,0.08912587988237906,949.6868906427806,False,,False
train_2023_2024,cci_w_chop_m30,public,cost1,BTCUSDT,59,0,-30.684459760052512,-30.684459760052512,0.3220338983050847,0.8694892296222498,32.602551594,-7.5112781660525005,27144.686810000003,34,False,,,False,,False
train_2023_2024,cci_w_chop_m30,public,cost1,ETHUSDT,46,0,67.39981946386412,67.39981946386412,0.34782608695652173,1.5216125998690924,19.09474308,-5.259037456136,15934.931700000001,31,False,,,False,,False
train_2023_2024,cci_w_chop_m30,public,cost2,PORTFOLIO,24,0,-104.98810438443927,-104.98810438443927,0.125,0.18483420245393628,23.648460108,-1.6982142764392003,9882.61116,11,False,0.10082150641390651,937.1148342304908,True,2023-08-31T13:51:00+00:00,False
train_2023_2024,cci_w_chop_m30,public,cost2,BTCUSDT,17,0,-104.31833155022935,-104.31833155022935,0.0,0.0,18.178688508,-1.0906130422292002,7616.97806,8,False,,,True,2023-08-31T13:51:00+00:00,False
train_2023_2024,cci_w_chop_m30,public,cost2,ETHUSDT,7,0,-0.6697728342099258,-0.6697728342099258,0.42857142857142855,0.972634663732126,5.4697716,-0.6076012342100001,2265.6331,6,False,,,True,2023-08-31T13:51:00+00:00,False
train_2023_2024,cci_w_chop_m15,public,cost1,PORTFOLIO,30,0,-78.15512638539022,-78.15512638539022,0.2,0.42607921030021584,19.25099427,-1.64398211539,16071.125300000002,10,False,0.10708366617709637,964.0348736146099,True,2023-04-30T15:06:00+00:00,False
train_2023_2024,cci_w_chop_m15,public,cost1,BTCUSDT,17,0,-71.57625273394095,-71.57625273394095,0.11764705882352941,0.11797904270282329,9.57896583,-0.7935369039410001,8013.073400000001,9,False,,,True,2023-04-30T15:06:00+00:00,False
train_2023_2024,cci_w_chop_m15,public,cost1,ETHUSDT,13,0,-6.578873651449272,-6.578873651449272,0.3076923076923077,0.8804433787847217,9.67202844,-0.850445211449,8058.0519,7,False,,,True,2023-04-30T15:06:00+00:00,False
train_2023_2024,cci_w_chop_m15,public,cost2,PORTFOLIO,30,0,-105.4845517199049,-105.4845517199049,0.13333333333333333,0.2850634825524051,31.548310907999998,-2.7729308119049,13180.7112,10,False,0.1020850408508525,936.7054482800952,True,2023-04-30T15:06:00+00:00,False
train_2023_2024,cci_w_chop_m15,public,cost2,BTCUSDT,17,0,-82.07185395282693,-82.07185395282693,0.058823529411764705,0.06788010321363877,16.225722348,-1.3680216048269,6792.956700000001,9,False,,,True,2023-04-30T15:06:00+00:00,False
train_2023_2024,cci_w_chop_m15,public,cost2,ETHUSDT,13,0,-23.412697767077976,-23.412697767077976,0.23076923076923078,0.60647845667534,15.32258856,-1.404909207078,6387.7545,7,False,,,True,2023-04-30T15:06:00+00:00,False
train_2023_2024,cci_w_chop_m5,public,cost1,PORTFOLIO,17,0,-90.33623152259801,-90.33623152259801,0.11764705882352941,0.2165224496516666,11.819440074,-0.9249814485980001,9888.329300000001,4,False,0.10404667870696324,951.853768477402,True,2023-02-17T14:36:00+00:00,False
train_2023_2024,cci_w_chop_m5,public,cost1,BTCUSDT,9,0,-45.794489342597956,-45.794489342597956,0.1111111111111111,0.2714733009723726,6.938685294,-0.6614940485980001,5801.334900000001,4,False,,,True,2023-02-17T14:36:00+00:00,False
train_2023_2024,cci_w_chop_m5,public,cost1,ETHUSDT,8,0,-44.54174218000006,-44.54174218000006,0.125,0.15065693025152563,4.88075478,-0.26348740000000004,4086.9944000000005,3,False,,,True,2023-02-17T14:36:00+00:00,False
train_2023_2024,cci_w_chop_m5,public,cost2,PORTFOLIO,17,0,-102.30871396793754,-102.30871396793754,0.11764705882352941,0.13133190275945877,19.74624594,-1.5119380279376002,8268.12774,4,False,0.10381921430333586,939.8812860320625,True,2023-02-17T14:36:00+00:00,False
train_2023_2024,cci_w_chop_m5,public,cost2,BTCUSDT,9,0,-53.361251147937544,-53.361251147937544,0.1111111111111111,0.16606404900511476,11.379676980000001,-1.0630441679376001,4761.9913400000005,4,False,,,True,2023-02-17T14:36:00+00:00,False
train_2023_2024,cci_w_chop_m5,public,cost2,ETHUSDT,8,0,-48.94746281999999,-48.94746281999999,0.125,0.0900148785613107,8.36656896,-0.4488938600000001,3506.1364000000003,3,False,,,True,2023-02-17T14:36:00+00:00,False
train_2023_2024,cci_w_chop_m3,public,cost1,PORTFOLIO,12,0,-64.55354356400031,-64.55354356400031,0.08333333333333333,0.20781223290017253,8.847283854,-0.7714697100000001,7400.203940000001,2,False,0.06323642048861892,977.6364564359998,True,2023-02-04T13:01:00+00:00,False
train_2023_2024,cci_w_chop_m3,public,cost1,BTCUSDT,4,0,-6.354693424000081,-6.354693424000081,0.25,0.7271355684535811,3.337756074,-0.50884735,2782.7174400000004,2,False,,,True,2023-02-04T13:01:00+00:00,False
train_2023_2024,cci_w_chop_m3,public,cost1,ETHUSDT,8,0,-58.198850140000225,-58.198850140000225,0.0,0.0,5.50952778,-0.26262236,4617.4865,2,False,,,True,2023-02-04T13:01:00+00:00,False
train_2023_2024,cci_w_chop_m3,public,cost2,PORTFOLIO,12,0,-73.93001698599994,-73.93001698599994,0.08333333333333333,0.12458734311992643,14.666579892,-1.248887094,6140.08223,2,False,0.07148140370801498,968.2599830140001,True,2023-02-04T13:01:00+00:00,False
train_2023_2024,cci_w_chop_m3,public,cost2,BTCUSDT,4,0,-13.568303805999978,-13.568303805999978,0.25,0.436763954986229,5.463735852,-0.806917954,2280.2054300000004,2,False,,,True,2023-02-04T13:01:00+00:00,False
train_2023_2024,cci_w_chop_m3,public,cost2,ETHUSDT,8,0,-60.36171317999996,-60.36171317999996,0.0,0.0,9.20284404,-0.44196914000000004,3859.8768,2,False,,,True,2023-02-04T13:01:00+00:00,False
train_2023_2024,cci_w_chop_m1,public,cost1,PORTFOLIO,7,0,-61.73462401300019,-61.73462401300019,0.0,0.0,6.050427276,-0.28191673700000003,5069.723870000001,1,False,0.0592354791477563,980.4553759869999,True,2023-01-27T15:16:00+00:00,False
train_2023_2024,cci_w_chop_m1,public,cost1,BTCUSDT,2,0,-14.514662182999983,-14.514662182999983,0.0,0.0,1.5795704160000001,-0.13191176700000004,1322.7102700000003,1,False,,,True,2023-01-27T15:16:00+00:00,False
train_2023_2024,cci_w_chop_m1,public,cost1,ETHUSDT,5,0,-47.219961830000216,-47.219961830000216,0.0,0.0,4.47085686,-0.15000497000000002,3747.0136,1,False,,,True,2023-01-27T15:16:00+00:00,False
train_2023_2024,cci_w_chop_m1,public,cost2,PORTFOLIO,7,0,-63.36856121999977,-63.36856121999977,0.0,0.0,9.878178612,-0.462192608,4142.42185,1,False,0.06080327120774496,978.8214387800003,True,2023-01-27T15:16:00+00:00,False
train_2023_2024,cci_w_chop_m1,public,cost2,BTCUSDT,2,0,-15.570727999999903,-15.570727999999903,0.0,0.0,2.635145292,-0.22009270800000003,1104.33495,1,False,,,True,2023-01-27T15:16:00+00:00,False
train_2023_2024,cci_w_chop_m1,public,cost2,ETHUSDT,5,0,-47.797833219999866,-47.797833219999866,0.0,0.0,7.243033319999999,-0.2420999,3038.0869000000002,1,False,,,True,2023-01-27T15:16:00+00:00,False
train_2023_2024,cci_d_chop_w,public,cost1,PORTFOLIO,9,0,79.65886176985872,79.65886176985872,0.3333333333333333,3.0798592900385655,9.189502110000001,-1.4685661201410003,7612.759960000001,4,False,0.035902191901863514,1012.329494439327,True,2023-12-06T19:46:00+00:00,False
train_2023_2024,cci_d_chop_w,public,cost1,BTCUSDT,9,0,79.65886176985872,79.65886176985872,0.3333333333333333,3.0798592900385655,9.189502110000001,-1.4685661201410003,7612.759960000001,4,False,,,True,2023-12-06T19:46:00+00:00,False
train_2023_2024,cci_d_chop_w,public,cost1,ETHUSDT,0,0,0,0,,,0,0,0,0,False,,,True,2023-12-06T19:46:00+00:00,False
train_2023_2024,cci_d_chop_w,public,cost2,PORTFOLIO,20,0,-46.379154961222675,-46.379154961222675,0.15,0.6358408167022928,33.446641716,-3.9041832452230003,13940.614880000001,6,False,0.1030442482196261,995.8108450387774,True,2024-01-12T05:56:00+00:00,False
train_2023_2024,cci_d_chop_w,public,cost2,BTCUSDT,20,0,-46.379154961222675,-46.379154961222675,0.15,0.6358408167022928,33.446641716,-3.9041832452230003,13940.614880000001,6,False,,,True,2024-01-12T05:56:00+00:00,False
train_2023_2024,cci_d_chop_w,public,cost2,ETHUSDT,0,0,0,0,,,0,0,0,0,False,,,True,2024-01-12T05:56:00+00:00,False
train_2023_2024,cci_d_chop_d,public,cost1,PORTFOLIO,14,0,-70.73068095575222,-70.73068095575222,0.14285714285714285,0.08041261533869411,14.192911217999999,-1.6494197377520001,11854.870190000001,2,False,0.07683417217275734,971.4593190442479,True,2023-01-21T19:11:00+00:00,False
train_2023_2024,cci_d_chop_d,public,cost1,BTCUSDT,6,0,-34.03577461300029,-34.03577461300029,0.16666666666666666,0.12065895671720829,6.5963163179999995,-0.6398082950000001,5510.330090000001,1,False,,,True,2023-01-21T19:11:00+00:00,False
train_2023_2024,cci_d_chop_d,public,cost1,ETHUSDT,8,0,-36.69490634275193,-36.69490634275193,0.125,0.03964348918623652,7.5965948999999995,-1.009611442752,6344.5401,2,False,,,True,2023-01-21T19:11:00+00:00,False
train_2023_2024,cci_d_chop_d,public,cost2,PORTFOLIO,14,0,-83.14542471881627,-83.14542471881627,0.07142857142857142,0.020281862142182815,22.168027452,-2.7160872668160003,9265.808760000002,2,False,0.08588978208796408,959.0445752811838,True,2023-01-21T19:11:00+00:00,False
train_2023_2024,cci_d_chop_d,public,cost2,BTCUSDT,6,0,-39.71105254400018,-39.71105254400018,0.16666666666666666,0.04154377141358606,10.227287052,-0.993655492,4275.61466,1,False,,,True,2023-01-21T19:11:00+00:00,False
train_2023_2024,cci_d_chop_d,public,cost2,ETHUSDT,8,0,-43.43437217481609,-43.43437217481609,0.0,0.0,11.9407404,-1.722431774816,4990.194100000001,2,False,,,True,2023-01-21T19:11:00+00:00,False
train_2023_2024,cci_d_chop_h12,public,cost1,PORTFOLIO,34,0,-44.987070473020054,-44.987070473020054,0.2647058823529412,0.7600840147632418,34.873099992,-3.2726904810203004,29048.640620000002,12,False,0.10004625663240521,997.20292952698,True,2023-10-28T11:06:00+00:00,False
train_2023_2024,cci_d_chop_h12,public,cost1,BTCUSDT,23,0,-28.2164802088701,-28.2164802088701,0.2608695652173913,0.8070070205002664,23.719235412,-1.9126647968703,19735.29392,9,False,,,True,2023-10-28T11:06:00+00:00,False
train_2023_2024,cci_d_chop_h12,public,cost1,ETHUSDT,11,0,-16.770590264149956,-16.770590264149956,0.2727272727272727,0.5940019406127631,11.153864579999999,-1.36002568415,9313.3467,6,False,,,True,2023-10-28T11:06:00+00:00,False
train_2023_2024,cci_d_chop_h12,public,cost2,PORTFOLIO,34,0,-99.94000478874247,-99.94000478874247,0.23529411764705882,0.4928858141246053,54.11444526,-5.2223095287422,22547.867690000003,12,False,0.10662244158463438,942.2499952112576,True,2023-10-27T04:51:00+00:00,False
train_2023_2024,cci_d_chop_h12,public,cost2,BTCUSDT,23,0,-64.37052781133066,-64.37052781133066,0.21739130434782608,0.5719807250484181,37.13784258,-2.9461352313302003,15455.435090000003,9,False,,,True,2023-10-27T04:51:00+00:00,False
train_2023_2024,cci_d_chop_h12,public,cost2,ETHUSDT,11,0,-35.56947697741182,-35.56947697741182,0.2727272727272727,0.23808454371541535,16.97660268,-2.276174297412,7092.4326,6,False,,,True,2023-10-27T04:51:00+00:00,False
train_2023_2024,cci_d_chop_h6,public,cost1,PORTFOLIO,75,0,97.24916314802361,97.24916314802361,0.24,1.2282591997987675,78.818831814,-10.8444350379762,65691.79063,28,False,0.10598540038512938,989.3912432966918,True,2024-08-04T04:56:00+00:00,False
train_2023_2024,cci_d_chop_h6,public,cost1,BTCUSDT,46,0,214.93208297033158,214.93208297033158,0.2608695652173913,1.8389449783501626,52.352722434,-7.4419245956682,43584.86853000001,21,False,,,True,2024-08-04T04:56:00+00:00,False
train_2023_2024,cci_d_chop_h6,public,cost1,ETHUSDT,29,0,-117.68291982230797,-117.68291982230797,0.20689655172413793,0.30715155408418604,26.46610938,-3.4025104423080004,22106.9221,18,False,,,True,2024-08-04T04:56:00+00:00,False
train_2023_2024,cci_d_chop_h6,public,cost2,PORTFOLIO,48,0,-1.3071023833128423,-1.3071023833128423,0.25,0.9956290901602516,84.127089924,-6.855882459312901,35106.890620000006,18,False,0.1061459097418263,979.7763842015919,True,2024-02-08T20:16:00+00:00,False
train_2023_2024,cci_d_chop_h6,public,cost2,BTCUSDT,30,0,86.38913371191086,86.38913371191086,0.26666666666666666,1.4598342958171908,55.328224284,-4.105812004088901,23067.35682,13,False,,,True,2024-02-08T20:16:00+00:00,False
train_2023_2024,cci_d_chop_h6,public,cost2,ETHUSDT,18,0,-87.6962360952237,-87.6962360952237,0.2222222222222222,0.2111923716778457,28.79886564,-2.7500704552240003,12039.533800000001,11,False,,,True,2024-02-08T20:16:00+00:00,False
train_2023_2024,cci_d_chop_h4,public,cost1,PORTFOLIO,23,0,-94.15543519806116,-94.15543519806116,0.13043478260869565,0.2315556211353244,21.367485684000002,-1.3972495140612,17829.49866,9,False,0.10077537231300225,948.0345648019389,True,2023-07-14T00:16:00+00:00,False
train_2023_2024,cci_d_chop_h4,public,cost1,BTCUSDT,13,0,-48.23106436813326,-48.23106436813326,0.07692307692307693,0.2605515616219696,12.147369324000001,-0.5329950441332001,10128.148360000001,6,False,,,True,2023-07-14T00:16:00+00:00,False
train_2023_2024,cci_d_chop_h4,public,cost1,ETHUSDT,10,0,-45.9243708299279,-45.9243708299279,0.2,0.19854988446596025,9.220116359999999,-0.864254469928,7701.3503,5,False,,,True,2023-07-14T00:16:00+00:00,False
train_2023_2024,cci_d_chop_h4,public,cost2,PORTFOLIO,22,0,-102.78281776173979,-102.78281776173979,0.13636363636363635,0.1782268555722926,30.860510916,-2.4962368457400004,12887.98803,9,False,0.10262587180107377,939.4071822382602,True,2023-06-15T15:51:00+00:00,False
train_2023_2024,cci_d_chop_h4,public,cost2,BTCUSDT,12,0,-51.66273451200398,-51.66273451200398,0.08333333333333333,0.19399847844102197,16.490229396,-1.0242351160040002,6882.731830000001,6,False,,,True,2023-06-15T15:51:00+00:00,False
train_2023_2024,cci_d_chop_h4,public,cost2,ETHUSDT,10,0,-51.12008324973582,-51.12008324973582,0.2,0.16164806948269342,14.370281519999999,-1.4720017297360002,6005.2562,5,False,,,True,2023-06-15T15:51:00+00:00,False
train_2023_2024,cci_d_chop_h1,public,cost1,PORTFOLIO,66,0,46.13712520078457,46.13712520078457,0.3181818181818182,1.1922726324751294,41.254068258,-8.6424565412155,34458.75132,42,False,0.09405160445783257,981.015795570283,False,,False
train_2023_2024,cci_d_chop_h1,public,cost1,BTCUSDT,31,0,111.78736467200676,111.78736467200676,0.3548387096774194,2.140752254228353,20.343955518,-4.8442298099935,17010.666220000003,26,False,,,False,,False
train_2023_2024,cci_d_chop_h1,public,cost1,ETHUSDT,35,0,-65.65023947122219,-65.65023947122219,0.2857142857142857,0.5375518205453805,20.91011274,-3.7982267312220004,17448.0851,27,False,,,False,,False
train_2023_2024,cci_d_chop_h1,public,cost2,PORTFOLIO,61,0,-28.781935562247142,-28.781935562247142,0.2786885245901639,0.8778031990266355,62.679537168,-13.818178394247301,26183.986790000003,37,False,0.10136641536880005,968.1371295550407,True,2024-11-09T23:06:00+00:00,False
train_2023_2024,cci_d_chop_h1,public,cost2,BTCUSDT,29,0,53.29677415510267,53.29677415510267,0.3793103448275862,1.533695639908198,31.239512448,-8.2194933968973,13063.487790000001,24,False,,,True,2024-11-09T23:06:00+00:00,False
train_2023_2024,cci_d_chop_h1,public,cost2,ETHUSDT,32,0,-82.07870971734981,-82.07870971734981,0.1875,0.39502966776132303,31.44002472,-5.59868499735,13120.499,24,False,,,True,2024-11-09T23:06:00+00:00,False
train_2023_2024,cci_d_chop_m30,public,cost1,PORTFOLIO,56,0,112.46678158049609,112.46678158049609,0.39285714285714285,1.6219475967125867,24.088967573999998,-6.5269808455041,20124.124200000002,33,False,0.09088359767564744,1010.2193737275201,False,,False
train_2023_2024,cci_d_chop_m30,public,cost1,BTCUSDT,23,0,127.00132179848202,127.00132179848202,0.5217391304347826,2.4658119684268813,13.142026194,-2.5774820075180997,11010.2872,19,False,,,False,,False
train_2023_2024,cci_d_chop_m30,public,cost1,ETHUSDT,33,0,-14.53454021798593,-14.53454021798593,0.30303030303030304,0.8456853606857787,10.946941379999998,-3.949498837986,9113.837,25,False,,,False,,False
train_2023_2024,cci_d_chop_m30,public,cost2,PORTFOLIO,56,0,34.46736312996022,34.46736312996022,0.32142857142857145,1.1812624816703174,41.278186632,-11.98933023804,17249.67038,33,False,0.09197207773317904,1008.2265585499681,False,,False
train_2023_2024,cci_d_chop_m30,public,cost2,BTCUSDT,23,0,76.2399248577651,76.2399248577651,0.43478260869565216,1.8590608232544292,22.045420152000002,-5.191334990235,9236.82478,19,False,,,False,,False
train_2023_2024,cci_d_chop_m30,public,cost2,ETHUSDT,33,0,-41.77256172780488,-41.77256172780488,0.24242424242424243,0.5880567206959314,19.23276648,-6.797995247805,8012.8456,25,False,,,False,,False
train_2023_2024,cci_d_chop_m15,public,cost1,PORTFOLIO,99,0,120.38720759314552,120.38720759314552,0.37373737373737376,1.2801212432088227,69.041292168,-17.2097202388545,57412.40914,50,False,0.0828661430174778,1034.8611034333373,False,,False
train_2023_2024,cci_d_chop_m15,public,cost1,BTCUSDT,47,0,38.26831096010522,38.26831096010522,0.40425531914893614,1.1740586287591908,34.945240068000004,-9.1253689718945,29060.676640000005,33,False,,,False,,False
train_2023_2024,cci_d_chop_m15,public,cost1,ETHUSDT,52,0,82.1188966330403,82.1188966330403,0.34615384615384615,1.3912110003729754,34.096052099999994,-8.08435126696,28351.732500000002,31,False,,,False,,False
train_2023_2024,cci_d_chop_m15,public,cost2,PORTFOLIO,30,0,-55.096129671269374,-55.096129671269374,0.23333333333333334,0.6913285826422824,38.961427092,-3.9423925792693004,16231.509580000002,20,False,0.10438908443495193,987.0938703287306,True,2023-10-29T06:46:00+00:00,False
train_2023_2024,cci_d_chop_m15,public,cost2,BTCUSDT,12,0,-27.5664694363634,-27.5664694363634,0.25,0.6344534749761699,12.908796492,-1.1588629443633,5388.81678,11,False,,,True,2023-10-29T06:46:00+00:00,False
train_2023_2024,cci_d_chop_m15,public,cost2,ETHUSDT,18,0,-27.529660234905975,-27.529660234905975,0.2222222222222222,0.7329363695591303,26.052630599999997,-2.7835296349060004,10842.6928,13,False,,,True,2023-10-29T06:46:00+00:00,False
train_2023_2024,cci_d_chop_m5,public,cost1,PORTFOLIO,13,0,-9.049120158554862,-9.049120158554862,0.15384615384615385,0.8849394813773814,12.523904424,-1.9289357345550002,10433.88516,3,False,0.07017911702438501,1019.808521579273,True,2023-01-22T13:06:00+00:00,False
train_2023_2024,cci_d_chop_m5,public,cost1,BTCUSDT,4,0,-25.853675516999964,-25.853675516999964,0.0,0.0,3.315526524,-0.28396899300000006,2774.06586,1,False,,,True,2023-01-22T13:06:00+00:00,False
train_2023_2024,cci_d_chop_m5,public,cost1,ETHUSDT,9,0,16.804555358445104,16.804555358445104,0.2222222222222222,1.318310666946431,9.208377899999999,-1.6449667415550002,7659.8193,3,False,,,True,2023-01-22T13:06:00+00:00,False
train_2023_2024,cci_d_chop_m5,public,cost2,PORTFOLIO,13,0,-41.03016689637419,-41.03016689637419,0.07692307692307693,0.5260671349714745,20.149316568,-2.9664303283740003,8404.505780000001,3,False,0.0735383480452818,1001.1598331036258,True,2023-01-21T19:11:00+00:00,False
train_2023_2024,cci_d_chop_m5,public,cost2,BTCUSDT,5,0,-38.369554574000006,-38.369554574000006,0.0,0.0,6.456364608,-0.458069966,2705.87948,1,False,,,True,2023-01-21T19:11:00+00:00,False
train_2023_2024,cci_d_chop_m5,public,cost2,ETHUSDT,8,0,-2.6606123223741847,-2.6606123223741847,0.125,0.94480543047504,13.692951959999998,-2.5083603623740003,5698.6263,3,False,,,True,2023-01-21T19:11:00+00:00,False
train_2023_2024,cci_d_chop_m3,public,cost1,PORTFOLIO,15,0,-26.021930855613867,-26.021930855613867,0.13333333333333333,0.7385999679512026,15.927248694,-2.0884721616140003,13276.710350000001,3,False,0.07895847155380477,1005.9003565697301,True,2023-01-22T13:06:00+00:00,False
train_2023_2024,cci_d_chop_m3,public,cost1,BTCUSDT,5,0,-30.646242527000062,-30.646242527000062,0.2,0.13884964508374034,4.7704229940000005,-0.496909533,3988.0419500000007,1,False,,,True,2023-01-22T13:06:00+00:00,False
train_2023_2024,cci_d_chop_m3,public,cost1,ETHUSDT,10,0,4.624311671386193,4.624311671386193,0.1,1.072299215490639,11.156825699999999,-1.591562628614,9288.6684,3,False,,,True,2023-01-22T13:06:00+00:00,False
train_2023_2024,cci_d_chop_m3,public,cost2,PORTFOLIO,14,0,-50.60797075249195,-50.60797075249195,0.14285714285714285,0.4801580062736872,24.451892519999998,-3.2056182324920006,10199.763780000001,3,False,0.07101969937837539,991.5820292475081,True,2023-01-21T19:11:00+00:00,False
train_2023_2024,cci_d_chop_m3,public,cost2,BTCUSDT,5,0,-34.168390856,-34.168390856,0.2,0.049449440893157795,7.597978080000001,-0.7854527760000001,3178.7166800000005,1,False,,,True,2023-01-21T19:11:00+00:00,False
train_2023_2024,cci_d_chop_m3,public,cost2,ETHUSDT,9,0,-16.439579896491953,-16.439579896491953,0.1111111111111111,0.7322836420172587,16.853914439999997,-2.4201654564920005,7021.0471,3,False,,,True,2023-01-21T19:11:00+00:00,False
train_2023_2024,cci_d_chop_m1,public,cost1,PORTFOLIO,14,0,-42.92558348501808,-42.92558348501808,0.14285714285714285,0.4935539774549412,14.734168506,-1.779624979018,12291.679650000002,3,False,0.06911325182200641,999.264416514982,True,2023-01-22T04:36:00+00:00,False
train_2023_2024,cci_d_chop_m1,public,cost1,BTCUSDT,6,0,-35.696681860000226,-35.696681860000226,0.16666666666666666,0.117579998455758,6.586555626,-0.6167362340000001,5503.04305,1,False,,,True,2023-01-22T04:36:00+00:00,False
train_2023_2024,cci_d_chop_m1,public,cost1,ETHUSDT,8,0,-7.228901625017852,-7.228901625017852,0.125,0.8368388680484025,8.14761288,-1.162888745018,6788.636600000001,3,False,,,True,2023-01-22T04:36:00+00:00,False
train_2023_2024,cci_d_chop_m1,public,cost2,PORTFOLIO,14,0,-63.0308203296179,-63.0308203296179,0.14285714285714285,0.3152509000042572,23.246296272,-2.926244057618,9704.38592,3,False,0.07210093501106261,979.1591796703822,True,2023-01-22T04:36:00+00:00,False
train_2023_2024,cci_d_chop_m1,public,cost2,BTCUSDT,6,0,-40.67952176200013,-40.67952176200013,0.16666666666666666,0.04097655766921318,10.178358672,-0.9644830900000001,4255.751120000001,1,False,,,True,2023-01-22T04:36:00+00:00,False
train_2023_2024,cci_d_chop_m1,public,cost2,ETHUSDT,8,0,-22.35129856761777,-22.35129856761777,0.125,0.5496582584851715,13.067937599999999,-1.961760967618,5448.6348,3,False,,,True,2023-01-22T04:36:00+00:00,False
train_2023_2024,cci_h12_chop_w,public,cost1,PORTFOLIO,5,0,93.45212491246112,93.45212491246112,0.6,8.073958714832548,5.373750522000001,-1.0028345655386002,4428.211080000001,2,False,0.03554289866313744,1039.7232940740003,True,2023-12-06T19:46:00+00:00,False
train_2023_2024,cci_h12_chop_w,public,cost1,BTCUSDT,5,0,93.45212491246112,93.45212491246112,0.6,8.073958714832548,5.373750522000001,-1.0028345655386002,4428.211080000001,2,False,,,True,2023-12-06T19:46:00+00:00,False
train_2023_2024,cci_h12_chop_w,public,cost1,ETHUSDT,0,0,0,0,,,0,0,0,0,False,,,True,2023-12-06T19:46:00+00:00,False
train_2023_2024,cci_h12_chop_w,public,cost2,PORTFOLIO,17,0,-26.94091440840005,-26.94091440840005,0.23529411764705882,0.7396401807259034,27.119629872,-2.8238245364004007,11298.34451,5,False,0.10142023708508593,1015.2490855916,True,2024-01-12T05:56:00+00:00,False
train_2023_2024,cci_h12_chop_w,public,cost2,BTCUSDT,17,0,-26.94091440840005,-26.94091440840005,0.23529411764705882,0.7396401807259034,27.119629872,-2.8238245364004007,11298.34451,5,False,,,True,2024-01-12T05:56:00+00:00,False
train_2023_2024,cci_h12_chop_w,public,cost2,ETHUSDT,0,0,0,0,,,0,0,0,0,False,,,True,2024-01-12T05:56:00+00:00,False
train_2023_2024,cci_h12_chop_d,public,cost1,PORTFOLIO,11,0,-65.64671677875198,-65.64671677875198,0.09090909090909091,0.022554068896327634,10.82241927,-1.332327508752,9045.42871,2,False,0.07200294362196027,976.5432832212481,True,2023-01-22T04:36:00+00:00,False
train_2023_2024,cci_h12_chop_d,public,cost1,BTCUSDT,3,0,-19.37409290600005,-19.37409290600005,0.0,0.0,2.9511920099999998,-0.407430896,2467.3344100000004,1,False,,,True,2023-01-22T04:36:00+00:00,False
train_2023_2024,cci_h12_chop_d,public,cost1,ETHUSDT,8,0,-46.27262387275193,-46.27262387275193,0.125,0.03169800078796922,7.8712272599999995,-0.924896612752,6578.094300000001,2,False,,,True,2023-01-22T04:36:00+00:00,False
train_2023_2024,cci_h12_chop_d,public,cost2,PORTFOLIO,11,0,-74.358651286816,-74.358651286816,0.0,0.0,16.883630531999998,-2.155790754816,7062.5056700000005,2,False,0.07751469756771173,967.8313487131841,True,2023-01-22T04:36:00+00:00,False
train_2023_2024,cci_h12_chop_d,public,cost2,BTCUSDT,3,0,-22.648161371999947,-22.648161371999947,0.0,0.0,4.523118972000001,-0.5781124000000001,1893.4063700000002,1,False,,,True,2023-01-22T04:36:00+00:00,False
train_2023_2024,cci_h12_chop_d,public,cost2,ETHUSDT,8,0,-51.710489914816044,-51.710489914816044,0.0,0.0,12.360511559999999,-1.5776783548160003,5169.0993,2,False,,,True,2023-01-22T04:36:00+00:00,False
train_2023_2024,cci_h12_chop_h12,public,cost1,PORTFOLIO,35,0,-50.45369497160192,-50.45369497160192,0.2,0.7474211817092387,32.233136538,-3.475908433602,26857.494980000003,12,False,0.11326538875674422,971.7354088083983,True,2023-12-06T19:46:00+00:00,False
train_2023_2024,cci_h12_chop_h12,public,cost1,BTCUSDT,20,0,32.781708585559834,32.781708585559834,0.3,1.2882198328060899,18.004487358,-1.9480540564400002,14966.547880000002,8,False,,,True,2023-12-06T19:46:00+00:00,False
train_2023_2024,cci_h12_chop_h12,public,cost1,ETHUSDT,15,0,-83.23540355716175,-83.23540355716175,0.06666666666666667,0.03232313528563734,14.228649179999998,-1.5278543771620001,11890.9471,7,False,,,True,2023-12-06T19:46:00+00:00,False
train_2023_2024,cci_h12_chop_h12,public,cost2,PORTFOLIO,30,0,-88.16367983016104,-88.16367983016104,0.2,0.49714109171145726,41.740477655999996,-5.005842174161001,17401.094660000002,11,False,0.10267841839753927,954.026320169839,True,2023-12-04T17:11:00+00:00,False
train_2023_2024,cci_h12_chop_h12,public,cost2,BTCUSDT,18,0,-20.69424317111324,-20.69424317111324,0.2777777777777778,0.8074056510913442,24.884439816,-2.6600433551130003,10353.611760000002,7,False,,,True,2023-12-04T17:11:00+00:00,False
train_2023_2024,cci_h12_chop_h12,public,cost2,ETHUSDT,12,0,-67.4694366590478,-67.4694366590478,0.08333333333333333,0.005974945468212762,16.85603784,-2.3457988190480004,7047.4829,6,False,,,True,2023-12-04T17:11:00+00:00,False
train_2023_2024,cci_h12_chop_h6,public,cost1,PORTFOLIO,42,0,162.60284934779128,162.60284934779128,0.2619047619047619,1.706468327125939,46.984592466,-4.0212081862091,39167.289090000006,15,False,0.09373011822633337,975.3077149369728,True,2023-12-06T19:46:00+00:00,False
train_2023_2024,cci_h12_chop_h6,public,cost1,BTCUSDT,27,0,228.9605186151868,228.9605186151868,0.2962962962962963,2.604863491986228,29.964126426,-2.5368049588131,24959.640990000004,10,False,,,True,2023-12-06T19:46:00+00:00,False
train_2023_2024,cci_h12_chop_h6,public,cost1,ETHUSDT,15,0,-66.35766926739554,-66.35766926739554,0.2,0.2415946416784869,17.02046604,-1.4844032273960002,14207.6481,9,False,,,True,2023-12-06T19:46:00+00:00,False
train_2023_2024,cci_h12_chop_h6,public,cost2,PORTFOLIO,49,0,-10.841764953035714,-10.841764953035714,0.22448979591836735,0.9631268244730699,80.926979412,-6.967015541035801,33772.391410000004,18,False,0.10080911474529103,964.570875790036,True,2024-01-12T02:46:00+00:00,False
train_2023_2024,cci_h12_chop_h6,public,cost2,BTCUSDT,32,0,79.857007971328,79.857007971328,0.25,1.4204357931458063,54.372121452,-4.5186005766718,22677.019510000002,12,False,,,True,2024-01-12T02:46:00+00:00,False
train_2023_2024,cci_h12_chop_h6,public,cost2,ETHUSDT,17,0,-90.69877292436372,-90.69877292436372,0.17647058823529413,0.1286492959252476,26.55485796,-2.4484149643640003,11095.3719,11,False,,,True,2024-01-12T02:46:00+00:00,False
train_2023_2024,cci_h12_chop_h4,public,cost1,PORTFOLIO,20,0,-93.27866764695443,-93.27866764695443,0.1,0.17530892689153593,17.27214066,-1.5570669869544003,14430.675280000001,7,False,0.10218755267924835,948.9113323530456,True,2023-04-13T16:56:00+00:00,False
train_2023_2024,cci_h12_chop_h4,public,cost1,BTCUSDT,12,0,-43.51078273364646,-43.51078273364646,0.08333333333333333,0.27717341317079197,9.6741537,-0.7999690336464002,8078.313080000001,4,False,,,True,2023-04-13T16:56:00+00:00,False
train_2023_2024,cci_h12_chop_h4,public,cost1,ETHUSDT,8,0,-49.76788491330797,-49.76788491330797,0.125,0.05942298508788694,7.59798696,-0.757097953308,6352.3622000000005,4,False,,,True,2023-04-13T16:56:00+00:00,False
train_2023_2024,cci_h12_chop_h4,public,cost2,PORTFOLIO,19,0,-99.4937226617703,-99.4937226617703,0.10526315789473684,0.12484376888725403,26.239884,-2.5440786617704,10968.63988,7,False,0.10113654130365629,942.6962773382297,True,2023-04-12T12:36:00+00:00,False
train_2023_2024,cci_h12_chop_h4,public,cost2,BTCUSDT,11,0,-45.99234575203436,-45.99234575203436,0.09090909090909091,0.2091349781761601,14.317222800000001,-1.2655629520344,5980.714280000001,4,False,,,True,2023-04-12T12:36:00+00:00,False
train_2023_2024,cci_h12_chop_h4,public,cost2,ETHUSDT,8,0,-53.501376909735946,-53.501376909735946,0.125,0.03657245819641532,11.922661199999999,-1.2785157097360003,4987.9256000000005,4,False,,,True,2023-04-12T12:36:00+00:00,False
train_2023_2024,cci_h12_chop_h1,public,cost1,PORTFOLIO,75,0,36.357355968974744,36.357355968974744,0.32,1.145874462140943,43.652340708,-7.2706633230252,36480.97109000001,50,False,0.09498838185391366,981.3665624703389,False,,False
train_2023_2024,cci_h12_chop_h1,public,cost1,BTCUSDT,41,0,71.61483744974892,71.61483744974892,0.3170731707317073,1.5312747268640134,25.924837548,-3.6862850022512004,21672.195190000002,35,False,,,False,,False
train_2023_2024,cci_h12_chop_h1,public,cost1,ETHUSDT,34,0,-35.25748148077418,-35.25748148077418,0.3235294117647059,0.6919107109040535,17.727503159999998,-3.5843783207740003,14808.7759,26,False,,,False,,False
train_2023_2024,cci_h12_chop_h1,public,cost2,PORTFOLIO,52,0,-32.64887452904808,-32.64887452904808,0.23076923076923078,0.8287069455841947,53.10945954,-11.094604989048001,22192.955840000002,32,False,0.10525312823114603,968.3304250674055,True,2024-06-24T00:01:00+00:00,False
train_2023_2024,cci_h12_chop_h1,public,cost2,BTCUSDT,28,0,34.824513173079836,34.824513173079836,0.25,1.3404933314822935,29.620706820000002,-5.96757000692,12388.49674,23,False,,,True,2024-06-24T00:01:00+00:00,False
train_2023_2024,cci_h12_chop_h1,public,cost2,ETHUSDT,24,0,-67.47338770212791,-67.47338770212791,0.20833333333333334,0.23608521737254462,23.488752719999997,-5.127034982128,9804.4591,18,False,,,True,2024-06-24T00:01:00+00:00,False
train_2023_2024,cci_h12_chop_m30,public,cost1,PORTFOLIO,48,0,30.203626397936954,30.203626397936954,0.3125,1.155145944434145,21.105481458,-3.5323421440631,17689.39915,27,False,0.10706800339044971,999.9657377882243,True,2024-07-25T02:31:00+00:00,False
train_2023_2024,cci_h12_chop_m30,public,cost1,BTCUSDT,27,0,81.95130624364688,81.95130624364688,0.3333333333333333,1.668792887509438,14.249863158,-1.8071805983531,11954.80045,20,False,,,True,2024-07-25T02:31:00+00:00,False
train_2023_2024,cci_h12_chop_m30,public,cost1,ETHUSDT,21,0,-51.74767984570993,-51.74767984570993,0.2857142857142857,0.28270336558182735,6.8556183,-1.72516154571,5734.5987000000005,18,False,,,True,2024-07-25T02:31:00+00:00,False
train_2023_2024,cci_h12_chop_m30,public,cost2,PORTFOLIO,40,0,-3.461183824718728,-3.461183824718728,0.3,0.9790240305834199,31.252431096,-6.8892127287188005,13112.812300000001,22,False,0.10061123503795098,991.5073633027102,True,2024-04-08T12:16:00+00:00,False
train_2023_2024,cci_h12_chop_m30,public,cost2,BTCUSDT,21,0,51.33994183774115,51.33994183774115,0.3333333333333333,1.537946903430447,19.497092256,-3.8101259062588,8194.7711,15,False,,,True,2024-04-08T12:16:00+00:00,False
train_2023_2024,cci_h12_chop_m30,public,cost2,ETHUSDT,19,0,-54.80112566245988,-54.80112566245988,0.2631578947368421,0.21229111163331732,11.755338839999999,-3.0790868224600003,4918.0412,17,False,,,True,2024-04-08T12:16:00+00:00,False
train_2023_2024,cci_h12_chop_m15,public,cost1,PORTFOLIO,71,0,-97.51278718474707,-97.51278718474707,0.28169014084507044,0.7110099256807045,45.649268298,-7.0702088867473005,38034.409490000005,34,False,0.10826165963122689,944.6772128152529,True,2024-07-25T01:26:00+00:00,False
train_2023_2024,cci_h12_chop_m15,public,cost1,BTCUSDT,40,0,-65.94595458747344,-65.94595458747344,0.3,0.6827096416150156,26.879477898,-3.7177666894733004,22391.566090000004,27,False,,,True,2024-07-25T01:26:00+00:00,False
train_2023_2024,cci_h12_chop_m15,public,cost1,ETHUSDT,31,0,-31.56683259727362,-31.56683259727362,0.25806451612903225,0.7564006573736405,18.769790399999998,-3.352442197274,15642.8434,19,False,,,True,2024-07-25T01:26:00+00:00,False
train_2023_2024,cci_h12_chop_m15,public,cost2,PORTFOLIO,29,0,-100.29018270987832,-100.29018270987832,0.20689655172413793,0.4213111616999862,38.352416784,-1.5567259258783002,15988.359150000002,17,False,0.1021018539437729,940.8843433581218,True,2023-11-09T04:31:00+00:00,False
train_2023_2024,cci_h12_chop_m15,public,cost2,BTCUSDT,16,0,-54.41732648666021,-54.41732648666021,0.1875,0.455000971916224,20.936911584,-0.46997490266030006,8726.028450000002,11,False,,,True,2023-11-09T04:31:00+00:00,False
train_2023_2024,cci_h12_chop_m15,public,cost2,ETHUSDT,13,0,-45.87285622321811,-45.87285622321811,0.23076923076923078,0.37551759591089057,17.4155052,-1.086751023218,7262.3307,10,False,,,True,2023-11-09T04:31:00+00:00,False
train_2023_2024,cci_h12_chop_m5,public,cost1,PORTFOLIO,13,0,-87.27246511572785,-87.27246511572785,0.07692307692307693,0.0015822014318101895,12.11884284,-0.9650622757280001,10136.12998,3,False,0.08489872386844297,954.9175348842722,True,2023-01-22T17:31:00+00:00,False
train_2023_2024,cci_h12_chop_m5,public,cost1,BTCUSDT,3,0,-23.89442757999996,-23.89442757999996,0.0,0.0,3.1380104400000004,-0.20945714000000004,2625.28218,1,False,,,True,2023-01-22T17:31:00+00:00,False
train_2023_2024,cci_h12_chop_m5,public,cost1,ETHUSDT,10,0,-63.3780375357279,-63.3780375357279,0.1,0.0021774151695510857,8.980832399999999,-0.755605135728,7510.8478000000005,3,False,,,True,2023-01-22T17:31:00+00:00,False
train_2023_2024,cci_h12_chop_m5,public,cost2,PORTFOLIO,11,0,-77.92629000611203,-77.92629000611203,0.0,0.0,16.76820222,-1.645297786112,7016.507320000001,3,False,0.07498282622722714,964.263709993888,True,2023-01-22T13:06:00+00:00,False
train_2023_2024,cci_h12_chop_m5,public,cost2,BTCUSDT,2,0,-15.314789139999954,-15.314789139999954,0.0,0.0,2.57924838,-0.34455076,1080.8823200000002,1,False,,,True,2023-01-22T13:06:00+00:00,False
train_2023_2024,cci_h12_chop_m5,public,cost2,ETHUSDT,9,0,-62.61150086611207,-62.61150086611207,0.0,0.0,14.188953839999998,-1.300747026112,5935.625,3,False,,,True,2023-01-22T13:06:00+00:00,False
train_2023_2024,cci_h12_chop_m3,public,cost1,PORTFOLIO,13,0,-80.450490121948,-80.450490121948,0.07692307692307693,0.044047584183807525,12.189286061999999,-0.9839140599480001,10191.37703,3,False,0.07836119806701118,961.7395098780521,True,2023-01-22T13:06:00+00:00,False
train_2023_2024,cci_h12_chop_m3,public,cost1,BTCUSDT,3,0,-24.134205321999975,-24.134205321999975,0.0,0.0,2.693605902,-0.23190942,2255.27593,1,False,,,True,2023-01-22T13:06:00+00:00,False
train_2023_2024,cci_h12_chop_m3,public,cost1,ETHUSDT,10,0,-56.31628479994802,-56.31628479994802,0.1,0.0617582886964884,9.49568016,-0.752004639948,7936.1011,3,False,,,True,2023-01-22T13:06:00+00:00,False
train_2023_2024,cci_h12_chop_m3,public,cost2,PORTFOLIO,13,0,-91.38601306779191,-91.38601306779191,0.07692307692307693,0.0285491164160906,20.463029459999998,-1.726473607792,8560.86053,3,False,0.08789472455673931,950.8039869322082,True,2023-01-22T13:06:00+00:00,False
train_2023_2024,cci_h12_chop_m3,public,cost2,BTCUSDT,3,0,-25.16253677999998,-25.16253677999998,0.0,0.0,4.38230802,-0.37551876000000006,1836.1640300000004,1,False,,,True,2023-01-22T13:06:00+00:00,False
train_2023_2024,cci_h12_chop_m3,public,cost2,ETHUSDT,10,0,-66.22347628779193,-66.22347628779193,0.1,0.038973977280652224,16.080721439999998,-1.350954847792,6724.6965,3,False,,,True,2023-01-22T13:06:00+00:00,False
train_2023_2024,cci_h12_chop_m1,public,cost1,PORTFOLIO,14,0,-75.92685403063167,-75.92685403063167,0.07142857142857142,0.10113798810595341,13.807485198,-1.286918832632,11536.653890000001,3,False,0.07693835977665184,966.2631459693683,True,2023-01-22T17:11:00+00:00,False
train_2023_2024,cci_h12_chop_m1,public,cost1,BTCUSDT,5,0,-32.99196516999982,-32.99196516999982,0.0,0.0,5.669812578,-0.48360259200000005,4738.26309,1,False,,,True,2023-01-22T17:11:00+00:00,False
train_2023_2024,cci_h12_chop_m1,public,cost1,ETHUSDT,9,0,-42.93488886063185,-42.93488886063185,0.1111111111111111,0.16595674900932042,8.13767262,-0.803316240632,6798.3908,3,False,,,True,2023-01-22T17:11:00+00:00,False
train_2023_2024,cci_h12_chop_m1,public,cost2,PORTFOLIO,14,0,-87.35051618105571,-87.35051618105571,0.07142857142857142,0.07211369813101114,21.931249308,-2.175736873056,9169.642310000001,3,False,0.08435256127627047,954.8394838189444,True,2023-01-22T17:11:00+00:00,False
train_2023_2024,cci_h12_chop_m1,public,cost2,BTCUSDT,5,0,-36.94686080399986,-36.94686080399986,0.0,0.0,8.701267428000001,-0.7443633760000001,3639.2787100000005,1,False,,,True,2023-01-22T17:11:00+00:00,False
train_2023_2024,cci_h12_chop_m1,public,cost2,ETHUSDT,9,0,-50.40365537705585,-50.40365537705585,0.1111111111111111,0.11869987897384071,13.22998188,-1.4313734970560001,5530.363600000001,3,False,,,True,2023-01-22T17:11:00+00:00,False
train_2023_2024,cci_h6_chop_w,public,cost1,PORTFOLIO,8,0,66.03992356904595,66.03992356904595,0.375,2.6693363167122928,7.953088416,-1.0378080149538003,6590.05827,5,False,0.03622628797921378,1013.1198646013271,True,2023-12-06T19:46:00+00:00,False
train_2023_2024,cci_h6_chop_w,public,cost1,BTCUSDT,8,0,66.03992356904595,66.03992356904595,0.375,2.6693363167122928,7.953088416,-1.0378080149538003,6590.05827,5,False,,,True,2023-12-06T19:46:00+00:00,False
train_2023_2024,cci_h6_chop_w,public,cost1,ETHUSDT,0,0,0,0,,,0,0,0,0,False,,,True,2023-12-06T19:46:00+00:00,False
train_2023_2024,cci_h6_chop_w,public,cost2,PORTFOLIO,27,0,-52.12582208301217,-52.12582208301217,0.2962962962962963,0.6457544327703139,37.283859648,-9.3283024350124,15537.698350000002,10,False,0.10048797413970553,990.0641779169879,True,2024-03-13T17:06:00+00:00,False
train_2023_2024,cci_h6_chop_w,public,cost2,BTCUSDT,25,0,-40.216493771332225,-40.216493771332225,0.32,0.7026214114895248,35.728287168,-8.4561466033324,14884.802350000002,10,False,,,True,2024-03-13T17:06:00+00:00,False
train_2023_2024,cci_h6_chop_w,public,cost2,ETHUSDT,2,0,-11.909328311679944,-11.909328311679944,0.0,0.0,1.55557248,-0.87215583168,652.896,1,False,,,True,2024-03-13T17:06:00+00:00,False
train_2023_2024,cci_h6_chop_d,public,cost1,PORTFOLIO,19,0,-88.49623532578549,-88.49623532578549,0.15789473684210525,0.08448528386797226,15.808428312,-1.5857670137857,13197.477900000002,8,False,0.10004316047713153,953.6937646742145,True,2023-10-24T11:16:00+00:00,False
train_2023_2024,cci_h6_chop_d,public,cost1,BTCUSDT,9,0,-25.73924658768662,-25.73924658768662,0.2222222222222222,0.20535973841478505,6.664310652,-0.6135959356867,5555.992900000001,6,False,,,True,2023-10-24T11:16:00+00:00,False
train_2023_2024,cci_h6_chop_d,public,cost1,ETHUSDT,10,0,-62.756988738098876,-62.756988738098876,0.1,0.02356812440056391,9.14411766,-0.9721710780989999,7641.485000000001,5,False,,,True,2023-10-24T11:16:00+00:00,False
train_2023_2024,cci_h6_chop_d,public,cost2,PORTFOLIO,19,0,-103.79711311122439,-103.79711311122439,0.10526315789473684,0.042983154220392866,24.969472476,-2.5435306352245,10430.915210000001,8,False,0.10557387171549866,938.3928868887757,True,2023-10-24T11:16:00+00:00,False
train_2023_2024,cci_h6_chop_d,public,cost2,BTCUSDT,9,0,-34.672239171678385,-34.672239171678385,0.2222222222222222,0.1185206987510474,10.498205556,-0.9192236156785001,4379.47451,6,False,,,True,2023-10-24T11:16:00+00:00,False
train_2023_2024,cci_h6_chop_d,public,cost2,ETHUSDT,10,0,-69.124873939546,-69.124873939546,0.0,0.0,14.471266919999998,-1.624307019546,6051.4407,5,False,,,True,2023-10-24T11:16:00+00:00,False
train_2023_2024,cci_h6_chop_h12,public,cost1,PORTFOLIO,27,0,-97.30589570978142,-97.30589570978142,0.18518518518518517,0.30687911345377067,20.32232337,-1.8007223397814,16960.91361,13,False,0.10955271018049821,936.8080691582187,True,2024-01-12T09:46:00+00:00,False
train_2023_2024,cci_h6_chop_h12,public,cost1,BTCUSDT,13,0,-24.616213140546304,-24.616213140546304,0.3076923076923077,0.6208111281521114,8.23612341,-0.6582397305464001,6864.2832100000005,8,False,,,True,2024-01-12T09:46:00+00:00,False
train_2023_2024,cci_h6_chop_h12,public,cost1,ETHUSDT,14,0,-72.68968256923512,-72.68968256923512,0.07142857142857142,0.03683977577680726,12.086199959999998,-1.142482609235,10096.6304,8,False,,,True,2024-01-12T09:46:00+00:00,False
train_2023_2024,cci_h6_chop_h12,public,cost2,PORTFOLIO,21,0,-73.53557425059677,-73.53557425059677,0.23809523809523808,0.28265053121547074,23.894731608,-2.7963826425966003,9967.84955,12,False,0.1046402005849969,939.8004488694033,True,2023-12-04T17:11:00+00:00,False
train_2023_2024,cci_h6_chop_h12,public,cost2,BTCUSDT,12,0,-28.353414294692733,-28.353414294692733,0.3333333333333333,0.5018935771621997,12.025801608000002,-1.1215526866926,5011.72925,8,False,,,True,2023-12-04T17:11:00+00:00,False
train_2023_2024,cci_h6_chop_h12,public,cost2,ETHUSDT,9,0,-45.182159955904034,-45.182159955904034,0.1111111111111111,0.008896023648998155,11.868929999999999,-1.674829955904,4956.1203000000005,6,False,,,True,2023-12-04T17:11:00+00:00,False
train_2023_2024,cci_h6_chop_h6,public,cost1,PORTFOLIO,29,0,139.79957981653394,139.79957981653394,0.27586206896551724,2.0412371372735927,29.545267914,-2.7570222694662,24669.130760000004,15,False,0.0943755715579043,976.9581893412839,True,2023-12-06T19:46:00+00:00,False
train_2023_2024,cci_h6_chop_h6,public,cost1,BTCUSDT,16,0,186.49683051382573,186.49683051382573,0.3125,3.8075426383377824,15.643060074000001,-1.5331794121742002,13068.171960000001,10,False,,,True,2023-12-06T19:46:00+00:00,False
train_2023_2024,cci_h6_chop_h6,public,cost1,ETHUSDT,13,0,-46.6972506972918,-46.6972506972918,0.23076923076923078,0.31161438754393883,13.902207839999999,-1.2238428572920002,11600.9588,9,False,,,True,2023-12-06T19:46:00+00:00,False
train_2023_2024,cci_h6_chop_h6,public,cost2,PORTFOLIO,38,0,-25.56670099876287,-25.56670099876287,0.21052631578947367,0.8828380149439498,58.584747635999996,-5.159603362763001,24494.72897,18,False,0.10558264898359895,963.5784942577152,True,2024-02-08T20:16:00+00:00,False
train_2023_2024,cci_h6_chop_h6,public,cost2,BTCUSDT,21,0,66.889419495445,66.889419495445,0.23809523809523808,1.5952631975406169,32.719079316,-2.956751188555,13685.173370000002,12,False,,,True,2024-02-08T20:16:00+00:00,False
train_2023_2024,cci_h6_chop_h6,public,cost2,ETHUSDT,17,0,-92.45612049420787,-92.45612049420787,0.17647058823529413,0.12651337252738598,25.865668319999997,-2.202852174208,10809.5556,11,False,,,True,2024-02-08T20:16:00+00:00,False
train_2023_2024,cci_h6_chop_h4,public,cost1,PORTFOLIO,19,0,-86.949235492027,-86.949235492027,0.10526315789473684,0.11719444880373864,15.076407012,-1.5863684800270001,12598.815740000002,8,False,0.10328863379206518,955.240764507973,True,2023-04-26T22:01:00+00:00,False
train_2023_2024,cci_h6_chop_h4,public,cost1,BTCUSDT,9,0,-42.89124389871907,-42.89124389871907,0.0,0.0,6.358170552,-0.643713346719,5316.420140000001,5,False,,,True,2023-04-26T22:01:00+00:00,False
train_2023_2024,cci_h6_chop_h4,public,cost1,ETHUSDT,10,0,-44.05799159330793,-44.05799159330793,0.2,0.207600066333577,8.71823646,-0.9426551333080001,7282.395600000001,5,False,,,True,2023-04-26T22:01:00+00:00,False
train_2023_2024,cci_h6_chop_h4,public,cost2,PORTFOLIO,19,0,-100.32424239591545,-100.32424239591545,0.10526315789473684,0.0822169378093712,23.973001944,-2.5912804519156003,10025.630790000001,8,False,0.10148215219465491,941.8657576040846,True,2023-04-26T22:01:00+00:00,False
train_2023_2024,cci_h6_chop_h4,public,cost2,BTCUSDT,9,0,-49.73603474617955,-49.73603474617955,0.0,0.0,10.210651464000001,-1.0086232821796002,4273.69649,5,False,,,True,2023-04-26T22:01:00+00:00,False
train_2023_2024,cci_h6_chop_h4,public,cost2,ETHUSDT,10,0,-50.5882076497359,-50.5882076497359,0.2,0.15085500078584638,13.762350479999998,-1.5826571697360001,5751.9343,5,False,,,True,2023-04-26T22:01:00+00:00,False
train_2023_2024,cci_h6_chop_h1,public,cost1,PORTFOLIO,24,0,-89.18507437237811,-89.18507437237811,0.16666666666666666,0.20008549545330176,18.30847083,-0.9500735423780001,15270.843470000002,16,False,0.10200054141978253,953.004925627622,True,2023-08-16T05:06:00+00:00,False
train_2023_2024,cci_h6_chop_h1,public,cost1,BTCUSDT,13,0,-52.24267542538993,-52.24267542538993,0.07692307692307693,0.1255577824148956,9.84698055,-0.48416487539,8205.594070000001,11,False,,,True,2023-08-16T05:06:00+00:00,False
train_2023_2024,cci_h6_chop_h1,public,cost1,ETHUSDT,11,0,-36.94239894698817,-36.94239894698817,0.2727272727272727,0.28612699184194085,8.46149028,-0.46590866698800004,7065.249400000001,9,False,,,True,2023-08-16T05:06:00+00:00,False
train_2023_2024,cci_h6_chop_h1,public,cost2,PORTFOLIO,24,0,-102.9368914093867,-102.9368914093867,0.16666666666666666,0.13925853878526973,28.614523968,-1.7832274413868001,11938.539900000002,16,False,0.10518935960862448,939.2531085906134,True,2023-08-16T05:06:00+00:00,False
train_2023_2024,cci_h6_chop_h1,public,cost2,BTCUSDT,13,0,-60.84502294296871,-60.84502294296871,0.07692307692307693,0.06892864056290925,15.379814688000002,-0.9700682549688001,6410.055700000001,11,False,,,True,2023-08-16T05:06:00+00:00,False
train_2023_2024,cci_h6_chop_h1,public,cost2,ETHUSDT,11,0,-42.091868466418,-42.091868466418,0.2727272727272727,0.22399114293571548,13.234709279999999,-0.813159186418,5528.4842,9,False,,,True,2023-08-16T05:06:00+00:00,False
train_2023_2024,cci_h6_chop_m30,public,cost1,PORTFOLIO,76,0,129.47262688305858,129.47262688305858,0.35526315789473684,1.6138529424083938,32.705280504,-7.0404326129414,27322.18055,50,False,0.09462467732971892,973.8570978624963,False,,False
train_2023_2024,cci_h6_chop_m30,public,cost1,BTCUSDT,37,0,148.9803776573508,148.9803776573508,0.40540540540540543,2.2871169122682993,19.934286804,-2.5355755386494,16682.449050000003,32,False,,,False,,False
train_2023_2024,cci_h6_chop_m30,public,cost1,ETHUSDT,39,0,-19.507750774292212,-19.507750774292212,0.3076923076923077,0.7950234195447147,12.7709937,-4.5048570742919996,10639.731500000002,32,False,,,False,,False
train_2023_2024,cci_h6_chop_m30,public,cost2,PORTFOLIO,76,0,20.05766050354168,20.05766050354168,0.32894736842105265,1.0893532946260738,55.03053018,-12.696259316458,23000.132640000003,50,False,0.09701386223044192,957.0379510315113,False,,False
train_2023_2024,cci_h6_chop_m30,public,cost2,BTCUSDT,37,0,72.77095681927975,72.77095681927975,0.40540540540540543,1.598328481797799,33.09500562,-5.07068756072,13853.33594,32,False,,,False,,False
train_2023_2024,cci_h6_chop_m30,public,cost2,ETHUSDT,39,0,-52.71329631573806,-52.71329631573806,0.2564102564102564,0.48748467426435343,21.93552456,-7.625571755738,9146.7967,32,False,,,False,,False
train_2023_2024,cci_h6_chop_m15,public,cost1,PORTFOLIO,15,0,-79.53187207757709,-79.53187207757709,0.13333333333333333,0.17460373470043514,10.52507334,-0.777578737577,8796.857800000002,10,False,0.1006807482962964,962.658127922423,True,2023-07-13T19:31:00+00:00,False
train_2023_2024,cci_h6_chop_m15,public,cost1,BTCUSDT,10,0,-68.18656887077489,-68.18656887077489,0.1,0.02177554396317002,6.36554232,-0.32110655077500005,5327.2173,7,False,,,True,2023-07-13T19:31:00+00:00,False
train_2023_2024,cci_h6_chop_m15,public,cost1,ETHUSDT,5,0,-11.345303206802193,-11.345303206802193,0.2,0.5743100846483443,4.15953102,-0.45647218680199997,3469.6405000000004,5,False,,,True,2023-07-13T19:31:00+00:00,False
train_2023_2024,cci_h6_chop_m15,public,cost2,PORTFOLIO,15,0,-91.38731543576814,-91.38731543576814,0.13333333333333333,0.08273442727562662,17.345590308000002,-1.276095127768,7256.117630000001,10,False,0.1032248673964641,950.8026845642319,True,2023-07-13T19:31:00+00:00,False
train_2023_2024,cci_h6_chop_m15,public,cost2,BTCUSDT,10,0,-70.893799967472,-70.893799967472,0.1,0.005287076389274833,10.624310748000001,-0.551759219472,4449.060530000001,7,False,,,True,2023-07-13T19:31:00+00:00,False
train_2023_2024,cci_h6_chop_m15,public,cost2,ETHUSDT,5,0,-20.49351546829614,-20.49351546829614,0.2,0.2773680116376648,6.72127956,-0.724335908296,2807.0571,5,False,,,True,2023-07-13T19:31:00+00:00,False
train_2023_2024,cci_h6_chop_m5,public,cost1,PORTFOLIO,28,0,-40.7966287827747,-40.7966287827747,0.21428571428571427,0.6875706785856726,20.394751596,-2.838537186775,17004.408000000003,13,False,0.10230155079174869,1001.3933712172254,True,2023-05-29T09:26:00+00:00,False
train_2023_2024,cci_h6_chop_m5,public,cost1,BTCUSDT,12,0,-52.02862491784283,-52.02862491784283,0.16666666666666666,0.19861854697198963,7.803919596,-0.7211653218430001,6525.018100000001,9,False,,,True,2023-05-29T09:26:00+00:00,False
train_2023_2024,cci_h6_chop_m5,public,cost1,ETHUSDT,16,0,11.23199613506814,11.23199613506814,0.25,1.1710758241831725,12.590831999999999,-2.117371864932,10479.3899,9,False,,,True,2023-05-29T09:26:00+00:00,False
train_2023_2024,cci_h6_chop_m5,public,cost2,PORTFOLIO,28,0,-78.70114433877093,-78.70114433877093,0.21428571428571427,0.43017531980346113,32.641106916,-4.5708474227712,13621.205810000001,13,False,0.11173120302238529,963.4888556612291,True,2023-05-29T09:26:00+00:00,False
train_2023_2024,cci_h6_chop_m5,public,cost2,BTCUSDT,12,0,-58.2519622846732,-58.2519622846732,0.16666666666666666,0.1207370331721653,12.691873476000001,-1.2128988086732,5310.454210000001,9,False,,,True,2023-05-29T09:26:00+00:00,False
train_2023_2024,cci_h6_chop_m5,public,cost2,ETHUSDT,16,0,-20.449182054097736,-20.449182054097736,0.25,0.7154451607723245,19.949233439999997,-3.357948614098,8310.7516,9,False,,,True,2023-05-29T09:26:00+00:00,False
train_2023_2024,cci_h6_chop_m3,public,cost1,PORTFOLIO,23,0,-38.35171886255339,-38.35171886255339,0.17391304347826086,0.6765350845264962,19.144660943999998,-2.3853979185534,15962.294950000001,9,False,0.10010981285247252,1003.8382811374466,True,2023-03-30T02:26:00+00:00,False
train_2023_2024,cci_h6_chop_m3,public,cost1,BTCUSDT,10,0,-35.817129207009366,-35.817129207009366,0.2,0.27351467627305437,7.106209703999999,-0.6338595030094001,5935.8799500000005,7,False,,,True,2023-03-30T02:26:00+00:00,False
train_2023_2024,cci_h6_chop_m3,public,cost1,ETHUSDT,13,0,-2.53458965554402,-2.53458965554402,0.15384615384615385,0.9634064986844099,12.03845124,-1.751538415544,10026.415,7,False,,,True,2023-03-30T02:26:00+00:00,False
train_2023_2024,cci_h6_chop_m3,public,cost2,PORTFOLIO,23,0,-72.62185003187817,-72.62185003187817,0.17391304347826086,0.4167481341461381,30.181712016,-3.8002180158784,12595.033300000001,9,False,0.10612652227415745,969.5681499681219,True,2023-03-30T02:26:00+00:00,False
train_2023_2024,cci_h6_chop_m3,public,cost2,BTCUSDT,10,0,-42.664583042518366,-42.664583042518366,0.2,0.16458214598272028,11.348774256,-1.0566887865184,4743.785500000001,7,False,,,True,2023-03-30T02:26:00+00:00,False
train_2023_2024,cci_h6_chop_m3,public,cost2,ETHUSDT,13,0,-29.95726698935981,-29.95726698935981,0.15384615384615385,0.5920975676882186,18.832937759999997,-2.74352922936,7851.2478,7,False,,,True,2023-03-30T02:26:00+00:00,False
train_2023_2024,cci_h6_chop_m1,public,cost1,PORTFOLIO,21,0,-10.350719139548417,-10.350719139548417,0.19047619047619047,0.9053867236802133,20.924412359999998,-2.8358067795486,17430.30555,8,False,0.1059944906419613,1031.8392808604517,True,2023-03-19T19:01:00+00:00,False
train_2023_2024,cci_h6_chop_m1,public,cost1,BTCUSDT,10,0,-44.83045538115445,-44.83045538115445,0.2,0.1755266027225218,8.583617160000001,-0.9515382211546001,7170.661950000001,6,False,,,True,2023-03-19T19:01:00+00:00,False
train_2023_2024,cci_h6_chop_m1,public,cost1,ETHUSDT,11,0,34.479736241606034,34.479736241606034,0.18181818181818182,1.6266123087008073,12.340795199999999,-1.884268558394,10259.643600000001,5,False,,,True,2023-03-19T19:01:00+00:00,False
train_2023_2024,cci_h6_chop_m1,public,cost2,PORTFOLIO,21,0,-53.8675025374314,-53.8675025374314,0.19047619047619047,0.5392364930441719,32.21490468,-4.4012178574316,13431.50264,8,False,0.1062244022729149,988.3224974625687,True,2023-03-19T19:01:00+00:00,False
train_2023_2024,cci_h6_chop_m1,public,cost2,BTCUSDT,10,0,-52.38520949666335,-52.38520949666335,0.2,0.08784913965136261,13.36179708,-1.4994324166636,5586.17744,6,False,,,True,2023-03-19T19:01:00+00:00,False
train_2023_2024,cci_h6_chop_m1,public,cost2,ETHUSDT,11,0,-1.4822930407680435,-1.4822930407680435,0.18181818181818182,0.9750786315373833,18.853107599999998,-2.901785440768,7845.3252,5,False,,,True,2023-03-19T19:01:00+00:00,False
train_2023_2024,cci_h4_chop_w,public,cost1,PORTFOLIO,9,0,68.94758105755116,68.94758105755116,0.3333333333333333,2.8916933709239565,8.401434342,-1.2267346004486002,6961.907410000001,6,False,0.03617043556589635,1014.3656604633271,True,2023-12-06T19:46:00+00:00,False
train_2023_2024,cci_h4_chop_w,public,cost1,BTCUSDT,9,0,68.94758105755116,68.94758105755116,0.3333333333333333,2.8916933709239565,8.401434342,-1.2267346004486002,6961.907410000001,6,False,,,True,2023-12-06T19:46:00+00:00,False
train_2023_2024,cci_h4_chop_w,public,cost1,ETHUSDT,0,0,0,0,,,0,0,0,0,False,,,True,2023-12-06T19:46:00+00:00,False
train_2023_2024,cci_h4_chop_w,public,cost2,PORTFOLIO,41,0,-39.66886237624923,-39.66886237624923,0.2682926829268293,0.804187792315727,53.3660133,-14.138779076249401,22221.92091,21,False,0.09052428181701899,1002.5211376237509,False,,False
train_2023_2024,cci_h4_chop_w,public,cost2,BTCUSDT,39,0,-28.18506488772128,-28.18506488772128,0.28205128205128205,0.8525133331650279,51.7148745,-13.214920387721401,21529.49201,21,False,,,False,,False
train_2023_2024,cci_h4_chop_w,public,cost2,ETHUSDT,2,0,-11.483797488527951,-11.483797488527951,0.0,0.0,1.6511387999999998,-0.923858688528,692.4289,1,False,,,False,,False
train_2023_2024,cci_h4_chop_d,public,cost1,PORTFOLIO,19,0,-102.46036228316048,-102.46036228316048,0.15789473684210525,0.1053852533157302,16.870370076,-1.5218122071604,14092.613200000002,8,False,0.10698649760222521,939.7296377168396,True,2023-08-28T09:21:00+00:00,False
train_2023_2024,cci_h4_chop_d,public,cost1,BTCUSDT,11,0,-56.33947293232452,-56.33947293232452,0.18181818181818182,0.15778613725345708,9.067811196,-0.5692817363243999,7573.533900000001,7,False,,,True,2023-08-28T09:21:00+00:00,False
train_2023_2024,cci_h4_chop_d,public,cost1,ETHUSDT,8,0,-46.12088935083596,-46.12088935083596,0.125,0.031798968877798345,7.802558879999999,-0.9525304708360001,6519.0793,3,False,,,True,2023-08-28T09:21:00+00:00,False
train_2023_2024,cci_h4_chop_d,public,cost2,PORTFOLIO,16,0,-102.88395489364201,-102.88395489364201,0.0625,0.06871987615475389,23.707045872,-2.4733290216420003,9916.28757,6,False,0.10470349793019505,939.306045106358,True,2023-08-18T02:46:00+00:00,False
train_2023_2024,cci_h4_chop_d,public,cost2,BTCUSDT,9,0,-54.15753701882604,-54.15753701882604,0.1111111111111111,0.12294667265012944,12.374881872000001,-0.9204751468260001,5176.63187,5,False,,,True,2023-08-18T02:46:00+00:00,False
train_2023_2024,cci_h4_chop_d,public,cost2,ETHUSDT,7,0,-48.72641787481597,-48.72641787481597,0.0,0.0,11.332163999999999,-1.5528538748160001,4739.6557,2,False,,,True,2023-08-18T02:46:00+00:00,False
train_2023_2024,cci_h4_chop_h12,public,cost1,PORTFOLIO,28,0,-97.89011820293854,-97.89011820293854,0.17857142857142858,0.3231829884884197,20.054145162,-2.2060030409385,16741.28195,15,False,0.11020268771418516,936.1242508061488,True,2024-02-10T01:41:00+00:00,False
train_2023_2024,cci_h4_chop_h12,public,cost1,BTCUSDT,16,0,-48.88892279372946,-48.88892279372946,0.25,0.473472317405459,11.103674802,-0.9026779917295,9264.980950000001,10,False,,,True,2024-02-10T01:41:00+00:00,False
train_2023_2024,cci_h4_chop_h12,public,cost1,ETHUSDT,12,0,-49.00119540920908,-49.00119540920908,0.08333333333333333,0.053692873528022954,8.950470359999999,-1.303325049209,7476.301,8,False,,,True,2024-02-10T01:41:00+00:00,False
train_2023_2024,cci_h4_chop_h12,public,cost2,PORTFOLIO,20,0,-104.25061437041906,-104.25061437041906,0.2,0.0963221140572748,23.791394784,-2.3404795864189003,9943.828300000001,11,False,0.10641325912216888,937.939385629581,True,2023-12-04T17:11:00+00:00,False
train_2023_2024,cci_h4_chop_h12,public,cost2,BTCUSDT,12,0,-66.59353274767706,-66.59353274767706,0.25,0.13850485402120202,13.484496504,-0.6761962436769,5638.691900000001,8,False,,,True,2023-12-04T17:11:00+00:00,False
train_2023_2024,cci_h4_chop_h12,public,cost2,ETHUSDT,8,0,-37.657081622742005,-37.657081622742005,0.125,0.01065479000642366,10.306898279999999,-1.664283342742,4305.1364,5,False,,,True,2023-12-04T17:11:00+00:00,False
train_2023_2024,cci_h4_chop_h6,public,cost1,PORTFOLIO,22,0,144.60380014578877,144.60380014578877,0.2727272727272727,2.442745523819201,21.12810225,-1.9127276042112,17657.015480000002,13,False,0.09283792860229517,996.4685483060674,True,2023-12-06T19:46:00+00:00,False
train_2023_2024,cci_h4_chop_h6,public,cost1,BTCUSDT,11,0,195.4111003630807,195.4111003630807,0.36363636363636365,5.5554061082015185,10.55344125,-0.9860883869192001,8825.144980000001,7,False,,,True,2023-12-06T19:46:00+00:00,False
train_2023_2024,cci_h4_chop_h6,public,cost1,ETHUSDT,11,0,-50.80730021729193,-50.80730021729193,0.18181818181818182,0.11380063963948556,10.574660999999999,-0.926639217292,8831.8705,8,False,,,True,2023-12-06T19:46:00+00:00,False
train_2023_2024,cci_h4_chop_h6,public,cost2,PORTFOLIO,60,0,-8.812128921382095,-8.812128921382095,0.23333333333333334,0.9697352762606898,69.87068720399999,-12.166011717381801,29192.017710000004,33,False,0.10093558086486389,986.7395632592824,True,2024-11-09T09:16:00+00:00,False
train_2023_2024,cci_h4_chop_h6,public,cost2,BTCUSDT,32,0,93.63318864363403,93.63318864363403,0.28125,1.6461027386872182,39.240895524,-7.5950858323658,16384.685510000003,23,False,,,True,2024-11-09T09:16:00+00:00,False
train_2023_2024,cci_h4_chop_h6,public,cost2,ETHUSDT,28,0,-102.44531756501611,-102.44531756501611,0.17857142857142858,0.2995113241123607,30.629791679999997,-4.570925885016,12807.3322,21,False,,,True,2024-11-09T09:16:00+00:00,False
train_2023_2024,cci_h4_chop_h4,public,cost1,PORTFOLIO,17,0,-87.2801788090512,-87.2801788090512,0.11764705882352941,0.11680198183157517,14.000050241999999,-1.3252985670512,11702.685950000001,9,False,0.10359929958960264,954.9098211909488,True,2023-06-06T01:31:00+00:00,False
train_2023_2024,cci_h4_chop_h4,public,cost1,BTCUSDT,7,0,-35.875337195743256,-35.875337195743256,0.0,0.0,4.5441226619999995,-0.5294845337432,3802.1697500000005,5,False,,,True,2023-06-06T01:31:00+00:00,False
train_2023_2024,cci_h4_chop_h4,public,cost1,ETHUSDT,10,0,-51.40484161330794,-51.40484161330794,0.2,0.18337026656189886,9.455927579999999,-0.795814033308,7900.5162,6,False,,,True,2023-06-06T01:31:00+00:00,False
train_2023_2024,cci_h4_chop_h4,public,cost2,PORTFOLIO,19,0,-103.52516451596787,-103.52516451596787,0.10526315789473684,0.08693441763777851,24.303227592,-2.159596923968,10159.604780000001,11,False,0.10453575684168886,938.6648354840322,True,2023-06-15T15:51:00+00:00,False
train_2023_2024,cci_h4_chop_h4,public,cost2,BTCUSDT,9,0,-47.91616152623194,-47.91616152623194,0.0,0.0,9.620972472000002,-0.8036490542320001,4022.2130800000004,7,False,,,True,2023-06-15T15:51:00+00:00,False
train_2023_2024,cci_h4_chop_h4,public,cost2,ETHUSDT,10,0,-55.609002989735934,-55.609002989735934,0.2,0.15056403420145348,14.682255119999999,-1.3559478697360001,6137.3917,6,False,,,True,2023-06-15T15:51:00+00:00,False
train_2023_2024,cci_h4_chop_h1,public,cost1,PORTFOLIO,27,0,-89.80964118710565,-89.80964118710565,0.18518518518518517,0.23705443621407193,20.569742555999998,-1.1346586311056002,17154.29492,18,False,0.10258905953379246,952.3803588128944,True,2023-08-16T05:06:00+00:00,False
train_2023_2024,cci_h4_chop_h1,public,cost1,BTCUSDT,14,0,-38.84924836047355,-38.84924836047355,0.14285714285714285,0.2384580249916261,10.002975516,-0.6680328444736001,8328.69222,12,False,,,True,2023-08-16T05:06:00+00:00,False
train_2023_2024,cci_h4_chop_h1,public,cost1,ETHUSDT,13,0,-50.9603928266321,-50.9603928266321,0.23076923076923078,0.2359809410626971,10.56676704,-0.46662578663200005,8825.602700000001,11,False,,,True,2023-08-16T05:06:00+00:00,False
train_2023_2024,cci_h4_chop_h1,public,cost2,PORTFOLIO,26,0,-97.52018306255356,-97.52018306255356,0.19230769230769232,0.173238376786005,29.721925692,-2.1996073705536,12403.597220000001,17,False,0.10002895266366787,944.6698169374465,True,2023-08-01T11:26:00+00:00,False
train_2023_2024,cci_h4_chop_h1,public,cost2,BTCUSDT,13,0,-40.160426195667476,-40.160426195667476,0.15384615384615385,0.17101067909473294,13.324242372,-1.3872338236676,5551.154320000001,11,False,,,True,2023-08-01T11:26:00+00:00,False
train_2023_2024,cci_h4_chop_h1,public,cost2,ETHUSDT,13,0,-57.35975686688608,-57.35975686688608,0.23076923076923078,0.17479098647853228,16.39768332,-0.812373546886,6852.4429,11,False,,,True,2023-08-01T11:26:00+00:00,False
train_2023_2024,cci_h4_chop_m30,public,cost1,PORTFOLIO,83,0,139.26857580503798,139.26857580503798,0.3614457831325301,1.6613184910665948,36.167922594,-7.9973916009622,30204.311650000003,50,False,0.09426467924812762,978.3439481064887,False,,False
train_2023_2024,cci_h4_chop_m30,public,cost1,BTCUSDT,40,0,171.59588579795405,171.59588579795405,0.45,2.667464482407547,21.370874094,-3.4096301080462,17879.596550000002,35,False,,,False,,False
train_2023_2024,cci_h4_chop_m30,public,cost1,ETHUSDT,43,0,-32.32730999291607,-32.32730999291607,0.27906976744186046,0.6997947332760326,14.797048499999999,-4.587761492916,12324.715100000001,35,False,,,False,,False
train_2023_2024,cci_h4_chop_m30,public,cost2,PORTFOLIO,83,0,24.04931472987441,24.04931472987441,0.3373493975903614,1.1057341434454806,60.596469444,-14.3827458261254,25316.729840000004,50,False,0.10042803161896319,960.170090557248,False,,False
train_2023_2024,cci_h4_chop_m30,public,cost2,BTCUSDT,40,0,89.72531140245246,89.72531140245246,0.45,1.8051488349382425,35.341984163999996,-6.489834433547401,14790.567240000002,35,False,,,False,,False
train_2023_2024,cci_h4_chop_m30,public,cost2,ETHUSDT,43,0,-65.67599667257805,-65.67599667257805,0.23255813953488372,0.4338831638511516,25.25448528,-7.892911392578,10526.162600000001,35,False,,,False,,False
train_2023_2024,cci_h4_chop_m15,public,cost1,PORTFOLIO,18,0,-84.46593218345612,-84.46593218345612,0.1111111111111111,0.16111965906763095,10.461274158,-0.765768025456,8746.08537,12,False,0.105290167895606,957.7240678165439,True,2023-08-01T02:16:00+00:00,False
train_2023_2024,cci_h4_chop_m15,public,cost1,BTCUSDT,11,0,-61.613433947607945,-61.613433947607945,0.09090909090909091,0.014660075036787295,5.138959578000001,-0.418084369608,4302.231970000001,8,False,,,True,2023-08-01T02:16:00+00:00,False
train_2023_2024,cci_h4_chop_m15,public,cost1,ETHUSDT,7,0,-22.852498235848177,-22.852498235848177,0.14285714285714285,0.4011205512936711,5.32231458,-0.347683655848,4443.8534,7,False,,,True,2023-08-01T02:16:00+00:00,False
train_2023_2024,cci_h4_chop_m15,public,cost2,PORTFOLIO,17,0,-88.03459377562012,-88.03459377562012,0.11764705882352941,0.08709117097488492,16.08324336,-1.28801041562,6728.959870000001,11,False,0.10006265776015032,954.1554062243799,True,2023-07-27T09:31:00+00:00,False
train_2023_2024,cci_h4_chop_m15,public,cost2,BTCUSDT,11,0,-65.18540758435199,-65.18540758435199,0.09090909090909091,0.00810186756932469,8.92936428,-0.7374033043520001,3740.6045700000004,8,False,,,True,2023-07-27T09:31:00+00:00,False
train_2023_2024,cci_h4_chop_m15,public,cost2,ETHUSDT,6,0,-22.84918619126813,-22.84918619126813,0.16666666666666666,0.25609556873102013,7.15387908,-0.550607111268,2988.3553,6,False,,,True,2023-07-27T09:31:00+00:00,False
train_2023_2024,cci_h4_chop_m5,public,cost1,PORTFOLIO,28,0,-98.24364120956224,-98.24364120956224,0.21428571428571427,0.2445564829628768,17.994196872,-1.7186443375624,15034.429460000001,11,False,0.1071960011464751,943.9463587904378,True,2023-05-05T13:46:00+00:00,False
train_2023_2024,cci_h4_chop_m5,public,cost1,BTCUSDT,14,0,-54.810128208545336,-54.810128208545336,0.14285714285714285,0.21721221706678456,8.171286312000001,-0.6830418965454,6832.38316,9,False,,,True,2023-05-05T13:46:00+00:00,False
train_2023_2024,cci_h4_chop_m5,public,cost1,ETHUSDT,14,0,-43.433513001016905,-43.433513001016905,0.2857142857142857,0.27645170391874335,9.82291056,-1.035602441017,8202.0463,8,False,,,True,2023-05-05T13:46:00+00:00,False
train_2023_2024,cci_h4_chop_m5,public,cost2,PORTFOLIO,22,0,-98.13009839275743,-98.13009839275743,0.18181818181818182,0.14176800662359654,25.097568828,-2.7426395647576003,10492.46529,9,False,0.10311148818276616,944.0599016072426,True,2023-04-13T17:11:00+00:00,False
train_2023_2024,cci_h4_chop_m5,public,cost2,BTCUSDT,10,0,-46.68939883217956,-46.68939883217956,0.2,0.19642605142112687,11.455706028000002,-1.0200028041796,4790.317690000001,7,False,,,True,2023-04-13T17:11:00+00:00,False
train_2023_2024,cci_h4_chop_m5,public,cost2,ETHUSDT,12,0,-51.44069956057786,-51.44069956057786,0.16666666666666666,0.08529779912670282,13.641862799999998,-1.722636760578,5702.1476,7,False,,,True,2023-04-13T17:11:00+00:00,False
train_2023_2024,cci_h4_chop_m3,public,cost1,PORTFOLIO,19,0,-95.22399999031784,-95.22399999031784,0.15789473684210525,0.16194895307416265,14.90427957,-1.5047904203178,12459.640440000001,7,False,0.10433996199706945,946.9660000096823,True,2023-03-01T14:51:00+00:00,False
train_2023_2024,cci_h4_chop_m3,public,cost1,BTCUSDT,8,0,-45.565675946573805,-45.565675946573805,0.125,0.13576367335550132,5.57061519,-0.5126307565738001,4661.920540000001,4,False,,,True,2023-03-01T14:51:00+00:00,False
train_2023_2024,cci_h4_chop_m3,public,cost1,ETHUSDT,11,0,-49.65832404374403,-49.65832404374403,0.18181818181818182,0.18461791457431115,9.33366438,-0.992159663744,7797.7199,5,False,,,True,2023-03-01T14:51:00+00:00,False
train_2023_2024,cci_h4_chop_m3,public,cost2,PORTFOLIO,17,0,-97.58695094555193,-97.58695094555193,0.17647058823529413,0.0939741221277444,23.104235664,-2.3238352815520003,9662.8443,6,False,0.10259547992440027,944.6030490544481,True,2023-02-16T00:16:00+00:00,False
train_2023_2024,cci_h4_chop_m3,public,cost2,BTCUSDT,6,0,-38.91799612600002,-38.91799612600002,0.16666666666666666,0.09902309067918101,8.084489064,-0.6529270620000002,3383.6274000000008,3,False,,,True,2023-02-16T00:16:00+00:00,False
train_2023_2024,cci_h4_chop_m3,public,cost2,ETHUSDT,11,0,-58.66895481955191,-58.66895481955191,0.18181818181818182,0.09059355822256579,15.019746599999998,-1.670908219552,6279.2169,5,False,,,True,2023-02-16T00:16:00+00:00,False
train_2023_2024,cci_h4_chop_m1,public,cost1,PORTFOLIO,19,0,-75.03032332670146,-75.03032332670146,0.21052631578947367,0.33257824046902,17.175216204,-2.0654471227014,14340.575,9,False,0.1025985987474301,967.1596766732986,True,2023-03-17T06:26:00+00:00,False
train_2023_2024,cci_h4_chop_m1,public,cost1,BTCUSDT,10,0,-63.855457803767386,-63.855457803767386,0.1,0.1104571944491757,8.543366304,-0.8327314997674,7146.7116000000005,6,False,,,True,2023-03-17T06:26:00+00:00,False
train_2023_2024,cci_h4_chop_m1,public,cost1,ETHUSDT,9,0,-11.174865522934073,-11.174865522934073,0.3333333333333333,0.7249844332870035,8.6318499,-1.2327156229340002,7193.8634,5,False,,,True,2023-03-17T06:26:00+00:00,False
train_2023_2024,cci_h4_chop_m1,public,cost2,PORTFOLIO,18,0,-84.70954575534765,-84.70954575534765,0.2222222222222222,0.2089924036510506,25.241516976,-3.3945887793476,10545.33546,8,False,0.10005190192546,957.4804542446524,True,2023-03-01T14:51:00+00:00,False
train_2023_2024,cci_h4_chop_m1,public,cost2,BTCUSDT,9,0,-59.21692596617959,-59.21692596617959,0.1111111111111111,0.07367316525314316,11.608158816000001,-1.3471271501796,4859.863660000001,5,False,,,True,2023-03-01T14:51:00+00:00,False
train_2023_2024,cci_h4_chop_m1,public,cost2,ETHUSDT,9,0,-25.492619789168067,-25.492619789168067,0.3333333333333333,0.4094020510748076,13.63335816,-2.047461629168,5685.4718,5,False,,,True,2023-03-01T14:51:00+00:00,False
train_2023_2024,cci_h1_chop_w,public,cost1,PORTFOLIO,67,0,-12.657035069489352,-12.657035069489352,0.34328358208955223,0.955670477734721,45.977053554,-13.4618315154892,38290.82037,24,False,0.10359891266917422,1028.516371355004,True,2024-12-31T10:46:00+00:00,False
train_2023_2024,cci_h1_chop_w,public,cost1,BTCUSDT,61,0,1.0055681006636572,1.0055681006636572,0.3442622950819672,1.0038442323340107,43.783756614,-12.3956252853362,36457.87137,24,False,,,True,2024-12-31T10:46:00+00:00,False
train_2023_2024,cci_h1_chop_w,public,cost1,ETHUSDT,6,0,-13.662603170153009,-13.662603170153009,0.3333333333333333,0.42937408359147433,2.19329694,-1.066206230153,1832.949,3,False,,,True,2024-12-31T10:46:00+00:00,False
train_2023_2024,cci_h1_chop_w,public,cost2,PORTFOLIO,54,0,-59.608698545457365,-59.608698545457365,0.35185185185185186,0.7372513410452547,57.928966056,-19.404852489457202,24128.206630000004,21,False,0.10249825852027351,982.5813014545427,True,2024-12-05T09:16:00+00:00,False
train_2023_2024,cci_h1_chop_w,public,cost2,BTCUSDT,48,0,-42.86858151461738,-42.86858151461738,0.3541666666666667,0.7884915242230484,54.214132536,-17.5545689786172,22574.77183,21,False,,,True,2024-12-05T09:16:00+00:00,False
train_2023_2024,cci_h1_chop_w,public,cost2,ETHUSDT,6,0,-16.740117030839983,-16.740117030839983,0.3333333333333333,0.3078490926539011,3.7148335199999996,-1.8502835108400002,1553.4348,3,False,,,True,2024-12-05T09:16:00+00:00,False
train_2023_2024,cci_h1_chop_d,public,cost1,PORTFOLIO,26,0,-111.09860621617322,-111.09860621617322,0.19230769230769232,0.2412730172229398,18.472952682000003,-0.9329035341731001,15412.82046,10,False,0.10768231524676027,931.0913937838268,True,2023-08-29T10:21:00+00:00,False
train_2023_2024,cci_h1_chop_d,public,cost1,BTCUSDT,16,0,-58.821592906615166,-58.821592906615166,0.1875,0.3420576652821623,11.002216782000001,-0.6517261246151,9171.48846,8,False,,,True,2023-08-29T10:21:00+00:00,False
train_2023_2024,cci_h1_chop_d,public,cost1,ETHUSDT,10,0,-52.27701330955806,-52.27701330955806,0.2,0.08326620672603753,7.4707359,-0.281177409558,6241.332,6,False,,,True,2023-08-29T10:21:00+00:00,False
train_2023_2024,cci_h1_chop_d,public,cost2,PORTFOLIO,24,0,-112.85541295231981,-112.85541295231981,0.125,0.1903861437303352,26.94637044,-1.7185425123198002,11253.5002,9,False,0.10849512336283226,929.3345870476803,True,2023-08-28T04:11:00+00:00,False
train_2023_2024,cci_h1_chop_d,public,cost2,BTCUSDT,15,0,-60.31694249818682,-60.31694249818682,0.13333333333333333,0.29993090424453017,16.26585552,-1.2826869781868,6786.367400000001,7,False,,,True,2023-08-28T04:11:00+00:00,False
train_2023_2024,cci_h1_chop_d,public,cost2,ETHUSDT,9,0,-52.53847045413299,-52.53847045413299,0.1111111111111111,0.013094549573132453,10.68051492,-0.43585553413300004,4467.1328,5,False,,,True,2023-08-28T04:11:00+00:00,False
train_2023_2024,cci_h1_chop_h12,public,cost1,PORTFOLIO,53,0,-17.020546785760814,-17.020546785760814,0.33962264150943394,0.9237113872013825,27.770903964,-6.264802821761001,23130.52214,29,False,0.08360367536773174,956.2163181784199,False,,False
train_2023_2024,cci_h1_chop_h12,public,cost1,BTCUSDT,31,0,15.893439485349086,15.893439485349086,0.3870967741935484,1.1225870625049432,17.413201584,-5.1254189306510005,14471.125740000001,21,False,,,False,,False
train_2023_2024,cci_h1_chop_h12,public,cost1,ETHUSDT,22,0,-32.9139862711099,-32.9139862711099,0.2727272727272727,0.6478171135057235,10.35770238,-1.13938389111,8659.3964,15,False,,,False,,False
train_2023_2024,cci_h1_chop_h12,public,cost2,PORTFOLIO,53,0,-77.43305962907175,-77.43305962907175,0.22641509433962265,0.6645944303615601,46.407722232,-10.590577397072101,19338.857920000002,29,False,0.10338394244403161,934.6626534811663,False,,False
train_2023_2024,cci_h1_chop_h12,public,cost2,BTCUSDT,31,0,-27.88418584078789,-27.88418584078789,0.25806451612903225,0.7925859584419592,28.946022552000002,-8.6174032887881,12036.560620000002,21,False,,,False,,False
train_2023_2024,cci_h1_chop_h12,public,cost2,ETHUSDT,22,0,-49.548873788283856,-49.548873788283856,0.18181818181818182,0.48614961315170396,17.46169968,-1.9731741082840002,7302.2973,15,False,,,False,,False
train_2023_2024,cci_h1_chop_h6,public,cost1,PORTFOLIO,46,0,12.937757788831682,12.937757788831682,0.30434782608695654,1.0628172597093608,26.195029446,-5.796962765168701,21833.685230000003,27,False,0.10159391560502225,992.4378753916544,True,2024-06-10T18:16:00+00:00,False
train_2023_2024,cci_h1_chop_h6,public,cost1,BTCUSDT,25,0,95.97054610275228,95.97054610275228,0.4,1.9113378322611936,15.781253586000002,-4.138650311247701,13123.580030000001,19,False,,,True,2024-06-10T18:16:00+00:00,False
train_2023_2024,cci_h1_chop_h6,public,cost1,ETHUSDT,21,0,-83.03278831392059,-83.03278831392059,0.19047619047619047,0.17504525360689854,10.41377586,-1.6583124539210001,8710.1052,18,False,,,True,2024-06-10T18:16:00+00:00,False
train_2023_2024,cci_h1_chop_h6,public,cost2,PORTFOLIO,46,0,-49.52144116933362,-49.52144116933362,0.21739130434782608,0.7681401150029126,43.0951092,-9.732351969334001,17977.21484,27,False,0.10097716586039855,989.8800030367074,True,2024-06-10T18:16:00+00:00,False
train_2023_2024,cci_h1_chop_h6,public,cost2,BTCUSDT,25,0,42.750157336632256,42.750157336632256,0.28,1.3911548686899924,25.88152368,-6.839738983368,10772.60934,19,False,,,True,2024-06-10T18:16:00+00:00,False
train_2023_2024,cci_h1_chop_h6,public,cost2,ETHUSDT,21,0,-92.27159850596588,-92.27159850596588,0.14285714285714285,0.11525147884750285,17.21358552,-2.892612985966,7204.605500000001,18,False,,,True,2024-06-10T18:16:00+00:00,False
train_2023_2024,cci_h1_chop_h4,public,cost1,PORTFOLIO,77,0,-57.27848452852184,-57.27848452852184,0.2857142857142857,0.8034117643835954,36.20207235,-7.1027421785221,30258.118360000004,46,False,0.08988788930478243,973.8903438387463,False,,False
train_2023_2024,cci_h1_chop_h4,public,cost1,BTCUSDT,42,0,6.271055708052898,6.271055708052898,0.2857142857142857,1.0384304024181807,21.48636795,-4.7509063419471005,17939.853860000003,31,False,,,False,,False
train_2023_2024,cci_h1_chop_h4,public,cost1,ETHUSDT,35,0,-63.549540236574735,-63.549540236574735,0.2857142857142857,0.5042287090488462,14.715704399999998,-2.3518358365750003,12318.264500000001,30,False,,,False,,False
train_2023_2024,cci_h1_chop_h4,public,cost2,PORTFOLIO,53,0,-102.12695348825554,-102.12695348825554,0.16981132075471697,0.5104221353853536,42.498175728,-10.781797760256001,17753.25916,31,False,0.10213975777899012,940.0630465117445,True,2024-06-24T05:21:00+00:00,False
train_2023_2024,cci_h1_chop_h4,public,cost2,BTCUSDT,27,0,-9.464164599843777,-9.464164599843777,0.18518518518518517,0.9085098257110082,22.060579248,-7.0116053518440005,9205.53816,19,False,,,True,2024-06-24T05:21:00+00:00,False
train_2023_2024,cci_h1_chop_h4,public,cost2,ETHUSDT,26,0,-92.66278888841177,-92.66278888841177,0.15384615384615385,0.11881871535328077,20.43759648,-3.770192408412,8547.721,23,False,,,True,2024-06-24T05:21:00+00:00,False
train_2023_2024,cci_h1_chop_h1,public,cost1,PORTFOLIO,109,1,13.064115328960362,18.785633158960344,0.3119266055045872,1.062583477863309,41.509340844,-8.310703827040001,34680.10733,65,True,0.08180176853979158,979.303571463323,False,,False
train_2023_2024,cci_h1_chop_h1,public,cost1,BTCUSDT,58,1,40.0929260187721,45.81444384877208,0.3448275862068966,1.3073348730489707,22.923502884,-4.497331097228,19115.79623,49,False,,,False,,False
train_2023_2024,cci_h1_chop_h1,public,cost1,ETHUSDT,51,0,-27.028810689811735,-27.028810689811735,0.27450980392156865,0.8211186509485779,18.58583796,-3.8133727298120004,15564.3111,42,False,,,False,,False
train_2023_2024,cci_h1_chop_h1,public,cost2,PORTFOLIO,44,0,-91.55934630908394,-91.55934630908394,0.22727272727272727,0.43563766144091065,34.454911452,-3.773644857084,14410.13197,28,False,0.10409687392439866,950.6306536909161,True,2023-12-20T14:01:00+00:00,False
train_2023_2024,cci_h1_chop_h1,public,cost2,BTCUSDT,22,0,-30.024944767096933,-30.024944767096933,0.2727272727272727,0.5652638080621898,15.833798772,-2.0704559950970003,6609.444270000001,18,False,,,True,2023-12-20T14:01:00+00:00,False
train_2023_2024,cci_h1_chop_h1,public,cost2,ETHUSDT,22,0,-61.534401541987,-61.534401541987,0.18181818181818182,0.3395491272065634,18.62111268,-1.7031888619870001,7800.6877,19,False,,,True,2023-12-20T14:01:00+00:00,False
train_2023_2024,cci_h1_chop_m30,public,cost1,PORTFOLIO,28,0,-107.77523177996952,-107.77523177996952,0.17857142857142858,0.14012865756886247,11.927187492,-0.9787842879697001,9986.75754,16,False,0.10377384566059004,934.4147682200305,True,2023-08-17T16:01:00+00:00,False
train_2023_2024,cci_h1_chop_m30,public,cost1,BTCUSDT,16,0,-73.0286005534436,-73.0286005534436,0.125,0.017292202846437083,6.588243492,-0.46409706144370005,5523.191040000001,9,False,,,True,2023-08-17T16:01:00+00:00,False
train_2023_2024,cci_h1_chop_m30,public,cost1,ETHUSDT,12,0,-34.74663122652592,-34.74663122652592,0.25,0.3190291925844534,5.338944,-0.514687226526,4463.5665,11,False,,,True,2023-08-17T16:01:00+00:00,False
train_2023_2024,cci_h1_chop_m30,public,cost2,PORTFOLIO,26,0,-110.26173033180451,-110.26173033180451,0.15384615384615385,0.10654460296049927,18.872182692,-1.5236776398046001,7908.342390000001,15,False,0.10579810814899829,931.9282696681955,True,2023-08-01T19:01:00+00:00,False
train_2023_2024,cci_h1_chop_m30,public,cost2,BTCUSDT,16,0,-79.5182530869966,-79.5182530869966,0.0625,0.006651251520575468,11.739396852,-0.8423862349966,4924.88359,9,False,,,True,2023-08-01T19:01:00+00:00,False
train_2023_2024,cci_h1_chop_m30,public,cost2,ETHUSDT,10,0,-30.743477244807924,-30.743477244807924,0.3,0.2909674937078686,7.1327858399999995,-0.6812914048080001,2983.4588,10,False,,,True,2023-08-01T19:01:00+00:00,False
train_2023_2024,cci_h1_chop_m15,public,cost1,PORTFOLIO,27,0,-29.367720992118326,-29.367720992118326,0.18518518518518517,0.7715143027388841,15.176055354,-2.1548356381184,12652.731210000002,14,False,0.10239779995348586,1012.8222790078818,True,2023-05-10T13:06:00+00:00,False
train_2023_2024,cci_h1_chop_m15,public,cost1,BTCUSDT,18,0,-80.19991722684541,-80.19991722684541,0.1111111111111111,0.1155859649178963,9.986613354000001,-0.8094738728454001,8356.879710000001,12,False,,,True,2023-05-10T13:06:00+00:00,False
train_2023_2024,cci_h1_chop_m15,public,cost1,ETHUSDT,9,0,50.832196234727085,50.832196234727085,0.3333333333333333,2.3429703514463935,5.189442,-1.3453617652730003,4295.851500000001,7,False,,,True,2023-05-10T13:06:00+00:00,False
train_2023_2024,cci_h1_chop_m15,public,cost2,PORTFOLIO,26,0,-58.847174950345114,-58.847174950345114,0.11538461538461539,0.5436860157630795,24.460070676,-3.3875142743450004,10207.19591,13,False,0.10779248627716996,983.342825049655,True,2023-05-05T02:06:00+00:00,False
train_2023_2024,cci_h1_chop_m15,public,cost2,BTCUSDT,17,0,-81.22464095846306,-81.22464095846306,0.058823529411764705,0.09668024361815526,16.000753116,-1.3349978424630002,6698.924910000001,11,False,,,True,2023-05-05T02:06:00+00:00,False
train_2023_2024,cci_h1_chop_m15,public,cost2,ETHUSDT,9,0,22.37746600811794,22.37746600811794,0.2222222222222222,1.5731331606345047,8.459317559999999,-2.052516431882,3508.271,7,False,,,True,2023-05-05T02:06:00+00:00,False
train_2023_2024,cci_h1_chop_m5,public,cost1,PORTFOLIO,42,0,-29.40955352986736,-29.40955352986736,0.2619047619047619,0.850456024363149,26.446147458,-3.3167160718674005,22038.279560000003,15,False,0.10243487356323494,1012.7804464701327,True,2023-05-05T14:06:00+00:00,False
train_2023_2024,cci_h1_chop_m5,public,cost1,BTCUSDT,26,0,-86.73028156450346,-86.73028156450346,0.2692307692307692,0.30898587598325167,16.751380998000002,-1.5933105665034002,13993.67696,12,False,,,True,2023-05-05T14:06:00+00:00,False
train_2023_2024,cci_h1_chop_m5,public,cost1,ETHUSDT,16,0,57.32072803463609,57.32072803463609,0.25,1.8056323491273103,9.694766459999999,-1.7234055053640003,8044.6026,11,False,,,True,2023-05-05T14:06:00+00:00,False
train_2023_2024,cci_h1_chop_m5,public,cost2,PORTFOLIO,23,0,-58.17238875622136,-58.17238875622136,0.13043478260869565,0.5162091548027662,22.294949232,-3.3606995242214004,9305.82055,10,False,0.10718023864875693,984.0176112437787,True,2023-03-28T19:56:00+00:00,False
train_2023_2024,cci_h1_chop_m5,public,cost2,BTCUSDT,14,0,-57.49346499432932,-57.49346499432932,0.14285714285714285,0.21098391957469625,12.797985792,-1.4851392023294,5354.09925,7,False,,,True,2023-03-28T19:56:00+00:00,False
train_2023_2024,cci_h1_chop_m5,public,cost2,ETHUSDT,9,0,-0.6789237618920354,-0.6789237618920354,0.1111111111111111,0.9856693234671381,9.49696344,-1.875560321892,3951.7213,7,False,,,True,2023-03-28T19:56:00+00:00,False
train_2023_2024,cci_h1_chop_m3,public,cost1,PORTFOLIO,20,0,-44.511800343885504,-44.511800343885504,0.15,0.6467109966781048,12.922999632,-2.1073607118856,10783.90708,9,False,0.10699639403195328,997.6781996561145,True,2023-03-17T02:11:00+00:00,False
train_2023_2024,cci_h1_chop_m3,public,cost1,BTCUSDT,12,0,-65.18999438412558,-65.18999438412558,0.16666666666666666,0.15159987415555548,6.963166032,-0.7717883521256,5831.36588,7,False,,,True,2023-03-17T02:11:00+00:00,False
train_2023_2024,cci_h1_chop_m3,public,cost1,ETHUSDT,8,0,20.678194040240072,20.678194040240072,0.125,1.4206829857243541,5.9598336,-1.3355723597600002,4952.541200000001,6,False,,,True,2023-03-17T02:11:00+00:00,False
train_2023_2024,cci_h1_chop_m3,public,cost2,PORTFOLIO,19,0,-65.57918137679992,-65.57918137679992,0.10526315789473684,0.4466560313922101,19.469990184,-3.1878911928,8133.9565600000005,8,False,0.10483973174401572,976.6108186232001,True,2023-03-06T15:51:00+00:00,False
train_2023_2024,cci_h1_chop_m3,public,cost2,BTCUSDT,11,0,-61.407787779999886,-61.407787779999886,0.09090909090909091,0.09989335408490611,9.903525864,-1.2059619160000001,4151.61826,6,False,,,True,2023-03-06T15:51:00+00:00,False
train_2023_2024,cci_h1_chop_m3,public,cost2,ETHUSDT,8,0,-4.171393596800036,-4.171393596800036,0.125,0.9170557325253148,9.56646432,-1.9819292768,3982.3383000000003,6,False,,,True,2023-03-06T15:51:00+00:00,False
train_2023_2024,cci_h1_chop_m1,public,cost1,PORTFOLIO,20,0,-75.81507058453504,-75.81507058453504,0.2,0.40738110521604376,12.04009581,-1.796784774535,10064.40227,8,False,0.10418213736829272,966.374929415465,True,2023-02-26T20:31:00+00:00,False
train_2023_2024,cci_h1_chop_m1,public,cost1,BTCUSDT,13,0,-75.67880496200003,-75.67880496200003,0.15384615384615385,0.10837186067610156,6.91298103,-0.832533932,5794.784170000001,6,False,,,True,2023-02-26T20:31:00+00:00,False
train_2023_2024,cci_h1_chop_m1,public,cost1,ETHUSDT,7,0,-0.13626562253502028,-0.13626562253502028,0.2857142857142857,0.9968350919361801,5.12711478,-0.964250842535,4269.618100000001,5,False,,,True,2023-02-26T20:31:00+00:00,False
train_2023_2024,cci_h1_chop_m1,public,cost2,PORTFOLIO,19,0,-88.9519250213398,-88.9519250213398,0.15789473684210525,0.28870527542476465,19.721508972,-2.80486604934,8250.50818,7,False,0.10779667659602987,953.2380749786603,True,2023-02-20T14:26:00+00:00,False
train_2023_2024,cci_h1_chop_m1,public,cost2,BTCUSDT,12,0,-75.8476634879999,-75.8476634879999,0.08333333333333333,0.06522588711715485,11.153776332,-1.221937156,4679.14278,5,False,,,True,2023-02-20T14:26:00+00:00,False
train_2023_2024,cci_h1_chop_m1,public,cost2,ETHUSDT,7,0,-13.10426153333991,-13.10426153333991,0.2857142857142857,0.7016079515737752,8.56773264,-1.58292889334,3571.3654,5,False,,,True,2023-02-20T14:26:00+00:00,False
train_2023_2024,cci_m30_chop_w,public,cost1,PORTFOLIO,82,1,19.40497608808143,16.66448211408138,0.34146341463414637,1.0429184259854005,68.445299988,-20.5852239239182,56983.53224000001,26,False,0.08692859803029412,1008.9024385691487,False,,False
train_2023_2024,cci_m30_chop_w,public,cost1,BTCUSDT,74,1,48.56636733628343,45.825873362283374,0.35135135135135137,1.131366181631234,65.045527908,-18.7636047557162,54138.418840000006,26,False,,,False,,False
train_2023_2024,cci_m30_chop_w,public,cost1,ETHUSDT,8,0,-29.161391248201998,-29.161391248201998,0.25,0.26065084213883977,3.39977208,-1.821619168202,2845.1134,3,False,,,False,,False
train_2023_2024,cci_m30_chop_w,public,cost2,PORTFOLIO,48,0,-62.662730601075026,-62.662730601075026,0.3125,0.7379795780675655,62.766379932,-19.965580669075003,26142.623690000004,16,False,0.10182064253104557,979.527269398925,True,2024-03-24T10:51:00+00:00,False
train_2023_2024,cci_m30_chop_w,public,cost2,BTCUSDT,41,0,-24.831367350083056,-24.831367350083056,0.34146341463414637,0.8761006295073632,57.815546892,-17.562650458083002,24064.537790000002,16,False,,,True,2024-03-24T10:51:00+00:00,False
train_2023_2024,cci_m30_chop_w,public,cost2,ETHUSDT,7,0,-37.83136325099197,-37.83136325099197,0.14285714285714285,0.0233660300249726,4.95083304,-2.4029302109920003,2078.0859,2,False,,,True,2024-03-24T10:51:00+00:00,False
train_2023_2024,cci_m30_chop_d,public,cost1,PORTFOLIO,11,0,-60.980347562727914,-60.980347562727914,0.09090909090909091,0.0023333839610055504,7.896903282,-0.9677742807280001,6606.810570000001,2,False,0.06635113859470697,981.2096524372721,True,2023-01-22T14:56:00+00:00,False
train_2023_2024,cci_m30_chop_d,public,cost1,BTCUSDT,5,0,-35.6676704570001,-35.6676704570001,0.0,0.0,3.7726678620000005,-0.25803259500000003,3159.7083700000003,1,False,,,True,2023-01-22T14:56:00+00:00,False
train_2023_2024,cci_m30_chop_d,public,cost1,ETHUSDT,6,0,-25.312677105727815,-25.312677105727815,0.16666666666666666,0.005602894383121702,4.12423542,-0.709741685728,3447.1022000000003,2,False,,,True,2023-01-22T14:56:00+00:00,False
train_2023_2024,cci_m30_chop_d,public,cost2,PORTFOLIO,11,0,-68.25297285211207,-68.25297285211207,0.0,0.0,13.150443984,-1.6725688681120001,5506.066640000001,2,False,0.07078067423230418,973.937027147888,True,2023-01-22T14:56:00+00:00,False
train_2023_2024,cci_m30_chop_d,public,cost2,BTCUSDT,5,0,-38.18599384600007,-38.18599384600007,0.0,0.0,6.252430944,-0.42560290200000006,2620.9335400000004,1,False,,,True,2023-01-22T14:56:00+00:00,False
train_2023_2024,cci_m30_chop_d,public,cost2,ETHUSDT,6,0,-30.066979006112,-30.066979006112,0.0,0.0,6.8980130399999995,-1.246965966112,2885.1331,2,False,,,True,2023-01-22T14:56:00+00:00,False
train_2023_2024,cci_m30_chop_h12,public,cost1,PORTFOLIO,32,0,-51.45263734097524,-51.45263734097524,0.21875,0.6764158640666034,22.96926105,-3.0864462909755,19154.863380000003,17,False,0.10402047481657138,984.9450920622721,True,2024-02-09T12:11:00+00:00,False
train_2023_2024,cci_m30_chop_h12,public,cost1,BTCUSDT,19,0,-8.684040639946398,-8.684040639946398,0.2631578947368421,0.9106701784190965,14.90583165,-1.7090789899465002,12397.098580000002,11,False,,,True,2024-02-09T12:11:00+00:00,False
train_2023_2024,cci_m30_chop_h12,public,cost1,ETHUSDT,13,0,-42.768596701028834,-42.768596701028834,0.15384615384615385,0.30789884011431934,8.0634294,-1.377367301029,6757.7648,9,False,,,True,2024-02-09T12:11:00+00:00,False
train_2023_2024,cci_m30_chop_h12,public,cost2,PORTFOLIO,31,0,-84.84511719046301,-84.84511719046301,0.22580645161290322,0.47886544944775145,35.965530792,-5.235346398463101,15001.187280000002,17,False,0.10225262432838847,957.0395000895371,True,2024-01-28T01:31:00+00:00,False
train_2023_2024,cci_m30_chop_h12,public,cost2,BTCUSDT,19,0,-34.56528165050715,-34.56528165050715,0.2631578947368421,0.6631747867946245,23.987993232,-2.8989484185071,9978.786880000001,11,False,,,True,2024-01-28T01:31:00+00:00,False
train_2023_2024,cci_m30_chop_h12,public,cost2,ETHUSDT,12,0,-50.279835539955855,-50.279835539955855,0.16666666666666666,0.16461527690370992,11.97753756,-2.336397979956,5022.4004,9,False,,,True,2024-01-28T01:31:00+00:00,False
train_2023_2024,cci_m30_chop_h6,public,cost1,PORTFOLIO,53,0,178.4801923609471,178.4801923609471,0.2641509433962264,1.6581407690840066,39.409183122,-8.4425345170533,32836.48981000001,29,False,0.1049779790821367,989.3418543775095,True,2024-05-21T00:21:00+00:00,False
train_2023_2024,cci_m30_chop_h6,public,cost1,BTCUSDT,30,0,286.8902785262805,286.8902785262805,0.4,3.1818593106373676,24.203168622,-5.9497628517193,20114.973510000003,22,False,,,True,2024-05-21T00:21:00+00:00,False
train_2023_2024,cci_m30_chop_h6,public,cost1,ETHUSDT,23,0,-108.41008616533338,-108.41008616533338,0.08695652173913043,0.22397699221974157,15.2060145,-2.492771665334,12721.516300000001,19,False,,,True,2024-05-21T00:21:00+00:00,False
train_2023_2024,cci_m30_chop_h6,public,cost2,PORTFOLIO,53,0,28.443280547293128,28.443280547293128,0.20754716981132076,1.1022137203779805,62.541058908,-13.9494505447073,26076.730290000003,29,False,0.10793931810198701,984.1136561831792,True,2024-05-21T00:21:00+00:00,False
train_2023_2024,cci_m30_chop_h6,public,cost2,BTCUSDT,30,0,152.56078670334693,152.56078670334693,0.3,2.1271715640683264,37.983978108,-9.5174251886533,15797.57399,22,False,,,True,2024-05-21T00:21:00+00:00,False
train_2023_2024,cci_m30_chop_h6,public,cost2,ETHUSDT,23,0,-124.11750615605379,-124.11750615605379,0.08695652173913043,0.13158569535479453,24.557080799999998,-4.432025356054,10279.1563,19,False,,,True,2024-05-21T00:21:00+00:00,False
train_2023_2024,cci_m30_chop_h4,public,cost1,PORTFOLIO,18,0,-95.69464550298969,-95.69464550298969,0.1111111111111111,0.03862202874318846,11.027536176,-0.9551293269898,9218.36691,9,False,0.10433208828375798,946.4953544970103,True,2023-08-02T15:21:00+00:00,False
train_2023_2024,cci_m30_chop_h4,public,cost1,BTCUSDT,9,0,-45.305357324767854,-45.305357324767854,0.2222222222222222,0.0782180847032557,4.925179716000001,-0.31649760876780003,4111.24571,6,False,,,True,2023-08-02T15:21:00+00:00,False
train_2023_2024,cci_m30_chop_h4,public,cost1,ETHUSDT,9,0,-50.38928817822183,-50.38928817822183,0.0,0.0,6.10235646,-0.638631718222,5107.1212000000005,5,False,,,True,2023-08-02T15:21:00+00:00,False
train_2023_2024,cci_m30_chop_h4,public,cost2,PORTFOLIO,18,0,-104.5030015598586,-104.5030015598586,0.05555555555555555,0.01774462380765343,18.540395796,-1.7201957638586,7754.65753,9,False,0.10370198233128096,937.6869984401415,True,2023-08-02T15:21:00+00:00,False
train_2023_2024,cci_m30_chop_h4,public,cost2,BTCUSDT,9,0,-50.1203535336086,-50.1203535336086,0.1111111111111111,0.036299376133881664,8.397177156,-0.5777663776086001,3506.7679300000004,6,False,,,True,2023-08-02T15:21:00+00:00,False
train_2023_2024,cci_m30_chop_h4,public,cost2,ETHUSDT,9,0,-54.382648026249996,-54.382648026249996,0.0,0.0,10.143218639999999,-1.1424293862500001,4247.8896,5,False,,,True,2023-08-02T15:21:00+00:00,False
train_2023_2024,cci_m30_chop_h1,public,cost1,PORTFOLIO,22,0,-87.33199795338409,-87.33199795338409,0.13636363636363635,0.12354508454818368,12.185110998,-0.8676369553841,10175.98825,16,False,0.10733502838005202,954.858002046616,True,2023-08-01T12:26:00+00:00,False
train_2023_2024,cci_m30_chop_h1,public,cost1,BTCUSDT,13,0,-45.138922844952084,-45.138922844952084,0.07692307692307693,0.08563887327122433,6.126606198,-0.3684666469521,5109.416550000001,11,False,,,True,2023-08-01T12:26:00+00:00,False
train_2023_2024,cci_m30_chop_h1,public,cost1,ETHUSDT,9,0,-42.193075108432005,-42.193075108432005,0.2222222222222222,0.16076588979056983,6.0585048,-0.499170308432,5066.5717,9,False,,,True,2023-08-01T12:26:00+00:00,False
train_2023_2024,cci_m30_chop_h1,public,cost2,PORTFOLIO,20,0,-87.35220657878452,-87.35220657878452,0.15,0.09714081965688645,17.514997224000002,-1.1163893547844002,7317.098320000001,16,False,0.10220046090281612,954.0279337455676,True,2023-07-13T17:41:00+00:00,False
train_2023_2024,cci_m30_chop_h1,public,cost2,BTCUSDT,12,0,-49.5326789081864,-49.5326789081864,0.08333333333333333,0.06789574803434503,9.618082704,-0.5708762041864002,4012.0287200000007,11,False,,,True,2023-07-13T17:41:00+00:00,False
train_2023_2024,cci_m30_chop_h1,public,cost2,ETHUSDT,8,0,-37.81952767059812,-37.81952767059812,0.25,0.13277728025775148,7.896914519999999,-0.545513150598,3305.0696000000003,8,False,,,True,2023-07-13T17:41:00+00:00,False
train_2023_2024,cci_m30_chop_m30,public,cost1,PORTFOLIO,30,0,-112.6705850349832,-112.6705850349832,0.13333333333333333,0.19617078898078405,13.09994079,-1.4011342449833,10965.702080000001,17,False,0.1086518741637313,929.519414965017,True,2023-08-17T16:01:00+00:00,False
train_2023_2024,cci_m30_chop_m30,public,cost1,BTCUSDT,16,0,-72.02956614688122,-72.02956614688122,0.125,0.017422801813850128,6.70464315,-0.6130129968813001,5619.558580000001,11,False,,,True,2023-08-17T16:01:00+00:00,False
train_2023_2024,cci_m30_chop_m30,public,cost1,ETHUSDT,14,0,-40.64101888810199,-40.64101888810199,0.14285714285714285,0.3921524248706035,6.39529764,-0.788121248102,5346.1435,12,False,,,True,2023-08-17T16:01:00+00:00,False
train_2023_2024,cci_m30_chop_m30,public,cost2,PORTFOLIO,27,0,-108.36025676775576,-108.36025676775576,0.1111111111111111,0.17683943257711116,19.937901516,-2.2751452517558004,8350.532570000001,15,False,0.10419833300426344,933.8297432322443,True,2023-07-20T10:11:00+00:00,False
train_2023_2024,cci_m30_chop_m30,public,cost2,BTCUSDT,16,0,-78.98241404936385,-78.98241404936385,0.0625,0.006537685326476858,11.899875516,-1.0959285333638,4991.274770000001,11,False,,,True,2023-07-20T10:11:00+00:00,False
train_2023_2024,cci_m30_chop_m30,public,cost2,ETHUSDT,11,0,-29.377842718391904,-29.377842718391904,0.18181818181818182,0.4365270658506297,8.038025999999999,-1.1792167183920002,3359.2578,10,False,,,True,2023-07-20T10:11:00+00:00,False
train_2023_2024,cci_m30_chop_m15,public,cost1,PORTFOLIO,30,0,-30.809785322008956,-30.809785322008956,0.2,0.7996981150574629,17.629992048000002,-2.5719332740090004,14696.963970000003,13,False,0.10367581302838225,1011.3802146779911,True,2023-05-02T14:31:00+00:00,False
train_2023_2024,cci_m30_chop_m15,public,cost1,BTCUSDT,19,0,-67.71437081936804,-67.71437081936804,0.15789473684210525,0.3363845498399832,11.640907308000001,-1.126303511368,9728.22967,11,False,,,True,2023-05-02T14:31:00+00:00,False
train_2023_2024,cci_m30_chop_m15,public,cost1,ETHUSDT,11,0,36.90458549735909,36.90458549735909,0.2727272727272727,1.712743928268828,5.98908474,-1.4456297626410002,4968.7343,8,False,,,True,2023-05-02T14:31:00+00:00,False
train_2023_2024,cci_m30_chop_m15,public,cost2,PORTFOLIO,27,0,-51.53550307779193,-51.53550307779193,0.14814814814814814,0.6310103041853445,26.71740174,-3.9498313377919003,11142.684860000001,12,False,0.10312339991977033,988.4888392878992,True,2023-04-25T22:06:00+00:00,False
train_2023_2024,cci_m30_chop_m15,public,cost2,BTCUSDT,17,0,-68.85648778327383,-68.85648778327383,0.11764705882352941,0.27948709759650303,17.68752798,-1.7776898032739001,7394.498960000001,10,False,,,True,2023-04-25T22:06:00+00:00,False
train_2023_2024,cci_m30_chop_m15,public,cost2,ETHUSDT,10,0,17.320984705481905,17.320984705481905,0.2,1.3927609536751795,9.02987376,-2.172141534518,3748.1859000000004,7,False,,,True,2023-04-25T22:06:00+00:00,False
train_2023_2024,cci_m30_chop_m5,public,cost1,PORTFOLIO,10,0,12.528150591235198,12.528150591235198,0.1,1.2162732832125795,8.193549018,-1.7680703907650002,6816.712630000001,2,False,0.0652680613157048,1035.4094315583593,True,2023-01-22T15:11:00+00:00,False
train_2023_2024,cci_m30_chop_m5,public,cost1,BTCUSDT,4,0,-28.022597704000034,-28.022597704000034,0.0,0.0,3.2216882580000004,-0.22127944600000005,2697.0300300000004,1,False,,,True,2023-01-22T15:11:00+00:00,False
train_2023_2024,cci_m30_chop_m5,public,cost1,ETHUSDT,6,0,40.55074829523523,40.55074829523523,0.16666666666666666,2.3559941921411065,4.97186076,-1.5467909447650001,4119.6826,2,False,,,True,2023-01-22T15:11:00+00:00,False
train_2023_2024,cci_m30_chop_m5,public,cost2,PORTFOLIO,10,0,-14.373932776794094,-14.373932776794094,0.1,0.7646340281367019,13.11755904,-2.7487537367940003,5464.903410000001,2,False,0.06744098340750337,1027.816067223206,True,2023-01-22T15:11:00+00:00,False
train_2023_2024,cci_m30_chop_m5,public,cost2,BTCUSDT,4,0,-29.799566528000067,-29.799566528000067,0.0,0.0,5.30249664,-0.3586498880000001,2221.4428100000005,1,False,,,True,2023-01-22T15:11:00+00:00,False
train_2023_2024,cci_m30_chop_m5,public,cost2,ETHUSDT,6,0,15.425633751205975,15.425633751205975,0.16666666666666666,1.4932888212247037,7.8150623999999995,-2.3901038487940003,3243.4606000000003,2,False,,,True,2023-01-22T15:11:00+00:00,False
train_2023_2024,cci_m30_chop_m3,public,cost1,PORTFOLIO,10,0,-2.4754909881597333,-2.4754909881597333,0.1,0.965764418239724,8.64654648,-1.8224645081600002,7201.458640000001,3,False,0.06937045828514582,1025.084056968816,True,2023-01-22T17:31:00+00:00,False
train_2023_2024,cci_m30_chop_m3,public,cost1,BTCUSDT,3,0,-25.492509799999933,-25.492509799999933,0.0,0.0,2.3823093600000003,-0.20612044000000002,1996.7098400000002,1,False,,,True,2023-01-22T17:31:00+00:00,False
train_2023_2024,cci_m30_chop_m3,public,cost1,ETHUSDT,7,0,23.0170188118402,23.0170188118402,0.14285714285714285,1.4916586519353547,6.26423712,-1.6163440681600003,5204.7488,3,False,,,True,2023-01-22T17:31:00+00:00,False
train_2023_2024,cci_m30_chop_m3,public,cost2,PORTFOLIO,10,0,-27.88886375158407,-27.88886375158407,0.1,0.6231692624921682,13.799505996,-2.823047755584,5755.427320000001,3,False,0.07029283323268681,1014.301136248416,True,2023-01-22T17:31:00+00:00,False
train_2023_2024,cci_m30_chop_m3,public,cost2,BTCUSDT,3,0,-26.373201316000024,-26.373201316000024,0.0,0.0,3.9043415160000006,-0.33554980000000006,1637.8756200000003,1,False,,,True,2023-01-22T17:31:00+00:00,False
train_2023_2024,cci_m30_chop_m3,public,cost2,ETHUSDT,7,0,-1.5156624355840433,-1.5156624355840433,0.14285714285714285,0.9681822773689067,9.89516448,-2.487497955584,4117.5517,3,False,,,True,2023-01-22T17:31:00+00:00,False
train_2023_2024,cci_m30_chop_m1,public,cost1,PORTFOLIO,10,0,-26.03991004759903,-26.03991004759903,0.1,0.591069382941116,7.7840835,-1.4096865475990001,6495.159320000001,3,False,0.05804116602571128,1016.150089952401,True,2023-01-22T14:56:00+00:00,False
train_2023_2024,cci_m30_chop_m1,public,cost1,BTCUSDT,5,0,-36.559148613000104,-36.559148613000104,0.0,0.0,3.8683894800000007,-0.26471913300000005,3239.8709200000008,1,False,,,True,2023-01-22T14:56:00+00:00,False
train_2023_2024,cci_m30_chop_m1,public,cost1,ETHUSDT,5,0,10.519238565401073,10.519238565401073,0.2,1.3878930397669997,3.91569402,-1.144967414599,3255.2884000000004,3,False,,,True,2023-01-22T14:56:00+00:00,False
train_2023_2024,cci_m30_chop_m1,public,cost2,PORTFOLIO,10,0,-39.578093298124045,-39.578093298124045,0.1,0.4125559450226426,12.7827786,-2.374734698124,5338.36804,3,False,0.061584195255911744,1002.611906701876,True,2023-01-22T14:56:00+00:00,False
train_2023_2024,cci_m30_chop_m1,public,cost2,BTCUSDT,5,0,-38.865858006000074,-38.865858006000074,0.0,0.0,6.36622932,-0.4340486860000001,2668.62834,1,False,,,True,2023-01-22T14:56:00+00:00,False
train_2023_2024,cci_m30_chop_m1,public,cost2,ETHUSDT,5,0,-0.7122352921239692,-0.7122352921239692,0.2,0.9750158846601368,6.41654928,-1.940686012124,2669.7397,3,False,,,True,2023-01-22T14:56:00+00:00,False
train_2023_2024,cci_m15_chop_w,public,cost1,PORTFOLIO,56,0,9.057171241428797,9.057171241428797,0.3392857142857143,1.02884747270338,56.159884422,-15.0179143365713,46759.7862,16,False,0.11076953590398726,1008.5578304686142,True,2024-03-23T12:51:00+00:00,False
train_2023_2024,cci_m15_chop_w,public,cost1,BTCUSDT,52,0,37.412291453750775,37.412291453750775,0.34615384615384615,1.1317627190051776,54.137863062,-13.766015484249301,45062.22780000001,16,False,,,True,2024-03-23T12:51:00+00:00,False
train_2023_2024,cci_m15_chop_w,public,cost1,ETHUSDT,4,0,-28.355120212321978,-28.355120212321978,0.25,0.05579654010704189,2.02202136,-1.251898852322,1697.5584000000001,2,False,,,True,2024-03-23T12:51:00+00:00,False
train_2023_2024,cci_m15_chop_w,public,cost2,PORTFOLIO,41,0,-41.19671993601163,-41.19671993601163,0.3170731707317073,0.8285285441091051,69.247432488,-12.4888874480118,28832.827070000003,13,False,0.10310838510641084,1000.9932800639884,True,2024-01-18T06:06:00+00:00,False
train_2023_2024,cci_m15_chop_w,public,cost2,BTCUSDT,41,0,-41.19671993601163,-41.19671993601163,0.3170731707317073,0.8285285441091051,69.247432488,-12.4888874480118,28832.827070000003,13,False,,,True,2024-01-18T06:06:00+00:00,False
train_2023_2024,cci_m15_chop_w,public,cost2,ETHUSDT,0,0,0,0,,,0,0,0,0,False,,,True,2024-01-18T06:06:00+00:00,False
train_2023_2024,cci_m15_chop_d,public,cost1,PORTFOLIO,11,0,-51.39303943908795,-51.39303943908795,0.18181818181818182,0.08742954534323376,9.009136686,-1.341692753088,7528.135010000001,2,False,0.07484837157797015,990.7969605609121,True,2023-01-22T14:56:00+00:00,False
train_2023_2024,cci_m15_chop_d,public,cost1,BTCUSDT,5,0,-28.813986770000163,-28.813986770000163,0.2,0.14231616960363666,4.701941766000001,-0.499035004,3930.0913100000007,1,False,,,True,2023-01-22T14:56:00+00:00,False
train_2023_2024,cci_m15_chop_d,public,cost1,ETHUSDT,6,0,-22.57905266908779,-22.57905266908779,0.16666666666666666,0.0062769735743753345,4.30719492,-0.8426577490880001,3598.0437,2,False,,,True,2023-01-22T14:56:00+00:00,False
train_2023_2024,cci_m15_chop_d,public,cost2,PORTFOLIO,11,0,-61.428325069488054,-61.428325069488054,0.09090909090909091,0.027862929483216652,14.800552824,-2.261532245488,6189.08013,2,False,0.07696357798176587,980.761674930512,True,2023-01-22T14:56:00+00:00,False
train_2023_2024,cci_m15_chop_d,public,cost2,BTCUSDT,5,0,-33.412136122000014,-33.412136122000014,0.2,0.05005660933314367,7.610195544,-0.8019005780000001,3183.4148300000006,1,False,,,True,2023-01-22T14:56:00+00:00,False
train_2023_2024,cci_m15_chop_d,public,cost2,ETHUSDT,6,0,-28.016188947488036,-28.016188947488036,0.0,0.0,7.19035728,-1.459631667488,3005.6653,2,False,,,True,2023-01-22T14:56:00+00:00,False
train_2023_2024,cci_m15_chop_h12,public,cost1,PORTFOLIO,30,0,-50.01276336816526,-50.01276336816526,0.23333333333333334,0.6873017845385557,25.598550713999998,-2.6837826541657,21322.76943,14,False,0.10337340901528115,991.4324445590962,True,2023-10-29T06:16:00+00:00,False
train_2023_2024,cci_m15_chop_h12,public,cost1,BTCUSDT,22,0,-54.6471772373735,-54.6471772373735,0.22727272727272727,0.6152859191625742,19.750141194,-1.5200060433737002,16429.838730000003,10,False,,,True,2023-10-29T06:16:00+00:00,False
train_2023_2024,cci_m15_chop_h12,public,cost1,ETHUSDT,8,0,4.634413869208239,4.634413869208239,0.25,1.259004418477554,5.84840952,-1.163776610792,4892.930700000001,6,False,,,True,2023-10-29T06:16:00+00:00,False
train_2023_2024,cci_m15_chop_h12,public,cost2,PORTFOLIO,30,0,-87.91431172478933,-87.91431172478933,0.2,0.4757265929965358,40.464674964000004,-4.6273067607893,16856.322620000003,14,False,0.10052013317689529,954.2756882752108,True,2023-10-29T06:16:00+00:00,False
train_2023_2024,cci_m15_chop_h12,public,cost2,BTCUSDT,22,0,-76.78541335336539,-76.78541335336539,0.18181818181818182,0.4669727525560673,30.893939244000002,-2.5990441093653,12852.375320000001,10,False,,,True,2023-10-29T06:16:00+00:00,False
train_2023_2024,cci_m15_chop_h12,public,cost2,ETHUSDT,8,0,-11.128898371423938,-11.128898371423938,0.25,0.5290867034151475,9.57073572,-2.028262651424,4003.9473000000003,6,False,,,True,2023-10-29T06:16:00+00:00,False
train_2023_2024,cci_m15_chop_h6,public,cost1,PORTFOLIO,67,0,54.1855708087976,54.1855708087976,0.2537313432835821,1.1429843209427126,63.66513198,-7.521837211203501,53090.14688000001,31,False,0.10375762389625778,976.1434460904421,True,2024-03-26T04:06:00+00:00,False
train_2023_2024,cci_m15_chop_h6,public,cost1,BTCUSDT,40,0,169.10459427536475,169.10459427536475,0.325,1.7318428585816352,41.75256084,-4.6532848846355,34787.19698,23,False,,,True,2024-03-26T04:06:00+00:00,False
train_2023_2024,cci_m15_chop_h6,public,cost1,ETHUSDT,27,0,-114.91902346656715,-114.91902346656715,0.14814814814814814,0.22296787821875066,21.91257114,-2.8685523265680004,18302.9499,21,False,,,True,2024-03-26T04:06:00+00:00,False
train_2023_2024,cci_m15_chop_h6,public,cost2,PORTFOLIO,60,0,-63.147206658444944,-63.147206658444944,0.18333333333333332,0.809508224008558,90.033717024,-8.450189634444701,37551.02829,29,False,0.10221964780681264,958.7173646783652,True,2024-02-27T09:56:00+00:00,False
train_2023_2024,cci_m15_chop_h6,public,cost2,BTCUSDT,36,0,39.07938364770116,39.07938364770116,0.2222222222222222,1.1864533550333614,59.075539464,-4.687076888298701,24625.206690000003,21,False,,,True,2024-02-27T09:56:00+00:00,False
train_2023_2024,cci_m15_chop_h6,public,cost2,ETHUSDT,24,0,-102.22659030614611,-102.22659030614611,0.125,0.16140597023665473,30.95817756,-3.763112746146,12925.821600000001,19,False,,,True,2024-02-27T09:56:00+00:00,False
train_2023_2024,cci_m15_chop_h4,public,cost1,PORTFOLIO,20,0,-95.27329935483856,-95.27329935483856,0.1,0.15726341977876312,14.906262372,-1.4501369828386002,12454.276820000001,11,False,0.10801245130598262,946.9167006451615,True,2023-06-15T07:06:00+00:00,False
train_2023_2024,cci_m15_chop_h4,public,cost1,BTCUSDT,10,0,-38.31804848255659,-38.31804848255659,0.2,0.3169327684191464,6.975089892000001,-0.6024585905566,5820.8782200000005,6,False,,,True,2023-06-15T07:06:00+00:00,False
train_2023_2024,cci_m15_chop_h4,public,cost1,ETHUSDT,10,0,-56.955250872281965,-56.955250872281965,0.0,0.0,7.93117248,-0.847678392282,6633.3986,7,False,,,True,2023-06-15T07:06:00+00:00,False
train_2023_2024,cci_m15_chop_h4,public,cost2,PORTFOLIO,17,0,-95.30185844304381,-95.30185844304381,0.058823529411764705,0.11586628190099083,20.19921834,-2.380630103044,8452.70198,10,False,0.10094023685531885,946.8881415569563,True,2023-05-02T14:31:00+00:00,False
train_2023_2024,cci_m15_chop_h4,public,cost2,BTCUSDT,8,0,-37.02425954822792,-37.02425954822792,0.125,0.25224103243575446,8.37489558,-0.9372539682280001,3503.3958800000005,5,False,,,True,2023-05-02T14:31:00+00:00,False
train_2023_2024,cci_m15_chop_h4,public,cost2,ETHUSDT,9,0,-58.277598894815895,-58.277598894815895,0.0,0.0,11.82432276,-1.4433761348160001,4949.3061,6,False,,,True,2023-05-02T14:31:00+00:00,False
train_2023_2024,cci_m15_chop_h1,public,cost1,PORTFOLIO,23,0,-83.07190583545837,-83.07190583545837,0.17391304347826086,0.18870455918065535,12.755843334,-0.8008925014583,10649.174340000001,16,False,0.10335241002067747,959.1180941645417,True,2023-07-15T07:01:00+00:00,False
train_2023_2024,cci_m15_chop_h1,public,cost1,BTCUSDT,14,0,-48.31829600989235,-48.31829600989235,0.14285714285714285,0.18871757008918125,7.350063114,-0.5203628958923,6129.823840000001,11,False,,,True,2023-07-15T07:01:00+00:00,False
train_2023_2024,cci_m15_chop_h1,public,cost1,ETHUSDT,9,0,-34.753609825566016,-34.753609825566016,0.2222222222222222,0.18868646928919483,5.4057802200000005,-0.28052960556600004,4519.3505000000005,9,False,,,True,2023-07-15T07:01:00+00:00,False
train_2023_2024,cci_m15_chop_h1,public,cost2,PORTFOLIO,21,0,-87.26999408066227,-87.26999408066227,0.19047619047619047,0.1339222874969305,19.949183016,-1.4083110646622001,8329.938240000001,16,False,0.10212309383597105,954.1101462436898,True,2023-07-13T19:31:00+00:00,False
train_2023_2024,cci_m15_chop_h1,public,cost2,BTCUSDT,13,0,-51.30030428603617,-51.30030428603617,0.15384615384615385,0.13056998817424892,11.911930536,-0.8948737500362001,4967.3735400000005,11,False,,,True,2023-07-13T19:31:00+00:00,False
train_2023_2024,cci_m15_chop_h1,public,cost2,ETHUSDT,8,0,-35.9696897946261,-35.9696897946261,0.25,0.13865888616023553,8.03725248,-0.513437314626,3362.5647,8,False,,,True,2023-07-13T19:31:00+00:00,False
train_2023_2024,cci_m15_chop_m30,public,cost1,PORTFOLIO,28,0,-109.37322898607506,-109.37322898607506,0.10714285714285714,0.18599094181618417,12.053722188,-1.2479867980752,10092.804250000001,15,False,0.10548992607841913,932.8167710139251,True,2023-08-13T11:41:00+00:00,False
train_2023_2024,cci_m15_chop_m30,public,cost1,BTCUSDT,16,0,-72.00251745024111,-72.00251745024111,0.125,0.017429232843290274,6.704850228,-0.6133472222412001,5619.717350000001,11,False,,,True,2023-08-13T11:41:00+00:00,False
train_2023_2024,cci_m15_chop_m30,public,cost1,ETHUSDT,12,0,-37.37071153583395,-37.37071153583395,0.08333333333333333,0.3882070923955538,5.348871959999999,-0.634639575834,4473.0869,10,False,,,True,2023-08-13T11:41:00+00:00,False
train_2023_2024,cci_m15_chop_m30,public,cost2,PORTFOLIO,26,0,-113.07243430757778,-113.07243430757778,0.07692307692307693,0.16064412581231455,19.1926404,-2.0132939075778,8042.86675,14,False,0.10871861791266837,929.1175656924223,True,2023-08-01T19:01:00+00:00,False
train_2023_2024,cci_m15_chop_m30,public,cost2,BTCUSDT,16,0,-79.15107838945984,-79.15107838945984,0.0625,0.006523844950237627,11.92201392,-1.0981644694598,5000.571250000001,11,False,,,True,2023-08-01T19:01:00+00:00,False
train_2023_2024,cci_m15_chop_m30,public,cost2,ETHUSDT,10,0,-33.92135591811793,-33.92135591811793,0.1,0.38372431705006765,7.270626479999999,-0.9151294381180001,3042.2955,9,False,,,True,2023-08-01T19:01:00+00:00,False
train_2023_2024,cci_m15_chop_m15,public,cost1,PORTFOLIO,32,0,-41.15583317819797,-41.15583317819797,0.1875,0.747167873798533,19.278975858,-2.6399073201980006,16075.431690000001,13,False,0.11284488001079367,1001.034166821802,True,2023-05-02T14:31:00+00:00,False
train_2023_2024,cci_m15_chop_m15,public,cost1,BTCUSDT,19,0,-65.90720318178103,-65.90720318178103,0.15789473684210525,0.34184988111178943,11.715378858000001,-1.130274323781,9789.346490000002,11,False,,,True,2023-05-02T14:31:00+00:00,False
train_2023_2024,cci_m15_chop_m15,public,cost1,ETHUSDT,13,0,24.751370003583055,24.751370003583055,0.23076923076923078,1.3951417945649864,7.563597,-1.5096329964170003,6286.0852,9,False,,,True,2023-05-02T14:31:00+00:00,False
train_2023_2024,cci_m15_chop_m15,public,cost2,PORTFOLIO,23,0,-57.67223406777069,-57.67223406777069,0.08695652173913043,0.5384927263628941,23.29360674,-3.4123573277706005,9721.152610000001,10,False,0.1067264378382035,984.5177659322294,True,2023-04-09T21:31:00+00:00,False
train_2023_2024,cci_m15_chop_m15,public,cost2,BTCUSDT,14,0,-61.03053181890655,-61.03053181890655,0.07142857142857142,0.25232070492585373,13.97044698,-1.3094148389066003,5843.894910000001,8,False,,,True,2023-04-09T21:31:00+00:00,False
train_2023_2024,cci_m15_chop_m15,public,cost2,ETHUSDT,9,0,3.358297751135867,3.358297751135867,0.1111111111111111,1.0774902364653625,9.32315976,-2.102942488864,3877.2577000000006,6,False,,,True,2023-04-09T21:31:00+00:00,False
train_2023_2024,cci_m15_chop_m5,public,cost1,PORTFOLIO,14,0,-23.75251234833384,-23.75251234833384,0.07142857142857142,0.7427643736843739,12.47604213,-1.947440218334,10401.36629,3,False,0.07281031902707662,1007.9262702450101,True,2023-01-22T15:11:00+00:00,False
train_2023_2024,cci_m15_chop_m5,public,cost1,BTCUSDT,5,0,-36.09747560500002,-36.09747560500002,0.0,0.0,3.88277865,-0.278866955,3251.61679,1,False,,,True,2023-01-22T15:11:00+00:00,False
train_2023_2024,cci_m15_chop_m5,public,cost1,ETHUSDT,9,0,12.344963256666176,12.344963256666176,0.1111111111111111,1.2195046727444259,8.59326348,-1.668573263334,7149.7495,3,False,,,True,2023-01-22T15:11:00+00:00,False
train_2023_2024,cci_m15_chop_m5,public,cost2,PORTFOLIO,13,0,-41.7012129538521,-41.7012129538521,0.07692307692307693,0.5188414474170513,18.502444212,-3.0296587418520002,7719.43631,3,False,0.06643472615209971,1000.488787046148,True,2023-01-21T19:11:00+00:00,False
train_2023_2024,cci_m15_chop_m5,public,cost2,BTCUSDT,5,0,-38.100656246,-38.100656246,0.0,0.0,6.409972452,-0.45497379400000004,2686.43971,1,False,,,True,2023-01-21T19:11:00+00:00,False
train_2023_2024,cci_m15_chop_m5,public,cost2,ETHUSDT,8,0,-3.600556707852099,-3.600556707852099,0.125,0.9258651753356524,12.092471759999999,-2.5746849478520004,5032.9966,3,False,,,True,2023-01-21T19:11:00+00:00,False
train_2023_2024,cci_m15_chop_m3,public,cost1,PORTFOLIO,14,0,-20.23762747172875,-20.23762747172875,0.14285714285714285,0.7827768462023796,13.940273015999999,-2.134434455729,11618.97564,3,False,0.07021732767205824,1002.4715232954673,True,2023-01-22T14:56:00+00:00,False
train_2023_2024,cci_m15_chop_m3,public,cost1,BTCUSDT,4,0,-19.984059995000035,-19.984059995000035,0.25,0.19903648952104983,3.8582864760000004,-0.49795351900000007,3223.052640000001,1,False,,,True,2023-01-22T14:56:00+00:00,False
train_2023_2024,cci_m15_chop_m3,public,cost1,ETHUSDT,10,0,-0.2535674767287137,-0.2535674767287137,0.1,0.9962828260955402,10.081986539999999,-1.636480936729,8395.923,3,False,,,True,2023-01-22T14:56:00+00:00,False
train_2023_2024,cci_m15_chop_m3,public,cost2,PORTFOLIO,14,0,-49.434700359179985,-49.434700359179985,0.14285714285714285,0.48613556030263466,21.864037824,-3.3168425351800006,9122.142670000001,3,False,0.07160363596973879,992.7552996408201,True,2023-01-22T14:56:00+00:00,False
train_2023_2024,cci_m15_chop_m3,public,cost2,BTCUSDT,4,0,-23.958611223999977,-23.958611223999977,0.25,0.06987970552006345,6.170586744,-0.7923044800000001,2579.57567,1,False,,,True,2023-01-22T14:56:00+00:00,False
train_2023_2024,cci_m15_chop_m3,public,cost2,ETHUSDT,10,0,-25.476089135180004,-25.476089135180004,0.1,0.6383457404015881,15.693451079999999,-2.5245380551800003,6542.567,3,False,,,True,2023-01-22T14:56:00+00:00,False
train_2023_2024,cci_m15_chop_m1,public,cost1,PORTFOLIO,14,0,-48.575140569133005,-48.575140569133005,0.14285714285714285,0.45950087410515505,13.465410402,-1.8238601671330001,11237.818270000002,3,False,0.0749474115933528,993.614859430867,True,2023-01-22T14:56:00+00:00,False
train_2023_2024,cci_m15_chop_m1,public,cost1,BTCUSDT,5,0,-28.83886288600016,-28.83886288600016,0.2,0.14221086697135987,4.698820062,-0.497872824,3927.5044700000008,1,False,,,True,2023-01-22T14:56:00+00:00,False
train_2023_2024,cci_m15_chop_m1,public,cost1,ETHUSDT,9,0,-19.73627768313284,-19.73627768313284,0.1111111111111111,0.6491384846250531,8.766590339999999,-1.3259873431330003,7310.3138,3,False,,,True,2023-01-22T14:56:00+00:00,False
train_2023_2024,cci_m15_chop_m1,public,cost2,PORTFOLIO,14,0,-65.79468823509602,-65.79468823509602,0.14285714285714285,0.3023565206990293,21.369313416,-2.997274819096,8924.594640000001,3,False,0.07605943207383253,976.395311764904,True,2023-01-22T14:56:00+00:00,False
train_2023_2024,cci_m15_chop_m1,public,cost2,BTCUSDT,5,0,-33.11079310200002,-33.11079310200002,0.2,0.05018275099493673,7.542909696,-0.7948834060000001,3155.2655400000003,1,False,,,True,2023-01-22T14:56:00+00:00,False
train_2023_2024,cci_m15_chop_m1,public,cost2,ETHUSDT,9,0,-32.683895133096,-32.683895133096,0.1111111111111111,0.4502263453909865,13.82640372,-2.202391413096,5769.3291,3,False,,,True,2023-01-22T14:56:00+00:00,False
train_2023_2024,cci_m5_chop_w,public,cost1,PORTFOLIO,20,0,71.43598044582677,71.43598044582677,0.35,1.6683302046911148,24.734335806,-2.8003137481726,20562.46119,7,False,0.07055413041495022,971.6261693925393,True,2023-12-06T19:46:00+00:00,False
train_2023_2024,cci_m5_chop_w,public,cost1,BTCUSDT,20,0,71.43598044582677,71.43598044582677,0.35,1.6683302046911148,24.734335806,-2.8003137481726,20562.46119,7,False,,,True,2023-12-06T19:46:00+00:00,False
train_2023_2024,cci_m5_chop_w,public,cost1,ETHUSDT,0,0,0,0,,,0,0,0,0,False,,,True,2023-12-06T19:46:00+00:00,False
train_2023_2024,cci_m5_chop_w,public,cost2,PORTFOLIO,40,0,-76.17432401037289,-76.17432401037289,0.275,0.6762696892057843,72.560024328,-11.813459682373,30229.243890000005,10,False,0.10130876609890373,964.29353587713,True,2024-01-01T01:41:00+00:00,False
train_2023_2024,cci_m5_chop_w,public,cost2,BTCUSDT,40,0,-76.17432401037289,-76.17432401037289,0.275,0.6762696892057843,72.560024328,-11.813459682373,30229.243890000005,10,False,,,True,2024-01-01T01:41:00+00:00,False
train_2023_2024,cci_m5_chop_w,public,cost2,ETHUSDT,0,0,0,0,,,0,0,0,0,False,,,True,2024-01-01T01:41:00+00:00,False
train_2023_2024,cci_m5_chop_d,public,cost1,PORTFOLIO,14,0,-70.73068095575222,-70.73068095575222,0.14285714285714285,0.08041261533869411,14.192911217999999,-1.6494197377520001,11854.870190000001,2,False,0.07683417217275734,971.4593190442479,True,2023-01-21T19:11:00+00:00,False
train_2023_2024,cci_m5_chop_d,public,cost1,BTCUSDT,6,0,-34.03577461300029,-34.03577461300029,0.16666666666666666,0.12065895671720829,6.5963163179999995,-0.6398082950000001,5510.330090000001,1,False,,,True,2023-01-21T19:11:00+00:00,False
train_2023_2024,cci_m5_chop_d,public,cost1,ETHUSDT,8,0,-36.69490634275193,-36.69490634275193,0.125,0.03964348918623652,7.5965948999999995,-1.009611442752,6344.5401,2,False,,,True,2023-01-21T19:11:00+00:00,False
train_2023_2024,cci_m5_chop_d,public,cost2,PORTFOLIO,14,0,-83.14542471881627,-83.14542471881627,0.07142857142857142,0.020281862142182815,22.168027452,-2.7160872668160003,9265.808760000002,2,False,0.08588978208796408,959.0445752811838,True,2023-01-21T19:11:00+00:00,False
train_2023_2024,cci_m5_chop_d,public,cost2,BTCUSDT,6,0,-39.71105254400018,-39.71105254400018,0.16666666666666666,0.04154377141358606,10.227287052,-0.993655492,4275.61466,1,False,,,True,2023-01-21T19:11:00+00:00,False
train_2023_2024,cci_m5_chop_d,public,cost2,ETHUSDT,8,0,-43.43437217481609,-43.43437217481609,0.0,0.0,11.9407404,-1.722431774816,4990.194100000001,2,False,,,True,2023-01-21T19:11:00+00:00,False
train_2023_2024,cci_m5_chop_h12,public,cost1,PORTFOLIO,40,0,-59.51622602932188,-59.51622602932188,0.275,0.7137594898610825,41.394245778,-3.0335702513221,34474.725880000005,14,False,0.10328383730571183,982.6737739706782,True,2023-10-27T04:51:00+00:00,False
train_2023_2024,cci_m5_chop_h12,public,cost1,BTCUSDT,28,0,-49.80655219331399,-49.80655219331399,0.25,0.7011886674361366,29.088329238,-1.6611129553141002,24197.259380000003,11,False,,,True,2023-10-27T04:51:00+00:00,False
train_2023_2024,cci_m5_chop_h12,public,cost1,ETHUSDT,12,0,-9.709673836007884,-9.709673836007884,0.3333333333333333,0.7645658346678261,12.30591654,-1.372457296008,10277.4665,6,False,,,True,2023-10-27T04:51:00+00:00,False
train_2023_2024,cci_m5_chop_h12,public,cost2,PORTFOLIO,35,0,-99.28124092757793,-99.28124092757793,0.22857142857142856,0.49619122301131413,54.958165476,-5.0215654515777,22897.01151,11,False,0.10890103488879024,935.3281305970402,True,2023-08-30T06:26:00+00:00,False
train_2023_2024,cci_m5_chop_h12,public,cost2,BTCUSDT,23,0,-67.4387133455481,-67.4387133455481,0.17391304347826086,0.5535049759836074,36.416876796000004,-2.7270265495477,15150.431010000002,8,False,,,True,2023-08-30T06:26:00+00:00,False
train_2023_2024,cci_m5_chop_h12,public,cost2,ETHUSDT,12,0,-31.842527582029835,-31.842527582029835,0.3333333333333333,0.3080888373725451,18.541288679999997,-2.29453890203,7746.5805,6,False,,,True,2023-08-30T06:26:00+00:00,False
train_2023_2024,cci_m5_chop_h6,public,cost1,PORTFOLIO,68,0,146.83377625071282,146.83377625071282,0.3088235294117647,1.4328998252033778,77.968614768,-4.0488289812877,64995.45322,26,False,0.09641368447525799,958.5302317988613,True,2023-12-06T19:46:00+00:00,False
train_2023_2024,cci_m5_chop_h6,public,cost1,BTCUSDT,43,0,193.9994720182304,193.9994720182304,0.3023255813953488,1.8619727635810612,50.255369868,-2.4294781137697,41866.54432000001,21,False,,,True,2023-12-06T19:46:00+00:00,False
train_2023_2024,cci_m5_chop_h6,public,cost1,ETHUSDT,25,0,-47.16569576751758,-47.16569576751758,0.32,0.5867081063445394,27.7132449,-1.619350867518,23128.908900000002,15,False,,,True,2023-12-06T19:46:00+00:00,False
train_2023_2024,cci_m5_chop_h6,public,cost2,PORTFOLIO,34,0,-113.35749664146657,-113.35749664146657,0.14705882352941177,0.4502366787296206,54.768952524,-4.315974117466601,22847.533170000002,13,False,0.11435568741629447,928.8325033585335,True,2023-05-29T09:26:00+00:00,False
train_2023_2024,cci_m5_chop_h6,public,cost2,BTCUSDT,25,0,-66.41849411520272,-66.41849411520272,0.16,0.5775531451998808,40.650336084,-2.7712880312026003,16949.13847,11,False,,,True,2023-05-29T09:26:00+00:00,False
train_2023_2024,cci_m5_chop_h6,public,cost2,ETHUSDT,9,0,-46.93900252626385,-46.93900252626385,0.1111111111111111,0.041473466500135274,14.118616439999998,-1.5446860862640002,5898.3947,6,False,,,True,2023-05-29T09:26:00+00:00,False
train_2023_2024,cci_m5_chop_h4,public,cost1,PORTFOLIO,20,0,-93.87128550658745,-93.87128550658745,0.1,0.17349346353550213,18.074242614,-1.6062328925876002,15098.96425,9,False,0.10274825806102914,948.3187144934126,True,2023-03-18T09:46:00+00:00,False
train_2023_2024,cci_m5_chop_h4,public,cost1,BTCUSDT,11,0,-35.80873815327951,-35.80873815327951,0.09090909090909091,0.3162256614562819,9.683993214000001,-0.8491349392796002,8082.632150000001,5,False,,,True,2023-03-18T09:46:00+00:00,False
train_2023_2024,cci_m5_chop_h4,public,cost1,ETHUSDT,9,0,-58.062547353307934,-58.062547353307934,0.1111111111111111,0.05137005506163396,8.3902494,-0.757097953308,7016.3321000000005,5,False,,,True,2023-03-18T09:46:00+00:00,False
train_2023_2024,cci_m5_chop_h4,public,cost2,PORTFOLIO,15,0,-99.44031197572187,-99.44031197572187,0.06666666666666667,0.020015063660156537,22.014232824,-2.2884591517220003,9210.16582,6,False,0.10108561406956515,942.7496880242782,True,2023-02-17T11:31:00+00:00,False
train_2023_2024,cci_m5_chop_h4,public,cost2,BTCUSDT,6,0,-37.637185865985984,-37.637185865985984,0.0,0.0,8.802422424,-1.009943441986,3681.5884200000005,2,False,,,True,2023-02-17T11:31:00+00:00,False
train_2023_2024,cci_m5_chop_h4,public,cost2,ETHUSDT,9,0,-61.803126109735885,-61.803126109735885,0.1111111111111111,0.03181613718749607,13.2118104,-1.2785157097360003,5528.5774,5,False,,,True,2023-02-17T11:31:00+00:00,False
train_2023_2024,cci_m5_chop_h1,public,cost1,PORTFOLIO,26,0,-97.51570122424187,-97.51570122424187,0.19230769230769232,0.22476599560511223,18.804436368,-1.3769648562418002,15709.03079,13,False,0.10985034177383719,944.6742987757582,True,2023-05-05T11:21:00+00:00,False
train_2023_2024,cci_m5_chop_h1,public,cost1,BTCUSDT,12,0,-33.916985702678694,-33.916985702678694,0.16666666666666666,0.26279436085184193,7.379820888,-0.8762648146788001,6162.681190000001,10,False,,,True,2023-05-05T11:21:00+00:00,False
train_2023_2024,cci_m5_chop_h1,public,cost1,ETHUSDT,14,0,-63.59871552156318,-63.59871552156318,0.21428571428571427,0.20283615344723796,11.42461548,-0.5007000415630001,9546.349600000001,10,False,,,True,2023-05-05T11:21:00+00:00,False
train_2023_2024,cci_m5_chop_h1,public,cost2,PORTFOLIO,24,0,-99.40849356006072,-99.40849356006072,0.20833333333333334,0.1784757165236465,27.303098088,-2.3261154720606,11411.180510000002,13,False,0.10182791431743071,942.7815064399394,True,2023-05-04T10:26:00+00:00,False
train_2023_2024,cci_m5_chop_h1,public,cost2,BTCUSDT,11,0,-39.76836603120459,-39.76836603120459,0.18181818181818182,0.17127458913105034,11.406215688000001,-1.4518703432046003,4766.045010000001,9,False,,,True,2023-05-04T10:26:00+00:00,False
train_2023_2024,cci_m5_chop_h1,public,cost2,ETHUSDT,13,0,-59.64012752885613,-59.64012752885613,0.23076923076923078,0.18320832226635092,15.896882399999999,-0.874245128856,6645.1355,10,False,,,True,2023-05-04T10:26:00+00:00,False
train_2023_2024,cci_m5_chop_m30,public,cost1,PORTFOLIO,31,0,-84.9280573254768,-84.9280573254768,0.22580645161290322,0.35813122589567353,17.571466584,-1.6582507414768,14675.737990000001,14,False,0.10411230941233691,957.2619426745233,True,2023-06-29T10:31:00+00:00,False
train_2023_2024,cci_m5_chop_m30,public,cost1,BTCUSDT,16,0,-76.09928719970266,-76.09928719970266,0.125,0.01660603119236667,9.373463784,-0.5666834157028,7844.299390000001,9,False,,,True,2023-06-29T10:31:00+00:00,False
train_2023_2024,cci_m5_chop_m30,public,cost1,ETHUSDT,15,0,-8.828770125774144,-8.828770125774144,0.3333333333333333,0.839270603159011,8.1980028,-1.091567325774,6831.4386,12,False,,,True,2023-06-29T10:31:00+00:00,False
train_2023_2024,cci_m5_chop_m30,public,cost2,PORTFOLIO,26,0,-92.51593441588955,-92.51593441588955,0.19230769230769232,0.25813466313725647,24.970697436000002,-2.3410269798894,10437.05937,12,False,0.10396184843303603,949.6740655841105,True,2023-05-10T19:06:00+00:00,False
train_2023_2024,cci_m5_chop_m30,public,cost2,BTCUSDT,15,0,-85.37215343067551,-85.37215343067551,0.06666666666666667,0.006051328652974289,15.699204996,-0.9076384346754001,6575.718070000001,8,False,,,True,2023-05-10T19:06:00+00:00,False
train_2023_2024,cci_m5_chop_m30,public,cost2,ETHUSDT,11,0,-7.143780985214027,-7.143780985214027,0.36363636363636365,0.8159543505773784,9.27149244,-1.433388545214,3861.3413,10,False,,,True,2023-05-10T19:06:00+00:00,False
train_2023_2024,cci_m5_chop_m15,public,cost1,PORTFOLIO,37,0,-3.9408981565189207,-3.9408981565189207,0.24324324324324326,0.977770278050049,26.848968816,-3.4477293405187,22360.96278,14,False,0.1021731361174343,1038.2491018434812,True,2023-04-30T15:06:00+00:00,False
train_2023_2024,cci_m5_chop_m15,public,cost1,BTCUSDT,20,0,-68.74227511979666,-68.74227511979666,0.15,0.33729725648189696,12.119301276,-1.1276738437967002,10127.16538,11,False,,,True,2023-04-30T15:06:00+00:00,False
train_2023_2024,cci_m5_chop_m15,public,cost1,ETHUSDT,17,0,64.80137696327775,64.80137696327775,0.35294117647058826,1.8810471610029473,14.72966754,-2.320055496722,12233.797400000001,10,False,,,True,2023-04-30T15:06:00+00:00,False
train_2023_2024,cci_m5_chop_m15,public,cost2,PORTFOLIO,35,0,-47.06543299652108,-47.06543299652108,0.2,0.7157219468609557,39.247943172,-5.295079824521,16354.570860000002,14,False,0.10350099176582658,995.124567003479,True,2023-04-26T22:01:00+00:00,False
train_2023_2024,cci_m5_chop_m15,public,cost2,BTCUSDT,19,0,-71.72000875263295,-71.72000875263295,0.10526315789473684,0.2733691754084273,18.793568772,-1.8982299806330003,7856.16776,11,False,,,True,2023-04-26T22:01:00+00:00,False
train_2023_2024,cci_m5_chop_m15,public,cost2,ETHUSDT,16,0,24.654575756111875,24.654575756111875,0.3125,1.368754045120794,20.4543744,-3.3968498438880004,8498.403100000001,10,False,,,True,2023-04-26T22:01:00+00:00,False
train_2023_2024,cci_m5_chop_m5,public,cost1,PORTFOLIO,17,0,-23.698854187988054,-23.698854187988054,0.17647058823529413,0.7628206035094045,16.97625579,-2.274588397988,14149.10383,3,False,0.07116749816898069,1006.041282225356,True,2023-01-21T19:11:00+00:00,False
train_2023_2024,cci_m5_chop_m5,public,cost1,BTCUSDT,5,0,-37.529901045000095,-37.529901045000095,0.0,0.0,3.6393665100000003,-0.23812453500000003,3049.6316300000003,1,False,,,True,2023-01-21T19:11:00+00:00,False
train_2023_2024,cci_m5_chop_m5,public,cost1,ETHUSDT,12,0,13.831046857012042,13.831046857012042,0.25,1.221688231642814,13.33688928,-2.036463862988,11099.4722,3,False,,,True,2023-01-21T19:11:00+00:00,False
train_2023_2024,cci_m5_chop_m5,public,cost2,PORTFOLIO,17,0,-60.38170634471808,-60.38170634471808,0.11764705882352941,0.44031270481065937,27.420790416,-3.542515928718,11440.038540000001,3,False,0.07342648207942545,981.808293655282,True,2023-01-21T19:11:00+00:00,False
train_2023_2024,cci_m5_chop_m5,public,cost2,BTCUSDT,5,0,-37.656200952000006,-37.656200952000006,0.0,0.0,6.332520456,-0.448780496,2653.9876400000003,1,False,,,True,2023-01-21T19:11:00+00:00,False
train_2023_2024,cci_m5_chop_m5,public,cost2,ETHUSDT,12,0,-22.725505392718077,-22.725505392718077,0.16666666666666666,0.6764063068072504,21.088269959999998,-3.0937354327180002,8786.0509,3,False,,,True,2023-01-21T19:11:00+00:00,False
train_2023_2024,cci_m5_chop_m3,public,cost1,PORTFOLIO,18,0,-31.90111213979298,-31.90111213979298,0.16666666666666666,0.7154444863340903,20.972226797999998,-2.534195341793,17481.05301,3,False,0.07818346056444585,999.3948059044031,True,2023-01-21T19:11:00+00:00,False
train_2023_2024,cci_m5_chop_m3,public,cost1,BTCUSDT,5,0,-30.387473772000064,-30.387473772000064,0.2,0.13896568857980807,4.726337118,-0.49164665400000007,3951.1990100000007,1,False,,,True,2023-01-21T19:11:00+00:00,False
train_2023_2024,cci_m5_chop_m3,public,cost1,ETHUSDT,13,0,-1.5136383677929142,-1.5136383677929142,0.15384615384615385,0.9802954632609839,16.245889679999998,-2.042548687793,13529.854000000001,3,False,,,True,2023-01-21T19:11:00+00:00,False
train_2023_2024,cci_m5_chop_m3,public,cost2,PORTFOLIO,17,0,-63.10900994071797,-63.10900994071797,0.17647058823529413,0.4383671805575873,31.406996316,-3.8863836247180004,13100.156280000001,3,False,0.07063420656115442,979.080990059282,True,2023-01-21T10:01:00+00:00,False
train_2023_2024,cci_m5_chop_m3,public,cost2,BTCUSDT,5,0,-33.697396227999995,-33.697396227999995,0.2,0.0495031179411307,7.489616676000001,-0.7732495520000001,3133.3908800000004,1,False,,,True,2023-01-21T10:01:00+00:00,False
train_2023_2024,cci_m5_chop_m3,public,cost2,ETHUSDT,12,0,-29.411613712717973,-29.411613712717973,0.16666666666666666,0.6176070111101252,23.91737964,-3.113134072718,9966.7654,3,False,,,True,2023-01-21T10:01:00+00:00,False
train_2023_2024,cci_m5_chop_m1,public,cost1,PORTFOLIO,18,0,-50.86463761158023,-50.86463761158023,0.16666666666666666,0.5291013203010876,21.221790624,-2.3175669875800002,17698.48816,3,False,0.07777757450225839,991.3253623884199,True,2023-01-22T04:36:00+00:00,False
train_2023_2024,cci_m5_chop_m1,public,cost1,BTCUSDT,6,0,-35.74219614700023,-35.74219614700023,0.16666666666666666,0.11771630824886091,6.585777564,-0.614838583,5502.418760000001,1,False,,,True,2023-01-22T04:36:00+00:00,False
train_2023_2024,cci_m5_chop_m1,public,cost1,ETHUSDT,12,0,-15.12244146458,-15.12244146458,0.16666666666666666,0.7759807414591324,14.63601306,-1.70272840458,12196.0694,3,False,,,True,2023-01-22T04:36:00+00:00,False
train_2023_2024,cci_m5_chop_m1,public,cost2,PORTFOLIO,16,0,-67.22723052606811,-67.22723052606811,0.1875,0.350429219214022,29.207341968,-3.216828558068,12187.12735,3,False,0.07064579615202532,974.962769473932,True,2023-01-21T07:26:00+00:00,False
train_2023_2024,cci_m5_chop_m1,public,cost2,BTCUSDT,5,0,-36.3120102040002,-36.3120102040002,0.2,0.045256548633711674,8.210308008,-0.483742196,3434.7706500000004,1,False,,,True,2023-01-21T07:26:00+00:00,False
train_2023_2024,cci_m5_chop_m1,public,cost2,ETHUSDT,11,0,-30.91522032206791,-30.91522032206791,0.18181818181818182,0.5277349291621136,20.99703396,-2.733086362068,8752.3567,3,False,,,True,2023-01-21T07:26:00+00:00,False
train_2023_2024,cci_m3_chop_w,public,cost1,PORTFOLIO,20,0,71.43598044582677,71.43598044582677,0.35,1.6683302046911148,24.734335806,-2.8003137481726,20562.46119,7,False,0.07055413041495022,971.6261693925393,True,2023-12-06T19:46:00+00:00,False
train_2023_2024,cci_m3_chop_w,public,cost1,BTCUSDT,20,0,71.43598044582677,71.43598044582677,0.35,1.6683302046911148,24.734335806,-2.8003137481726,20562.46119,7,False,,,True,2023-12-06T19:46:00+00:00,False
train_2023_2024,cci_m3_chop_w,public,cost1,ETHUSDT,0,0,0,0,,,0,0,0,0,False,,,True,2023-12-06T19:46:00+00:00,False
train_2023_2024,cci_m3_chop_w,public,cost2,PORTFOLIO,40,0,-76.17432401037289,-76.17432401037289,0.275,0.6762696892057843,72.560024328,-11.813459682373,30229.243890000005,10,False,0.10130876609890373,964.29353587713,True,2024-01-01T01:41:00+00:00,False
train_2023_2024,cci_m3_chop_w,public,cost2,BTCUSDT,40,0,-76.17432401037289,-76.17432401037289,0.275,0.6762696892057843,72.560024328,-11.813459682373,30229.243890000005,10,False,,,True,2024-01-01T01:41:00+00:00,False
train_2023_2024,cci_m3_chop_w,public,cost2,ETHUSDT,0,0,0,0,,,0,0,0,0,False,,,True,2024-01-01T01:41:00+00:00,False
train_2023_2024,cci_m3_chop_d,public,cost1,PORTFOLIO,14,0,-74.72020820474418,-74.72020820474418,0.14285714285714285,0.0761659636147217,14.199386376,-1.5901418287440001,11862.287320000001,2,False,0.08062537078833958,967.4697917952559,True,2023-01-21T19:11:00+00:00,False
train_2023_2024,cci_m3_chop_d,public,cost1,BTCUSDT,6,0,-37.110107501000186,-37.110107501000186,0.16666666666666666,0.11125623417088008,6.6576222959999996,-0.6204052050000001,5562.934620000001,1,False,,,True,2023-01-21T19:11:00+00:00,False
train_2023_2024,cci_m3_chop_d,public,cost1,ETHUSDT,8,0,-37.61010070374399,-37.61010070374399,0.125,0.03871616336933114,7.54176408,-0.969736623744,6299.3527,2,False,,,True,2023-01-21T19:11:00+00:00,False
train_2023_2024,cci_m3_chop_d,public,cost2,PORTFOLIO,12,0,-72.53211355947222,-72.53211355947222,0.08333333333333333,0.02310682055265108,18.77109732,-2.1779362394720003,7847.082090000001,2,False,0.07577373907318376,969.6578864405278,True,2023-01-21T09:46:00+00:00,False
train_2023_2024,cci_m3_chop_d,public,cost2,BTCUSDT,5,0,-38.05030757000016,-38.05030757000016,0.2,0.04314318752008543,8.489956679999999,-0.5086708900000001,3552.0077900000006,1,False,,,True,2023-01-21T09:46:00+00:00,False
train_2023_2024,cci_m3_chop_d,public,cost2,ETHUSDT,7,0,-34.48180598947206,-34.48180598947206,0.0,0.0,10.28114064,-1.669265349472,4295.0743,2,False,,,True,2023-01-21T09:46:00+00:00,False
train_2023_2024,cci_m3_chop_h12,public,cost1,PORTFOLIO,42,0,-81.59516338878747,-81.59516338878747,0.2619047619047619,0.6402952977763563,43.32597588,-2.9605675087875003,36094.8194,14,False,0.10352988308238288,960.5948366112126,True,2023-10-27T04:51:00+00:00,False
train_2023_2024,cci_m3_chop_h12,public,cost1,BTCUSDT,30,0,-70.97224929297253,-70.97224929297253,0.23333333333333334,0.6169325874411786,31.233082200000002,-1.6445470929725003,25994.698500000002,11,False,,,True,2023-10-27T04:51:00+00:00,False
train_2023_2024,cci_m3_chop_h12,public,cost1,ETHUSDT,12,0,-10.622914095814936,-10.622914095814936,0.3333333333333333,0.7444312452669433,12.09289368,-1.316020415815,10100.1209,6,False,,,True,2023-10-27T04:51:00+00:00,False
train_2023_2024,cci_m3_chop_h12,public,cost2,PORTFOLIO,34,0,-105.539166410188,-105.539166410188,0.20588235294117646,0.4727778708046924,53.08996692,-4.969839490187801,22116.771760000003,11,False,0.10764087898258841,936.6508335898121,True,2023-08-24T08:26:00+00:00,False
train_2023_2024,cci_m3_chop_h12,public,cost2,BTCUSDT,23,0,-69.87461253812019,-69.87461253812019,0.17391304347826086,0.5446258166745156,36.33728472,-2.7552678181198003,15117.44906,8,False,,,True,2023-08-24T08:26:00+00:00,False
train_2023_2024,cci_m3_chop_h12,public,cost2,ETHUSDT,11,0,-35.66455387206781,-35.66455387206781,0.2727272727272727,0.23688205791044903,16.7526822,-2.214571672068,6999.3227,6,False,,,True,2023-08-24T08:26:00+00:00,False
train_2023_2024,cci_m3_chop_h6,public,cost1,PORTFOLIO,68,0,141.86102328096788,141.86102328096788,0.3088235294117647,1.4131676867731022,78.02126964,-3.9363670790329004,65040.90129000001,26,False,0.0971316664931561,954.7504361984559,True,2023-12-06T19:46:00+00:00,False
train_2023_2024,cci_m3_chop_h6,public,cost1,BTCUSDT,43,0,191.5913134349634,191.5913134349634,0.3023255813953488,1.843805894657694,50.47843494,-2.3796116250369,42054.34019,21,False,,,True,2023-12-06T19:46:00+00:00,False
train_2023_2024,cci_m3_chop_h6,public,cost1,ETHUSDT,25,0,-49.73029015399551,-49.73029015399551,0.32,0.5723729716657845,27.542834699999997,-1.556755453996,22986.561100000003,15,False,,,True,2023-12-06T19:46:00+00:00,False
train_2023_2024,cci_m3_chop_h6,public,cost2,PORTFOLIO,18,0,-100.0235002351587,-100.0235002351587,0.1111111111111111,0.12593417374011812,28.024941156,-2.4719690791588,11711.822110000001,8,False,0.10240234346449785,942.1664997648413,True,2023-03-16T05:26:00+00:00,False
train_2023_2024,cci_m3_chop_h6,public,cost2,BTCUSDT,14,0,-84.56030639076674,-84.56030639076674,0.07142857142857142,0.12771007768191703,22.692303636000002,-1.4052127547668,9485.35791,6,False,,,True,2023-03-16T05:26:00+00:00,False
train_2023_2024,cci_m3_chop_h6,public,cost2,ETHUSDT,4,0,-15.463193844391968,-15.463193844391968,0.25,0.1160933291024088,5.33263752,-1.0667563243920002,2226.4642000000003,3,False,,,True,2023-03-16T05:26:00+00:00,False
train_2023_2024,cci_m3_chop_h4,public,cost1,PORTFOLIO,15,0,-94.42755954553773,-94.42755954553773,0.06666666666666667,0.032224425129398555,14.08534086,-1.3311786855378,11777.28957,6,False,0.10373992749280957,947.7624404544623,True,2023-02-17T11:31:00+00:00,False
train_2023_2024,cci_m3_chop_h4,public,cost1,BTCUSDT,6,0,-35.92175177757374,-35.92175177757374,0.0,0.0,5.808064620000001,-0.6272471575738001,4854.7970700000005,2,False,,,True,2023-02-17T11:31:00+00:00,False
train_2023_2024,cci_m3_chop_h4,public,cost1,ETHUSDT,9,0,-58.505807767963994,-58.505807767963994,0.1111111111111111,0.051000706945143005,8.277276239999999,-0.703931527964,6922.4925,5,False,,,True,2023-02-17T11:31:00+00:00,False
train_2023_2024,cci_m3_chop_h4,public,cost2,PORTFOLIO,10,0,-63.8032388563918,-63.8032388563918,0.1,0.03084952912371037,15.632661996,-2.008566860392,6536.690170000001,3,False,0.0678954683624865,978.3867611436083,True,2023-01-22T13:06:00+00:00,False
train_2023_2024,cci_m3_chop_h4,public,cost2,BTCUSDT,3,0,-19.260886131999854,-19.260886131999854,0.0,0.0,5.463458556000001,-0.7832175760000001,2282.94817,1,False,,,True,2023-01-22T13:06:00+00:00,False
train_2023_2024,cci_m3_chop_h4,public,cost2,ETHUSDT,7,0,-44.54235272439195,-44.54235272439195,0.14285714285714285,0.043607679906740235,10.169203439999999,-1.2253492843920002,4253.742,3,False,,,True,2023-01-22T13:06:00+00:00,False
train_2023_2024,cci_m3_chop_h1,public,cost1,PORTFOLIO,26,0,-92.79020009424177,-92.79020009424177,0.19230769230769232,0.2335393611602294,17.777202774,-1.3383073202418003,14851.172990000001,13,False,0.10143883834930957,949.3997999057583,True,2023-05-07T00:51:00+00:00,False
train_2023_2024,cci_m3_chop_h1,public,cost1,BTCUSDT,13,0,-38.95523997267862,-38.95523997267862,0.15384615384615385,0.23685635824911175,7.919342694,-0.8376072786788002,6614.5513900000005,10,False,,,True,2023-05-07T00:51:00+00:00,False
train_2023_2024,cci_m3_chop_h1,public,cost1,ETHUSDT,13,0,-53.83496012156316,-53.83496012156316,0.23076923076923078,0.23112112775717666,9.85786008,-0.5007000415630001,8236.6216,9,False,,,True,2023-05-07T00:51:00+00:00,False
train_2023_2024,cci_m3_chop_h1,public,cost2,PORTFOLIO,25,0,-102.74634594406068,-102.74634594406068,0.2,0.17368472218959863,27.550652616,-2.2823333280606,11515.89527,13,False,0.10343215703091566,939.4436540559394,True,2023-05-05T11:21:00+00:00,False
train_2023_2024,cci_m3_chop_h1,public,cost2,BTCUSDT,12,0,-43.38371421520454,-43.38371421520454,0.16666666666666666,0.15927489014770138,11.839766016,-1.4080881992046002,4948.30377,10,False,,,True,2023-05-05T11:21:00+00:00,False
train_2023_2024,cci_m3_chop_h1,public,cost2,ETHUSDT,13,0,-59.36263172885614,-59.36263172885614,0.23076923076923078,0.18390724310446055,15.710886599999998,-0.874245128856,6567.5915,9,False,,,True,2023-05-05T11:21:00+00:00,False
train_2023_2024,cci_m3_chop_m30,public,cost1,PORTFOLIO,31,0,-84.82318659694296,-84.82318659694296,0.22580645161290322,0.36653102402511684,16.474978164,-1.7256684329429002,13762.45974,15,False,0.10401416240511975,957.3668134030571,True,2023-07-03T15:36:00+00:00,False
train_2023_2024,cci_m3_chop_m30,public,cost1,BTCUSDT,16,0,-77.11834050542882,-77.11834050542882,0.125,0.016390193183411065,8.204694144,-0.6186063614289,6871.392640000001,10,False,,,True,2023-07-03T15:36:00+00:00,False
train_2023_2024,cci_m3_chop_m30,public,cost1,ETHUSDT,15,0,-7.704846091514149,-7.704846091514149,0.3333333333333333,0.861172147812896,8.27028402,-1.107062071514,6891.0671,12,False,,,True,2023-07-03T15:36:00+00:00,False
train_2023_2024,cci_m3_chop_m30,public,cost2,PORTFOLIO,25,0,-88.5408826108299,-88.5408826108299,0.2,0.2666336324702199,21.831039816,-2.2687627948298004,9128.487130000001,12,False,0.10021130053363869,953.6491173891702,True,2023-05-12T21:31:00+00:00,False
train_2023_2024,cci_m3_chop_m30,public,cost2,BTCUSDT,13,0,-71.74755801489586,-71.74755801489586,0.07692307692307693,0.007192188818586153,11.230255656,-0.8332223588958001,4709.11523,8,False,,,True,2023-05-12T21:31:00+00:00,False
train_2023_2024,cci_m3_chop_m30,public,cost2,ETHUSDT,12,0,-16.79332459593405,-16.79332459593405,0.3333333333333333,0.6534944745565547,10.60078416,-1.435540435934,4419.3719,10,False,,,True,2023-05-12T21:31:00+00:00,False
train_2023_2024,cci_m3_chop_m15,public,cost1,PORTFOLIO,37,0,-3.9408981565189207,-3.9408981565189207,0.24324324324324326,0.977770278050049,26.848968816,-3.4477293405187,22360.96278,14,False,0.1021731361174343,1038.2491018434812,True,2023-04-30T15:06:00+00:00,False
train_2023_2024,cci_m3_chop_m15,public,cost1,BTCUSDT,20,0,-68.74227511979666,-68.74227511979666,0.15,0.33729725648189696,12.119301276,-1.1276738437967002,10127.16538,11,False,,,True,2023-04-30T15:06:00+00:00,False
train_2023_2024,cci_m3_chop_m15,public,cost1,ETHUSDT,17,0,64.80137696327775,64.80137696327775,0.35294117647058826,1.8810471610029473,14.72966754,-2.320055496722,12233.797400000001,10,False,,,True,2023-04-30T15:06:00+00:00,False
train_2023_2024,cci_m3_chop_m15,public,cost2,PORTFOLIO,35,0,-47.06543299652108,-47.06543299652108,0.2,0.7157219468609557,39.247943172,-5.295079824521,16354.570860000002,14,False,0.10350099176582658,995.124567003479,True,2023-04-26T22:01:00+00:00,False
train_2023_2024,cci_m3_chop_m15,public,cost2,BTCUSDT,19,0,-71.72000875263295,-71.72000875263295,0.10526315789473684,0.2733691754084273,18.793568772,-1.8982299806330003,7856.16776,11,False,,,True,2023-04-26T22:01:00+00:00,False
train_2023_2024,cci_m3_chop_m15,public,cost2,ETHUSDT,16,0,24.654575756111875,24.654575756111875,0.3125,1.368754045120794,20.4543744,-3.3968498438880004,8498.403100000001,10,False,,,True,2023-04-26T22:01:00+00:00,False
train_2023_2024,cci_m3_chop_m5,public,cost1,PORTFOLIO,17,0,-23.698854187988054,-23.698854187988054,0.17647058823529413,0.7628206035094045,16.97625579,-2.274588397988,14149.10383,3,False,0.07116749816898069,1006.041282225356,True,2023-01-21T19:11:00+00:00,False
train_2023_2024,cci_m3_chop_m5,public,cost1,BTCUSDT,5,0,-37.529901045000095,-37.529901045000095,0.0,0.0,3.6393665100000003,-0.23812453500000003,3049.6316300000003,1,False,,,True,2023-01-21T19:11:00+00:00,False
train_2023_2024,cci_m3_chop_m5,public,cost1,ETHUSDT,12,0,13.831046857012042,13.831046857012042,0.25,1.221688231642814,13.33688928,-2.036463862988,11099.4722,3,False,,,True,2023-01-21T19:11:00+00:00,False
train_2023_2024,cci_m3_chop_m5,public,cost2,PORTFOLIO,17,0,-60.38170634471808,-60.38170634471808,0.11764705882352941,0.44031270481065937,27.420790416,-3.542515928718,11440.038540000001,3,False,0.07342648207942545,981.808293655282,True,2023-01-21T19:11:00+00:00,False
train_2023_2024,cci_m3_chop_m5,public,cost2,BTCUSDT,5,0,-37.656200952000006,-37.656200952000006,0.0,0.0,6.332520456,-0.448780496,2653.9876400000003,1,False,,,True,2023-01-21T19:11:00+00:00,False
train_2023_2024,cci_m3_chop_m5,public,cost2,ETHUSDT,12,0,-22.725505392718077,-22.725505392718077,0.16666666666666666,0.6764063068072504,21.088269959999998,-3.0937354327180002,8786.0509,3,False,,,True,2023-01-21T19:11:00+00:00,False
train_2023_2024,cci_m3_chop_m3,public,cost1,PORTFOLIO,18,0,-31.90111213979298,-31.90111213979298,0.16666666666666666,0.7154444863340903,20.972226797999998,-2.534195341793,17481.05301,3,False,0.07818346056444585,999.3948059044031,True,2023-01-21T19:11:00+00:00,False
train_2023_2024,cci_m3_chop_m3,public,cost1,BTCUSDT,5,0,-30.387473772000064,-30.387473772000064,0.2,0.13896568857980807,4.726337118,-0.49164665400000007,3951.1990100000007,1,False,,,True,2023-01-21T19:11:00+00:00,False
train_2023_2024,cci_m3_chop_m3,public,cost1,ETHUSDT,13,0,-1.5136383677929142,-1.5136383677929142,0.15384615384615385,0.9802954632609839,16.245889679999998,-2.042548687793,13529.854000000001,3,False,,,True,2023-01-21T19:11:00+00:00,False
train_2023_2024,cci_m3_chop_m3,public,cost2,PORTFOLIO,17,0,-63.10900994071797,-63.10900994071797,0.17647058823529413,0.4383671805575873,31.406996316,-3.8863836247180004,13100.156280000001,3,False,0.07063420656115442,979.080990059282,True,2023-01-21T10:01:00+00:00,False
train_2023_2024,cci_m3_chop_m3,public,cost2,BTCUSDT,5,0,-33.697396227999995,-33.697396227999995,0.2,0.0495031179411307,7.489616676000001,-0.7732495520000001,3133.3908800000004,1,False,,,True,2023-01-21T10:01:00+00:00,False
train_2023_2024,cci_m3_chop_m3,public,cost2,ETHUSDT,12,0,-29.411613712717973,-29.411613712717973,0.16666666666666666,0.6176070111101252,23.91737964,-3.113134072718,9966.7654,3,False,,,True,2023-01-21T10:01:00+00:00,False
train_2023_2024,cci_m3_chop_m1,public,cost1,PORTFOLIO,18,0,-55.65686577855622,-55.65686577855622,0.16666666666666666,0.5065166739011324,21.233123346,-2.214112432556,17710.37427,3,False,0.07958701595169194,986.5331342214439,True,2023-01-22T04:36:00+00:00,False
train_2023_2024,cci_m3_chop_m1,public,cost1,BTCUSDT,6,0,-37.8044679710002,-37.8044679710002,0.16666666666666666,0.11149972953584017,6.780129486,-0.6310084850000001,5665.30457,1,False,,,True,2023-01-22T04:36:00+00:00,False
train_2023_2024,cci_m3_chop_m1,public,cost1,ETHUSDT,12,0,-17.852397807556024,-17.852397807556024,0.16666666666666666,0.7458192552994704,14.45299386,-1.583103947556,12045.0697,3,False,,,True,2023-01-22T04:36:00+00:00,False
train_2023_2024,cci_m3_chop_m1,public,cost2,PORTFOLIO,16,0,-71.08358708336392,-71.08358708336392,0.1875,0.33780612059592907,28.87253232,-3.055674763364,12049.799490000001,3,False,0.07432175311189303,971.1064129166361,True,2023-01-21T07:26:00+00:00,False
train_2023_2024,cci_m3_chop_m1,public,cost2,BTCUSDT,5,0,-38.046457970000056,-38.046457970000056,0.2,0.0431473644641598,8.13090708,-0.5086708900000001,3402.5813900000003,1,False,,,True,2023-01-21T07:26:00+00:00,False
train_2023_2024,cci_m3_chop_m1,public,cost2,ETHUSDT,11,0,-33.037129113363875,-33.037129113363875,0.18181818181818182,0.5111657150796115,20.74162524,-2.547003873364,8647.2181,3,False,,,True,2023-01-21T07:26:00+00:00,False
train_2023_2024,cci_m1_chop_w,public,cost1,PORTFOLIO,20,0,71.43598044582677,71.43598044582677,0.35,1.6683302046911148,24.734335806,-2.8003137481726,20562.46119,7,False,0.07055413041495022,971.6261693925393,True,2023-12-06T19:46:00+00:00,False
train_2023_2024,cci_m1_chop_w,public,cost1,BTCUSDT,20,0,71.43598044582677,71.43598044582677,0.35,1.6683302046911148,24.734335806,-2.8003137481726,20562.46119,7,False,,,True,2023-12-06T19:46:00+00:00,False
train_2023_2024,cci_m1_chop_w,public,cost1,ETHUSDT,0,0,0,0,,,0,0,0,0,False,,,True,2023-12-06T19:46:00+00:00,False
train_2023_2024,cci_m1_chop_w,public,cost2,PORTFOLIO,40,0,-76.6418149147975,-76.6418149147975,0.275,0.6748375737834689,71.920580244,-11.7331246707976,29963.402490000004,10,False,0.10174367620251513,964.29353587713,True,2024-01-01T01:41:00+00:00,False
train_2023_2024,cci_m1_chop_w,public,cost2,BTCUSDT,40,0,-76.6418149147975,-76.6418149147975,0.275,0.6748375737834689,71.920580244,-11.7331246707976,29963.402490000004,10,False,,,True,2024-01-01T01:41:00+00:00,False
train_2023_2024,cci_m1_chop_w,public,cost2,ETHUSDT,0,0,0,0,,,0,0,0,0,False,,,True,2024-01-01T01:41:00+00:00,False
train_2023_2024,cci_m1_chop_d,public,cost1,PORTFOLIO,14,0,-70.73068095575222,-70.73068095575222,0.14285714285714285,0.08041261533869411,14.192911217999999,-1.6494197377520001,11854.870190000001,2,False,0.07683417217275734,971.4593190442479,True,2023-01-22T04:36:00+00:00,False
train_2023_2024,cci_m1_chop_d,public,cost1,BTCUSDT,6,0,-34.03577461300029,-34.03577461300029,0.16666666666666666,0.12065895671720829,6.5963163179999995,-0.6398082950000001,5510.330090000001,1,False,,,True,2023-01-22T04:36:00+00:00,False
train_2023_2024,cci_m1_chop_d,public,cost1,ETHUSDT,8,0,-36.69490634275193,-36.69490634275193,0.125,0.03964348918623652,7.5965948999999995,-1.009611442752,6344.5401,2,False,,,True,2023-01-22T04:36:00+00:00,False
train_2023_2024,cci_m1_chop_d,public,cost2,PORTFOLIO,14,0,-83.14542471881627,-83.14542471881627,0.07142857142857142,0.020281862142182815,22.168027452,-2.7160872668160003,9265.808760000002,2,False,0.08588978208796408,959.0445752811838,True,2023-01-22T04:36:00+00:00,False
train_2023_2024,cci_m1_chop_d,public,cost2,BTCUSDT,6,0,-39.71105254400018,-39.71105254400018,0.16666666666666666,0.04154377141358606,10.227287052,-0.993655492,4275.61466,1,False,,,True,2023-01-22T04:36:00+00:00,False
train_2023_2024,cci_m1_chop_d,public,cost2,ETHUSDT,8,0,-43.43437217481609,-43.43437217481609,0.0,0.0,11.9407404,-1.722431774816,4990.194100000001,2,False,,,True,2023-01-22T04:36:00+00:00,False
train_2023_2024,cci_m1_chop_h12,public,cost1,PORTFOLIO,39,0,-63.05914860145967,-63.05914860145967,0.2564102564102564,0.6974028269881484,41.590177512,-2.8114710894596002,34632.04266000001,14,False,0.10651684913299729,979.1308513985404,True,2023-10-24T21:56:00+00:00,False
train_2023_2024,cci_m1_chop_h12,public,cost1,BTCUSDT,27,0,-53.34947476545178,-53.34947476545178,0.2222222222222222,0.6808315853588356,29.284260972000002,-1.4390137934516,24354.576160000004,11,False,,,True,2023-10-24T21:56:00+00:00,False
train_2023_2024,cci_m1_chop_h12,public,cost1,ETHUSDT,12,0,-9.709673836007884,-9.709673836007884,0.3333333333333333,0.7645658346678261,12.30591654,-1.372457296008,10277.4665,6,False,,,True,2023-10-24T21:56:00+00:00,False
train_2023_2024,cci_m1_chop_h12,public,cost2,PORTFOLIO,35,0,-99.28124092757793,-99.28124092757793,0.22857142857142856,0.49619122301131413,54.958165476,-5.0215654515777,22897.01151,11,False,0.10890103488879024,935.3281305970402,True,2023-08-24T10:06:00+00:00,False
train_2023_2024,cci_m1_chop_h12,public,cost2,BTCUSDT,23,0,-67.4387133455481,-67.4387133455481,0.17391304347826086,0.5535049759836074,36.416876796000004,-2.7270265495477,15150.431010000002,8,False,,,True,2023-08-24T10:06:00+00:00,False
train_2023_2024,cci_m1_chop_h12,public,cost2,ETHUSDT,12,0,-31.842527582029835,-31.842527582029835,0.3333333333333333,0.3080888373725451,18.541288679999997,-2.29453890203,7746.5805,6,False,,,True,2023-08-24T10:06:00+00:00,False
train_2023_2024,cci_m1_chop_h6,public,cost1,PORTFOLIO,67,0,156.67477195292633,156.67477195292633,0.31343283582089554,1.4748871450737855,77.911904292,-4.0234837550742,64938.39510000001,25,False,0.09512507719690663,958.6103864901762,True,2023-12-06T19:46:00+00:00,False
train_2023_2024,cci_m1_chop_h6,public,cost1,BTCUSDT,43,0,192.84534241668098,192.84534241668098,0.3023255813953488,1.8512703763297866,51.487673892000004,-2.4013436913192,42888.242600000005,21,False,,,True,2023-12-06T19:46:00+00:00,False
train_2023_2024,cci_m1_chop_h6,public,cost1,ETHUSDT,24,0,-36.170570463754665,-36.170570463754665,0.3333333333333333,0.6501260267939439,26.4242304,-1.622140063755,22050.1525,14,False,,,True,2023-12-06T19:46:00+00:00,False
train_2023_2024,cci_m1_chop_h6,public,cost2,PORTFOLIO,33,0,-107.81292056388118,-107.81292056388118,0.15151515151515152,0.46299283877654684,53.533224276,-4.3209662878812,22330.489480000004,13,False,0.10906891907965104,934.3770794361188,True,2023-05-29T09:26:00+00:00,False
train_2023_2024,cci_m1_chop_h6,public,cost2,BTCUSDT,24,0,-60.624171054777335,-60.624171054777335,0.16666666666666666,0.5999633941289374,39.370272636,-2.7754684187772,16413.519480000003,11,False,,,True,2023-05-29T09:26:00+00:00,False
train_2023_2024,cci_m1_chop_h6,public,cost2,ETHUSDT,9,0,-47.18874950910384,-47.18874950910384,0.1111111111111111,0.041263024900116074,14.16295164,-1.5454978691040002,5916.97,6,False,,,True,2023-05-29T09:26:00+00:00,False
train_2023_2024,cci_m1_chop_h4,public,cost1,PORTFOLIO,21,0,-98.58410940979272,-98.58410940979272,0.09523809523809523,0.167890135206415,19.029168258000002,-1.6109711517928003,15896.612200000001,10,False,0.10720729634844862,943.6058905902073,True,2023-04-13T16:56:00+00:00,False
train_2023_2024,cci_m1_chop_h4,public,cost1,BTCUSDT,13,0,-50.85812985648477,-50.85812985648477,0.07692307692307693,0.24771308728916017,11.412686658,-0.8538731984848001,9529.868000000002,6,False,,,True,2023-04-13T16:56:00+00:00,False
train_2023_2024,cci_m1_chop_h4,public,cost1,ETHUSDT,8,0,-47.725979553307944,-47.725979553307944,0.125,0.06180819638369753,7.616481599999999,-0.757097953308,6366.7442,5,False,,,True,2023-04-13T16:56:00+00:00,False
train_2023_2024,cci_m1_chop_h4,public,cost2,PORTFOLIO,19,0,-99.45299127518344,-99.45299127518344,0.10526315789473684,0.12530827794068192,27.024968652,-2.6334526231836004,11295.30089,9,False,0.10109770381601033,942.7370087248166,True,2023-03-18T09:46:00+00:00,False
train_2023_2024,cci_m1_chop_h4,public,cost2,BTCUSDT,11,0,-47.66524180544752,-47.66524180544752,0.09090909090909091,0.20401275892691123,15.082934892,-1.3549369134476001,6300.169890000001,5,False,,,True,2023-03-18T09:46:00+00:00,False
train_2023_2024,cci_m1_chop_h4,public,cost2,ETHUSDT,8,0,-51.78774946973591,-51.78774946973591,0.125,0.037736952397381666,11.94203376,-1.2785157097360003,4995.131,5,False,,,True,2023-03-18T09:46:00+00:00,False
train_2023_2024,cci_m1_chop_h1,public,cost1,PORTFOLIO,25,0,-93.32193916446143,-93.32193916446143,0.2,0.23251808532625176,18.057346968,-1.3122921964614003,15084.765290000001,13,False,0.10589863495908282,948.8680608355387,True,2023-05-05T11:56:00+00:00,False
train_2023_2024,cci_m1_chop_h1,public,cost1,BTCUSDT,12,0,-34.6389328228983,-34.6389328228983,0.16666666666666666,0.25873431608753444,7.370576568,-0.8750562548984002,6155.343790000001,10,False,,,True,2023-05-05T11:56:00+00:00,False
train_2023_2024,cci_m1_chop_h1,public,cost1,ETHUSDT,13,0,-58.68300634156313,-58.68300634156313,0.23076923076923078,0.21615448042802154,10.6867704,-0.43723594156300005,8929.4215,9,False,,,True,2023-05-05T11:56:00+00:00,False
train_2023_2024,cci_m1_chop_h1,public,cost2,PORTFOLIO,25,0,-106.61994566406077,-106.61994566406077,0.2,0.1684374593411133,28.66274544,-2.2181602240606,11980.68012,13,False,0.108698143456214,935.5700543359394,True,2023-05-05T11:56:00+00:00,False
train_2023_2024,cci_m1_chop_h1,public,cost2,BTCUSDT,12,0,-43.34046373520459,-43.34046373520459,0.16666666666666666,0.15940849729385245,11.973439560000001,-1.4490841752046002,5003.89212,10,False,,,True,2023-05-05T11:56:00+00:00,False
train_2023_2024,cci_m1_chop_h1,public,cost2,ETHUSDT,13,0,-63.27948192885617,-63.27948192885617,0.23076923076923078,0.1745103450242741,16.68930588,-0.769076048856,6976.7880000000005,9,False,,,True,2023-05-05T11:56:00+00:00,False
train_2023_2024,cci_m1_chop_m30,public,cost1,PORTFOLIO,27,0,-85.03003810143909,-85.03003810143909,0.18518518518518517,0.3348555671493908,15.139827252,-1.3269908494391,12650.804320000001,12,False,0.10420775175448822,957.159961898561,True,2023-05-12T21:31:00+00:00,False
train_2023_2024,cci_m1_chop_m30,public,cost1,BTCUSDT,15,0,-74.57693696141496,-74.57693696141496,0.13333333333333333,0.016888488284942597,8.831948652,-0.5225683094151,7392.5684200000005,8,False,,,True,2023-05-12T21:31:00+00:00,False
train_2023_2024,cci_m1_chop_m30,public,cost1,ETHUSDT,12,0,-10.453101140024136,-10.453101140024136,0.25,0.7988971793838384,6.3078786,-0.804422540024,5258.235900000001,10,False,,,True,2023-05-12T21:31:00+00:00,False
train_2023_2024,cci_m1_chop_m30,public,cost2,PORTFOLIO,25,0,-89.86459691770294,-89.86459691770294,0.16,0.25737655672948095,24.245921316,-2.2531256017028003,10134.14999,11,False,0.10146025379425422,952.3254030822972,True,2023-05-10T13:06:00+00:00,False
train_2023_2024,cci_m1_chop_m30,public,cost2,BTCUSDT,15,0,-84.95010282136491,-84.95010282136491,0.06666666666666667,0.006081210144004032,15.602736396,-0.9013164253648001,6535.36319,8,False,,,True,2023-05-10T13:06:00+00:00,False
train_2023_2024,cci_m1_chop_m30,public,cost2,ETHUSDT,10,0,-4.914494096338025,-4.914494096338025,0.3,0.8617184953124408,8.64318492,-1.351809176338,3598.7868000000003,9,False,,,True,2023-05-10T13:06:00+00:00,False
train_2023_2024,cci_m1_chop_m15,public,cost1,PORTFOLIO,38,0,-14.311369244716303,-14.311369244716303,0.23684210526315788,0.9237341404349046,26.54514804,-3.4391012047159,22113.120260000003,14,False,0.11114101051055353,1027.8786307552837,True,2023-04-30T21:06:00+00:00,False
train_2023_2024,cci_m1_chop_m15,public,cost1,BTCUSDT,21,0,-79.26627089504788,-79.26627089504788,0.14285714285714285,0.30622867744311133,12.88005846,-1.1665924350479002,10765.991860000002,11,False,,,True,2023-04-30T21:06:00+00:00,False
train_2023_2024,cci_m1_chop_m15,public,cost1,ETHUSDT,17,0,64.95490165033158,64.95490165033158,0.35294117647058826,1.8849817583459314,13.66508958,-2.272508769668,11347.128400000001,10,False,,,True,2023-04-30T21:06:00+00:00,False
train_2023_2024,cci_m1_chop_m15,public,cost2,PORTFOLIO,35,0,-47.06543299652108,-47.06543299652108,0.2,0.7157219468609557,39.247943172,-5.295079824521,16354.570860000002,14,False,0.10350099176582658,995.124567003479,True,2023-04-26T22:01:00+00:00,False
train_2023_2024,cci_m1_chop_m15,public,cost2,BTCUSDT,19,0,-71.72000875263295,-71.72000875263295,0.10526315789473684,0.2733691754084273,18.793568772,-1.8982299806330003,7856.16776,11,False,,,True,2023-04-26T22:01:00+00:00,False
train_2023_2024,cci_m1_chop_m15,public,cost2,ETHUSDT,16,0,24.654575756111875,24.654575756111875,0.3125,1.368754045120794,20.4543744,-3.3968498438880004,8498.403100000001,10,False,,,True,2023-04-26T22:01:00+00:00,False
train_2023_2024,cci_m1_chop_m5,public,cost1,PORTFOLIO,17,0,-23.698854187988054,-23.698854187988054,0.17647058823529413,0.7628206035094045,16.97625579,-2.274588397988,14149.10383,3,False,0.07116749816898069,1006.041282225356,True,2023-01-22T13:06:00+00:00,False
train_2023_2024,cci_m1_chop_m5,public,cost1,BTCUSDT,5,0,-37.529901045000095,-37.529901045000095,0.0,0.0,3.6393665100000003,-0.23812453500000003,3049.6316300000003,1,False,,,True,2023-01-22T13:06:00+00:00,False
train_2023_2024,cci_m1_chop_m5,public,cost1,ETHUSDT,12,0,13.831046857012042,13.831046857012042,0.25,1.221688231642814,13.33688928,-2.036463862988,11099.4722,3,False,,,True,2023-01-22T13:06:00+00:00,False
train_2023_2024,cci_m1_chop_m5,public,cost2,PORTFOLIO,17,0,-60.38170634471808,-60.38170634471808,0.11764705882352941,0.44031270481065937,27.420790416,-3.542515928718,11440.038540000001,3,False,0.07342648207942545,981.808293655282,True,2023-01-22T13:06:00+00:00,False
train_2023_2024,cci_m1_chop_m5,public,cost2,BTCUSDT,5,0,-37.656200952000006,-37.656200952000006,0.0,0.0,6.332520456,-0.448780496,2653.9876400000003,1,False,,,True,2023-01-22T13:06:00+00:00,False
train_2023_2024,cci_m1_chop_m5,public,cost2,ETHUSDT,12,0,-22.725505392718077,-22.725505392718077,0.16666666666666666,0.6764063068072504,21.088269959999998,-3.0937354327180002,8786.0509,3,False,,,True,2023-01-22T13:06:00+00:00,False
train_2023_2024,cci_m1_chop_m3,public,cost1,PORTFOLIO,18,0,-31.90111213979298,-31.90111213979298,0.16666666666666666,0.7154444863340903,20.972226797999998,-2.534195341793,17481.05301,3,False,0.07818346056444585,999.3948059044031,True,2023-01-22T13:06:00+00:00,False
train_2023_2024,cci_m1_chop_m3,public,cost1,BTCUSDT,5,0,-30.387473772000064,-30.387473772000064,0.2,0.13896568857980807,4.726337118,-0.49164665400000007,3951.1990100000007,1,False,,,True,2023-01-22T13:06:00+00:00,False
train_2023_2024,cci_m1_chop_m3,public,cost1,ETHUSDT,13,0,-1.5136383677929142,-1.5136383677929142,0.15384615384615385,0.9802954632609839,16.245889679999998,-2.042548687793,13529.854000000001,3,False,,,True,2023-01-22T13:06:00+00:00,False
train_2023_2024,cci_m1_chop_m3,public,cost2,PORTFOLIO,17,0,-63.10900994071797,-63.10900994071797,0.17647058823529413,0.4383671805575873,31.406996316,-3.8863836247180004,13100.156280000001,3,False,0.07063420656115442,979.080990059282,True,2023-01-21T10:01:00+00:00,False
train_2023_2024,cci_m1_chop_m3,public,cost2,BTCUSDT,5,0,-33.697396227999995,-33.697396227999995,0.2,0.0495031179411307,7.489616676000001,-0.7732495520000001,3133.3908800000004,1,False,,,True,2023-01-21T10:01:00+00:00,False
train_2023_2024,cci_m1_chop_m3,public,cost2,ETHUSDT,12,0,-29.411613712717973,-29.411613712717973,0.16666666666666666,0.6176070111101252,23.91737964,-3.113134072718,9966.7654,3,False,,,True,2023-01-21T10:01:00+00:00,False
train_2023_2024,cci_m1_chop_m1,public,cost1,PORTFOLIO,18,0,-50.86463761158023,-50.86463761158023,0.16666666666666666,0.5291013203010876,21.221790624,-2.3175669875800002,17698.48816,3,False,0.07777757450225839,991.3253623884199,True,2023-01-22T04:36:00+00:00,False
train_2023_2024,cci_m1_chop_m1,public,cost1,BTCUSDT,6,0,-35.74219614700023,-35.74219614700023,0.16666666666666666,0.11771630824886091,6.585777564,-0.614838583,5502.418760000001,1,False,,,True,2023-01-22T04:36:00+00:00,False
train_2023_2024,cci_m1_chop_m1,public,cost1,ETHUSDT,12,0,-15.12244146458,-15.12244146458,0.16666666666666666,0.7759807414591324,14.63601306,-1.70272840458,12196.0694,3,False,,,True,2023-01-22T04:36:00+00:00,False
train_2023_2024,cci_m1_chop_m1,public,cost2,PORTFOLIO,16,0,-67.22723052606811,-67.22723052606811,0.1875,0.350429219214022,29.207341968,-3.216828558068,12187.12735,3,False,0.07064579615202532,974.962769473932,True,2023-01-21T07:26:00+00:00,False
train_2023_2024,cci_m1_chop_m1,public,cost2,BTCUSDT,5,0,-36.3120102040002,-36.3120102040002,0.2,0.045256548633711674,8.210308008,-0.483742196,3434.7706500000004,1,False,,,True,2023-01-21T07:26:00+00:00,False
train_2023_2024,cci_m1_chop_m1,public,cost2,ETHUSDT,11,0,-30.91522032206791,-30.91522032206791,0.18181818181818182,0.5277349291621136,20.99703396,-2.733086362068,8752.3567,3,False,,,True,2023-01-21T07:26:00+00:00,False
previously_viewed_2025_2026,baseline,personal,cost1,PORTFOLIO,35,0,-65.69096128961031,-65.69096128961031,0.2857142857142857,0.6489537813492696,22.964273320000004,-2.7141079696109003,28710.867940000004,6,False,0.1097057240069886,976.4990387103898,True,2025-02-08T17:11:00+00:00,False
previously_viewed_2025_2026,baseline,personal,cost1,BTCUSDT,30,0,-49.18019387571628,-49.18019387571628,0.26666666666666666,0.7022578883077712,20.865482920000005,-2.7821309557169003,26094.619940000004,6,False,,,True,2025-02-08T17:11:00+00:00,False
previously_viewed_2025_2026,baseline,personal,cost1,ETHUSDT,5,0,-16.51076741389404,-16.51076741389404,0.4,0.24786763495610292,2.0987904000000004,0.06802298610600002,2616.248,1,False,,,True,2025-02-08T17:11:00+00:00,False
previously_viewed_2025_2026,baseline,personal,cost2,PORTFOLIO,32,0,-88.29131284858603,-88.29131284858603,0.3125,0.5003583058687662,33.157291536,-4.5247613125860005,20736.43934,6,False,0.10631974293298382,953.898687151414,True,2025-02-07T09:21:00+00:00,False
previously_viewed_2025_2026,baseline,personal,cost2,BTCUSDT,28,0,-73.48525715324793,-73.48525715324793,0.2857142857142857,0.5353774754539442,30.583437696000004,-4.4650594572480005,19133.866940000004,6,False,,,True,2025-02-07T09:21:00+00:00,False
previously_viewed_2025_2026,baseline,personal,cost2,ETHUSDT,4,0,-14.806055695338095,-14.806055695338095,0.5,0.2017461922124157,2.5738538400000004,-0.059701855338,1602.5724,1,False,,,True,2025-02-07T09:21:00+00:00,False
previously_viewed_2025_2026,cci_w,personal,cost1,PORTFOLIO,20,0,-53.42224667560212,-53.42224667560212,0.3,0.5420677625449772,12.00555164,0.139204964398,14986.161600000001,4,False,0.10105717070201986,988.767753324398,True,2025-03-25T16:36:00+00:00,False
previously_viewed_2025_2026,cci_w,personal,cost1,BTCUSDT,0,0,0,0,,,0,0,0,0,False,,,True,2025-03-25T16:36:00+00:00,False
previously_viewed_2025_2026,cci_w,personal,cost1,ETHUSDT,20,0,-53.42224667560212,-53.42224667560212,0.3,0.5420677625449772,12.00555164,0.139204964398,14986.161600000001,4,False,,,True,2025-03-25T16:36:00+00:00,False
previously_viewed_2025_2026,cci_w,personal,cost2,PORTFOLIO,20,0,-72.57410450078336,-72.57410450078336,0.3,0.40341609136172996,19.849281680000004,0.019877179217000003,12379.4287,4,False,0.10814895675871686,969.6158954992167,True,2025-03-25T16:36:00+00:00,False
previously_viewed_2025_2026,cci_w,personal,cost2,BTCUSDT,0,0,0,0,,,0,0,0,0,False,,,True,2025-03-25T16:36:00+00:00,False
previously_viewed_2025_2026,cci_w,personal,cost2,ETHUSDT,20,0,-72.57410450078336,-72.57410450078336,0.3,0.40341609136172996,19.849281680000004,0.019877179217000003,12379.4287,4,False,,,True,2025-03-25T16:36:00+00:00,False
previously_viewed_2025_2026,cci_d,personal,cost1,PORTFOLIO,44,0,-86.27847604480593,-86.27847604480593,0.2727272727272727,0.6265648690556023,23.499309692000004,-0.3409563528056,29390.70962,13,False,0.10116385952514302,948.0773750933015,True,2025-05-12T00:11:00+00:00,False
previously_viewed_2025_2026,cci_d,personal,cost1,BTCUSDT,15,0,-58.662989854844966,-58.662989854844966,0.13333333333333333,0.3503966979105952,10.156227692000002,-0.7151521628446,12719.18042,5,False,,,True,2025-05-12T00:11:00+00:00,False
previously_viewed_2025_2026,cci_d,personal,cost1,ETHUSDT,29,0,-27.61548618996096,-27.61548618996096,0.3448275862068966,0.8037755770607743,13.343082,0.37419581003900004,16671.5292,8,False,,,True,2025-05-12T00:11:00+00:00,False
previously_viewed_2025_2026,cci_d,personal,cost2,PORTFOLIO,28,0,-103.25347793476243,-103.25347793476243,0.2857142857142857,0.36423670363547317,22.618057680000003,-0.5536002547624,14119.09746,8,False,0.10508924989450963,938.9365220652376,True,2025-03-30T00:41:00+00:00,False
previously_viewed_2025_2026,cci_d,personal,cost2,BTCUSDT,9,0,-32.50314042038944,-32.50314042038944,0.2222222222222222,0.4321165052263915,8.868961760000001,-0.7818586603894,5554.527260000001,3,False,,,True,2025-03-30T00:41:00+00:00,False
previously_viewed_2025_2026,cci_d,personal,cost2,ETHUSDT,19,0,-70.75033751437297,-70.75033751437297,0.3157894736842105,0.32729627247225546,13.749095920000002,0.228258405627,8564.5702,5,False,,,True,2025-03-30T00:41:00+00:00,False
previously_viewed_2025_2026,cci_h12,personal,cost1,PORTFOLIO,36,0,-45.41215074050337,-45.41215074050337,0.3055555555555556,0.7417661835021694,22.132188780000003,-1.122131960503,27676.633090000003,14,False,0.10220185866594887,996.7778492594966,True,2025-05-14T01:06:00+00:00,False
previously_viewed_2025_2026,cci_h12,personal,cost1,BTCUSDT,18,0,-38.6368264447194,-38.6368264447194,0.16666666666666666,0.6194573433944319,15.108312460000002,-1.226483984719,18896.54159,7,False,,,True,2025-05-14T01:06:00+00:00,False
previously_viewed_2025_2026,cci_h12,personal,cost1,ETHUSDT,18,0,-6.775324295783974,-6.775324295783974,0.4444444444444444,0.9088429584760791,7.02387632,0.10435202421600001,8780.0915,8,False,,,True,2025-05-14T01:06:00+00:00,False
previously_viewed_2025_2026,cci_h12,personal,cost2,PORTFOLIO,30,0,-70.6194951133015,-70.6194951133015,0.3333333333333333,0.534645455205105,26.870759416000006,-1.3070056973014998,16803.5839,13,False,0.10085502007943331,971.5705048866986,True,2025-05-08T14:36:00+00:00,False
previously_viewed_2025_2026,cci_h12,personal,cost2,BTCUSDT,13,0,-47.99943857312257,-47.99943857312257,0.15384615384615385,0.3998940241678564,16.051105976000002,-1.3682025971225,10047.231300000001,6,False,,,True,2025-05-08T14:36:00+00:00,False
previously_viewed_2025_2026,cci_h12,personal,cost2,ETHUSDT,17,0,-22.620056540178926,-22.620056540178926,0.47058823529411764,0.6848223965915841,10.819653440000002,0.061196899820999996,6756.3526,7,False,,,True,2025-05-08T14:36:00+00:00,False
previously_viewed_2025_2026,cci_h6,personal,cost1,PORTFOLIO,48,0,-43.494449461253325,-43.494449461253325,0.2708333333333333,0.8128444640711174,26.377301864000003,-1.1510675972529,33013.781070000005,20,False,0.10229791171770707,998.6955505387467,True,2025-05-21T22:36:00+00:00,False
previously_viewed_2025_2026,cci_h6,personal,cost1,BTCUSDT,25,0,-60.849291572923235,-60.849291572923235,0.2,0.5657221326932793,18.666827424000004,-1.3608841489229002,23353.94507,10,False,,,True,2025-05-21T22:36:00+00:00,False
previously_viewed_2025_2026,cci_h6,personal,cost1,ETHUSDT,23,0,17.354842111669907,17.354842111669907,0.34782608695652173,1.1880645360143205,7.7104744400000005,0.20981655167,9659.836000000001,14,False,,,True,2025-05-21T22:36:00+00:00,False
previously_viewed_2025_2026,cci_h6,personal,cost2,PORTFOLIO,45,0,-77.01459720226413,-77.01459720226413,0.28888888888888886,0.6432768653388125,39.29378512,-2.2532520822645,24586.874980000004,20,False,0.10270575937702252,965.175402797736,True,2025-05-20T23:21:00+00:00,False
previously_viewed_2025_2026,cci_h6,personal,cost2,BTCUSDT,23,0,-73.65946044597827,-73.65946044597827,0.21739130434782608,0.4415664658277104,26.788781920000005,-2.3473185259785,16765.25038,10,False,,,True,2025-05-20T23:21:00+00:00,False
previously_viewed_2025_2026,cci_h6,personal,cost2,ETHUSDT,22,0,-3.3551367562858547,-3.3551367562858547,0.36363636363636365,0.9600535570998071,12.505003200000003,0.09406644371400001,7821.624600000001,13,False,,,True,2025-05-20T23:21:00+00:00,False
previously_viewed_2025_2026,cci_h4,personal,cost1,PORTFOLIO,22,0,-58.142443496681956,-58.142443496681956,0.22727272727272727,0.5076178121221852,12.294998372000002,-1.1053551246822,15340.779610000001,7,False,0.10100064315462104,984.0475565033181,True,2025-02-20T09:16:00+00:00,False
previously_viewed_2025_2026,cci_h4,personal,cost1,BTCUSDT,14,0,-4.674166229270044,-4.674166229270044,0.2857142857142857,0.924738880557655,9.032037652000001,-1.2394385772702001,11287.248410000002,5,False,,,True,2025-02-20T09:16:00+00:00,False
previously_viewed_2025_2026,cci_h4,personal,cost1,ETHUSDT,8,0,-53.468277267411914,-53.468277267411914,0.125,0.044833772486796326,3.26296072,0.134083452588,4053.5312000000004,3,False,,,True,2025-02-20T09:16:00+00:00,False
previously_viewed_2025_2026,cci_h4,personal,cost2,PORTFOLIO,22,0,-79.14047117472018,-79.14047117472018,0.22727272727272727,0.3592152745392466,20.254416704000004,-1.9857944707202,12639.172970000001,7,False,0.10458084062001165,963.0495288252798,True,2025-02-20T09:16:00+00:00,False
previously_viewed_2025_2026,cci_h4,personal,cost2,BTCUSDT,14,0,-25.509104900236107,-25.509104900236107,0.2857142857142857,0.6220648026920953,14.797746944000002,-2.0986979562362,9252.89817,5,False,,,True,2025-02-20T09:16:00+00:00,False
previously_viewed_2025_2026,cci_h4,personal,cost2,ETHUSDT,8,0,-53.63136627448407,-53.63136627448407,0.125,0.0424607733460088,5.4566697600000005,0.112903485516,3386.2748,3,False,,,True,2025-02-20T09:16:00+00:00,False
previously_viewed_2025_2026,cci_h1,personal,cost1,PORTFOLIO,74,0,-25.563472100487825,-25.563472100487825,0.3108108108108108,0.9139251653656841,29.031295156000002,-2.898786944488,36337.040140000005,22,False,0.10690126336577299,990.8959034633446,True,2025-05-31T19:11:00+00:00,False
previously_viewed_2025_2026,cci_h1,personal,cost1,BTCUSDT,33,0,-46.12646737644197,-46.12646737644197,0.2727272727272727,0.6533398559027749,15.913499396000002,-2.7009779804420004,19905.630240000002,13,False,,,True,2025-05-31T19:11:00+00:00,False
previously_viewed_2025_2026,cci_h1,personal,cost1,ETHUSDT,41,0,20.562995275954147,20.562995275954147,0.34146341463414637,1.1254364170990583,13.117795760000002,-0.197808964046,16431.4099,16,False,,,True,2025-05-31T19:11:00+00:00,False
previously_viewed_2025_2026,cci_h1,personal,cost2,PORTFOLIO,68,0,-75.47150908445363,-75.47150908445363,0.29411764705882354,0.7302518582160856,45.213241456000006,-4.6854476284538,28295.72332,21,False,0.10060637372272234,966.7184909155465,True,2025-05-21T23:16:00+00:00,False
previously_viewed_2025_2026,cci_h1,personal,cost2,BTCUSDT,30,0,-72.5825773209365,-72.5825773209365,0.26666666666666666,0.4472520187513121,24.669299456000005,-4.221357864936801,15440.158120000002,12,False,,,True,2025-05-21T23:16:00+00:00,False
previously_viewed_2025_2026,cci_h1,personal,cost2,ETHUSDT,38,0,-2.888931763517137,-2.888931763517137,0.3157894736842105,0.9805423566939818,20.543942,-0.46408976351700004,12855.565200000001,15,False,,,True,2025-05-21T23:16:00+00:00,False
previously_viewed_2025_2026,cci_m30,personal,cost1,PORTFOLIO,33,0,-72.65390342727648,-72.65390342727648,0.24242424242424243,0.5037183014210069,15.940541860000002,-2.061711567277,19939.934950000003,8,False,0.10201530246939534,969.5360965727236,True,2025-02-18T04:31:00+00:00,False
previously_viewed_2025_2026,cci_m30,personal,cost1,BTCUSDT,25,0,-56.979536598267565,-56.979536598267565,0.24,0.5268150488636618,13.150305860000001,-2.245780738268,16458.67405,7,False,,,True,2025-02-18T04:31:00+00:00,False
previously_viewed_2025_2026,cci_m30,personal,cost1,ETHUSDT,8,0,-15.67436682900891,-15.67436682900891,0.25,0.39666282357401994,2.790236,0.184069170991,3481.2609,3,False,,,True,2025-02-18T04:31:00+00:00,False
previously_viewed_2025_2026,cci_m30,personal,cost2,PORTFOLIO,29,0,-84.21604866301028,-84.21604866301028,0.27586206896551724,0.39309291564712373,23.159337744000002,-3.6167909190106005,14495.16235,7,False,0.10204972092591653,957.9739513369898,True,2025-02-13T08:51:00+00:00,False
previously_viewed_2025_2026,cci_m30,personal,cost2,BTCUSDT,24,0,-73.35091214675435,-73.35091214675435,0.25,0.38689758885420583,20.365223104000002,-3.6894690427546,12752.912550000001,7,False,,,True,2025-02-13T08:51:00+00:00,False
previously_viewed_2025_2026,cci_m30,personal,cost2,ETHUSDT,5,0,-10.865136516255934,-10.865136516255934,0.4,0.4318511228071676,2.79411464,0.07267812374400001,1742.2498,2,False,,,True,2025-02-13T08:51:00+00:00,False
previously_viewed_2025_2026,cci_m15,personal,cost1,PORTFOLIO,22,0,-16.458874252208243,-16.458874252208243,0.36363636363636365,0.8100401194020475,10.894672388000002,-2.1043518642084003,13622.622210000001,6,False,0.044360801996510345,1023.9451637950272,True,2025-02-04T21:06:00+00:00,False
previously_viewed_2025_2026,cci_m15,personal,cost1,BTCUSDT,21,0,-18.968578332208235,-18.968578332208235,0.3333333333333333,0.7810744027881649,10.852576468000002,-2.1043518642084003,13568.726410000001,6,False,,,True,2025-02-04T21:06:00+00:00,False
previously_viewed_2025_2026,cci_m15,personal,cost1,ETHUSDT,1,0,2.509704079999994,2.509704079999994,1.0,,0.04209592,0.0,53.8958,1,False,,,True,2025-02-04T21:06:00+00:00,False
previously_viewed_2025_2026,cci_m15,personal,cost2,PORTFOLIO,22,0,-41.485773033682555,-41.485773033682555,0.36363636363636365,0.5553886468700331,18.178275504000002,-3.5292575296826003,11373.773710000001,6,False,0.05438842840868182,1000.7042269663175,True,2025-02-04T21:06:00+00:00,False
previously_viewed_2025_2026,cci_m15,personal,cost2,BTCUSDT,21,0,-43.86398295368255,-43.86398295368255,0.3333333333333333,0.5299008940035307,18.094085424000003,-3.5292575296826003,11319.923710000001,6,False,,,True,2025-02-04T21:06:00+00:00,False
previously_viewed_2025_2026,cci_m15,personal,cost2,ETHUSDT,1,0,2.378209919999998,2.378209919999998,1.0,,0.08419008,0.0,53.85,1,False,,,True,2025-02-04T21:06:00+00:00,False
previously_viewed_2025_2026,cci_m5,personal,cost1,PORTFOLIO,35,0,-65.69096128961031,-65.69096128961031,0.2857142857142857,0.6489537813492696,22.964273320000004,-2.7141079696109003,28710.867940000004,6,False,0.1097057240069886,976.4990387103898,True,2025-02-08T17:11:00+00:00,False
previously_viewed_2025_2026,cci_m5,personal,cost1,BTCUSDT,30,0,-49.18019387571628,-49.18019387571628,0.26666666666666666,0.7022578883077712,20.865482920000005,-2.7821309557169003,26094.619940000004,6,False,,,True,2025-02-08T17:11:00+00:00,False
previously_viewed_2025_2026,cci_m5,personal,cost1,ETHUSDT,5,0,-16.51076741389404,-16.51076741389404,0.4,0.24786763495610292,2.0987904000000004,0.06802298610600002,2616.248,1,False,,,True,2025-02-08T17:11:00+00:00,False
previously_viewed_2025_2026,cci_m5,personal,cost2,PORTFOLIO,32,0,-88.29131284858603,-88.29131284858603,0.3125,0.5003583058687662,33.157291536,-4.5247613125860005,20736.43934,6,False,0.10631974293298382,953.898687151414,True,2025-02-07T09:21:00+00:00,False
previously_viewed_2025_2026,cci_m5,personal,cost2,BTCUSDT,28,0,-73.48525715324793,-73.48525715324793,0.2857142857142857,0.5353774754539442,30.583437696000004,-4.4650594572480005,19133.866940000004,6,False,,,True,2025-02-07T09:21:00+00:00,False
previously_viewed_2025_2026,cci_m5,personal,cost2,ETHUSDT,4,0,-14.806055695338095,-14.806055695338095,0.5,0.2017461922124157,2.5738538400000004,-0.059701855338,1602.5724,1,False,,,True,2025-02-07T09:21:00+00:00,False
previously_viewed_2025_2026,cci_m3,personal,cost1,PORTFOLIO,35,0,-66.08211643976455,-66.08211643976455,0.2857142857142857,0.646499900968159,22.923970160000003,-2.7120862797651,28660.70573,6,False,0.10958855961779997,976.1078835602356,True,2025-02-08T17:11:00+00:00,False
previously_viewed_2025_2026,cci_m3,personal,cost1,BTCUSDT,30,0,-49.571349025870504,-49.571349025870504,0.26666666666666666,0.6995396916445608,20.825179760000005,-2.7801092658711,26044.457730000002,6,False,,,True,2025-02-08T17:11:00+00:00,False
previously_viewed_2025_2026,cci_m3,personal,cost1,ETHUSDT,5,0,-16.51076741389404,-16.51076741389404,0.4,0.24786763495610292,2.0987904000000004,0.06802298610600002,2616.248,1,False,,,True,2025-02-08T17:11:00+00:00,False
previously_viewed_2025_2026,cci_m3,personal,cost2,PORTFOLIO,32,0,-88.89259619272045,-88.89259619272045,0.3125,0.4971890139765753,33.125822496000005,-4.521033696720401,20717.089430000004,6,False,0.10644836970796838,953.2974038072796,True,2025-02-07T09:21:00+00:00,False
previously_viewed_2025_2026,cci_m3,personal,cost2,BTCUSDT,28,0,-74.08654049738236,-74.08654049738236,0.2857142857142857,0.5318185526967814,30.551968656000007,-4.461331841382401,19114.517030000003,6,False,,,True,2025-02-07T09:21:00+00:00,False
previously_viewed_2025_2026,cci_m3,personal,cost2,ETHUSDT,4,0,-14.806055695338095,-14.806055695338095,0.5,0.2017461922124157,2.5738538400000004,-0.059701855338,1602.5724,1,False,,,True,2025-02-07T09:21:00+00:00,False
previously_viewed_2025_2026,cci_m1,personal,cost1,PORTFOLIO,34,0,-55.857013244046044,-55.857013244046044,0.29411764705882354,0.6849490010161645,22.132107580000003,-2.7146156640466,27675.258320000004,6,False,0.10073991113026426,986.332986755954,True,2025-02-09T01:16:00+00:00,False
previously_viewed_2025_2026,cci_m1,personal,cost1,BTCUSDT,30,0,-49.29257339015197,-49.29257339015197,0.26666666666666666,0.7017804267284644,20.880944740000004,-2.7826386501526,26113.995420000003,6,False,,,True,2025-02-09T01:16:00+00:00,False
previously_viewed_2025_2026,cci_m1,personal,cost1,ETHUSDT,4,0,-6.56443985389407,-6.56443985389407,0.5,0.45321925021635745,1.25116284,0.06802298610600002,1561.2629,1,False,,,True,2025-02-09T01:16:00+00:00,False
previously_viewed_2025_2026,cci_m1,personal,cost2,PORTFOLIO,32,0,-83.84944894368365,-83.84944894368365,0.3125,0.5132598971122238,33.09448268800001,-4.602946255683801,20703.060690000002,6,False,0.10215828833632841,958.3405510563164,True,2025-02-08T04:56:00+00:00,False
previously_viewed_2025_2026,cci_m1,personal,cost2,BTCUSDT,29,0,-78.40947220834565,-78.40947220834565,0.27586206896551724,0.5192122421325406,31.781207808000005,-4.543244400345801,19884.297390000003,6,False,,,True,2025-02-08T04:56:00+00:00,False
previously_viewed_2025_2026,cci_m1,personal,cost2,ETHUSDT,3,0,-5.439976735338016,-5.439976735338016,0.6666666666666666,0.4075374854473244,1.31327488,-0.059701855338,818.7633,1,False,,,True,2025-02-08T04:56:00+00:00,False
previously_viewed_2025_2026,chop_w,personal,cost1,PORTFOLIO,53,0,-73.45868889124257,-73.45868889124257,0.24528301886792453,0.7407334842213426,36.406312876,-4.0546660152424,45508.16855,12,False,0.10473791423572452,965.6105110548978,True,2025-10-03T13:11:00+00:00,False
previously_viewed_2025_2026,chop_w,personal,cost1,BTCUSDT,15,0,-22.184298475812074,-22.184298475812074,0.26666666666666666,0.6969192794388481,12.417345396000002,-2.0827430798124,15525.523850000001,3,False,,,True,2025-10-03T13:11:00+00:00,False
previously_viewed_2025_2026,chop_w,personal,cost1,ETHUSDT,38,0,-51.2743904154305,-51.2743904154305,0.23684210526315788,0.7559950949922326,23.988967480000003,-1.97192293543,29982.6447,9,False,,,True,2025-10-03T13:11:00+00:00,False
previously_viewed_2025_2026,chop_w,personal,cost2,PORTFOLIO,39,0,-93.86360476226908,-93.86360476226908,0.2564102564102564,0.5637405524779583,42.38887742400001,-5.095287338269,26516.238110000002,9,False,0.1016008672082232,948.326395237731,True,2025-09-06T22:01:00+00:00,False
previously_viewed_2025_2026,chop_w,personal,cost2,BTCUSDT,15,0,-52.57009373203706,-52.57009373203706,0.2,0.3877679526593887,20.383023664000003,-3.4466300680370003,12753.760010000002,3,False,,,True,2025-09-06T22:01:00+00:00,False
previously_viewed_2025_2026,chop_w,personal,cost2,ETHUSDT,24,0,-41.29351103023202,-41.29351103023202,0.2916666666666667,0.6806112323568556,22.00585376,-1.648657270232,13762.4781,6,False,,,True,2025-09-06T22:01:00+00:00,False
previously_viewed_2025_2026,chop_d,personal,cost1,PORTFOLIO,74,0,-14.310130906131672,-14.310130906131672,0.28378378378378377,0.9616540022626598,43.493827436000004,-2.8464334701325003,54287.86572,18,False,0.10318440375409513,959.8482143506752,True,2026-02-12T15:06:00+00:00,False
previously_viewed_2025_2026,chop_d,personal,cost1,BTCUSDT,29,0,-101.46481242839495,-101.46481242839495,0.2413793103448276,0.3729165800030153,21.560193676000004,-1.1855487523955002,26924.111620000003,10,False,,,True,2026-02-12T15:06:00+00:00,False
previously_viewed_2025_2026,chop_d,personal,cost1,ETHUSDT,45,0,87.15468152226327,87.15468152226327,0.3111111111111111,1.4123125318431982,21.933633760000003,-1.660884717737,27363.754100000002,12,False,,,True,2026-02-12T15:06:00+00:00,False
previously_viewed_2025_2026,chop_d,personal,cost2,PORTFOLIO,22,0,-83.78295571616951,-83.78295571616951,0.18181818181818182,0.3257647345884135,19.38917264,-0.2836230761695,12122.98218,6,False,0.10144063958702854,958.4070442838306,True,2025-07-13T01:41:00+00:00,False
previously_viewed_2025_2026,chop_d,personal,cost2,BTCUSDT,4,0,-33.58800354657443,-33.58800354657443,0.0,0.0,5.959104720000001,0.07696117342550002,3738.2933800000005,2,False,,,True,2025-07-13T01:41:00+00:00,False
previously_viewed_2025_2026,chop_d,personal,cost2,ETHUSDT,18,0,-50.19495216959508,-50.19495216959508,0.2222222222222222,0.4464342173876356,13.43006792,-0.360584249595,8384.6888,4,False,,,True,2025-07-13T01:41:00+00:00,False
previously_viewed_2025_2026,chop_h12,personal,cost1,PORTFOLIO,21,0,-103.85759945314429,-103.85759945314429,0.14285714285714285,0.1472942961131002,10.729050664000003,-0.38310878914400004,13403.09285,8,False,0.10188685494835947,938.3324005468558,True,2025-05-12T06:31:00+00:00,False
previously_viewed_2025_2026,chop_h12,personal,cost1,BTCUSDT,10,0,-45.21222202710622,-45.21222202710622,0.1,0.16594852036819702,6.575961624000001,-0.48402040310600003,8239.028150000002,5,False,,,True,2025-05-12T06:31:00+00:00,False
previously_viewed_2025_2026,chop_h12,personal,cost1,ETHUSDT,11,0,-58.64537742603807,-58.64537742603807,0.18181818181818182,0.13233334128410962,4.15308904,0.100911613962,5164.0647,4,False,,,True,2025-05-12T06:31:00+00:00,False
previously_viewed_2025_2026,chop_h12,personal,cost2,PORTFOLIO,20,0,-105.47292036873378,-105.47292036873378,0.15,0.11235962974225992,16.02985112,-0.7466292487336,10007.483670000001,7,False,0.10205369021967425,936.7170796312663,True,2025-05-12T00:11:00+00:00,False
previously_viewed_2025_2026,chop_h12,personal,cost2,BTCUSDT,9,0,-42.782984406661654,-42.782984406661654,0.1111111111111111,0.13634328472261786,8.825568,-0.7824764066616,5532.567470000001,4,False,,,True,2025-05-12T00:11:00+00:00,False
previously_viewed_2025_2026,chop_h12,personal,cost2,ETHUSDT,11,0,-62.68993596207212,-62.68993596207212,0.18181818181818182,0.09521239447746162,7.204283120000001,0.03584715792800001,4474.916200000001,4,False,,,True,2025-05-12T00:11:00+00:00,False
previously_viewed_2025_2026,chop_h6,personal,cost1,PORTFOLIO,47,0,-0.3689309901182758,-0.3689309901182758,0.46808510638297873,0.997871361796159,30.178187148000003,-2.3431738421185004,37725.83138,23,False,0.10255934100317489,1029.330346706248,True,2025-10-11T13:36:00+00:00,False
previously_viewed_2025_2026,chop_h6,personal,cost1,BTCUSDT,16,0,21.19093284073848,21.19093284073848,0.5625,1.6030648737732935,12.519118948000003,-1.9856782112615001,15620.761880000002,11,False,,,True,2025-10-11T13:36:00+00:00,False
previously_viewed_2025_2026,chop_h6,personal,cost1,ETHUSDT,31,0,-21.559863830856756,-21.559863830856756,0.41935483870967744,0.8439716211226345,17.6590682,-0.35749563085700004,22105.0695,16,False,,,True,2025-10-11T13:36:00+00:00,False
previously_viewed_2025_2026,chop_h6,personal,cost2,PORTFOLIO,41,0,-30.293913636659752,-30.293913636659752,0.4878048780487805,0.7967736567954821,41.264777024000004,-4.4916966126598,25805.23933,20,False,0.103332219016416,1011.8960863633403,True,2025-09-15T04:11:00+00:00,False
previously_viewed_2025_2026,chop_h6,personal,cost2,BTCUSDT,14,0,-4.866728521245555,-4.866728521245555,0.5,0.8675485296668433,17.841294944,-3.3929935772458,11136.15853,10,False,,,True,2025-09-15T04:11:00+00:00,False
previously_viewed_2025_2026,chop_h6,personal,cost2,ETHUSDT,27,0,-25.427185115414197,-25.427185115414197,0.48148148148148145,0.7736212106140213,23.42348208,-1.098703035414,14669.080800000002,14,False,,,True,2025-09-15T04:11:00+00:00,False
previously_viewed_2025_2026,chop_h4,personal,cost1,PORTFOLIO,47,0,-0.8297662865921572,-0.8297662865921572,0.425531914893617,0.9955224705407412,25.551432688000002,-1.816493598592,31950.55111,24,False,0.10145421041731521,1037.526382888,True,2025-10-03T13:11:00+00:00,False
previously_viewed_2025_2026,chop_h4,personal,cost1,BTCUSDT,14,0,26.646093977652825,26.646093977652825,0.42857142857142855,1.6777105432660349,10.062471248000001,-1.403394774347,12546.11791,9,False,,,True,2025-10-03T13:11:00+00:00,False
previously_viewed_2025_2026,chop_h4,personal,cost1,ETHUSDT,33,0,-27.475860264244982,-27.475860264244982,0.42424242424242425,0.8118092728889562,15.488961440000002,-0.413098824245,19404.4332,19,False,,,True,2025-10-03T13:11:00+00:00,False
previously_viewed_2025_2026,chop_h4,personal,cost2,PORTFOLIO,42,0,-31.705874183802777,-31.705874183802777,0.4523809523809524,0.8072381404459862,36.677385536,-3.4399686478028,22938.38762,21,False,0.1059923342996431,1010.4841258161973,True,2025-08-24T13:06:00+00:00,False
previously_viewed_2025_2026,chop_h4,personal,cost2,BTCUSDT,12,0,10.994098689885359,10.994098689885359,0.5,1.3232582859526436,14.722701376000002,-2.5668799341148,9187.546520000002,7,False,,,True,2025-08-24T13:06:00+00:00,False
previously_viewed_2025_2026,chop_h4,personal,cost2,ETHUSDT,30,0,-42.69997287368814,-42.69997287368814,0.43333333333333335,0.6727265026614143,21.954684160000003,-0.8730887136880001,13750.841100000001,17,False,,,True,2025-08-24T13:06:00+00:00,False
previously_viewed_2025_2026,chop_h1,personal,cost1,PORTFOLIO,101,0,70.21325753495893,70.21325753495893,0.3564356435643564,1.2064745711120328,36.648019576,-1.1040028890418,45803.705930000004,57,True,0.08944035313524522,1011.6319457237045,False,,False
previously_viewed_2025_2026,chop_h1,personal,cost1,BTCUSDT,43,0,-39.18357454873796,-39.18357454873796,0.3023255813953488,0.7681279909172247,21.144825736,0.18057118726119994,26446.082130000003,30,False,,,False,,False
previously_viewed_2025_2026,chop_h1,personal,cost1,ETHUSDT,58,0,109.39683208369689,109.39683208369689,0.39655172413793105,1.6394868829477491,15.503193840000002,-1.2845740763030002,19357.6238,42,False,,,False,,False
previously_viewed_2025_2026,chop_h1,personal,cost2,PORTFOLIO,57,0,-60.82196230608429,-60.82196230608429,0.2807017543859649,0.7111311114206849,32.33206518400001,-2.7279371220844,20189.49319,35,False,0.10106150374245876,981.3680376939158,True,2025-12-15T13:26:00+00:00,False
previously_viewed_2025_2026,chop_h1,personal,cost2,BTCUSDT,21,0,-65.93197431049752,-65.93197431049752,0.23809523809523808,0.25285335003046777,14.656990144000003,-1.1644241664974002,9151.10899,15,False,,,True,2025-12-15T13:26:00+00:00,False
previously_viewed_2025_2026,chop_h1,personal,cost2,ETHUSDT,36,0,5.110012004413228,5.110012004413228,0.3055555555555556,1.0417801697746947,17.675075040000003,-1.5635129555870002,11038.3842,26,False,,,True,2025-12-15T13:26:00+00:00,False
previously_viewed_2025_2026,chop_m30,personal,cost1,PORTFOLIO,55,0,-71.89134620432752,-71.89134620432752,0.2545454545454545,0.5566994435679867,14.375639280000001,-1.3829669243277003,17966.504500000003,35,False,0.1008474061228159,970.2986537956725,True,2025-11-19T17:41:00+00:00,False
previously_viewed_2025_2026,chop_m30,personal,cost1,BTCUSDT,16,0,-31.106041368265764,-31.106041368265764,0.25,0.36895708543054423,4.953107440000001,-0.7973939282657001,6201.386,14,False,,,True,2025-11-19T17:41:00+00:00,False
previously_viewed_2025_2026,chop_m30,personal,cost1,ETHUSDT,39,0,-40.78530483606175,-40.78530483606175,0.2564102564102564,0.6386839305586647,9.422531840000001,-0.5855729960620001,11765.1185,27,False,,,True,2025-11-19T17:41:00+00:00,False
previously_viewed_2025_2026,chop_m30,personal,cost2,PORTFOLIO,51,0,-85.45333682177873,-85.45333682177873,0.2549019607843137,0.4628978945733659,24.767679688000005,-2.639687133779,15479.99471,34,False,0.10187897446355004,956.7366631782213,True,2025-10-21T04:36:00+00:00,False
previously_viewed_2025_2026,chop_m30,personal,cost2,BTCUSDT,15,0,-33.445847756893045,-33.445847756893045,0.26666666666666666,0.2707336313483295,8.483421448000001,-1.494256308893,5310.83301,14,False,,,True,2025-10-21T04:36:00+00:00,False
previously_viewed_2025_2026,chop_m30,personal,cost2,ETHUSDT,36,0,-52.00748906488569,-52.00748906488569,0.25,0.5407257185254609,16.284258240000003,-1.1454308248860001,10169.1617,25,False,,,True,2025-10-21T04:36:00+00:00,False
previously_viewed_2025_2026,chop_m15,personal,cost1,PORTFOLIO,51,0,-73.19666783558579,-73.19666783558579,0.2549019607843137,0.5999591876392829,15.097269476000003,-1.2762283595857,18924.821030000003,20,False,0.1007027087000286,958.892646848988,True,2025-05-29T08:21:00+00:00,False
previously_viewed_2025_2026,chop_m15,personal,cost1,BTCUSDT,25,0,-73.7773782635937,-73.7773782635937,0.2,0.2989571368933479,9.718298436000001,-1.1677098275937001,12179.31873,11,False,,,True,2025-05-29T08:21:00+00:00,False
previously_viewed_2025_2026,chop_m15,personal,cost1,ETHUSDT,26,0,0.5807104280079181,0.5807104280079181,0.3076923076923077,1.0074705266977153,5.378971040000001,-0.108518531992,6745.5023,13,False,,,True,2025-05-29T08:21:00+00:00,False
previously_viewed_2025_2026,chop_m15,personal,cost2,PORTFOLIO,51,0,-105.01352769088074,-105.01352769088074,0.21568627450980393,0.45362971258500506,26.331109384000005,-2.4183883068806002,16509.09488,20,False,0.10505675885289176,937.1764723091193,True,2025-05-29T08:21:00+00:00,False
previously_viewed_2025_2026,chop_m15,personal,cost2,BTCUSDT,25,0,-90.21695671823558,-90.21695671823558,0.16,0.20206187925222538,16.809490904000004,-2.1045358142356,10541.58328,11,False,,,True,2025-05-29T08:21:00+00:00,False
previously_viewed_2025_2026,chop_m15,personal,cost2,ETHUSDT,26,0,-14.796570972645165,-14.796570972645165,0.2692307692307692,0.813031839351185,9.52161848,-0.313852492645,5967.5116,13,False,,,True,2025-05-29T08:21:00+00:00,False
previously_viewed_2025_2026,chop_m5,personal,cost1,PORTFOLIO,32,0,-94.15000268821318,-94.15000268821318,0.28125,0.36484607039776096,14.404083360000003,-1.9262393282136,18010.83664,7,False,0.10634790255111655,948.0399973117869,True,2025-02-13T11:36:00+00:00,False
previously_viewed_2025_2026,chop_m5,personal,cost1,BTCUSDT,25,0,-59.54075726585419,-59.54075726585419,0.28,0.46189556300169254,12.859789200000003,-2.0386880658546,16097.05764,7,False,,,True,2025-02-13T11:36:00+00:00,False
previously_viewed_2025_2026,chop_m5,personal,cost1,ETHUSDT,7,0,-34.60924542235899,-34.60924542235899,0.2857142857142857,0.07911800455622907,1.54429416,0.11244873764100001,1913.7790000000002,2,False,,,True,2025-02-13T11:36:00+00:00,False
previously_viewed_2025_2026,chop_m5,personal,cost2,PORTFOLIO,29,0,-103.73385477150707,-103.73385477150707,0.2413793103448276,0.2707300402606159,21.894427456000003,-3.2397673155072004,13691.335790000001,7,False,0.1060846355085795,938.4561452284929,True,2025-02-10T14:01:00+00:00,False
previously_viewed_2025_2026,chop_m5,personal,cost2,BTCUSDT,23,0,-69.49569968252207,-69.49569968252207,0.2608695652173913,0.3455077236646529,19.566393536000003,-3.3108461465222003,12252.305190000001,6,False,,,True,2025-02-10T14:01:00+00:00,False
previously_viewed_2025_2026,chop_m5,personal,cost2,ETHUSDT,6,0,-34.238155088985,-34.238155088985,0.16666666666666666,0.050543920939508845,2.32803392,0.07107883101500001,1439.0306,2,False,,,True,2025-02-10T14:01:00+00:00,False
previously_viewed_2025_2026,chop_m3,personal,cost1,PORTFOLIO,29,0,-74.73650519903201,-74.73650519903201,0.3103448275862069,0.4967303001036032,15.003625972000004,-2.0634092270322,18770.864,6,False,0.10327279250059597,967.4534948009681,True,2025-02-07T03:41:00+00:00,False
previously_viewed_2025_2026,chop_m3,personal,cost1,BTCUSDT,26,0,-61.757317567872,-61.757317567872,0.3076923076923077,0.5357046675492052,14.529183652000004,-2.0618639158722,18184.062700000002,6,False,,,True,2025-02-07T03:41:00+00:00,False
previously_viewed_2025_2026,chop_m3,personal,cost1,ETHUSDT,3,0,-12.979187631160002,-12.979187631160002,0.3333333333333333,0.16203251509542876,0.47444232000000003,-0.0015453111599999982,586.8013000000001,1,False,,,True,2025-02-07T03:41:00+00:00,False
previously_viewed_2025_2026,chop_m3,personal,cost2,PORTFOLIO,29,0,-99.7776091638152,-99.7776091638152,0.20689655172413793,0.34574325394026023,24.695819608000004,-3.4419395558150003,15459.726180000001,6,False,0.10703888812599617,942.4123908361848,True,2025-02-07T03:41:00+00:00,False
previously_viewed_2025_2026,chop_m3,personal,cost2,BTCUSDT,26,0,-87.96781926190519,-87.96781926190519,0.19230769230769232,0.36401425577423246,23.876706488000004,-3.4322627739050002,14953.270980000001,6,False,,,True,2025-02-07T03:41:00+00:00,False
previously_viewed_2025_2026,chop_m3,personal,cost2,ETHUSDT,3,0,-11.809789901910012,-11.809789901910012,0.3333333333333333,0.16762122567322105,0.8191131200000001,-0.009676781909999998,506.4552,1,False,,,True,2025-02-07T03:41:00+00:00,False
previously_viewed_2025_2026,chop_m1,personal,cost1,PORTFOLIO,30,0,-61.22781515019795,-61.22781515019795,0.26666666666666666,0.6166334402833389,18.134903156000004,-2.4934019941984,22686.499700000004,6,False,0.10091767837679419,980.962184849802,True,2025-02-06T22:16:00+00:00,False
previously_viewed_2025_2026,chop_m1,personal,cost1,BTCUSDT,28,0,-58.61191874835393,-58.61191874835393,0.25,0.6222034043757986,17.961649956000002,-2.4797587923544,22471.1477,6,False,,,True,2025-02-06T22:16:00+00:00,False
previously_viewed_2025_2026,chop_m1,personal,cost1,ETHUSDT,2,0,-2.6158964018440143,-2.6158964018440143,0.5,0.4275215102893261,0.1732532,-0.013643201843999999,215.352,1,False,,,True,2025-02-06T22:16:00+00:00,False
previously_viewed_2025_2026,chop_m1,personal,cost2,PORTFOLIO,30,0,-92.72246727150257,-92.72246727150257,0.26666666666666666,0.43903110152966285,29.282033760000004,-4.1309535115026,18328.128240000002,6,False,0.10756013408457547,949.4675327284975,True,2025-02-06T22:16:00+00:00,False
previously_viewed_2025_2026,chop_m1,personal,cost2,BTCUSDT,28,0,-89.55107302781457,-89.55107302781457,0.25,0.4413386360142009,28.935525920000007,-4.1036671078146005,18112.95964,6,False,,,True,2025-02-06T22:16:00+00:00,False
previously_viewed_2025_2026,chop_m1,personal,cost2,ETHUSDT,2,0,-3.171394243688001,-3.171394243688001,0.5,0.36496532838436757,0.34650784,-0.027286403687999998,215.1686,1,False,,,True,2025-02-06T22:16:00+00:00,False
previously_viewed_2025_2026,cci_w_chop_w,personal,cost1,PORTFOLIO,49,0,-76.5528956408142,-76.5528956408142,0.2653061224489796,0.7042378044391271,32.65226844,-3.0536872008139,40826.18967,11,False,0.10047079074454915,965.6371043591859,True,2026-09-16T07:06:00+00:00,False
previously_viewed_2025_2026,cci_w_chop_w,personal,cost1,BTCUSDT,13,0,-40.032403961028734,-40.032403961028734,0.3076923076923077,0.3834334066618965,10.561055320000001,-1.0588086410289002,13205.956070000002,2,False,,,True,2026-09-16T07:06:00+00:00,False
previously_viewed_2025_2026,cci_w_chop_w,personal,cost1,ETHUSDT,36,0,-36.520491679785465,-36.520491679785465,0.25,0.8116574671144939,22.091213120000003,-1.994878559785,27620.2336,9,False,,,True,2026-09-16T07:06:00+00:00,False
previously_viewed_2025_2026,cci_w_chop_w,personal,cost2,PORTFOLIO,32,0,-87.64714939023199,-87.64714939023199,0.25,0.5217104102030766,35.149974048000004,-3.2756953422320003,21993.344520000002,7,False,0.10241680415161342,954.542850609768,True,2025-09-06T22:01:00+00:00,False
previously_viewed_2025_2026,cci_w_chop_w,personal,cost2,BTCUSDT,8,0,-44.89364003599997,-44.89364003599997,0.125,0.1449162936627973,13.020392848000002,-1.6212671880000002,8152.871520000001,1,False,,,True,2025-09-06T22:01:00+00:00,False
previously_viewed_2025_2026,cci_w_chop_w,personal,cost2,ETHUSDT,24,0,-42.753509354232015,-42.753509354232015,0.2916666666666667,0.673011251299599,22.1295812,-1.654428154232,13840.473,6,False,,,True,2025-09-06T22:01:00+00:00,False
previously_viewed_2025_2026,cci_w_chop_d,personal,cost1,PORTFOLIO,39,0,22.858146647647644,22.858146647647644,0.2564102564102564,1.103475248761935,23.766854676,-2.158268676353,29612.81071,10,False,0.10022059976593965,1009.0183817069751,True,2026-02-08T10:26:00+00:00,False
previously_viewed_2025_2026,cci_w_chop_d,personal,cost1,BTCUSDT,20,0,-87.86295517811665,-87.86295517811665,0.15,0.31199295296233126,14.227326476000002,-0.739398702117,17747.610910000003,6,False,,,True,2026-02-08T10:26:00+00:00,False
previously_viewed_2025_2026,cci_w_chop_d,personal,cost1,ETHUSDT,19,0,110.7211018257643,110.7211018257643,0.3684210526315789,2.1880200156861176,9.5395282,-1.418869974236,11865.1998,6,False,,,True,2026-02-08T10:26:00+00:00,False
previously_viewed_2025_2026,cci_w_chop_d,personal,cost2,PORTFOLIO,31,0,-14.345097875101931,-14.345097875101931,0.25806451612903225,0.9205978889775766,33.28647464,-3.6088232351022005,20730.73929,10,False,0.10318748272216803,1006.1444637978201,True,2026-02-03T06:11:00+00:00,False
previously_viewed_2025_2026,cci_w_chop_d,personal,cost2,BTCUSDT,17,0,-86.41696584448196,-86.41696584448196,0.11764705882352941,0.23397699074946393,21.208161760000003,-1.3159040844822003,13234.634290000002,6,False,,,True,2026-02-03T06:11:00+00:00,False
previously_viewed_2025_2026,cci_w_chop_d,personal,cost2,ETHUSDT,14,0,72.07186796938004,72.07186796938004,0.42857142857142855,2.0622009765610065,12.078312880000002,-2.2929191506200004,7496.1050000000005,6,False,,,True,2026-02-03T06:11:00+00:00,False
previously_viewed_2025_2026,cci_w_chop_h12,personal,cost1,PORTFOLIO,31,0,239.55852121081756,239.55852121081756,0.3548387096774194,2.560548469772932,16.209664308,-2.0004044811827,20258.1909,12,False,0.07584018205260479,990.861177034591,True,2026-02-06T07:06:00+00:00,False
previously_viewed_2025_2026,cci_w_chop_h12,personal,cost1,BTCUSDT,11,0,107.35061320233567,107.35061320233567,0.36363636363636365,2.9161979681704606,7.5501812280000005,-0.4258955696647,9508.212300000001,5,False,,,True,2026-02-06T07:06:00+00:00,False
previously_viewed_2025_2026,cci_w_chop_h12,personal,cost1,ETHUSDT,20,0,132.2079080084819,132.2079080084819,0.35,2.3561667644857383,8.659483080000001,-1.574508911518,10749.9786,9,False,,,True,2026-02-06T07:06:00+00:00,False
previously_viewed_2025_2026,cci_w_chop_h12,personal,cost2,PORTFOLIO,31,0,90.8529529435334,90.8529529435334,0.3225806451612903,1.583131018901403,26.040733576000004,-3.7949434804666002,16239.172690000001,12,False,0.06446692650599332,988.443446130438,True,2026-02-06T07:06:00+00:00,False
previously_viewed_2025_2026,cci_w_chop_h12,personal,cost2,BTCUSDT,11,0,-1.6339774199686785,-1.6339774199686785,0.2727272727272727,0.9718192217891134,11.530135416000002,-1.0529720039686001,7230.492790000001,5,False,,,True,2026-02-06T07:06:00+00:00,False
previously_viewed_2025_2026,cci_w_chop_h12,personal,cost2,ETHUSDT,20,0,92.48693036350207,92.48693036350207,0.35,1.9454810582023385,14.51059816,-2.741971476498,9008.679900000001,9,False,,,True,2026-02-06T07:06:00+00:00,False
previously_viewed_2025_2026,cci_w_chop_h6,personal,cost1,PORTFOLIO,33,0,-50.5845719364305,-50.5845719364305,0.36363636363636365,0.6764254804167273,16.473874608000003,-0.5444773284308,20569.856490000002,16,False,0.1016502883236675,991.6054280635695,True,2026-02-07T07:01:00+00:00,False
previously_viewed_2025_2026,cci_w_chop_h6,personal,cost1,BTCUSDT,10,0,-14.55931282017159,-14.55931282017159,0.3,0.6694279298849859,4.968845728000001,-0.1468470921718,6184.270090000001,6,False,,,True,2026-02-07T07:01:00+00:00,False
previously_viewed_2025_2026,cci_w_chop_h6,personal,cost1,ETHUSDT,23,0,-36.025259116258916,-36.025259116258916,0.391304347826087,0.6791701396534116,11.505028880000001,-0.397630236259,14385.5864,13,False,,,True,2026-02-07T07:01:00+00:00,False
previously_viewed_2025_2026,cci_w_chop_h6,personal,cost2,PORTFOLIO,26,0,-66.29752161580922,-66.29752161580922,0.34615384615384615,0.5103329312563405,24.500585680000004,-1.2902759358090001,15301.231300000001,14,False,0.103183196272454,975.8924783841908,True,2025-12-04T19:16:00+00:00,False
previously_viewed_2025_2026,cci_w_chop_h6,personal,cost2,BTCUSDT,5,0,-7.706561799347978,-7.706561799347978,0.2,0.6852872777845649,5.815912480000001,-0.3704893193480001,3618.3567000000003,4,False,,,True,2025-12-04T19:16:00+00:00,False
previously_viewed_2025_2026,cci_w_chop_h6,personal,cost2,ETHUSDT,21,0,-58.590959816461236,-58.590959816461236,0.38095238095238093,0.47170350871358063,18.684673200000002,-0.919786616461,11682.874600000001,12,False,,,True,2025-12-04T19:16:00+00:00,False
previously_viewed_2025_2026,cci_w_chop_h4,personal,cost1,PORTFOLIO,44,0,-72.53018893927143,-72.53018893927143,0.3409090909090909,0.6415925620465238,21.241514688000002,-0.30859425127159995,26522.79565,21,False,0.10170931741398548,969.6598110607287,True,2026-08-31T05:21:00+00:00,False
previously_viewed_2025_2026,cci_w_chop_h4,personal,cost1,BTCUSDT,13,0,3.1206514027405676,3.1206514027405676,0.38461538461538464,1.0520074458569908,6.558608888000001,0.20764029074040005,8184.718850000001,7,False,,,True,2026-08-31T05:21:00+00:00,False
previously_viewed_2025_2026,cci_w_chop_h4,personal,cost1,ETHUSDT,31,0,-75.65084034201199,-75.65084034201199,0.3225806451612903,0.468609923228523,14.682905800000002,-0.516234542012,18338.0768,18,False,,,True,2026-08-31T05:21:00+00:00,False
previously_viewed_2025_2026,cci_w_chop_h4,personal,cost2,PORTFOLIO,36,0,-97.27650220315141,-97.27650220315141,0.2777777777777778,0.45773055724350664,29.504994096000004,-0.9965481071512001,18415.558200000003,18,False,0.1114082325334715,944.9134977968486,True,2026-02-23T04:41:00+00:00,False
previously_viewed_2025_2026,cci_w_chop_h4,personal,cost2,BTCUSDT,11,0,-23.62809663053915,-23.62809663053915,0.18181818181818182,0.608622246422545,9.288733936000002,-0.023602694539200005,5785.139000000001,6,False,,,True,2026-02-23T04:41:00+00:00,False
previously_viewed_2025_2026,cci_w_chop_h4,personal,cost2,ETHUSDT,25,0,-73.64840557261226,-73.64840557261226,0.32,0.38118994431099634,20.21626016,-0.9729454126120001,12630.4192,15,False,,,True,2026-02-23T04:41:00+00:00,False
previously_viewed_2025_2026,cci_w_chop_h1,personal,cost1,PORTFOLIO,53,0,-20.891018468156346,-20.891018468156346,0.33962264150943394,0.8932421232584631,20.04070824,-0.4840702281569001,25010.10262,32,False,0.0898600242464749,1018.3346887205157,False,,False
previously_viewed_2025_2026,cci_w_chop_h1,personal,cost1,BTCUSDT,21,0,-37.66564337171227,-37.66564337171227,0.23809523809523808,0.6154690111511246,10.580383480000002,0.3796801082871001,13215.90032,14,False,,,False,,False
previously_viewed_2025_2026,cci_w_chop_h1,personal,cost1,ETHUSDT,32,0,16.774624903555925,16.774624903555925,0.40625,1.1716358576814543,9.46032476,-0.8637503364440001,11794.2023,24,False,,,False,,False
previously_viewed_2025_2026,cci_w_chop_h1,personal,cost2,PORTFOLIO,49,0,-61.67957751198586,-61.67957751198586,0.22448979591836735,0.69155364258435,32.502095504,-1.4434020079858,20263.490950000003,29,False,0.10557285336397455,980.5104224880142,True,2026-09-03T15:01:00+00:00,False
previously_viewed_2025_2026,cci_w_chop_h1,personal,cost2,BTCUSDT,21,0,-63.76715651612898,-63.76715651612898,0.14285714285714285,0.4066354880470023,17.585335984000004,0.1750594678712,10973.09625,14,False,,,True,2026-09-03T15:01:00+00:00,False
previously_viewed_2025_2026,cci_w_chop_h1,personal,cost2,ETHUSDT,28,0,2.087579004143116,2.087579004143116,0.2857142857142857,1.0225680598165716,14.916759520000001,-1.6184614758570002,9290.3947,21,False,,,True,2026-09-03T15:01:00+00:00,False
previously_viewed_2025_2026,cci_w_chop_m30,personal,cost1,PORTFOLIO,46,0,-63.17693086500455,-63.17693086500455,0.30434782608695654,0.5880544156573742,12.001463120000002,-0.7613677450048001,14986.039260000001,25,False,0.10363733245737561,970.1876568885438,True,2026-02-23T14:26:00+00:00,False
previously_viewed_2025_2026,cci_w_chop_m30,personal,cost1,BTCUSDT,19,0,-34.506341717638705,-34.506341717638705,0.3157894736842105,0.37642316038748735,5.403477240000001,-0.2138644776388,6751.1948600000005,14,False,,,True,2026-02-23T14:26:00+00:00,False
previously_viewed_2025_2026,cci_w_chop_m30,personal,cost1,ETHUSDT,27,0,-28.67058914736585,-28.67058914736585,0.2962962962962963,0.7075210732508626,6.59798588,-0.5475032673660001,8234.8444,17,False,,,True,2026-02-23T14:26:00+00:00,False
previously_viewed_2025_2026,cci_w_chop_m30,personal,cost2,PORTFOLIO,43,0,-81.78489002303574,-81.78489002303574,0.27906976744186046,0.4637689600614737,20.654847072000003,-1.4944029510361,12896.84841,23,False,0.10632510499593294,957.6307779432245,True,2026-02-19T14:36:00+00:00,False
previously_viewed_2025_2026,cci_w_chop_m30,personal,cost2,BTCUSDT,17,0,-39.09250682798509,-39.09250682798509,0.23529411764705882,0.2527113164220973,8.761613632000001,-0.5666531959851,5474.60911,12,False,,,True,2026-02-19T14:36:00+00:00,False
previously_viewed_2025_2026,cci_w_chop_m30,personal,cost2,ETHUSDT,26,0,-42.69238319505065,-42.69238319505065,0.3076923076923077,0.5739519157193597,11.893233440000001,-0.9277497550510001,7422.2393,16,False,,,True,2026-02-19T14:36:00+00:00,False
previously_viewed_2025_2026,cci_w_chop_m15,personal,cost1,PORTFOLIO,24,0,-1.003039673566156,-1.003039673566156,0.25,0.9883454192749295,7.996837224000001,-0.5296424495661,10041.949910000001,11,False,0.10058406843611285,1028.293117754131,True,2025-07-25T19:46:00+00:00,False
previously_viewed_2025_2026,cci_w_chop_m15,personal,cost1,BTCUSDT,8,0,-45.51822339070912,-45.51822339070912,0.0,0.0,4.089104144000001,-0.26905924670910003,5131.96021,5,False,,,True,2025-07-25T19:46:00+00:00,False
previously_viewed_2025_2026,cci_w_chop_m15,personal,cost1,ETHUSDT,16,0,44.51518371714296,44.51518371714296,0.375,2.0978997739498095,3.9077330800000003,-0.260583202857,4909.9897,8,False,,,True,2025-07-25T19:46:00+00:00,False
previously_viewed_2025_2026,cci_w_chop_m15,personal,cost2,PORTFOLIO,24,0,-21.644241770654723,-21.644241770654723,0.25,0.7662451866087067,13.876737336000001,-0.9900344346548,8713.681270000001,11,False,0.1002779587738954,1020.5457582293453,True,2025-07-25T19:46:00+00:00,False
previously_viewed_2025_2026,cci_w_chop_m15,personal,cost2,BTCUSDT,8,0,-49.20567058387969,-49.20567058387969,0.0,0.0,6.891620456000001,-0.4666801278798,4328.186470000001,5,False,,,True,2025-07-25T19:46:00+00:00,False
previously_viewed_2025_2026,cci_w_chop_m15,personal,cost2,ETHUSDT,16,0,27.561428813224964,27.561428813224964,0.375,1.635230001237962,6.9851168800000005,-0.523354306775,4385.4948,8,False,,,True,2025-07-25T19:46:00+00:00,False
previously_viewed_2025_2026,cci_w_chop_m5,personal,cost1,PORTFOLIO,35,0,17.201047739532466,17.201047739532466,0.3142857142857143,1.1224124458313842,16.188621052000002,0.02623879153239996,20260.063000000002,10,False,0.10007734118012397,1013.2636486553453,True,2025-05-26T15:36:00+00:00,False
previously_viewed_2025_2026,cci_w_chop_m5,personal,cost1,BTCUSDT,4,0,-9.330346460262563,-9.330346460262563,0.25,0.20987481497284977,1.4399825720000001,-0.28539388826260004,1803.7807000000003,1,False,,,True,2025-05-26T15:36:00+00:00,False
previously_viewed_2025_2026,cci_w_chop_m5,personal,cost1,ETHUSDT,31,0,26.531394199795027,26.531394199795027,0.3225806451612903,1.206135598746171,14.74863848,0.311632679795,18456.2823,9,False,,,True,2025-05-26T15:36:00+00:00,False
previously_viewed_2025_2026,cci_w_chop_m5,personal,cost2,PORTFOLIO,33,0,-24.44919748931449,-24.44919748931449,0.24242424242424243,0.8379211458334483,26.465749616000004,-0.20714787331420004,16548.76636,10,False,0.10281896430089643,1001.14326233686,True,2025-05-21T23:21:00+00:00,False
previously_viewed_2025_2026,cci_w_chop_m5,personal,cost2,BTCUSDT,2,0,-7.9083993419591945,-7.9083993419591945,0.0,0.0,1.1556058560000002,-0.19179348595920004,725.53416,1,False,,,True,2025-05-21T23:21:00+00:00,False
previously_viewed_2025_2026,cci_w_chop_m5,personal,cost2,ETHUSDT,31,0,-16.540798147355297,-16.540798147355297,0.25806451612903225,0.8842808392444579,25.310143760000003,-0.015354387355000011,15823.2322,9,False,,,True,2025-05-21T23:21:00+00:00,False
previously_viewed_2025_2026,cci_w_chop_m3,personal,cost1,PORTFOLIO,38,0,16.953810343006133,16.953810343006133,0.3157894736842105,1.1020104391697718,19.861093892000003,0.2986142350062,24850.86792,10,False,0.10280099717360078,1017.0538914972041,True,2025-05-21T22:46:00+00:00,False
previously_viewed_2025_2026,cci_w_chop_m3,personal,cost1,BTCUSDT,2,0,-7.025871917011823,-7.025871917011823,0.0,0.0,0.6713350520000001,-0.11212686501180003,842.2900200000001,1,False,,,True,2025-05-21T22:46:00+00:00,False
previously_viewed_2025_2026,cci_w_chop_m3,personal,cost1,ETHUSDT,36,0,23.979682260017952,23.979682260017952,0.3333333333333333,1.1506536395219473,19.189758840000003,0.410741100018,24008.5779,9,False,,,True,2025-05-21T22:46:00+00:00,False
previously_viewed_2025_2026,cci_w_chop_m3,personal,cost2,PORTFOLIO,36,0,-29.300281954863276,-29.300281954863276,0.2777777777777778,0.8301715405267173,32.20960816,0.02672620513699998,20132.4464,9,False,0.10424908682031443,1001.0770693571689,True,2025-05-19T20:06:00+00:00,False
previously_viewed_2025_2026,cci_w_chop_m3,personal,cost2,BTCUSDT,0,0,0,0,,,0,0,0,0,False,,,True,2025-05-19T20:06:00+00:00,False
previously_viewed_2025_2026,cci_w_chop_m3,personal,cost2,ETHUSDT,36,0,-29.300281954863276,-29.300281954863276,0.2777777777777778,0.8301715405267173,32.20960816,0.02672620513699998,20132.4464,9,False,,,True,2025-05-19T20:06:00+00:00,False
previously_viewed_2025_2026,cci_w_chop_m1,personal,cost1,PORTFOLIO,41,0,1.9015493814642679,1.9015493814642679,0.36585365853658536,1.0096831094627425,24.248068560000004,0.474617941464,30322.9232,9,False,0.10314927953829606,999.9071571075533,True,2025-05-19T17:01:00+00:00,False
previously_viewed_2025_2026,cci_w_chop_m1,personal,cost1,BTCUSDT,0,0,0,0,,,0,0,0,0,False,,,True,2025-05-19T17:01:00+00:00,False
previously_viewed_2025_2026,cci_w_chop_m1,personal,cost1,ETHUSDT,41,0,1.9015493814642679,1.9015493814642679,0.36585365853658536,1.0096831094627425,24.248068560000004,0.474617941464,30322.9232,9,False,,,True,2025-05-19T17:01:00+00:00,False
previously_viewed_2025_2026,cci_w_chop_m1,personal,cost2,PORTFOLIO,40,0,-53.364318646324215,-53.364318646324215,0.35,0.7341899585753465,39.038745680000005,0.14992703367600002,24391.978300000002,8,False,0.10481395445193281,983.87697086494,True,2025-04-27T12:36:00+00:00,False
previously_viewed_2025_2026,cci_w_chop_m1,personal,cost2,BTCUSDT,0,0,0,0,,,0,0,0,0,False,,,True,2025-04-27T12:36:00+00:00,False
previously_viewed_2025_2026,cci_w_chop_m1,personal,cost2,ETHUSDT,40,0,-53.364318646324215,-53.364318646324215,0.35,0.7341899585753465,39.038745680000005,0.14992703367600002,24391.978300000002,8,False,,,True,2025-04-27T12:36:00+00:00,False
previously_viewed_2025_2026,cci_d_chop_w,personal,cost1,PORTFOLIO,17,0,-90.43251351208778,-90.43251351208778,0.11764705882352941,0.14584556722131686,12.574955028000002,-1.218668484088,15757.01323,7,False,0.10104573212349047,951.7574864879123,True,2026-09-20T11:56:00+00:00,False
previously_viewed_2025_2026,cci_d_chop_w,personal,cost1,BTCUSDT,6,0,-17.092129023999913,-17.092129023999913,0.3333333333333333,0.47462733516012834,5.101870708000001,-0.6677683160000001,6382.99963,2,False,,,True,2026-09-20T11:56:00+00:00,False
previously_viewed_2025_2026,cci_d_chop_w,personal,cost1,ETHUSDT,11,0,-73.34038448808786,-73.34038448808786,0.0,0.0,7.473084320000001,-0.550900168088,9374.0136,5,False,,,True,2026-09-20T11:56:00+00:00,False
previously_viewed_2025_2026,cci_d_chop_w,personal,cost2,PORTFOLIO,16,0,-95.78179613864819,-95.78179613864819,0.0625,0.07287101788617997,18.729987352000002,-1.9998587866480002,11743.76807,7,False,0.10136024119580309,946.4082038613518,True,2026-09-20T09:41:00+00:00,False
previously_viewed_2025_2026,cci_d_chop_w,personal,cost2,BTCUSDT,6,0,-26.698260318000017,-26.698260318000017,0.16666666666666666,0.21995520179379513,7.973677112000001,-1.0652332060000003,4992.37787,2,False,,,True,2026-09-20T09:41:00+00:00,False
previously_viewed_2025_2026,cci_d_chop_w,personal,cost2,ETHUSDT,10,0,-69.08353582064817,-69.08353582064817,0.0,0.0,10.756310240000001,-0.9346255806479999,6751.3902,5,False,,,True,2026-09-20T09:41:00+00:00,False
previously_viewed_2025_2026,cci_d_chop_d,personal,cost1,PORTFOLIO,70,0,174.045121603298,174.045121603298,0.35714285714285715,1.5236075183657312,42.597978672,-4.9222997247021,53194.95489,19,False,0.08031011233058964,986.5717862216136,True,2026-08-28T13:56:00+00:00,False
previously_viewed_2025_2026,cci_d_chop_d,personal,cost1,BTCUSDT,25,0,-13.187627188476844,-13.187627188476844,0.4,0.8783230384725986,17.770978352000004,-2.2312488364771,22218.628790000002,11,False,,,True,2026-08-28T13:56:00+00:00,False
previously_viewed_2025_2026,cci_d_chop_d,personal,cost1,ETHUSDT,45,0,187.23274879177484,187.23274879177484,0.3333333333333333,1.8358087648773513,24.82700032,-2.691050888225,30976.326100000002,14,False,,,True,2026-08-28T13:56:00+00:00,False
previously_viewed_2025_2026,cci_d_chop_d,personal,cost2,PORTFOLIO,48,0,-12.284667420259005,-12.284667420259005,0.25,0.9484313364926603,44.02319592800001,-5.3383414922590005,27454.29933,14,False,0.09137154769172093,969.1467783817191,True,2026-02-08T23:26:00+00:00,False
previously_viewed_2025_2026,cci_d_chop_d,personal,cost2,BTCUSDT,16,0,-64.63565279465706,-64.63565279465706,0.125,0.1362034482610763,17.658858328,-2.4818644666570004,11023.690630000001,7,False,,,True,2026-02-08T23:26:00+00:00,False
previously_viewed_2025_2026,cci_d_chop_d,personal,cost2,ETHUSDT,32,0,52.35098537439806,52.35098537439806,0.3125,1.320400729010689,26.364337600000002,-2.8564770256020005,16430.6087,10,False,,,True,2026-02-08T23:26:00+00:00,False
previously_viewed_2025_2026,cci_d_chop_h12,personal,cost1,PORTFOLIO,19,0,-102.90201209703821,-102.90201209703821,0.10526315789473684,0.0799701999745326,9.166465176,-0.30334692103800004,11450.645770000001,7,False,0.10097222643796822,939.2879879029618,True,2025-05-12T00:11:00+00:00,False
previously_viewed_2025_2026,cci_d_chop_h12,personal,cost1,BTCUSDT,8,0,-44.71054563100014,-44.71054563100014,0.0,0.0,5.025887096000001,-0.40425853500000003,6301.999070000001,3,False,,,True,2025-05-12T00:11:00+00:00,False
previously_viewed_2025_2026,cci_d_chop_h12,personal,cost1,ETHUSDT,11,0,-58.191466466038065,-58.191466466038065,0.18181818181818182,0.1332280578737728,4.14057808,0.100911613962,5148.6467,4,False,,,True,2025-05-12T00:11:00+00:00,False
previously_viewed_2025_2026,cci_d_chop_h12,personal,cost2,PORTFOLIO,15,0,-104.02564692776227,-104.02564692776227,0.06666666666666667,0.012940477108823466,11.717212784,-0.183234143762,7308.50809,6,False,0.10066631950356116,938.1643530722378,True,2025-04-08T15:11:00+00:00,False
previously_viewed_2025_2026,cci_d_chop_h12,personal,cost2,BTCUSDT,5,0,-36.425496340000166,-36.425496340000166,0.0,0.0,4.869572064000001,-0.24322427600000002,3059.1388900000006,2,False,,,True,2025-04-08T15:11:00+00:00,False
previously_viewed_2025_2026,cci_d_chop_h12,personal,cost2,ETHUSDT,10,0,-67.6001505877621,-67.6001505877621,0.1,0.019775401278541486,6.84764072,0.05999013223800001,4249.3692,4,False,,,True,2025-04-08T15:11:00+00:00,False
previously_viewed_2025_2026,cci_d_chop_h6,personal,cost1,PORTFOLIO,34,0,-24.63059910073991,-24.63059910073991,0.4117647058823529,0.8158800061271058,18.653620892000003,-2.0845682087400004,23352.23472,19,False,0.10711654559525836,1014.6075600089412,True,2026-01-21T07:41:00+00:00,False
previously_viewed_2025_2026,cci_d_chop_h6,personal,cost1,BTCUSDT,9,0,2.8993380757149962,2.8993380757149962,0.4444444444444444,1.1013531964834375,6.890320412000001,-1.5773315122850002,8598.36822,5,False,,,True,2026-01-21T07:41:00+00:00,False
previously_viewed_2025_2026,cci_d_chop_h6,personal,cost1,ETHUSDT,25,0,-27.529937176454904,-27.529937176454904,0.4,0.7382300264731079,11.763300480000002,-0.507236696455,14753.8665,15,False,,,True,2026-01-21T07:41:00+00:00,False
previously_viewed_2025_2026,cci_d_chop_h6,personal,cost2,PORTFOLIO,29,0,-42.37048159607088,-42.37048159607088,0.3793103448275862,0.6329030077924646,25.978529712000004,-3.485271884071,16267.779310000002,14,False,0.10184831567972624,999.8195184039291,True,2025-09-13T08:41:00+00:00,False
previously_viewed_2025_2026,cci_d_chop_h6,personal,cost2,BTCUSDT,8,0,-6.290839344127802,-6.290839344127802,0.375,0.7335233918603803,9.571941632000001,-2.454517712128,5979.5957100000005,4,False,,,True,2025-09-13T08:41:00+00:00,False
previously_viewed_2025_2026,cci_d_chop_h6,personal,cost2,ETHUSDT,21,0,-36.079642251943085,-36.079642251943085,0.38095238095238093,0.6070309101535034,16.406588080000002,-1.030754171943,10288.1836,11,False,,,True,2025-09-13T08:41:00+00:00,False
previously_viewed_2025_2026,cci_d_chop_h4,personal,cost1,PORTFOLIO,42,0,-44.84265185741993,-44.84265185741993,0.3333333333333333,0.7516626054165817,19.313715132000002,-1.6787067254205001,24138.543230000003,24,False,0.10084203730553917,997.3473481425801,True,2026-06-01T16:11:00+00:00,False
previously_viewed_2025_2026,cci_d_chop_h4,personal,cost1,BTCUSDT,12,0,-31.786451262610253,-31.786451262610253,0.3333333333333333,0.26596220917893826,5.879332012000001,-0.9886892506105001,7337.119030000001,6,False,,,True,2026-06-01T16:11:00+00:00,False
previously_viewed_2025_2026,cci_d_chop_h4,personal,cost1,ETHUSDT,30,0,-13.056200594809676,-13.056200594809676,0.3333333333333333,0.9048852751148746,13.434383120000001,-0.69001747481,16801.4242,20,False,,,True,2026-06-01T16:11:00+00:00,False
previously_viewed_2025_2026,cci_d_chop_h4,personal,cost2,PORTFOLIO,32,0,-65.20056977708214,-65.20056977708214,0.34375,0.49348995961531494,23.548279920000002,-2.5543698570820004,14722.080450000001,20,False,0.10027182926931213,976.9894302229179,True,2026-01-30T00:31:00+00:00,False
previously_viewed_2025_2026,cci_d_chop_h4,personal,cost2,BTCUSDT,8,0,-24.712204228837933,-24.712204228837933,0.25,0.1021934191873108,7.201367840000001,-1.4770163888380001,4501.861350000001,4,False,,,True,2026-01-30T00:31:00+00:00,False
previously_viewed_2025_2026,cci_d_chop_h4,personal,cost2,ETHUSDT,24,0,-40.48836554824421,-40.48836554824421,0.375,0.5999174986074631,16.346912080000003,-1.077353468244,10220.2191,16,False,,,True,2026-01-30T00:31:00+00:00,False
previously_viewed_2025_2026,cci_d_chop_h1,personal,cost1,PORTFOLIO,39,0,49.84792909436227,49.84792909436227,0.5128205128205128,1.4344924233437848,12.545305940000002,-0.9307749656380001,15680.66029,25,False,0.05294682470016725,1020.1723153699805,False,,False
previously_viewed_2025_2026,cci_d_chop_h1,personal,cost1,BTCUSDT,14,0,-11.33699379460976,-11.33699379460976,0.35714285714285715,0.8187355129084088,5.305265020000001,-0.1404387746100001,6625.370890000001,9,False,,,False,,False
previously_viewed_2025_2026,cci_d_chop_h1,personal,cost1,ETHUSDT,25,0,61.184922888972025,61.184922888972025,0.6,2.172509587916128,7.24004092,-0.790336191028,9055.2894,19,False,,,False,,False
previously_viewed_2025_2026,cci_d_chop_h1,personal,cost2,PORTFOLIO,39,0,15.681652658006513,15.681652658006513,0.46153846153846156,1.1286129994802236,21.512859328000005,-2.0511080139935003,13443.533360000001,25,False,0.058047834678255895,1007.5239904523353,False,,False
previously_viewed_2025_2026,cci_d_chop_h1,personal,cost2,BTCUSDT,14,0,-20.652995079115637,-20.652995079115637,0.35714285714285715,0.6785770570485975,8.978746928000001,-0.4737681511155001,5605.989460000001,9,False,,,False,,False
previously_viewed_2025_2026,cci_d_chop_h1,personal,cost2,ETHUSDT,25,0,36.334647737122154,36.334647737122154,0.52,1.6299994025044757,12.534112400000001,-1.577339862878,7837.543900000001,19,False,,,False,,False
previously_viewed_2025_2026,cci_d_chop_m30,personal,cost1,PORTFOLIO,42,1,53.330089696183336,53.39194105618338,0.30952380952380953,1.3549775875048569,11.833172048000002,-0.5621182558170001,14838.27691,25,False,0.06443323382344215,1013.986735495674,False,,False
previously_viewed_2025_2026,cci_d_chop_m30,personal,cost1,BTCUSDT,14,0,30.222467904260185,30.222467904260185,0.35714285714285715,1.566833758009128,5.016886608000001,-0.13482548774000003,6306.100310000001,12,False,,,False,,False
previously_viewed_2025_2026,cci_d_chop_m30,personal,cost1,ETHUSDT,28,1,23.107621791923147,23.169473151923196,0.2857142857142857,1.2386359725199325,6.816285440000001,-0.42729276807700006,8532.1766,20,False,,,False,,False
previously_viewed_2025_2026,cci_d_chop_m30,personal,cost2,PORTFOLIO,42,1,18.097074667506458,18.831160267506437,0.30952380952380953,1.1187232263832103,21.122287104,-1.5108582284938001,13240.211990000002,25,False,0.05980760566339827,999.6469001840218,False,,False
previously_viewed_2025_2026,cci_d_chop_m30,personal,cost2,BTCUSDT,14,0,13.359962098351112,13.359962098351112,0.35714285714285715,1.2363418052286659,8.671759664000001,-0.5605982376488,5450.54549,12,False,,,False,,False
previously_viewed_2025_2026,cci_d_chop_m30,personal,cost2,ETHUSDT,28,1,4.737112569155347,5.471198169155327,0.2857142857142857,1.0535941074896555,12.450527440000002,-0.9502599908450001,7789.6665,20,False,,,False,,False
previously_viewed_2025_2026,cci_d_chop_m15,personal,cost1,PORTFOLIO,41,0,-44.647099312510804,-44.647099312510804,0.2682926829268293,0.7200833786514891,11.312450984000002,-1.1515683285108,14155.53857,24,False,0.10716335917955731,997.5429006874892,True,2026-01-21T12:16:00+00:00,False
previously_viewed_2025_2026,cci_d_chop_m15,personal,cost1,BTCUSDT,13,0,-45.7156223778178,-45.7156223778178,0.3076923076923077,0.29723425777534623,5.678950304000001,-0.5988920738178001,7102.5488700000005,10,False,,,True,2026-01-21T12:16:00+00:00,False
previously_viewed_2025_2026,cci_d_chop_m15,personal,cost1,ETHUSDT,28,0,1.0685230653069964,1.0685230653069964,0.25,1.0113130589154529,5.633500680000001,-0.552676254693,7052.9897,17,False,,,True,2026-01-21T12:16:00+00:00,False
previously_viewed_2025_2026,cci_d_chop_m15,personal,cost2,PORTFOLIO,34,0,-54.74046636945043,-54.74046636945043,0.2647058823529412,0.6064457857979129,16.308423920000003,-2.3348024494504003,10212.11102,21,False,0.10009111506809684,987.4495336305496,True,2025-11-04T05:36:00+00:00,False
previously_viewed_2025_2026,cci_d_chop_m15,personal,cost2,BTCUSDT,10,0,-44.194227880973486,-44.194227880973486,0.3,0.1442308856193312,7.645505360000001,-1.1226825209734,4787.556320000001,8,False,,,True,2025-11-04T05:36:00+00:00,False
previously_viewed_2025_2026,cci_d_chop_m15,personal,cost2,ETHUSDT,24,0,-10.546238488476943,-10.546238488476943,0.25,0.8794024651829089,8.662918560000001,-1.2121199284770001,5424.554700000001,15,False,,,True,2025-11-04T05:36:00+00:00,False
previously_viewed_2025_2026,cci_d_chop_m5,personal,cost1,PORTFOLIO,37,0,-58.16606680898816,-58.16606680898816,0.2702702702702703,0.686752248684117,15.316745564000001,-0.9759312449880001,19180.21105,13,False,0.1084178164236358,979.9410595066444,True,2025-05-28T21:56:00+00:00,False
previously_viewed_2025_2026,cci_d_chop_m5,personal,cost1,BTCUSDT,14,0,-65.78347571946219,-65.78347571946219,0.21428571428571427,0.24617188956602223,8.566786604000002,-0.981099115462,10736.601050000001,5,False,,,True,2025-05-28T21:56:00+00:00,False
previously_viewed_2025_2026,cci_d_chop_m5,personal,cost1,ETHUSDT,23,0,7.6174089104740235,7.6174089104740235,0.30434782608695654,1.0773960033761016,6.749958960000001,0.005167870474000003,8443.61,9,False,,,True,2025-05-28T21:56:00+00:00,False
previously_viewed_2025_2026,cci_d_chop_m5,personal,cost2,PORTFOLIO,36,0,-79.51980420194828,-79.51980420194828,0.19444444444444445,0.5643873699252049,24.546155536000004,-1.9072286659482,15367.538620000001,12,False,0.10294020339453208,962.6701957980517,True,2025-05-28T11:06:00+00:00,False
previously_viewed_2025_2026,cci_d_chop_m5,personal,cost2,BTCUSDT,14,0,-74.78066566183824,-74.78066566183824,0.14285714285714285,0.17272016306100718,13.993688336000002,-1.6455573258382001,8775.62592,5,False,,,True,2025-05-28T11:06:00+00:00,False
previously_viewed_2025_2026,cci_d_chop_m5,personal,cost2,ETHUSDT,22,0,-4.739138540110041,-4.739138540110041,0.22727272727272727,0.9485734978591206,10.5524672,-0.26167134011,6591.9127,8,False,,,True,2025-05-28T11:06:00+00:00,False
previously_viewed_2025_2026,cci_d_chop_m3,personal,cost1,PORTFOLIO,42,0,-91.76545278158831,-91.76545278158831,0.23809523809523808,0.5645669007620894,20.006495564,-1.003587217588,25047.395740000004,16,False,0.10310056972146864,939.9372628565563,True,2025-05-28T21:56:00+00:00,False
previously_viewed_2025_2026,cci_d_chop_m3,personal,cost1,BTCUSDT,17,0,-89.23416729355225,-89.23416729355225,0.11764705882352941,0.11784461952675018,11.244565764000003,-1.015731529552,14094.194140000001,7,False,,,True,2025-05-28T21:56:00+00:00,False
previously_viewed_2025_2026,cci_d_chop_m3,personal,cost1,ETHUSDT,25,0,-2.531285488036053,-2.531285488036053,0.32,0.9769023346748553,8.7619298,0.01214431196399999,10953.2016,10,False,,,True,2025-05-28T21:56:00+00:00,False
previously_viewed_2025_2026,cci_d_chop_m3,personal,cost2,PORTFOLIO,23,0,-106.67385521768885,-106.67385521768885,0.17391304347826086,0.18378940441300853,15.281142792000002,-0.33808242568860003,9535.708560000001,10,False,0.10320491831122382,935.5161447823112,True,2025-04-04T23:26:00+00:00,False
previously_viewed_2025_2026,cci_d_chop_m3,personal,cost2,BTCUSDT,7,0,-37.09323130923373,-37.09323130923373,0.14285714285714285,0.17900477968595732,6.086475592000001,-0.4851257172336001,3819.3080600000003,3,False,,,True,2025-04-04T23:26:00+00:00,False
previously_viewed_2025_2026,cci_d_chop_m3,personal,cost2,ETHUSDT,16,0,-69.58062390845512,-69.58062390845512,0.1875,0.18631735542441155,9.194667200000001,0.14704329154500004,5716.4005,7,False,,,True,2025-04-04T23:26:00+00:00,False
previously_viewed_2025_2026,cci_d_chop_m1,personal,cost1,PORTFOLIO,42,0,-92.80763818094862,-92.80763818094862,0.23809523809523808,0.5778086171896181,22.284301872000004,-0.31071630894830005,27883.58635,14,False,0.10804325938912195,948.9597880380488,True,2025-05-12T06:31:00+00:00,False
previously_viewed_2025_2026,cci_d_chop_m1,personal,cost1,BTCUSDT,16,0,-75.14046894582074,-75.14046894582074,0.125,0.24633607463869936,11.145461912000002,-0.6796870338203,13963.485050000001,6,False,,,True,2025-05-12T06:31:00+00:00,False
previously_viewed_2025_2026,cci_d_chop_m1,personal,cost1,ETHUSDT,26,0,-17.667169235127876,-17.667169235127876,0.3076923076923077,0.8529248163433006,11.138839960000002,0.368970724872,13920.1013,8,False,,,True,2025-05-12T06:31:00+00:00,False
previously_viewed_2025_2026,cci_d_chop_m1,personal,cost2,PORTFOLIO,26,0,-99.41617154737939,-99.41617154737939,0.23076923076923078,0.33417973361615416,19.43444428,-0.4811172673794,12135.417580000001,8,False,0.10143187087386596,942.7738284526206,True,2025-03-30T00:41:00+00:00,False
previously_viewed_2025_2026,cci_d_chop_m1,personal,cost2,BTCUSDT,9,0,-38.02218969038944,-38.02218969038944,0.2222222222222222,0.33568960780237406,8.6547326,-0.7272470903894,5423.527980000001,3,False,,,True,2025-03-30T00:41:00+00:00,False
previously_viewed_2025_2026,cci_d_chop_m1,personal,cost2,ETHUSDT,17,0,-61.39398185698995,-61.39398185698995,0.23529411764705882,0.33324120008644914,10.779711680000002,0.24612982301,6711.8896,5,False,,,True,2025-03-30T00:41:00+00:00,False
previously_viewed_2025_2026,cci_h12_chop_w,personal,cost1,PORTFOLIO,15,1,70.26953065778197,-16.532079355637848,0.2,0.7679168444706012,11.703197432000001,-2.161771910218,14586.929540000001,8,False,0.0789276453904751,1010.217423806,False,,False
previously_viewed_2025_2026,cci_h12_chop_w,personal,cost1,BTCUSDT,4,0,14.986044446000111,14.986044446000111,0.25,2.8406829765907564,2.9345853920000007,-0.9449701620000002,3658.79894,3,False,,,False,,False
previously_viewed_2025_2026,cci_h12_chop_w,personal,cost1,ETHUSDT,11,1,55.28348621178186,-31.51812380163796,0.18181818181818182,0.5004407513421476,8.76861204,-1.216801748218,10928.1306,5,False,,,False,,False
previously_viewed_2025_2026,cci_h12_chop_w,personal,cost2,PORTFOLIO,15,1,20.621842413411866,-42.071997849708104,0.13333333333333333,0.488449643278356,19.158423632,-3.5463139545880003,11952.351480000001,8,False,0.08003551059132367,993.7922293919999,False,,False
previously_viewed_2025_2026,cci_h12_chop_w,personal,cost2,BTCUSDT,4,0,4.482107092000016,4.482107092000016,0.25,1.3512780816890024,4.719137232000001,-1.522735676,2944.0987800000003,3,False,,,False,,False
previously_viewed_2025_2026,cci_h12_chop_w,personal,cost2,ETHUSDT,11,1,16.139735321411848,-46.55410494170812,0.09090909090909091,0.33000899139761947,14.439286400000002,-2.0235782785880003,9008.252700000001,5,False,,,False,,False
previously_viewed_2025_2026,cci_h12_chop_d,personal,cost1,PORTFOLIO,40,0,220.59441876881053,220.59441876881053,0.45,2.4901947692009387,22.902741380000002,-2.9907698511898,28608.21235,16,False,0.06454543078442321,1013.647924025711,False,,False
previously_viewed_2025_2026,cci_h12_chop_d,personal,cost1,BTCUSDT,16,0,-20.211331388891267,-20.211331388891267,0.3125,0.7129759566922612,11.658454100000002,-1.0590072888918003,14580.381850000002,9,False,,,False,,False
previously_viewed_2025_2026,cci_h12_chop_d,personal,cost1,ETHUSDT,24,0,240.8057501577018,240.8057501577018,0.5416666666666666,4.102617649322203,11.24428728,-1.9317625622980001,14027.8305,11,False,,,False,,False
previously_viewed_2025_2026,cci_h12_chop_d,personal,cost2,PORTFOLIO,40,0,120.81912828757635,120.81912828757635,0.4,1.7490743628770398,37.441135712000005,-5.373516000424201,23389.86246,16,False,0.058015135676914575,1006.8120761910601,False,,False
previously_viewed_2025_2026,cci_h12_chop_d,personal,cost2,BTCUSDT,16,0,-45.68714657408592,-45.68714657408592,0.1875,0.42323963797637737,18.474942912000003,-2.1173836620862003,11556.04406,9,False,,,False,,False
previously_viewed_2025_2026,cci_h12_chop_d,personal,cost2,ETHUSDT,24,0,166.50627486166226,166.50627486166226,0.5416666666666666,3.0286386403583854,18.9661928,-3.2561323383380003,11833.8184,11,False,,,False,,False
previously_viewed_2025_2026,cci_h12_chop_h12,personal,cost1,PORTFOLIO,19,0,-102.64606054957437,-102.64606054957437,0.10526315789473684,0.08015362515561564,10.323131868,-0.617538681574,12914.524430000001,8,False,0.10072724560906407,939.5439394504257,True,2025-05-14T01:06:00+00:00,False
previously_viewed_2025_2026,cci_h12_chop_h12,personal,cost1,BTCUSDT,10,0,-64.02547973500033,-64.02547973500033,0.0,0.0,7.195582068000001,-0.535807667,9022.624630000002,4,False,,,True,2025-05-14T01:06:00+00:00,False
previously_viewed_2025_2026,cci_h12_chop_h12,personal,cost1,ETHUSDT,9,0,-38.62058081457405,-38.62058081457405,0.2222222222222222,0.1880455357045781,3.1275498,-0.081731014574,3891.8997999999997,5,False,,,True,2025-05-14T01:06:00+00:00,False
previously_viewed_2025_2026,cci_h12_chop_h12,personal,cost2,PORTFOLIO,19,0,-110.96795838450508,-110.96795838450508,0.10526315789473684,0.05611343798937307,16.684183872000002,-1.023114512505,10438.994850000001,8,False,0.10732128831909912,931.222041615495,True,2025-05-14T01:06:00+00:00,False
previously_viewed_2025_2026,cci_h12_chop_h12,personal,cost2,BTCUSDT,10,0,-68.95816450400008,-68.95816450400008,0.0,0.0,11.271895072000001,-0.8424094320000001,7073.356350000001,4,False,,,True,2025-05-14T01:06:00+00:00,False
previously_viewed_2025_2026,cci_h12_chop_h12,personal,cost2,ETHUSDT,9,0,-42.009793880505,-42.009793880505,0.2222222222222222,0.13572127820096716,5.412288800000001,-0.180705080505,3365.6385,5,False,,,True,2025-05-14T01:06:00+00:00,False
previously_viewed_2025_2026,cci_h12_chop_h6,personal,cost1,PORTFOLIO,37,0,-22.60814855354252,-22.60814855354252,0.43243243243243246,0.8399002044181259,22.772502048000003,-2.3983865055424003,28502.86445,20,False,0.10583227954822579,1019.5818514464576,True,2025-11-06T07:21:00+00:00,False
previously_viewed_2025_2026,cci_h12_chop_h6,personal,cost1,BTCUSDT,14,0,-21.366106391904626,-21.366106391904626,0.35714285714285715,0.61222731123135,11.842921888000001,-1.8881245039044001,14795.762050000001,8,False,,,True,2025-11-06T07:21:00+00:00,False
previously_viewed_2025_2026,cci_h12_chop_h6,personal,cost1,ETHUSDT,23,0,-1.2420421616378956,-1.2420421616378956,0.4782608695652174,0.985576648869347,10.92958016,-0.5102620016380001,13707.1024,13,False,,,True,2025-11-06T07:21:00+00:00,False
previously_viewed_2025_2026,cci_h12_chop_h6,personal,cost2,PORTFOLIO,33,0,-43.08674661569336,-43.08674661569336,0.42424242424242425,0.658429629440917,30.689357728000004,-4.0842688876934,19212.695200000002,18,False,0.10294087588460751,999.1032533843066,True,2025-09-23T11:11:00+00:00,False
previously_viewed_2025_2026,cci_h12_chop_h6,personal,cost2,BTCUSDT,11,0,-17.71677832817626,-17.71677832817626,0.36363636363636365,0.5117326939493637,13.075215888000002,-2.9977424401764003,8166.980400000001,7,False,,,True,2025-09-23T11:11:00+00:00,False
previously_viewed_2025_2026,cci_h12_chop_h6,personal,cost2,ETHUSDT,22,0,-25.3699682875171,-25.3699682875171,0.45454545454545453,0.7176663340626699,17.614141840000002,-1.086526447517,11045.714800000002,12,False,,,True,2025-09-23T11:11:00+00:00,False
previously_viewed_2025_2026,cci_h12_chop_h4,personal,cost1,PORTFOLIO,34,0,-9.199330790875596,-9.199330790875596,0.4117647058823529,0.9297731839707617,17.982978852000002,-1.5566819388756001,22486.74281,22,False,0.10407091502306556,1027.884434435409,True,2026-01-26T03:26:00+00:00,False
previously_viewed_2025_2026,cci_h12_chop_h4,personal,cost1,BTCUSDT,12,0,-23.99580759319078,-23.99580759319078,0.25,0.570271614617102,8.944858372000002,-1.0730792211906002,11174.66551,7,False,,,True,2026-01-26T03:26:00+00:00,False
previously_viewed_2025_2026,cci_h12_chop_h4,personal,cost1,ETHUSDT,22,0,14.796476802315183,14.796476802315183,0.5,1.1968792542309434,9.038120480000002,-0.48360271768499996,11312.0773,15,False,,,True,2026-01-26T03:26:00+00:00,False
previously_viewed_2025_2026,cci_h12_chop_h4,personal,cost2,PORTFOLIO,32,0,-39.64042655076929,-39.64042655076929,0.4375,0.6930505412909207,29.240487456000004,-2.9654390947692004,18290.334150000002,21,False,0.10109632052792684,1002.5495734492308,True,2026-01-21T07:41:00+00:00,False
previously_viewed_2025_2026,cci_h12_chop_h4,personal,cost2,BTCUSDT,12,0,-43.01856083429626,-43.01856083429626,0.25,0.3062819481704081,14.311601136000002,-1.8119596982962003,8945.150550000002,7,False,,,True,2026-01-21T07:41:00+00:00,False
previously_viewed_2025_2026,cci_h12_chop_h4,personal,cost2,ETHUSDT,20,0,3.3781342835269688,3.3781342835269688,0.55,1.0503210905770939,14.92888632,-1.1534793964730001,9345.1836,14,False,,,True,2026-01-21T07:41:00+00:00,False
previously_viewed_2025_2026,cci_h12_chop_h1,personal,cost1,PORTFOLIO,41,0,104.49070680648633,104.49070680648633,0.4634146341463415,1.9229930852691652,13.363112048000001,-1.0507611455137,16666.64404,31,False,0.044554040284093,1023.3318423716489,False,,False
previously_viewed_2025_2026,cci_h12_chop_h1,personal,cost1,BTCUSDT,15,0,39.809733197339426,39.809733197339426,0.4666666666666667,1.8206682335924849,5.887002208000001,-0.2672445946607,7355.218040000001,12,False,,,False,,False
previously_viewed_2025_2026,cci_h12_chop_h1,personal,cost1,ETHUSDT,26,0,64.6809736091469,64.6809736091469,0.46153846153846156,1.9997117462339067,7.47610984,-0.783516550853,9311.426,23,False,,,False,,False
previously_viewed_2025_2026,cci_h12_chop_h1,personal,cost2,PORTFOLIO,41,0,53.978981969373905,53.978981969373905,0.4146341463414634,1.4464569488274601,22.796197112000005,-2.3490709186262,14214.849030000001,31,False,0.04143320555998145,1020.5486901202813,False,,False
previously_viewed_2025_2026,cci_h12_chop_h1,personal,cost2,BTCUSDT,15,0,19.846846784539736,19.846846784539736,0.4666666666666667,1.391867370348781,10.029500712000003,-0.7512025034602,6265.996930000001,12,False,,,False,,False
previously_viewed_2025_2026,cci_h12_chop_h1,personal,cost2,ETHUSDT,26,0,34.132135184834176,34.132135184834176,0.38461538461538464,1.485808692390061,12.766696400000002,-1.597868415166,7948.852100000001,23,False,,,False,,False
previously_viewed_2025_2026,cci_h12_chop_m30,personal,cost1,PORTFOLIO,39,1,82.75140773391067,82.81325909391072,0.3076923076923077,1.5694987809841496,10.667146676000002,-0.8232155900895001,13344.768370000002,25,False,0.05398310733503168,1006.5526623690718,False,,False
previously_viewed_2025_2026,cci_h12_chop_m30,personal,cost1,BTCUSDT,13,0,-6.0629408230463095,-6.0629408230463095,0.3076923076923077,0.8933221818611836,4.357919036000001,-0.19249178704650002,5462.976570000001,12,False,,,False,,False
previously_viewed_2025_2026,cci_h12_chop_m30,personal,cost1,ETHUSDT,26,1,88.81434855695697,88.87619991695702,0.3076923076923077,2.003342075360258,6.3092276400000005,-0.6307238030430001,7881.7918,18,False,,,False,,False
previously_viewed_2025_2026,cci_h12_chop_m30,personal,cost2,PORTFOLIO,39,1,45.146064356920874,45.95355851692085,0.3076923076923077,1.3089482779485402,18.594755632000002,-1.8307400110793002,11625.84123,25,False,0.052926211609779956,996.7466947852615,False,,False
previously_viewed_2025_2026,cci_h12_chop_m30,personal,cost2,BTCUSDT,13,0,-16.025262245986355,-16.025262245986355,0.3076923076923077,0.7282498150924125,7.533726592000001,-0.5419956539863,4722.441030000001,12,False,,,False,,False
previously_viewed_2025_2026,cci_h12_chop_m30,personal,cost2,ETHUSDT,26,1,61.17132660290723,61.978820762907205,0.3076923076923077,1.690407590960813,11.061029040000001,-1.2887443570930002,6903.4002,18,False,,,False,,False
previously_viewed_2025_2026,cci_h12_chop_m15,personal,cost1,PORTFOLIO,37,0,-96.10091496359286,-96.10091496359286,0.2972972972972973,0.37658121756096474,10.345958636,-1.1873463275928,12918.49113,26,False,0.10097938023897414,945.6477216485292,True,2026-01-26T03:26:00+00:00,False
previously_viewed_2025_2026,cci_h12_chop_m15,personal,cost1,BTCUSDT,12,0,-51.99481135397678,-51.99481135397678,0.25,0.2155523945201757,5.740186556000001,-0.6094147979768,7171.513730000001,9,False,,,True,2026-01-26T03:26:00+00:00,False
previously_viewed_2025_2026,cci_h12_chop_m15,personal,cost1,ETHUSDT,25,0,-44.10610360961607,-44.10610360961607,0.32,0.4980492728012856,4.60577208,-0.577931529616,5746.9774,18,False,,,True,2026-01-26T03:26:00+00:00,False
previously_viewed_2025_2026,cci_h12_chop_m15,personal,cost2,PORTFOLIO,36,0,-106.91423491193724,-106.91423491193724,0.3055555555555556,0.30387796678642376,17.751866064,-2.2698488479372,11084.494560000001,26,False,0.10768011580205192,935.2757650880628,True,2026-01-22T15:31:00+00:00,False
previously_viewed_2025_2026,cci_h12_chop_m15,personal,cost2,BTCUSDT,12,0,-58.9569602871302,-58.9569602871302,0.25,0.13562530404899728,9.724258864000001,-1.0999814231302,6075.9412600000005,9,False,,,True,2026-01-22T15:31:00+00:00,False
previously_viewed_2025_2026,cci_h12_chop_m15,personal,cost2,ETHUSDT,24,0,-47.957274624807035,-47.957274624807035,0.3333333333333333,0.4382936201622232,8.0276072,-1.169867424807,5008.5533000000005,18,False,,,True,2026-01-22T15:31:00+00:00,False
previously_viewed_2025_2026,cci_h12_chop_m5,personal,cost1,PORTFOLIO,32,0,-78.20970925661928,-78.20970925661928,0.25,0.4913501334313009,15.304085412000003,-0.9792538446193,19162.51275,16,False,0.1007454618569423,963.9802907433808,True,2025-05-28T21:56:00+00:00,False
previously_viewed_2025_2026,cci_h12_chop_m5,personal,cost1,BTCUSDT,18,0,-62.09791211190641,-62.09791211190641,0.2222222222222222,0.3981971184046136,11.885186732000001,-1.0254553799063,14881.077050000002,8,False,,,True,2025-05-28T21:56:00+00:00,False
previously_viewed_2025_2026,cci_h12_chop_m5,personal,cost1,ETHUSDT,14,0,-16.111797144712867,-16.111797144712867,0.2857142857142857,0.6814147656490513,3.4188986800000003,0.04620153528700001,4281.4357,9,False,,,True,2025-05-28T21:56:00+00:00,False
previously_viewed_2025_2026,cci_h12_chop_m5,personal,cost2,PORTFOLIO,29,0,-89.2208015749118,-89.2208015749118,0.2413793103448276,0.3890129485635378,22.588063432000006,-1.7558681429119,14144.93538,14,False,0.1014667814387918,952.9691984250883,True,2025-05-20T23:21:00+00:00,False
previously_viewed_2025_2026,cci_h12_chop_m5,personal,cost2,BTCUSDT,16,0,-73.99930038315976,-73.99930038315976,0.1875,0.28251197839246756,17.784707192000003,-1.7156231911599,11142.691480000001,7,False,,,True,2025-05-20T23:21:00+00:00,False
previously_viewed_2025_2026,cci_h12_chop_m5,personal,cost2,ETHUSDT,13,0,-15.22150119175204,-15.22150119175204,0.3076923076923077,0.6451093905273275,4.80335624,-0.040244951752000005,3002.2439,8,False,,,True,2025-05-20T23:21:00+00:00,False
previously_viewed_2025_2026,cci_h12_chop_m3,personal,cost1,PORTFOLIO,57,0,-63.502637110471355,-63.502637110471355,0.3508771929824561,0.7589037179527326,32.242141196000006,-3.5098059144705003,40298.82768,27,False,0.10272174694908957,971.6475347339019,True,2025-10-06T00:21:00+00:00,False
previously_viewed_2025_2026,cci_h12_chop_m3,personal,cost1,BTCUSDT,29,0,-94.93952218869596,-94.93952218869596,0.27586206896551724,0.3682000356611137,21.728162996000002,-2.1973691926955,27168.576380000002,13,False,,,True,2025-10-06T00:21:00+00:00,False
previously_viewed_2025_2026,cci_h12_chop_m3,personal,cost1,ETHUSDT,28,0,31.4368850782246,31.4368850782246,0.42857142857142855,1.277900355912743,10.5139782,-1.3124367217750001,13130.251300000002,17,False,,,True,2025-10-06T00:21:00+00:00,False
previously_viewed_2025_2026,cci_h12_chop_m3,personal,cost2,PORTFOLIO,33,0,-97.28454933829221,-97.28454933829221,0.2727272727272727,0.4007864496046107,28.777562880000005,-2.4444864582922,18020.150650000003,16,False,0.10553237771470948,944.9054506617078,True,2025-05-28T21:56:00+00:00,False
previously_viewed_2025_2026,cci_h12_chop_m3,personal,cost2,BTCUSDT,19,0,-77.27669778789816,-77.27669778789816,0.21052631578947367,0.29354905204745646,21.339657280000004,-2.3939405078982,13364.057350000001,8,False,,,True,2025-05-28T21:56:00+00:00,False
previously_viewed_2025_2026,cci_h12_chop_m3,personal,cost2,ETHUSDT,14,0,-20.007851550394058,-20.007851550394058,0.35714285714285715,0.6222546830869445,7.437905600000001,-0.050545950394000005,4656.0933,9,False,,,True,2025-05-28T21:56:00+00:00,False
previously_viewed_2025_2026,cci_h12_chop_m1,personal,cost1,PORTFOLIO,36,0,-59.74920858435399,-59.74920858435399,0.25,0.6644357877425424,22.255692884000002,-1.2530257003535001,27837.490250000003,15,False,0.10410217617570333,982.4407914156461,True,2025-05-21T22:36:00+00:00,False
previously_viewed_2025_2026,cci_h12_chop_m1,personal,cost1,BTCUSDT,20,0,-53.91214212358008,-53.91214212358008,0.15,0.5384478785910783,16.707644444000003,-1.3841076795795002,20902.465750000003,8,False,,,True,2025-05-21T22:36:00+00:00,False
previously_viewed_2025_2026,cci_h12_chop_m1,personal,cost1,ETHUSDT,16,0,-5.837066460773904,-5.837066460773904,0.375,0.9047006097834853,5.5480484400000005,0.13108197922599998,6935.0245,8,False,,,True,2025-05-21T22:36:00+00:00,False
previously_viewed_2025_2026,cci_h12_chop_m1,personal,cost2,PORTFOLIO,34,0,-85.47388936175034,-85.47388936175034,0.2647058823529412,0.5034460695116777,32.70116644000001,-2.3029729217504,20452.714600000003,14,False,0.10516929875823555,956.7161106382497,True,2025-05-20T23:21:00+00:00,False
previously_viewed_2025_2026,cci_h12_chop_m1,personal,cost2,BTCUSDT,18,0,-64.22282232277043,-64.22282232277043,0.16666666666666666,0.4223063082205339,23.373336280000004,-2.2954360427704,14627.612200000001,7,False,,,True,2025-05-20T23:21:00+00:00,False
previously_viewed_2025_2026,cci_h12_chop_m1,personal,cost2,ETHUSDT,16,0,-21.25106703897991,-21.25106703897991,0.375,0.6514109115653851,9.327830160000001,-0.00753687898,5825.102400000001,8,False,,,True,2025-05-20T23:21:00+00:00,False
previously_viewed_2025_2026,cci_h6_chop_w,personal,cost1,PORTFOLIO,16,1,-6.048716397772526,-5.992019317772483,0.375,0.920611846432886,9.937488804000001,-1.4561575937728,12404.823520000002,9,False,0.04425456380925536,1020.9462867820237,False,,False
previously_viewed_2025_2026,cci_h6_chop_w,personal,cost1,BTCUSDT,6,0,-11.09843306523172,-11.09843306523172,0.3333333333333333,0.6257969847799313,3.3090652840000008,-0.42049778123180004,4125.65102,3,False,,,False,,False
previously_viewed_2025_2026,cci_h6_chop_w,personal,cost1,ETHUSDT,10,1,5.049716667459196,5.1064137474592375,0.4,1.1114483816930412,6.628423520000001,-1.035659812541,8279.1725,6,False,,,False,,False
previously_viewed_2025_2026,cci_h6_chop_w,personal,cost2,PORTFOLIO,16,1,-31.054792879621623,-30.320707279621644,0.375,0.6128039443168439,16.321134976000003,-2.4712579036216002,10192.99964,9,False,0.04490599399105897,1009.6816311203784,False,,False
previously_viewed_2025_2026,cci_h6_chop_w,personal,cost2,BTCUSDT,6,0,-17.62571913753768,-17.62571913753768,0.3333333333333333,0.4220898330187445,5.523258176000001,-0.7496609615376,3443.8718400000002,3,False,,,False,,False
previously_viewed_2025_2026,cci_h6_chop_w,personal,cost2,ETHUSDT,10,1,-13.429073742083943,-12.694988142083965,0.4,0.7344663893911156,10.797876800000001,-1.721596942084,6749.1278,6,False,,,False,,False
previously_viewed_2025_2026,cci_h6_chop_d,personal,cost1,PORTFOLIO,33,0,103.42522135304056,103.42522135304056,0.3333333333333333,1.686067740573878,15.574079616000002,-1.3500190309595,19449.43767,17,False,0.1041850127114406,995.4637318350296,False,,False
previously_viewed_2025_2026,cci_h6_chop_d,personal,cost1,BTCUSDT,11,0,-25.102679063042242,-25.102679063042242,0.18181818181818182,0.5772422171734072,6.622428536000001,0.14412947295750003,8296.33487,9,False,,,False,,False
previously_viewed_2025_2026,cci_h6_chop_d,personal,cost1,ETHUSDT,22,0,128.52790041608282,128.52790041608282,0.4090909090909091,2.4066389372514823,8.951651080000001,-1.4941485039170002,11153.1028,13,False,,,False,,False
previously_viewed_2025_2026,cci_h6_chop_d,personal,cost2,PORTFOLIO,33,0,53.957826655811395,53.957826655811395,0.2727272727272727,1.340431649890635,25.793633080000003,-2.9357302641886,16105.99825,17,False,0.09965144006594803,992.0908271780348,False,,False
previously_viewed_2025_2026,cci_h6_chop_d,personal,cost2,BTCUSDT,11,0,-36.13442864304359,-36.13442864304359,0.09090909090909091,0.4432590468193692,10.67435612,-0.2286625230436,6686.21735,9,False,,,False,,False
previously_viewed_2025_2026,cci_h6_chop_d,personal,cost2,ETHUSDT,22,0,90.092255298855,90.092255298855,0.36363636363636365,1.9625777631802728,15.11927696,-2.707067741145,9419.7809,13,False,,,False,,False
previously_viewed_2025_2026,cci_h6_chop_h12,personal,cost1,PORTFOLIO,31,0,145.96796760896532,145.96796760896532,0.3870967741935484,2.439410184550114,13.018475144000002,-1.1957372470349001,16332.936980000002,19,False,0.0742771109020904,985.1698065547478,True,2026-02-06T07:06:00+00:00,False
previously_viewed_2025_2026,cci_h6_chop_h12,personal,cost1,BTCUSDT,12,0,79.18403538474418,79.18403538474418,0.25,2.812372554713867,6.9448863040000015,-0.4773583112559,8751.90998,8,False,,,True,2026-02-06T07:06:00+00:00,False
previously_viewed_2025_2026,cci_h6_chop_h12,personal,cost1,ETHUSDT,19,0,66.78393222422113,66.78393222422113,0.47368421052631576,2.157085613500403,6.073588840000001,-0.7183789357790001,7581.027,14,False,,,True,2026-02-06T07:06:00+00:00,False
previously_viewed_2025_2026,cci_h6_chop_h12,personal,cost2,PORTFOLIO,31,0,90.41139958628081,90.41139958628081,0.3225806451612903,1.8221555722520695,21.798892408000004,-2.4340580057192,13666.8706,19,False,0.06513771714537286,979.0128841883601,True,2026-02-06T07:06:00+00:00,False
previously_viewed_2025_2026,cci_h6_chop_h12,personal,cost2,BTCUSDT,12,0,43.453103375515795,43.453103375515795,0.16666666666666666,1.8522758427229709,11.305808008000001,-0.9703386164842001,7124.952400000001,8,False,,,True,2026-02-06T07:06:00+00:00,False
previously_viewed_2025_2026,cci_h6_chop_h12,personal,cost2,ETHUSDT,19,0,46.95829621076501,46.95829621076501,0.42105263157894735,1.7961200834228785,10.4930844,-1.4637193892350002,6541.9182,14,False,,,True,2026-02-06T07:06:00+00:00,False
previously_viewed_2025_2026,cci_h6_chop_h6,personal,cost1,PORTFOLIO,32,0,-15.300321991838963,-15.300321991838963,0.40625,0.8665446665879808,15.104394352000002,-0.7306676398389,18882.278720000002,20,False,0.10053295427791552,1026.8896780081611,True,2026-01-30T06:21:00+00:00,False
previously_viewed_2025_2026,cci_h6_chop_h6,personal,cost1,BTCUSDT,13,0,-26.17519442320313,-26.17519442320313,0.3076923076923077,0.483118714260345,8.624620712000002,-0.6368137112029001,10771.82452,8,False,,,True,2026-01-30T06:21:00+00:00,False
previously_viewed_2025_2026,cci_h6_chop_h6,personal,cost1,ETHUSDT,19,0,10.874872431364166,10.874872431364166,0.47368421052631576,1.1699016134082283,6.47977364,-0.09385392863600002,8110.4542,13,False,,,True,2026-01-30T06:21:00+00:00,False
previously_viewed_2025_2026,cci_h6_chop_h6,personal,cost2,PORTFOLIO,30,0,-36.99939029019969,-36.99939029019969,0.4,0.6689906837677542,24.729652080000005,-1.5713782101997,15460.31996,19,False,0.1011750896455203,1005.1906097098004,True,2026-01-21T07:41:00+00:00,False
previously_viewed_2025_2026,cci_h6_chop_h6,personal,cost2,BTCUSDT,13,0,-43.857245016062606,-43.857245016062606,0.23076923076923078,0.26758652637962593,14.358534720000003,-1.1380502960627001,8968.19966,8,False,,,True,2026-01-21T07:41:00+00:00,False
previously_viewed_2025_2026,cci_h6_chop_h6,personal,cost2,ETHUSDT,17,0,6.857854725862908,6.857854725862908,0.5294117647058824,1.132143455879587,10.371117360000001,-0.433327914137,6492.1203000000005,12,False,,,True,2026-01-21T07:41:00+00:00,False
previously_viewed_2025_2026,cci_h6_chop_h4,personal,cost1,PORTFOLIO,35,0,-16.315159966992713,-16.315159966992713,0.37142857142857144,0.8833296721363763,17.236081444000003,-1.0662285229926,21528.084450000002,24,False,0.10403410939275473,1025.8748400330073,True,2026-01-26T03:26:00+00:00,False
previously_viewed_2025_2026,cci_h6_chop_h4,personal,cost1,BTCUSDT,14,0,-23.969625669384843,-23.969625669384843,0.21428571428571427,0.6288800457917532,9.398499844000002,-0.8334758253846001,11726.386950000002,9,False,,,True,2026-01-26T03:26:00+00:00,False
previously_viewed_2025_2026,cci_h6_chop_h4,personal,cost1,ETHUSDT,21,0,7.654465702392132,7.654465702392132,0.47619047619047616,1.1017170042780207,7.837581600000001,-0.23275269760800002,9801.6975,17,False,,,True,2026-01-26T03:26:00+00:00,False
previously_viewed_2025_2026,cci_h6_chop_h4,personal,cost2,PORTFOLIO,33,0,-39.838227251768785,-39.838227251768785,0.36363636363636365,0.7023393101349914,27.727369728000003,-2.1981775237688,17319.541520000002,23,False,0.10321332358576325,1002.3517727482313,True,2026-01-21T07:41:00+00:00,False
previously_viewed_2025_2026,cci_h6_chop_h4,personal,cost2,BTCUSDT,14,0,-42.41255136258772,-42.41255136258772,0.21428571428571427,0.4052802208906349,15.328567008000002,-1.4593043545878002,9565.45182,9,False,,,True,2026-01-21T07:41:00+00:00,False
previously_viewed_2025_2026,cci_h6_chop_h4,personal,cost2,ETHUSDT,19,0,2.574324110818936,2.574324110818936,0.47368421052631576,1.0411743420762678,12.39880272,-0.7388731691810001,7754.0897,16,False,,,True,2026-01-21T07:41:00+00:00,False
previously_viewed_2025_2026,cci_h6_chop_h1,personal,cost1,PORTFOLIO,57,0,107.599293230432,107.599293230432,0.42105263157894735,1.6824714121095505,16.191666192000003,-0.9812205775679003,20177.15719,37,False,0.06001773561976637,1014.806595773589,False,,False
previously_viewed_2025_2026,cci_h6_chop_h1,personal,cost1,BTCUSDT,23,0,7.128669869660229,7.128669869660229,0.30434782608695654,1.100257377845902,7.3004428720000005,-0.13896725833990012,9127.21749,17,False,,,False,,False
previously_viewed_2025_2026,cci_h6_chop_h1,personal,cost1,ETHUSDT,34,0,100.47062336077177,100.47062336077177,0.5,2.160737803265711,8.89122332,-0.8422533192280001,11049.9397,27,False,,,False,,False
previously_viewed_2025_2026,cci_h6_chop_h1,personal,cost2,PORTFOLIO,57,0,53.699111198986635,53.699111198986635,0.38596491228070173,1.316533195368297,28.195736664000005,-2.5954221370135,17567.07806,37,False,0.06543359168085618,1003.8239989013744,False,,False
previously_viewed_2025_2026,cci_h6_chop_h1,personal,cost2,BTCUSDT,23,0,-12.638065865072566,-12.638065865072566,0.30434782608695654,0.8373485770117381,12.852306664000002,-0.6539292010725001,8034.0392600000005,17,False,,,False,,False
previously_viewed_2025_2026,cci_h6_chop_h1,personal,cost2,ETHUSDT,34,0,66.3371770640592,66.3371770640592,0.4411764705882353,1.7214692674460697,15.343430000000001,-1.9414929359410003,9533.0388,27,False,,,False,,False
previously_viewed_2025_2026,cci_h6_chop_m30,personal,cost1,PORTFOLIO,48,1,109.18043736381831,109.24228872381835,0.3958333333333333,1.7098115832141412,13.545748640000001,-0.8916139961820001,16914.15995,33,False,0.06656843352041994,1027.7409849153007,False,,False
previously_viewed_2025_2026,cci_h6_chop_m30,personal,cost1,BTCUSDT,17,0,-1.7939248286486853,-1.7939248286486853,0.29411764705882354,0.9741041980507429,5.752351440000001,-0.15077338864900006,7195.713650000001,17,False,,,False,,False
previously_viewed_2025_2026,cci_h6_chop_m30,personal,cost1,ETHUSDT,31,1,110.974362192467,111.03621355246703,0.45161290322580644,2.312043022322323,7.7933972,-0.7408406075330001,9718.4463,23,False,,,False,,False
previously_viewed_2025_2026,cci_h6_chop_m30,personal,cost2,PORTFOLIO,48,1,56.80623837904444,57.61373253904441,0.3958333333333333,1.3617996822362795,23.461794728,-2.0799968929559003,14645.423710000001,33,False,0.0699320456893373,1006.7120157894406,False,,False
previously_viewed_2025_2026,cci_h6_chop_m30,personal,cost2,BTCUSDT,17,0,-15.787113543018934,-15.787113543018934,0.29411764705882354,0.7826378453588608,9.996060648000002,-0.5942828950189001,6251.77461,17,False,,,False,,False
previously_viewed_2025_2026,cci_h6_chop_m30,personal,cost2,ETHUSDT,31,1,72.59335192206338,73.40084608206335,0.45161290322580644,1.8474711638278118,13.46573408,-1.4857139979370002,8393.6491,23,False,,,False,,False
previously_viewed_2025_2026,cci_h6_chop_m15,personal,cost1,PORTFOLIO,37,0,-96.42865752502702,-96.42865752502702,0.32432432432432434,0.3321194667262697,10.600099544,-0.8671379810270001,13227.741740000001,27,False,0.10501253644683356,945.761342474973,True,2026-01-25T16:21:00+00:00,False
previously_viewed_2025_2026,cci_h6_chop_m15,personal,cost1,BTCUSDT,15,0,-54.682158596887845,-54.682158596887845,0.2,0.26060783011046557,6.603613544000001,-0.5523250528880002,8240.22564,11,False,,,True,2026-01-25T16:21:00+00:00,False
previously_viewed_2025_2026,cci_h6_chop_m15,personal,cost1,ETHUSDT,22,0,-41.74649892813918,-41.74649892813918,0.4090909090909091,0.4072166208540228,3.996486,-0.314812928139,4987.5161,18,False,,,True,2026-01-25T16:21:00+00:00,False
previously_viewed_2025_2026,cci_h6_chop_m15,personal,cost2,PORTFOLIO,36,0,-102.80711275023054,-102.80711275023054,0.3333333333333333,0.2631795910294842,18.131517864000003,-1.8068848862305003,11315.69252,26,False,0.1070261254918037,939.3828872497695,True,2026-01-21T12:16:00+00:00,False
previously_viewed_2025_2026,cci_h6_chop_m15,personal,cost2,BTCUSDT,15,0,-63.61494466511746,-63.61494466511746,0.2,0.18112459989722945,11.344137544000002,-1.0924971211175,7078.35702,11,False,,,True,2026-01-21T12:16:00+00:00,False
previously_viewed_2025_2026,cci_h6_chop_m15,personal,cost2,ETHUSDT,21,0,-39.19216808511308,-39.19216808511308,0.42857142857142855,0.3662563314530475,6.7873803200000005,-0.7143877651130001,4237.3355,17,False,,,True,2026-01-21T12:16:00+00:00,False
previously_viewed_2025_2026,cci_h6_chop_m5,personal,cost1,PORTFOLIO,42,0,-92.74088055584059,-92.74088055584059,0.30952380952380953,0.5061239834949562,16.923928388000004,-1.0517421678410002,21161.257690000002,22,False,0.10178190699061053,949.4491194441595,True,2025-07-11T05:11:00+00:00,False
previously_viewed_2025_2026,cci_h6_chop_m5,personal,cost1,BTCUSDT,20,0,-47.54837594442174,-47.54837594442174,0.25,0.44315931429388533,9.987487668000002,-0.960278276422,12502.65989,10,False,,,True,2025-07-11T05:11:00+00:00,False
previously_viewed_2025_2026,cci_h6_chop_m5,personal,cost1,ETHUSDT,22,0,-45.19250461141885,-45.19250461141885,0.36363636363636365,0.5586331316150315,6.936440720000001,-0.09146389141900002,8658.597800000001,16,False,,,True,2025-07-11T05:11:00+00:00,False
previously_viewed_2025_2026,cci_h6_chop_m5,personal,cost2,PORTFOLIO,36,0,-98.98012421067322,-98.98012421067322,0.3055555555555556,0.392903659901386,23.867504928000002,-1.7513992826733,14926.894690000001,18,False,0.10222622949866254,943.2098757893268,True,2025-05-28T21:56:00+00:00,False
previously_viewed_2025_2026,cci_h6_chop_m5,personal,cost2,BTCUSDT,18,0,-47.73029311950908,-47.73029311950908,0.2777777777777778,0.3715057406789952,14.020493008000003,-1.8294801115093,8778.748290000001,8,False,,,True,2025-05-28T21:56:00+00:00,False
previously_viewed_2025_2026,cci_h6_chop_m5,personal,cost2,ETHUSDT,18,0,-51.249831091164154,-51.249831091164154,0.3333333333333333,0.4115619832312018,9.84701192,0.078080828836,6148.1464000000005,13,False,,,True,2025-05-28T21:56:00+00:00,False
previously_viewed_2025_2026,cci_h6_chop_m3,personal,cost1,PORTFOLIO,42,0,-62.771650329242334,-62.771650329242334,0.30952380952380953,0.6767266395086788,20.789561244,-1.2220590852420001,25993.419770000004,20,False,0.10243280716048349,979.4183496707577,True,2025-06-10T00:31:00+00:00,False
previously_viewed_2025_2026,cci_h6_chop_m3,personal,cost1,BTCUSDT,22,0,-34.059185320230235,-34.059185320230235,0.2727272727272727,0.6826071164326625,14.065745284000002,-1.1635100362300002,17591.59657,9,False,,,True,2025-06-10T00:31:00+00:00,False
previously_viewed_2025_2026,cci_h6_chop_m3,personal,cost1,ETHUSDT,20,0,-28.712465009012096,-28.712465009012096,0.35,0.669462231431186,6.7238159600000005,-0.058549049012000004,8401.8232,14,False,,,True,2025-06-10T00:31:00+00:00,False
previously_viewed_2025_2026,cci_h6_chop_m3,personal,cost2,PORTFOLIO,35,0,-78.63347386959467,-78.63347386959467,0.3142857142857143,0.5239863750076316,28.618716384000003,-1.8818374855949,17889.9792,18,False,0.10195133196700439,963.5565261304054,True,2025-05-20T23:21:00+00:00,False
previously_viewed_2025_2026,cci_h6_chop_m3,personal,cost2,BTCUSDT,19,0,-49.96284734423071,-49.96284734423071,0.2631578947368421,0.5038011794867092,20.658619104000003,-1.9563082402309,12925.3109,8,False,,,True,2025-05-20T23:21:00+00:00,False
previously_viewed_2025_2026,cci_h6_chop_m3,personal,cost2,ETHUSDT,16,0,-28.67062652536395,-28.67062652536395,0.375,0.5554973326108115,7.96009728,0.074470754636,4964.6683,11,False,,,True,2025-05-20T23:21:00+00:00,False
previously_viewed_2025_2026,cci_h6_chop_m1,personal,cost1,PORTFOLIO,45,0,-40.81239025668913,-40.81239025668913,0.28888888888888886,0.8147122318812257,25.200030024000004,-1.0097802326886,31545.64682,19,False,0.09890833065271638,998.8922391510523,True,2025-05-21T22:36:00+00:00,False
previously_viewed_2025_2026,cci_h6_chop_m1,personal,cost1,BTCUSDT,25,0,-64.44654973479103,-64.44654973479103,0.2,0.5496197860286313,18.272920824000003,-1.2450489107906,22863.615320000004,10,False,,,True,2025-05-21T22:36:00+00:00,False
previously_viewed_2025_2026,cci_h6_chop_m1,personal,cost1,ETHUSDT,20,0,23.634159478101914,23.634159478101914,0.4,1.3062560550759776,6.927109200000001,0.235268678102,8682.031500000001,13,False,,,True,2025-05-21T22:36:00+00:00,False
previously_viewed_2025_2026,cci_h6_chop_m1,personal,cost2,PORTFOLIO,44,0,-83.83776989991948,-83.83776989991948,0.29545454545454547,0.6146125915641666,38.807265400000006,-2.2477744999198004,24293.175040000002,19,False,0.10739131752165361,958.3522301000806,True,2025-05-21T11:21:00+00:00,False
previously_viewed_2025_2026,cci_h6_chop_m1,personal,cost2,BTCUSDT,24,0,-81.8601010376556,-81.8601010376556,0.20833333333333334,0.4146401247231232,27.076353320000003,-2.3335177176558,16948.94594,10,False,,,True,2025-05-21T11:21:00+00:00,False
previously_viewed_2025_2026,cci_h6_chop_m1,personal,cost2,ETHUSDT,20,0,-1.9776688622638736,-1.9776688622638736,0.4,0.9745459910163063,11.730912080000001,0.085743217736,7344.2291000000005,13,False,,,True,2025-05-21T11:21:00+00:00,False
previously_viewed_2025_2026,cci_h4_chop_w,personal,cost1,PORTFOLIO,17,1,-9.109088314057649,-17.186740374857607,0.29411764705882354,0.7658278336770159,9.780639812000002,-1.6081785020580002,12222.736060000001,10,False,0.061998410086808675,1006.5828272913737,False,,False
previously_viewed_2025_2026,cci_h4_chop_w,personal,cost1,BTCUSDT,7,0,-6.708443329735813,-6.708443329735813,0.2857142857142857,0.728393185503328,3.877807772000001,-0.737065557736,4846.38266,4,False,,,False,,False
previously_viewed_2025_2026,cci_h4_chop_w,personal,cost1,ETHUSDT,10,1,-2.4006449843218367,-10.478297045121794,0.3,0.784815642122309,5.902832040000001,-0.871112944322,7376.353400000001,6,False,,,False,,False
previously_viewed_2025_2026,cci_h4_chop_w,personal,cost2,PORTFOLIO,17,1,-33.327212987812985,-39.92017201501298,0.29411764705882354,0.5036517549227719,16.512707616,-2.7820053718129003,10325.08674,10,False,0.06280495037067128,994.6138132288902,False,,False
previously_viewed_2025_2026,cci_h4_chop_w,personal,cost2,BTCUSDT,7,0,-15.611242059868989,-15.611242059868989,0.2857142857142857,0.451255179894557,6.509416496000001,-1.2726255638689001,4069.9281400000004,4,False,,,False,,False
previously_viewed_2025_2026,cci_h4_chop_w,personal,cost2,ETHUSDT,10,1,-17.715970927943996,-24.308929955143995,0.3,0.5323294413679983,10.00329112,-1.5093798079440002,6255.158600000001,6,False,,,False,,False
previously_viewed_2025_2026,cci_h4_chop_d,personal,cost1,PORTFOLIO,36,0,141.2298996715454,141.2298996715454,0.3888888888888889,1.985273025079928,17.229821108000003,-2.3736292204548,21522.15637,16,False,0.062488885926850465,986.270746675554,False,,False
previously_viewed_2025_2026,cci_h4_chop_d,personal,cost1,BTCUSDT,14,0,-16.029980178739496,-16.029980178739496,0.2857142857142857,0.7112650180269666,8.372448948,-0.7386812307398001,10481.657770000002,10,False,,,False,,False
previously_viewed_2025_2026,cci_h4_chop_d,personal,cost1,ETHUSDT,22,0,157.2598798502849,157.2598798502849,0.45454545454545453,2.790647629434513,8.85737216,-1.634947989715,11040.4986,12,False,,,False,,False
previously_viewed_2025_2026,cci_h4_chop_d,personal,cost2,PORTFOLIO,36,0,80.62418526507416,80.62418526507416,0.3055555555555556,1.5246314231984424,28.538674272000005,-4.5907404629258,17828.167980000002,16,False,0.06035060310085869,981.9851080969837,False,,False
previously_viewed_2025_2026,cci_h4_chop_d,personal,cost2,BTCUSDT,14,0,-34.331968891079796,-34.331968891079796,0.07142857142857142,0.46393382658816107,13.547577632000003,-1.5993912590798,8483.20778,10,False,,,False,,False
previously_viewed_2025_2026,cci_h4_chop_d,personal,cost2,ETHUSDT,22,0,114.95615415615396,114.95615415615396,0.45454545454545453,2.2825133904968706,14.991096640000002,-2.991349203846,9344.960200000001,12,False,,,False,,False
previously_viewed_2025_2026,cci_h4_chop_h12,personal,cost1,PORTFOLIO,32,0,82.15744190309873,82.15744190309873,0.4375,1.7102925366092578,14.447555804000002,-1.8929922929012002,18085.29026,20,False,0.07736828145731392,963.9489635028677,True,2026-02-06T07:06:00+00:00,False
previously_viewed_2025_2026,cci_h4_chop_h12,personal,cost1,BTCUSDT,12,0,-2.3506877895262988,-2.3506877895262988,0.4166666666666667,0.9445243113414407,6.828332684000001,-1.0631451055262002,8560.071060000002,10,False,,,True,2026-02-06T07:06:00+00:00,False
previously_viewed_2025_2026,cci_h4_chop_h12,personal,cost1,ETHUSDT,20,0,84.50812969262503,84.50812969262503,0.45,2.1530058985214344,7.619223120000001,-0.8298471873750001,9525.219200000001,15,False,,,True,2026-02-06T07:06:00+00:00,False
previously_viewed_2025_2026,cci_h4_chop_h12,personal,cost2,PORTFOLIO,32,0,41.403885488160206,41.403885488160206,0.34375,1.3387833587497553,24.040873208000004,-3.3945313038398,15043.638400000002,20,False,0.07842421769993592,961.3668056236048,True,2026-02-06T07:06:00+00:00,False
previously_viewed_2025_2026,cci_h4_chop_h12,personal,cost2,BTCUSDT,12,0,-18.00272675095478,-18.00272675095478,0.16666666666666666,0.619682141897737,11.081859528000003,-1.7346572229548003,6949.938400000001,10,False,,,True,2026-02-06T07:06:00+00:00,False
previously_viewed_2025_2026,cci_h4_chop_h12,personal,cost2,ETHUSDT,20,0,59.40661223911499,59.40661223911499,0.45,1.7933844953557139,12.959013680000002,-1.659874080885,8093.7,15,False,,,True,2026-02-06T07:06:00+00:00,False
previously_viewed_2025_2026,cci_h4_chop_h6,personal,cost1,PORTFOLIO,45,1,246.5085212417245,237.67707888652455,0.4444444444444444,2.578480193836021,20.095801116000004,-1.8478276422758002,25171.782870000003,28,False,0.07346943815257835,1013.3682124836835,False,,False
previously_viewed_2025_2026,cci_h4_chop_h6,personal,cost1,BTCUSDT,20,0,-5.262653696858629,-5.262653696858629,0.4,0.9384431730332677,11.269355036000002,-0.8490486608588,14102.54627,14,False,,,False,,False
previously_viewed_2025_2026,cci_h4_chop_h6,personal,cost1,ETHUSDT,25,1,251.77117493858313,242.93973258338318,0.48,4.7328963932450545,8.826446080000002,-0.9987789814170001,11069.2366,18,False,,,False,,False
previously_viewed_2025_2026,cci_h4_chop_h6,personal,cost2,PORTFOLIO,45,1,142.1307547891991,135.3809250675991,0.35555555555555557,1.834465991596337,33.349137312,-3.6501278988007,20885.80366,28,False,0.074621442521683,989.0101994224092,False,,False
previously_viewed_2025_2026,cci_h4_chop_h6,personal,cost2,BTCUSDT,20,0,-30.158059461316927,-30.158059461316927,0.2,0.6673853950082035,18.260164752,-1.6270147093167,11426.829660000001,14,False,,,False,,False
previously_viewed_2025_2026,cci_h4_chop_h6,personal,cost2,ETHUSDT,25,1,172.28881425051603,165.53898452891605,0.48,3.313065628794012,15.08897256,-2.023113189484,9458.974,18,False,,,False,,False
previously_viewed_2025_2026,cci_h4_chop_h4,personal,cost1,PORTFOLIO,50,0,101.60189866174895,101.60189866174895,0.44,1.5461889529259718,21.792766364000002,-1.9627849742515002,27193.64625,32,False,0.08016676130285065,1012.0167738928349,False,,False
previously_viewed_2025_2026,cci_h4_chop_h4,personal,cost1,BTCUSDT,17,0,17.533852434588592,17.533852434588592,0.4117647058823529,1.2608602203430923,8.180592804000002,-0.5341047614115,10218.47075,13,False,,,False,,False
previously_viewed_2025_2026,cci_h4_chop_h4,personal,cost1,ETHUSDT,33,0,84.06804622716035,84.06804622716035,0.45454545454545453,1.7076185932624424,13.61217356,-1.42868021284,16975.1755,25,False,,,False,,False
previously_viewed_2025_2026,cci_h4_chop_h4,personal,cost2,PORTFOLIO,50,0,35.689801341149824,35.689801341149824,0.4,1.18357698570129,36.328977288000004,-3.6808713708503,22670.450530000002,32,False,0.10026289233083971,979.7990935872864,False,,False
previously_viewed_2025_2026,cci_h4_chop_h4,personal,cost2,BTCUSDT,17,0,-3.7791861195493244,-3.7791861195493244,0.35294117647058826,0.9464723126263381,13.732946248000003,-1.0922898715493001,8578.49543,13,False,,,False,,False
previously_viewed_2025_2026,cci_h4_chop_h4,personal,cost2,ETHUSDT,33,0,39.46898746069915,39.46898746069915,0.42424242424242425,1.3187846606098743,22.59603104,-2.588581499301,14091.955100000001,25,False,,,False,,False
previously_viewed_2025_2026,cci_h4_chop_h1,personal,cost1,PORTFOLIO,67,0,131.9764957218073,131.9764957218073,0.417910447761194,1.7634976471061465,18.534148124,-1.1909061541928,23130.09373,43,False,0.06221242097016613,1025.5083207884863,False,,False
previously_viewed_2025_2026,cci_h4_chop_h1,personal,cost1,BTCUSDT,28,0,1.6965376273703896,1.6965376273703896,0.2857142857142857,1.0197055774791892,10.185765444000001,-0.0433469286298,12744.18483,21,False,,,False,,False
previously_viewed_2025_2026,cci_h4_chop_h1,personal,cost1,ETHUSDT,39,0,130.27995809443692,130.27995809443692,0.5128205128205128,2.501552982297276,8.34838268,-1.147559225563,10385.9089,31,False,,,False,,False
previously_viewed_2025_2026,cci_h4_chop_h1,personal,cost2,PORTFOLIO,67,0,68.06032026988763,68.06032026988763,0.3880597014925373,1.3648033360330925,32.441560672,-3.0865790581124,20243.365670000003,43,False,0.06852933964874351,1009.6091317974826,False,,False
previously_viewed_2025_2026,cci_h4_chop_h1,personal,cost2,BTCUSDT,28,0,-25.877665027393565,-25.877665027393565,0.2857142857142857,0.7292978801387976,17.509306112000004,-0.6450189153934001,10953.010470000001,21,False,,,False,,False
previously_viewed_2025_2026,cci_h4_chop_h1,personal,cost2,ETHUSDT,39,0,93.93798529728119,93.93798529728119,0.46153846153846156,2.032597159940854,14.932254560000002,-2.441560142719,9290.3552,31,False,,,False,,False
previously_viewed_2025_2026,cci_h4_chop_m30,personal,cost1,PORTFOLIO,58,1,183.54021430432698,183.60721994432703,0.3620689655172414,2.1986140995040713,14.143436820000002,-0.8515588756732002,17706.82457,38,False,0.06281044950055908,1021.8578468749523,False,,False
previously_viewed_2025_2026,cci_h4_chop_m30,personal,cost1,BTCUSDT,24,0,31.046807285680092,31.046807285680092,0.20833333333333334,1.4012311692365131,6.912298500000001,-0.028704214320200067,8675.643370000002,23,False,,,False,,False
previously_viewed_2025_2026,cci_h4_chop_m30,personal,cost1,ETHUSDT,34,1,152.49340701864688,152.56041265864692,0.47058823529411764,3.0125620730951077,7.23113832,-0.8228546613530001,9031.1812,25,False,,,False,,False
previously_viewed_2025_2026,cci_h4_chop_m30,personal,cost2,PORTFOLIO,58,1,118.85487316346632,119.7357758834663,0.3448275862068966,1.7386212333567532,25.216521280000002,-2.2933655565338,15782.382160000001,38,False,0.07541320998688801,1003.8796452196117,False,,False
previously_viewed_2025_2026,cci_h4_chop_m30,personal,cost2,BTCUSDT,24,0,4.904424798744169,4.904424798744169,0.20833333333333334,1.0574010242908258,12.428163920000003,-0.5444712812558,7798.152960000001,23,False,,,False,,False
previously_viewed_2025_2026,cci_h4_chop_m30,personal,cost2,ETHUSDT,34,1,113.95044836472216,114.83135108472213,0.4411764705882353,2.4978186440738845,12.788357360000001,-1.7488942752780001,7984.229200000001,25,False,,,False,,False
previously_viewed_2025_2026,cci_h4_chop_m15,personal,cost1,PORTFOLIO,72,0,43.51562630259407,43.51562630259407,0.3472222222222222,1.177295570446663,21.006260960000002,-1.6871527374064001,26205.250430000004,50,False,0.0734468535166387,970.8355691241891,False,,False
previously_viewed_2025_2026,cci_h4_chop_m15,personal,cost1,BTCUSDT,33,0,-91.0174928150319,-91.0174928150319,0.15151515151515152,0.37516445275998195,12.483266200000001,-0.5489666150324001,15603.703030000002,27,False,,,False,,False
previously_viewed_2025_2026,cci_h4_chop_m15,personal,cost1,ETHUSDT,39,0,134.53311911762597,134.53311911762597,0.5128205128205128,2.34836745029424,8.522994760000001,-1.138186122374,10601.5474,31,False,,,False,,False
previously_viewed_2025_2026,cci_h4_chop_m15,personal,cost2,PORTFOLIO,72,0,-18.094308536538932,-18.094308536538932,0.3333333333333333,0.9295234051850418,36.694668728,-3.5860498085389003,22892.309360000003,50,False,0.09496326967686466,946.1548495760336,False,,False
previously_viewed_2025_2026,cci_h4_chop_m15,personal,cost2,BTCUSDT,33,0,-112.63370177262695,-112.63370177262695,0.15151515151515152,0.272047424891627,21.572828168000004,-1.3031836046269,13484.964960000001,27,False,,,False,,False
previously_viewed_2025_2026,cci_h4_chop_m15,personal,cost2,ETHUSDT,39,0,94.53939323608802,94.53939323608802,0.48717948717948717,1.9267169599432301,15.121840560000003,-2.282866203912,9407.3444,31,False,,,False,,False
previously_viewed_2025_2026,cci_h4_chop_m5,personal,cost1,PORTFOLIO,46,0,-95.16979493371892,-95.16979493371892,0.2608695652173913,0.5415822531828637,17.985439388000003,-1.1129055457193,22504.846260000002,21,False,0.10629811679551784,947.0202050662812,True,2025-06-04T08:21:00+00:00,False
previously_viewed_2025_2026,cci_h4_chop_m5,personal,cost1,BTCUSDT,26,0,-63.692441568262026,-63.692441568262026,0.2692307692307692,0.4383927837969861,12.350814268000002,-1.1169773002623,15463.63016,12,False,,,True,2025-06-04T08:21:00+00:00,False
previously_viewed_2025_2026,cci_h4_chop_m5,personal,cost1,ETHUSDT,20,0,-31.477353365456885,-31.477353365456885,0.25,0.6658240198251527,5.634625120000001,0.004071754543000007,7041.216100000001,14,False,,,True,2025-06-04T08:21:00+00:00,False
previously_viewed_2025_2026,cci_h4_chop_m5,personal,cost2,PORTFOLIO,38,0,-94.7297585356895,-94.7297585356895,0.2894736842105263,0.4699572739077611,25.114167152,-1.8027113836899,15707.265210000001,19,False,0.10141593635776137,947.4602414643106,True,2025-05-19T20:06:00+00:00,False
previously_viewed_2025_2026,cci_h4_chop_m5,personal,cost2,BTCUSDT,20,0,-63.66447481278255,-63.66447481278255,0.3,0.33024421924075203,17.032233152,-1.8150616607829,10667.554310000001,10,False,,,True,2025-05-19T20:06:00+00:00,False
previously_viewed_2025_2026,cci_h4_chop_m5,personal,cost2,ETHUSDT,18,0,-31.065283722906948,-31.065283722906948,0.2777777777777778,0.6286932067813432,8.081934,0.012350277093000003,5039.7109,12,False,,,True,2025-05-19T20:06:00+00:00,False
previously_viewed_2025_2026,cci_h4_chop_m3,personal,cost1,PORTFOLIO,41,0,-62.86832554178256,-62.86832554178256,0.2682926829268293,0.6868151913371977,20.274508108000003,-1.0110074337826,25349.084540000003,19,False,0.10198622823897775,977.2536491355768,True,2025-05-20T23:21:00+00:00,False
previously_viewed_2025_2026,cci_h4_chop_m3,personal,cost1,BTCUSDT,24,0,-43.38360842150564,-43.38360842150564,0.25,0.6320029414643673,15.535827388000003,-1.1069710335056002,19433.15464,10,False,,,True,2025-05-20T23:21:00+00:00,False
previously_viewed_2025_2026,cci_h4_chop_m3,personal,cost1,ETHUSDT,17,0,-19.484717120276922,-19.484717120276922,0.29411764705882354,0.7648124280211307,4.7386807200000005,0.095963599723,5915.9299,11,False,,,True,2025-05-20T23:21:00+00:00,False
previously_viewed_2025_2026,cci_h4_chop_m3,personal,cost2,PORTFOLIO,26,0,-80.35921646059772,-80.35921646059772,0.2692307692307692,0.41042852117612916,20.352595648,-1.9433808125978,12704.010600000001,10,False,0.10327244392138873,959.9841606418723,True,2025-03-27T13:36:00+00:00,False
previously_viewed_2025_2026,cci_h4_chop_m3,personal,cost2,BTCUSDT,15,0,-30.0304072303787,-30.0304072303787,0.3333333333333333,0.5792754501398003,15.350678128000002,-2.0097891023788,9600.508800000001,6,False,,,True,2025-03-27T13:36:00+00:00,False
previously_viewed_2025_2026,cci_h4_chop_m3,personal,cost2,ETHUSDT,11,0,-50.32880923021903,-50.32880923021903,0.18181818181818182,0.22479497726958947,5.00191752,0.066408289781,3103.5018,5,False,,,True,2025-03-27T13:36:00+00:00,False
previously_viewed_2025_2026,cci_h4_chop_m1,personal,cost1,PORTFOLIO,48,0,-58.88038048808825,-58.88038048808825,0.25,0.7508948399627556,24.227464668000003,-1.1872658200879003,30296.302260000004,19,False,0.10279168087227941,981.5023193340412,True,2025-05-20T23:21:00+00:00,False
previously_viewed_2025_2026,cci_h4_chop_m1,personal,cost1,BTCUSDT,25,0,-47.2271625888902,-47.2271625888902,0.24,0.6305430898185995,17.196835388000004,-1.3260772008899002,21510.396360000002,10,False,,,True,2025-05-20T23:21:00+00:00,False
previously_viewed_2025_2026,cci_h4_chop_m1,personal,cost1,ETHUSDT,23,0,-11.653217899198047,-11.653217899198047,0.2608695652173913,0.8926356207031616,7.03062928,0.13881138080199998,8785.9059,12,False,,,True,2025-05-20T23:21:00+00:00,False
previously_viewed_2025_2026,cci_h4_chop_m1,personal,cost2,PORTFOLIO,42,0,-75.44132904813708,-75.44132904813708,0.2619047619047619,0.6242184138240507,32.691628912000006,-1.9534401361372,20433.552300000003,17,False,0.10540303309083515,961.6036113885165,True,2025-05-07T13:46:00+00:00,False
previously_viewed_2025_2026,cci_h4_chop_m1,personal,cost2,BTCUSDT,19,0,-44.354238693654025,-44.354238693654025,0.2631578947368421,0.5125832269830611,20.704651392000002,-1.9672273016542001,12951.248300000001,8,False,,,True,2025-05-07T13:46:00+00:00,False
previously_viewed_2025_2026,cci_h4_chop_m1,personal,cost2,ETHUSDT,23,0,-31.087090354483045,-31.087090354483045,0.2608695652173913,0.7167717786511357,11.986977520000002,0.013787165517000016,7482.304,12,False,,,True,2025-05-07T13:46:00+00:00,False
previously_viewed_2025_2026,cci_h1_chop_w,personal,cost1,PORTFOLIO,25,0,-73.45253198924493,-73.45253198924493,0.24,0.4003883714489967,10.976280456000001,-1.9070715332447001,13749.493960000002,11,False,0.10714660160697703,962.3721432588592,True,2026-02-11T04:26:00+00:00,False
previously_viewed_2025_2026,cci_h1_chop_w,personal,cost1,BTCUSDT,9,0,4.874599969035491,4.874599969035491,0.3333333333333333,1.150023198370234,4.568659216,-1.1756608149647,5704.3733600000005,4,False,,,True,2026-02-11T04:26:00+00:00,False
previously_viewed_2025_2026,cci_h1_chop_w,personal,cost1,ETHUSDT,16,0,-78.32713195828042,-78.32713195828042,0.1875,0.1297746424108489,6.407621240000001,-0.73141071828,8045.1206,7,False,,,True,2026-02-11T04:26:00+00:00,False
previously_viewed_2025_2026,cci_h1_chop_w,personal,cost2,PORTFOLIO,23,0,-85.53864134603754,-85.53864134603754,0.17391304347826086,0.2828451965973952,17.267163080000003,-3.1325682660376004,10824.54638,10,False,0.10223628657119857,956.6513586539625,True,2025-09-20T15:21:00+00:00,False
previously_viewed_2025_2026,cci_h1_chop_w,personal,cost2,BTCUSDT,8,0,-7.5504052255255765,-7.5504052255255765,0.25,0.7753807973697147,7.320003640000001,-1.9015915855256003,4574.16668,3,False,,,True,2025-09-20T15:21:00+00:00,False
previously_viewed_2025_2026,cci_h1_chop_w,personal,cost2,ETHUSDT,15,0,-77.98823612051196,-77.98823612051196,0.13333333333333333,0.08956867530855088,9.947159440000002,-1.2309766805120002,6250.3797,7,False,,,True,2025-09-20T15:21:00+00:00,False
previously_viewed_2025_2026,cci_h1_chop_d,personal,cost1,PORTFOLIO,48,0,46.63871941082275,46.63871941082275,0.3125,1.260396538811956,18.511446928,-2.5600136611771003,23099.778240000003,18,False,0.07377273071358649,1032.758571088143,False,,False
previously_viewed_2025_2026,cci_h1_chop_d,personal,cost1,BTCUSDT,20,0,-26.54185970426014,-26.54185970426014,0.35,0.6531210479371173,9.530013408000002,-1.0276262962601002,11906.797340000001,11,False,,,False,,False
previously_viewed_2025_2026,cci_h1_chop_d,personal,cost1,ETHUSDT,28,0,73.18057911508289,73.18057911508289,0.2857142857142857,1.7133282733598745,8.981433520000001,-1.5323873649170001,11192.9809,15,False,,,False,,False
previously_viewed_2025_2026,cci_h1_chop_d,personal,cost2,PORTFOLIO,48,0,-8.8954695719206,-8.8954695719206,0.2708333333333333,0.9534466208453161,31.335817480000003,-4.531822091920501,19552.131380000003,18,False,0.07941811586710525,1005.8827011971382,False,,False
previously_viewed_2025_2026,cci_h1_chop_d,personal,cost2,BTCUSDT,20,0,-49.43080266870077,-49.43080266870077,0.25,0.40663697994610437,15.853133960000003,-1.7830387087005002,9905.47458,11,False,,,False,,False
previously_viewed_2025_2026,cci_h1_chop_d,personal,cost2,ETHUSDT,28,0,40.53533309678017,40.53533309678017,0.2857142857142857,1.3761110780166403,15.48268352,-2.74878338322,9646.6568,15,False,,,False,,False
previously_viewed_2025_2026,cci_h1_chop_h12,personal,cost1,PORTFOLIO,40,0,194.73503002680215,194.73503002680215,0.5,2.600279374328709,15.638645568000001,-2.5029244051979003,19579.285350000002,20,False,0.05665010742609931,1021.1649878549749,False,,False
previously_viewed_2025_2026,cci_h1_chop_h12,personal,cost1,BTCUSDT,18,0,60.07904631537418,60.07904631537418,0.5,1.9348050644762855,9.362881728000001,-1.1090719566259,11760.99745,11,False,,,False,,False
previously_viewed_2025_2026,cci_h1_chop_h12,personal,cost1,ETHUSDT,22,0,134.65598371142798,134.65598371142798,0.5,3.3451434381889817,6.275763840000001,-1.393852448572,7818.2879,15,False,,,False,,False
previously_viewed_2025_2026,cci_h1_chop_h12,personal,cost2,PORTFOLIO,40,0,120.0755445906485,120.0755445906485,0.425,1.9239988962318946,26.510924568000004,-4.664040841351601,16600.38694,20,False,0.06627629026784958,1018.35571568182,False,,False
previously_viewed_2025_2026,cci_h1_chop_h12,personal,cost2,BTCUSDT,18,0,23.441651190569353,23.441651190569353,0.3333333333333333,1.3363327022628542,15.510568728000003,-2.1068900814306004,9748.270340000001,11,False,,,False,,False
previously_viewed_2025_2026,cci_h1_chop_h12,personal,cost2,ETHUSDT,22,0,96.63389340007915,96.63389340007915,0.5,2.603769237462532,11.000355840000001,-2.5571507599210004,6852.1166,15,False,,,False,,False
previously_viewed_2025_2026,cci_h1_chop_h6,personal,cost1,PORTFOLIO,41,1,114.1789824193027,114.25148137930273,0.5121951219512195,1.9555260808391584,13.628158524000002,-1.3654290566973002,17064.03138,28,False,0.06323265778007285,1013.0430064722459,False,,False
previously_viewed_2025_2026,cci_h1_chop_h6,personal,cost1,BTCUSDT,17,0,49.088099227840836,49.088099227840836,0.5294117647058824,2.0531028820606867,7.080132564000001,-0.6432382081593001,8875.868980000001,11,False,,,False,,False
previously_viewed_2025_2026,cci_h1_chop_h6,personal,cost1,ETHUSDT,24,1,65.09088319146186,65.16338215146189,0.5,1.8931829245258338,6.54802596,-0.722190848538,8188.1624,20,False,,,False,,False
previously_viewed_2025_2026,cci_h1_chop_h6,personal,cost2,PORTFOLIO,41,1,63.882343784318046,64.49283082431803,0.4146341463414634,1.5059015656876842,23.659789272,-2.862876943682,14815.580170000001,28,False,0.06681967910451315,989.0210179435853,False,,False
previously_viewed_2025_2026,cci_h1_chop_h6,personal,cost2,BTCUSDT,17,0,21.702412616255042,21.702412616255042,0.35294117647058826,1.412652627657239,12.109513832000001,-1.4421835517450001,7592.969870000001,11,False,,,False,,False
previously_viewed_2025_2026,cci_h1_chop_h6,personal,cost2,ETHUSDT,24,1,42.17993116806301,42.79041820806299,0.4583333333333333,1.5713880912925087,11.55027544,-1.420693391937,7222.6103,20,False,,,False,,False
previously_viewed_2025_2026,cci_h1_chop_h4,personal,cost1,PORTFOLIO,47,0,12.287203315179541,12.287203315179541,0.44680851063829785,1.0875722987715328,13.827782052000002,-1.4980246328204,17253.85624,35,False,0.07587857144984439,990.5241513992286,False,,False
previously_viewed_2025_2026,cci_h1_chop_h4,personal,cost1,BTCUSDT,14,0,-5.7638939086233565,-5.7638939086233565,0.35714285714285715,0.8764347968742987,5.755760372000001,-0.39094353662340003,7197.90804,13,False,,,False,,False
previously_viewed_2025_2026,cci_h1_chop_h4,personal,cost1,ETHUSDT,33,0,18.0510972238029,18.0510972238029,0.48484848484848486,1.1927245658917816,8.07202168,-1.1070810961970001,10055.9482,26,False,,,False,,False
previously_viewed_2025_2026,cci_h1_chop_h4,personal,cost2,PORTFOLIO,47,0,-23.217645158079367,-23.217645158079367,0.3829787234042553,0.8456346183201442,24.206631240000004,-3.0340239180795003,15102.22578,35,False,0.09237964829292798,967.6766593806851,False,,False
previously_viewed_2025_2026,cci_h1_chop_h4,personal,cost2,BTCUSDT,14,0,-17.962582716586443,-17.962582716586443,0.2857142857142857,0.6530135720221696,9.750191960000002,-0.8721007565865,6098.161680000001,13,False,,,False,,False
previously_viewed_2025_2026,cci_h1_chop_h4,personal,cost2,ETHUSDT,33,0,-5.255062441492925,-5.255062441492925,0.42424242424242425,0.9467246603345378,14.456439280000001,-2.161923161493,9004.0641,26,False,,,False,,False
previously_viewed_2025_2026,cci_h1_chop_h1,personal,cost1,PORTFOLIO,75,0,91.33435977684013,91.33435977684013,0.38666666666666666,1.436405647472327,17.977329,-1.6092712231602,22463.51046,48,False,0.07650395883685397,1033.515481849656,False,,False
previously_viewed_2025_2026,cci_h1_chop_h1,personal,cost1,BTCUSDT,30,0,-41.34378418695697,-41.34378418695697,0.26666666666666666,0.6129532124781557,9.174129800000001,-0.3472143869572,11456.799060000001,23,False,,,False,,False
previously_viewed_2025_2026,cci_h1_chop_h1,personal,cost1,ETHUSDT,45,0,132.67814396379708,132.67814396379708,0.4666666666666667,2.2948101301990396,8.8031992,-1.262056836203,11006.7114,34,False,,,False,,False
previously_viewed_2025_2026,cci_h1_chop_h1,personal,cost2,PORTFOLIO,75,0,33.07985624850983,33.07985624850983,0.3333333333333333,1.1500012205676797,32.02552712800001,-3.4819866234903003,20012.20967,48,False,0.0930562560078271,1006.8656190854624,False,,False
previously_viewed_2025_2026,cci_h1_chop_h1,personal,cost2,BTCUSDT,30,0,-61.6299169412664,-61.6299169412664,0.2,0.46584294034656853,16.212610648000002,-1.0086762932663,10124.12857,23,False,,,False,,False
previously_viewed_2025_2026,cci_h1_chop_h1,personal,cost2,ETHUSDT,45,0,94.70977318977623,94.70977318977623,0.4222222222222222,1.9006881031573002,15.812916480000002,-2.4733103302240003,9888.081100000001,34,False,,,False,,False
previously_viewed_2025_2026,cci_h1_chop_m30,personal,cost1,PORTFOLIO,50,0,-63.903953311163576,-63.903953311163576,0.26,0.5514877733039466,10.769883424000001,-1.2602098871636,13475.068870000001,34,False,0.10010870271330631,978.2860466888364,True,2025-11-20T16:46:00+00:00,False
previously_viewed_2025_2026,cci_h1_chop_m30,personal,cost1,BTCUSDT,15,0,-31.27286964603667,-31.27286964603667,0.26666666666666666,0.37216091805464985,4.8062636240000005,-0.7878460220366,6017.927570000001,13,False,,,True,2025-11-20T16:46:00+00:00,False
previously_viewed_2025_2026,cci_h1_chop_m30,personal,cost1,ETHUSDT,35,0,-32.6310836651269,-32.6310836651269,0.2571428571428571,0.6478768468898969,5.963619800000001,-0.472363865127,7457.1413,26,False,,,True,2025-11-20T16:46:00+00:00,False
previously_viewed_2025_2026,cci_h1_chop_m30,personal,cost2,PORTFOLIO,47,0,-74.39563904350075,-74.39563904350075,0.2553191489361702,0.47221471382067737,19.003616960000002,-2.4532220835008003,11897.802520000001,32,False,0.1016443609355792,967.7943609564993,True,2025-10-28T21:11:00+00:00,False
previously_viewed_2025_2026,cci_h1_chop_m30,personal,cost2,BTCUSDT,15,0,-41.93186322186285,-41.93186322186285,0.26666666666666666,0.2325307175439649,8.558798160000002,-1.4707650618628,5362.16052,13,False,,,True,2025-10-28T21:11:00+00:00,False
previously_viewed_2025_2026,cci_h1_chop_m30,personal,cost2,ETHUSDT,32,0,-32.4637758216379,-32.4637758216379,0.25,0.6239206693028483,10.4448188,-0.9824570216380001,6535.642000000001,24,False,,,True,2025-10-28T21:11:00+00:00,False
previously_viewed_2025_2026,cci_h1_chop_m15,personal,cost1,PORTFOLIO,59,0,-99.94210923212273,-99.94210923212273,0.3050847457627119,0.43470921734084106,15.922113480000002,-1.7108157521227,19924.50569,33,False,0.10199691368357415,942.2478907678773,True,2025-09-06T16:06:00+00:00,False
previously_viewed_2025_2026,cci_h1_chop_m15,personal,cost1,BTCUSDT,21,0,-55.930823611119784,-55.930823611119784,0.23809523809523808,0.3211816500828573,8.44605048,-1.1352931311197,10576.571290000002,16,False,,,True,2025-09-06T16:06:00+00:00,False
previously_viewed_2025_2026,cci_h1_chop_m15,personal,cost1,ETHUSDT,38,0,-44.01128562100295,-44.01128562100295,0.34210526315789475,0.5337950941426556,7.476063000000001,-0.575522621003,9347.9344,24,False,,,True,2025-09-06T16:06:00+00:00,False
previously_viewed_2025_2026,cci_h1_chop_m15,personal,cost2,PORTFOLIO,50,0,-101.484995563069,-101.484995563069,0.3,0.3506278808137058,24.073955216,-2.887040347069,15063.71911,28,False,0.1003471195952384,940.7050044369311,True,2025-08-04T14:21:00+00:00,False
previously_viewed_2025_2026,cci_h1_chop_m15,personal,cost2,BTCUSDT,20,0,-66.26879629447986,-66.26879629447986,0.25,0.2160392685150887,13.848407456000002,-2.10388883848,8680.412910000001,15,False,,,True,2025-08-04T14:21:00+00:00,False
previously_viewed_2025_2026,cci_h1_chop_m15,personal,cost2,ETHUSDT,30,0,-35.21619926858916,-35.21619926858916,0.3333333333333333,0.5091885006003342,10.225547760000001,-0.7831515085890001,6383.3062,19,False,,,True,2025-08-04T14:21:00+00:00,False
previously_viewed_2025_2026,cci_h1_chop_m5,personal,cost1,PORTFOLIO,58,0,-57.987508654229025,-57.987508654229025,0.3275862068965517,0.7351640632728916,19.462241296000002,-1.9206473582290002,24380.232730000003,21,False,0.10676084543582236,984.202491345771,True,2025-06-09T21:06:00+00:00,False
previously_viewed_2025_2026,cci_h1_chop_m5,personal,cost1,BTCUSDT,26,0,-61.01671843631508,-61.01671843631508,0.23076923076923078,0.4519430745714503,11.175893776000002,-1.6136046603150003,13993.980830000002,13,False,,,True,2025-06-09T21:06:00+00:00,False
previously_viewed_2025_2026,cci_h1_chop_m5,personal,cost1,ETHUSDT,32,0,3.029209782086055,3.029209782086055,0.40625,1.028146351407323,8.286347520000001,-0.30704269791399996,10386.2519,16,False,,,True,2025-06-09T21:06:00+00:00,False
previously_viewed_2025_2026,cci_h1_chop_m5,personal,cost2,PORTFOLIO,55,0,-87.52923687430982,-87.52923687430982,0.2727272727272727,0.591004250142478,31.459004704000005,-3.1987921703098,19710.604160000003,21,False,0.10717724460695828,954.6607631256902,True,2025-06-02T22:06:00+00:00,False
previously_viewed_2025_2026,cci_h1_chop_m5,personal,cost2,BTCUSDT,25,0,-76.23543863592161,-76.23543863592161,0.2,0.3293171712190383,18.405677104000002,-2.8214215319218,11531.052360000001,13,False,,,True,2025-06-02T22:06:00+00:00,False
previously_viewed_2025_2026,cci_h1_chop_m5,personal,cost2,ETHUSDT,30,0,-11.2937982383882,-11.2937982383882,0.3333333333333333,0.8874466642451179,13.053327600000001,-0.377370638388,8179.5518,16,False,,,True,2025-06-02T22:06:00+00:00,False
previously_viewed_2025_2026,cci_h1_chop_m3,personal,cost1,PORTFOLIO,62,0,-39.4858599250184,-39.4858599250184,0.3548387096774194,0.8258511883662115,22.198825312000004,-2.5603746130183,27822.197070000002,24,False,0.10484572227690285,998.5973175082039,True,2025-07-01T14:46:00+00:00,False
previously_viewed_2025_2026,cci_h1_chop_m3,personal,cost1,BTCUSDT,29,0,-62.35525556757344,-62.35525556757344,0.27586206896551724,0.4652871950636588,12.662004472000001,-1.9854910955733003,15851.359470000001,14,False,,,True,2025-07-01T14:46:00+00:00,False
previously_viewed_2025_2026,cci_h1_chop_m3,personal,cost1,ETHUSDT,33,0,22.86939564255503,22.86939564255503,0.42424242424242425,1.2076735776959093,9.53682084,-0.574883517445,11970.8376,18,False,,,True,2025-07-01T14:46:00+00:00,False
previously_viewed_2025_2026,cci_h1_chop_m3,personal,cost2,PORTFOLIO,56,0,-69.21640416000879,-69.21640416000879,0.32142857142857145,0.6601491434113944,34.33449615200001,-4.0762980080088,21522.322000000004,22,False,0.10068425354922929,972.9735958399913,True,2025-06-07T22:36:00+00:00,False
previously_viewed_2025_2026,cci_h1_chop_m3,personal,cost2,BTCUSDT,29,0,-88.39350232165059,-88.39350232165059,0.1724137931034483,0.3040996534057406,21.483213752000005,-3.4454785696508003,13458.741000000002,14,False,,,True,2025-06-07T22:36:00+00:00,False
previously_viewed_2025_2026,cci_h1_chop_m3,personal,cost2,ETHUSDT,27,0,19.177098161641794,19.177098161641794,0.48148148148148145,1.2502013743576341,12.8512824,-0.630819438358,8063.581,16,False,,,True,2025-06-07T22:36:00+00:00,False
previously_viewed_2025_2026,cci_h1_chop_m1,personal,cost1,PORTFOLIO,70,0,-35.61811927467327,-35.61811927467327,0.32857142857142857,0.8643085489458285,26.950136100000005,-2.6587931746732,33735.17882,23,False,0.1112684117115373,1001.8571217857964,True,2025-06-02T22:06:00+00:00,False
previously_viewed_2025_2026,cci_h1_chop_m1,personal,cost1,BTCUSDT,33,0,-42.27914728857932,-42.27914728857932,0.2727272727272727,0.6653001968096112,15.873970060000003,-2.4948872285792003,19854.41772,14,False,,,True,2025-06-02T22:06:00+00:00,False
previously_viewed_2025_2026,cci_h1_chop_m1,personal,cost1,ETHUSDT,37,0,6.66102801390605,6.66102801390605,0.3783783783783784,1.048915614376395,11.07616604,-0.163905946094,13880.761100000002,17,False,,,True,2025-06-02T22:06:00+00:00,False
previously_viewed_2025_2026,cci_h1_chop_m1,personal,cost2,PORTFOLIO,63,0,-75.05389526715166,-75.05389526715166,0.31746031746031744,0.6915339226901881,40.86224825600001,-4.253587011151801,25576.18959,21,False,0.10030094661798673,967.1361047328485,True,2025-05-21T23:16:00+00:00,False
previously_viewed_2025_2026,cci_h1_chop_m1,personal,cost2,BTCUSDT,29,0,-67.31872938395549,-67.31872938395549,0.27586206896551724,0.45900027631359763,23.747232976000003,-3.8593364079558006,14861.876690000001,12,False,,,True,2025-05-21T23:16:00+00:00,False
previously_viewed_2025_2026,cci_h1_chop_m1,personal,cost2,ETHUSDT,34,0,-7.735165883196168,-7.735165883196168,0.35294117647058826,0.9349326326928972,17.11501528,-0.394250603196,10714.3129,15,False,,,True,2025-05-21T23:16:00+00:00,False
previously_viewed_2025_2026,cci_m30_chop_w,personal,cost1,PORTFOLIO,28,0,-75.00157800615702,-75.00157800615702,0.25,0.47142056730000825,13.979367516000002,-2.1741604901567,17503.633420000002,10,False,0.104189719547902,967.188421993843,True,2025-09-20T05:36:00+00:00,False
previously_viewed_2025_2026,cci_m30_chop_w,personal,cost1,BTCUSDT,9,0,-5.05469239955665,-5.05469239955665,0.3333333333333333,0.8814296825275194,6.377879916000001,-1.2905624835567,7971.043020000001,3,False,,,True,2025-09-20T05:36:00+00:00,False
previously_viewed_2025_2026,cci_m30_chop_w,personal,cost1,ETHUSDT,19,0,-69.94688560660038,-69.94688560660038,0.21052631578947367,0.2953334761487742,7.601487600000001,-0.8835980066000001,9532.590400000001,7,False,,,True,2025-09-20T05:36:00+00:00,False
previously_viewed_2025_2026,cci_m30_chop_w,personal,cost2,PORTFOLIO,26,0,-87.5704074341056,-87.5704074341056,0.19230769230769232,0.3433652145350614,21.738783104000003,-3.6059843301056005,13617.852260000001,9,False,0.10519390599526621,954.6195925658944,True,2025-09-15T04:11:00+00:00,False
previously_viewed_2025_2026,cci_m30_chop_w,personal,cost2,BTCUSDT,9,0,-20.17162195552562,-20.17162195552562,0.2222222222222222,0.5637196951038789,10.219084944,-2.1207970115256,6390.843960000001,3,False,,,True,2025-09-15T04:11:00+00:00,False
previously_viewed_2025_2026,cci_m30_chop_w,personal,cost2,ETHUSDT,17,0,-67.39878547857998,-67.39878547857998,0.17647058823529413,0.2264302126976331,11.51969816,-1.4851873185800002,7227.0083,6,False,,,True,2025-09-15T04:11:00+00:00,False
previously_viewed_2025_2026,cci_m30_chop_d,personal,cost1,PORTFOLIO,60,0,147.91427776198475,147.91427776198475,0.35,1.6289758591391672,26.943700940000003,-3.4654912980152,33663.355740000006,21,False,0.09134863408527094,989.2043548096228,False,,False
previously_viewed_2025_2026,cci_m30_chop_d,personal,cost1,BTCUSDT,26,0,-81.40467083900103,-81.40467083900103,0.3076923076923077,0.39526706351006496,14.809997380000002,-1.3358434590012,18501.72084,13,False,,,False,,False
previously_viewed_2025_2026,cci_m30_chop_d,personal,cost1,ETHUSDT,34,0,229.31894860098578,229.31894860098578,0.38235294117647056,3.280549238310283,12.13370356,-2.129647839014,15161.634900000001,16,False,,,False,,False
previously_viewed_2025_2026,cci_m30_chop_d,personal,cost2,PORTFOLIO,60,0,53.02559002979929,53.02559002979929,0.31666666666666665,1.2154050837425887,44.73337258400001,-6.245787386201,27940.249740000003,21,False,0.08861371132583543,977.2968470278146,False,,False
previously_viewed_2025_2026,cci_m30_chop_d,personal,cost2,BTCUSDT,26,0,-103.90191249498007,-103.90191249498007,0.23076923076923078,0.24755960637612898,23.980095784000003,-2.4033667109800003,14980.188440000002,13,False,,,False,,False
previously_viewed_2025_2026,cci_m30_chop_d,personal,cost2,ETHUSDT,34,0,156.92750252477936,156.92750252477936,0.38235294117647056,2.4519531917770063,20.753276800000002,-3.842420675221,12960.061300000001,16,False,,,False,,False
previously_viewed_2025_2026,cci_m30_chop_h12,personal,cost1,PORTFOLIO,57,0,188.52539385574966,188.52539385574966,0.42105263157894735,1.8115060911392218,24.308300364,-3.0627757802502003,30386.898210000003,23,False,0.08532358573102967,985.4273631649008,False,,False
previously_viewed_2025_2026,cci_m30_chop_h12,personal,cost1,BTCUSDT,24,0,28.708271366754758,28.708271366754758,0.375,1.2720847375881918,12.247581244000001,-1.4348173892452,15368.212410000002,12,False,,,False,,False
previously_viewed_2025_2026,cci_m30_chop_h12,personal,cost1,ETHUSDT,33,0,159.8171224889949,159.8171224889949,0.45454545454545453,2.260355648761276,12.060719120000002,-1.6279583910050002,15018.685800000001,19,False,,,False,,False
previously_viewed_2025_2026,cci_m30_chop_h12,personal,cost2,PORTFOLIO,57,0,96.39903248386973,96.39903248386973,0.38596491228070173,1.4053027581004522,40.81659698400001,-5.8716005321307,25511.991250000003,23,False,0.09390567289361627,972.5851567059422,False,,False
previously_viewed_2025_2026,cci_m30_chop_h12,personal,cost2,BTCUSDT,24,0,-10.20585380645365,-10.20585380645365,0.2916666666666667,0.9077688756257326,20.401592104000002,-2.6883917024537003,12806.173850000001,12,False,,,False,,False
previously_viewed_2025_2026,cci_m30_chop_h12,personal,cost2,ETHUSDT,33,0,106.60488629032339,106.60488629032339,0.45454545454545453,1.8381592448142197,20.41500488,-3.1832088296770005,12705.8174,19,False,,,False,,False
previously_viewed_2025_2026,cci_m30_chop_h6,personal,cost1,PORTFOLIO,39,0,-49.064844234899034,-49.064844234899034,0.38461538461538464,0.6841181226031581,15.482818016000001,-0.9872862188990001,19349.4352,24,False,0.10132666836827026,993.125155765101,True,2025-12-04T19:16:00+00:00,False
previously_viewed_2025_2026,cci_m30_chop_h6,personal,cost1,BTCUSDT,13,0,-24.242653537653954,-24.242653537653954,0.38461538461538464,0.47682584287946234,7.1823158560000016,-0.7753976816540001,8971.223100000001,9,False,,,True,2025-12-04T19:16:00+00:00,False
previously_viewed_2025_2026,cci_m30_chop_h6,personal,cost1,ETHUSDT,26,0,-24.82219069724508,-24.82219069724508,0.38461538461538464,0.7722503300196112,8.30050216,-0.211888537245,10378.2121,18,False,,,True,2025-12-04T19:16:00+00:00,False
previously_viewed_2025_2026,cci_m30_chop_h6,personal,cost2,PORTFOLIO,38,0,-70.81320129278359,-70.81320129278359,0.3157894736842105,0.5310141577619393,24.842375256000004,-2.2564960367839,15528.56407,24,False,0.10730356802852384,971.3767987072165,True,2025-12-04T13:01:00+00:00,False
previously_viewed_2025_2026,cci_m30_chop_h6,personal,cost2,BTCUSDT,13,0,-38.37912539589772,-38.37912539589772,0.23076923076923078,0.2592739118491807,11.710129416000001,-1.4961659798979001,7316.43187,9,False,,,True,2025-12-04T13:01:00+00:00,False
previously_viewed_2025_2026,cci_m30_chop_h6,personal,cost2,ETHUSDT,25,0,-32.43407589688587,-32.43407589688587,0.36,0.6729755140802881,13.132245840000001,-0.760330056886,8212.1322,17,False,,,True,2025-12-04T13:01:00+00:00,False
previously_viewed_2025_2026,cci_m30_chop_h4,personal,cost1,PORTFOLIO,55,0,47.543768831260934,47.543768831260934,0.38181818181818183,1.2634257250872187,18.525470496,-1.6088406727391,23165.87554,36,False,0.0941368989997002,999.6377003471256,False,,False
previously_viewed_2025_2026,cci_m30_chop_h4,personal,cost1,BTCUSDT,17,0,-11.776018901572035,-11.776018901572035,0.35294117647058826,0.7898086408068011,7.195634216000001,-0.3671646855721,8997.042340000002,15,False,,,False,,False
previously_viewed_2025_2026,cci_m30_chop_h4,personal,cost1,ETHUSDT,38,0,59.31978773283297,59.31978773283297,0.39473684210526316,1.4766272223594008,11.32983628,-1.241675987167,14168.833200000001,26,False,,,False,,False
previously_viewed_2025_2026,cci_m30_chop_h4,personal,cost2,PORTFOLIO,55,0,-4.4996399248213095,-4.4996399248213095,0.32727272727272727,0.9763057461953477,31.348947056000004,-3.3448328688218,19599.50087,36,False,0.10397443342900248,975.8630565439387,False,,False
previously_viewed_2025_2026,cci_m30_chop_h4,personal,cost2,BTCUSDT,17,0,-27.261320909009644,-27.261320909009644,0.23529411764705882,0.5672150626885094,12.059041456000001,-0.8646194530098,7540.228570000001,15,False,,,False,,False
previously_viewed_2025_2026,cci_m30_chop_h4,personal,cost2,ETHUSDT,38,0,22.761680984188335,22.761680984188335,0.3684210526315789,1.1793475491118095,19.2899056,-2.4802134158120004,12059.2723,26,False,,,False,,False
previously_viewed_2025_2026,cci_m30_chop_h1,personal,cost1,PORTFOLIO,67,0,54.64346642348775,54.64346642348775,0.3582089552238806,1.2815165378186006,15.785429372000001,-1.0746942045125,19740.67884,45,False,0.07969883209983372,1026.3258631177298,False,,False
previously_viewed_2025_2026,cci_m30_chop_h1,personal,cost1,BTCUSDT,27,0,-52.95392235396122,-52.95392235396122,0.18518518518518517,0.42206031664953986,7.8418769720000014,0.01956461803849998,9810.23884,22,False,,,False,,False
previously_viewed_2025_2026,cci_m30_chop_h1,personal,cost1,ETHUSDT,40,0,107.59738877744897,107.59738877744897,0.475,2.049949973029298,7.943552400000001,-1.0942588225510002,9930.44,31,False,,,False,,False
previously_viewed_2025_2026,cci_m30_chop_h1,personal,cost2,PORTFOLIO,67,0,6.941528607097861,6.941528607097861,0.2835820895522388,1.0331480290335826,28.266991296000004,-2.6732000969022,17674.840920000002,45,False,0.0925661214461742,1002.1342277048683,False,,False
previously_viewed_2025_2026,cci_m30_chop_h1,personal,cost2,BTCUSDT,27,0,-68.87701486500225,-68.87701486500225,0.07407407407407407,0.32994708915386095,13.959394336000003,-0.3761405290022,8731.50092,22,False,,,False,,False
previously_viewed_2025_2026,cci_m30_chop_h1,personal,cost2,ETHUSDT,40,0,75.81854347210012,75.81854347210012,0.425,1.7111326435660676,14.307596960000001,-2.2970595679000003,8943.34,31,False,,,False,,False
previously_viewed_2025_2026,cci_m30_chop_m30,personal,cost1,PORTFOLIO,53,0,-63.425525301984926,-63.425525301984926,0.2830188679245283,0.5753175771594071,11.205678556,-0.946616745985,14021.45937,33,False,0.10171957029407633,978.558491410823,True,2025-12-14T11:41:00+00:00,False
previously_viewed_2025_2026,cci_m30_chop_m30,personal,cost1,BTCUSDT,18,0,-24.507786364470014,-24.507786364470014,0.3333333333333333,0.5136567520494487,5.153965236000001,-0.46769112847,6457.297170000001,15,False,,,True,2025-12-14T11:41:00+00:00,False
previously_viewed_2025_2026,cci_m30_chop_m30,personal,cost1,ETHUSDT,35,0,-38.91773893751492,-38.91773893751492,0.2571428571428571,0.6067174308741713,6.05171332,-0.47892561751500007,7564.1622,26,False,,,True,2025-12-14T11:41:00+00:00,False
previously_viewed_2025_2026,cci_m30_chop_m30,personal,cost2,PORTFOLIO,46,0,-72.9107045439944,-72.9107045439944,0.2391304347826087,0.47600265838491523,18.214427104000002,-2.0271974399945,11405.145670000002,30,False,0.10289898690422487,969.2792954560057,True,2025-10-30T14:01:00+00:00,False
previously_viewed_2025_2026,cci_m30_chop_m30,personal,cost2,BTCUSDT,14,0,-41.22038822414852,-41.22038822414852,0.21428571428571427,0.23089280652720226,7.762865824000001,-1.0188424001485001,4864.886570000001,12,False,,,True,2025-10-30T14:01:00+00:00,False
previously_viewed_2025_2026,cci_m30_chop_m30,personal,cost2,ETHUSDT,32,0,-31.690316319845873,-31.690316319845873,0.25,0.6295616718213777,10.451561280000002,-1.0083550398460002,6540.2591,24,False,,,True,2025-10-30T14:01:00+00:00,False
previously_viewed_2025_2026,cci_m30_chop_m15,personal,cost1,PORTFOLIO,48,0,-52.5746478276446,-52.5746478276446,0.2916666666666667,0.6711620717029293,14.364041660000002,-1.2892361676444,18011.85636,21,False,0.10238220020610662,982.7078171317135,True,2025-06-09T21:31:00+00:00,False
previously_viewed_2025_2026,cci_m30_chop_m15,personal,cost1,BTCUSDT,23,0,-66.30650371257256,-66.30650371257256,0.21739130434782608,0.31113101070724875,9.3214289,-1.1188048125724002,11679.719260000002,13,False,,,True,2025-06-09T21:31:00+00:00,False
previously_viewed_2025_2026,cci_m30_chop_m15,personal,cost1,ETHUSDT,25,0,13.73185588492796,13.73185588492796,0.36,1.2158215756351665,5.042612760000001,-0.170431355072,6332.1371,14,False,,,True,2025-06-09T21:31:00+00:00,False
previously_viewed_2025_2026,cci_m30_chop_m15,personal,cost2,PORTFOLIO,46,0,-82.81879743102769,-82.81879743102769,0.2391304347826087,0.5014087677822324,23.863352560000003,-2.2339648710276,14966.820490000002,21,False,0.10231993851346562,959.3712025689724,True,2025-06-02T22:31:00+00:00,False
previously_viewed_2025_2026,cci_m30_chop_m15,personal,cost2,BTCUSDT,22,0,-77.72363376385051,-77.72363376385051,0.18181818181818182,0.21718966564353,15.308834800000001,-1.9169189638506001,9598.270690000001,13,False,,,True,2025-06-02T22:31:00+00:00,False
previously_viewed_2025_2026,cci_m30_chop_m15,personal,cost2,ETHUSDT,24,0,-5.095163667177171,-5.095163667177171,0.2916666666666667,0.9237452461050455,8.554517760000001,-0.317045907177,5368.5498,13,False,,,True,2025-06-02T22:31:00+00:00,False
previously_viewed_2025_2026,cci_m30_chop_m5,personal,cost1,PORTFOLIO,67,0,30.019791674839052,30.019791674839052,0.3582089552238806,1.1325125997351089,25.513954880000004,-2.1906934451609,31981.000180000003,22,False,0.10335978561117146,973.4873099257143,True,2025-06-01T16:11:00+00:00,False
previously_viewed_2025_2026,cci_m30_chop_m5,personal,cost1,BTCUSDT,29,0,-55.559746444200115,-55.559746444200115,0.27586206896551724,0.5092484703142247,14.098235000000003,-2.0852514441999,17642.481880000003,12,False,,,True,2025-06-01T16:11:00+00:00,False
previously_viewed_2025_2026,cci_m30_chop_m5,personal,cost1,ETHUSDT,38,0,85.57953811903917,85.57953811903917,0.42105263157894735,1.7551402799523141,11.415719880000001,-0.10544200096100002,14338.518300000002,16,False,,,True,2025-06-01T16:11:00+00:00,False
previously_viewed_2025_2026,cci_m30_chop_m5,personal,cost2,PORTFOLIO,65,0,-32.727004371918284,-32.727004371918284,0.3230769230769231,0.8591170784496346,40.779159248000006,-3.9518051239184,25565.83235,22,False,0.10544834223487282,952.3359896235395,True,2025-05-31T13:01:00+00:00,False
previously_viewed_2025_2026,cci_m30_chop_m5,personal,cost2,BTCUSDT,28,0,-83.75319270791816,-83.75319270791816,0.25,0.31252388030534306,21.899799968000004,-3.4666527399184,13716.568350000001,11,False,,,True,2025-05-31T13:01:00+00:00,False
previously_viewed_2025_2026,cci_m30_chop_m5,personal,cost2,ETHUSDT,37,0,51.02618833599988,51.02618833599988,0.3783783783783784,1.4618914771239744,18.879359280000003,-0.485152384,11849.264000000001,16,False,,,True,2025-05-31T13:01:00+00:00,False
previously_viewed_2025_2026,cci_m30_chop_m3,personal,cost1,PORTFOLIO,63,0,25.083610297171827,25.083610297171827,0.3492063492063492,1.1065206787049062,26.101925500000004,-1.8935542028282002,32748.77603,21,False,0.10722863708497235,955.9977166967037,True,2025-05-22T02:41:00+00:00,False
previously_viewed_2025_2026,cci_m30_chop_m3,personal,cost1,BTCUSDT,31,0,-105.13974314665728,-105.13974314665728,0.22580645161290322,0.2894893765210143,15.062242500000002,-1.9414906466572002,18871.871130000003,11,False,,,True,2025-05-22T02:41:00+00:00,False
previously_viewed_2025_2026,cci_m30_chop_m3,personal,cost1,ETHUSDT,32,0,130.2233534438291,130.2233534438291,0.46875,2.488208842962062,11.039683,0.047936443829,13876.9049,16,False,,,True,2025-05-22T02:41:00+00:00,False
previously_viewed_2025_2026,cci_m30_chop_m3,personal,cost2,PORTFOLIO,22,0,-86.76684372646933,-86.76684372646933,0.18181818181818182,0.20566269485427016,15.888859840000002,-2.4894838864694,9962.380050000002,6,False,0.10023161720178013,955.4231562735307,True,2025-02-09T13:36:00+00:00,False
previously_viewed_2025_2026,cci_m30_chop_m3,personal,cost2,BTCUSDT,20,0,-84.13903007067734,-84.13903007067734,0.15,0.19272291661135063,15.630837120000002,-2.4712929506774,9802.291650000001,6,False,,,True,2025-02-09T13:36:00+00:00,False
previously_viewed_2025_2026,cci_m30_chop_m3,personal,cost2,ETHUSDT,2,0,-2.627813655791998,-2.627813655791998,0.5,0.4750696603788456,0.25802272000000004,-0.018190935792,160.0884,1,False,,,True,2025-02-09T13:36:00+00:00,False
previously_viewed_2025_2026,cci_m30_chop_m1,personal,cost1,PORTFOLIO,34,0,-79.69792922282511,-79.69792922282511,0.23529411764705882,0.45380707094758405,16.545372076000003,-2.0360271468254,20689.645460000003,8,False,0.10640116421208821,962.492070777175,True,2025-02-24T18:31:00+00:00,False
previously_viewed_2025_2026,cci_m30_chop_m1,personal,cost1,BTCUSDT,25,0,-53.92324388282916,-53.92324388282916,0.24,0.5115283395979231,13.198905956000003,-2.2357079268294,16517.876760000003,8,False,,,True,2025-02-24T18:31:00+00:00,False
previously_viewed_2025_2026,cci_m30_chop_m1,personal,cost1,ETHUSDT,9,0,-25.774685339995955,-25.774685339995955,0.2222222222222222,0.27443465086484203,3.34646612,0.19968078000400002,4171.7687000000005,3,False,,,True,2025-02-24T18:31:00+00:00,False
previously_viewed_2025_2026,cci_m30_chop_m1,personal,cost2,PORTFOLIO,25,0,-85.52068559070432,-85.52068559070432,0.24,0.3018087108022721,19.320221352,-3.1857142387046,12095.507920000002,6,False,0.10162980392044649,956.6693144092957,True,2025-02-09T13:36:00+00:00,False
previously_viewed_2025_2026,cci_m30_chop_m1,personal,cost2,BTCUSDT,22,0,-73.12612164577635,-73.12612164577635,0.22727272727272727,0.3246053054569713,18.051042312000003,-3.1981293337766004,11307.83992,6,False,,,True,2025-02-09T13:36:00+00:00,False
previously_viewed_2025_2026,cci_m30_chop_m1,personal,cost2,ETHUSDT,3,0,-12.394563944927969,-12.394563944927969,0.3333333333333333,0.12820051255849746,1.2691790399999998,0.012415095072000004,787.668,1,False,,,True,2025-02-09T13:36:00+00:00,False
previously_viewed_2025_2026,cci_m15_chop_w,personal,cost1,PORTFOLIO,44,0,-81.28460576184351,-81.28460576184351,0.2727272727272727,0.6369292992193274,24.605760520000004,-2.9552252418434,30756.124420000004,13,False,0.10392193247967009,960.1267984163256,True,2026-02-11T04:26:00+00:00,False
previously_viewed_2025_2026,cci_m15_chop_w,personal,cost1,BTCUSDT,14,0,-30.881424897475128,-30.881424897475128,0.2857142857142857,0.584238971333707,9.5704264,-1.6388784974754003,11967.865520000001,4,False,,,True,2026-02-11T04:26:00+00:00,False
previously_viewed_2025_2026,cci_m15_chop_w,personal,cost1,ETHUSDT,30,0,-50.40318086436839,-50.40318086436839,0.26666666666666666,0.663089498997319,15.035334120000002,-1.316346744368,18788.2589,9,False,,,True,2026-02-11T04:26:00+00:00,False
previously_viewed_2025_2026,cci_m15_chop_w,personal,cost2,PORTFOLIO,37,0,-96.562132573069,-96.562132573069,0.2702702702702703,0.5022718002227413,33.72752624,-4.929806333069,21108.656300000002,11,False,0.1064326203868183,945.6278674269311,True,2025-09-20T04:46:00+00:00,False
previously_viewed_2025_2026,cci_m15_chop_w,personal,cost2,BTCUSDT,12,0,-43.854485804036905,-43.854485804036905,0.25,0.38147476906398337,14.398794320000002,-2.5405914840370003,9012.704000000002,3,False,,,True,2025-09-20T04:46:00+00:00,False
previously_viewed_2025_2026,cci_m15_chop_w,personal,cost2,ETHUSDT,25,0,-52.70764676903209,-52.70764676903209,0.28,0.5718447629062755,19.328731920000003,-2.389214849032,12095.9523,8,False,,,True,2025-09-20T04:46:00+00:00,False
previously_viewed_2025_2026,cci_m15_chop_d,personal,cost1,PORTFOLIO,54,0,-10.230428900553663,-10.230428900553663,0.25925925925925924,0.9575073886090639,23.093987604000002,-1.9706512965539,28781.044250000003,17,False,0.08650620918516001,978.2549561797398,True,2026-02-12T15:06:00+00:00,False
previously_viewed_2025_2026,cci_m15_chop_d,personal,cost1,BTCUSDT,21,0,-94.22240915621974,-94.22240915621974,0.19047619047619047,0.20708328227233685,11.612007564000002,-0.6133115922199001,14490.125150000002,10,False,,,True,2026-02-12T15:06:00+00:00,False
previously_viewed_2025_2026,cci_m15_chop_d,personal,cost1,ETHUSDT,33,0,83.99198025566608,83.99198025566608,0.30303030303030304,1.688867183329724,11.481980040000002,-1.357339704334,14290.919100000001,11,False,,,True,2026-02-12T15:06:00+00:00,False
previously_viewed_2025_2026,cci_m15_chop_d,personal,cost2,PORTFOLIO,54,0,-66.8466544108286,-66.8466544108286,0.24074074074074073,0.7327073729540428,38.59015403200001,-3.8879603788287005,24046.688270000002,17,False,0.08932411442584452,963.9841543129926,True,2026-02-12T15:06:00+00:00,False
previously_viewed_2025_2026,cci_m15_chop_d,personal,cost2,BTCUSDT,21,0,-108.9602986093706,-108.9602986093706,0.19047619047619047,0.1074022115786587,18.780119552000002,-1.2815390573707002,11718.16977,10,False,,,True,2026-02-12T15:06:00+00:00,False
previously_viewed_2025_2026,cci_m15_chop_d,personal,cost2,ETHUSDT,33,0,42.113644198542,42.113644198542,0.2727272727272727,1.3289693684645736,19.810034480000002,-2.606421321458,12328.5185,11,False,,,True,2026-02-12T15:06:00+00:00,False
previously_viewed_2025_2026,cci_m15_chop_h12,personal,cost1,PORTFOLIO,74,0,233.34202164674306,233.34202164674306,0.3783783783783784,1.6678916100169596,37.63367112,-3.8772872332570003,47044.29761,28,False,0.09883245855850384,947.7528966916515,False,,False
previously_viewed_2025_2026,cci_m15_chop_h12,personal,cost1,BTCUSDT,31,0,6.543718359947989,6.543718359947989,0.3870967741935484,1.0412214050231163,18.598672880000002,-1.753388760052,23313.958010000002,16,False,,,False,,False
previously_viewed_2025_2026,cci_m15_chop_h12,personal,cost1,ETHUSDT,43,0,226.79830328679506,226.79830328679506,0.37209302325581395,2.189758770814854,19.034998240000004,-2.123898473205,23730.3396,22,False,,,False,,False
previously_viewed_2025_2026,cci_m15_chop_h12,personal,cost2,PORTFOLIO,51,0,-90.53789318199514,-90.53789318199514,0.2549019607843137,0.6669944712655295,43.07656204800001,-4.8939711339952,26861.598080000003,21,False,0.10388470287972205,939.3271105136123,True,2026-01-25T03:21:00+00:00,False
previously_viewed_2025_2026,cci_m15_chop_h12,personal,cost2,BTCUSDT,20,0,-101.72083627417936,-101.72083627417936,0.25,0.1441891088436673,21.619438208000002,-2.5922380661792004,13542.798980000001,11,False,,,True,2026-01-25T03:21:00+00:00,False
previously_viewed_2025_2026,cci_m15_chop_h12,personal,cost2,ETHUSDT,31,0,11.182943092184209,11.182943092184209,0.25806451612903225,1.0730806039174652,21.45712384,-2.301733067816,13318.7991,15,False,,,True,2026-01-25T03:21:00+00:00,False
previously_viewed_2025_2026,cci_m15_chop_h6,personal,cost1,PORTFOLIO,48,0,-47.80269315674368,-47.80269315674368,0.4375,0.7664126713684768,24.525738920000002,-1.5001342367438002,30625.344760000004,28,False,0.10842466580564507,994.3873068432564,True,2025-12-04T13:01:00+00:00,False
previously_viewed_2025_2026,cci_m15_chop_h6,personal,cost1,BTCUSDT,19,0,-37.590988095816805,-37.590988095816805,0.47368421052631576,0.5272633093829867,13.092885000000003,-1.1194830958168,16346.138860000003,13,False,,,True,2025-12-04T13:01:00+00:00,False
previously_viewed_2025_2026,cci_m15_chop_h6,personal,cost1,ETHUSDT,29,0,-10.211705060926873,-10.211705060926873,0.41379310344827586,0.9183899958461144,11.432853920000001,-0.38065114092700003,14279.2059,20,False,,,True,2025-12-04T13:01:00+00:00,False
previously_viewed_2025_2026,cci_m15_chop_h6,personal,cost2,PORTFOLIO,43,0,-58.180885769025316,-58.180885769025316,0.37209302325581395,0.6691362532657034,34.699253296,-3.1935724730254003,21676.802920000002,25,False,0.102344380876495,984.0091142309748,True,2025-11-06T12:46:00+00:00,False
previously_viewed_2025_2026,cci_m15_chop_h6,personal,cost2,BTCUSDT,16,0,-32.383403636295384,-32.383403636295384,0.375,0.44108210332075354,16.957907696000003,-2.1404359402954003,10598.393820000001,11,False,,,True,2025-11-06T12:46:00+00:00,False
previously_viewed_2025_2026,cci_m15_chop_h6,personal,cost2,ETHUSDT,27,0,-25.797482132729936,-25.797482132729936,0.37037037037037035,0.7812029546997603,17.741345600000002,-1.05313653273,11078.4091,18,False,,,True,2025-11-06T12:46:00+00:00,False
previously_viewed_2025_2026,cci_m15_chop_h4,personal,cost1,PORTFOLIO,49,0,-21.95475121017592,-21.95475121017592,0.42857142857142855,0.8920465936245714,22.434836300000004,-1.0155249101758002,28008.35363,28,False,0.10494325486937754,1020.2352487898243,True,2026-01-30T01:26:00+00:00,False
previously_viewed_2025_2026,cci_m15_chop_h4,personal,cost1,BTCUSDT,20,0,-30.27359751894009,-30.27359751894009,0.35,0.6706213623560158,12.495361020000002,-0.7664464989398001,15592.688430000002,14,False,,,True,2026-01-30T01:26:00+00:00,False
previously_viewed_2025_2026,cci_m15_chop_h4,personal,cost1,ETHUSDT,29,0,8.318846308764169,8.318846308764169,0.4827586206896552,1.0746344334697102,9.939475280000002,-0.24907841123600005,12415.665200000001,19,False,,,True,2026-01-30T01:26:00+00:00,False
previously_viewed_2025_2026,cci_m15_chop_h4,personal,cost2,PORTFOLIO,48,0,-61.08599373099996,-61.08599373099996,0.3541666666666667,0.6907584763604484,36.412686240000006,-2.469327491,22730.802900000002,28,False,0.10649390813082699,981.1040062690001,True,2026-01-21T17:16:00+00:00,False
previously_viewed_2025_2026,cci_m15_chop_h4,personal,cost2,BTCUSDT,20,0,-53.131434681439956,-53.131434681439956,0.35,0.4423871204339727,19.946180320000003,-1.61667436144,12445.5184,14,False,,,True,2026-01-21T17:16:00+00:00,False
previously_viewed_2025_2026,cci_m15_chop_h4,personal,cost2,ETHUSDT,28,0,-7.954559049560003,-7.954559049560003,0.35714285714285715,0.9222056928502889,16.466505920000003,-0.8526531295600002,10285.284500000002,19,False,,,True,2026-01-21T17:16:00+00:00,False
previously_viewed_2025_2026,cci_m15_chop_h1,personal,cost1,PORTFOLIO,77,0,124.33074436286418,124.33074436286418,0.4155844155844156,1.4541321291654596,24.972988828000002,-0.8754768091364,31212.059030000004,48,False,0.07484726842971265,1031.469840372152,False,,False
previously_viewed_2025_2026,cci_m15_chop_h1,personal,cost1,BTCUSDT,33,0,-0.6033214162128503,-0.6033214162128503,0.3333333333333333,0.9956139957250548,13.606643308000002,0.26111189178660005,17031.474430000002,25,False,,,False,,False
previously_viewed_2025_2026,cci_m15_chop_h1,personal,cost1,ETHUSDT,44,0,124.93406577907703,124.93406577907703,0.4772727272727273,1.9171455865140117,11.366345520000001,-1.136588700923,14180.5846,33,False,,,False,,False
previously_viewed_2025_2026,cci_m15_chop_h1,personal,cost2,PORTFOLIO,77,0,43.130233862853416,43.130233862853416,0.35064935064935066,1.153830353703773,42.37630952000001,-2.7867166171467,26475.30524,48,False,0.08664376045441533,1004.6414185199433,False,,False
previously_viewed_2025_2026,cci_m15_chop_h1,personal,cost2,BTCUSDT,33,0,-42.1331908285958,-42.1331908285958,0.2727272727272727,0.7034257003613156,22.575739520000003,-0.2990113085957001,14121.582040000001,25,False,,,False,,False
previously_viewed_2025_2026,cci_m15_chop_h1,personal,cost2,ETHUSDT,44,0,85.26342469144922,85.26342469144922,0.4090909090909091,1.6164701395346839,19.800570000000004,-2.4877053085510004,12353.7232,33,False,,,False,,False
previously_viewed_2025_2026,cci_m15_chop_m30,personal,cost1,PORTFOLIO,58,0,-85.61956569740475,-85.61956569740475,0.29310344827586204,0.4924814668059609,12.721299536000002,-1.0070861614048001,15903.96742,36,False,0.1052888651447741,956.5704343025953,True,2026-01-29T15:01:00+00:00,False
previously_viewed_2025_2026,cci_m15_chop_m30,personal,cost1,BTCUSDT,20,0,-24.886635158689774,-24.886635158689774,0.4,0.5609369662824637,6.236927816000001,-0.5168273426898,7808.79902,16,False,,,True,2026-01-29T15:01:00+00:00,False
previously_viewed_2025_2026,cci_m15_chop_m30,personal,cost1,ETHUSDT,38,0,-60.73293053871498,-60.73293053871498,0.23684210526315788,0.45784386717259595,6.48437172,-0.49025881871500004,8095.1684000000005,28,False,,,True,2026-01-29T15:01:00+00:00,False
previously_viewed_2025_2026,cci_m15_chop_m30,personal,cost2,PORTFOLIO,48,0,-89.17443334484472,-89.17443334484472,0.25,0.3926773515166352,18.309759448,-2.1939838968448004,11453.3384,30,False,0.10136534026508909,953.0155666551553,True,2025-11-20T16:46:00+00:00,False
previously_viewed_2025_2026,cci_m15_chop_m30,personal,cost2,BTCUSDT,13,0,-35.86471731484883,-35.86471731484883,0.3076923076923077,0.24403631007207238,7.258759608000001,-1.2138677068488002,4550.420800000001,11,False,,,True,2025-11-20T16:46:00+00:00,False
previously_viewed_2025_2026,cci_m15_chop_m30,personal,cost2,ETHUSDT,35,0,-53.30971602999589,-53.30971602999589,0.22857142857142856,0.4636292373231745,11.050999840000001,-0.980116189996,6902.917600000001,25,False,,,True,2025-11-20T16:46:00+00:00,False
previously_viewed_2025_2026,cci_m15_chop_m15,personal,cost1,PORTFOLIO,50,0,-61.305194993698564,-61.305194993698564,0.26,0.6464239216295715,14.551293152000001,-1.2859018416985,18238.376040000003,20,False,0.10090114167409873,968.745599667988,True,2025-05-31T14:06:00+00:00,False
previously_viewed_2025_2026,cci_m15_chop_m15,personal,cost1,BTCUSDT,24,0,-63.77146066645448,-63.77146066645448,0.20833333333333334,0.33330145994154975,9.138407312000002,-1.1740533544545,11449.738640000001,11,False,,,True,2025-05-31T14:06:00+00:00,False
previously_viewed_2025_2026,cci_m15_chop_m15,personal,cost1,ETHUSDT,26,0,2.466265672755919,2.466265672755919,0.3076923076923077,1.031727178751008,5.41288584,-0.11184848724399998,6788.6374000000005,13,False,,,True,2025-05-31T14:06:00+00:00,False
previously_viewed_2025_2026,cci_m15_chop_m15,personal,cost2,PORTFOLIO,50,0,-97.27817065879009,-97.27817065879009,0.22,0.4736972984144918,25.529594864000003,-2.43287579479,16003.68114,20,False,0.10533506825885024,944.91182934121,True,2025-05-31T14:06:00+00:00,False
previously_viewed_2025_2026,cci_m15_chop_m15,personal,cost2,BTCUSDT,24,0,-80.71115259907693,-80.71115259907693,0.16666666666666666,0.22335733701763338,15.881925664000002,-2.118426935077,9957.55894,11,False,,,True,2025-05-31T14:06:00+00:00,False
previously_viewed_2025_2026,cci_m15_chop_m15,personal,cost2,ETHUSDT,26,0,-16.56701805971317,-16.56701805971317,0.2692307692307692,0.7952413265444424,9.647669200000001,-0.31444885971299996,6046.1222,13,False,,,True,2025-05-31T14:06:00+00:00,False
previously_viewed_2025_2026,cci_m15_chop_m5,personal,cost1,PORTFOLIO,67,0,-22.7545801956455,-22.7545801956455,0.29850746268656714,0.9127599367724781,27.460716364000003,-1.4527938316457,34355.265190000006,19,False,0.1067611604389121,958.006311489603,True,2025-05-07T00:26:00+00:00,False
previously_viewed_2025_2026,cci_m15_chop_m5,personal,cost1,BTCUSDT,26,0,-41.36106841753056,-41.36106841753056,0.2692307692307692,0.5881801069997158,13.331553404000003,-1.7392450135307,16677.586890000002,10,False,,,True,2025-05-07T00:26:00+00:00,False
previously_viewed_2025_2026,cci_m15_chop_m5,personal,cost1,ETHUSDT,41,0,18.606488221885066,18.606488221885066,0.3170731707317073,1.1160060915268586,14.12916296,0.286451181885,17677.6783,13,False,,,True,2025-05-07T00:26:00+00:00,False
previously_viewed_2025_2026,cci_m15_chop_m5,personal,cost2,PORTFOLIO,32,0,-103.24015496429709,-103.24015496429709,0.21875,0.2493029372338243,22.128767288000002,-2.9460976762972,13833.187800000002,8,False,0.10466330524780514,937.550195400109,True,2025-02-20T09:16:00+00:00,False
previously_viewed_2025_2026,cci_m15_chop_m5,personal,cost2,BTCUSDT,22,0,-62.34991183204811,-62.34991183204811,0.22727272727272727,0.3401400636193316,17.432420248000003,-3.1266015840482,10916.1581,7,False,,,True,2025-02-20T09:16:00+00:00,False
previously_viewed_2025_2026,cci_m15_chop_m5,personal,cost2,ETHUSDT,10,0,-40.89024313224898,-40.89024313224898,0.2,0.049861908017820325,4.696347040000001,0.18050390775100003,2917.0297,3,False,,,True,2025-02-20T09:16:00+00:00,False
previously_viewed_2025_2026,cci_m15_chop_m3,personal,cost1,PORTFOLIO,31,0,-93.29963178859761,-93.29963178859761,0.22580645161290322,0.31174974322352106,12.846550176000003,-1.6052816125977,16077.702320000002,7,False,0.10371191642276432,948.8903682114025,True,2025-02-15T06:56:00+00:00,False
previously_viewed_2025_2026,cci_m15_chop_m3,personal,cost1,BTCUSDT,24,0,-71.72244916655559,-71.72244916655559,0.20833333333333334,0.32622872274595255,11.040472056000002,-1.7434771105557,13830.059320000002,7,False,,,True,2025-02-15T06:56:00+00:00,False
previously_viewed_2025_2026,cci_m15_chop_m3,personal,cost1,ETHUSDT,7,0,-21.577182622042027,-21.577182622042027,0.2857142857142857,0.25880559480908677,1.80607812,0.138195497958,2247.643,2,False,,,True,2025-02-15T06:56:00+00:00,False
previously_viewed_2025_2026,cci_m15_chop_m3,personal,cost2,PORTFOLIO,26,0,-100.23116009402139,-100.23116009402139,0.19230769230769232,0.2141288232039228,18.743812608000002,-2.7316874860214,11737.32551,6,False,0.10312283746947212,941.9588399059787,True,2025-02-09T13:36:00+00:00,False
previously_viewed_2025_2026,cci_m15_chop_m3,personal,cost2,BTCUSDT,22,0,-81.94087236041541,-81.94087236041541,0.18181818181818182,0.23328718698395992,17.338062528000002,-2.7823498324154,10867.199310000002,6,False,,,True,2025-02-09T13:36:00+00:00,False
previously_viewed_2025_2026,cci_m15_chop_m3,personal,cost2,ETHUSDT,4,0,-18.290287733605975,-18.290287733605975,0.25,0.11506447927941577,1.4057500800000002,0.05066234639400001,870.1262,1,False,,,True,2025-02-09T13:36:00+00:00,False
previously_viewed_2025_2026,cci_m15_chop_m1,personal,cost1,PORTFOLIO,29,0,-83.57300398563217,-83.57300398563217,0.2413793103448276,0.39159108091661954,14.075566296000002,-2.0059576896325,17606.69311,7,False,0.10575712897551369,955.7722530949198,True,2025-02-10T08:11:00+00:00,False
previously_viewed_2025_2026,cci_m15_chop_m1,personal,cost1,BTCUSDT,24,0,-60.84224460514615,-60.84224460514615,0.25,0.46003883602383666,12.756785056000002,-2.1044795491465003,15968.971810000001,6,False,,,True,2025-02-10T08:11:00+00:00,False
previously_viewed_2025_2026,cci_m15_chop_m1,personal,cost1,ETHUSDT,5,0,-22.73075938048602,-22.73075938048602,0.2,0.07914049603779205,1.31878124,0.098521859514,1637.7213,2,False,,,True,2025-02-10T08:11:00+00:00,False
previously_viewed_2025_2026,cci_m15_chop_m1,personal,cost2,PORTFOLIO,27,0,-97.9350339866657,-97.9350339866657,0.25925925925925924,0.2874434283457092,20.774500344000003,-3.2588036426658,13003.581880000002,6,False,0.10608761435212173,944.2549660133343,True,2025-02-09T01:16:00+00:00,False
previously_viewed_2025_2026,cci_m15_chop_m1,personal,cost2,BTCUSDT,23,0,-79.08863900742773,-79.08863900742773,0.2608695652173913,0.3227130349515213,19.322548424000004,-3.2960605834278,12104.827780000001,6,False,,,True,2025-02-09T01:16:00+00:00,False
previously_viewed_2025_2026,cci_m15_chop_m1,personal,cost2,ETHUSDT,4,0,-18.846394979237964,-18.846394979237964,0.25,0.08818280213759423,1.4519519200000002,0.03725694076200001,898.7541000000001,1,False,,,True,2025-02-09T01:16:00+00:00,False
previously_viewed_2025_2026,cci_m5_chop_w,personal,cost1,PORTFOLIO,53,0,-73.45868889124257,-73.45868889124257,0.24528301886792453,0.7407334842213426,36.406312876,-4.0546660152424,45508.16855,12,False,0.10473791423572452,965.6105110548978,True,2025-10-03T13:11:00+00:00,False
previously_viewed_2025_2026,cci_m5_chop_w,personal,cost1,BTCUSDT,15,0,-22.184298475812074,-22.184298475812074,0.26666666666666666,0.6969192794388481,12.417345396000002,-2.0827430798124,15525.523850000001,3,False,,,True,2025-10-03T13:11:00+00:00,False
previously_viewed_2025_2026,cci_m5_chop_w,personal,cost1,ETHUSDT,38,0,-51.2743904154305,-51.2743904154305,0.23684210526315788,0.7559950949922326,23.988967480000003,-1.97192293543,29982.6447,9,False,,,True,2025-10-03T13:11:00+00:00,False
previously_viewed_2025_2026,cci_m5_chop_w,personal,cost2,PORTFOLIO,39,0,-93.86360476226908,-93.86360476226908,0.2564102564102564,0.5637405524779583,42.38887742400001,-5.095287338269,26516.238110000002,9,False,0.1016008672082232,948.326395237731,True,2025-09-06T22:01:00+00:00,False
previously_viewed_2025_2026,cci_m5_chop_w,personal,cost2,BTCUSDT,15,0,-52.57009373203706,-52.57009373203706,0.2,0.3877679526593887,20.383023664000003,-3.4466300680370003,12753.760010000002,3,False,,,True,2025-09-06T22:01:00+00:00,False
previously_viewed_2025_2026,cci_m5_chop_w,personal,cost2,ETHUSDT,24,0,-41.29351103023202,-41.29351103023202,0.2916666666666667,0.6806112323568556,22.00585376,-1.648657270232,13762.4781,6,False,,,True,2025-09-06T22:01:00+00:00,False
previously_viewed_2025_2026,cci_m5_chop_d,personal,cost1,PORTFOLIO,74,0,-20.347684966511014,-20.347684966511014,0.28378378378378377,0.9454702721386905,43.324792684,-2.8072622825118003,54073.449400000005,18,False,0.10318440375409513,959.8482143506752,True,2026-02-12T15:06:00+00:00,False
previously_viewed_2025_2026,cci_m5_chop_d,personal,cost1,BTCUSDT,29,0,-107.50236648877429,-107.50236648877429,0.2413793103448276,0.3354548299005165,21.391158924000003,-1.1463775647748002,26709.695300000003,10,False,,,True,2026-02-12T15:06:00+00:00,False
previously_viewed_2025_2026,cci_m5_chop_d,personal,cost1,ETHUSDT,45,0,87.15468152226327,87.15468152226327,0.3111111111111111,1.4123125318431982,21.933633760000003,-1.660884717737,27363.754100000002,12,False,,,True,2026-02-12T15:06:00+00:00,False
previously_viewed_2025_2026,cci_m5_chop_d,personal,cost2,PORTFOLIO,22,0,-83.78295571616951,-83.78295571616951,0.18181818181818182,0.3257647345884135,19.38917264,-0.2836230761695,12122.98218,6,False,0.10144063958702854,958.4070442838306,True,2025-07-13T01:41:00+00:00,False
previously_viewed_2025_2026,cci_m5_chop_d,personal,cost2,BTCUSDT,4,0,-33.58800354657443,-33.58800354657443,0.0,0.0,5.959104720000001,0.07696117342550002,3738.2933800000005,2,False,,,True,2025-07-13T01:41:00+00:00,False
previously_viewed_2025_2026,cci_m5_chop_d,personal,cost2,ETHUSDT,18,0,-50.19495216959508,-50.19495216959508,0.2222222222222222,0.4464342173876356,13.43006792,-0.360584249595,8384.6888,4,False,,,True,2025-07-13T01:41:00+00:00,False
previously_viewed_2025_2026,cci_m5_chop_h12,personal,cost1,PORTFOLIO,21,0,-103.85759945314429,-103.85759945314429,0.14285714285714285,0.1472942961131002,10.729050664000003,-0.38310878914400004,13403.09285,8,False,0.10188685494835947,938.3324005468558,True,2025-05-12T06:31:00+00:00,False
previously_viewed_2025_2026,cci_m5_chop_h12,personal,cost1,BTCUSDT,10,0,-45.21222202710622,-45.21222202710622,0.1,0.16594852036819702,6.575961624000001,-0.48402040310600003,8239.028150000002,5,False,,,True,2025-05-12T06:31:00+00:00,False
previously_viewed_2025_2026,cci_m5_chop_h12,personal,cost1,ETHUSDT,11,0,-58.64537742603807,-58.64537742603807,0.18181818181818182,0.13233334128410962,4.15308904,0.100911613962,5164.0647,4,False,,,True,2025-05-12T06:31:00+00:00,False
previously_viewed_2025_2026,cci_m5_chop_h12,personal,cost2,PORTFOLIO,20,0,-105.47292036873378,-105.47292036873378,0.15,0.11235962974225992,16.02985112,-0.7466292487336,10007.483670000001,7,False,0.10205369021967425,936.7170796312663,True,2025-05-12T00:11:00+00:00,False
previously_viewed_2025_2026,cci_m5_chop_h12,personal,cost2,BTCUSDT,9,0,-42.782984406661654,-42.782984406661654,0.1111111111111111,0.13634328472261786,8.825568,-0.7824764066616,5532.567470000001,4,False,,,True,2025-05-12T00:11:00+00:00,False
previously_viewed_2025_2026,cci_m5_chop_h12,personal,cost2,ETHUSDT,11,0,-62.68993596207212,-62.68993596207212,0.18181818181818182,0.09521239447746162,7.204283120000001,0.03584715792800001,4474.916200000001,4,False,,,True,2025-05-12T00:11:00+00:00,False
previously_viewed_2025_2026,cci_m5_chop_h6,personal,cost1,PORTFOLIO,47,0,-0.3689309901182758,-0.3689309901182758,0.46808510638297873,0.997871361796159,30.178187148000003,-2.3431738421185004,37725.83138,23,False,0.10255934100317489,1029.330346706248,True,2025-10-11T13:36:00+00:00,False
previously_viewed_2025_2026,cci_m5_chop_h6,personal,cost1,BTCUSDT,16,0,21.19093284073848,21.19093284073848,0.5625,1.6030648737732935,12.519118948000003,-1.9856782112615001,15620.761880000002,11,False,,,True,2025-10-11T13:36:00+00:00,False
previously_viewed_2025_2026,cci_m5_chop_h6,personal,cost1,ETHUSDT,31,0,-21.559863830856756,-21.559863830856756,0.41935483870967744,0.8439716211226345,17.6590682,-0.35749563085700004,22105.0695,16,False,,,True,2025-10-11T13:36:00+00:00,False
previously_viewed_2025_2026,cci_m5_chop_h6,personal,cost2,PORTFOLIO,41,0,-30.293913636659752,-30.293913636659752,0.4878048780487805,0.7967736567954821,41.264777024000004,-4.4916966126598,25805.23933,20,False,0.103332219016416,1011.8960863633403,True,2025-09-15T04:11:00+00:00,False
previously_viewed_2025_2026,cci_m5_chop_h6,personal,cost2,BTCUSDT,14,0,-4.866728521245555,-4.866728521245555,0.5,0.8675485296668433,17.841294944,-3.3929935772458,11136.15853,10,False,,,True,2025-09-15T04:11:00+00:00,False
previously_viewed_2025_2026,cci_m5_chop_h6,personal,cost2,ETHUSDT,27,0,-25.427185115414197,-25.427185115414197,0.48148148148148145,0.7736212106140213,23.42348208,-1.098703035414,14669.080800000002,14,False,,,True,2025-09-15T04:11:00+00:00,False
previously_viewed_2025_2026,cci_m5_chop_h4,personal,cost1,PORTFOLIO,47,0,-0.8297662865921572,-0.8297662865921572,0.425531914893617,0.9955224705407412,25.551432688000002,-1.816493598592,31950.55111,24,False,0.10145421041731521,1037.526382888,True,2025-10-03T13:11:00+00:00,False
previously_viewed_2025_2026,cci_m5_chop_h4,personal,cost1,BTCUSDT,14,0,26.646093977652825,26.646093977652825,0.42857142857142855,1.6777105432660349,10.062471248000001,-1.403394774347,12546.11791,9,False,,,True,2025-10-03T13:11:00+00:00,False
previously_viewed_2025_2026,cci_m5_chop_h4,personal,cost1,ETHUSDT,33,0,-27.475860264244982,-27.475860264244982,0.42424242424242425,0.8118092728889562,15.488961440000002,-0.413098824245,19404.4332,19,False,,,True,2025-10-03T13:11:00+00:00,False
previously_viewed_2025_2026,cci_m5_chop_h4,personal,cost2,PORTFOLIO,42,0,-31.705874183802777,-31.705874183802777,0.4523809523809524,0.8072381404459862,36.677385536,-3.4399686478028,22938.38762,21,False,0.1059923342996431,1010.4841258161973,True,2025-08-24T13:06:00+00:00,False
previously_viewed_2025_2026,cci_m5_chop_h4,personal,cost2,BTCUSDT,12,0,10.994098689885359,10.994098689885359,0.5,1.3232582859526436,14.722701376000002,-2.5668799341148,9187.546520000002,7,False,,,True,2025-08-24T13:06:00+00:00,False
previously_viewed_2025_2026,cci_m5_chop_h4,personal,cost2,ETHUSDT,30,0,-42.69997287368814,-42.69997287368814,0.43333333333333335,0.6727265026614143,21.954684160000003,-0.8730887136880001,13750.841100000001,17,False,,,True,2025-08-24T13:06:00+00:00,False
previously_viewed_2025_2026,cci_m5_chop_h1,personal,cost1,PORTFOLIO,100,0,83.99921233095894,83.99921233095894,0.36,1.2548088601553102,36.395582784000005,-1.1116648850418003,45491.811630000004,56,True,0.08944035313524522,1011.6319457237045,False,,False
previously_viewed_2025_2026,cci_m5_chop_h1,personal,cost1,BTCUSDT,42,0,-28.470442422737953,-28.470442422737953,0.30952380952380953,0.8202202858073321,20.855225544000003,0.18182312126119995,26089.293030000004,29,False,,,False,,False
previously_viewed_2025_2026,cci_m5_chop_h1,personal,cost1,ETHUSDT,58,0,112.46965475369689,112.46965475369689,0.39655172413793105,1.6565928370790932,15.54035724,-1.293488006303,19402.5186,42,False,,,False,,False
previously_viewed_2025_2026,cci_m5_chop_h1,personal,cost2,PORTFOLIO,57,0,-60.82196230608429,-60.82196230608429,0.2807017543859649,0.7111311114206849,32.33206518400001,-2.7279371220844,20189.49319,35,False,0.10106150374245876,981.3680376939158,True,2025-12-15T13:26:00+00:00,False
previously_viewed_2025_2026,cci_m5_chop_h1,personal,cost2,BTCUSDT,21,0,-65.93197431049752,-65.93197431049752,0.23809523809523808,0.25285335003046777,14.656990144000003,-1.1644241664974002,9151.10899,15,False,,,True,2025-12-15T13:26:00+00:00,False
previously_viewed_2025_2026,cci_m5_chop_h1,personal,cost2,ETHUSDT,36,0,5.110012004413228,5.110012004413228,0.3055555555555556,1.0417801697746947,17.675075040000003,-1.5635129555870002,11038.3842,26,False,,,True,2025-12-15T13:26:00+00:00,False
previously_viewed_2025_2026,cci_m5_chop_m30,personal,cost1,PORTFOLIO,54,0,-66.5790862876765,-66.5790862876765,0.25925925925925924,0.5763883010599835,14.215503140000001,-1.3915531476767002,17768.814870000002,35,False,0.10030623953955986,975.6109137123236,True,2025-11-19T17:41:00+00:00,False
previously_viewed_2025_2026,cci_m5_chop_m30,personal,cost1,BTCUSDT,16,0,-31.049206539124764,-31.049206539124764,0.25,0.3733213146917133,4.987387340000001,-0.8060891991247001,6244.18597,14,False,,,True,2025-11-19T17:41:00+00:00,False
previously_viewed_2025_2026,cci_m5_chop_m30,personal,cost1,ETHUSDT,38,0,-35.52987974855174,-35.52987974855174,0.2631578947368421,0.6698716043431155,9.228115800000001,-0.585463948552,11524.6289,27,False,,,True,2025-11-19T17:41:00+00:00,False
previously_viewed_2025_2026,cci_m5_chop_m30,personal,cost2,PORTFOLIO,50,0,-79.69704221525875,-79.69704221525875,0.26,0.4802743103181195,24.394375600000004,-2.6394666152590003,15249.461270000002,34,False,0.10142014802835425,962.4929577847413,True,2025-10-21T04:36:00+00:00,False
previously_viewed_2025_2026,cci_m5_chop_m30,personal,cost2,BTCUSDT,15,0,-33.55160644539304,-33.55160644539304,0.26666666666666666,0.27011075489935266,8.498952560000001,-1.494253885393,5320.585070000001,14,False,,,True,2025-10-21T04:36:00+00:00,False
previously_viewed_2025_2026,cci_m5_chop_m30,personal,cost2,ETHUSDT,35,0,-46.1454357698657,-46.1454357698657,0.2571428571428571,0.570245839136985,15.895423040000003,-1.1452127298660002,9928.8762,25,False,,,True,2025-10-21T04:36:00+00:00,False
previously_viewed_2025_2026,cci_m5_chop_m15,personal,cost1,PORTFOLIO,51,0,-73.19666783558579,-73.19666783558579,0.2549019607843137,0.5999591876392829,15.097269476000003,-1.2762283595857,18924.821030000003,20,False,0.1007027087000286,958.892646848988,True,2025-05-29T08:21:00+00:00,False
previously_viewed_2025_2026,cci_m5_chop_m15,personal,cost1,BTCUSDT,25,0,-73.7773782635937,-73.7773782635937,0.2,0.2989571368933479,9.718298436000001,-1.1677098275937001,12179.31873,11,False,,,True,2025-05-29T08:21:00+00:00,False
previously_viewed_2025_2026,cci_m5_chop_m15,personal,cost1,ETHUSDT,26,0,0.5807104280079181,0.5807104280079181,0.3076923076923077,1.0074705266977153,5.378971040000001,-0.108518531992,6745.5023,13,False,,,True,2025-05-29T08:21:00+00:00,False
previously_viewed_2025_2026,cci_m5_chop_m15,personal,cost2,PORTFOLIO,51,0,-105.01352769088074,-105.01352769088074,0.21568627450980393,0.45362971258500506,26.331109384000005,-2.4183883068806002,16509.09488,20,False,0.10505675885289176,937.1764723091193,True,2025-05-29T08:21:00+00:00,False
previously_viewed_2025_2026,cci_m5_chop_m15,personal,cost2,BTCUSDT,25,0,-90.21695671823558,-90.21695671823558,0.16,0.20206187925222538,16.809490904000004,-2.1045358142356,10541.58328,11,False,,,True,2025-05-29T08:21:00+00:00,False
previously_viewed_2025_2026,cci_m5_chop_m15,personal,cost2,ETHUSDT,26,0,-14.796570972645165,-14.796570972645165,0.2692307692307692,0.813031839351185,9.52161848,-0.313852492645,5967.5116,13,False,,,True,2025-05-29T08:21:00+00:00,False
previously_viewed_2025_2026,cci_m5_chop_m5,personal,cost1,PORTFOLIO,32,0,-94.15000268821318,-94.15000268821318,0.28125,0.36484607039776096,14.404083360000003,-1.9262393282136,18010.83664,7,False,0.10634790255111655,948.0399973117869,True,2025-02-13T11:36:00+00:00,False
previously_viewed_2025_2026,cci_m5_chop_m5,personal,cost1,BTCUSDT,25,0,-59.54075726585419,-59.54075726585419,0.28,0.46189556300169254,12.859789200000003,-2.0386880658546,16097.05764,7,False,,,True,2025-02-13T11:36:00+00:00,False
previously_viewed_2025_2026,cci_m5_chop_m5,personal,cost1,ETHUSDT,7,0,-34.60924542235899,-34.60924542235899,0.2857142857142857,0.07911800455622907,1.54429416,0.11244873764100001,1913.7790000000002,2,False,,,True,2025-02-13T11:36:00+00:00,False
previously_viewed_2025_2026,cci_m5_chop_m5,personal,cost2,PORTFOLIO,29,0,-103.73385477150707,-103.73385477150707,0.2413793103448276,0.2707300402606159,21.894427456000003,-3.2397673155072004,13691.335790000001,7,False,0.1060846355085795,938.4561452284929,True,2025-02-10T14:01:00+00:00,False
previously_viewed_2025_2026,cci_m5_chop_m5,personal,cost2,BTCUSDT,23,0,-69.49569968252207,-69.49569968252207,0.2608695652173913,0.3455077236646529,19.566393536000003,-3.3108461465222003,12252.305190000001,6,False,,,True,2025-02-10T14:01:00+00:00,False
previously_viewed_2025_2026,cci_m5_chop_m5,personal,cost2,ETHUSDT,6,0,-34.238155088985,-34.238155088985,0.16666666666666666,0.050543920939508845,2.32803392,0.07107883101500001,1439.0306,2,False,,,True,2025-02-10T14:01:00+00:00,False
previously_viewed_2025_2026,cci_m5_chop_m3,personal,cost1,PORTFOLIO,29,0,-74.73650519903201,-74.73650519903201,0.3103448275862069,0.4967303001036032,15.003625972000004,-2.0634092270322,18770.864,6,False,0.10327279250059597,967.4534948009681,True,2025-02-07T03:41:00+00:00,False
previously_viewed_2025_2026,cci_m5_chop_m3,personal,cost1,BTCUSDT,26,0,-61.757317567872,-61.757317567872,0.3076923076923077,0.5357046675492052,14.529183652000004,-2.0618639158722,18184.062700000002,6,False,,,True,2025-02-07T03:41:00+00:00,False
previously_viewed_2025_2026,cci_m5_chop_m3,personal,cost1,ETHUSDT,3,0,-12.979187631160002,-12.979187631160002,0.3333333333333333,0.16203251509542876,0.47444232000000003,-0.0015453111599999982,586.8013000000001,1,False,,,True,2025-02-07T03:41:00+00:00,False
previously_viewed_2025_2026,cci_m5_chop_m3,personal,cost2,PORTFOLIO,29,0,-99.7776091638152,-99.7776091638152,0.20689655172413793,0.34574325394026023,24.695819608000004,-3.4419395558150003,15459.726180000001,6,False,0.10703888812599617,942.4123908361848,True,2025-02-07T03:41:00+00:00,False
previously_viewed_2025_2026,cci_m5_chop_m3,personal,cost2,BTCUSDT,26,0,-87.96781926190519,-87.96781926190519,0.19230769230769232,0.36401425577423246,23.876706488000004,-3.4322627739050002,14953.270980000001,6,False,,,True,2025-02-07T03:41:00+00:00,False
previously_viewed_2025_2026,cci_m5_chop_m3,personal,cost2,ETHUSDT,3,0,-11.809789901910012,-11.809789901910012,0.3333333333333333,0.16762122567322105,0.8191131200000001,-0.009676781909999998,506.4552,1,False,,,True,2025-02-07T03:41:00+00:00,False
previously_viewed_2025_2026,cci_m5_chop_m1,personal,cost1,PORTFOLIO,30,0,-61.22781515019795,-61.22781515019795,0.26666666666666666,0.6166334402833389,18.134903156000004,-2.4934019941984,22686.499700000004,6,False,0.10091767837679419,980.962184849802,True,2025-02-06T22:16:00+00:00,False
previously_viewed_2025_2026,cci_m5_chop_m1,personal,cost1,BTCUSDT,28,0,-58.61191874835393,-58.61191874835393,0.25,0.6222034043757986,17.961649956000002,-2.4797587923544,22471.1477,6,False,,,True,2025-02-06T22:16:00+00:00,False
previously_viewed_2025_2026,cci_m5_chop_m1,personal,cost1,ETHUSDT,2,0,-2.6158964018440143,-2.6158964018440143,0.5,0.4275215102893261,0.1732532,-0.013643201843999999,215.352,1,False,,,True,2025-02-06T22:16:00+00:00,False
previously_viewed_2025_2026,cci_m5_chop_m1,personal,cost2,PORTFOLIO,30,0,-92.72246727150257,-92.72246727150257,0.26666666666666666,0.43903110152966285,29.282033760000004,-4.1309535115026,18328.128240000002,6,False,0.10756013408457547,949.4675327284975,True,2025-02-06T22:16:00+00:00,False
previously_viewed_2025_2026,cci_m5_chop_m1,personal,cost2,BTCUSDT,28,0,-89.55107302781457,-89.55107302781457,0.25,0.4413386360142009,28.935525920000007,-4.1036671078146005,18112.95964,6,False,,,True,2025-02-06T22:16:00+00:00,False
previously_viewed_2025_2026,cci_m5_chop_m1,personal,cost2,ETHUSDT,2,0,-3.171394243688001,-3.171394243688001,0.5,0.36496532838436757,0.34650784,-0.027286403687999998,215.1686,1,False,,,True,2025-02-06T22:16:00+00:00,False
previously_viewed_2025_2026,cci_m3_chop_w,personal,cost1,PORTFOLIO,53,0,-79.79621235616963,-79.79621235616963,0.24528301886792453,0.7231144781570953,36.289662608,-3.8609497481694004,45366.225060000004,12,False,0.10593217510881814,959.2729875899707,True,2025-10-03T13:11:00+00:00,False
previously_viewed_2025_2026,cci_m3_chop_w,personal,cost1,BTCUSDT,15,0,-28.226817307812098,-28.226817307812098,0.26666666666666666,0.6437740721285049,12.477332648000003,-1.9091846598124003,15603.585960000002,3,False,,,True,2025-10-03T13:11:00+00:00,False
previously_viewed_2025_2026,cci_m3_chop_w,personal,cost1,ETHUSDT,38,0,-51.56939504835753,-51.56939504835753,0.23684210526315788,0.7532016285859109,23.81232996,-1.9517650883570001,29762.6391,9,False,,,True,2025-10-03T13:11:00+00:00,False
previously_viewed_2025_2026,cci_m3_chop_w,personal,cost2,PORTFOLIO,39,0,-97.78862021134915,-97.78862021134915,0.2564102564102564,0.5534774215219804,42.294044968,-4.802285243349,26459.12425,9,False,0.10245840348206729,944.401379788651,True,2025-09-06T22:01:00+00:00,False
previously_viewed_2025_2026,cci_m3_chop_w,personal,cost2,BTCUSDT,15,0,-57.37999026603711,-57.37999026603711,0.2,0.366639487914302,20.425887768000003,-3.155512498037,12783.079150000001,3,False,,,True,2025-09-06T22:01:00+00:00,False
previously_viewed_2025_2026,cci_m3_chop_w,personal,cost2,ETHUSDT,24,0,-40.40862994531204,-40.40862994531204,0.2916666666666667,0.6853015739039421,21.868157200000002,-1.646772745312,13676.045100000001,6,False,,,True,2025-09-06T22:01:00+00:00,False
previously_viewed_2025_2026,cci_m3_chop_d,personal,cost1,PORTFOLIO,55,0,-31.15565572100359,-31.15565572100359,0.2909090909090909,0.8875277632833403,35.014280144000004,-2.2047555770041,43688.27911,15,False,0.10361690780546634,959.8482143506752,True,2026-01-31T02:06:00+00:00,False
previously_viewed_2025_2026,cci_m3_chop_d,personal,cost1,BTCUSDT,21,0,-85.45854952372177,-85.45854952372177,0.23809523809523808,0.29860126397567216,17.806750584000003,-0.9538789397221001,22251.149210000003,7,False,,,True,2026-01-31T02:06:00+00:00,False
previously_viewed_2025_2026,cci_m3_chop_d,personal,cost1,ETHUSDT,34,0,54.30289380271819,54.30289380271819,0.3235294117647059,1.3499634222051453,17.20752956,-1.2508766372820002,21437.1299,10,False,,,True,2026-01-31T02:06:00+00:00,False
previously_viewed_2025_2026,cci_m3_chop_d,personal,cost2,PORTFOLIO,22,0,-83.78295571616951,-83.78295571616951,0.18181818181818182,0.3257647345884135,19.38917264,-0.2836230761695,12122.98218,6,False,0.10144063958702854,958.4070442838306,True,2025-07-13T01:41:00+00:00,False
previously_viewed_2025_2026,cci_m3_chop_d,personal,cost2,BTCUSDT,4,0,-33.58800354657443,-33.58800354657443,0.0,0.0,5.959104720000001,0.07696117342550002,3738.2933800000005,2,False,,,True,2025-07-13T01:41:00+00:00,False
previously_viewed_2025_2026,cci_m3_chop_d,personal,cost2,ETHUSDT,18,0,-50.19495216959508,-50.19495216959508,0.2222222222222222,0.4464342173876356,13.43006792,-0.360584249595,8384.6888,4,False,,,True,2025-07-13T01:41:00+00:00,False
previously_viewed_2025_2026,cci_m3_chop_h12,personal,cost1,PORTFOLIO,21,0,-103.89405674114428,-103.89405674114428,0.14285714285714285,0.14725022021200232,10.712367952000001,-0.38310878914400004,13382.26603,8,False,0.10192174958651394,938.2959432588558,True,2025-05-12T06:31:00+00:00,False
previously_viewed_2025_2026,cci_m3_chop_h12,personal,cost1,BTCUSDT,10,0,-45.248679315106216,-45.248679315106216,0.1,0.1658369875272517,6.559278912000001,-0.48402040310600003,8218.201330000002,5,False,,,True,2025-05-12T06:31:00+00:00,False
previously_viewed_2025_2026,cci_m3_chop_h12,personal,cost1,ETHUSDT,11,0,-58.64537742603807,-58.64537742603807,0.18181818181818182,0.13233334128410962,4.15308904,0.100911613962,5164.0647,4,False,,,True,2025-05-12T06:31:00+00:00,False
previously_viewed_2025_2026,cci_m3_chop_h12,personal,cost2,PORTFOLIO,20,0,-105.54873455273378,-105.54873455273378,0.15,0.11228798574127553,16.013235304000002,-0.7466292487336,9997.145,7,False,0.10212636645055778,936.6412654472663,True,2025-05-12T00:11:00+00:00,False
previously_viewed_2025_2026,cci_m3_chop_h12,personal,cost2,BTCUSDT,9,0,-42.85879859066166,-42.85879859066166,0.1111111111111111,0.1361349363390448,8.808952184,-0.7824764066616,5522.228800000001,4,False,,,True,2025-05-12T00:11:00+00:00,False
previously_viewed_2025_2026,cci_m3_chop_h12,personal,cost2,ETHUSDT,11,0,-62.68993596207212,-62.68993596207212,0.18181818181818182,0.09521239447746162,7.204283120000001,0.03584715792800001,4474.916200000001,4,False,,,True,2025-05-12T00:11:00+00:00,False
previously_viewed_2025_2026,cci_m3_chop_h6,personal,cost1,PORTFOLIO,47,0,-1.8231613122182793,-1.8231613122182793,0.46808510638297873,0.9894808218206105,30.135082028000003,-2.3473092842185004,37671.20338,23,False,0.10381203732255226,1029.330346706248,True,2025-10-11T13:36:00+00:00,False
previously_viewed_2025_2026,cci_m3_chop_h6,personal,cost1,BTCUSDT,16,0,21.19093284073848,21.19093284073848,0.5625,1.6030648737732935,12.519118948000003,-1.9856782112615001,15620.761880000002,11,False,,,True,2025-10-11T13:36:00+00:00,False
previously_viewed_2025_2026,cci_m3_chop_h6,personal,cost1,ETHUSDT,31,0,-23.01409415295676,-23.01409415295676,0.41935483870967744,0.833447380271594,17.61596308,-0.36163107295700003,22050.4415,16,False,,,True,2025-10-11T13:36:00+00:00,False
previously_viewed_2025_2026,cci_m3_chop_h6,personal,cost2,PORTFOLIO,41,0,-31.35745075805975,-31.35745075805975,0.4878048780487805,0.7896389312319014,41.207157184,-4.4944535740598,25768.66773,20,False,0.10427464727905175,1010.8325492419403,True,2025-09-15T04:11:00+00:00,False
previously_viewed_2025_2026,cci_m3_chop_h6,personal,cost2,BTCUSDT,14,0,-4.866728521245555,-4.866728521245555,0.5,0.8675485296668433,17.841294944,-3.3929935772458,11136.15853,10,False,,,True,2025-09-15T04:11:00+00:00,False
previously_viewed_2025_2026,cci_m3_chop_h6,personal,cost2,ETHUSDT,27,0,-26.490722236814193,-26.490722236814193,0.48148148148148145,0.7641525161865116,23.365862240000002,-1.101459996814,14632.5092,14,False,,,True,2025-09-15T04:11:00+00:00,False
previously_viewed_2025_2026,cci_m3_chop_h4,personal,cost1,PORTFOLIO,47,0,-2.1903824599068478,-2.1903824599068478,0.425531914893617,0.9881744306116241,25.526934276000002,-1.8187981839068001,31919.182910000003,24,False,0.1026046098528187,1037.526382888,True,2025-10-03T13:11:00+00:00,False
previously_viewed_2025_2026,cci_m3_chop_h4,personal,cost1,BTCUSDT,14,0,26.73970812643814,26.73970812643814,0.42857142857142855,1.681714639292889,10.081077956000001,-1.4015639175618002,12569.37771,9,False,,,True,2025-10-03T13:11:00+00:00,False
previously_viewed_2025_2026,cci_m3_chop_h4,personal,cost1,ETHUSDT,33,0,-28.93009058634499,-28.93009058634499,0.42424242424242425,0.8018487963444214,15.44585632,-0.417234266345,19349.8052,19,False,,,True,2025-10-03T13:11:00+00:00,False
previously_viewed_2025_2026,cci_m3_chop_h4,personal,cost2,PORTFOLIO,42,0,-32.795189733202776,-32.795189733202776,0.4523809523809524,0.8006154405094957,36.600905336000004,-3.4379943972028,22890.05298,21,False,0.10695608665027363,1009.3948102667973,True,2025-08-24T13:06:00+00:00,False
previously_viewed_2025_2026,cci_m3_chop_h4,personal,cost2,BTCUSDT,12,0,10.968320261885358,10.968320261885358,0.5,1.3225003256427639,14.703841016000002,-2.5621487221148,9175.78348,7,False,,,True,2025-08-24T13:06:00+00:00,False
previously_viewed_2025_2026,cci_m3_chop_h4,personal,cost2,ETHUSDT,30,0,-43.763509995088135,-43.763509995088135,0.43333333333333335,0.6645750334719698,21.897064320000002,-0.875845675088,13714.2695,17,False,,,True,2025-08-24T13:06:00+00:00,False
previously_viewed_2025_2026,cci_m3_chop_h1,personal,cost1,PORTFOLIO,101,0,67.95131292742653,67.95131292742653,0.3564356435643564,1.1985028765639711,36.33076414800001,-1.1103329245741003,45407.131680000006,57,True,0.0894389544872863,1011.6493195644965,False,,False
previously_viewed_2025_2026,cci_m3_chop_h1,personal,cost1,BTCUSDT,43,0,-41.4628929970624,-41.4628929970624,0.3023255813953488,0.7579045301128058,20.815283828000002,0.17438083093689996,26034.13488,30,False,,,False,,False
previously_viewed_2025_2026,cci_m3_chop_h1,personal,cost1,ETHUSDT,58,0,109.41420592448893,109.41420592448893,0.39655172413793105,1.6396534061630645,15.515480320000002,-1.2847137555110002,19372.9968,42,False,,,False,,False
previously_viewed_2025_2026,cci_m3_chop_h1,personal,cost2,PORTFOLIO,57,0,-60.88068446450026,-60.88068446450026,0.2807017543859649,0.7109328350658898,32.35660798400001,-2.7282164805004,20204.81549,35,False,0.10111529356111591,981.3093155354998,True,2025-12-15T13:26:00+00:00,False
previously_viewed_2025_2026,cci_m3_chop_h1,personal,cost2,BTCUSDT,21,0,-65.93197431049752,-65.93197431049752,0.23809523809523808,0.25285335003046777,14.656990144000003,-1.1644241664974002,9151.10899,15,False,,,True,2025-12-15T13:26:00+00:00,False
previously_viewed_2025_2026,cci_m3_chop_h1,personal,cost2,ETHUSDT,36,0,5.051289845997259,5.051289845997259,0.3055555555555556,1.0412802297433659,17.699617840000002,-1.5637923140030001,11053.7065,26,False,,,True,2025-12-15T13:26:00+00:00,False
previously_viewed_2025_2026,cci_m3_chop_m30,personal,cost1,PORTFOLIO,55,0,-76.69855338703674,-76.69855338703674,0.2545454545454545,0.5374279252242445,14.277835316000003,-1.3726280710369,17843.07342,36,False,0.10481798972097897,965.4914466129634,True,2025-11-20T17:01:00+00:00,False
previously_viewed_2025_2026,cci_m3_chop_m30,personal,cost1,BTCUSDT,16,0,-31.790954476332995,-31.790954476332995,0.25,0.3563849117410148,4.945734356000001,-0.7955301203329002,6192.5167200000005,14,False,,,True,2025-11-20T17:01:00+00:00,False
previously_viewed_2025_2026,cci_m3_chop_m30,personal,cost1,ETHUSDT,39,0,-44.90759891070375,-44.90759891070375,0.2564102564102564,0.6142439798794334,9.332100960000002,-0.577097950704,11650.556700000001,27,False,,,True,2025-11-20T17:01:00+00:00,False
previously_viewed_2025_2026,cci_m3_chop_m30,personal,cost2,PORTFOLIO,50,0,-85.03329800266886,-85.03329800266886,0.26,0.4582420762976683,24.245504768000004,-2.6103132346691003,15153.785570000002,33,False,0.10100735978791138,957.1567019973312,True,2025-10-20T05:56:00+00:00,False
previously_viewed_2025_2026,cci_m3_chop_m30,personal,cost2,BTCUSDT,14,0,-31.868815264735165,-31.868815264735165,0.2857142857142857,0.2710650542965177,8.027951728000001,-1.4900835367351002,5025.690170000001,13,False,,,True,2025-10-20T05:56:00+00:00,False
previously_viewed_2025_2026,cci_m3_chop_m30,personal,cost2,ETHUSDT,36,0,-53.16448273793369,-53.16448273793369,0.25,0.5305083931476341,16.217553040000002,-1.120229697934,10128.0954,25,False,,,True,2025-10-20T05:56:00+00:00,False
previously_viewed_2025_2026,cci_m3_chop_m15,personal,cost1,PORTFOLIO,51,0,-73.91167360363649,-73.91167360363649,0.2549019607843137,0.5976238458386297,15.040557084000001,-1.2655465196364,18854.321740000003,20,False,0.10058857996109488,957.960949152988,True,2025-05-29T08:21:00+00:00,False
previously_viewed_2025_2026,cci_m3_chop_m15,personal,cost1,BTCUSDT,25,0,-74.4923840316444,-74.4923840316444,0.2,0.2969397036618947,9.661586044000002,-1.1570279876444,12108.819440000001,11,False,,,True,2025-05-29T08:21:00+00:00,False
previously_viewed_2025_2026,cci_m3_chop_m15,personal,cost1,ETHUSDT,26,0,0.5807104280079181,0.5807104280079181,0.3076923076923077,1.0074705266977153,5.378971040000001,-0.108518531992,6745.5023,13,False,,,True,2025-05-29T08:21:00+00:00,False
previously_viewed_2025_2026,cci_m3_chop_m15,personal,cost2,PORTFOLIO,51,0,-105.64545637488075,-105.64545637488075,0.21568627450980393,0.45214314095069186,26.266325168000005,-2.4061312068806,16468.95923,20,False,0.1051201937642036,936.5445436251192,True,2025-05-29T08:21:00+00:00,False
previously_viewed_2025_2026,cci_m3_chop_m15,personal,cost2,BTCUSDT,25,0,-90.84888540223558,-90.84888540223558,0.16,0.20093879354592145,16.744706688,-2.0922787142356003,10501.44763,11,False,,,True,2025-05-29T08:21:00+00:00,False
previously_viewed_2025_2026,cci_m3_chop_m15,personal,cost2,ETHUSDT,26,0,-14.796570972645165,-14.796570972645165,0.2692307692307692,0.813031839351185,9.52161848,-0.313852492645,5967.5116,13,False,,,True,2025-05-29T08:21:00+00:00,False
previously_viewed_2025_2026,cci_m3_chop_m5,personal,cost1,PORTFOLIO,32,0,-94.15000268821318,-94.15000268821318,0.28125,0.36484607039776096,14.404083360000003,-1.9262393282136,18010.83664,7,False,0.10634790255111655,948.0399973117869,True,2025-02-13T11:36:00+00:00,False
previously_viewed_2025_2026,cci_m3_chop_m5,personal,cost1,BTCUSDT,25,0,-59.54075726585419,-59.54075726585419,0.28,0.46189556300169254,12.859789200000003,-2.0386880658546,16097.05764,7,False,,,True,2025-02-13T11:36:00+00:00,False
previously_viewed_2025_2026,cci_m3_chop_m5,personal,cost1,ETHUSDT,7,0,-34.60924542235899,-34.60924542235899,0.2857142857142857,0.07911800455622907,1.54429416,0.11244873764100001,1913.7790000000002,2,False,,,True,2025-02-13T11:36:00+00:00,False
previously_viewed_2025_2026,cci_m3_chop_m5,personal,cost2,PORTFOLIO,29,0,-103.73385477150707,-103.73385477150707,0.2413793103448276,0.2707300402606159,21.894427456000003,-3.2397673155072004,13691.335790000001,7,False,0.1060846355085795,938.4561452284929,True,2025-02-10T14:01:00+00:00,False
previously_viewed_2025_2026,cci_m3_chop_m5,personal,cost2,BTCUSDT,23,0,-69.49569968252207,-69.49569968252207,0.2608695652173913,0.3455077236646529,19.566393536000003,-3.3108461465222003,12252.305190000001,6,False,,,True,2025-02-10T14:01:00+00:00,False
previously_viewed_2025_2026,cci_m3_chop_m5,personal,cost2,ETHUSDT,6,0,-34.238155088985,-34.238155088985,0.16666666666666666,0.050543920939508845,2.32803392,0.07107883101500001,1439.0306,2,False,,,True,2025-02-10T14:01:00+00:00,False
previously_viewed_2025_2026,cci_m3_chop_m3,personal,cost1,PORTFOLIO,29,0,-74.73650519903201,-74.73650519903201,0.3103448275862069,0.4967303001036032,15.003625972000004,-2.0634092270322,18770.864,6,False,0.10327279250059597,967.4534948009681,True,2025-02-07T03:41:00+00:00,False
previously_viewed_2025_2026,cci_m3_chop_m3,personal,cost1,BTCUSDT,26,0,-61.757317567872,-61.757317567872,0.3076923076923077,0.5357046675492052,14.529183652000004,-2.0618639158722,18184.062700000002,6,False,,,True,2025-02-07T03:41:00+00:00,False
previously_viewed_2025_2026,cci_m3_chop_m3,personal,cost1,ETHUSDT,3,0,-12.979187631160002,-12.979187631160002,0.3333333333333333,0.16203251509542876,0.47444232000000003,-0.0015453111599999982,586.8013000000001,1,False,,,True,2025-02-07T03:41:00+00:00,False
previously_viewed_2025_2026,cci_m3_chop_m3,personal,cost2,PORTFOLIO,29,0,-99.7776091638152,-99.7776091638152,0.20689655172413793,0.34574325394026023,24.695819608000004,-3.4419395558150003,15459.726180000001,6,False,0.10703888812599617,942.4123908361848,True,2025-02-07T03:41:00+00:00,False
previously_viewed_2025_2026,cci_m3_chop_m3,personal,cost2,BTCUSDT,26,0,-87.96781926190519,-87.96781926190519,0.19230769230769232,0.36401425577423246,23.876706488000004,-3.4322627739050002,14953.270980000001,6,False,,,True,2025-02-07T03:41:00+00:00,False
previously_viewed_2025_2026,cci_m3_chop_m3,personal,cost2,ETHUSDT,3,0,-11.809789901910012,-11.809789901910012,0.3333333333333333,0.16762122567322105,0.8191131200000001,-0.009676781909999998,506.4552,1,False,,,True,2025-02-07T03:41:00+00:00,False
previously_viewed_2025_2026,cci_m3_chop_m1,personal,cost1,PORTFOLIO,30,0,-61.86030000626518,-61.86030000626518,0.26666666666666666,0.6127917173932843,18.110811820000002,-2.4915381862656,22656.714750000003,6,False,0.10101649670313544,980.3296999937348,True,2025-02-06T22:16:00+00:00,False
previously_viewed_2025_2026,cci_m3_chop_m1,personal,cost1,BTCUSDT,28,0,-59.24440360442116,-59.24440360442116,0.25,0.6182468120996039,17.937558620000004,-2.4778949844216003,22441.362750000004,6,False,,,True,2025-02-06T22:16:00+00:00,False
previously_viewed_2025_2026,cci_m3_chop_m1,personal,cost1,ETHUSDT,2,0,-2.6158964018440143,-2.6158964018440143,0.5,0.4275215102893261,0.1732532,-0.013643201843999999,215.352,1,False,,,True,2025-02-06T22:16:00+00:00,False
previously_viewed_2025_2026,cci_m3_chop_m1,personal,cost2,PORTFOLIO,30,0,-93.05496649363698,-93.05496649363698,0.26666666666666666,0.4363826437148108,29.217068736000005,-4.125117757637001,18287.72675,6,False,0.10743702413736085,949.1350335063631,True,2025-02-06T22:16:00+00:00,False
previously_viewed_2025_2026,cci_m3_chop_m1,personal,cost2,BTCUSDT,28,0,-89.88357224994898,-89.88357224994898,0.25,0.43861026040469087,28.870560896000004,-4.097831353949,18072.55815,6,False,,,True,2025-02-06T22:16:00+00:00,False
previously_viewed_2025_2026,cci_m3_chop_m1,personal,cost2,ETHUSDT,2,0,-3.171394243688001,-3.171394243688001,0.5,0.36496532838436757,0.34650784,-0.027286403687999998,215.1686,1,False,,,True,2025-02-06T22:16:00+00:00,False
previously_viewed_2025_2026,cci_m1_chop_w,personal,cost1,PORTFOLIO,52,0,-64.96565317273432,-64.96565317273432,0.25,0.7636234675201458,35.005818836,-3.9930243367344,43753.27725,12,False,0.10547384432531548,973.999520104944,True,2025-10-04T00:06:00+00:00,False
previously_viewed_2025_2026,cci_m1_chop_w,personal,cost1,BTCUSDT,15,0,-22.184298475812074,-22.184298475812074,0.26666666666666666,0.6969192794388481,12.417345396000002,-2.0827430798124,15525.523850000001,3,False,,,True,2025-10-04T00:06:00+00:00,False
previously_viewed_2025_2026,cci_m1_chop_w,personal,cost1,ETHUSDT,37,0,-42.78135469692225,-42.78135469692225,0.24324324324324326,0.787836872561135,22.58847344,-1.910281256922,28227.7534,9,False,,,True,2025-10-04T00:06:00+00:00,False
previously_viewed_2025_2026,cci_m1_chop_w,personal,cost2,PORTFOLIO,40,0,-96.45814595367284,-96.45814595367284,0.25,0.5570234547243713,43.070105824,-5.471700129673001,26942.77431,10,False,0.10405881161223346,945.7318540463272,True,2025-09-10T07:26:00+00:00,False
previously_viewed_2025_2026,cci_m1_chop_w,personal,cost2,BTCUSDT,15,0,-52.57009373203706,-52.57009373203706,0.2,0.3877679526593887,20.383023664000003,-3.4466300680370003,12753.760010000002,3,False,,,True,2025-09-10T07:26:00+00:00,False
previously_viewed_2025_2026,cci_m1_chop_w,personal,cost2,ETHUSDT,25,0,-43.88805222163579,-43.88805222163579,0.28,0.6672216047597108,22.687082160000003,-2.0250700616360002,14189.0143,7,False,,,True,2025-09-10T07:26:00+00:00,False
previously_viewed_2025_2026,cci_m1_chop_d,personal,cost1,PORTFOLIO,71,0,15.735057812017732,15.735057812017732,0.29577464788732394,1.0449118686589491,41.740581384,-2.898660803983,52099.034040000006,18,False,0.09415842097621784,977.7891511714399,True,2026-02-12T15:06:00+00:00,False
previously_viewed_2025_2026,cci_m1_chop_d,personal,cost1,BTCUSDT,27,0,-83.27910213739455,-83.27910213739455,0.25925925925925924,0.4227309846631744,20.398826704000005,-1.1996754333950002,25472.749840000004,10,False,,,True,2026-02-12T15:06:00+00:00,False
previously_viewed_2025_2026,cci_m1_chop_d,personal,cost1,ETHUSDT,44,0,99.01415994941227,99.01415994941227,0.3181818181818182,1.4804409601261959,21.34175468,-1.698985370588,26626.284200000002,12,False,,,True,2026-02-12T15:06:00+00:00,False
previously_viewed_2025_2026,cci_m1_chop_d,personal,cost2,PORTFOLIO,52,0,-67.57059100989291,-67.57059100989291,0.2692307692307692,0.7437742971515848,52.045461528000004,-4.467599481893201,32465.07284,15,False,0.10573116255225601,953.8307551540332,True,2025-11-27T21:06:00+00:00,False
previously_viewed_2025_2026,cci_m1_chop_d,personal,cost2,BTCUSDT,19,0,-81.31054820819398,-81.31054820819398,0.15789473684210525,0.2523987378884684,24.597634488000004,-1.9935837201942002,15368.479840000002,7,False,,,True,2025-11-27T21:06:00+00:00,False
previously_viewed_2025_2026,cci_m1_chop_d,personal,cost2,ETHUSDT,33,0,13.739957198301072,13.739957198301072,0.3333333333333333,1.0886716600759245,27.447827040000004,-2.4740157616990004,17096.593,10,False,,,True,2025-11-27T21:06:00+00:00,False
previously_viewed_2025_2026,cci_m1_chop_h12,personal,cost1,PORTFOLIO,51,0,19.689914791293596,19.689914791293596,0.3137254901960784,1.0822345853904758,29.754942628000006,-3.3660125807064003,37117.40009,19,False,0.10024477233879078,940.0480188132427,True,2025-10-13T18:01:00+00:00,False
previously_viewed_2025_2026,cci_m1_chop_h12,personal,cost1,BTCUSDT,24,0,-70.11130504108243,-70.11130504108243,0.2916666666666667,0.4020369234117936,17.108662068000005,-2.0641129730824,21409.588290000003,11,False,,,True,2025-10-13T18:01:00+00:00,False
previously_viewed_2025_2026,cci_m1_chop_h12,personal,cost1,ETHUSDT,27,0,89.80121983237602,89.80121983237602,0.3333333333333333,1.734956812911155,12.646280560000001,-1.3018996076240001,15707.8118,13,False,,,True,2025-10-13T18:01:00+00:00,False
previously_viewed_2025_2026,cci_m1_chop_h12,personal,cost2,PORTFOLIO,21,0,-107.7773972116505,-107.7773972116505,0.14285714285714285,0.11022197959076196,17.979512096000004,-1.0661651156506,11243.405320000002,8,False,0.10426278464323903,934.4126027883495,True,2025-05-13T07:21:00+00:00,False
previously_viewed_2025_2026,cci_m1_chop_h12,personal,cost2,BTCUSDT,11,0,-62.193065574661574,-62.193065574661574,0.09090909090909091,0.09795974166547768,11.802517696000002,-0.9808278786616,7401.278420000001,5,False,,,True,2025-05-13T07:21:00+00:00,False
previously_viewed_2025_2026,cci_m1_chop_h12,personal,cost2,ETHUSDT,10,0,-45.58433163698892,-45.58433163698892,0.2,0.12642406262316735,6.176994400000001,-0.08533723698899999,3842.1269,5,False,,,True,2025-05-13T07:21:00+00:00,False
previously_viewed_2025_2026,cci_m1_chop_h6,personal,cost1,PORTFOLIO,49,0,25.853161249264065,25.853161249264065,0.4897959183673469,1.1512197372283726,30.753079752000005,-2.266378998736,38435.89173,25,False,0.09722567418050149,1029.330346706248,True,2025-10-13T18:01:00+00:00,False
previously_viewed_2025_2026,cci_m1_chop_h6,personal,cost1,BTCUSDT,18,0,32.40596550746796,32.40596550746796,0.5555555555555556,1.7225517030791142,14.351153352000003,-1.9087011405320002,17904.34803,12,False,,,True,2025-10-13T18:01:00+00:00,False
previously_viewed_2025_2026,cci_m1_chop_h6,personal,cost1,ETHUSDT,31,0,-6.552804258203893,-6.552804258203893,0.45161290322580644,0.9480409826204786,16.4019264,-0.357677858204,20531.543700000002,18,False,,,True,2025-10-13T18:01:00+00:00,False
previously_viewed_2025_2026,cci_m1_chop_h6,personal,cost2,PORTFOLIO,41,0,-32.585924094604586,-32.585924094604586,0.4634146341463415,0.7844831259258188,40.006691520000004,-4.5057925746046,25020.639860000003,21,False,0.10536322986724617,1009.6040759053955,True,2025-09-22T06:01:00+00:00,False
previously_viewed_2025_2026,cci_m1_chop_h6,personal,cost2,BTCUSDT,14,0,-6.940286043786437,-6.940286043786437,0.42857142857142855,0.8204746253226273,17.409423200000003,-3.3546228437866,10867.44656,10,False,,,True,2025-09-22T06:01:00+00:00,False
previously_viewed_2025_2026,cci_m1_chop_h6,personal,cost2,ETHUSDT,27,0,-25.645638050818153,-25.645638050818153,0.48148148148148145,0.7721195220747967,22.59726832,-1.151169730818,14153.1933,15,False,,,True,2025-09-22T06:01:00+00:00,False
previously_viewed_2025_2026,cci_m1_chop_h4,personal,cost1,PORTFOLIO,55,0,-8.88097607178443,-8.88097607178443,0.41818181818181815,0.9597144270664472,30.232625064000004,-1.6729710077841002,37783.7761,29,False,0.1073859866639139,1033.3090239282158,True,2025-12-04T00:16:00+00:00,False
previously_viewed_2025_2026,cci_m1_chop_h4,personal,cost1,BTCUSDT,20,0,11.096900457812522,11.096900457812522,0.35,1.1424452724341916,14.434770784000003,-1.3144487581871,17998.981600000003,13,False,,,True,2025-12-04T00:16:00+00:00,False
previously_viewed_2025_2026,cci_m1_chop_h4,personal,cost1,ETHUSDT,35,0,-19.97787652959695,-19.97787652959695,0.45714285714285713,0.8598512189831231,15.797854280000001,-0.358522249597,19784.7945,22,False,,,True,2025-12-04T00:16:00+00:00,False
previously_viewed_2025_2026,cci_m1_chop_h4,personal,cost2,PORTFOLIO,42,0,-32.41994033190272,-32.41994033190272,0.4523809523809524,0.8033066781787593,37.826282024,-3.7276483079028,23656.01107,21,False,0.10662409148801343,1009.7700596680974,True,2025-08-26T12:41:00+00:00,False
previously_viewed_2025_2026,cci_m1_chop_h4,personal,cost2,BTCUSDT,12,0,11.119281721885308,11.119281721885308,0.5,1.328146853253446,14.741328344000003,-2.5668799341148,9199.11647,7,False,,,True,2025-08-26T12:41:00+00:00,False
previously_viewed_2025_2026,cci_m1_chop_h4,personal,cost2,ETHUSDT,30,0,-43.53922205378803,-43.53922205378803,0.43333333333333335,0.6674865618475683,23.08495368,-1.1607683737880001,14456.894600000001,17,False,,,True,2025-08-26T12:41:00+00:00,False
previously_viewed_2025_2026,cci_m1_chop_h1,personal,cost1,PORTFOLIO,100,0,73.28872093186156,73.28872093186156,0.36,1.217939410295215,36.24482269600001,-1.1200363721391002,45301.910950000005,56,True,0.08581018098874064,1014.9813469528649,False,,False
previously_viewed_2025_2026,cci_m1_chop_h1,personal,cost1,BTCUSDT,42,0,-35.900722591835326,-35.900722591835326,0.30952380952380953,0.7824240353786078,20.727840296000004,0.16453770416389993,25927.148250000002,29,False,,,False,,False
previously_viewed_2025_2026,cci_m1_chop_h1,personal,cost1,ETHUSDT,58,0,109.1894435236969,109.1894435236969,0.39655172413793105,1.6375017323490224,15.516982400000002,-1.2845740763030002,19374.7627,42,False,,,False,,False
previously_viewed_2025_2026,cci_m1_chop_h1,personal,cost2,PORTFOLIO,61,0,-66.29828011460931,-66.29828011460931,0.2786885245901639,0.725086180280429,39.52390217600001,-2.4010379386094,24686.078460000004,36,False,0.10607784084203654,975.8917198853908,True,2026-01-25T19:31:00+00:00,False
previously_viewed_2025_2026,cci_m1_chop_h1,personal,cost2,BTCUSDT,25,0,-71.40829211902255,-71.40829211902255,0.24,0.3991887255437281,21.848827136000004,-0.8375249830224001,13647.694260000002,16,False,,,True,2026-01-25T19:31:00+00:00,False
previously_viewed_2025_2026,cci_m1_chop_h1,personal,cost2,ETHUSDT,36,0,5.110012004413228,5.110012004413228,0.3055555555555556,1.0417801697746947,17.675075040000003,-1.5635129555870002,11038.3842,26,False,,,True,2026-01-25T19:31:00+00:00,False
previously_viewed_2025_2026,cci_m1_chop_m30,personal,cost1,PORTFOLIO,59,0,-71.8229029153001,-71.8229029153001,0.288135593220339,0.5816297080935204,14.618308492000002,-1.3435644233003001,18270.2033,37,False,0.1012473316216868,970.1611137975078,True,2025-12-14T11:41:00+00:00,False
previously_viewed_2025_2026,cci_m1_chop_m30,personal,cost1,BTCUSDT,20,0,-24.117526672521294,-24.117526672521294,0.35,0.5350669988069029,5.801445172000001,-0.7507515005213001,7265.929700000001,17,False,,,True,2025-12-14T11:41:00+00:00,False
previously_viewed_2025_2026,cci_m1_chop_m30,personal,cost1,ETHUSDT,39,0,-47.70537624277881,-47.70537624277881,0.2564102564102564,0.6017912661891953,8.816863320000001,-0.5928129227790001,11004.2736,28,False,,,True,2025-12-14T11:41:00+00:00,False
previously_viewed_2025_2026,cci_m1_chop_m30,personal,cost2,PORTFOLIO,51,0,-87.4529236899703,-87.4529236899703,0.2549019607843137,0.4571523779175189,23.882849048000004,-2.6426446419706,14934.05369,33,False,0.1045298311246564,954.7370763100298,True,2025-10-28T21:11:00+00:00,False
previously_viewed_2025_2026,cci_m1_chop_m30,personal,cost2,BTCUSDT,16,0,-42.26814468043061,-42.26814468043061,0.25,0.22705603779857889,8.800178968,-1.4809357124306002,5513.065890000001,14,False,,,True,2025-10-28T21:11:00+00:00,False
previously_viewed_2025_2026,cci_m1_chop_m30,personal,cost2,ETHUSDT,35,0,-45.184779009539696,-45.184779009539696,0.2571428571428571,0.5753936746943518,15.082670080000002,-1.16170892954,9420.9878,25,False,,,True,2025-10-28T21:11:00+00:00,False
previously_viewed_2025_2026,cci_m1_chop_m15,personal,cost1,PORTFOLIO,49,0,-73.42825220783973,-73.42825220783973,0.24489795918367346,0.5924607641157761,14.104424768000001,-1.0848674398397,17681.74724,20,False,0.10342477320863194,961.9057143204828,True,2025-05-29T08:21:00+00:00,False
previously_viewed_2025_2026,cci_m1_chop_m15,personal,cost1,BTCUSDT,24,0,-67.96997395159067,-67.96997395159067,0.20833333333333334,0.3186408592192717,9.113899088000002,-1.0113148635907,11421.296240000001,11,False,,,True,2025-05-29T08:21:00+00:00,False
previously_viewed_2025_2026,cci_m1_chop_m15,personal,cost1,ETHUSDT,25,0,-5.4582782562490575,-5.4582782562490575,0.28,0.9321263523059934,4.99052568,-0.073552576249,6260.451,13,False,,,True,2025-05-29T08:21:00+00:00,False
previously_viewed_2025_2026,cci_m1_chop_m15,personal,cost2,PORTFOLIO,49,0,-104.82291111230109,-104.82291111230109,0.20408163265306123,0.44895068495269824,24.792998872000002,-2.0945622403010002,15545.634170000001,20,False,0.10754299939497312,937.367088887699,True,2025-05-29T08:21:00+00:00,False
previously_viewed_2025_2026,cci_m1_chop_m15,personal,cost2,BTCUSDT,24,0,-84.39968663180295,-84.39968663180295,0.16666666666666666,0.21439236248743224,15.853376632000003,-1.8491599998030002,9941.708970000002,11,False,,,True,2025-05-29T08:21:00+00:00,False
previously_viewed_2025_2026,cci_m1_chop_m15,personal,cost2,ETHUSDT,25,0,-20.423224480498135,-20.423224480498135,0.24,0.753318351665218,8.93962224,-0.245402240498,5603.925200000001,13,False,,,True,2025-05-29T08:21:00+00:00,False
previously_viewed_2025_2026,cci_m1_chop_m5,personal,cost1,PORTFOLIO,31,0,-87.90627825598919,-87.90627825598919,0.2903225806451613,0.3808896607200024,14.084298532000002,-1.9961297239896,17614.201490000003,7,False,0.10046237298425084,954.2837217440109,True,2025-02-13T11:36:00+00:00,False
previously_viewed_2025_2026,cci_m1_chop_m5,personal,cost1,BTCUSDT,25,0,-59.65609302985419,-59.65609302985419,0.28,0.4614146045591659,12.875223572000003,-2.0396194578546,16116.400090000001,7,False,,,True,2025-02-13T11:36:00+00:00,False
previously_viewed_2025_2026,cci_m1_chop_m5,personal,cost1,ETHUSDT,6,0,-28.250185226135,-28.250185226135,0.3333333333333333,0.09523130581957413,1.2090749600000001,0.043489733865,1497.8014,2,False,,,True,2025-02-13T11:36:00+00:00,False
previously_viewed_2025_2026,cci_m1_chop_m5,personal,cost2,PORTFOLIO,29,0,-101.7313442528461,-101.7313442528461,0.2413793103448276,0.27459581485442,21.745110624000002,-3.4008936288462004,13602.959810000002,7,False,0.10417716766440986,940.4586557471539,True,2025-02-11T13:51:00+00:00,False
previously_viewed_2025_2026,cci_m1_chop_m5,personal,cost2,BTCUSDT,24,0,-73.97368699555706,-73.97368699555706,0.25,0.3315264222127774,20.003713664000003,-3.4116333315572005,12527.600210000002,7,False,,,True,2025-02-11T13:51:00+00:00,False
previously_viewed_2025_2026,cci_m1_chop_m5,personal,cost2,ETHUSDT,5,0,-27.75765725728904,-27.75765725728904,0.2,0.06161715675613522,1.74139696,0.010739702711000002,1075.3596,2,False,,,True,2025-02-11T13:51:00+00:00,False
previously_viewed_2025_2026,cci_m1_chop_m3,personal,cost1,PORTFOLIO,29,0,-82.39274463812724,-82.39274463812724,0.3103448275862069,0.47004472741797676,15.510814320000003,-2.1256503181275,19408.39284,6,False,0.10356464126190117,959.7972553618728,True,2025-02-07T14:01:00+00:00,False
previously_viewed_2025_2026,cci_m1_chop_m3,personal,cost1,BTCUSDT,26,0,-69.41355700696724,-69.41355700696724,0.3076923076923077,0.5041259643589734,15.036372000000004,-2.1241050069675,18821.59154,6,False,,,True,2025-02-07T14:01:00+00:00,False
previously_viewed_2025_2026,cci_m1_chop_m3,personal,cost1,ETHUSDT,3,0,-12.979187631160002,-12.979187631160002,0.3333333333333333,0.16203251509542876,0.47444232000000003,-0.0015453111599999982,586.8013000000001,1,False,,,True,2025-02-07T14:01:00+00:00,False
previously_viewed_2025_2026,cci_m1_chop_m3,personal,cost2,PORTFOLIO,29,0,-106.68107296024822,-106.68107296024822,0.20689655172413793,0.32824647826737346,25.370355792000005,-3.5222171682480004,15884.385620000001,6,False,0.10732390559700256,935.5089270397518,True,2025-02-07T14:01:00+00:00,False
previously_viewed_2025_2026,cci_m1_chop_m3,personal,cost2,BTCUSDT,26,0,-94.87128305833821,-94.87128305833821,0.19230769230769232,0.3440044783499858,24.551242672000004,-3.5125403863380003,15377.930420000002,6,False,,,True,2025-02-07T14:01:00+00:00,False
previously_viewed_2025_2026,cci_m1_chop_m3,personal,cost2,ETHUSDT,3,0,-11.809789901910012,-11.809789901910012,0.3333333333333333,0.16762122567322105,0.8191131200000001,-0.009676781909999998,506.4552,1,False,,,True,2025-02-07T14:01:00+00:00,False
previously_viewed_2025_2026,cci_m1_chop_m1,personal,cost1,PORTFOLIO,30,0,-61.22781515019795,-61.22781515019795,0.26666666666666666,0.6166334402833389,18.134903156000004,-2.4934019941984,22686.499700000004,6,False,0.10091767837679419,980.962184849802,True,2025-02-06T22:16:00+00:00,False
previously_viewed_2025_2026,cci_m1_chop_m1,personal,cost1,BTCUSDT,28,0,-58.61191874835393,-58.61191874835393,0.25,0.6222034043757986,17.961649956000002,-2.4797587923544,22471.1477,6,False,,,True,2025-02-06T22:16:00+00:00,False
previously_viewed_2025_2026,cci_m1_chop_m1,personal,cost1,ETHUSDT,2,0,-2.6158964018440143,-2.6158964018440143,0.5,0.4275215102893261,0.1732532,-0.013643201843999999,215.352,1,False,,,True,2025-02-06T22:16:00+00:00,False
previously_viewed_2025_2026,cci_m1_chop_m1,personal,cost2,PORTFOLIO,30,0,-92.72246727150257,-92.72246727150257,0.26666666666666666,0.43903110152966285,29.282033760000004,-4.1309535115026,18328.128240000002,6,False,0.10756013408457547,949.4675327284975,True,2025-02-06T22:16:00+00:00,False
previously_viewed_2025_2026,cci_m1_chop_m1,personal,cost2,BTCUSDT,28,0,-89.55107302781457,-89.55107302781457,0.25,0.4413386360142009,28.935525920000007,-4.1036671078146005,18112.95964,6,False,,,True,2025-02-06T22:16:00+00:00,False
previously_viewed_2025_2026,cci_m1_chop_m1,personal,cost2,ETHUSDT,2,0,-3.171394243688001,-3.171394243688001,0.5,0.36496532838436757,0.34650784,-0.027286403687999998,215.1686,1,False,,,True,2025-02-06T22:16:00+00:00,False
previously_viewed_2025_2026,baseline,public,cost1,PORTFOLIO,33,0,-60.697293524254015,-60.697293524254015,0.30303030303030304,0.6573338128023157,31.124954886,-2.7214086382545,25938.724870000002,6,False,0.10192628724998799,981.492706475746,True,2025-02-08T04:56:00+00:00,False
previously_viewed_2025_2026,baseline,public,cost1,BTCUSDT,29,0,-46.18272692940601,-46.18272692940601,0.27586206896551724,0.7068691295301142,28.802220006000002,-2.6925769234065,24009.193970000004,6,False,,,True,2025-02-08T04:56:00+00:00,False
previously_viewed_2025_2026,baseline,public,cost1,ETHUSDT,4,0,-14.51456659484801,-14.51456659484801,0.5,0.25880173950827917,2.32273488,-0.028831714848,1929.5309000000002,1,False,,,True,2025-02-08T04:56:00+00:00,False
previously_viewed_2025_2026,baseline,public,cost2,PORTFOLIO,31,0,-89.02282132904415,-89.02282132904415,0.3225806451612903,0.4718657821031692,44.928516552000005,-4.2694247770442,18735.920670000003,6,False,0.10046578847803475,953.1671786709559,True,2025-02-07T03:41:00+00:00,False
previously_viewed_2025_2026,baseline,public,cost2,BTCUSDT,28,0,-82.85755432765414,-82.85755432765414,0.2857142857142857,0.4792058006607491,43.025403672,-4.2142706556542,17945.06047,6,False,,,True,2025-02-07T03:41:00+00:00,False
previously_viewed_2025_2026,baseline,public,cost2,ETHUSDT,3,0,-6.165267001390016,-6.165267001390016,0.6666666666666666,0.3484541053358132,1.90311288,-0.055154121390000005,790.8602000000001,1,False,,,True,2025-02-07T03:41:00+00:00,False
previously_viewed_2025_2026,cci_w,public,cost1,PORTFOLIO,20,0,-58.24651407286311,-58.24651407286311,0.3,0.5082168879831981,17.534293379999998,0.13367930713700002,14591.4882,4,False,0.10298403686664094,983.943485927137,True,2025-03-25T16:36:00+00:00,False
previously_viewed_2025_2026,cci_w,public,cost1,BTCUSDT,0,0,0,0,,,0,0,0,0,False,,,True,2025-03-25T16:36:00+00:00,False
previously_viewed_2025_2026,cci_w,public,cost1,ETHUSDT,20,0,-58.24651407286311,-58.24651407286311,0.3,0.5082168879831981,17.534293379999998,0.13367930713700002,14591.4882,4,False,,,True,2025-03-25T16:36:00+00:00,False
previously_viewed_2025_2026,cci_w,public,cost2,PORTFOLIO,19,0,-67.1096190897473,-67.1096190897473,0.2631578947368421,0.4044520477773852,26.486861039999997,0.017041950252999996,11015.8722,4,False,0.10341821057825636,971.5375600993729,True,2025-03-25T13:51:00+00:00,False
previously_viewed_2025_2026,cci_w,public,cost2,BTCUSDT,0,0,0,0,,,0,0,0,0,False,,,True,2025-03-25T13:51:00+00:00,False
previously_viewed_2025_2026,cci_w,public,cost2,ETHUSDT,19,0,-67.1096190897473,-67.1096190897473,0.2631578947368421,0.4044520477773852,26.486861039999997,0.017041950252999996,11015.8722,4,False,,,True,2025-03-25T13:51:00+00:00,False
previously_viewed_2025_2026,cci_d,public,cost1,PORTFOLIO,33,0,-96.05575909099701,-96.05575909099701,0.30303030303030304,0.4611199265533562,25.393938786,-0.01895030499710002,21143.68589,10,False,0.10357089579609173,944.271949829364,True,2025-04-06T08:31:00+00:00,False
previously_viewed_2025_2026,cci_d,public,cost1,BTCUSDT,9,0,-25.69209491704511,-25.69209491704511,0.2222222222222222,0.541901765310553,7.863058146,-0.4373667710451,6561.244290000001,3,False,,,True,2025-04-06T08:31:00+00:00,False
previously_viewed_2025_2026,cci_d,public,cost1,ETHUSDT,24,0,-70.3636641739519,-70.3636641739519,0.3333333333333333,0.4240345567312556,17.53088064,0.418416466048,14582.4416,7,False,,,True,2025-04-06T08:31:00+00:00,False
previously_viewed_2025_2026,cci_d,public,cost2,PORTFOLIO,28,0,-107.86265782948101,-107.86265782948101,0.2857142857142857,0.3332509321152284,32.064463452,-0.5425843774810001,13343.88651,8,False,0.10837860663955086,934.3273421705189,True,2025-03-30T00:41:00+00:00,False
previously_viewed_2025_2026,cci_d,public,cost2,BTCUSDT,9,0,-34.70210510362404,-34.70210510362404,0.2222222222222222,0.3981629338170614,12.629031852,-0.751863251624,5272.757210000001,3,False,,,True,2025-03-30T00:41:00+00:00,False
previously_viewed_2025_2026,cci_d,public,cost2,ETHUSDT,19,0,-73.16055272585696,-73.16055272585696,0.3157894736842105,0.2973013337999322,19.4354316,0.20927887414299998,8071.1293000000005,5,False,,,True,2025-03-30T00:41:00+00:00,False
previously_viewed_2025_2026,cci_h12,public,cost1,PORTFOLIO,36,0,-54.00879720230525,-54.00879720230525,0.3055555555555556,0.6978160328043761,32.119348284,-1.0912289183049,26776.71468,14,False,0.10534689506553671,988.1812027976948,True,2025-05-14T01:06:00+00:00,False
previously_viewed_2025_2026,cci_h12,public,cost1,BTCUSDT,18,0,-43.797279995002285,-43.797279995002285,0.16666666666666666,0.5784282888403347,21.782620404,-1.1926395910019,18162.594680000002,7,False,,,True,2025-05-14T01:06:00+00:00,False
previously_viewed_2025_2026,cci_h12,public,cost1,ETHUSDT,18,0,-10.211517207302968,-10.211517207302968,0.4444444444444444,0.8635512346397474,10.33672788,0.10141067269699999,8614.12,8,False,,,True,2025-05-14T01:06:00+00:00,False
previously_viewed_2025_2026,cci_h12,public,cost2,PORTFOLIO,30,0,-79.833940539626,-79.833940539626,0.3333333333333333,0.47754084411646625,37.812320964,-1.245749575626,15762.71577,13,False,0.10229704827918902,962.356059460374,True,2025-05-08T14:36:00+00:00,False
previously_viewed_2025_2026,cci_h12,public,cost2,BTCUSDT,13,0,-51.73779537633107,-51.73779537633107,0.15384615384615385,0.3631326513697841,22.466729004,-1.301096372331,9375.122070000001,6,False,,,True,2025-05-08T14:36:00+00:00,False
previously_viewed_2025_2026,cci_h12,public,cost2,ETHUSDT,17,0,-28.096145163294924,-28.096145163294924,0.47058823529411764,0.6074105702311604,15.34559196,0.05534679670499999,6387.5937,7,False,,,True,2025-05-08T14:36:00+00:00,False
previously_viewed_2025_2026,cci_h6,public,cost1,PORTFOLIO,48,0,-52.405758419043096,-52.405758419043096,0.2708333333333333,0.7765343824278059,38.283126414,-1.1315020050427,31942.446710000004,20,False,0.1055824910137793,989.784241580957,True,2025-05-21T22:36:00+00:00,False
previously_viewed_2025_2026,cci_h6,public,cost1,BTCUSDT,25,0,-65.29430805030901,-65.29430805030901,0.2,0.5389892201058485,26.937261774,-1.3353162763087,22466.229010000003,10,False,,,True,2025-05-21T22:36:00+00:00,False
previously_viewed_2025_2026,cci_h6,public,cost1,ETHUSDT,23,0,12.888549631265919,12.888549631265919,0.34782608695652173,1.1387643945908026,11.34586464,0.203814271266,9476.217700000001,14,False,,,True,2025-05-21T22:36:00+00:00,False
previously_viewed_2025_2026,cci_h6,public,cost2,PORTFOLIO,39,0,-85.02182224377657,-85.02182224377657,0.28205128205128205,0.5683183211042522,47.266520088,-1.5927221557768,19714.515860000003,17,False,0.10509941925948472,957.1681777562235,True,2025-05-06T08:16:00+00:00,False
previously_viewed_2025_2026,cci_h6,public,cost2,BTCUSDT,19,0,-71.7106831507447,-71.7106831507447,0.21052631578947367,0.37404461969965125,31.754056488,-1.7428466627448,13249.963760000002,8,False,,,True,2025-05-06T08:16:00+00:00,False
previously_viewed_2025_2026,cci_h6,public,cost2,ETHUSDT,20,0,-13.311139093031876,-13.311139093031876,0.35,0.8384431845046222,15.5124636,0.150124506968,6464.5521,11,False,,,True,2025-05-06T08:16:00+00:00,False
previously_viewed_2025_2026,cci_h4,public,cost1,PORTFOLIO,22,0,-61.538748653376864,-61.538748653376864,0.22727272727272727,0.48577470459903094,17.9161092,-1.0820594533771,14901.936590000001,7,False,0.10276322178221801,980.6512513466232,True,2025-02-20T09:16:00+00:00,False
previously_viewed_2025_2026,cci_h4,public,cost1,BTCUSDT,14,0,-7.478195628228949,-7.478195628228949,0.2857142857142857,0.8815307721993294,13.15048266,-1.2118329682291,10955.293490000002,5,False,,,True,2025-02-20T09:16:00+00:00,False
previously_viewed_2025_2026,cci_h4,public,cost1,ETHUSDT,8,0,-54.06055302514791,-54.06055302514791,0.125,0.044008681246314615,4.7656265399999995,0.129773514852,3946.6431000000002,3,False,,,True,2025-02-20T09:16:00+00:00,False
previously_viewed_2025_2026,cci_h4,public,cost2,PORTFOLIO,22,0,-85.70486260753218,-85.70486260753218,0.22727272727272727,0.31537671548123103,28.704302724,-1.8782698835322,11941.364080000001,7,False,0.10507908477536322,956.4851373924679,True,2025-02-20T09:16:00+00:00,False
previously_viewed_2025_2026,cci_h4,public,cost2,BTCUSDT,14,0,-31.68892217321211,-31.68892217321211,0.2857142857142857,0.5396285488011814,20.903845524,-1.9859866492122,8714.33518,5,False,,,True,2025-02-20T09:16:00+00:00,False
previously_viewed_2025_2026,cci_h4,public,cost2,ETHUSDT,8,0,-54.01594043432007,-54.01594043432007,0.125,0.04145571739965178,7.8004572,0.10771676567999999,3227.0289000000002,3,False,,,True,2025-02-20T09:16:00+00:00,False
previously_viewed_2025_2026,cci_h1,public,cost1,PORTFOLIO,74,0,-40.043426576808216,-40.043426576808216,0.2972972972972973,0.8650124268799646,42.032634006,-2.8043425708084,35073.406030000006,22,False,0.10876369838114001,986.5639162179447,True,2025-05-31T19:11:00+00:00,False
previously_viewed_2025_2026,cci_h1,public,cost1,BTCUSDT,33,0,-53.11687566206837,-53.11687566206837,0.2727272727272727,0.6064037014197133,23.094741666,-2.6169839960684,19259.320630000002,13,False,,,True,2025-05-31T19:11:00+00:00,False
previously_viewed_2025_2026,cci_h1,public,cost1,ETHUSDT,41,0,13.073449085260151,13.073449085260151,0.3170731707317073,1.080853725291498,18.93789234,-0.18735857474,15814.0854,16,False,,,True,2025-05-31T19:11:00+00:00,False
previously_viewed_2025_2026,cci_h1,public,cost2,PORTFOLIO,68,0,-94.12487923445124,-94.12487923445124,0.27941176470588236,0.6670008353553094,64.533912108,-4.4496771264514,26925.02789,21,False,0.10810877246726265,948.0651207655487,True,2025-05-21T23:16:00+00:00,False
previously_viewed_2025_2026,cci_h1,public,cost2,BTCUSDT,30,0,-81.12275001067212,-81.12275001067212,0.23333333333333334,0.3928169524988063,35.099479188000004,-4.003280822672401,14645.792990000002,12,False,,,True,2025-05-21T23:16:00+00:00,False
previously_viewed_2025_2026,cci_h1,public,cost2,ETHUSDT,38,0,-13.002129223779123,-13.002129223779123,0.3157894736842105,0.9127683620053204,29.43443292,-0.4463963037790001,12279.234900000001,15,False,,,True,2025-05-21T23:16:00+00:00,False
previously_viewed_2025_2026,cci_m30,public,cost1,PORTFOLIO,32,0,-75.13095052255724,-75.13095052255724,0.25,0.4841534196140456,22.361816682,-2.0179638405577003,18649.38962,7,False,0.10243874781552756,967.0590494774427,True,2025-02-16T18:06:00+00:00,False
previously_viewed_2025_2026,cci_m30,public,cost1,BTCUSDT,25,0,-61.13661375992628,-61.13661375992628,0.24,0.4970155394714296,19.044251802,-2.1743919579267,15890.16882,7,False,,,True,2025-02-16T18:06:00+00:00,False
previously_viewed_2025_2026,cci_m30,public,cost1,ETHUSDT,7,0,-13.994336762630969,-13.994336762630969,0.2857142857142857,0.4192788167458193,3.31756488,0.156428117369,2759.2208,2,False,,,True,2025-02-16T18:06:00+00:00,False
previously_viewed_2025_2026,cci_m30,public,cost2,PORTFOLIO,29,0,-90.79272655577331,-90.79272655577331,0.27586206896551724,0.3539006033768896,32.97851634,-3.4455802157736004,13760.421390000001,7,False,0.10586926055102386,951.3972734442267,True,2025-02-13T08:51:00+00:00,False
previously_viewed_2025_2026,cci_m30,public,cost2,BTCUSDT,24,0,-79.10951007140237,-79.10951007140237,0.25,0.3478915806188045,29.04078618,-3.5114938914026004,12123.60619,7,False,,,True,2025-02-13T08:51:00+00:00,False
previously_viewed_2025_2026,cci_m30,public,cost2,ETHUSDT,5,0,-11.683216484370938,-11.683216484370938,0.4,0.3918463933786329,3.9377301599999996,0.06591367562900001,1636.8152,2,False,,,True,2025-02-13T08:51:00+00:00,False
previously_viewed_2025_2026,cci_m15,public,cost1,PORTFOLIO,22,0,-20.551955999057746,-20.551955999057746,0.36363636363636365,0.7660367109257415,15.857508174000001,-2.0457578250579003,13218.466290000002,6,False,0.04596311741462998,1020.2140738430484,True,2025-02-04T21:06:00+00:00,False
previously_viewed_2025_2026,cci_m15,public,cost1,BTCUSDT,21,0,-23.04061211905774,-23.04061211905774,0.3333333333333333,0.7377058712121555,15.794364294000001,-2.0457578250579003,13164.570490000002,6,False,,,True,2025-02-04T21:06:00+00:00,False
previously_viewed_2025_2026,cci_m15,public,cost1,ETHUSDT,1,0,2.4886561199999937,2.4886561199999937,1.0,,0.06314388,0.0,53.8958,1,False,,,True,2025-02-04T21:06:00+00:00,False
previously_viewed_2025_2026,cci_m15,public,cost2,PORTFOLIO,22,0,-47.67352052542416,-47.67352052542416,0.36363636363636365,0.49780044201528173,25.940641812,-3.3583087134242002,10820.250440000002,6,False,0.057316057444641376,994.5164794745758,True,2025-02-04T21:06:00+00:00,False
previously_viewed_2025_2026,cci_m15,public,cost2,BTCUSDT,21,0,-50.00963540542416,-50.00963540542416,0.3333333333333333,0.4731914799078607,25.814356692,-3.3583087134242002,10766.400440000001,6,False,,,True,2025-02-04T21:06:00+00:00,False
previously_viewed_2025_2026,cci_m15,public,cost2,ETHUSDT,1,0,2.336114879999998,2.336114879999998,1.0,,0.12628512,0.0,53.85,1,False,,,True,2025-02-04T21:06:00+00:00,False
previously_viewed_2025_2026,cci_m5,public,cost1,PORTFOLIO,33,0,-60.697293524254015,-60.697293524254015,0.30303030303030304,0.6573338128023157,31.124954886,-2.7214086382545,25938.724870000002,6,False,0.10192628724998799,981.492706475746,True,2025-02-08T04:56:00+00:00,False
previously_viewed_2025_2026,cci_m5,public,cost1,BTCUSDT,29,0,-46.18272692940601,-46.18272692940601,0.27586206896551724,0.7068691295301142,28.802220006000002,-2.6925769234065,24009.193970000004,6,False,,,True,2025-02-08T04:56:00+00:00,False
previously_viewed_2025_2026,cci_m5,public,cost1,ETHUSDT,4,0,-14.51456659484801,-14.51456659484801,0.5,0.25880173950827917,2.32273488,-0.028831714848,1929.5309000000002,1,False,,,True,2025-02-08T04:56:00+00:00,False
previously_viewed_2025_2026,cci_m5,public,cost2,PORTFOLIO,31,0,-89.02282132904415,-89.02282132904415,0.3225806451612903,0.4718657821031692,44.928516552000005,-4.2694247770442,18735.920670000003,6,False,0.10046578847803475,953.1671786709559,True,2025-02-07T03:41:00+00:00,False
previously_viewed_2025_2026,cci_m5,public,cost2,BTCUSDT,28,0,-82.85755432765414,-82.85755432765414,0.2857142857142857,0.4792058006607491,43.025403672,-4.2142706556542,17945.06047,6,False,,,True,2025-02-07T03:41:00+00:00,False
previously_viewed_2025_2026,cci_m5,public,cost2,ETHUSDT,3,0,-6.165267001390016,-6.165267001390016,0.6666666666666666,0.3484541053358132,1.90311288,-0.055154121390000005,790.8602000000001,1,False,,,True,2025-02-07T03:41:00+00:00,False
previously_viewed_2025_2026,cci_m3,public,cost1,PORTFOLIO,33,0,-61.34683470438845,-61.34683470438845,0.30303030303030304,0.6537081180175298,31.064814534,-2.7166301703889,25888.965140000004,6,False,0.10200426425809114,980.8431652956116,True,2025-02-08T04:56:00+00:00,False
previously_viewed_2025_2026,cci_m3,public,cost1,BTCUSDT,29,0,-46.832268109540436,-46.832268109540436,0.27586206896551724,0.702786202585447,28.742079654,-2.6877984555409,23959.434240000002,6,False,,,True,2025-02-08T04:56:00+00:00,False
previously_viewed_2025_2026,cci_m3,public,cost1,ETHUSDT,4,0,-14.51456659484801,-14.51456659484801,0.5,0.25880173950827917,2.32273488,-0.028831714848,1929.5309000000002,1,False,,,True,2025-02-08T04:56:00+00:00,False
previously_viewed_2025_2026,cci_m3,public,cost2,PORTFOLIO,31,0,-89.46209183731297,-89.46209183731297,0.3225806451612903,0.468971334252988,44.833232292,-4.261969545313001,18696.4899,6,False,0.1004296926578532,952.7279081626871,True,2025-02-07T03:41:00+00:00,False
previously_viewed_2025_2026,cci_m3,public,cost2,BTCUSDT,28,0,-83.29682483592296,-83.29682483592296,0.2857142857142857,0.4761433303529322,42.930119412,-4.2068154239230005,17905.6297,6,False,,,True,2025-02-07T03:41:00+00:00,False
previously_viewed_2025_2026,cci_m3,public,cost2,ETHUSDT,3,0,-6.165267001390016,-6.165267001390016,0.6666666666666666,0.3484541053358132,1.90311288,-0.055154121390000005,790.8602000000001,1,False,,,True,2025-02-07T03:41:00+00:00,False
previously_viewed_2025_2026,cci_m1,public,cost1,PORTFOLIO,34,0,-62.31651315449767,-62.31651315449767,0.29411764705882354,0.6513793624180535,31.951135452000003,-2.6270977024982,26634.335250000004,6,False,0.10340788622214145,979.8734868455024,True,2025-02-09T01:16:00+00:00,False
previously_viewed_2025_2026,cci_m1,public,cost1,BTCUSDT,30,0,-55.090657769841606,-55.090657769841606,0.26666666666666666,0.6690412731445223,30.139393152,-2.6930846178422,25127.290050000003,6,False,,,True,2025-02-09T01:16:00+00:00,False
previously_viewed_2025_2026,cci_m1,public,cost1,ETHUSDT,4,0,-7.2258553846560645,-7.2258553846560645,0.5,0.41223860736422896,1.8117423,0.06598691534400002,1507.0452,1,False,,,True,2025-02-09T01:16:00+00:00,False
previously_viewed_2025_2026,cci_m1,public,cost2,PORTFOLIO,31,0,-89.02282132904415,-89.02282132904415,0.3225806451612903,0.4718657821031692,44.928516552000005,-4.2694247770442,18735.920670000003,6,False,0.10046578847803475,953.1671786709559,True,2025-02-07T09:21:00+00:00,False
previously_viewed_2025_2026,cci_m1,public,cost2,BTCUSDT,28,0,-82.85755432765414,-82.85755432765414,0.2857142857142857,0.4792058006607491,43.025403672,-4.2142706556542,17945.06047,6,False,,,True,2025-02-07T09:21:00+00:00,False
previously_viewed_2025_2026,cci_m1,public,cost2,ETHUSDT,3,0,-6.165267001390016,-6.165267001390016,0.6666666666666666,0.3484541053358132,1.90311288,-0.055154121390000005,790.8602000000001,1,False,,,True,2025-02-07T09:21:00+00:00,False
previously_viewed_2025_2026,chop_w,public,cost1,PORTFOLIO,51,0,-76.487106270608,-76.487106270608,0.2549019607843137,0.724390814087777,50.520577386,-3.9541988846079,42102.76092,12,False,0.10018255039635482,965.7028937293921,True,2025-09-30T13:11:00+00:00,False
previously_viewed_2025_2026,chop_w,public,cost1,BTCUSDT,15,0,-27.280764737031586,-27.280764737031586,0.26666666666666666,0.6391436648561535,18.143074926,-2.0288598110319,15122.78352,3,False,,,True,2025-09-30T13:11:00+00:00,False
previously_viewed_2025_2026,chop_w,public,cost1,ETHUSDT,36,0,-49.20634153357641,-49.20634153357641,0.25,0.7563078487945578,32.377502459999995,-1.925339073576,26979.9774,9,False,,,True,2025-09-30T13:11:00+00:00,False
previously_viewed_2025_2026,chop_w,public,cost2,PORTFOLIO,38,0,-96.06131192375211,-96.06131192375211,0.2631578947368421,0.5370491868637652,56.893378919999996,-4.788993003752,23722.764020000002,9,False,0.10024986598891227,946.128688076248,True,2025-09-06T12:11:00+00:00,False
previously_viewed_2025_2026,chop_w,public,cost2,BTCUSDT,15,0,-57.546419168476056,-57.546419168476056,0.2,0.34027055404354467,28.359476280000003,-3.233402888476,11829.425220000001,3,False,,,True,2025-09-06T12:11:00+00:00,False
previously_viewed_2025_2026,chop_w,public,cost2,ETHUSDT,23,0,-38.51489275527605,-38.51489275527605,0.30434782608695654,0.6797646322504003,28.533902639999997,-1.555590115276,11893.3388,6,False,,,True,2025-09-06T12:11:00+00:00,False
previously_viewed_2025_2026,chop_d,public,cost1,PORTFOLIO,74,0,-31.406748477928335,-31.406748477928335,0.28378378378378377,0.9161788697171805,62.60652585,-2.7502126279291,52092.65481,18,False,0.10843188420105318,954.14227968613,True,2026-02-12T15:06:00+00:00,False
previously_viewed_2025_2026,chop_d,public,cost1,BTCUSDT,29,0,-106.18853522488457,-106.18853522488457,0.2413793103448276,0.343136527672674,30.83712759,-1.1452976348851,25672.073010000004,10,False,,,True,2026-02-12T15:06:00+00:00,False
previously_viewed_2025_2026,chop_d,public,cost1,ETHUSDT,45,0,74.78178674695624,74.78178674695624,0.3111111111111111,1.3510424757303061,31.76939826,-1.604914993044,26420.5818,12,False,,,True,2026-02-12T15:06:00+00:00,False
previously_viewed_2025_2026,chop_d,public,cost2,PORTFOLIO,22,0,-87.5507939986505,-87.5507939986505,0.18181818181818182,0.2977963368161709,27.293388276,-0.2574357226505,11376.9204,6,False,0.10355002876930354,954.6392060013495,True,2025-07-13T01:41:00+00:00,False
previously_viewed_2025_2026,chop_d,public,cost2,BTCUSDT,4,0,-33.92649907374643,-33.92649907374643,0.0,0.0,8.291158236000001,0.07012916225350002,3467.5020000000004,2,False,,,True,2025-07-13T01:41:00+00:00,False
previously_viewed_2025_2026,chop_d,public,cost2,ETHUSDT,18,0,-53.62429492490408,-53.62429492490408,0.2222222222222222,0.409121855928358,19.00223004,-0.32756488490400004,7909.4184000000005,4,False,,,True,2025-07-13T01:41:00+00:00,False
previously_viewed_2025_2026,chop_h12,public,cost1,PORTFOLIO,21,0,-105.60416579316608,-105.60416579316608,0.14285714285714285,0.14071069563771899,15.544551636,-0.3706141571658,12945.57623,8,False,0.10329633430175968,936.585834206834,True,2025-05-12T06:31:00+00:00,False
previously_viewed_2025_2026,chop_h12,public,cost1,BTCUSDT,10,0,-46.572790931977,-46.572790931977,0.1,0.15621255799489525,9.479137536,-0.4659533959768,7917.5951300000015,5,False,,,True,2025-05-12T06:31:00+00:00,False
previously_viewed_2025_2026,chop_h12,public,cost1,ETHUSDT,11,0,-59.031374861189065,-59.031374861189065,0.18181818181818182,0.1280726332808298,6.0654141,0.09533923881100001,5027.9811,4,False,,,True,2025-05-12T06:31:00+00:00,False
previously_viewed_2025_2026,chop_h12,public,cost2,PORTFOLIO,20,0,-107.02476452538397,-107.02476452538397,0.15,0.10247190284600648,22.813930356,-0.7100641693838001,9495.3651,7,False,0.10321537636499487,935.1652354746161,True,2025-05-12T00:11:00+00:00,False
previously_viewed_2025_2026,chop_h12,public,cost2,BTCUSDT,9,0,-44.545637560144854,-44.545637560144854,0.1111111111111111,0.12066632000643433,12.495143556,-0.7393240041448,5221.9654,4,False,,,True,2025-05-12T00:11:00+00:00,False
previously_viewed_2025_2026,chop_h12,public,cost2,ETHUSDT,11,0,-62.47912696523912,-62.47912696523912,0.18181818181818182,0.08903320422472838,10.3187868,0.029259834760999998,4273.3997,4,False,,,True,2025-05-12T00:11:00+00:00,False
previously_viewed_2025_2026,chop_h6,public,cost1,PORTFOLIO,45,0,-5.32055100862691,-5.32055100862691,0.4888888888888889,0.9683950519929362,41.29581222,-2.4084987886270004,34418.83784,23,False,0.10356196464939217,1028.684501379392,True,2025-10-04T00:06:00+00:00,False
previously_viewed_2025_2026,chop_h6,public,cost1,BTCUSDT,16,0,14.696302737335982,14.696302737335982,0.5625,1.390939949668755,18.41815086,-1.9147064026640002,15320.627340000001,11,False,,,True,2025-10-04T00:06:00+00:00,False
previously_viewed_2025_2026,chop_h6,public,cost1,ETHUSDT,29,0,-20.01685374596289,-20.01685374596289,0.4482758620689655,0.8469112709677474,22.877661359999998,-0.493792385963,19098.2105,16,False,,,True,2025-10-04T00:06:00+00:00,False
previously_viewed_2025_2026,chop_h6,public,cost2,PORTFOLIO,40,0,-35.75782982011513,-35.75782982011513,0.425,0.7504181356157866,54.927943368,-4.3196464521152,22902.45759,20,False,0.10002295974181252,1006.4321701798849,True,2025-09-13T13:51:00+00:00,False
previously_viewed_2025_2026,chop_h6,public,cost2,BTCUSDT,13,0,-3.5236249283579504,-3.5236249283579504,0.38461538461538464,0.8878426268765457,22.217987328,-3.2788976003582,9246.508090000001,9,False,,,True,2025-09-13T13:51:00+00:00,False
previously_viewed_2025_2026,chop_h6,public,cost2,ETHUSDT,27,0,-32.23420489175717,-32.23420489175717,0.4444444444444444,0.71181932988984,32.70995604,-1.040748851757,13655.9495,14,False,,,True,2025-09-13T13:51:00+00:00,False
previously_viewed_2025_2026,chop_h4,public,cost1,PORTFOLIO,46,0,-6.849472662376708,-6.849472662376708,0.43478260869565216,0.9627742488976755,36.908128302,-1.8547943603766002,30768.19206,23,False,0.10224534548368705,1035.3405273376234,True,2025-09-22T09:26:00+00:00,False
previously_viewed_2025_2026,chop_h4,public,cost1,BTCUSDT,13,0,25.921631013858264,25.921631013858264,0.46153846153846156,1.6944475903382474,14.267814162,-1.4401048241416001,11859.770260000001,8,False,,,True,2025-09-22T09:26:00+00:00,False
previously_viewed_2025_2026,chop_h4,public,cost1,ETHUSDT,33,0,-32.77110367623497,-32.77110367623497,0.42424242424242425,0.7765676539631984,22.640314139999997,-0.41468953623500004,18908.4218,19,False,,,True,2025-09-22T09:26:00+00:00,False
previously_viewed_2025_2026,chop_h4,public,cost2,PORTFOLIO,41,0,-38.7288876942309,-38.7288876942309,0.43902439024390244,0.7515662004643758,49.430923236,-3.176014458231,20607.29389,21,False,0.10620092562401906,1003.4611123057691,True,2025-08-24T09:41:00+00:00,False
previously_viewed_2025_2026,chop_h4,public,cost2,BTCUSDT,12,0,3.904329019886143,3.904329019886143,0.4166666666666667,1.1114383937466608,20.370852396,-2.385168584114,8474.52499,7,False,,,True,2025-08-24T09:41:00+00:00,False
previously_viewed_2025_2026,chop_h4,public,cost2,ETHUSDT,29,0,-42.63321671411705,-42.63321671411705,0.4482758620689655,0.6472407854504246,29.060070839999998,-0.7908458741170001,12132.768900000001,17,False,,,True,2025-08-24T09:41:00+00:00,False
previously_viewed_2025_2026,chop_h1,public,cost1,PORTFOLIO,101,0,56.80034750197654,56.80034750197654,0.33663366336633666,1.165648907424606,53.453364834,-1.1265176640242003,44538.241480000004,57,True,0.08924420822634571,1009.7190777693023,False,,False
previously_viewed_2025_2026,chop_h1,public,cost1,BTCUSDT,43,0,-49.76939622451737,-49.76939622451737,0.2558139534883721,0.712219633612808,30.820594974,0.16626874948179995,25697.772880000004,30,False,,,False,,False
previously_viewed_2025_2026,chop_h1,public,cost1,ETHUSDT,58,0,106.56974372649391,106.56974372649391,0.39655172413793105,1.6270516019244474,22.63276986,-1.292786413506,18840.4686,42,False,,,False,,False
previously_viewed_2025_2026,chop_h1,public,cost2,PORTFOLIO,57,0,-71.06251055771939,-71.06251055771939,0.2631578947368421,0.6688082385989649,46.344175224,-2.6238553337195003,19290.98978,35,False,0.10670224856175849,971.1274894422806,True,2025-12-15T13:26:00+00:00,False
previously_viewed_2025_2026,chop_h1,public,cost2,BTCUSDT,21,0,-69.42156252089761,-69.42156252089761,0.19047619047619047,0.22633576711237474,20.915422584,-1.1016599368975002,8705.74308,15,False,,,True,2025-12-15T13:26:00+00:00,False
previously_viewed_2025_2026,chop_h1,public,cost2,ETHUSDT,36,0,-1.6409480368217801,-1.6409480368217801,0.3055555555555556,0.9868550844430013,25.42875264,-1.5221953968220001,10585.246700000002,26,False,,,True,2025-12-15T13:26:00+00:00,False
previously_viewed_2025_2026,chop_m30,public,cost1,PORTFOLIO,55,0,-74.678789899971,-74.678789899971,0.23636363636363636,0.541096204937302,21.145465674,-1.3599542259712,17617.522680000002,35,False,0.10247497478300964,967.5112101000291,True,2025-11-19T17:41:00+00:00,False
previously_viewed_2025_2026,chop_m30,public,cost1,BTCUSDT,16,0,-32.35301092003626,-32.35301092003626,0.25,0.3506521903808704,7.281225294,-0.7851156260362,6077.2202800000005,14,False,,,True,2025-11-19T17:41:00+00:00,False
previously_viewed_2025_2026,chop_m30,public,cost1,ETHUSDT,39,0,-42.32577897993474,-42.32577897993474,0.23076923076923078,0.6251341731569673,13.86424038,-0.5748385999350001,11540.3024,27,False,,,True,2025-11-19T17:41:00+00:00,False
previously_viewed_2025_2026,chop_m30,public,cost2,PORTFOLIO,50,0,-90.36792103895513,-90.36792103895513,0.22,0.4304332048737314,35.116613868,-2.5149571709554004,14630.099900000001,33,False,0.10147966085879004,951.822078961045,True,2025-10-20T05:56:00+00:00,False
previously_viewed_2025_2026,chop_m30,public,cost2,BTCUSDT,14,0,-33.71818044989744,-33.71818044989744,0.14285714285714285,0.24720426999223932,11.659351068000001,-1.4438793818974003,4865.4998000000005,13,False,,,True,2025-10-20T05:56:00+00:00,False
previously_viewed_2025_2026,chop_m30,public,cost2,ETHUSDT,36,0,-56.64974058905769,-56.64974058905769,0.25,0.5025059416140133,23.4572628,-1.071077789058,9764.6001,25,False,,,True,2025-10-20T05:56:00+00:00,False
previously_viewed_2025_2026,chop_m15,public,cost1,PORTFOLIO,51,0,-77.43363556848838,-77.43363556848838,0.23529411764705882,0.5772732115192132,22.105562034,-1.2454835344883002,18473.37139,20,False,0.10046653681173413,958.0138888101352,True,2025-05-29T08:21:00+00:00,False
previously_viewed_2025_2026,chop_m15,public,cost1,BTCUSDT,25,0,-76.3129943704163,-76.3129943704163,0.2,0.28247416845606,14.210914974,-1.1373893964163,11872.91149,11,False,,,True,2025-05-29T08:21:00+00:00,False
previously_viewed_2025_2026,chop_m15,public,cost1,ETHUSDT,26,0,-1.1206411980720794,-1.1206411980720794,0.2692307692307692,0.9854122699140949,7.89464706,-0.108094138072,6600.4599,13,False,,,True,2025-05-29T08:21:00+00:00,False
previously_viewed_2025_2026,chop_m15,public,cost2,PORTFOLIO,49,0,-105.52973519327247,-105.52973519327247,0.1836734693877551,0.4302217938351635,36.212992476000004,-2.2621327172724,15136.193570000001,19,False,0.10385061002534232,936.6602648067275,True,2025-05-25T20:01:00+00:00,False
previously_viewed_2025_2026,chop_m15,public,cost2,BTCUSDT,25,0,-94.83445475431537,-94.83445475431537,0.12,0.17973909307101193,24.239753076,-2.0283916783154,10134.18027,11,False,,,True,2025-05-25T20:01:00+00:00,False
previously_viewed_2025_2026,chop_m15,public,cost2,ETHUSDT,24,0,-10.695280438957091,-10.695280438957091,0.25,0.8463254801477506,11.973239399999999,-0.233741038957,5002.0133000000005,12,False,,,True,2025-05-25T20:01:00+00:00,False
previously_viewed_2025_2026,chop_m5,public,cost1,PORTFOLIO,30,0,-90.08253572948433,-90.08253572948433,0.26666666666666666,0.3595087585256315,19.440031722,-1.8896340074847,16200.417270000002,7,False,0.1011568913223168,951.8621935617382,True,2025-02-11T13:51:00+00:00,False
previously_viewed_2025_2026,chop_m5,public,cost1,BTCUSDT,24,0,-54.217281725538335,-54.217281725538335,0.2916666666666667,0.47284151661349655,17.470977042,-1.9790346835387,14576.531170000002,7,False,,,True,2025-02-11T13:51:00+00:00,False
previously_viewed_2025_2026,chop_m5,public,cost1,ETHUSDT,6,0,-35.865254003946,-35.865254003946,0.16666666666666666,0.05112963485016308,1.96905468,0.08940067605400001,1623.8861000000002,2,False,,,True,2025-02-11T13:51:00+00:00,False
previously_viewed_2025_2026,chop_m5,public,cost2,PORTFOLIO,28,0,-99.86199172279008,-99.86199172279008,0.25,0.25864866020935967,30.619303368,-3.0776883547902,12768.713670000001,7,False,0.10115312035977653,941.430559537486,True,2025-02-10T01:46:00+00:00,False
previously_viewed_2025_2026,chop_m5,public,cost2,BTCUSDT,23,0,-74.71215719725208,-74.71215719725208,0.2608695652173913,0.3067574835453666,27.816170448,-3.1428867492522,11611.947570000002,6,False,,,True,2025-02-10T01:46:00+00:00,False
previously_viewed_2025_2026,chop_m5,public,cost2,ETHUSDT,5,0,-25.149834525537997,-25.149834525537997,0.2,0.06612481645272852,2.80313292,0.065198394462,1156.7661,2,False,,,True,2025-02-10T01:46:00+00:00,False
previously_viewed_2025_2026,chop_m3,public,cost1,PORTFOLIO,29,0,-78.50649275795072,-78.50649275795072,0.3103448275862069,0.47323736481028894,21.819854994,-2.0063277639509,18198.667350000003,6,False,0.10455127537875471,963.6835072420494,True,2025-02-07T03:41:00+00:00,False
previously_viewed_2025_2026,chop_m3,public,cost1,BTCUSDT,26,0,-65.93969933187671,-65.93969933187671,0.3076923076923077,0.5078405361060772,21.140561814,-2.0041275178769,17638.53235,6,False,,,True,2025-02-07T03:41:00+00:00,False
previously_viewed_2025_2026,chop_m3,public,cost1,ETHUSDT,3,0,-12.566793426074003,-12.566793426074003,0.3333333333333333,0.16529935638148774,0.67929318,-0.0022002460739999983,560.1350000000001,1,False,,,True,2025-02-07T03:41:00+00:00,False
previously_viewed_2025_2026,chop_m3,public,cost2,PORTFOLIO,29,0,-107.0620528042794,-107.0620528042794,0.20689655172413793,0.30531079915713955,35.074645824,-3.2658069802792005,14638.479360000001,6,False,0.1074334262023008,935.1279471957206,True,2025-02-07T03:41:00+00:00,False
previously_viewed_2025_2026,chop_m3,public,cost2,BTCUSDT,26,0,-95.57059260745538,-95.57059260745538,0.19230769230769232,0.31875172305439087,33.910717344,-3.2554752634552004,14158.667760000002,6,False,,,True,2025-02-07T03:41:00+00:00,False
previously_viewed_2025_2026,chop_m3,public,cost2,ETHUSDT,3,0,-11.491460196824011,-11.491460196824011,0.3333333333333333,0.16894609987802497,1.16392848,-0.010331716824,479.8116,1,False,,,True,2025-02-07T03:41:00+00:00,False
previously_viewed_2025_2026,chop_m1,public,cost1,PORTFOLIO,30,0,-65.71519461834316,-65.71519461834316,0.26666666666666666,0.5906154855114406,26.242001772000002,-2.4204928463436,21884.43216,6,False,0.1019136654028181,976.4748053816569,True,2025-02-06T22:16:00+00:00,False
previously_viewed_2025_2026,chop_m1,public,cost1,BTCUSDT,28,0,-63.01267161649914,-63.01267161649914,0.25,0.5957793570907891,25.982121972,-2.4068496444996,21669.08016,6,False,,,True,2025-02-06T22:16:00+00:00,False
previously_viewed_2025_2026,chop_m1,public,cost1,ETHUSDT,2,0,-2.702523001844014,-2.702523001844014,0.5,0.4169456010908408,0.25987979999999994,-0.013643201843999999,215.352,1,False,,,True,2025-02-06T22:16:00+00:00,False
previously_viewed_2025_2026,chop_m1,public,cost2,PORTFOLIO,30,0,-101.04595040841735,-101.04595040841735,0.26666666666666666,0.39174454131451814,41.23612776,-3.8988626484174005,17206.877780000003,6,False,0.10895076616697315,941.1440495915826,True,2025-02-06T22:16:00+00:00,False
previously_viewed_2025_2026,chop_m1,public,cost2,BTCUSDT,28,0,-97.70130224472935,-97.70130224472935,0.25,0.39315496974610104,40.716366,-3.8715762447294004,16991.70918,6,False,,,True,2025-02-06T22:16:00+00:00,False
previously_viewed_2025_2026,chop_m1,public,cost2,ETHUSDT,2,0,-3.344648163688001,-3.344648163688001,0.5,0.3474405065200226,0.5197617599999999,-0.027286403687999998,215.1686,1,False,,,True,2025-02-06T22:16:00+00:00,False
previously_viewed_2025_2026,cci_w_chop_w,public,cost1,PORTFOLIO,48,0,-83.29903767899361,-83.29903767899361,0.2708333333333333,0.6779070554904604,46.932155724,-2.9574619549933003,39117.75927,10,False,0.1048255186314489,958.2770130229734,True,2026-09-14T03:11:00+00:00,False
previously_viewed_2025_2026,cci_w_chop_w,public,cost1,BTCUSDT,13,0,-43.69678368729013,-43.69678368729013,0.3076923076923077,0.3463559601022454,15.456377124000001,-1.0397865632903,12884.839370000002,2,False,,,True,2026-09-14T03:11:00+00:00,False
previously_viewed_2025_2026,cci_w_chop_w,public,cost1,ETHUSDT,35,0,-39.60225399170349,-39.60225399170349,0.2571428571428571,0.7934876215532995,31.475778599999998,-1.917675391703,26232.9199,8,False,,,True,2026-09-14T03:11:00+00:00,False
previously_viewed_2025_2026,cci_w_chop_w,public,cost2,PORTFOLIO,31,0,-86.91923904397602,-86.91923904397602,0.25806451612903225,0.5035976034942508,46.833474444,-3.0885545999760002,19532.44629,7,False,0.10061300322396531,955.270760956024,True,2025-09-06T12:11:00+00:00,False
previously_viewed_2025_2026,cci_w_chop_w,public,cost2,BTCUSDT,8,0,-47.36044350199997,-47.36044350199997,0.125,0.11475597958279851,18.000394044,-1.5046394580000002,7514.091890000001,1,False,,,True,2025-09-06T12:11:00+00:00,False
previously_viewed_2025_2026,cci_w_chop_w,public,cost2,ETHUSDT,23,0,-39.558795541976046,-39.558795541976046,0.30434782608695654,0.6746768724300777,28.833080399999997,-1.583915141976,12018.3544,6,False,,,True,2025-09-06T12:11:00+00:00,False
previously_viewed_2025_2026,cci_w_chop_d,public,cost1,PORTFOLIO,39,0,16.885883285084873,16.885883285084873,0.2564102564102564,1.0758116584488646,34.76252037,-2.1250263449158,28874.32152,10,False,0.10183669765467539,1008.3355897869751,True,2026-02-08T10:26:00+00:00,False
previously_viewed_2025_2026,cci_w_chop_d,public,cost1,BTCUSDT,20,0,-91.13899194168047,-91.13899194168047,0.15,0.2944007167827585,20.64450171,-0.7258202316808001,17167.62292,6,False,,,True,2026-02-08T10:26:00+00:00,False
previously_viewed_2025_2026,cci_w_chop_d,public,cost1,ETHUSDT,19,0,108.02487522676535,108.02487522676535,0.3684210526315789,2.1544908029290464,14.118018659999999,-1.399206113235,11706.6986,6,False,,,True,2026-02-08T10:26:00+00:00,False
previously_viewed_2025_2026,cci_w_chop_d,public,cost2,PORTFOLIO,31,0,-28.634471368785764,-28.634471368785764,0.25806451612903225,0.8419117092771894,46.595015592,-3.3942757767860003,19345.68642,10,False,0.10815862029960148,1006.2008030978201,True,2026-02-03T06:11:00+00:00,False
previously_viewed_2025_2026,cci_w_chop_d,public,cost2,BTCUSDT,17,0,-90.3341745167778,-90.3341745167778,0.11764705882352941,0.2034612099296864,29.520593232000003,-1.232901284778,12280.962520000001,6,False,,,True,2026-02-03T06:11:00+00:00,False
previously_viewed_2025_2026,cci_w_chop_d,public,cost2,ETHUSDT,14,0,61.699703147992025,61.699703147992025,0.42857142857142855,1.9110835501927026,17.07442236,-2.1613744920080005,7064.7239,6,False,,,True,2026-02-03T06:11:00+00:00,False
previously_viewed_2025_2026,cci_w_chop_h12,public,cost1,PORTFOLIO,31,0,133.73484429190353,133.73484429190353,0.3548387096774194,1.864779656004143,22.930804014,-2.0582416940967003,19062.90837,12,False,0.07017973816783536,990.0303868041941,True,2026-02-06T07:06:00+00:00,False
previously_viewed_2025_2026,cci_w_chop_h12,public,cost1,BTCUSDT,11,0,13.340998289818655,13.340998289818655,0.36363636363636365,1.2369206923383205,10.314061554,-0.5425301561817001,8619.26337,5,False,,,True,2026-02-06T07:06:00+00:00,False
previously_viewed_2025_2026,cci_w_chop_h12,public,cost1,ETHUSDT,20,0,120.39384600208486,120.39384600208486,0.35,2.2243088191615974,12.61674246,-1.5157115379150001,10443.645,9,False,,,True,2026-02-06T07:06:00+00:00,False
previously_viewed_2025_2026,cci_w_chop_h12,public,cost2,PORTFOLIO,31,0,140.17797957545807,140.17797957545807,0.3225806451612903,1.8875733599941997,37.909480932,-3.5975294925420003,15788.22802,12,False,0.0682177542460517,987.021379869774,True,2026-02-06T07:06:00+00:00,False
previously_viewed_2025_2026,cci_w_chop_h12,public,cost2,BTCUSDT,11,0,55.353170011543,55.353170011543,0.2727272727272727,1.9428403540059644,17.067387012,-0.9246329764570002,7165.545520000001,5,False,,,True,2026-02-06T07:06:00+00:00,False
previously_viewed_2025_2026,cci_w_chop_h12,public,cost2,ETHUSDT,20,0,84.82480956391507,84.82480956391507,0.35,1.8548732645102122,20.84209392,-2.6728965160850002,8622.6825,9,False,,,True,2026-02-06T07:06:00+00:00,False
previously_viewed_2025_2026,cci_w_chop_h6,public,cost1,PORTFOLIO,33,0,-57.7507075305584,-57.7507075305584,0.3333333333333333,0.6359666063909797,24.147015065999998,-0.5349824645587,20101.411040000003,16,False,0.10512032942462064,984.4392924694416,True,2026-02-07T07:01:00+00:00,False
previously_viewed_2025_2026,cci_w_chop_h6,public,cost1,BTCUSDT,10,0,-16.775506698218482,-16.775506698218482,0.2,0.6267057735621123,7.274335806,-0.13756089221870002,6035.84964,6,False,,,True,2026-02-07T07:01:00+00:00,False
previously_viewed_2025_2026,cci_w_chop_h6,public,cost1,ETHUSDT,23,0,-40.975200832339915,-40.975200832339915,0.391304347826087,0.639626814645463,16.872679259999998,-0.39742157234000003,14065.5614,13,False,,,True,2026-02-07T07:01:00+00:00,False
previously_viewed_2025_2026,cci_w_chop_h6,public,cost2,PORTFOLIO,26,0,-69.34620319209439,-69.34620319209439,0.3076923076923077,0.4822795789950418,34.314438384,-1.2321648080942,14285.921100000001,14,False,0.10209718713725001,972.8437968079056,True,2025-12-04T19:16:00+00:00,False
previously_viewed_2025_2026,cci_w_chop_h6,public,cost2,BTCUSDT,5,0,-9.460971743401172,-9.460971743401172,0.2,0.6194067123986939,8.106394104,-0.35447763940120003,3362.2093000000004,4,False,,,True,2025-12-04T19:16:00+00:00,False
previously_viewed_2025_2026,cci_w_chop_h6,public,cost2,ETHUSDT,21,0,-59.88523144869322,-59.88523144869322,0.3333333333333333,0.4510313178710414,26.20804428,-0.877687168693,10923.711800000001,12,False,,,True,2025-12-04T19:16:00+00:00,False
previously_viewed_2025_2026,cci_w_chop_h4,public,cost1,PORTFOLIO,44,0,-79.35850867653852,-79.35850867653852,0.29545454545454547,0.6111727340129458,30.947683494,-0.3065951825387,25761.62991,21,False,0.1055810444776044,962.8314913234615,True,2026-08-31T05:21:00+00:00,False
previously_viewed_2025_2026,cci_w_chop_h4,public,cost1,BTCUSDT,13,0,0.3539664304534691,0.3539664304534691,0.23076923076923078,1.005902249009743,9.479322594000001,0.1998190244533,7886.573810000002,7,False,,,True,2026-08-31T05:21:00+00:00,False
previously_viewed_2025_2026,cci_w_chop_h4,public,cost1,ETHUSDT,31,0,-79.71247510699199,-79.71247510699199,0.3225806451612903,0.44692365714749754,21.4683609,-0.506414206992,17875.0561,18,False,,,True,2026-08-31T05:21:00+00:00,False
previously_viewed_2025_2026,cci_w_chop_h4,public,cost2,PORTFOLIO,36,0,-105.69803896549159,-105.69803896549159,0.2777777777777778,0.4112417278146742,41.515350395999995,-0.9011385694914001,17274.35265,18,False,0.11561739879280845,936.4919610345084,True,2026-02-23T04:41:00+00:00,False
previously_viewed_2025_2026,cci_w_chop_h4,public,cost2,BTCUSDT,11,0,-26.67699175437135,-26.67699175437135,0.18181818181818182,0.5584288045593274,13.106415036,-0.024626718371400014,5441.831050000001,6,False,,,True,2026-02-23T04:41:00+00:00,False
previously_viewed_2025_2026,cci_w_chop_h4,public,cost2,ETHUSDT,25,0,-79.02104721112025,-79.02104721112025,0.32,0.33658899908627316,28.408935359999997,-0.8765118511200001,11832.5216,15,False,,,True,2026-02-23T04:41:00+00:00,False
previously_viewed_2025_2026,cci_w_chop_h1,public,cost1,PORTFOLIO,53,0,-29.241295415622734,-29.241295415622734,0.3018867924528302,0.8531437651344379,29.38280349,-0.5018619256233001,24444.927040000002,32,False,0.09348635780403856,1010.0263965730493,False,,False
previously_viewed_2025_2026,cci_w_chop_h1,public,cost1,BTCUSDT,21,0,-43.06695830639667,-43.06695830639667,0.14285714285714285,0.5699026028280014,15.46686477,0.3687364636027,12879.150640000002,14,False,,,False,,False
previously_viewed_2025_2026,cci_w_chop_h1,public,cost1,ETHUSDT,32,0,13.82566289077394,13.82566289077394,0.40625,1.1396784521474015,13.91593872,-0.8705983892260001,11565.7764,24,False,,,False,,False
previously_viewed_2025_2026,cci_w_chop_h1,public,cost2,PORTFOLIO,48,0,-62.022971051864545,-62.022971051864545,0.22916666666666666,0.6804198527120444,45.615034535999996,-1.4469965158645002,18961.340780000002,28,False,0.10400744735985794,980.1670289481356,True,2026-07-06T13:06:00+00:00,False
previously_viewed_2025_2026,cci_w_chop_h1,public,cost2,BTCUSDT,20,0,-58.44156562685666,-58.44156562685666,0.15,0.4084519426165157,24.036519936,0.1581943091435,10003.12598,13,False,,,True,2026-07-06T13:06:00+00:00,False
previously_viewed_2025_2026,cci_w_chop_h1,public,cost2,ETHUSDT,28,0,-3.581405425007884,-3.581405425007884,0.2857142857142857,0.9624126254632065,21.5785146,-1.6051908250080003,8958.2148,21,False,,,True,2026-07-06T13:06:00+00:00,False
previously_viewed_2025_2026,cci_w_chop_m30,public,cost1,PORTFOLIO,46,0,-67.66742975905424,-67.66742975905424,0.30434782608695654,0.5647245329083811,17.720356854,-0.7512829050545001,14752.08085,25,False,0.1069435111439198,966.0662216650248,True,2026-02-23T14:26:00+00:00,False
previously_viewed_2025_2026,cci_w_chop_m30,public,cost1,BTCUSDT,19,0,-36.351130122175405,-36.351130122175405,0.3157894736842105,0.35341076562798723,7.9429727340000005,-0.21096738817550004,6616.047450000001,14,False,,,True,2026-02-23T14:26:00+00:00,False
previously_viewed_2025_2026,cci_w_chop_m30,public,cost1,ETHUSDT,27,0,-31.316299636878846,-31.316299636878846,0.2962962962962963,0.6844357002242311,9.777384119999999,-0.540315516879,8136.0334,17,False,,,True,2026-02-23T14:26:00+00:00,False
previously_viewed_2025_2026,cci_w_chop_m30,public,cost2,PORTFOLIO,43,0,-89.34153891435996,-89.34153891435996,0.27906976744186046,0.42640201982869613,30.073733748,-1.4575551663603001,12518.597930000002,23,False,0.10917444275700629,950.2630367743941,True,2026-02-19T14:36:00+00:00,False
previously_viewed_2025_2026,cci_w_chop_m30,public,cost2,BTCUSDT,17,0,-42.01438943442929,-42.01438943442929,0.23529411764705882,0.22400591052840477,12.685805748,-0.5477336864293,5284.35123,12,False,,,True,2026-02-19T14:36:00+00:00,False
previously_viewed_2025_2026,cci_w_chop_m30,public,cost2,ETHUSDT,26,0,-47.32714947993066,-47.32714947993066,0.3076923076923077,0.5342444153484035,17.387928,-0.909821479931,7234.246700000001,16,False,,,True,2026-02-19T14:36:00+00:00,False
previously_viewed_2025_2026,cci_w_chop_m15,public,cost1,PORTFOLIO,24,0,-5.032241571525248,-5.032241571525248,0.25,0.942179665683456,11.685254022,-0.5188175495252,9782.09807,11,False,0.10031244818376356,1027.469509184482,True,2025-07-25T19:46:00+00:00,False
previously_viewed_2025_2026,cci_w_chop_m15,public,cost1,BTCUSDT,8,0,-46.01602507554622,-46.01602507554622,0.0,0.0,5.9368480020000005,-0.26030707354620003,4967.282770000001,5,False,,,True,2025-07-25T19:46:00+00:00,False
previously_viewed_2025_2026,cci_w_chop_m15,public,cost1,ETHUSDT,16,0,40.98378350402097,40.98378350402097,0.375,1.9992057808368455,5.74840602,-0.258510475979,4814.8153,8,False,,,True,2025-07-25T19:46:00+00:00,False
previously_viewed_2025_2026,cci_w_chop_m15,public,cost2,PORTFOLIO,24,0,-27.06451332323351,-27.06451332323351,0.25,0.713587209596991,20.085730116,-0.9617732072336,8407.74982,11,False,0.10051337500920594,1015.1254866767665,True,2025-07-25T19:46:00+00:00,False
previously_viewed_2025_2026,cci_w_chop_m15,public,cost2,BTCUSDT,8,0,-50.47443047084249,-50.47443047084249,0.0,0.0,9.920421996,-0.4500984748426,4153.56112,5,False,,,True,2025-07-25T19:46:00+00:00,False
previously_viewed_2025_2026,cci_w_chop_m15,public,cost2,ETHUSDT,16,0,23.409917147608983,23.409917147608983,0.375,1.5317976332741916,10.165308119999999,-0.511674732391,4254.188700000001,8,False,,,True,2025-07-25T19:46:00+00:00,False
previously_viewed_2025_2026,cci_w_chop_m5,public,cost1,PORTFOLIO,35,0,9.216061067361668,9.216061067361668,0.3142857142857143,1.0644732077351924,23.72112678,0.022847847361599963,19791.289080000002,10,False,0.10041946731780108,1010.0998225430111,True,2025-05-26T15:36:00+00:00,False
previously_viewed_2025_2026,cci_w_chop_m5,public,cost1,BTCUSDT,4,0,-9.601298014274363,-9.601298014274363,0.25,0.19696959000221728,2.09562942,-0.2794085942744,1749.9709800000003,1,False,,,True,2025-05-26T15:36:00+00:00,False
previously_viewed_2025_2026,cci_w_chop_m5,public,cost1,ETHUSDT,31,0,18.81735908163603,18.81735908163603,0.3225806451612903,1.1436574370959647,21.62549736,0.302256441636,18041.3181,9,False,,,True,2025-05-26T15:36:00+00:00,False
previously_viewed_2025_2026,cci_w_chop_m5,public,cost2,PORTFOLIO,33,0,-35.123315560092855,-35.123315560092855,0.24242424242424243,0.7714173842785477,37.598544251999996,-0.20084130809260006,15673.666570000001,10,False,0.10414816009001712,999.054026155623,True,2025-05-21T23:21:00+00:00,False
previously_viewed_2025_2026,cci_w_chop_m5,public,cost2,BTCUSDT,2,0,-8.108588085489595,-8.108588085489595,0.0,0.0,1.6569217319999998,-0.18323635348960005,693.51827,1,False,,,True,2025-05-21T23:21:00+00:00,False
previously_viewed_2025_2026,cci_w_chop_m5,public,cost2,ETHUSDT,31,0,-27.01472747460326,-27.01472747460326,0.25806451612903225,0.8143935072917706,35.941622519999996,-0.01760495460300001,14980.1483,9,False,,,True,2025-05-21T23:21:00+00:00,False
previously_viewed_2025_2026,cci_w_chop_m3,public,cost1,PORTFOLIO,38,0,6.042479558497931,6.042479558497931,0.3157894736842105,1.0356833895113555,29.067134747999997,0.28923430649799997,24246.0265,10,False,0.10386428297182762,1012.8308292626741,True,2025-05-21T22:46:00+00:00,False
previously_viewed_2025_2026,cci_w_chop_m3,public,cost1,BTCUSDT,2,0,-7.080627446777021,-7.080627446777021,0.0,0.0,0.968759148,-0.107848298777,810.3013000000001,1,False,,,True,2025-05-21T22:46:00+00:00,False
previously_viewed_2025_2026,cci_w_chop_m3,public,cost1,ETHUSDT,36,0,13.123107005274953,13.123107005274953,0.3333333333333333,1.0808793776391155,28.098375599999997,0.397082605275,23435.7252,9,False,,,True,2025-05-21T22:46:00+00:00,False
previously_viewed_2025_2026,cci_w_chop_m3,public,cost2,PORTFOLIO,35,0,-35.09870011051922,-35.09870011051922,0.2857142857142857,0.7913059377615105,44.24707212,0.073072009481,18440.8177,8,False,0.10019094591001904,997.9398486967139,True,2025-04-27T12:36:00+00:00,False
previously_viewed_2025_2026,cci_w_chop_m3,public,cost2,BTCUSDT,0,0,0,0,,,0,0,0,0,False,,,True,2025-04-27T12:36:00+00:00,False
previously_viewed_2025_2026,cci_w_chop_m3,public,cost2,ETHUSDT,35,0,-35.09870011051922,-35.09870011051922,0.2857142857142857,0.7913059377615105,44.24707212,0.073072009481,18440.8177,8,False,,,True,2025-04-27T12:36:00+00:00,False
previously_viewed_2025_2026,cci_w_chop_m1,public,cost1,PORTFOLIO,41,0,-9.591889753124722,-9.591889753124722,0.34146341463414637,0.9518514420083829,35.3395197,0.46132994687499995,29462.2429,9,False,0.10514772744145894,995.8369436967292,True,2025-05-19T17:01:00+00:00,False
previously_viewed_2025_2026,cci_w_chop_m1,public,cost1,BTCUSDT,0,0,0,0,,,0,0,0,0,False,,,True,2025-05-19T17:01:00+00:00,False
previously_viewed_2025_2026,cci_w_chop_m1,public,cost1,ETHUSDT,41,0,-9.591889753124722,-9.591889753124722,0.34146341463414637,0.9518514420083829,35.3395197,0.46132994687499995,29462.2429,9,False,,,True,2025-05-19T17:01:00+00:00,False
previously_viewed_2025_2026,cci_w_chop_m1,public,cost2,PORTFOLIO,40,0,-67.03664508020819,-67.03664508020819,0.3,0.6710008293707038,55.4767872,0.135742119792,23109.4802,8,False,0.1071436511915534,975.1533549197918,True,2025-04-27T12:36:00+00:00,False
previously_viewed_2025_2026,cci_w_chop_m1,public,cost2,BTCUSDT,0,0,0,0,,,0,0,0,0,False,,,True,2025-04-27T12:36:00+00:00,False
previously_viewed_2025_2026,cci_w_chop_m1,public,cost2,ETHUSDT,40,0,-67.03664508020819,-67.03664508020819,0.3,0.6710008293707038,55.4767872,0.135742119792,23109.4802,8,False,,,True,2025-04-27T12:36:00+00:00,False
previously_viewed_2025_2026,cci_d_chop_w,public,cost1,PORTFOLIO,17,0,-92.99599012408777,-92.99599012408777,0.11764705882352941,0.13322596851411217,18.233767278,-1.189552846088,15231.592400000001,7,False,0.10269027002696707,949.1940098759122,True,2026-09-20T11:56:00+00:00,False
previously_viewed_2025_2026,cci_d_chop_w,public,cost1,BTCUSDT,6,0,-18.530608345999912,-18.530608345999912,0.3333333333333333,0.4354622591179485,7.377532158000001,-0.6510061880000001,6153.1945000000005,2,False,,,True,2026-09-20T11:56:00+00:00,False
previously_viewed_2025_2026,cci_d_chop_w,public,cost1,ETHUSDT,11,0,-74.46538177808785,-74.46538177808785,0.0,0.0,10.85623512,-0.5385466580880001,9078.3979,5,False,,,True,2026-09-20T11:56:00+00:00,False
previously_viewed_2025_2026,cci_d_chop_w,public,cost2,PORTFOLIO,16,0,-98.07336788264817,-98.07336788264817,0.0625,0.05891244204837621,26.182530204,-1.8784676786480001,10944.39377,7,False,0.10239504584201707,944.1166321173519,True,2026-09-20T09:41:00+00:00,False
previously_viewed_2025_2026,cci_d_chop_w,public,cost2,BTCUSDT,6,0,-28.810019062000013,-28.810019062000013,0.16666666666666666,0.17566601274498733,11.214432444000002,-1.0054166180000002,4680.975270000001,2,False,,,True,2026-09-20T09:41:00+00:00,False
previously_viewed_2025_2026,cci_d_chop_w,public,cost2,ETHUSDT,10,0,-69.26334882064816,-69.26334882064816,0.0,0.0,14.96809776,-0.873051060648,6263.4185,5,False,,,True,2026-09-20T09:41:00+00:00,False
previously_viewed_2025_2026,cci_d_chop_d,public,cost1,PORTFOLIO,48,0,44.39551572578009,44.39551572578009,0.3125,1.1949368200344308,39.219319014,-2.9518752602201004,32612.218910000003,14,False,0.08008110046387605,984.4828458711804,True,2026-02-08T23:26:00+00:00,False
previously_viewed_2025_2026,cci_d_chop_d,public,cost1,BTCUSDT,16,0,-46.61667089898476,-46.61667089898476,0.3125,0.3369845293409856,16.381292454,-1.4878884449851002,13631.10481,7,False,,,True,2026-02-08T23:26:00+00:00,False
previously_viewed_2025_2026,cci_d_chop_d,public,cost1,ETHUSDT,32,0,91.01218662476485,91.01218662476485,0.3125,1.5781010022268271,22.83802656,-1.4639868152350002,18981.1141,10,False,,,True,2026-02-08T23:26:00+00:00,False
previously_viewed_2025_2026,cci_d_chop_d,public,cost2,PORTFOLIO,48,0,-31.6112058166828,-31.6112058166828,0.22916666666666666,0.8685986049188538,61.727278596,-4.9931772206828,25664.03003,14,False,0.09463324347786187,964.1347864619303,True,2026-02-08T23:26:00+00:00,False
previously_viewed_2025_2026,cci_d_chop_d,public,cost2,BTCUSDT,16,0,-69.28193326640385,-69.28193326640385,0.125,0.09903976308467982,24.581606196,-2.2881770704038003,10229.937530000001,7,False,,,True,2026-02-08T23:26:00+00:00,False
previously_viewed_2025_2026,cci_d_chop_d,public,cost2,ETHUSDT,32,0,37.670727449721056,37.670727449721056,0.28125,1.230160007806198,37.145672399999995,-2.705000150279,15434.0925,10,False,,,True,2026-02-08T23:26:00+00:00,False
previously_viewed_2025_2026,cci_d_chop_h12,public,cost1,PORTFOLIO,19,0,-105.12739564425421,-105.12739564425421,0.10526315789473684,0.0726487955054844,13.300329498,-0.291336146254,11075.860380000002,7,False,0.1028398662188457,937.0626043557459,True,2025-05-12T00:11:00+00:00,False
previously_viewed_2025_2026,cci_d_chop_h12,public,cost1,BTCUSDT,8,0,-45.660917339000136,-45.660917339000136,0.0,0.0,7.252983378000001,-0.38760396100000005,6063.162980000001,3,False,,,True,2025-05-12T00:11:00+00:00,False
previously_viewed_2025_2026,cci_d_chop_h12,public,cost1,ETHUSDT,11,0,-59.46647830525407,-59.46647830525407,0.18181818181818182,0.12164590510236305,6.047346119999999,0.09626781474600002,5012.6974,4,False,,,True,2025-05-12T00:11:00+00:00,False
previously_viewed_2025_2026,cci_d_chop_h12,public,cost2,PORTFOLIO,18,0,-104.87494600990316,-104.87494600990316,0.1111111111111111,0.055021758579829376,19.886885268,-0.43343074190300007,8276.81911,7,False,0.10148184949975288,936.9729538680967,True,2025-05-11T09:16:00+00:00,False
previously_viewed_2025_2026,cci_d_chop_h12,public,cost2,BTCUSDT,7,0,-43.03445658000005,-43.03445658000005,0.0,0.0,9.677298468,-0.46292811200000006,4048.6548100000005,3,False,,,True,2025-05-11T09:16:00+00:00,False
previously_viewed_2025_2026,cci_d_chop_h12,public,cost2,ETHUSDT,11,0,-61.840489429903116,-61.840489429903116,0.18181818181818182,0.08987003364371281,10.2095868,0.029497370096999997,4228.1643,4,False,,,True,2025-05-11T09:16:00+00:00,False
previously_viewed_2025_2026,cci_d_chop_h6,public,cost1,PORTFOLIO,31,0,-26.04795909938847,-26.04795909938847,0.3870967741935484,0.7927512896673345,25.00392057,-2.0338885293885003,20872.32385,16,False,0.1034999459060534,1016.1420409006116,True,2025-10-11T13:36:00+00:00,False
previously_viewed_2025_2026,cci_d_chop_h6,public,cost1,BTCUSDT,8,0,9.221150831546435,9.221150831546435,0.5,1.4665600921010034,8.87976849,-1.5269306784535002,7389.99315,4,False,,,True,2025-10-11T13:36:00+00:00,False
previously_viewed_2025_2026,cci_d_chop_h6,public,cost1,ETHUSDT,23,0,-35.2691099309349,-35.2691099309349,0.34782608695652173,0.6670225596431135,16.124152079999998,-0.506957850935,13482.3307,13,False,,,True,2025-10-11T13:36:00+00:00,False
previously_viewed_2025_2026,cci_d_chop_h6,public,cost2,PORTFOLIO,29,0,-51.79092810107089,-51.79092810107089,0.3448275862068966,0.556911320101116,36.271605443999995,-3.2150526570710003,15142.55327,14,False,0.10401130705450766,990.3990718989292,True,2025-09-13T08:41:00+00:00,False
previously_viewed_2025_2026,cci_d_chop_h6,public,cost2,BTCUSDT,8,0,-10.412201582464816,-10.412201582464816,0.25,0.5896562195439183,13.401483683999999,-2.2836478984650004,5581.315070000001,4,False,,,True,2025-09-13T08:41:00+00:00,False
previously_viewed_2025_2026,cci_d_chop_h6,public,cost2,ETHUSDT,21,0,-41.37872651860607,-41.37872651860607,0.38095238095238093,0.5478318346806474,22.87012176,-0.931404758606,9561.238200000002,11,False,,,True,2025-09-13T08:41:00+00:00,False
previously_viewed_2025_2026,cci_d_chop_h4,public,cost1,PORTFOLIO,42,0,-51.34072961706374,-51.34072961706374,0.30952380952380953,0.7192420318330873,28.318457862,-1.6608217550643,23595.18643,24,False,0.10247280875613633,990.8492703829363,True,2026-06-01T16:11:00+00:00,False
previously_viewed_2025_2026,cci_d_chop_h4,public,cost1,BTCUSDT,12,0,-33.551738071017056,-33.551738071017056,0.25,0.23756488126147138,8.650969422000001,-0.9707186490173001,7197.413730000001,6,False,,,True,2026-06-01T16:11:00+00:00,False
previously_viewed_2025_2026,cci_d_chop_h4,public,cost1,ETHUSDT,30,0,-17.788991546046677,-17.788991546046677,0.3333333333333333,0.8718914193941939,19.66748844,-0.690103106047,16397.7727,20,False,,,True,2026-06-01T16:11:00+00:00,False
previously_viewed_2025_2026,cci_d_chop_h4,public,cost2,PORTFOLIO,31,0,-68.11320691439815,-68.11320691439815,0.3225806451612903,0.45968062737005955,32.648704584,-2.401262330398,13608.872710000001,19,False,0.10019848293102415,974.0767930856019,True,2026-01-26T03:26:00+00:00,False
previously_viewed_2025_2026,cci_d_chop_h4,public,cost2,BTCUSDT,8,0,-27.256619289463934,-27.256619289463934,0.125,0.04959383866106715,10.123970064,-1.383109225464,4219.42691,4,False,,,True,2026-01-26T03:26:00+00:00,False
previously_viewed_2025_2026,cci_d_chop_h4,public,cost2,ETHUSDT,23,0,-40.85658762493421,-40.85658762493421,0.391304347826087,0.5804507227898535,22.52473452,-1.018153104934,9389.4458,15,False,,,True,2026-01-26T03:26:00+00:00,False
previously_viewed_2025_2026,cci_d_chop_h1,public,cost1,PORTFOLIO,39,0,46.23992261639047,46.23992261639047,0.5128205128205128,1.401633256819209,18.316090722,-0.9117166616098001,15263.563510000002,25,False,0.053588434117261254,1018.8739640501717,False,,False
previously_viewed_2025_2026,cci_d_chop_h1,public,cost1,BTCUSDT,14,0,-12.561006284913564,-12.561006284913564,0.35714285714285715,0.799880244997717,7.731500142000001,-0.13613614291380005,6437.428610000001,9,False,,,False,,False
previously_viewed_2025_2026,cci_d_chop_h1,public,cost1,ETHUSDT,25,0,58.80092890130403,58.80092890130403,0.6,2.1229637574797753,10.584590579999999,-0.7755805186960001,8826.134900000001,19,False,,,False,,False
previously_viewed_2025_2026,cci_d_chop_h1,public,cost2,PORTFOLIO,39,0,7.202957649970625,7.202957649970625,0.4358974358974359,1.0583151724792699,30.885858587999998,-2.0008937620294,12867.696750000001,25,False,0.058582156745659704,1002.8941270667741,False,,False
previously_viewed_2025_2026,cci_d_chop_h1,public,cost2,BTCUSDT,14,0,-23.047995439445522,-23.047995439445522,0.2857142857142857,0.6411792846023338,12.841539828,-0.4580656114454,5345.744350000001,9,False,,,False,,False
previously_viewed_2025_2026,cci_d_chop_h1,public,cost2,ETHUSDT,25,0,30.250953089416146,30.250953089416146,0.52,1.5102622714319849,18.04431876,-1.542828150584,7521.9524,19,False,,,False,,False
previously_viewed_2025_2026,cci_d_chop_m30,public,cost1,PORTFOLIO,42,1,47.26202902398745,47.43892464398749,0.30952380952380953,1.3132545632205994,17.425665996,-0.5567449800129002,14566.95965,25,False,0.06476869182016518,1011.837891051376,False,,False
previously_viewed_2025_2026,cci_d_chop_m30,public,cost1,BTCUSDT,14,0,26.64008750124829,26.64008750124829,0.35714285714285715,1.4934082747149855,7.399520916,-0.13523158275190017,6199.98825,12,False,,,False,,False
previously_viewed_2025_2026,cci_d_chop_m30,public,cost1,ETHUSDT,28,1,20.62194152273916,20.798837142739202,0.2857142857142857,1.2134376072477508,10.02614508,-0.42151339726100007,8366.9714,20,False,,,False,,False
previously_viewed_2025_2026,cci_d_chop_m30,public,cost2,PORTFOLIO,42,1,5.037897627361567,5.990526027361547,0.2619047619047619,1.0369253292807428,30.601087919999998,-1.4852544526387002,12786.081030000001,25,False,0.060561033073306125,994.2227247759029,False,,False
previously_viewed_2025_2026,cci_d_chop_m30,public,cost2,BTCUSDT,14,0,8.291964837705217,8.291964837705217,0.21428571428571427,1.1453873089471627,12.36733188,-0.5410432822947,5182.251130000001,12,False,,,False,,False
previously_viewed_2025_2026,cci_d_chop_m30,public,cost2,ETHUSDT,28,1,-3.254067210343649,-2.3014388103436696,0.2857142857142857,0.9781231833209232,18.23375604,-0.944211170344,7603.829900000001,20,False,,,False,,False
previously_viewed_2025_2026,cci_d_chop_m15,public,cost1,PORTFOLIO,38,0,-37.77337631213996,-37.77337631213996,0.2631578947368421,0.7372880644276731,14.937669546,-1.1724367661398,12465.939760000001,23,False,0.10398092164954832,996.914751812795,True,2025-11-20T16:16:00+00:00,False
previously_viewed_2025_2026,cci_d_chop_m15,public,cost1,BTCUSDT,11,0,-44.00035430666894,-44.00035430666894,0.2727272727272727,0.20330993246559445,6.834837246,-0.6173470606688,5700.29186,9,False,,,True,2025-11-20T16:16:00+00:00,False
previously_viewed_2025_2026,cci_d_chop_m15,public,cost1,ETHUSDT,27,0,6.226977994528978,6.226977994528978,0.25925925925925924,1.0703187906051572,8.1028323,-0.555089705471,6765.6479,17,False,,,True,2025-11-20T16:16:00+00:00,False
previously_viewed_2025_2026,cci_d_chop_m15,public,cost2,PORTFOLIO,34,0,-60.41916139902425,-60.41916139902425,0.20588235294117646,0.5693244497921499,23.600177532,-2.2595738670242,9851.87476,21,False,0.10163414346157933,981.7708386009758,True,2025-11-04T05:36:00+00:00,False
previously_viewed_2025_2026,cci_d_chop_m15,public,cost2,BTCUSDT,10,0,-45.71389313116029,-45.71389313116029,0.1,0.12343467793474495,11.001158892,-1.0819242391602002,4592.4749600000005,8,False,,,True,2025-11-04T05:36:00+00:00,False
previously_viewed_2025_2026,cci_d_chop_m15,public,cost2,ETHUSDT,24,0,-14.70526826786396,-14.70526826786396,0.25,0.8331565520648578,12.599018639999999,-1.177649627864,5259.3998,15,False,,,True,2025-11-04T05:36:00+00:00,False
previously_viewed_2025_2026,cci_d_chop_m5,public,cost1,PORTFOLIO,37,0,-62.12227625402805,-62.12227625402805,0.2702702702702703,0.6657439796161672,22.355133822,-0.9532324320279,18662.491540000003,13,False,0.10852747487525631,979.8952212592636,True,2025-05-28T21:56:00+00:00,False
previously_viewed_2025_2026,cci_d_chop_m5,public,cost1,BTCUSDT,14,0,-67.74508839405108,-67.74508839405108,0.21428571428571427,0.23155115183005381,12.487079442,-0.9527989520509,10433.052140000002,5,False,,,True,2025-05-28T21:56:00+00:00,False
previously_viewed_2025_2026,cci_d_chop_m5,public,cost1,ETHUSDT,23,0,5.622812140023025,5.622812140023025,0.30434782608695654,1.0575552590562192,9.86805438,-0.00043347997699999595,8229.439400000001,9,False,,,True,2025-05-28T21:56:00+00:00,False
previously_viewed_2025_2026,cci_d_chop_m5,public,cost2,PORTFOLIO,36,0,-86.69267385513707,-86.69267385513707,0.19444444444444445,0.5311449277011663,35.150911608,-1.832782247137,14670.30786,12,False,0.10348099671002446,955.497326144863,True,2025-05-28T11:06:00+00:00,False
previously_viewed_2025_2026,cci_d_chop_m5,public,cost2,BTCUSDT,14,0,-76.95909531876704,-76.95909531876704,0.14285714285714285,0.1573779991406144,19.838451168,-1.571364150767,8293.795960000001,5,False,,,True,2025-05-28T11:06:00+00:00,False
previously_viewed_2025_2026,cci_d_chop_m5,public,cost2,ETHUSDT,22,0,-9.733578536370038,-9.733578536370038,0.22727272727272727,0.8959754825388974,15.31246044,-0.26141809637,6376.5119,8,False,,,True,2025-05-28T11:06:00+00:00,False
previously_viewed_2025_2026,cci_d_chop_m3,public,cost1,PORTFOLIO,42,0,-99.62833610705869,-99.62833610705869,0.23809523809523808,0.5320459812558748,29.011705638,-0.9590204690584001,24214.34427,16,False,0.1053222383331937,938.0255938171015,True,2025-05-28T21:56:00+00:00,False
previously_viewed_2025_2026,cci_d_chop_m3,public,cost1,BTCUSDT,17,0,-91.23299898388365,-91.23299898388365,0.11764705882352941,0.10959803722506158,16.234302858000003,-0.9785861258834001,13565.595770000002,7,False,,,True,2025-05-28T21:56:00+00:00,False
previously_viewed_2025_2026,cci_d_chop_m3,public,cost1,ETHUSDT,25,0,-8.395337123175045,-8.395337123175045,0.32,0.9239823174603311,12.77740278,0.01956565682499998,10648.7485,10,False,,,True,2025-05-28T21:56:00+00:00,False
previously_viewed_2025_2026,cci_d_chop_m3,public,cost2,PORTFOLIO,23,0,-109.74101134826245,-109.74101134826245,0.17391304347826086,0.17008694018962384,21.972786168000003,-0.3257851802622,9140.51739,10,False,0.10582014426306434,932.4489886517376,True,2025-04-04T23:26:00+00:00,False
previously_viewed_2025_2026,cci_d_chop_m3,public,cost2,BTCUSDT,7,0,-38.08556819968333,-38.08556819968333,0.14285714285714285,0.16576968367145842,8.707505688000001,-0.4670225116832,3642.5828900000006,3,False,,,True,2025-04-04T23:26:00+00:00,False
previously_viewed_2025_2026,cci_d_chop_m3,public,cost2,ETHUSDT,16,0,-71.65544314857911,-71.65544314857911,0.1875,0.17236346711541753,13.265280480000001,0.14123733142100003,5497.9345,7,False,,,True,2025-04-04T23:26:00+00:00,False
previously_viewed_2025_2026,cci_d_chop_m1,public,cost1,PORTFOLIO,31,0,-94.48894186419595,-94.48894186419595,0.22580645161290322,0.43042410224992106,22.549786836,-0.003735028196100016,18779.599840000003,10,False,0.1003155280093902,947.7010581358041,True,2025-04-06T08:31:00+00:00,False
previously_viewed_2025_2026,cci_d_chop_m1,public,cost1,BTCUSDT,9,0,-32.149254192045106,-32.149254192045106,0.2222222222222222,0.42594635851821444,7.664874096000001,-0.40586009604510004,6399.434340000001,3,False,,,True,2025-04-06T08:31:00+00:00,False
previously_viewed_2025_2026,cci_d_chop_m1,public,cost1,ETHUSDT,22,0,-62.339687672150845,-62.339687672150845,0.22727272727272727,0.43270613108996764,14.884912739999999,0.402125067849,12380.165500000001,7,False,,,True,2025-04-06T08:31:00+00:00,False
previously_viewed_2025_2026,cci_d_chop_m1,public,cost2,PORTFOLIO,26,0,-103.72699159897698,-103.72699159897698,0.23076923076923078,0.3091591773132976,27.73350264,-0.46494895897700006,11544.572470000001,8,False,0.10443197217806807,938.463008401023,True,2025-03-30T00:41:00+00:00,False
previously_viewed_2025_2026,cci_d_chop_m1,public,cost2,BTCUSDT,9,0,-39.71930253162404,-39.71930253162404,0.2222222222222222,0.3098216715827387,12.30720996,-0.7014525716240001,5141.35947,3,False,,,True,2025-03-30T00:41:00+00:00,False
previously_viewed_2025_2026,cci_d_chop_m1,public,cost2,ETHUSDT,17,0,-64.00768906735296,-64.00768906735296,0.23529411764705882,0.30874743354926315,15.42629268,0.23650361264699998,6403.213000000001,5,False,,,True,2025-03-30T00:41:00+00:00,False
previously_viewed_2025_2026,cci_h12_chop_w,public,cost1,PORTFOLIO,15,1,64.25376301533198,-21.93154827808784,0.2,0.7025738238691336,17.164963764,-2.109733220668,14262.37224,8,False,0.07927967109419007,1007.4020412230001,False,,False
previously_viewed_2025_2026,cci_h12_chop_w,public,cost1,BTCUSDT,4,0,13.30771803300011,13.30771803300011,0.25,2.488368493824899,4.240812564,-0.9113294030000001,3524.78054,3,False,,,False,,False
previously_viewed_2025_2026,cci_h12_chop_w,public,cost1,ETHUSDT,11,1,50.94604498233188,-35.23926631108795,0.18181818181818182,0.4561559892362303,12.924151199999999,-1.198403817668,10737.5917,5,False,,,False,,False
previously_viewed_2025_2026,cci_h12_chop_w,public,cost2,PORTFOLIO,15,1,9.83282523859188,-46.3115286006081,0.13333333333333333,0.44223294008164565,26.611288176,-3.3050465854080002,11068.162160000002,8,False,0.07592033150231772,990.0708761993919,False,,False
previously_viewed_2025_2026,cci_h12_chop_w,public,cost2,BTCUSDT,4,0,2.0733481800000106,2.0733481800000106,0.25,1.1518400803915123,6.632874936,-1.426236884,2758.63166,3,False,,,False,,False
previously_viewed_2025_2026,cci_h12_chop_w,public,cost2,ETHUSDT,11,1,7.7594770585918695,-48.38487678060811,0.09090909090909091,0.3025645325065741,19.97841324,-1.878809701408,8309.5305,5,False,,,False,,False
previously_viewed_2025_2026,cci_h12_chop_d,public,cost1,PORTFOLIO,40,0,193.74211697284812,193.74211697284812,0.45,2.292655035445914,33.075857142,-2.8397158851522004,27544.68601,16,False,0.06240338436070961,1012.702289516539,False,,False
previously_viewed_2025_2026,cci_h12_chop_d,public,cost1,BTCUSDT,16,0,-24.74559224114369,-24.74559224114369,0.3125,0.6549697839332321,16.874367402,-1.0316148391442002,14069.145610000001,9,False,,,False,,False
previously_viewed_2025_2026,cci_h12_chop_d,public,cost1,ETHUSDT,24,0,218.4877092139918,218.4877092139918,0.5416666666666666,3.7954211638542596,16.20148974,-1.808101046008,13475.5404,11,False,,,False,,False
previously_viewed_2025_2026,cci_h12_chop_d,public,cost2,PORTFOLIO,40,0,101.41669455081022,101.41669455081022,0.375,1.6194966631088283,52.774710252,-5.0768051971903,21978.88709,16,False,0.05631786637284127,1005.5044555724397,False,,False
previously_viewed_2025_2026,cci_h12_chop_d,public,cost2,BTCUSDT,16,0,-50.486662827969035,-50.486662827969035,0.1875,0.3790517371274777,25.838054411999998,-1.9670184159693003,10774.45439,9,False,,,False,,False
previously_viewed_2025_2026,cci_h12_chop_d,public,cost2,ETHUSDT,24,0,151.90335737877925,151.90335737877925,0.5,2.8434320911334767,26.936655839999997,-3.109786781221,11204.432700000001,11,False,,,False,,False
previously_viewed_2025_2026,cci_h12_chop_h12,public,cost1,PORTFOLIO,19,0,-103.64107692575936,-103.64107692575936,0.10526315789473684,0.07720283737030247,14.898170628,-0.593806297759,12425.345340000002,8,False,0.10141683867070968,938.5489230742407,True,2025-05-14T01:06:00+00:00,False
previously_viewed_2025_2026,cci_h12_chop_h12,public,cost1,BTCUSDT,10,0,-64.9611275830003,-64.9611275830003,0.0,0.0,10.332940068000001,-0.512887515,8637.841040000001,4,False,,,True,2025-05-14T01:06:00+00:00,False
previously_viewed_2025_2026,cci_h12_chop_h12,public,cost1,ETHUSDT,9,0,-38.67994934275905,-38.67994934275905,0.2222222222222222,0.1831184553143359,4.56523056,-0.08091878275900001,3787.5043000000005,5,False,,,True,2025-05-14T01:06:00+00:00,False
previously_viewed_2025_2026,cci_h12_chop_h12,public,cost2,PORTFOLIO,19,0,-113.21657288825207,-113.21657288825207,0.10526315789473684,0.051175298718557756,23.697147563999998,-0.9628753242520001,9883.89646,8,False,0.10915306344068765,928.9734271117479,True,2025-05-14T01:06:00+00:00,False
previously_viewed_2025_2026,cci_h12_chop_h12,public,cost2,BTCUSDT,10,0,-69.81920115800007,-69.81920115800007,0.0,0.0,15.787617684,-0.7861334740000001,6604.79676,4,False,,,True,2025-05-14T01:06:00+00:00,False
previously_viewed_2025_2026,cci_h12_chop_h12,public,cost2,ETHUSDT,9,0,-43.397371730252004,-43.397371730252004,0.2222222222222222,0.12335200776619833,7.909529879999999,-0.176741850252,3279.0996999999998,5,False,,,True,2025-05-14T01:06:00+00:00,False
previously_viewed_2025_2026,cci_h12_chop_h6,public,cost1,PORTFOLIO,36,0,-21.5863922886524,-21.5863922886524,0.4444444444444444,0.8392444194946312,31.476302934,-2.3304593546523003,26261.589010000003,20,False,0.10262571272219281,1020.3113657015448,True,2025-10-27T16:11:00+00:00,False
previously_viewed_2025_2026,cci_h12_chop_h6,public,cost1,BTCUSDT,13,0,-16.81479166902252,-16.81479166902252,0.38461538461538464,0.650379527554959,15.563548014,-1.8260136550223003,12957.849310000001,8,False,,,True,2025-10-27T16:11:00+00:00,False
previously_viewed_2025_2026,cci_h12_chop_h6,public,cost1,ETHUSDT,23,0,-4.771600619629885,-4.771600619629885,0.4782608695652174,0.9446362779956524,15.91275492,-0.5044456996300001,13303.7397,13,False,,,True,2025-10-27T16:11:00+00:00,False
previously_viewed_2025_2026,cci_h12_chop_h6,public,cost2,PORTFOLIO,32,0,-49.384132179619534,-49.384132179619534,0.40625,0.5944465553041853,41.30298048,-3.8226916996196003,17243.140030000002,17,False,0.10151426292985816,992.8058678203805,True,2025-09-22T17:06:00+00:00,False
previously_viewed_2025_2026,cci_h12_chop_h6,public,cost2,BTCUSDT,10,0,-15.246601162787448,-15.246601162787448,0.3,0.5098559352440786,16.66670424,-2.8404369227876005,6942.329830000001,6,False,,,True,2025-09-22T17:06:00+00:00,False
previously_viewed_2025_2026,cci_h12_chop_h6,public,cost2,ETHUSDT,22,0,-34.13753101683209,-34.13753101683209,0.45454545454545453,0.6234693808134837,24.63627624,-0.9822547768320001,10300.810200000002,12,False,,,True,2025-09-22T17:06:00+00:00,False
previously_viewed_2025_2026,cci_h12_chop_h4,public,cost1,PORTFOLIO,34,0,-17.07511530470058,-17.07511530470058,0.4117647058823529,0.872182292295391,26.40618033,-1.5357049747006002,22012.03322,22,False,0.10651854295630325,1025.1148846952995,True,2026-01-26T03:26:00+00:00,False
previously_viewed_2025_2026,cci_h12_chop_h4,public,cost1,BTCUSDT,12,0,-28.142665775778767,-28.142665775778767,0.25,0.514301320821263,13.191952350000001,-1.0539834257786,10987.14052,7,False,,,True,2026-01-26T03:26:00+00:00,False
previously_viewed_2025_2026,cci_h12_chop_h4,public,cost1,ETHUSDT,22,0,11.067550471078185,11.067550471078185,0.5,1.146305316128145,13.21422798,-0.48172154892200003,11024.8927,15,False,,,True,2026-01-26T03:26:00+00:00,False
previously_viewed_2025_2026,cci_h12_chop_h4,public,cost2,PORTFOLIO,33,0,-51.441955994867286,-51.441955994867286,0.3939393939393939,0.6147981907169578,41.613936083999995,-2.8154899108672002,17351.009100000003,22,False,0.1005281816420492,990.7480440051328,True,2026-01-21T17:16:00+00:00,False
previously_viewed_2025_2026,cci_h12_chop_h4,public,cost2,BTCUSDT,12,0,-46.82033695772625,-46.82033695772625,0.16666666666666666,0.2560326191329562,19.947009924,-1.6979970337262003,8311.407400000002,7,False,,,True,2026-01-21T17:16:00+00:00,False
previously_viewed_2025_2026,cci_h12_chop_h4,public,cost2,ETHUSDT,21,0,-4.621619037141033,-4.621619037141033,0.5238095238095238,0.9345492365631725,21.66692616,-1.1174928771410002,9039.601700000001,15,False,,,True,2026-01-21T17:16:00+00:00,False
previously_viewed_2025_2026,cci_h12_chop_h1,public,cost1,PORTFOLIO,41,0,92.79605714355864,92.79605714355864,0.4634146341463415,1.8144697118863198,19.421322984,-1.0016798724414002,16151.101050000001,31,False,0.04342641932761938,1022.9621547594243,False,,False
previously_viewed_2025_2026,cci_h12_chop_h1,public,cost1,BTCUSDT,15,0,37.21933192070773,37.21933192070773,0.4666666666666667,1.765572828838632,8.587052124,-0.2599759552924001,7153.0220500000005,12,False,,,False,,False
previously_viewed_2025_2026,cci_h12_chop_h1,public,cost1,ETHUSDT,26,0,55.576725222850904,55.576725222850904,0.46153846153846156,1.8508637553049576,10.834270859999998,-0.7417039171490001,8998.079,23,False,,,False,,False
previously_viewed_2025_2026,cci_h12_chop_h1,public,cost2,PORTFOLIO,41,0,44.59087884711292,44.59087884711292,0.3902439024390244,1.3629513172804948,32.688926699999996,-2.2481044528872003,13588.690190000001,31,False,0.044193925640921665,1015.7040952829914,False,,False
previously_viewed_2025_2026,cci_h12_chop_h1,public,cost2,BTCUSDT,15,0,14.774074492440747,14.774074492440747,0.4,1.2884314892754878,14.4526125,-0.7149230075592,6020.151690000001,12,False,,,False,,False
previously_viewed_2025_2026,cci_h12_chop_h1,public,cost2,ETHUSDT,26,0,29.816804354672175,29.816804354672175,0.38461538461538464,1.4162367901312163,18.2363142,-1.5331814453280002,7568.538500000001,23,False,,,False,,False
previously_viewed_2025_2026,cci_h12_chop_m30,public,cost1,PORTFOLIO,39,1,77.34255092412246,77.53552796412251,0.3076923076923077,1.528194707746113,15.698555628,-0.8004334478777001,13092.39134,25,False,0.05412394538881395,1005.3339060971203,False,,False
previously_viewed_2025_2026,cci_h12_chop_m30,public,cost1,BTCUSDT,13,0,-7.573481872723509,-7.573481872723509,0.3076923076923077,0.8682466616152369,6.436508568000001,-0.18221330472370006,5379.054840000001,12,False,,,False,,False
previously_viewed_2025_2026,cci_h12_chop_m30,public,cost1,ETHUSDT,26,1,84.91603279684597,85.10900983684603,0.3076923076923077,1.9529490951507764,9.262047059999999,-0.6182201431540001,7713.3365,18,False,,,False,,False
previously_viewed_2025_2026,cci_h12_chop_m30,public,cost2,PORTFOLIO,39,1,34.80173938931567,35.75436778931565,0.28205128205128205,1.2372064987448663,26.729067372,-1.7854632386845002,11139.639200000001,25,False,0.053956579467666535,993.0312617416471,False,,False
previously_viewed_2025_2026,cci_h12_chop_m30,public,cost2,BTCUSDT,13,0,-19.100031945681554,-19.100031945681554,0.23076923076923078,0.6806295970251812,10.780288332,-0.5132136136815001,4505.2284,12,False,,,False,,False
previously_viewed_2025_2026,cci_h12_chop_m30,public,cost2,ETHUSDT,26,1,53.90177133499722,54.8543997349972,0.3076923076923077,1.6032880907458706,15.948779039999998,-1.272249625003,6634.410800000001,18,False,,,False,,False
previously_viewed_2025_2026,cci_h12_chop_m15,public,cost1,PORTFOLIO,37,0,-98.72575153848945,-98.72575153848945,0.2972972972972973,0.36405492868804573,15.196735242,-1.1658862964894001,12649.604570000001,26,False,0.10285934346311576,943.0643324936326,True,2026-01-26T03:26:00+00:00,False
previously_viewed_2025_2026,cci_h12_chop_m15,public,cost1,BTCUSDT,12,0,-53.00817408887338,-53.00817408887338,0.25,0.20160830102672173,8.345431662000001,-0.5927124268734,6950.7372700000005,9,False,,,True,2026-01-26T03:26:00+00:00,False
previously_viewed_2025_2026,cci_h12_chop_m15,public,cost1,ETHUSDT,25,0,-45.71757744961607,-45.71757744961607,0.32,0.4854456691457528,6.85130358,-0.573173869616,5698.8673,18,False,,,True,2026-01-26T03:26:00+00:00,False
previously_viewed_2025_2026,cci_h12_chop_m15,public,cost2,PORTFOLIO,35,0,-101.04947143173864,-101.04947143173864,0.2857142857142857,0.30548737108268864,25.151214396,-2.2158870357386,10472.615290000002,25,False,0.10138047976733539,941.1405285682615,True,2026-01-21T12:16:00+00:00,False
previously_viewed_2025_2026,cci_h12_chop_m15,public,cost2,BTCUSDT,12,0,-60.33184770437561,-60.33184770437561,0.16666666666666666,0.11943303830060235,13.911657396,-1.0591203083756,5794.795590000001,9,False,,,True,2026-01-21T12:16:00+00:00,False
previously_viewed_2025_2026,cci_h12_chop_m15,public,cost2,ETHUSDT,23,0,-40.717623727363026,-40.717623727363026,0.34782608695652173,0.4710772677939571,11.239557,-1.156766727363,4677.8197,17,False,,,True,2026-01-21T12:16:00+00:00,False
previously_viewed_2025_2026,cci_h12_chop_m5,public,cost1,PORTFOLIO,32,0,-82.88799433764558,-82.88799433764558,0.25,0.46630816637134753,22.113280926,-0.9569634116456001,18458.21008,16,False,0.1021542874416209,959.3020056623545,True,2025-05-28T21:56:00+00:00,False
previously_viewed_2025_2026,cci_h12_chop_m5,public,cost1,BTCUSDT,18,0,-64.8501373043787,-64.8501373043787,0.2222222222222222,0.3772761337528563,17.120915886,-0.9990714183786,14290.79498,8,False,,,True,2025-05-28T21:56:00+00:00,False
previously_viewed_2025_2026,cci_h12_chop_m5,public,cost1,ETHUSDT,14,0,-18.03785703326687,-18.03785703326687,0.2857142857142857,0.6474992390961326,4.99236504,0.04210800673300002,4167.4151,9,False,,,True,2025-05-28T21:56:00+00:00,False
previously_viewed_2025_2026,cci_h12_chop_m5,public,cost2,PORTFOLIO,29,0,-94.01530992168472,-94.01530992168472,0.2413793103448276,0.362112628859316,32.044673772,-1.6699461496848003,13377.245750000002,14,False,0.10452299259082067,948.1746900783154,True,2025-05-20T23:21:00+00:00,False
previously_viewed_2025_2026,cci_h12_chop_m5,public,cost2,BTCUSDT,16,0,-77.26810264041667,-77.26810264041667,0.1875,0.25855068637382805,25.074501132,-1.6355115084168002,10472.987850000001,7,False,,,True,2025-05-20T23:21:00+00:00,False
previously_viewed_2025_2026,cci_h12_chop_m5,public,cost2,ETHUSDT,13,0,-16.747207281268043,-16.747207281268043,0.3076923076923077,0.6120923982832861,6.9701726399999995,-0.034434641268,2904.2579,8,False,,,True,2025-05-20T23:21:00+00:00,False
previously_viewed_2025_2026,cci_h12_chop_m3,public,cost1,PORTFOLIO,55,0,-69.7384773849014,-69.7384773849014,0.34545454545454546,0.7309273490307218,44.13683841,-3.5466689749007,36776.988240000006,27,False,0.10021847616076196,966.184039138097,True,2025-09-25T17:16:00+00:00,False
previously_viewed_2025_2026,cci_h12_chop_m3,public,cost1,BTCUSDT,27,0,-97.12361851658801,-97.12361851658801,0.25925925925925924,0.3370893255279439,28.82967789,-2.2701706265877,24033.862940000003,13,False,,,True,2025-09-25T17:16:00+00:00,False
previously_viewed_2025_2026,cci_h12_chop_m3,public,cost1,ETHUSDT,28,0,27.3851411316866,27.3851411316866,0.42857142857142855,1.2430562393310884,15.307160519999998,-1.2764983483130001,12743.125300000002,17,False,,,True,2025-09-25T17:16:00+00:00,False
previously_viewed_2025_2026,cci_h12_chop_m3,public,cost2,PORTFOLIO,31,0,-98.52964724076445,-98.52964724076445,0.25806451612903225,0.36533529492583605,38.353359588000004,-2.0979176527645,16009.682880000002,15,False,0.10511253138650489,943.6603527592356,True,2025-05-21T22:46:00+00:00,False
previously_viewed_2025_2026,cci_h12_chop_m3,public,cost2,BTCUSDT,18,0,-84.17956337607144,-84.17956337607144,0.16666666666666666,0.24246984390811915,29.313361428,-2.0458319480715,12240.310780000002,8,False,,,True,2025-05-21T22:46:00+00:00,False
previously_viewed_2025_2026,cci_h12_chop_m3,public,cost2,ETHUSDT,13,0,-14.350083864693016,-14.350083864693016,0.38461538461538464,0.6747713366508254,9.03999816,-0.05208570469299999,3769.3721,8,False,,,True,2025-05-21T22:46:00+00:00,False
previously_viewed_2025_2026,cci_h12_chop_m1,public,cost1,PORTFOLIO,36,0,-64.73384006405676,-64.73384006405676,0.25,0.6375970679403515,32.18140467,-1.2083053940563002,26835.994290000002,15,False,0.10649624029026371,977.4561599359433,True,2025-05-21T22:36:00+00:00,False
previously_viewed_2025_2026,cci_h12_chop_m1,public,cost1,BTCUSDT,20,0,-59.070614297555856,-59.070614297555856,0.15,0.5042905987690923,24.06662727,-1.3430570275553002,20072.35319,8,False,,,True,2025-05-21T22:36:00+00:00,False
previously_viewed_2025_2026,cci_h12_chop_m1,public,cost1,ETHUSDT,16,0,-5.663225766500902,-5.663225766500902,0.375,0.9047559369075318,8.1147774,0.134751633499,6763.6411,8,False,,,True,2025-05-21T22:36:00+00:00,False
previously_viewed_2025_2026,cci_h12_chop_m1,public,cost2,PORTFOLIO,33,0,-92.82737168303291,-92.82737168303291,0.24242424242424243,0.45939570306186944,44.475785616,-2.0436860670329,18543.553490000002,14,False,0.1081320410376297,949.3626283169672,True,2025-05-12T06:51:00+00:00,False
previously_viewed_2025_2026,cci_h12_chop_m1,public,cost2,BTCUSDT,18,0,-69.81280045202693,-69.81280045202693,0.16666666666666666,0.38035872599129805,32.530765536000004,-2.1519349160269,13572.050690000002,7,False,,,True,2025-05-12T06:51:00+00:00,False
previously_viewed_2025_2026,cci_h12_chop_m1,public,cost2,ETHUSDT,15,0,-23.014571231005984,-23.014571231005984,0.3333333333333333,0.6102125874499684,11.945020079999999,0.108248848994,4971.5028,7,False,,,True,2025-05-12T06:51:00+00:00,False
previously_viewed_2025_2026,cci_h6_chop_w,public,cost1,PORTFOLIO,16,1,-11.258313382377526,-11.081417762377486,0.375,0.8543255040123673,14.43036672,-1.4087866623778,12009.050780000001,9,False,0.043697431414879834,1018.8863700081179,False,,False
previously_viewed_2025_2026,cci_h6_chop_w,public,cost1,BTCUSDT,6,0,-12.177731309739725,-12.177731309739725,0.3333333333333333,0.5905761007357139,4.80639906,-0.4114722497398,3994.84808,3,False,,,False,,False
previously_viewed_2025_2026,cci_h6_chop_w,public,cost1,ETHUSDT,10,1,0.9194179273621975,1.0963135473622394,0.4,1.0236651172904314,9.62396766,-0.9973144126380001,8014.202700000001,6,False,,,False,,False
previously_viewed_2025_2026,cci_h6_chop_w,public,cost2,PORTFOLIO,16,1,-36.31177734077121,-35.35914894077123,0.375,0.5470893551595569,22.953998879999997,-2.3288384607712,9556.58127,9,False,0.04672697188242698,1004.5338586592288,False,,False
previously_viewed_2025_2026,cci_h6_chop_w,public,cost2,BTCUSDT,6,0,-19.17834869849327,-19.17834869849327,0.3333333333333333,0.3726686248700201,7.8519320399999994,-0.7201766584932001,3263.84207,3,False,,,False,,False
previously_viewed_2025_2026,cci_h6_chop_w,public,cost2,ETHUSDT,10,1,-17.13342864227794,-16.18080024227796,0.4,0.6593486714974609,15.102066839999999,-1.6086618022780002,6292.7392,6,False,,,False,,False
previously_viewed_2025_2026,cci_h6_chop_d,public,cost1,PORTFOLIO,33,0,96.16485310541736,96.16485310541736,0.30303030303030304,1.6362704505652523,22.620508014,-1.3328488805827001,18833.897380000002,17,False,0.10341873966287417,995.6768261960216,False,,False
previously_viewed_2025_2026,cci_h6_chop_d,public,cost1,BTCUSDT,11,0,-27.34239535767045,-27.34239535767045,0.18181818181818182,0.5451061463489901,9.551053854000001,0.13384849632930002,7976.615280000001,9,False,,,False,,False
previously_viewed_2025_2026,cci_h6_chop_d,public,cost1,ETHUSDT,22,0,123.50724846308782,123.50724846308782,0.36363636363636365,2.356758369318407,13.06945416,-1.466697376912,10857.2821,13,False,,,False,,False
previously_viewed_2025_2026,cci_h6_chop_d,public,cost2,PORTFOLIO,33,0,38.63243774235879,38.63243774235879,0.2727272727272727,1.2399569162928856,36.76548624,-2.8247960176412,15301.81811,17,False,0.09770405022912346,990.4259738117303,False,,False
previously_viewed_2025_2026,cci_h6_chop_d,public,cost2,BTCUSDT,11,0,-38.97378224156719,-38.97378224156719,0.09090909090909091,0.40976298409861467,15.01707864,-0.2202236015672,6270.79711,9,False,,,False,,False
previously_viewed_2025_2026,cci_h6_chop_d,public,cost2,ETHUSDT,22,0,77.60621998392598,77.60621998392598,0.36363636363636365,1.8171943704392983,21.7484076,-2.6045724160740003,9031.021,13,False,,,False,,False
previously_viewed_2025_2026,cci_h6_chop_h12,public,cost1,PORTFOLIO,31,0,134.7435959287161,134.7435959287161,0.3548387096774194,2.308195055839615,18.933013362,-1.1715207092841002,15833.744270000001,19,False,0.07215036100303619,984.4025149047477,True,2026-02-06T07:06:00+00:00,False
previously_viewed_2025_2026,cci_h6_chop_h12,public,cost1,BTCUSDT,12,0,72.83187902043797,72.83187902043797,0.25,2.6174293327833125,10.073019702,-0.46473127756210003,8462.749170000001,8,False,,,True,2026-02-06T07:06:00+00:00,False
previously_viewed_2025_2026,cci_h6_chop_h12,public,cost1,ETHUSDT,19,0,61.911716908278144,61.911716908278144,0.42105263157894735,2.067991796662119,8.859993659999999,-0.706789431722,7370.9951,14,False,,,True,2026-02-06T07:06:00+00:00,False
previously_viewed_2025_2026,cci_h6_chop_h12,public,cost2,PORTFOLIO,31,0,75.326000580291,75.326000580291,0.2903225806451613,1.6670040372925128,31.131878988,-2.359130431709,13009.40415,19,False,0.06294288668361679,977.3906377526241,True,2026-02-06T07:06:00+00:00,False
previously_viewed_2025_2026,cci_h6_chop_h12,public,cost2,BTCUSDT,12,0,34.60098801104898,34.60098801104898,0.08333333333333333,1.6520780404971085,16.059240708,-0.9226812809510001,6746.6434500000005,8,False,,,True,2026-02-06T07:06:00+00:00,False
previously_viewed_2025_2026,cci_h6_chop_h12,public,cost2,ETHUSDT,19,0,40.72501256924201,40.72501256924201,0.42105263157894735,1.6802330915398034,15.07263828,-1.4364491507580002,6262.7607,14,False,,,True,2026-02-06T07:06:00+00:00,False
previously_viewed_2025_2026,cci_h6_chop_h6,public,cost1,PORTFOLIO,32,0,-21.76279095410406,-21.76279095410406,0.40625,0.8138979745594278,22.241225292,-0.7151056621040001,18535.84787,20,False,0.10393607392481835,1020.4272090458959,True,2026-01-30T06:21:00+00:00,False
previously_viewed_2025_2026,cci_h6_chop_h6,public,cost1,BTCUSDT,13,0,-30.278202466650225,-30.278202466650225,0.3076923076923077,0.42982386828637487,12.740470212,-0.6216722546500001,10608.740870000001,8,False,,,True,2026-01-30T06:21:00+00:00,False
previously_viewed_2025_2026,cci_h6_chop_h6,public,cost1,ETHUSDT,19,0,8.515411512546166,8.515411512546166,0.47368421052631576,1.1333933252778472,9.50075508,-0.09343340745400004,7927.107,13,False,,,True,2026-01-30T06:21:00+00:00,False
previously_viewed_2025_2026,cci_h6_chop_h6,public,cost2,PORTFOLIO,30,0,-44.63629990410039,-44.63629990410039,0.36666666666666664,0.6071207579584948,34.86601932,-1.5141605841004002,14530.23889,19,False,0.10191381567632758,997.5537000958997,True,2026-01-21T07:41:00+00:00,False
previously_viewed_2025_2026,cci_h6_chop_h6,public,cost2,BTCUSDT,13,0,-46.65946259299731,-46.65946259299731,0.15384615384615385,0.2356907738584125,20.018002680000002,-1.0825399129974,8335.071890000001,8,False,,,True,2026-01-21T07:41:00+00:00,False
previously_viewed_2025_2026,cci_h6_chop_h6,public,cost2,ETHUSDT,17,0,2.023162688896918,2.023162688896918,0.5294117647058824,1.0384884899225577,14.848016639999999,-0.43162067110300006,6195.167,12,False,,,True,2026-01-21T07:41:00+00:00,False
previously_viewed_2025_2026,cci_h6_chop_h4,public,cost1,PORTFOLIO,35,0,-22.97252794043531,-22.97252794043531,0.37142857142857144,0.8386746785900707,25.355978442,-1.0632394984352,21112.35896,24,False,0.10755179685879467,1019.2174720595647,True,2026-01-26T03:26:00+00:00,False
previously_viewed_2025_2026,cci_h6_chop_h4,public,cost1,BTCUSDT,14,0,-27.144388679521438,-27.144388679521438,0.21428571428571427,0.5929848674350523,13.897559502,-0.8260191775212,11559.923260000001,9,False,,,True,2026-01-26T03:26:00+00:00,False
previously_viewed_2025_2026,cci_h6_chop_h4,public,cost1,ETHUSDT,21,0,4.171860739086128,4.171860739086128,0.47619047619047616,1.0551050416987557,11.45841894,-0.237220320914,9552.4357,17,False,,,True,2026-01-26T03:26:00+00:00,False
previously_viewed_2025_2026,cci_h6_chop_h4,public,cost2,PORTFOLIO,33,0,-50.48404228309339,-50.48404228309339,0.3333333333333333,0.6288141054556082,39.097529568,-2.1048327150934,16279.499870000001,23,False,0.10450252185986518,991.7059577169067,True,2026-01-21T07:41:00+00:00,False
previously_viewed_2025_2026,cci_h6_chop_h4,public,cost2,BTCUSDT,14,0,-46.92520139149633,-46.92520139149633,0.14285714285714285,0.3494798315148324,21.334491168,-1.3612302234964002,8875.27677,9,False,,,True,2026-01-21T07:41:00+00:00,False
previously_viewed_2025_2026,cci_h6_chop_h4,public,cost2,ETHUSDT,19,0,-3.558840891597059,-3.558840891597059,0.47368421052631576,0.9442821510591,17.7630384,-0.7436024915970001,7404.2231,16,False,,,True,2026-01-21T07:41:00+00:00,False
previously_viewed_2025_2026,cci_h6_chop_h1,public,cost1,PORTFOLIO,57,0,96.0166154101271,96.0166154101271,0.42105263157894735,1.6005069608884535,23.68205157,-0.9574230198728001,19674.367550000003,37,False,0.061614416330357524,1012.4748292306787,False,,False
previously_viewed_2025_2026,cci_h6_chop_h1,public,cost1,BTCUSDT,23,0,3.647958300206325,3.647958300206325,0.30434782608695654,1.050664319662997,10.70197419,-0.13485750979379998,8919.915850000001,17,False,,,False,,False
previously_viewed_2025_2026,cci_h6_chop_h1,public,cost1,ETHUSDT,34,0,92.36865710992078,92.36865710992078,0.5,2.0509565564865406,12.980077379999999,-0.8225655100790001,10754.4517,27,False,,,False,,False
previously_viewed_2025_2026,cci_h6_chop_h1,public,cost2,PORTFOLIO,57,0,44.70697443588164,44.70697443588164,0.3684210526315789,1.2603402005563997,40.535301839999995,-2.5168437241185004,16836.19671,37,False,0.06598833418370496,1001.0890560844404,False,,False
previously_viewed_2025_2026,cci_h6_chop_h1,public,cost2,BTCUSDT,23,0,-18.061618057954547,-18.061618057954547,0.2608695652173913,0.7730785866443639,18.57365388,-0.6197841779545001,7740.341310000001,17,False,,,False,,False
previously_viewed_2025_2026,cci_h6_chop_h1,public,cost2,ETHUSDT,34,0,62.76859249383619,62.76859249383619,0.4411764705882353,1.6812968255162322,21.961647959999997,-1.897059546164,9095.8554,27,False,,,False,,False
previously_viewed_2025_2026,cci_h6_chop_m30,public,cost1,PORTFOLIO,48,1,99.5668036282083,99.75978066820835,0.3958333333333333,1.6438853039019485,19.864993452,-0.864322919792,16537.03975,33,False,0.06657275397115786,1022.8950716572956,False,,False
previously_viewed_2025_2026,cci_h6_chop_m30,public,cost1,BTCUSDT,17,0,-4.837237402434693,-4.837237402434693,0.29411764705882354,0.9309166979127654,8.469663492,-0.15089391043500003,7063.277950000001,17,False,,,False,,False
previously_viewed_2025_2026,cci_h6_chop_m30,public,cost1,ETHUSDT,31,1,104.404041030643,104.59701807064305,0.45161290322580644,2.2318033695943793,11.39532996,-0.713429009357,9473.7618,23,False,,,False,,False
previously_viewed_2025_2026,cci_h6_chop_m30,public,cost2,PORTFOLIO,48,1,44.231286594518735,45.27917783451872,0.375,1.281145846916802,33.906452388,-2.0370110174816003,14107.696010000001,33,False,0.07106127135279533,1002.3594172810738,False,,False
previously_viewed_2025_2026,cci_h6_chop_m30,public,cost2,BTCUSDT,17,0,-19.147177025171622,-19.147177025171622,0.23529411764705882,0.7380388786344924,14.345786028,-0.5716409971716001,5981.55601,17,False,,,False,,False
previously_viewed_2025_2026,cci_h6_chop_m30,public,cost2,ETHUSDT,31,1,63.37846361969036,64.42635485969033,0.45161290322580644,1.7324456132960413,19.56066636,-1.4653700203100002,8126.14,23,False,,,False,,False
previously_viewed_2025_2026,cci_h6_chop_m15,public,cost1,PORTFOLIO,37,0,-99.32067834907332,-99.32067834907332,0.32432432432432434,0.31605298244932833,15.537035273999999,-0.8464730750733,12925.15213,27,False,0.10699520551476575,942.8693216509267,True,2026-01-25T16:21:00+00:00,False
previously_viewed_2025_2026,cci_h6_chop_m15,public,cost1,BTCUSDT,15,0,-56.43045875469514,-56.43045875469514,0.2,0.24615036657799427,9.663923274,-0.5385654806953,8039.208130000001,11,False,,,True,2026-01-25T16:21:00+00:00,False
previously_viewed_2025_2026,cci_h6_chop_m15,public,cost1,ETHUSDT,22,0,-42.89021959437817,-42.89021959437817,0.4090909090909091,0.39042219101970804,5.873112,-0.307907594378,4885.944,18,False,,,True,2026-01-25T16:21:00+00:00,False
previously_viewed_2025_2026,cci_h6_chop_m15,public,cost2,PORTFOLIO,35,0,-97.23802365352672,-97.23802365352672,0.3142857142857143,0.2586983131924769,24.431964864,-1.7708387895266,10167.266370000001,25,False,0.10068940297363532,944.9519763464733,True,2025-12-16T07:46:00+00:00,False
previously_viewed_2025_2026,cci_h6_chop_m15,public,cost2,BTCUSDT,14,0,-56.35095408723864,-56.35095408723864,0.14285714285714285,0.18495346395209133,14.538732744,-1.0645013432386001,6050.405170000001,10,False,,,True,2025-12-16T07:46:00+00:00,False
previously_viewed_2025_2026,cci_h6_chop_m15,public,cost2,ETHUSDT,21,0,-40.887069566288076,-40.887069566288076,0.42857142857142855,0.34088908828176057,9.893232119999999,-0.706337446288,4116.8612,17,False,,,True,2025-12-16T07:46:00+00:00,False
previously_viewed_2025_2026,cci_h6_chop_m5,public,cost1,PORTFOLIO,42,0,-97.14776445572429,-97.14776445572429,0.30952380952380953,0.4869209272343769,24.72242649,-1.0481879657247,20608.091750000003,22,False,0.10457413355100628,945.0422355442757,True,2025-07-11T05:11:00+00:00,False
previously_viewed_2025_2026,cci_h6_chop_m5,public,cost1,BTCUSDT,20,0,-51.003683154695445,-51.003683154695445,0.25,0.41508872365273025,14.59427535,-0.9529578046957,12179.624350000002,10,False,,,True,2025-07-11T05:11:00+00:00,False
previously_viewed_2025_2026,cci_h6_chop_m5,public,cost1,ETHUSDT,22,0,-46.14408130102885,-46.14408130102885,0.36363636363636365,0.5482433475017855,10.12815114,-0.09523016102900002,8428.467400000001,16,False,,,True,2025-07-11T05:11:00+00:00,False
previously_viewed_2025_2026,cci_h6_chop_m5,public,cost2,PORTFOLIO,34,0,-98.38047779183238,-98.38047779183238,0.29411764705882354,0.36502233536525563,31.88075778,-1.4972300118325002,13288.90342,17,False,0.10084586119329456,943.8095222081677,True,2025-05-21T23:21:00+00:00,False
previously_viewed_2025_2026,cci_h6_chop_m5,public,cost2,BTCUSDT,17,0,-52.99568825800127,-52.99568825800127,0.23529411764705882,0.31746606681856354,19.50449742,-1.5700008380015,8142.834520000001,8,False,,,True,2025-05-21T23:21:00+00:00,False
previously_viewed_2025_2026,cci_h6_chop_m5,public,cost2,ETHUSDT,17,0,-45.38478953383111,-45.38478953383111,0.35294117647058826,0.4127974427768934,12.37626036,0.07277082616900003,5146.0689,12,False,,,True,2025-05-21T23:21:00+00:00,False
previously_viewed_2025_2026,cci_h6_chop_m3,public,cost1,PORTFOLIO,39,0,-66.01921770756103,-66.01921770756103,0.3076923076923077,0.6343110145618577,28.300630002000002,-1.0124377055607001,23588.446610000003,19,False,0.10413324829492084,976.1707822924391,True,2025-05-28T21:56:00+00:00,False
previously_viewed_2025_2026,cci_h6_chop_m3,public,cost1,BTCUSDT,21,0,-30.209746156046954,-30.209746156046954,0.2857142857142857,0.7001071096337567,19.646812722,-1.1475834340467002,16377.051610000002,8,False,,,True,2025-05-28T21:56:00+00:00,False
previously_viewed_2025_2026,cci_h6_chop_m3,public,cost1,ETHUSDT,18,0,-35.809471551514065,-35.809471551514065,0.3333333333333333,0.5512522663073215,8.65381728,0.13514572848600004,7211.395,13,False,,,True,2025-05-28T21:56:00+00:00,False
previously_viewed_2025_2026,cci_h6_chop_m3,public,cost2,PORTFOLIO,34,0,-83.44166230870616,-83.44166230870616,0.3235294117647059,0.4787869064898863,38.993517708,-1.7866146007064,16247.71641,18,False,0.10270257680970485,956.9215624777498,True,2025-05-20T00:11:00+00:00,False
previously_viewed_2025_2026,cci_h6_chop_m3,public,cost2,BTCUSDT,18,0,-51.3516455882882,-51.3516455882882,0.2777777777777778,0.46914440259676404,27.748649148000002,-1.8548664402884,11572.811210000002,8,False,,,True,2025-05-20T00:11:00+00:00,False
previously_viewed_2025_2026,cci_h6_chop_m3,public,cost2,ETHUSDT,16,0,-32.09001672041795,-32.09001672041795,0.375,0.4935090001516728,11.24486856,0.06825183958200003,4674.9052,11,False,,,True,2025-05-20T00:11:00+00:00,False
previously_viewed_2025_2026,cci_h6_chop_m1,public,cost1,PORTFOLIO,45,0,-48.5538991784463,-48.5538991784463,0.28888888888888886,0.7814878927067748,36.591069936,-0.9981692424458001,30535.918410000002,19,False,0.10115042832711392,993.6361008215538,True,2025-05-21T22:36:00+00:00,False
previously_viewed_2025_2026,cci_h6_chop_m1,public,cost1,BTCUSDT,25,0,-68.48019523182722,-68.48019523182722,0.2,0.5259473587710785,26.393494776,-1.2262404558268,22015.00921,10,False,,,True,2025-05-21T22:36:00+00:00,False
previously_viewed_2025_2026,cci_h6_chop_m1,public,cost1,ETHUSDT,20,0,19.926296053380916,19.926296053380916,0.4,1.2563019746258148,10.19757516,0.22807121338099998,8520.9092,13,False,,,True,2025-05-21T22:36:00+00:00,False
previously_viewed_2025_2026,cci_h6_chop_m1,public,cost2,PORTFOLIO,42,0,-83.78370544928961,-83.78370544928961,0.30952380952380953,0.5912699551530296,53.078921196,-1.9541942532899002,22145.83406,19,False,0.10243279423257387,958.4062945507104,True,2025-05-20T23:21:00+00:00,False
previously_viewed_2025_2026,cci_h6_chop_m1,public,cost2,BTCUSDT,23,0,-82.96967157524973,-82.96967157524973,0.21739130434782608,0.38600289120434134,36.898917276,-2.0785642992499,15396.544960000001,10,False,,,True,2025-05-20T23:21:00+00:00,False
previously_viewed_2025_2026,cci_h6_chop_m1,public,cost2,ETHUSDT,19,0,-0.8140338740398737,-0.8140338740398737,0.42105263157894735,0.9883468124008832,16.18000392,0.12437004596,6749.2891,12,False,,,True,2025-05-20T23:21:00+00:00,False
previously_viewed_2025_2026,cci_h4_chop_w,public,cost1,PORTFOLIO,17,1,-14.336150297044453,-22.26245815784441,0.29411764705882354,0.705386811703085,14.343348534,-1.5676717630448,11950.109230000002,10,False,0.062096987477947875,1004.4455694361179,False,,False
previously_viewed_2025_2026,cci_h4_chop_w,public,cost1,BTCUSDT,7,0,-8.063285723272617,-8.063285723272617,0.2857142857142857,0.6812254474272502,5.643227514,-0.7180282092728001,4701.646830000001,4,False,,,False,,False
previously_viewed_2025_2026,cci_h4_chop_w,public,cost1,ETHUSDT,10,1,-6.272864573771836,-14.199172434571793,0.3,0.7175441203840789,8.70012102,-0.8496435537720001,7248.4624,6,False,,,False,,False
previously_viewed_2025_2026,cci_h4_chop_w,public,cost2,PORTFOLIO,17,1,-38.701345002743786,-44.52770853554379,0.29411764705882354,0.4496767717540885,23.201322347999998,-2.6097726547437,9671.374220000002,10,False,0.06267703680226544,992.0613822350788,False,,False
previously_viewed_2025_2026,cci_h4_chop_w,public,cost2,BTCUSDT,7,0,-17.751798709367787,-17.751798709367787,0.2857142857142857,0.39444081442544215,9.301621908,-1.2212268013677001,3877.0017200000007,4,False,,,False,,False
previously_viewed_2025_2026,cci_h4_chop_w,public,cost2,ETHUSDT,10,1,-20.949546293376,-26.775909826175997,0.3,0.481058838154929,13.899700439999998,-1.388545853376,5794.3725,6,False,,,False,,False
previously_viewed_2025_2026,cci_h4_chop_d,public,cost1,PORTFOLIO,36,0,131.54617347126617,131.54617347126617,0.3888888888888889,1.90370542435159,25.149346368,-2.3275401607340003,20944.45519,16,False,0.06170076044168118,985.136666994766,False,,False
previously_viewed_2025_2026,cci_h4_chop_d,public,cost1,BTCUSDT,14,0,-19.16062263991172,-19.16062263991172,0.2857142857142857,0.6618363857797304,12.117278268000002,-0.7163043719120001,10113.509590000001,10,False,,,False,,False
previously_viewed_2025_2026,cci_h4_chop_d,public,cost1,ETHUSDT,22,0,150.7067961111779,150.7067961111779,0.45454545454545453,2.69519557122515,13.0320681,-1.6112357888220001,10830.945600000001,12,False,,,False,,False
previously_viewed_2025_2026,cci_h4_chop_d,public,cost2,PORTFOLIO,36,0,65.48012290347776,65.48012290347776,0.3055555555555556,1.4181420659337365,40.600109496,-4.3722276005222,16908.05706,16,False,0.06146970420588933,981.7382879635255,False,,False
previously_viewed_2025_2026,cci_h4_chop_d,public,cost2,BTCUSDT,14,0,-38.44149059512719,-38.44149059512719,0.07142857142857142,0.42537106738300906,19.148979696,-1.5058708991272,7993.982260000001,10,False,,,False,,False
previously_viewed_2025_2026,cci_h4_chop_d,public,cost2,ETHUSDT,22,0,103.92161349860496,103.92161349860496,0.45454545454545453,2.158548341138105,21.4511298,-2.866356701395,8914.0748,12,False,,,False,,False
previously_viewed_2025_2026,cci_h4_chop_h12,public,cost1,PORTFOLIO,32,0,75.57025244228095,75.57025244228095,0.4375,1.655963551523577,20.904165216,-1.8472023417190002,17444.05299,20,False,0.07717073766455376,963.8734038428469,True,2026-02-06T07:06:00+00:00,False
previously_viewed_2025_2026,cci_h4_chop_h12,public,cost1,BTCUSDT,12,0,-4.967041599380094,-4.967041599380094,0.4166666666666667,0.8835974445503759,9.883986036,-1.0247755633800002,8260.693790000001,10,False,,,True,2026-02-06T07:06:00+00:00,False
previously_viewed_2025_2026,cci_h4_chop_h12,public,cost1,ETHUSDT,20,0,80.53729404166104,80.53729404166104,0.45,2.1103428857487843,11.02017918,-0.8224267783390001,9183.3592,15,False,,,True,2026-02-06T07:06:00+00:00,False
previously_viewed_2025_2026,cci_h4_chop_h12,public,cost2,PORTFOLIO,32,0,24.714152138662612,24.714152138662612,0.3125,1.1996194681103878,33.995537399999996,-3.1900504613374,14181.90401,20,False,0.0787462880958373,960.6815524251945,True,2026-02-06T07:06:00+00:00,False
previously_viewed_2025_2026,cci_h4_chop_h12,public,cost2,BTCUSDT,12,0,-21.80799722909239,-21.80799722909239,0.08333333333333333,0.5581912588331329,15.6660576,-1.6259796290924002,6550.20751,10,False,,,True,2026-02-06T07:06:00+00:00,False
previously_viewed_2025_2026,cci_h4_chop_h12,public,cost2,ETHUSDT,20,0,46.522149367755,46.522149367755,0.45,1.6249146714516705,18.329479799999998,-1.564070832245,7631.6965,15,False,,,True,2026-02-06T07:06:00+00:00,False
previously_viewed_2025_2026,cci_h4_chop_h6,public,cost1,PORTFOLIO,45,1,226.03165893160218,217.37326137640224,0.4222222222222222,2.4182501550894115,29.369485518,-1.7864855503981003,24523.122880000003,28,False,0.07295136330429777,1008.8640786781936,False,,False
previously_viewed_2025_2026,cci_h4_chop_h6,public,cost1,BTCUSDT,20,0,-10.745197001271928,-10.745197001271928,0.35,0.8762484372139228,16.427448918,-0.8157780832721002,13705.026880000001,14,False,,,False,,False
previously_viewed_2025_2026,cci_h4_chop_h6,public,cost1,ETHUSDT,25,1,236.7768559328741,228.11845837767416,0.48,4.433458154840483,12.9420366,-0.9707074671260001,10818.096000000001,18,False,,,False,,False
previously_viewed_2025_2026,cci_h4_chop_h6,public,cost2,PORTFOLIO,45,1,116.46980967591793,110.02280555431793,0.3333333333333333,1.6684750343030679,47.019013632,-3.3880966920819,19629.55944,28,False,0.07931921941167734,978.762745091005,False,,False
previously_viewed_2025_2026,cci_h4_chop_h6,public,cost2,BTCUSDT,20,0,-35.05072260291311,-35.05072260291311,0.15,0.6206258960711911,25.708906992,-1.5309356109129,10725.45014,14,False,,,False,,False
previously_viewed_2025_2026,cci_h4_chop_h6,public,cost2,ETHUSDT,25,1,151.52053227883104,145.07352815723104,0.48,3.009416723307333,21.31010664,-1.8571610811689998,8904.1093,18,False,,,False,,False
previously_viewed_2025_2026,cci_h4_chop_h4,public,cost1,PORTFOLIO,50,0,91.39652770777144,91.39652770777144,0.42,1.4864143061201487,32.065673406,-1.9333688862290002,26677.140590000003,32,False,0.08247473949521192,1008.2398314846904,False,,False
previously_viewed_2025_2026,cci_h4_chop_h4,public,cost1,BTCUSDT,17,0,13.333117581582089,13.333117581582089,0.35294117647058826,1.194016579875645,12.102283746000001,-0.5268686724180001,10077.849290000002,13,False,,,False,,False
previously_viewed_2025_2026,cci_h4_chop_h4,public,cost1,ETHUSDT,33,0,78.06341012618934,78.06341012618934,0.45454545454545453,1.6550208680452052,19.96338966,-1.406500213811,16599.2913,25,False,,,False,,False
previously_viewed_2025_2026,cci_h4_chop_h4,public,cost2,PORTFOLIO,41,0,-70.3619437060945,-70.3619437060945,0.2926829268292683,0.5992708087804302,41.45367432,-2.2756293860946,17242.64815,28,False,0.10367380783898372,971.8280562939055,True,2026-06-01T16:11:00+00:00,False
previously_viewed_2025_2026,cci_h4_chop_h4,public,cost2,BTCUSDT,16,0,-33.0972174564496,-33.0972174564496,0.25,0.5344268202743512,18.93867852,-1.1119989364496001,7875.20275,12,False,,,True,2026-06-01T16:11:00+00:00,False
previously_viewed_2025_2026,cci_h4_chop_h4,public,cost2,ETHUSDT,25,0,-37.264726249644895,-37.264726249644895,0.32,0.6433846926198229,22.514995799999998,-1.163630449645,9367.4454,21,False,,,True,2026-06-01T16:11:00+00:00,False
previously_viewed_2025_2026,cci_h4_chop_h1,public,cost1,PORTFOLIO,67,0,123.85541879643932,123.85541879643932,0.417910447761194,1.7055415921481423,27.258248064,-1.1890331395608003,22677.552020000003,43,False,0.0636420225705118,1025.053642750827,False,,False
previously_viewed_2025_2026,cci_h4_chop_h1,public,cost1,BTCUSDT,28,0,-2.425302540184606,-2.425302540184606,0.2857142857142857,0.9723148216796538,14.899318704,-0.03908383618480007,12428.036520000001,21,False,,,False,,False
previously_viewed_2025_2026,cci_h4_chop_h1,public,cost1,ETHUSDT,39,0,126.28072133662394,126.28072133662394,0.5128205128205128,2.435927441892626,12.35892936,-1.1499493033760002,10249.5155,31,False,,,False,,False
previously_viewed_2025_2026,cci_h4_chop_h1,public,cost2,PORTFOLIO,67,0,55.340888123656946,55.340888123656946,0.373134328358209,1.2923302696946108,46.834262267999996,-3.0159596083431004,19481.94206,43,False,0.0692599488988164,1003.1746640418684,False,,False
previously_viewed_2025_2026,cci_h4_chop_h1,public,cost2,BTCUSDT,28,0,-32.676859885043235,-32.676859885043235,0.25,0.6649601329871635,25.151549028,-0.6175208570431,10489.472860000002,21,False,,,False,,False
previously_viewed_2025_2026,cci_h4_chop_h1,public,cost2,ETHUSDT,39,0,88.01774800870018,88.01774800870018,0.46153846153846156,1.959026631342002,21.682713239999998,-2.3984387513,8992.4692,31,False,,,False,,False
previously_viewed_2025_2026,cci_h4_chop_m30,public,cost1,PORTFOLIO,58,1,169.52300037916956,169.7320588391696,0.3620689655172414,2.099670840991247,20.74140774,-0.8226918808306001,17313.50026,38,False,0.06656333749231502,1017.4964741528815,False,,False
previously_viewed_2025_2026,cci_h4_chop_m30,public,cost1,BTCUSDT,24,0,27.670568639969677,27.670568639969677,0.20833333333333334,1.352329752713677,10.16930094,-0.02983042003059999,8509.03636,23,False,,,False,,False
previously_viewed_2025_2026,cci_h4_chop_m30,public,cost1,ETHUSDT,34,1,141.8524317391999,142.06149019919994,0.47058823529411764,2.873863992508521,10.5721068,-0.7928614608000001,8804.4639,25,False,,,False,,False
previously_viewed_2025_2026,cci_h4_chop_m30,public,cost2,PORTFOLIO,58,1,105.26329185581504,106.31118309581503,0.3275862068965517,1.639888604196995,36.837379116,-2.2505990281851003,15369.662320000001,38,False,0.07904655506239991,999.401346542184,False,,False
previously_viewed_2025_2026,cci_h4_chop_m30,public,cost2,BTCUSDT,24,0,-0.9930165601931253,-0.9930165601931253,0.16666666666666666,0.988627808097589,18.026837556,-0.5175490041931,7541.018120000001,23,False,,,False,,False
previously_viewed_2025_2026,cci_h4_chop_m30,public,cost2,ETHUSDT,34,1,106.25630841600817,107.30419965600814,0.4411764705882353,2.3613755375350483,18.81054156,-1.7330500239920001,7828.6442,25,False,,,False,,False
previously_viewed_2025_2026,cci_h4_chop_m15,public,cost1,PORTFOLIO,72,0,33.17895193059616,33.17895193059616,0.3472222222222222,1.1338120500646698,30.831768582,-1.6601094874043,25642.482030000003,50,False,0.07743667453906816,966.3536461501108,False,,False
previously_viewed_2025_2026,cci_h4_chop_m15,public,cost1,BTCUSDT,33,0,-94.83725757531882,-94.83725757531882,0.15151515151515152,0.35657092972308524,18.278759862,-0.5365277133193,15232.36813,27,False,,,False,,False
previously_viewed_2025_2026,cci_h4_chop_m15,public,cost1,ETHUSDT,39,0,128.016209505915,128.016209505915,0.5128205128205128,2.2730532767355722,12.55300872,-1.123581774085,10410.1139,31,False,,,False,,False
previously_viewed_2025_2026,cci_h4_chop_m15,public,cost2,PORTFOLIO,72,0,-34.979588281418025,-34.979588281418025,0.3194444444444444,0.865192566180816,52.590779568,-3.478008713418,21871.14728,50,False,0.1007772619001732,939.8725451485637,False,,False
previously_viewed_2025_2026,cci_h4_chop_m15,public,cost2,BTCUSDT,33,0,-118.31356997624404,-118.31356997624404,0.12121212121212122,0.24618556759463847,30.990565128,-1.2493048482440001,12914.669580000002,27,False,,,False,,False
previously_viewed_2025_2026,cci_h4_chop_m15,public,cost2,ETHUSDT,39,0,83.33398169482602,83.33398169482602,0.48717948717948717,1.8128161419321092,21.60021444,-2.2287038651740003,8956.477700000001,31,False,,,False,,False
previously_viewed_2025_2026,cci_h4_chop_m5,public,cost1,PORTFOLIO,46,0,-101.00923879782931,-101.00923879782931,0.2608695652173913,0.5163534983526229,26.149811208,-1.0967275898297,21813.26119,21,False,0.11110836505001728,941.1807612021707,True,2025-06-04T08:21:00+00:00,False
previously_viewed_2025_2026,cci_h4_chop_m5,public,cost1,BTCUSDT,26,0,-67.23211529476843,-67.23211529476843,0.2692307692307692,0.4118111991156196,17.905012068,-1.1049032267687,14944.954490000002,12,False,,,True,2025-06-04T08:21:00+00:00,False
previously_viewed_2025_2026,cci_h4_chop_m5,public,cost1,ETHUSDT,20,0,-33.777123503060885,-33.777123503060885,0.25,0.6427428184407037,8.24479914,0.008175636939000003,6868.3067,14,False,,,True,2025-06-04T08:21:00+00:00,False
previously_viewed_2025_2026,cci_h4_chop_m5,public,cost2,PORTFOLIO,38,0,-101.83039868946422,-101.83039868946422,0.2894736842105263,0.4323634314640604,35.8377498,-1.7366888894646002,14942.758930000002,19,False,0.10685388057459981,940.3596013105358,True,2025-05-19T20:06:00+00:00,False
previously_viewed_2025_2026,cci_h4_chop_m5,public,cost2,BTCUSDT,20,0,-68.43011270760528,-68.43011270760528,0.3,0.2874538044731566,24.1953402,-1.7436125076056002,10102.637330000001,10,False,,,True,2025-05-19T20:06:00+00:00,False
previously_viewed_2025_2026,cci_h4_chop_m5,public,cost2,ETHUSDT,18,0,-33.40028598185895,-33.40028598185895,0.2777777777777778,0.5993133348924398,11.642409599999999,0.006923618141000013,4840.1216,12,False,,,True,2025-05-19T20:06:00+00:00,False
previously_viewed_2025_2026,cci_h4_chop_m3,public,cost1,PORTFOLIO,40,0,-66.42762261541706,-66.42762261541706,0.275,0.6659247683953098,28.966540344,-0.9693022714171,24144.11661,19,False,0.10240854103991506,975.4757042075438,True,2025-05-19T20:06:00+00:00,False
previously_viewed_2025_2026,cci_h4_chop_m3,public,cost1,BTCUSDT,23,0,-46.76119963383114,-46.76119963383114,0.2608695652173913,0.6029323480346674,22.116917364,-1.0654022698311,18442.553910000002,10,False,,,True,2025-05-19T20:06:00+00:00,False
previously_viewed_2025_2026,cci_h4_chop_m3,public,cost1,ETHUSDT,17,0,-19.666422981585924,-19.666422981585924,0.29411764705882354,0.7574262090456546,6.8496229799999995,0.096099998414,5701.5627,11,False,,,True,2025-05-19T20:06:00+00:00,False
previously_viewed_2025_2026,cci_h4_chop_m3,public,cost2,PORTFOLIO,26,0,-86.83733952180333,-86.83733952180333,0.2692307692307692,0.3656532366773169,28.813528092,-1.8347414298034,11990.415140000001,10,False,0.10271828887605723,954.9527456844315,True,2025-03-27T13:36:00+00:00,False
previously_viewed_2025_2026,cci_h4_chop_m3,public,cost2,BTCUSDT,15,0,-36.38822503853431,-36.38822503853431,0.3333333333333333,0.4951177621382555,21.619873572,-1.8953814665344,9014.71714,6,False,,,True,2025-03-27T13:36:00+00:00,False
previously_viewed_2025_2026,cci_h4_chop_m3,public,cost2,ETHUSDT,11,0,-50.44911448326902,-50.44911448326902,0.18181818181818182,0.22170259775960097,7.19365452,0.06064003673100001,2975.698,5,False,,,True,2025-03-27T13:36:00+00:00,False
previously_viewed_2025_2026,cci_h4_chop_m1,public,cost1,PORTFOLIO,47,0,-66.34554596610424,-66.34554596610424,0.2553191489361702,0.7172076243769483,34.02498912,-1.0939568461039,28362.0937,19,False,0.10655029332554428,975.8444540338958,True,2025-05-19T22:51:00+00:00,False
previously_viewed_2025_2026,cci_h4_chop_m1,public,cost1,BTCUSDT,24,0,-48.569204624664195,-48.569204624664195,0.25,0.6134194279742446,23.79167208,-1.2281325446639002,19838.168100000003,10,False,,,True,2025-05-19T22:51:00+00:00,False
previously_viewed_2025_2026,cci_h4_chop_m1,public,cost1,ETHUSDT,23,0,-17.77634134144004,-17.77634134144004,0.2608695652173913,0.836870439756853,10.23331704,0.13417569856,8523.9256,12,False,,,True,2025-05-19T22:51:00+00:00,False
previously_viewed_2025_2026,cci_h4_chop_m1,public,cost2,PORTFOLIO,21,0,-81.41661532645495,-81.41661532645495,0.23809523809523808,0.32818061570310575,27.806804724,-1.8451406024550001,11570.08177,7,False,0.10046977967200672,960.7733846735451,True,2025-02-20T09:46:00+00:00,False
previously_viewed_2025_2026,cci_h4_chop_m1,public,cost2,BTCUSDT,14,0,-32.39834289213492,-32.39834289213492,0.2857142857142857,0.5397256242692547,20.650015524,-1.952857368135,8609.070870000001,5,False,,,True,2025-02-20T09:46:00+00:00,False
previously_viewed_2025_2026,cci_h4_chop_m1,public,cost2,ETHUSDT,7,0,-49.018272434320025,-49.018272434320025,0.14285714285714285,0.03505541780306184,7.1567891999999995,0.10771676567999999,2961.0109,3,False,,,True,2025-02-20T09:46:00+00:00,False
previously_viewed_2025_2026,cci_h1_chop_w,public,cost1,PORTFOLIO,24,0,-77.8212659102796,-77.8212659102796,0.25,0.3697010867870168,15.735626646,-1.8014492642794,13143.1643,10,False,0.10350550271187062,964.3687340897204,True,2026-02-09T10:21:00+00:00,False
previously_viewed_2025_2026,cci_h1_chop_w,public,cost1,BTCUSDT,8,0,3.870119326187798,3.870119326187798,0.375,1.1228830914505588,6.326241126,-1.0932495478124,5266.2228000000005,3,False,,,True,2026-02-09T10:21:00+00:00,False
previously_viewed_2025_2026,cci_h1_chop_w,public,cost1,ETHUSDT,16,0,-81.6913852364674,-81.6913852364674,0.1875,0.11178870398735528,9.409385519999999,-0.7081997164670001,7876.941500000001,7,False,,,True,2026-02-09T10:21:00+00:00,False
previously_viewed_2025_2026,cci_h1_chop_w,public,cost2,PORTFOLIO,23,0,-88.22104633054994,-88.22104633054994,0.17391304347826086,0.25433813473765793,24.39817986,-2.95657647055,10196.34142,10,False,0.10255474810704053,953.9689536694501,True,2025-09-20T15:21:00+00:00,False
previously_viewed_2025_2026,cci_h1_chop_w,public,cost2,BTCUSDT,8,0,-10.60784877247598,-10.60784877247598,0.25,0.6915211608585768,10.41910926,-1.804349512476,4340.48772,3,False,,,True,2025-09-20T15:21:00+00:00,False
previously_viewed_2025_2026,cci_h1_chop_w,public,cost2,ETHUSDT,15,0,-77.61319755807396,-77.61319755807396,0.13333333333333333,0.0752054068550971,13.9790706,-1.152226958074,5855.853700000001,7,False,,,True,2025-09-20T15:21:00+00:00,False
previously_viewed_2025_2026,cci_h1_chop_d,public,cost1,PORTFOLIO,48,0,39.13886265854418,39.13886265854418,0.3125,1.215937946346753,27.08273409,-2.5027732514557,22530.42895,18,False,0.07385822200308997,1030.054928825279,False,,False
previously_viewed_2025_2026,cci_h1_chop_d,public,cost1,BTCUSDT,20,0,-30.41865038174674,-30.41865038174674,0.35,0.6067620066624615,13.85617683,-0.9885435517467,11541.242750000001,11,False,,,False,,False
previously_viewed_2025_2026,cci_h1_chop_d,public,cost1,ETHUSDT,28,0,69.55751304029091,69.55751304029091,0.2857142857142857,1.6694903976514683,13.22655726,-1.5142296997090001,10989.1862,15,False,,,False,,False
previously_viewed_2025_2026,cci_h1_chop_d,public,cost2,PORTFOLIO,48,0,-21.846280701593688,-21.846280701593688,0.2708333333333333,0.8876344358076975,44.775102924,-4.302407777593601,18626.33867,18,False,0.08061836923371403,999.4180004737134,False,,False
previously_viewed_2025_2026,cci_h1_chop_d,public,cost2,BTCUSDT,20,0,-55.43569659439185,-55.43569659439185,0.25,0.35121306263473073,22.574741604,-1.6904849903916002,9403.177070000002,11,False,,,False,,False
previously_viewed_2025_2026,cci_h1_chop_d,public,cost2,ETHUSDT,28,0,33.589415892798165,33.589415892798165,0.2857142857142857,1.3082266740445414,22.20036132,-2.6119227872020003,9223.161600000001,15,False,,,False,,False
previously_viewed_2025_2026,cci_h1_chop_h12,public,cost1,PORTFOLIO,40,0,181.93940514559367,181.93940514559367,0.5,2.4814607830302164,22.85947956,-2.4457552944064003,19078.444430000003,20,False,0.058114024333371574,1020.928313478975,False,,False
previously_viewed_2025_2026,cci_h1_chop_h12,public,cost1,BTCUSDT,18,0,53.48619638040268,53.48619638040268,0.5,1.828438803471735,13.5699045,-1.0670391195974,11363.97153,11,False,,,False,,False
previously_viewed_2025_2026,cci_h1_chop_h12,public,cost1,ETHUSDT,22,0,128.45320876519096,128.45320876519096,0.5,3.2052744256078554,9.28957506,-1.378716174809,7714.472900000001,15,False,,,False,,False
previously_viewed_2025_2026,cci_h1_chop_h12,public,cost2,PORTFOLIO,40,0,105.0190609519746,105.0190609519746,0.4,1.7956519116284952,38.08965294,-4.4432761080255005,15900.843660000002,20,False,0.06795223797683655,1012.743541608939,False,,False
previously_viewed_2025_2026,cci_h1_chop_h12,public,cost2,BTCUSDT,18,0,15.700985531977462,15.700985531977462,0.2777777777777778,1.2196081068657774,22.12831794,-1.9961865280225002,9272.106060000002,11,False,,,False,,False
previously_viewed_2025_2026,cci_h1_chop_h12,public,cost2,ETHUSDT,22,0,89.31807541999714,89.31807541999714,0.5,2.4764357917402373,15.961335,-2.4470895800030004,6628.7376,15,False,,,False,,False
previously_viewed_2025_2026,cci_h1_chop_h6,public,cost1,PORTFOLIO,41,1,103.8909673647522,104.04283264475222,0.4634146341463415,1.8663651401752992,19.910727276,-1.3263653592478002,16618.858760000003,28,False,0.06335388152669841,1010.0715639117415,False,,False
previously_viewed_2025_2026,cci_h1_chop_h6,public,cost1,BTCUSDT,17,0,44.17850905111033,44.17850905111033,0.47058823529411764,1.9345742643220094,10.350842076000001,-0.6251088728898001,8650.477560000001,11,False,,,False,,False
previously_viewed_2025_2026,cci_h1_chop_h6,public,cost1,ETHUSDT,24,1,59.71245831364186,59.86432359364189,0.4583333333333333,1.8220869960869566,9.5598852,-0.701256486358,7968.381200000001,20,False,,,False,,False
previously_viewed_2025_2026,cci_h1_chop_h6,public,cost2,PORTFOLIO,41,1,49.68327003862263,50.37043427862262,0.3902439024390244,1.3887150063129161,33.8966055,-2.7061944613774003,14153.54792,28,False,0.07225512552392507,980.8825478998707,False,,False
previously_viewed_2025_2026,cci_h1_chop_h6,public,cost2,BTCUSDT,17,0,15.694306605479637,15.694306605479637,0.29411764705882354,1.2901843051539412,17.29926762,-1.3599957745204,7231.70142,11,False,,,False,,False
previously_viewed_2025_2026,cci_h1_chop_h6,public,cost2,ETHUSDT,24,1,33.988963433143,34.67612767314298,0.4583333333333333,1.4592987053543827,16.597337879999998,-1.346198686857,6921.846500000001,20,False,,,False,,False
previously_viewed_2025_2026,cci_h1_chop_h4,public,cost1,PORTFOLIO,47,0,5.670833649763545,5.670833649763545,0.40425531914893614,1.0396911577528016,20.360703534,-1.4731728162364002,16936.69642,35,False,0.07825621057147099,986.1077199917416,False,,False
previously_viewed_2025_2026,cci_h1_chop_h4,public,cost1,BTCUSDT,14,0,-7.751534122761354,-7.751534122761354,0.2857142857142857,0.8379078756379976,8.418171654,-0.38027246876140014,7018.221020000001,13,False,,,False,,False
previously_viewed_2025_2026,cci_h1_chop_h4,public,cost1,ETHUSDT,33,0,13.422367772524899,13.422367772524899,0.45454545454545453,1.1412104934012044,11.94253188,-1.092900347475,9918.475400000001,26,False,,,False,,False
previously_viewed_2025_2026,cci_h1_chop_h4,public,cost2,PORTFOLIO,47,0,-37.089639839079865,-37.089639839079865,0.3617021276595745,0.7576809649017597,34.700338955999996,-2.83205088308,14434.702800000001,35,False,0.10046095073616819,957.5702401681251,False,,False
previously_viewed_2025_2026,cci_h1_chop_h4,public,cost2,BTCUSDT,14,0,-21.43736753924694,-21.43736753924694,0.21428571428571427,0.595333544314265,13.932064236,-0.833053303247,5809.008100000001,13,False,,,False,,False
previously_viewed_2025_2026,cci_h1_chop_h4,public,cost2,ETHUSDT,33,0,-15.652272299832928,-15.652272299832928,0.42424242424242425,0.8436114418285133,20.768274719999997,-1.998997579833,8625.6947,26,False,,,False,,False
previously_viewed_2025_2026,cci_h1_chop_h1,public,cost1,PORTFOLIO,75,0,78.71664897819764,78.71664897819764,0.37333333333333335,1.3706693439911584,26.476121862,-1.5755991598027,22057.9398,48,False,0.08040030993209574,1030.786714252178,False,,False
previously_viewed_2025_2026,cci_h1_chop_h1,public,cost1,BTCUSDT,30,0,-45.07677554907547,-45.07677554907547,0.23333333333333334,0.5836431789050214,13.485996522,-0.33984902707569997,11227.4822,23,False,,,False,,False
previously_viewed_2025_2026,cci_h1_chop_h1,public,cost1,ETHUSDT,45,0,123.7934245272731,123.7934245272731,0.4666666666666667,2.189192158986351,12.99012534,-1.235750132727,10830.4576,34,False,,,False,,False
previously_viewed_2025_2026,cci_h1_chop_h1,public,cost2,PORTFOLIO,75,0,17.101488942040234,17.101488942040234,0.32,1.075484784400662,46.567016628,-3.3762444299599004,19399.01479,48,False,0.09897768022238544,996.3434633729505,False,,False
previously_viewed_2025_2026,cci_h1_chop_h1,public,cost2,BTCUSDT,30,0,-67.32696764789098,-67.32696764789098,0.16666666666666666,0.4304380518447357,23.447411148,-0.9660064998909,9761.371790000001,23,False,,,False,,False
previously_viewed_2025_2026,cci_h1_chop_h1,public,cost2,ETHUSDT,45,0,84.42845658993122,84.42845658993122,0.4222222222222222,1.7792404775542474,23.11960548,-2.410237930069,9637.643,34,False,,,False,,False
previously_viewed_2025_2026,cci_h1_chop_m30,public,cost1,PORTFOLIO,50,0,-67.30780093394768,-67.30780093394768,0.24,0.5335363182410184,15.8813814,-1.2456195339477003,13247.04543,34,False,0.10287426301603045,974.8821990660524,True,2025-11-20T16:46:00+00:00,False
previously_viewed_2025_2026,cci_h1_chop_m30,public,cost1,BTCUSDT,15,0,-32.90274445986977,-32.90274445986977,0.26666666666666666,0.34776612466791046,7.07731962,-0.7763248398697001,5907.61483,13,False,,,True,2025-11-20T16:46:00+00:00,False
previously_viewed_2025_2026,cci_h1_chop_m30,public,cost1,ETHUSDT,35,0,-34.405056474077895,-34.405056474077895,0.22857142857142856,0.6333941122052966,8.80406178,-0.46929469407800006,7339.430600000001,26,False,,,True,2025-11-20T16:46:00+00:00,False
previously_viewed_2025_2026,cci_h1_chop_m30,public,cost2,PORTFOLIO,47,0,-79.92457317308144,-79.92457317308144,0.2127659574468085,0.4449827613497835,27.725317848,-2.3945753250815,11572.569860000001,32,False,0.10566097873045921,962.2654268269187,True,2025-10-28T21:11:00+00:00,False
previously_viewed_2025_2026,cci_h1_chop_m30,public,cost2,BTCUSDT,15,0,-44.49427041895654,-44.49427041895654,0.13333333333333333,0.20318000268792602,12.385945488,-1.4189449309565,5173.2002600000005,13,False,,,True,2025-10-28T21:11:00+00:00,False
previously_viewed_2025_2026,cci_h1_chop_m30,public,cost2,ETHUSDT,32,0,-35.4303027541249,-35.4303027541249,0.25,0.5981317028993854,15.339372359999999,-0.9756303941250001,6399.3696,24,False,,,True,2025-10-28T21:11:00+00:00,False
previously_viewed_2025_2026,cci_h1_chop_m15,public,cost1,PORTFOLIO,58,0,-99.83248352762514,-99.83248352762514,0.29310344827586204,0.4262764958040195,22.688875241999998,-1.7369182856251002,18930.713480000002,33,False,0.10154881528709292,942.3575164723749,True,2025-09-04T06:26:00+00:00,False
previously_viewed_2025_2026,cci_h1_chop_m15,public,cost1,BTCUSDT,20,0,-53.67333145294319,-53.67333145294319,0.25,0.3194941731548623,11.750479302,-1.1708621509431,9812.44208,15,False,,,True,2025-09-04T06:26:00+00:00,False
previously_viewed_2025_2026,cci_h1_chop_m15,public,cost1,ETHUSDT,38,0,-46.159152074681955,-46.159152074681955,0.3157894736842105,0.5148052474271119,10.93839594,-0.566056134682,9118.2714,24,False,,,True,2025-09-04T06:26:00+00:00,False
previously_viewed_2025_2026,cci_h1_chop_m15,public,cost2,PORTFOLIO,49,0,-104.1584141413126,-104.1584141413126,0.2653061224489796,0.3298865727418233,33.732119892,-2.6964842493126002,14070.396060000001,27,False,0.10286196150881742,937.6936056666874,True,2025-07-27T16:16:00+00:00,False
previously_viewed_2025_2026,cci_h1_chop_m15,public,cost2,BTCUSDT,19,0,-65.98768158331445,-65.98768158331445,0.15789473684210525,0.198557033753163,18.656531892,-1.9119396913146,7796.2645600000005,14,False,,,True,2025-07-27T16:16:00+00:00,False
previously_viewed_2025_2026,cci_h1_chop_m15,public,cost2,ETHUSDT,30,0,-38.17073255799815,-38.17073255799815,0.3333333333333333,0.4778136531460295,15.075588,-0.784544557998,6274.1315,19,False,,,True,2025-07-27T16:16:00+00:00,False
previously_viewed_2025_2026,cci_h1_chop_m5,public,cost1,PORTFOLIO,58,0,-63.03811815239041,-63.03811815239041,0.3103448275862069,0.7142517355206431,28.581661134,-1.8835470183904,23869.5685,21,False,0.10845895179277484,979.1518818476096,True,2025-06-09T21:06:00+00:00,False
previously_viewed_2025_2026,cci_h1_chop_m5,public,cost1,BTCUSDT,26,0,-64.06959812278747,-64.06959812278747,0.23076923076923078,0.4299403803462492,16.299673314,-1.5813148087874,13606.155400000001,13,False,,,True,2025-06-09T21:06:00+00:00,False
previously_viewed_2025_2026,cci_h1_chop_m5,public,cost1,ETHUSDT,32,0,1.0314799703970605,1.0314799703970605,0.375,1.0095316656979456,12.28198782,-0.30223220960299996,10263.4131,16,False,,,True,2025-06-09T21:06:00+00:00,False
previously_viewed_2025_2026,cci_h1_chop_m5,public,cost2,PORTFOLIO,55,0,-99.16651135837522,-99.16651135837522,0.2727272727272727,0.5449305861034153,45.358002144000004,-3.0668092143752004,18945.46641,21,False,0.10949377624623989,943.0234886416248,True,2025-06-02T22:06:00+00:00,False
previously_viewed_2025_2026,cci_h1_chop_m5,public,cost2,BTCUSDT,25,0,-81.39200416827403,-81.39200416827403,0.2,0.2967869275505154,26.344768464,-2.7059357042742,11003.157510000001,13,False,,,True,2025-06-02T22:06:00+00:00,False
previously_viewed_2025_2026,cci_h1_chop_m5,public,cost2,ETHUSDT,30,0,-17.774507190101186,-17.774507190101186,0.3333333333333333,0.826033672753079,19.01323368,-0.360873510101,7942.3089,16,False,,,True,2025-06-02T22:06:00+00:00,False
previously_viewed_2025_2026,cci_h1_chop_m3,public,cost1,PORTFOLIO,62,0,-48.3377700276964,-48.3377700276964,0.3548387096774194,0.7885142052582602,32.422532658,-2.4938473696963,27089.96351,24,False,0.10805650189858253,993.8522299723036,True,2025-07-01T14:46:00+00:00,False
previously_viewed_2025_2026,cci_h1_chop_m3,public,cost1,BTCUSDT,29,0,-66.81489997048644,-66.81489997048644,0.27586206896551724,0.43440709649772913,18.476225778,-1.9362841924863001,15420.056010000002,14,False,,,True,2025-07-01T14:46:00+00:00,False
previously_viewed_2025_2026,cci_h1_chop_m3,public,cost1,ETHUSDT,33,0,18.477129942790032,18.477129942790032,0.42424242424242425,1.1673194858161289,13.94630688,-0.55756317721,11669.907500000001,18,False,,,True,2025-07-01T14:46:00+00:00,False
previously_viewed_2025_2026,cci_h1_chop_m3,public,cost2,PORTFOLIO,56,0,-82.27578177714199,-82.27578177714199,0.32142857142857145,0.6032120324692557,49.393517568,-3.9029442091420004,20642.05208,22,False,0.10610623193445193,959.914218222858,True,2025-06-07T22:36:00+00:00,False
previously_viewed_2025_2026,cci_h1_chop_m3,public,cost2,BTCUSDT,29,0,-94.72736291182278,-94.72736291182278,0.1724137931034483,0.2702216516736285,30.749908248,-3.2904346638230004,12842.805280000002,14,False,,,True,2025-06-07T22:36:00+00:00,False
previously_viewed_2025_2026,cci_h1_chop_m3,public,cost2,ETHUSDT,27,0,12.451581134680797,12.451581134680797,0.48148148148148145,1.160558651848291,18.64360932,-0.612509545319,7799.2468,16,False,,,True,2025-06-07T22:36:00+00:00,False
previously_viewed_2025_2026,cci_h1_chop_m1,public,cost1,PORTFOLIO,68,0,-34.614875362939344,-34.614875362939344,0.3235294117647059,0.8605931643259892,37.84417071,-2.5355146529394,31575.952520000003,22,False,0.10019939859436695,997.8917906074769,True,2025-06-01T20:46:00+00:00,False
previously_viewed_2025_2026,cci_h1_chop_m1,public,cost1,BTCUSDT,32,0,-43.075674489732464,-43.075674489732464,0.28125,0.648762562742219,22.30301763,-2.3892668597324,18595.03972,13,False,,,True,2025-06-01T20:46:00+00:00,False
previously_viewed_2025_2026,cci_h1_chop_m1,public,cost1,ETHUSDT,36,0,8.460799126793122,8.460799126793122,0.3611111111111111,1.0673301490252722,15.541153079999999,-0.146247793207,12980.9128,16,False,,,True,2025-06-01T20:46:00+00:00,False
previously_viewed_2025_2026,cci_h1_chop_m1,public,cost2,PORTFOLIO,63,0,-91.71566871084687,-91.71566871084687,0.2857142857142857,0.6256634659027507,58.054649616,-4.037019094847,24224.009540000003,21,False,0.11069409002713898,950.4743312891532,True,2025-05-21T23:16:00+00:00,False
previously_viewed_2025_2026,cci_h1_chop_m1,public,cost2,BTCUSDT,29,0,-75.0440539471417,-75.0440539471417,0.2413793103448276,0.4060788789159084,33.738266976,-3.6639869711420006,14076.43214,12,False,,,True,2025-05-21T23:16:00+00:00,False
previously_viewed_2025_2026,cci_h1_chop_m1,public,cost2,ETHUSDT,34,0,-16.671614763705165,-16.671614763705165,0.3235294117647059,0.8594950816405904,24.31638264,-0.37303212370500005,10147.5774,15,False,,,True,2025-05-21T23:16:00+00:00,False
previously_viewed_2025_2026,cci_m30_chop_w,public,cost1,PORTFOLIO,27,0,-73.56940282985872,-73.56940282985872,0.25925925925925924,0.4622052485477596,19.642505537999998,-2.0997472918584,16394.66819,10,False,0.10098942090714313,968.6205971701413,True,2025-09-18T16:36:00+00:00,False
previously_viewed_2025_2026,cci_m30_chop_w,public,cost1,BTCUSDT,9,0,-8.143677566812354,-8.143677566812354,0.3333333333333333,0.8131688314963081,9.267207678,-1.2462198888124,7721.488190000001,3,False,,,True,2025-09-18T16:36:00+00:00,False
previously_viewed_2025_2026,cci_m30_chop_w,public,cost1,ETHUSDT,18,0,-65.42572526304636,-65.42572526304636,0.2222222222222222,0.29808149452552746,10.37529786,-0.853527403046,8673.18,7,False,,,True,2025-09-18T16:36:00+00:00,False
previously_viewed_2025_2026,cci_m30_chop_w,public,cost2,PORTFOLIO,26,0,-91.89218108478,-91.89218108478,0.19230769230769232,0.30883744545460884,30.562382172,-3.4059289127800003,12763.28784,9,False,0.10690253667914684,950.2978189152201,True,2025-09-15T04:11:00+00:00,False
previously_viewed_2025_2026,cci_m30_chop_w,public,cost2,BTCUSDT,9,0,-23.31273593247602,-23.31273593247602,0.2222222222222222,0.5049585532684642,14.382358452,-2.006207480476,5996.111440000001,3,False,,,True,2025-09-15T04:11:00+00:00,False
previously_viewed_2025_2026,cci_m30_chop_w,public,cost2,ETHUSDT,17,0,-68.57944515230399,-68.57944515230399,0.17647058823529413,0.20126965781249706,16.180023719999998,-1.3997214323040001,6767.1764,6,False,,,True,2025-09-15T04:11:00+00:00,False
previously_viewed_2025_2026,cci_m30_chop_d,public,cost1,PORTFOLIO,60,0,132.89699321541818,132.89699321541818,0.35,1.559353109514322,39.219733182,-3.3305436025818,32667.085010000003,21,False,0.09099573067960558,987.0554815959438,False,,False
previously_viewed_2025_2026,cci_m30_chop_d,public,cost1,BTCUSDT,26,0,-85.45543100254663,-85.45543100254663,0.3076923076923077,0.3678252007793916,21.438353562,-1.2810474405468002,17855.108510000002,13,False,,,False,,False
previously_viewed_2025_2026,cci_m30_chop_d,public,cost1,ETHUSDT,34,0,218.3524242179648,218.3524242179648,0.38235294117647056,3.1320644665150787,17.78137962,-2.049496162035,14811.9765,16,False,,,False,,False
previously_viewed_2025_2026,cci_m30_chop_d,public,cost2,PORTFOLIO,60,0,24.36904769210966,24.36904769210966,0.3,1.0974760291512156,63.489149796,-5.858572511890601,26436.94738,21,False,0.08772215305356644,974.4683174078211,False,,False
previously_viewed_2025_2026,cci_m30_chop_d,public,cost2,BTCUSDT,26,0,-108.60134456727766,-108.60134456727766,0.23076923076923078,0.21935327188127923,33.827458356,-2.2488562112776003,14087.983180000001,13,False,,,False,,False
previously_viewed_2025_2026,cci_m30_chop_d,public,cost2,ETHUSDT,34,0,132.97039225938732,132.97039225938732,0.35294117647058826,2.19919257086887,29.66169144,-3.609716300613,12348.9642,16,False,,,False,,False
previously_viewed_2025_2026,cci_m30_chop_h12,public,cost1,PORTFOLIO,57,0,171.61332000358544,171.61332000358544,0.42105263157894735,1.7367220288000749,35.38951434,-2.9660456564144,29491.120160000002,23,False,0.08655064766495367,982.962944615955,False,,False
previously_viewed_2025_2026,cci_m30_chop_h12,public,cost1,BTCUSDT,24,0,22.251208429301556,22.251208429301556,0.375,1.2095824115802392,17.82693822,-1.3911333506984,14913.056960000002,12,False,,,False,,False
previously_viewed_2025_2026,cci_m30_chop_h12,public,cost1,ETHUSDT,33,0,149.3621115742839,149.3621115742839,0.45454545454545453,2.1781901825291516,17.56257612,-1.5749123057160002,14578.0632,19,False,,,False,,False
previously_viewed_2025_2026,cci_m30_chop_h12,public,cost2,PORTFOLIO,57,0,67.9618360507813,67.9618360507813,0.3684210526315789,1.283741987305603,57.848119331999996,-5.5221346172191,24104.766050000002,23,False,0.09726239100998799,961.6929959558627,False,,False
previously_viewed_2025_2026,cci_m30_chop_h12,public,cost2,BTCUSDT,24,0,-18.891314614623063,-18.891314614623063,0.2916666666666667,0.8315220542775713,28.927378692,-2.5266259226231003,12105.580350000002,12,False,,,False,,False
previously_viewed_2025_2026,cci_m30_chop_h12,public,cost2,ETHUSDT,33,0,86.85315066540437,86.85315066540437,0.42424242424242425,1.681786505559046,28.920740639999998,-2.9955086945960003,11999.1857,19,False,,,False,,False
previously_viewed_2025_2026,cci_m30_chop_h6,public,cost1,PORTFOLIO,39,0,-55.48210190174322,-55.48210190174322,0.38461538461538464,0.6446725576840404,22.509087066,-0.9488648357432001,18754.10024,24,False,0.10510271155641675,986.7078980982568,True,2025-12-04T19:16:00+00:00,False
previously_viewed_2025_2026,cci_m30_chop_h6,public,cost1,BTCUSDT,13,0,-26.762411765025156,-26.762411765025156,0.38461538461538464,0.4311995655576053,10.383384546,-0.7466772190252,8646.389940000001,9,False,,,True,2025-12-04T19:16:00+00:00,False
previously_viewed_2025_2026,cci_m30_chop_h6,public,cost1,ETHUSDT,26,0,-28.719690136718068,-28.719690136718068,0.38461538461538464,0.7367411489446607,12.125702519999999,-0.20218761671800003,10107.7103,18,False,,,True,2025-12-04T19:16:00+00:00,False
previously_viewed_2025_2026,cci_m30_chop_h6,public,cost2,PORTFOLIO,36,0,-71.56654608705468,-71.56654608705468,0.2777777777777778,0.508928302709019,34.064313636,-2.166102451055,14199.08272,22,False,0.10469283133437085,970.6234539129454,True,2025-11-06T07:21:00+00:00,False
previously_viewed_2025_2026,cci_m30_chop_h6,public,cost2,BTCUSDT,12,0,-33.1545476537038,-33.1545476537038,0.25,0.26613603358495397,15.874501236,-1.4181164177040002,6615.954320000001,8,False,,,True,2025-11-06T07:21:00+00:00,False
previously_viewed_2025_2026,cci_m30_chop_h6,public,cost2,ETHUSDT,24,0,-38.411998433350874,-38.411998433350874,0.2916666666666667,0.6180091406517845,18.1898124,-0.7479860333510001,7583.1284000000005,16,False,,,True,2025-11-06T07:21:00+00:00,False
previously_viewed_2025_2026,cci_m30_chop_h4,public,cost1,PORTFOLIO,55,0,35.27174287805615,35.27174287805615,0.34545454545454546,1.194163642329015,26.980405536,-1.5577115859439001,22490.15338,36,False,0.09549823481456432,996.2013032771878,False,,False
previously_viewed_2025_2026,cci_m30_chop_h4,public,cost1,BTCUSDT,17,0,-14.761046597911843,-14.761046597911843,0.23529411764705882,0.7410168866512018,10.465109316000001,-0.3602972819119001,8723.14198,15,False,,,False,,False
previously_viewed_2025_2026,cci_m30_chop_h4,public,cost1,ETHUSDT,38,0,50.032789475967995,50.032789475967995,0.39473684210526316,1.401342085357436,16.51529622,-1.1974143040320002,13767.011400000001,26,False,,,False,,False
previously_viewed_2025_2026,cci_m30_chop_h4,public,cost2,PORTFOLIO,36,0,-66.73582003284079,-66.73582003284079,0.3055555555555556,0.5202434568054519,29.182094556,-1.6024954768410002,12142.42545,24,False,0.10159356904679276,975.4541799671592,True,2026-01-30T01:41:00+00:00,False
previously_viewed_2025_2026,cci_m30_chop_h4,public,cost2,BTCUSDT,12,0,-44.01874944671589,-44.01874944671589,0.25,0.17407838298139927,12.737127996,-0.881391450716,5296.150250000001,10,False,,,True,2026-01-30T01:41:00+00:00,False
previously_viewed_2025_2026,cci_m30_chop_h4,public,cost2,ETHUSDT,24,0,-22.717070586124905,-22.717070586124905,0.3333333333333333,0.7352538465262819,16.444966559999997,-0.7211040261250001,6846.2752,16,False,,,True,2026-01-30T01:41:00+00:00,False
previously_viewed_2025_2026,cci_m30_chop_h1,public,cost1,PORTFOLIO,67,0,46.509365098537245,46.509365098537245,0.3283582089552239,1.2357443031588817,23.236589268,-1.057725633463,19373.88766,45,False,0.08432063399845174,1020.5207253171859,False,,False
previously_viewed_2025_2026,cci_m30_chop_h1,public,cost1,BTCUSDT,27,0,-55.48109884873973,-55.48109884873973,0.1111111111111111,0.40712361403743685,11.491403028,0.02342417925999997,9583.939160000002,22,False,,,False,,False
previously_viewed_2025_2026,cci_m30_chop_h1,public,cost1,ETHUSDT,40,0,101.99046394727698,101.99046394727698,0.475,1.9834406738383057,11.745186239999999,-1.0811498127230001,9789.9485,31,False,,,False,,False
previously_viewed_2025_2026,cci_m30_chop_h1,public,cost2,PORTFOLIO,67,0,-8.737302579806038,-8.737302579806038,0.2835820895522388,0.9594365845553088,41.192776728,-2.6017058518061003,17172.573510000002,45,False,0.09693470100256696,994.2748660702935,False,,False
previously_viewed_2025_2026,cci_m30_chop_h1,public,cost2,BTCUSDT,27,0,-73.19977644471915,-73.19977644471915,0.07407407407407407,0.30862825552219636,20.250186648,-0.3623697967191,8444.38011,22,False,,,False,,False
previously_viewed_2025_2026,cci_m30_chop_h1,public,cost2,ETHUSDT,40,0,64.46247386491311,64.46247386491311,0.425,1.5885777455835564,20.94259008,-2.239336055087,8728.1934,31,False,,,False,,False
previously_viewed_2025_2026,cci_m30_chop_m30,public,cost1,PORTFOLIO,48,0,-64.12759272538767,-64.12759272538767,0.22916666666666666,0.5399240458326521,15.077495328,-0.9975373973877001,12579.62155,31,False,0.10215477445407026,978.0624072746124,True,2025-11-20T16:46:00+00:00,False
previously_viewed_2025_2026,cci_m30_chop_m30,public,cost1,BTCUSDT,14,0,-32.899852810124756,-32.899852810124756,0.21428571428571427,0.32464058106808047,6.353812248,-0.5156805621247,5305.182650000001,12,False,,,True,2025-11-20T16:46:00+00:00,False
previously_viewed_2025_2026,cci_m30_chop_m30,public,cost1,ETHUSDT,34,0,-31.227739915262912,-31.227739915262912,0.23529411764705882,0.655589864918737,8.723683079999999,-0.48185683526300005,7274.4389,25,False,,,True,2025-11-20T16:46:00+00:00,False
previously_viewed_2025_2026,cci_m30_chop_m30,public,cost2,PORTFOLIO,45,0,-74.38843356882141,-74.38843356882141,0.2222222222222222,0.4627738272675762,26.161815552,-1.9692780168215003,10923.1682,29,False,0.10320756165805867,967.8015664311787,True,2025-10-28T21:11:00+00:00,False
previously_viewed_2025_2026,cci_m30_chop_m30,public,cost2,BTCUSDT,14,0,-43.15143670212052,-43.15143670212052,0.14285714285714285,0.20818646395880705,11.193930912,-0.9841657901205001,4676.6695,12,False,,,True,2025-10-28T21:11:00+00:00,False
previously_viewed_2025_2026,cci_m30_chop_m30,public,cost2,ETHUSDT,31,0,-31.236996866700892,-31.236996866700892,0.25806451612903225,0.6280010548536161,14.96788464,-0.9851122267010001,6246.4987,23,False,,,True,2025-10-28T21:11:00+00:00,False
previously_viewed_2025_2026,cci_m30_chop_m15,public,cost1,PORTFOLIO,48,0,-59.640306417352896,-59.640306417352896,0.2708333333333333,0.6322240943246252,21.046395738,-1.2560406793527001,17593.686950000003,21,False,0.10318463750280732,979.9026731909776,True,2025-06-09T21:31:00+00:00,False
previously_viewed_2025_2026,cci_m30_chop_m15,public,cost1,BTCUSDT,23,0,-69.48055688967385,-69.48055688967385,0.21739130434782608,0.28905492651530024,13.617045378,-1.0908415116737,11374.92415,13,False,,,True,2025-06-09T21:31:00+00:00,False
previously_viewed_2025_2026,cci_m30_chop_m15,public,cost1,ETHUSDT,25,0,9.84025047232096,9.84025047232096,0.32,1.1527160446236535,7.42935036,-0.16519916767899998,6218.7628,14,False,,,True,2025-06-09T21:31:00+00:00,False
previously_viewed_2025_2026,cci_m30_chop_m15,public,cost2,PORTFOLIO,46,0,-90.52263060343928,-90.52263060343928,0.21739130434782608,0.46303417288877,34.524833496,-2.1579171074392,14435.620630000001,21,False,0.1039847031785287,951.6673693965607,True,2025-06-02T22:31:00+00:00,False
previously_viewed_2025_2026,cci_m30_chop_m15,public,cost2,BTCUSDT,22,0,-81.46701809988512,-81.46701809988512,0.13636363636363635,0.19407619845774882,22.038160536,-1.8493775638852001,9211.35663,13,False,,,True,2025-06-02T22:31:00+00:00,False
previously_viewed_2025_2026,cci_m30_chop_m15,public,cost2,ETHUSDT,24,0,-9.055612503554165,-9.055612503554165,0.2916666666666667,0.8658357680882748,12.48667296,-0.308539543554,5224.264,13,False,,,True,2025-06-02T22:31:00+00:00,False
previously_viewed_2025_2026,cci_m30_chop_m5,public,cost1,PORTFOLIO,67,0,18.691480388364454,18.691480388364454,0.3283582089552239,1.0819183230475398,37.146089562,-2.1232800496355,31041.139110000004,22,False,0.10417145270580425,969.6474879077547,True,2025-06-01T16:11:00+00:00,False
previously_viewed_2025_2026,cci_m30_chop_m5,public,cost1,BTCUSDT,29,0,-61.1458050194457,-61.1458050194457,0.2413793103448276,0.46808270111922495,20.424633582000002,-2.0193214374455,17039.878910000003,12,False,,,True,2025-06-01T16:11:00+00:00,False
previously_viewed_2025_2026,cci_m30_chop_m5,public,cost1,ETHUSDT,38,0,79.83728540781016,79.83728540781016,0.39473684210526316,1.705160741420577,16.721455979999998,-0.10395861219,14001.2602,16,False,,,True,2025-06-01T16:11:00+00:00,False
previously_viewed_2025_2026,cci_m30_chop_m5,public,cost2,PORTFOLIO,63,0,-44.786581626164406,-44.786581626164406,0.31746031746031744,0.8016111103728809,56.339795484,-3.6854561421646,23548.023250000002,21,False,0.10124680190211889,947.4130713042673,True,2025-05-25T20:01:00+00:00,False
previously_viewed_2025_2026,cci_m30_chop_m5,public,cost2,BTCUSDT,28,0,-91.01662597138538,-91.01662597138538,0.25,0.26783265450261345,31.294124004,-3.3022719673856002,13067.428450000001,11,False,,,True,2025-05-25T20:01:00+00:00,False
previously_viewed_2025_2026,cci_m30_chop_m5,public,cost2,ETHUSDT,35,0,46.230044345220975,46.230044345220975,0.37142857142857144,1.4557367987470085,25.04567148,-0.383184174779,10480.5948,15,False,,,True,2025-05-25T20:01:00+00:00,False
previously_viewed_2025_2026,cci_m30_chop_m3,public,cost1,PORTFOLIO,24,0,-81.72263178381829,-81.72263178381829,0.20833333333333334,0.26470927235679254,14.990384142,-1.5261376418185002,12517.951140000001,7,False,0.10247692194740109,959.7867884880402,True,2025-02-11T13:46:00+00:00,False
previously_viewed_2025_2026,cci_m30_chop_m3,public,cost1,BTCUSDT,21,0,-74.15264602173923,-74.15264602173923,0.19047619047619047,0.2664302028236492,14.034346242,-1.5508897797395,11724.572240000001,7,False,,,True,2025-02-11T13:46:00+00:00,False
previously_viewed_2025_2026,cci_m30_chop_m3,public,cost1,ETHUSDT,3,0,-7.5699857620790505,-7.5699857620790505,0.3333333333333333,0.24741472548435212,0.9560379,0.024752137921000006,793.3789,2,False,,,True,2025-02-11T13:46:00+00:00,False
previously_viewed_2025_2026,cci_m30_chop_m3,public,cost2,PORTFOLIO,22,0,-90.76138353477734,-90.76138353477734,0.18181818181818182,0.1833255667255955,22.732560972,-2.3690925627774,9502.378670000002,6,False,0.10217961624385404,951.4286164652227,True,2025-02-09T13:36:00+00:00,False
previously_viewed_2025_2026,cci_m30_chop_m3,public,cost2,BTCUSDT,20,0,-88.00455851898533,-88.00455851898533,0.15,0.1701002068340533,22.345526892,-2.3509016269854,9342.290270000001,6,False,,,True,2025-02-09T13:36:00+00:00,False
previously_viewed_2025_2026,cci_m30_chop_m3,public,cost2,ETHUSDT,2,0,-2.7568250157919985,-2.7568250157919985,0.5,0.4586967307291797,0.38703407999999995,-0.018190935792,160.0884,1,False,,,True,2025-02-09T13:36:00+00:00,False
previously_viewed_2025_2026,cci_m30_chop_m1,public,cost1,PORTFOLIO,30,0,-75.70790244430594,-75.70790244430594,0.23333333333333334,0.42309746773581947,19.810603098,-1.7945693463064,16522.651280000002,8,False,0.10083644738585736,966.482097555694,True,2025-02-18T04:31:00+00:00,False
previously_viewed_2025_2026,cci_m30_chop_m1,public,cost1,BTCUSDT,23,0,-59.00343771405105,-59.00343771405105,0.21739130434782608,0.437952442063432,16.171723218,-1.9649844960514,13496.869380000002,7,False,,,True,2025-02-18T04:31:00+00:00,False
previously_viewed_2025_2026,cci_m30_chop_m1,public,cost1,ETHUSDT,7,0,-16.704464730254898,-16.704464730254898,0.2857142857142857,0.3636943300157618,3.63887988,0.17041514974500002,3025.7819000000004,3,False,,,True,2025-02-18T04:31:00+00:00,False
previously_viewed_2025_2026,cci_m30_chop_m1,public,cost2,PORTFOLIO,25,0,-90.58664628336875,-90.58664628336875,0.24,0.27170261380772187,27.61660014,-3.0379161433690003,11526.124090000001,6,False,0.10422394913488842,951.6033537166313,True,2025-02-09T13:36:00+00:00,False
previously_viewed_2025_2026,cci_m30_chop_m1,public,cost2,BTCUSDT,22,0,-77.99769760486078,-77.99769760486078,0.22727272727272727,0.29100521507247734,25.775740980000002,-3.048526624861,10764.478790000001,6,False,,,True,2025-02-09T13:36:00+00:00,False
previously_viewed_2025_2026,cci_m30_chop_m1,public,cost2,ETHUSDT,3,0,-12.58894867850797,-12.58894867850797,0.3333333333333333,0.12392591830195877,1.8408591599999995,0.010610481492000001,761.6452999999999,1,False,,,True,2025-02-09T13:36:00+00:00,False
previously_viewed_2025_2026,cci_m15_chop_w,public,cost1,PORTFOLIO,42,0,-83.8925354057735,-83.8925354057735,0.2619047619047619,0.6128636139815846,34.796702202,-2.8021632037734,28998.365270000002,12,False,0.10386344478953935,958.2974645942265,True,2026-02-09T08:26:00+00:00,False
previously_viewed_2025_2026,cci_m15_chop_w,public,cost1,BTCUSDT,12,0,-29.03851369181212,-29.03851369181212,0.25,0.5643045575745722,12.984713022,-1.5156306698124,10827.863270000002,3,False,,,True,2026-02-09T08:26:00+00:00,False
previously_viewed_2025_2026,cci_m15_chop_w,public,cost1,ETHUSDT,30,0,-54.85402171396139,-54.85402171396139,0.26666666666666666,0.6344321714807167,21.811989179999998,-1.286532533961,18170.502,9,False,,,True,2026-02-09T08:26:00+00:00,False
previously_viewed_2025_2026,cci_m15_chop_w,public,cost2,PORTFOLIO,36,0,-93.7507634931239,-93.7507634931239,0.2777777777777778,0.4889827271152858,46.214527104,-4.697016389124,19277.47257,11,False,0.10099183151107076,948.4392365068761,True,2025-09-19T01:31:00+00:00,False
previously_viewed_2025_2026,cci_m15_chop_w,public,cost2,BTCUSDT,12,0,-47.76749958447592,-47.76749958447592,0.25,0.3344127982586451,20.252774304000003,-2.3949052804760003,8451.21587,3,False,,,True,2025-09-19T01:31:00+00:00,False
previously_viewed_2025_2026,cci_m15_chop_w,public,cost2,ETHUSDT,24,0,-45.983263908647984,-45.983263908647984,0.2916666666666667,0.5883016286404958,25.9617528,-2.302111108648,10826.2567,8,False,,,True,2025-09-19T01:31:00+00:00,False
previously_viewed_2025_2026,cci_m15_chop_d,public,cost1,PORTFOLIO,54,0,-22.81613478326788,-22.81613478326788,0.25925925925925924,0.905758472981617,33.459048294,-1.8775364892681001,27800.227560000003,17,False,0.08738650345904486,976.2606211805017,True,2026-02-12T15:06:00+00:00,False
previously_viewed_2025_2026,cci_m15_chop_d,public,cost1,BTCUSDT,21,0,-97.01638378415795,-97.01638378415795,0.19047619047619047,0.1867405219817264,16.738007274,-0.5855265101581001,13924.069060000002,10,False,,,True,2026-02-12T15:06:00+00:00,False
previously_viewed_2025_2026,cci_m15_chop_d,public,cost1,ETHUSDT,33,0,74.20024900089008,74.20024900089008,0.30303030303030304,1.604189819884883,16.721041019999998,-1.2920099791100002,13876.1585,11,False,,,True,2026-02-12T15:06:00+00:00,False
previously_viewed_2025_2026,cci_m15_chop_d,public,cost2,PORTFOLIO,54,0,-83.78926409196201,-83.78926409196201,0.24074074074074073,0.669278281485532,54.880522872,-3.6825212199621,22794.97159,17,False,0.08987355095193653,957.837861836816,True,2026-02-12T15:06:00+00:00,False
previously_viewed_2025_2026,cci_m15_chop_d,public,cost2,BTCUSDT,21,0,-111.590417171239,-111.590417171239,0.19047619047619047,0.08733027146759595,26.506643472,-1.2030536992391,11025.591890000002,10,False,,,True,2026-02-12T15:06:00+00:00,False
previously_viewed_2025_2026,cci_m15_chop_d,public,cost2,ETHUSDT,33,0,27.80115307927699,27.80115307927699,0.2727272727272727,1.2120855028983128,28.3738794,-2.479467520723,11769.379700000001,11,False,,,True,2026-02-12T15:06:00+00:00,False
previously_viewed_2025_2026,cci_m15_chop_h12,public,cost1,PORTFOLIO,74,0,210.89256658987898,210.89256658987898,0.36486486486486486,1.6015200718068587,54.669305226,-3.7750381841211005,45558.32765,28,False,0.09954877788627493,945.6193284265779,False,,False
previously_viewed_2025_2026,cci_m15_chop_h12,public,cost1,BTCUSDT,31,0,-2.281712802444084,-2.281712802444084,0.3548387096774194,0.9856892985785798,26.943698526,-1.6916242764441,22516.648650000003,16,False,,,False,,False
previously_viewed_2025_2026,cci_m15_chop_h12,public,cost1,ETHUSDT,43,0,213.17427939232306,213.17427939232306,0.37209302325581395,2.115171069447804,27.7256067,-2.083413907677,23041.679,22,False,,,False,,False
previously_viewed_2025_2026,cci_m15_chop_h12,public,cost2,PORTFOLIO,49,0,-95.64193651712618,-95.64193651712618,0.22448979591836735,0.6373474079427147,58.021515275999995,-4.6577712411262,24116.472410000002,21,False,0.10399467576989092,935.7320593544313,True,2026-01-22T08:01:00+00:00,False
previously_viewed_2025_2026,cci_m15_chop_h12,public,cost2,BTCUSDT,20,0,-105.66998286070836,-105.66998286070836,0.2,0.1172746743443331,30.487765836,-2.4403670247082,12732.049810000002,11,False,,,True,2026-01-22T08:01:00+00:00,False
previously_viewed_2025_2026,cci_m15_chop_h12,public,cost2,ETHUSDT,29,0,10.02804634358218,10.02804634358218,0.2413793103448276,1.069629531538015,27.533749439999998,-2.217404216418,11384.4226,15,False,,,True,2026-01-22T08:01:00+00:00,False
previously_viewed_2025_2026,cci_m15_chop_h6,public,cost1,PORTFOLIO,48,0,-56.97807385333299,-56.97807385333299,0.3958333333333333,0.7225983839095612,35.567606604,-1.4432472493331003,29608.128940000002,28,False,0.11380609185297767,985.211926146667,True,2025-12-04T13:01:00+00:00,False
previously_viewed_2025_2026,cci_m15_chop_h6,public,cost1,BTCUSDT,19,0,-41.26969027612111,-41.26969027612111,0.42105263157894735,0.484440388327904,18.900744564,-1.0827257121211002,15731.135340000003,13,False,,,True,2025-12-04T13:01:00+00:00,False
previously_viewed_2025_2026,cci_m15_chop_h6,public,cost1,ETHUSDT,29,0,-15.708383577211874,-15.708383577211874,0.3793103448275862,0.8746846918284248,16.666862039999998,-0.36052153721200003,13876.9936,20,False,,,True,2025-12-04T13:01:00+00:00,False
previously_viewed_2025_2026,cci_m15_chop_h6,public,cost2,PORTFOLIO,42,0,-60.61811879909972,-60.61811879909972,0.3333333333333333,0.6431504233641859,47.377609812,-3.0701989870998,19727.25935,24,False,0.10086774868485295,981.5718812009003,True,2025-10-27T16:56:00+00:00,False
previously_viewed_2025_2026,cci_m15_chop_h6,public,cost2,BTCUSDT,15,0,-27.957415434087782,-27.957415434087782,0.3333333333333333,0.44323849262967907,21.912975132,-2.0208303020878002,9126.06595,10,False,,,True,2025-10-27T16:56:00+00:00,False
previously_viewed_2025_2026,cci_m15_chop_h6,public,cost2,ETHUSDT,27,0,-32.66070336501194,-32.66070336501194,0.3333333333333333,0.7270447289526434,25.46463468,-1.0493686850119999,10601.1934,18,False,,,True,2025-10-27T16:56:00+00:00,False
previously_viewed_2025_2026,cci_m15_chop_h4,public,cost1,PORTFOLIO,49,0,-32.43546230755852,-32.43546230755852,0.3877551020408163,0.841012972644761,32.48326932,-0.9798929875584002,27035.223490000004,28,False,0.10626034938861074,1009.7545376924415,True,2026-01-30T01:26:00+00:00,False
previously_viewed_2025_2026,cci_m15_chop_h4,public,cost1,BTCUSDT,20,0,-34.17651186489368,-34.17651186489368,0.35,0.6301551386695815,18.01407942,-0.7432324448934,14985.759590000001,14,False,,,True,2026-01-30T01:26:00+00:00,False
previously_viewed_2025_2026,cci_m15_chop_h4,public,cost1,ETHUSDT,29,0,1.7410495573351654,1.7410495573351654,0.41379310344827586,1.0156000243618533,14.4691899,-0.23666054266500008,12049.4639,19,False,,,True,2026-01-30T01:26:00+00:00,False
previously_viewed_2025_2026,cci_m15_chop_h4,public,cost2,PORTFOLIO,47,0,-64.53924443446314,-64.53924443446314,0.3404255319148936,0.6592380719561431,50.485131576,-2.3439328584632,21014.02473,27,False,0.10665214209959233,975.586344355641,True,2026-01-21T08:41:00+00:00,False
previously_viewed_2025_2026,cci_m15_chop_h4,public,cost2,BTCUSDT,20,0,-58.85127878524514,-58.85127878524514,0.3,0.3898894588376354,28.208768496,-1.5334302892452,11733.67143,14,False,,,True,2026-01-21T08:41:00+00:00,False
previously_viewed_2025_2026,cci_m15_chop_h4,public,cost2,ETHUSDT,27,0,-5.687965649217995,-5.687965649217995,0.37037037037037035,0.9387975200710609,22.27636308,-0.8105025692180001,9280.3533,18,False,,,True,2026-01-21T08:41:00+00:00,False
previously_viewed_2025_2026,cci_m15_chop_h1,public,cost1,PORTFOLIO,77,0,115.4715525124455,115.4715525124455,0.38961038961038963,1.4216310730470045,36.495893688,-0.8910737995551001,30407.51995,48,False,0.07441267419783994,1030.3924975572606,False,,False
previously_viewed_2025_2026,cci_m15_chop_h1,public,cost1,BTCUSDT,33,0,-7.748264600238555,-7.748264600238555,0.30303030303030304,0.9441509954108863,19.818116688,0.24973208776089997,16537.18575,25,False,,,False,,False
previously_viewed_2025_2026,cci_m15_chop_h1,public,cost1,ETHUSDT,44,0,123.21981711268405,123.21981711268405,0.45454545454545453,1.9118427490971195,16.677777,-1.140805887316,13870.3342,33,False,,,False,,False
previously_viewed_2025_2026,cci_m15_chop_h1,public,cost2,PORTFOLIO,77,0,23.466955450596426,23.466955450596426,0.3246753246753247,1.0824136918194553,60.878363291999996,-2.7421312574037002,25354.913800000002,48,False,0.09142078988091606,996.0485982494748,False,,False
previously_viewed_2025_2026,cci_m15_chop_h1,public,cost2,BTCUSDT,33,0,-53.29774019860579,-53.29774019860579,0.24242424242424243,0.6310485866789194,32.238684132,-0.2984060666057,13443.224800000002,25,False,,,False,,False
previously_viewed_2025_2026,cci_m15_chop_h1,public,cost2,ETHUSDT,44,0,76.76469564920221,76.76469564920221,0.38636363636363635,1.5471916751398243,28.63967916,-2.443725190798,11911.689,33,False,,,False,,False
previously_viewed_2025_2026,cci_m15_chop_m30,public,cost1,PORTFOLIO,54,0,-81.13087977846025,-81.13087977846025,0.2777777777777778,0.4858868400988943,17.169853512,-1.0506062664603002,14314.492070000002,33,False,0.1006736259348504,961.0591202215398,True,2025-12-15T15:01:00+00:00,False
previously_viewed_2025_2026,cci_m15_chop_m30,public,cost1,BTCUSDT,18,0,-27.922457946686297,-27.922457946686297,0.3888888888888889,0.4816869980173589,8.089371492,-0.5935664546863001,6753.112070000001,15,False,,,True,2025-12-15T15:01:00+00:00,False
previously_viewed_2025_2026,cci_m15_chop_m30,public,cost1,ETHUSDT,36,0,-53.20842183177396,-53.20842183177396,0.2222222222222222,0.48806369785802034,9.08048202,-0.45703981177400005,7561.38,26,False,,,True,2025-12-15T15:01:00+00:00,False
previously_viewed_2025_2026,cci_m15_chop_m30,public,cost2,PORTFOLIO,48,0,-94.17249593834991,-94.17249593834991,0.20833333333333334,0.36986529761595016,26.718909108,-2.1363368303500003,11143.25042,30,False,0.1049160770021914,948.0175040616501,True,2025-11-20T16:46:00+00:00,False
previously_viewed_2025_2026,cci_m15_chop_m30,public,cost2,BTCUSDT,13,0,-38.317000674387025,-38.317000674387025,0.15384615384615385,0.21129288192190282,10.515572388,-1.167778286387,4394.80532,11,False,,,True,2025-11-20T16:46:00+00:00,False
previously_viewed_2025_2026,cci_m15_chop_m30,public,cost2,ETHUSDT,35,0,-55.85549526396289,-55.85549526396289,0.22857142857142856,0.4462414732251488,16.20333672,-0.9685585439630001,6748.4451,25,False,,,True,2025-11-20T16:46:00+00:00,False
previously_viewed_2025_2026,cci_m15_chop_m15,public,cost1,PORTFOLIO,50,0,-68.79499259426217,-68.79499259426217,0.24,0.6104954511476122,21.462981984,-1.2598106102621,17933.78802,20,False,0.10230102488614419,966.082281323638,True,2025-05-31T14:06:00+00:00,False
previously_viewed_2025_2026,cci_m15_chop_m15,public,cost1,BTCUSDT,24,0,-66.8189627842901,-66.8189627842901,0.20833333333333334,0.3125584277929304,13.416131424,-1.1514313602901,11206.23522,11,False,,,True,2025-05-31T14:06:00+00:00,False
previously_viewed_2025_2026,cci_m15_chop_m15,public,cost1,ETHUSDT,26,0,-1.9760298099720826,-1.9760298099720826,0.2692307692307692,0.9751199673723852,8.04685056,-0.10837924997199999,6727.5528,13,False,,,True,2025-05-31T14:06:00+00:00,False
previously_viewed_2025_2026,cci_m15_chop_m15,public,cost2,PORTFOLIO,50,0,-103.65644915689089,-103.65644915689089,0.2,0.43995478434663154,36.743573196,-2.3392259608908,15355.606090000001,20,False,0.10525362125513966,938.5335508431091,True,2025-05-31T14:06:00+00:00,False
previously_viewed_2025_2026,cci_m15_chop_m15,public,cost2,BTCUSDT,24,0,-85.13009547679772,-85.13009547679772,0.125,0.19679635810796176,22.876551516000003,-2.0404939607978,9562.00299,11,False,,,True,2025-05-31T14:06:00+00:00,False
previously_viewed_2025_2026,cci_m15_chop_m15,public,cost2,ETHUSDT,26,0,-18.526353680093166,-18.526353680093166,0.2692307692307692,0.7657787794270484,13.867021679999999,-0.298732000093,5793.6031,13,False,,,True,2025-05-31T14:06:00+00:00,False
previously_viewed_2025_2026,cci_m15_chop_m5,public,cost1,PORTFOLIO,66,0,-28.082683893045104,-28.082683893045104,0.30303030303030304,0.8900824987688616,39.296444166,-1.3748297270453,32771.78441,18,False,0.10129666967168523,953.6797654382157,True,2025-05-05T22:41:00+00:00,False
previously_viewed_2025_2026,cci_m15_chop_m5,public,cost1,BTCUSDT,25,0,-38.782373082218164,-38.782373082218164,0.28,0.5881129869208926,18.676293906,-1.6527691762183,15572.804910000003,9,False,,,True,2025-05-05T22:41:00+00:00,False
previously_viewed_2025_2026,cci_m15_chop_m5,public,cost1,ETHUSDT,41,0,10.699689189173064,10.699689189173064,0.3170731707317073,1.066321369482063,20.62015026,0.277939449173,17198.9795,13,False,,,True,2025-05-05T22:41:00+00:00,False
previously_viewed_2025_2026,cci_m15_chop_m5,public,cost2,PORTFOLIO,31,0,-104.34995539032668,-104.34995539032668,0.22580645161290322,0.22894775224321096,31.2152997,-2.8106456903268002,13010.884780000002,8,False,0.10421454024833686,935.9056990566935,True,2025-02-18T06:11:00+00:00,False
previously_viewed_2025_2026,cci_m15_chop_m5,public,cost2,BTCUSDT,22,0,-67.52901913987071,-67.52901913987071,0.22727272727272727,0.3009348511968671,24.8798439,-2.9772652398708,10386.437580000002,7,False,,,True,2025-02-18T06:11:00+00:00,False
previously_viewed_2025_2026,cci_m15_chop_m5,public,cost2,ETHUSDT,9,0,-36.82093625045597,-36.82093625045597,0.2222222222222222,0.04942524173843268,6.3354558,0.16661954954400002,2624.4472,3,False,,,True,2025-02-18T06:11:00+00:00,False
previously_viewed_2025_2026,cci_m15_chop_m3,public,cost1,PORTFOLIO,28,0,-93.43129021800314,-93.43129021800314,0.21428571428571427,0.27538682827728694,17.36195373,-1.5617064880031999,14483.929390000001,7,False,0.10292738716829965,948.4880662412769,True,2025-02-11T13:46:00+00:00,False
previously_viewed_2025_2026,cci_m15_chop_m3,public,cost1,BTCUSDT,23,0,-69.9983210456741,-69.9983210456741,0.21739130434782608,0.3205228416867559,15.448959330000001,-1.6609317156742,12900.576990000001,7,False,,,True,2025-02-11T13:46:00+00:00,False
previously_viewed_2025_2026,cci_m15_chop_m3,public,cost1,ETHUSDT,5,0,-23.432969172329035,-23.432969172329035,0.2,0.09600694755573295,1.9129943999999999,0.099225227671,1583.3524,2,False,,,True,2025-02-11T13:46:00+00:00,False
previously_viewed_2025_2026,cci_m15_chop_m3,public,cost2,PORTFOLIO,25,0,-99.39466497828568,-99.39466497828568,0.2,0.19949613744472988,24.3929286,-2.4149963782856,10183.50372,6,False,0.1006080612144772,942.7953350217144,True,2025-02-09T01:16:00+00:00,False
previously_viewed_2025_2026,cci_m15_chop_m3,public,cost2,BTCUSDT,21,0,-80.8853462269437,-80.8853462269437,0.19047619047619047,0.21713525856973184,22.34715744,-2.4613487869436,9339.35402,6,False,,,True,2025-02-09T01:16:00+00:00,False
previously_viewed_2025_2026,cci_m15_chop_m3,public,cost2,ETHUSDT,4,0,-18.50931875134198,-18.50931875134198,0.25,0.11206842329667598,2.04577116,0.046352408658,844.1497,1,False,,,True,2025-02-09T01:16:00+00:00,False
previously_viewed_2025_2026,cci_m15_chop_m1,public,cost1,PORTFOLIO,28,0,-83.97732429347195,-83.97732429347195,0.25,0.3781730302526993,19.742736732,-1.9837875614723002,16465.86491,6,False,0.10180333529099797,957.8905490985279,True,2025-02-09T13:36:00+00:00,False
previously_viewed_2025_2026,cci_m15_chop_m1,public,cost1,BTCUSDT,24,0,-65.30764218364197,-65.30764218364197,0.25,0.42936379996175117,18.557634672,-2.0403075116423,15487.050410000002,6,False,,,True,2025-02-09T13:36:00+00:00,False
previously_viewed_2025_2026,cci_m15_chop_m1,public,cost1,ETHUSDT,4,0,-18.669682109829978,-18.669682109829978,0.25,0.09380470044515572,1.18510206,0.05651995017000001,978.8145000000001,1,False,,,True,2025-02-09T13:36:00+00:00,False
previously_viewed_2025_2026,cci_m15_chop_m1,public,cost2,PORTFOLIO,26,0,-97.04868000262175,-97.04868000262175,0.2692307692307692,0.26909739597617033,28.898319516,-3.1524704866218003,12062.038410000001,6,False,0.10265292541540579,945.1413199973783,True,2025-02-08T07:16:00+00:00,False
previously_viewed_2025_2026,cci_m15_chop_m1,public,cost2,BTCUSDT,23,0,-84.24151039281574,-84.24151039281574,0.2608695652173913,0.2872442329194712,27.536922156,-3.1336982368158,11500.50301,6,False,,,True,2025-02-08T07:16:00+00:00,False
previously_viewed_2025_2026,cci_m15_chop_m1,public,cost2,ETHUSDT,3,0,-12.807169609806015,-12.807169609806015,0.3333333333333333,0.12207211251216331,1.3613973599999998,-0.018772249805999997,561.5354,1,False,,,True,2025-02-08T07:16:00+00:00,False
previously_viewed_2025_2026,cci_m5_chop_w,public,cost1,PORTFOLIO,51,0,-76.487106270608,-76.487106270608,0.2549019607843137,0.724390814087777,50.520577386,-3.9541988846079,42102.76092,12,False,0.10018255039635482,965.7028937293921,True,2025-09-30T13:11:00+00:00,False
previously_viewed_2025_2026,cci_m5_chop_w,public,cost1,BTCUSDT,15,0,-27.280764737031586,-27.280764737031586,0.26666666666666666,0.6391436648561535,18.143074926,-2.0288598110319,15122.78352,3,False,,,True,2025-09-30T13:11:00+00:00,False
previously_viewed_2025_2026,cci_m5_chop_w,public,cost1,ETHUSDT,36,0,-49.20634153357641,-49.20634153357641,0.25,0.7563078487945578,32.377502459999995,-1.925339073576,26979.9774,9,False,,,True,2025-09-30T13:11:00+00:00,False
previously_viewed_2025_2026,cci_m5_chop_w,public,cost2,PORTFOLIO,38,0,-96.06131192375211,-96.06131192375211,0.2631578947368421,0.5370491868637652,56.893378919999996,-4.788993003752,23722.764020000002,9,False,0.10024986598891227,946.128688076248,True,2025-09-06T12:11:00+00:00,False
previously_viewed_2025_2026,cci_m5_chop_w,public,cost2,BTCUSDT,15,0,-57.546419168476056,-57.546419168476056,0.2,0.34027055404354467,28.359476280000003,-3.233402888476,11829.425220000001,3,False,,,True,2025-09-06T12:11:00+00:00,False
previously_viewed_2025_2026,cci_m5_chop_w,public,cost2,ETHUSDT,23,0,-38.51489275527605,-38.51489275527605,0.30434782608695654,0.6797646322504003,28.533902639999997,-1.555590115276,11893.3388,6,False,,,True,2025-09-06T12:11:00+00:00,False
previously_viewed_2025_2026,cci_m5_chop_d,public,cost1,PORTFOLIO,74,0,-36.97708923513188,-36.97708923513188,0.28378378378378377,0.9012613127099496,62.353204278,-2.7123749571326,51878.62275,18,False,0.10843188420105318,954.14227968613,True,2026-02-12T15:06:00+00:00,False
previously_viewed_2025_2026,cci_m5_chop_d,public,cost1,BTCUSDT,29,0,-111.75887598208811,-111.75887598208811,0.2413793103448276,0.3078518350048248,30.583806018,-1.1074599640886,25458.040950000002,10,False,,,True,2026-02-12T15:06:00+00:00,False
previously_viewed_2025_2026,cci_m5_chop_d,public,cost1,ETHUSDT,45,0,74.78178674695624,74.78178674695624,0.3111111111111111,1.3510424757303061,31.76939826,-1.604914993044,26420.5818,12,False,,,True,2026-02-12T15:06:00+00:00,False
previously_viewed_2025_2026,cci_m5_chop_d,public,cost2,PORTFOLIO,22,0,-87.5507939986505,-87.5507939986505,0.18181818181818182,0.2977963368161709,27.293388276,-0.2574357226505,11376.9204,6,False,0.10355002876930354,954.6392060013495,True,2025-07-13T01:41:00+00:00,False
previously_viewed_2025_2026,cci_m5_chop_d,public,cost2,BTCUSDT,4,0,-33.92649907374643,-33.92649907374643,0.0,0.0,8.291158236000001,0.07012916225350002,3467.5020000000004,2,False,,,True,2025-07-13T01:41:00+00:00,False
previously_viewed_2025_2026,cci_m5_chop_d,public,cost2,ETHUSDT,18,0,-53.62429492490408,-53.62429492490408,0.2222222222222222,0.409121855928358,19.00223004,-0.32756488490400004,7909.4184000000005,4,False,,,True,2025-07-13T01:41:00+00:00,False
previously_viewed_2025_2026,cci_m5_chop_h12,public,cost1,PORTFOLIO,21,0,-105.60416579316608,-105.60416579316608,0.14285714285714285,0.14071069563771899,15.544551636,-0.3706141571658,12945.57623,8,False,0.10329633430175968,936.585834206834,True,2025-05-12T06:31:00+00:00,False
previously_viewed_2025_2026,cci_m5_chop_h12,public,cost1,BTCUSDT,10,0,-46.572790931977,-46.572790931977,0.1,0.15621255799489525,9.479137536,-0.4659533959768,7917.5951300000015,5,False,,,True,2025-05-12T06:31:00+00:00,False
previously_viewed_2025_2026,cci_m5_chop_h12,public,cost1,ETHUSDT,11,0,-59.031374861189065,-59.031374861189065,0.18181818181818182,0.1280726332808298,6.0654141,0.09533923881100001,5027.9811,4,False,,,True,2025-05-12T06:31:00+00:00,False
previously_viewed_2025_2026,cci_m5_chop_h12,public,cost2,PORTFOLIO,20,0,-107.02476452538397,-107.02476452538397,0.15,0.10247190284600648,22.813930356,-0.7100641693838001,9495.3651,7,False,0.10321537636499487,935.1652354746161,True,2025-05-12T00:11:00+00:00,False
previously_viewed_2025_2026,cci_m5_chop_h12,public,cost2,BTCUSDT,9,0,-44.545637560144854,-44.545637560144854,0.1111111111111111,0.12066632000643433,12.495143556,-0.7393240041448,5221.9654,4,False,,,True,2025-05-12T00:11:00+00:00,False
previously_viewed_2025_2026,cci_m5_chop_h12,public,cost2,ETHUSDT,11,0,-62.47912696523912,-62.47912696523912,0.18181818181818182,0.08903320422472838,10.3187868,0.029259834760999998,4273.3997,4,False,,,True,2025-05-12T00:11:00+00:00,False
previously_viewed_2025_2026,cci_m5_chop_h6,public,cost1,PORTFOLIO,45,0,-5.32055100862691,-5.32055100862691,0.4888888888888889,0.9683950519929362,41.29581222,-2.4084987886270004,34418.83784,23,False,0.10356196464939217,1028.684501379392,True,2025-10-04T00:06:00+00:00,False
previously_viewed_2025_2026,cci_m5_chop_h6,public,cost1,BTCUSDT,16,0,14.696302737335982,14.696302737335982,0.5625,1.390939949668755,18.41815086,-1.9147064026640002,15320.627340000001,11,False,,,True,2025-10-04T00:06:00+00:00,False
previously_viewed_2025_2026,cci_m5_chop_h6,public,cost1,ETHUSDT,29,0,-20.01685374596289,-20.01685374596289,0.4482758620689655,0.8469112709677474,22.877661359999998,-0.493792385963,19098.2105,16,False,,,True,2025-10-04T00:06:00+00:00,False
previously_viewed_2025_2026,cci_m5_chop_h6,public,cost2,PORTFOLIO,40,0,-35.75782982011513,-35.75782982011513,0.425,0.7504181356157866,54.927943368,-4.3196464521152,22902.45759,20,False,0.10002295974181252,1006.4321701798849,True,2025-09-13T13:51:00+00:00,False
previously_viewed_2025_2026,cci_m5_chop_h6,public,cost2,BTCUSDT,13,0,-3.5236249283579504,-3.5236249283579504,0.38461538461538464,0.8878426268765457,22.217987328,-3.2788976003582,9246.508090000001,9,False,,,True,2025-09-13T13:51:00+00:00,False
previously_viewed_2025_2026,cci_m5_chop_h6,public,cost2,ETHUSDT,27,0,-32.23420489175717,-32.23420489175717,0.4444444444444444,0.71181932988984,32.70995604,-1.040748851757,13655.9495,14,False,,,True,2025-09-13T13:51:00+00:00,False
previously_viewed_2025_2026,cci_m5_chop_h4,public,cost1,PORTFOLIO,46,0,-6.849472662376708,-6.849472662376708,0.43478260869565216,0.9627742488976755,36.908128302,-1.8547943603766002,30768.19206,23,False,0.10224534548368705,1035.3405273376234,True,2025-09-22T09:26:00+00:00,False
previously_viewed_2025_2026,cci_m5_chop_h4,public,cost1,BTCUSDT,13,0,25.921631013858264,25.921631013858264,0.46153846153846156,1.6944475903382474,14.267814162,-1.4401048241416001,11859.770260000001,8,False,,,True,2025-09-22T09:26:00+00:00,False
previously_viewed_2025_2026,cci_m5_chop_h4,public,cost1,ETHUSDT,33,0,-32.77110367623497,-32.77110367623497,0.42424242424242425,0.7765676539631984,22.640314139999997,-0.41468953623500004,18908.4218,19,False,,,True,2025-09-22T09:26:00+00:00,False
previously_viewed_2025_2026,cci_m5_chop_h4,public,cost2,PORTFOLIO,41,0,-38.7288876942309,-38.7288876942309,0.43902439024390244,0.7515662004643758,49.430923236,-3.176014458231,20607.29389,21,False,0.10620092562401906,1003.4611123057691,True,2025-08-24T09:41:00+00:00,False
previously_viewed_2025_2026,cci_m5_chop_h4,public,cost2,BTCUSDT,12,0,3.904329019886143,3.904329019886143,0.4166666666666667,1.1114383937466608,20.370852396,-2.385168584114,8474.52499,7,False,,,True,2025-08-24T09:41:00+00:00,False
previously_viewed_2025_2026,cci_m5_chop_h4,public,cost2,ETHUSDT,29,0,-42.63321671411705,-42.63321671411705,0.4482758620689655,0.6472407854504246,29.060070839999998,-0.7908458741170001,12132.768900000001,17,False,,,True,2025-08-24T09:41:00+00:00,False
previously_viewed_2025_2026,cci_m5_chop_h1,public,cost1,PORTFOLIO,100,0,67.47869934197655,67.47869934197655,0.34,1.2030651394657927,53.026454928,-1.1252657300242002,44187.60832000001,56,True,0.08924420822634571,1009.7190777693023,False,,False
previously_viewed_2025_2026,cci_m5_chop_h1,public,cost1,BTCUSDT,42,0,-39.09104438451737,-39.09104438451737,0.2619047619047619,0.7592130903739988,30.393685068,0.1675206834818,25347.139720000003,29,False,,,False,,False
previously_viewed_2025_2026,cci_m5_chop_h1,public,cost1,ETHUSDT,58,0,106.56974372649391,106.56974372649391,0.39655172413793105,1.6270516019244474,22.63276986,-1.292786413506,18840.4686,42,False,,,False,,False
previously_viewed_2025_2026,cci_m5_chop_h1,public,cost2,PORTFOLIO,57,0,-71.06251055771939,-71.06251055771939,0.2631578947368421,0.6688082385989649,46.344175224,-2.6238553337195003,19290.98978,35,False,0.10670224856175849,971.1274894422806,True,2025-12-15T13:26:00+00:00,False
previously_viewed_2025_2026,cci_m5_chop_h1,public,cost2,BTCUSDT,21,0,-69.42156252089761,-69.42156252089761,0.19047619047619047,0.22633576711237474,20.915422584,-1.1016599368975002,8705.74308,15,False,,,True,2025-12-15T13:26:00+00:00,False
previously_viewed_2025_2026,cci_m5_chop_h1,public,cost2,ETHUSDT,36,0,-1.6409480368217801,-1.6409480368217801,0.3055555555555556,0.9868550844430013,25.42875264,-1.5221953968220001,10585.246700000002,26,False,,,True,2025-12-15T13:26:00+00:00,False
previously_viewed_2025_2026,cci_m5_chop_m30,public,cost1,PORTFOLIO,54,0,-71.1945148669942,-71.1945148669942,0.24074074074074073,0.5529350942806497,20.94209214,-1.3610427269944,17451.429340000002,35,False,0.10369329952906559,970.9954851330059,True,2025-11-19T17:41:00+00:00,False
previously_viewed_2025_2026,cci_m5_chop_m30,public,cost1,BTCUSDT,16,0,-33.12112746789946,-33.12112746789946,0.25,0.3453283861625051,7.32127764,-0.7855698278994,6110.96104,14,False,,,True,2025-11-19T17:41:00+00:00,False
previously_viewed_2025_2026,cci_m5_chop_m30,public,cost1,ETHUSDT,38,0,-38.07338739909473,-38.07338739909473,0.23684210526315788,0.6495994298267771,13.6208145,-0.575472899095,11340.4683,27,False,,,True,2025-11-19T17:41:00+00:00,False
previously_viewed_2025_2026,cci_m5_chop_m30,public,cost2,PORTFOLIO,48,0,-84.02721444462014,-84.02721444462014,0.22916666666666666,0.4483510689769864,34.310072124,-2.5445723206204,14298.730950000001,32,False,0.10116689407158315,957.1784056428688,True,2025-10-17T07:11:00+00:00,False
previously_viewed_2025_2026,cci_m5_chop_m30,public,cost2,BTCUSDT,14,0,-34.43793642989744,-34.43793642989744,0.14285714285714285,0.24329468268847762,11.742471084,-1.4486953458974001,4900.44905,13,False,,,True,2025-10-17T07:11:00+00:00,False
previously_viewed_2025_2026,cci_m5_chop_m30,public,cost2,ETHUSDT,34,0,-49.58927801472271,-49.58927801472271,0.2647058823529412,0.5357231835024585,22.56760104,-1.0958769747230002,9398.2819,24,False,,,True,2025-10-17T07:11:00+00:00,False
previously_viewed_2025_2026,cci_m5_chop_m15,public,cost1,PORTFOLIO,51,0,-77.43363556848838,-77.43363556848838,0.23529411764705882,0.5772732115192132,22.105562034,-1.2454835344883002,18473.37139,20,False,0.10046653681173413,958.0138888101352,True,2025-05-29T08:21:00+00:00,False
previously_viewed_2025_2026,cci_m5_chop_m15,public,cost1,BTCUSDT,25,0,-76.3129943704163,-76.3129943704163,0.2,0.28247416845606,14.210914974,-1.1373893964163,11872.91149,11,False,,,True,2025-05-29T08:21:00+00:00,False
previously_viewed_2025_2026,cci_m5_chop_m15,public,cost1,ETHUSDT,26,0,-1.1206411980720794,-1.1206411980720794,0.2692307692307692,0.9854122699140949,7.89464706,-0.108094138072,6600.4599,13,False,,,True,2025-05-29T08:21:00+00:00,False
previously_viewed_2025_2026,cci_m5_chop_m15,public,cost2,PORTFOLIO,49,0,-105.52973519327247,-105.52973519327247,0.1836734693877551,0.4302217938351635,36.212992476000004,-2.2621327172724,15136.193570000001,19,False,0.10385061002534232,936.6602648067275,True,2025-05-25T20:01:00+00:00,False
previously_viewed_2025_2026,cci_m5_chop_m15,public,cost2,BTCUSDT,25,0,-94.83445475431537,-94.83445475431537,0.12,0.17973909307101193,24.239753076,-2.0283916783154,10134.18027,11,False,,,True,2025-05-25T20:01:00+00:00,False
previously_viewed_2025_2026,cci_m5_chop_m15,public,cost2,ETHUSDT,24,0,-10.695280438957091,-10.695280438957091,0.25,0.8463254801477506,11.973239399999999,-0.233741038957,5002.0133000000005,12,False,,,True,2025-05-25T20:01:00+00:00,False
previously_viewed_2025_2026,cci_m5_chop_m5,public,cost1,PORTFOLIO,30,0,-90.08253572948433,-90.08253572948433,0.26666666666666666,0.3595087585256315,19.440031722,-1.8896340074847,16200.417270000002,7,False,0.1011568913223168,951.8621935617382,True,2025-02-11T13:51:00+00:00,False
previously_viewed_2025_2026,cci_m5_chop_m5,public,cost1,BTCUSDT,24,0,-54.217281725538335,-54.217281725538335,0.2916666666666667,0.47284151661349655,17.470977042,-1.9790346835387,14576.531170000002,7,False,,,True,2025-02-11T13:51:00+00:00,False
previously_viewed_2025_2026,cci_m5_chop_m5,public,cost1,ETHUSDT,6,0,-35.865254003946,-35.865254003946,0.16666666666666666,0.05112963485016308,1.96905468,0.08940067605400001,1623.8861000000002,2,False,,,True,2025-02-11T13:51:00+00:00,False
previously_viewed_2025_2026,cci_m5_chop_m5,public,cost2,PORTFOLIO,28,0,-99.86199172279008,-99.86199172279008,0.25,0.25864866020935967,30.619303368,-3.0776883547902,12768.713670000001,7,False,0.10115312035977653,941.430559537486,True,2025-02-10T01:46:00+00:00,False
previously_viewed_2025_2026,cci_m5_chop_m5,public,cost2,BTCUSDT,23,0,-74.71215719725208,-74.71215719725208,0.2608695652173913,0.3067574835453666,27.816170448,-3.1428867492522,11611.947570000002,6,False,,,True,2025-02-10T01:46:00+00:00,False
previously_viewed_2025_2026,cci_m5_chop_m5,public,cost2,ETHUSDT,5,0,-25.149834525537997,-25.149834525537997,0.2,0.06612481645272852,2.80313292,0.065198394462,1156.7661,2,False,,,True,2025-02-10T01:46:00+00:00,False
previously_viewed_2025_2026,cci_m5_chop_m3,public,cost1,PORTFOLIO,29,0,-78.50649275795072,-78.50649275795072,0.3103448275862069,0.47323736481028894,21.819854994,-2.0063277639509,18198.667350000003,6,False,0.10455127537875471,963.6835072420494,True,2025-02-07T03:41:00+00:00,False
previously_viewed_2025_2026,cci_m5_chop_m3,public,cost1,BTCUSDT,26,0,-65.93969933187671,-65.93969933187671,0.3076923076923077,0.5078405361060772,21.140561814,-2.0041275178769,17638.53235,6,False,,,True,2025-02-07T03:41:00+00:00,False
previously_viewed_2025_2026,cci_m5_chop_m3,public,cost1,ETHUSDT,3,0,-12.566793426074003,-12.566793426074003,0.3333333333333333,0.16529935638148774,0.67929318,-0.0022002460739999983,560.1350000000001,1,False,,,True,2025-02-07T03:41:00+00:00,False
previously_viewed_2025_2026,cci_m5_chop_m3,public,cost2,PORTFOLIO,29,0,-107.0620528042794,-107.0620528042794,0.20689655172413793,0.30531079915713955,35.074645824,-3.2658069802792005,14638.479360000001,6,False,0.1074334262023008,935.1279471957206,True,2025-02-07T03:41:00+00:00,False
previously_viewed_2025_2026,cci_m5_chop_m3,public,cost2,BTCUSDT,26,0,-95.57059260745538,-95.57059260745538,0.19230769230769232,0.31875172305439087,33.910717344,-3.2554752634552004,14158.667760000002,6,False,,,True,2025-02-07T03:41:00+00:00,False
previously_viewed_2025_2026,cci_m5_chop_m3,public,cost2,ETHUSDT,3,0,-11.491460196824011,-11.491460196824011,0.3333333333333333,0.16894609987802497,1.16392848,-0.010331716824,479.8116,1,False,,,True,2025-02-07T03:41:00+00:00,False
previously_viewed_2025_2026,cci_m5_chop_m1,public,cost1,PORTFOLIO,30,0,-65.71519461834316,-65.71519461834316,0.26666666666666666,0.5906154855114406,26.242001772000002,-2.4204928463436,21884.43216,6,False,0.1019136654028181,976.4748053816569,True,2025-02-06T22:16:00+00:00,False
previously_viewed_2025_2026,cci_m5_chop_m1,public,cost1,BTCUSDT,28,0,-63.01267161649914,-63.01267161649914,0.25,0.5957793570907891,25.982121972,-2.4068496444996,21669.08016,6,False,,,True,2025-02-06T22:16:00+00:00,False
previously_viewed_2025_2026,cci_m5_chop_m1,public,cost1,ETHUSDT,2,0,-2.702523001844014,-2.702523001844014,0.5,0.4169456010908408,0.25987979999999994,-0.013643201843999999,215.352,1,False,,,True,2025-02-06T22:16:00+00:00,False
previously_viewed_2025_2026,cci_m5_chop_m1,public,cost2,PORTFOLIO,30,0,-101.04595040841735,-101.04595040841735,0.26666666666666666,0.39174454131451814,41.23612776,-3.8988626484174005,17206.877780000003,6,False,0.10895076616697315,941.1440495915826,True,2025-02-06T22:16:00+00:00,False
previously_viewed_2025_2026,cci_m5_chop_m1,public,cost2,BTCUSDT,28,0,-97.70130224472935,-97.70130224472935,0.25,0.39315496974610104,40.716366,-3.8715762447294004,16991.70918,6,False,,,True,2025-02-06T22:16:00+00:00,False
previously_viewed_2025_2026,cci_m5_chop_m1,public,cost2,ETHUSDT,2,0,-3.344648163688001,-3.344648163688001,0.5,0.3474405065200226,0.5197617599999999,-0.027286403687999998,215.1686,1,False,,,True,2025-02-06T22:16:00+00:00,False
previously_viewed_2025_2026,cci_m3_chop_w,public,cost1,PORTFOLIO,51,0,-83.42852365818504,-83.42852365818504,0.2549019607843137,0.7045160744849936,50.337937284,-3.7655263741849003,41954.21720000001,12,False,0.10208809728190124,958.7614763418151,True,2025-09-30T13:11:00+00:00,False
previously_viewed_2025_2026,cci_m3_chop_w,public,cost1,BTCUSDT,15,0,-33.37057874303161,-33.37057874303161,0.26666666666666666,0.5909587373717456,18.232720044,-1.8601986990319002,15200.572200000002,3,False,,,True,2025-09-30T13:11:00+00:00,False
previously_viewed_2025_2026,cci_m3_chop_w,public,cost1,ETHUSDT,36,0,-50.057944915153435,-50.057944915153435,0.25,0.7506614542379926,32.105217239999995,-1.9053276751530002,26753.645,9,False,,,True,2025-09-30T13:11:00+00:00,False
previously_viewed_2025_2026,cci_m3_chop_w,public,cost2,PORTFOLIO,38,0,-101.18864711752218,-101.18864711752218,0.2631578947368421,0.5226175648437308,56.7444759,-4.508601217522,23663.49941,9,False,0.10477690189119142,941.0013528824779,True,2025-09-06T12:11:00+00:00,False
previously_viewed_2025_2026,cci_m3_chop_w,public,cost2,BTCUSDT,15,0,-62.17033804247611,-62.17033804247611,0.2,0.32262043608873825,28.422850020000002,-2.9568180224760003,11858.249510000001,3,False,,,True,2025-09-06T12:11:00+00:00,False
previously_viewed_2025_2026,cci_m3_chop_w,public,cost2,ETHUSDT,23,0,-39.01830907504607,-39.01830907504607,0.30434782608695654,0.6753477484957874,28.32162588,-1.551783195046,11805.2499,6,False,,,True,2025-09-06T12:11:00+00:00,False
previously_viewed_2025_2026,cci_m3_chop_d,public,cost1,PORTFOLIO,55,0,-42.893224492472044,-42.893224492472044,0.2909090909090909,0.8463310448480883,50.432534946,-2.1314795464725003,41947.580460000005,15,False,0.10843188420105318,954.14227968613,True,2026-01-31T02:06:00+00:00,False
previously_viewed_2025_2026,cci_m3_chop_d,public,cost1,BTCUSDT,21,0,-89.0278334309772,-89.0278334309772,0.23809523809523808,0.27304780838932485,25.465034106,-0.9191893249775,21213.167360000003,7,False,,,True,2026-01-31T02:06:00+00:00,False
previously_viewed_2025_2026,cci_m3_chop_d,public,cost1,ETHUSDT,34,0,46.13460893850515,46.13460893850515,0.3235294117647059,1.2944883656802302,24.96750084,-1.2122902214950002,20734.4131,10,False,,,True,2026-01-31T02:06:00+00:00,False
previously_viewed_2025_2026,cci_m3_chop_d,public,cost2,PORTFOLIO,22,0,-87.5507939986505,-87.5507939986505,0.18181818181818182,0.2977963368161709,27.293388276,-0.2574357226505,11376.9204,6,False,0.10355002876930354,954.6392060013495,True,2025-07-13T01:41:00+00:00,False
previously_viewed_2025_2026,cci_m3_chop_d,public,cost2,BTCUSDT,4,0,-33.92649907374643,-33.92649907374643,0.0,0.0,8.291158236000001,0.07012916225350002,3467.5020000000004,2,False,,,True,2025-07-13T01:41:00+00:00,False
previously_viewed_2025_2026,cci_m3_chop_d,public,cost2,ETHUSDT,18,0,-53.62429492490408,-53.62429492490408,0.2222222222222222,0.409121855928358,19.00223004,-0.32756488490400004,7909.4184000000005,4,False,,,True,2025-07-13T01:41:00+00:00,False
previously_viewed_2025_2026,cci_m3_chop_h12,public,cost1,PORTFOLIO,21,0,-105.62297614516606,-105.62297614516606,0.14285714285714285,0.1406891620734168,15.519521988,-0.3706141571658,12924.74011,8,False,0.10331434366190104,936.5670238548339,True,2025-05-12T06:31:00+00:00,False
previously_viewed_2025_2026,cci_m3_chop_h12,public,cost1,BTCUSDT,10,0,-46.591601283977006,-46.591601283977006,0.1,0.1561593391213092,9.454107888000001,-0.4659533959768,7896.759010000001,5,False,,,True,2025-05-12T06:31:00+00:00,False
previously_viewed_2025_2026,cci_m3_chop_h12,public,cost1,ETHUSDT,11,0,-59.031374861189065,-59.031374861189065,0.18181818181818182,0.1280726332808298,6.0654141,0.09533923881100001,5027.9811,4,False,,,True,2025-05-12T06:31:00+00:00,False
previously_viewed_2025_2026,cci_m3_chop_h12,public,cost2,PORTFOLIO,20,0,-107.07985592138397,-107.07985592138397,0.15,0.10242458208175109,22.788991752,-0.7100641693838001,9485.01403,7,False,0.10326820672582665,935.110144078616,True,2025-05-12T00:11:00+00:00,False
previously_viewed_2025_2026,cci_m3_chop_h12,public,cost2,BTCUSDT,9,0,-44.600728956144856,-44.600728956144856,0.1111111111111111,0.12053523701852012,12.470204952,-0.7393240041448,5211.61433,4,False,,,True,2025-05-12T00:11:00+00:00,False
previously_viewed_2025_2026,cci_m3_chop_h12,public,cost2,ETHUSDT,11,0,-62.47912696523912,-62.47912696523912,0.18181818181818182,0.08903320422472838,10.3187868,0.029259834760999998,4273.3997,4,False,,,True,2025-05-12T00:11:00+00:00,False
previously_viewed_2025_2026,cci_m3_chop_h6,public,cost1,PORTFOLIO,45,0,-6.827696691426913,-6.827696691426913,0.4888888888888889,0.9594423587724915,41.20984398,-2.4140127114270005,34346.40384,23,False,0.10486498569624705,1028.684501379392,True,2025-10-04T00:06:00+00:00,False
previously_viewed_2025_2026,cci_m3_chop_h6,public,cost1,BTCUSDT,16,0,14.696302737335982,14.696302737335982,0.5625,1.390939949668755,18.41815086,-1.9147064026640002,15320.627340000001,11,False,,,True,2025-10-04T00:06:00+00:00,False
previously_viewed_2025_2026,cci_m3_chop_h6,public,cost1,ETHUSDT,29,0,-21.523999428762895,-21.523999428762895,0.4482758620689655,0.8353846334664452,22.791693119999998,-0.49930630876300003,19025.7765,16,False,,,True,2025-10-04T00:06:00+00:00,False
previously_viewed_2025_2026,cci_m3_chop_h6,public,cost2,PORTFOLIO,40,0,-36.47301966221512,-36.47301966221512,0.425,0.744816239234674,54.713638848,-4.316640814215201,22812.44769,20,False,0.10066250054385271,1005.7169803377849,True,2025-09-13T13:51:00+00:00,False
previously_viewed_2025_2026,cci_m3_chop_h6,public,cost2,BTCUSDT,13,0,-3.5236249283579504,-3.5236249283579504,0.38461538461538464,0.8878426268765457,22.217987328,-3.2788976003582,9246.508090000001,9,False,,,True,2025-09-13T13:51:00+00:00,False
previously_viewed_2025_2026,cci_m3_chop_h6,public,cost2,ETHUSDT,27,0,-32.94939473385717,-32.94939473385717,0.4444444444444444,0.7045206287467826,32.495651519999996,-1.037743213857,13565.939600000002,14,False,,,True,2025-09-13T13:51:00+00:00,False
previously_viewed_2025_2026,cci_m3_chop_h4,public,cost1,PORTFOLIO,46,0,-8.335392038566203,-8.335392038566203,0.43478260869565216,0.9546932961929274,36.86385249,-1.8579295485662002,30730.532020000002,23,False,0.1035338017944242,1033.8546079614339,True,2025-09-22T09:26:00+00:00,False
previously_viewed_2025_2026,cci_m3_chop_h4,public,cost1,BTCUSDT,13,0,25.94285732046877,25.94285732046877,0.46153846153846156,1.6954117007219294,14.309506590000002,-1.4377260895312,11894.544220000002,8,False,,,True,2025-09-22T09:26:00+00:00,False
previously_viewed_2025_2026,cci_m3_chop_h4,public,cost1,ETHUSDT,33,0,-34.27824935903497,-34.27824935903497,0.42424242424242425,0.7662919824736402,22.554345899999998,-0.420203459035,18835.9878,19,False,,,True,2025-09-22T09:26:00+00:00,False
previously_viewed_2025_2026,cci_m3_chop_h4,public,cost2,PORTFOLIO,40,0,-31.850786010330882,-31.850786010330882,0.45,0.7847285656157174,48.12680778,-3.082608230331,20059.98956,20,False,0.10007448899070742,1010.3392139896691,True,2025-08-24T00:36:00+00:00,False
previously_viewed_2025_2026,cci_m3_chop_h4,public,cost2,BTCUSDT,12,0,4.039521905886143,4.039521905886143,0.4166666666666667,1.11574372654469,20.34222798,-2.382780114114,8462.54606,7,False,,,True,2025-08-24T00:36:00+00:00,False
previously_viewed_2025_2026,cci_m3_chop_h4,public,cost2,ETHUSDT,28,0,-35.890307916217026,-35.890307916217026,0.4642857142857143,0.6825434988213227,27.7845798,-0.6998281162170001,11597.443500000001,16,False,,,True,2025-08-24T00:36:00+00:00,False
previously_viewed_2025_2026,cci_m3_chop_h1,public,cost1,PORTFOLIO,101,0,54.57252516387885,54.57252516387885,0.33663366336633666,1.1581244813549145,53.02711356,-1.1325212761218002,44182.96575,57,True,0.08926064902608564,1009.5148750508864,False,,False
previously_viewed_2025_2026,cci_m3_chop_h1,public,cost1,BTCUSDT,43,0,-51.7930158441991,-51.7930158441991,0.2558139534883721,0.7039822483485196,30.35762034,0.16054449580019997,25311.977950000004,30,False,,,False,,False
previously_viewed_2025_2026,cci_m3_chop_h1,public,cost1,ETHUSDT,58,0,106.36554100807794,106.36554100807794,0.39655172413793105,1.625099013518622,22.66949322,-1.2930657719220002,18870.9878,42,False,,,False,,False
previously_viewed_2025_2026,cci_m3_chop_h1,public,cost2,PORTFOLIO,57,0,-71.14189403613535,-71.14189403613535,0.2631578947368421,0.6685608896494447,46.380979343999996,-2.6241346921355,19306.30368,35,False,0.10677526995549023,971.0481059638647,True,2025-12-15T13:26:00+00:00,False
previously_viewed_2025_2026,cci_m3_chop_h1,public,cost2,BTCUSDT,21,0,-69.42156252089761,-69.42156252089761,0.19047619047619047,0.22633576711237474,20.915422584,-1.1016599368975002,8705.74308,15,False,,,True,2025-12-15T13:26:00+00:00,False
previously_viewed_2025_2026,cci_m3_chop_h1,public,cost2,ETHUSDT,36,0,-1.7203315152377483,-1.7203315152377483,0.3055555555555556,0.9862279359298958,25.46555676,-1.522474755238,10600.5606,26,False,,,True,2025-12-15T13:26:00+00:00,False
previously_viewed_2025_2026,cci_m3_chop_m30,public,cost1,PORTFOLIO,54,0,-73.61487175784744,-73.61487175784744,0.24074074074074073,0.5413443938774303,20.86877166,-1.3574600978476001,17389.05817,35,False,0.101004386709208,968.5751282421526,True,2025-11-19T17:41:00+00:00,False
previously_viewed_2025_2026,cci_m3_chop_m30,public,cost1,BTCUSDT,16,0,-33.48660666496669,-33.48660666496669,0.25,0.3352869109660377,7.28335488,-0.7825117849666,6079.561970000001,14,False,,,True,2025-11-19T17:41:00+00:00,False
previously_viewed_2025_2026,cci_m3_chop_m30,public,cost1,ETHUSDT,38,0,-40.12826509288074,-40.12826509288074,0.23684210526315788,0.6356079483703426,13.58541678,-0.574948312881,11309.496200000001,26,False,,,True,2025-11-19T17:41:00+00:00,False
previously_viewed_2025_2026,cci_m3_chop_m30,public,cost2,PORTFOLIO,50,0,-91.45319344708955,-91.45319344708955,0.22,0.4238956467961197,35.095013892,-2.5112295550898005,14621.65521,33,False,0.10207030341251797,950.7368065529106,True,2025-10-20T05:56:00+00:00,False
previously_viewed_2025_2026,cci_m3_chop_m30,public,cost2,BTCUSDT,14,0,-34.31336545803186,-34.31336545803186,0.14285714285714285,0.23533904676113337,11.637163692000001,-1.4401517660318002,4856.565610000001,13,False,,,True,2025-10-20T05:56:00+00:00,False
previously_viewed_2025_2026,cci_m3_chop_m30,public,cost2,ETHUSDT,36,0,-57.13982798905769,-57.13982798905769,0.25,0.4982020283559016,23.4578502,-1.071077789058,9765.089600000001,25,False,,,True,2025-10-20T05:56:00+00:00,False
previously_viewed_2025_2026,cci_m3_chop_m15,public,cost1,PORTFOLIO,51,0,-78.07699392798838,-78.07699392798838,0.23529411764705882,0.575252790850196,22.0142751,-1.2366788279883,18397.67067,20,False,0.10036566299278339,957.1784979701351,True,2025-05-29T08:21:00+00:00,False
previously_viewed_2025_2026,cci_m3_chop_m15,public,cost1,BTCUSDT,25,0,-77.0630193299163,-77.0630193299163,0.2,0.2804960987700228,14.15151606,-1.1312632699163,11823.82017,11,False,,,True,2025-05-29T08:21:00+00:00,False
previously_viewed_2025_2026,cci_m3_chop_m15,public,cost1,ETHUSDT,26,0,-1.013974598072079,-1.013974598072079,0.2692307692307692,0.9867824289985606,7.862759039999999,-0.105415558072,6573.8505000000005,13,False,,,True,2025-05-29T08:21:00+00:00,False
previously_viewed_2025_2026,cci_m3_chop_m15,public,cost2,PORTFOLIO,49,0,-106.32006508127247,-106.32006508127247,0.1836734693877551,0.4283937671350499,36.141049464,-2.2498756172724,15106.65458,19,False,0.10460675787704611,935.8699349187275,True,2025-05-25T20:01:00+00:00,False
previously_viewed_2025_2026,cci_m3_chop_m15,public,cost2,BTCUSDT,25,0,-95.62478464231539,-95.62478464231539,0.12,0.17851876070040226,24.167810064,-2.0161345783154,10104.641280000002,11,False,,,True,2025-05-25T20:01:00+00:00,False
previously_viewed_2025_2026,cci_m3_chop_m15,public,cost2,ETHUSDT,24,0,-10.695280438957091,-10.695280438957091,0.25,0.8463254801477506,11.973239399999999,-0.233741038957,5002.0133000000005,12,False,,,True,2025-05-25T20:01:00+00:00,False
previously_viewed_2025_2026,cci_m3_chop_m5,public,cost1,PORTFOLIO,30,0,-90.08253572948433,-90.08253572948433,0.26666666666666666,0.3595087585256315,19.440031722,-1.8896340074847,16200.417270000002,7,False,0.1011568913223168,951.8621935617382,True,2025-02-11T13:51:00+00:00,False
previously_viewed_2025_2026,cci_m3_chop_m5,public,cost1,BTCUSDT,24,0,-54.217281725538335,-54.217281725538335,0.2916666666666667,0.47284151661349655,17.470977042,-1.9790346835387,14576.531170000002,7,False,,,True,2025-02-11T13:51:00+00:00,False
previously_viewed_2025_2026,cci_m3_chop_m5,public,cost1,ETHUSDT,6,0,-35.865254003946,-35.865254003946,0.16666666666666666,0.05112963485016308,1.96905468,0.08940067605400001,1623.8861000000002,2,False,,,True,2025-02-11T13:51:00+00:00,False
previously_viewed_2025_2026,cci_m3_chop_m5,public,cost2,PORTFOLIO,28,0,-99.86199172279008,-99.86199172279008,0.25,0.25864866020935967,30.619303368,-3.0776883547902,12768.713670000001,7,False,0.10115312035977653,941.430559537486,True,2025-02-10T01:46:00+00:00,False
previously_viewed_2025_2026,cci_m3_chop_m5,public,cost2,BTCUSDT,23,0,-74.71215719725208,-74.71215719725208,0.2608695652173913,0.3067574835453666,27.816170448,-3.1428867492522,11611.947570000002,6,False,,,True,2025-02-10T01:46:00+00:00,False
previously_viewed_2025_2026,cci_m3_chop_m5,public,cost2,ETHUSDT,5,0,-25.149834525537997,-25.149834525537997,0.2,0.06612481645272852,2.80313292,0.065198394462,1156.7661,2,False,,,True,2025-02-10T01:46:00+00:00,False
previously_viewed_2025_2026,cci_m3_chop_m3,public,cost1,PORTFOLIO,29,0,-78.50649275795072,-78.50649275795072,0.3103448275862069,0.47323736481028894,21.819854994,-2.0063277639509,18198.667350000003,6,False,0.10455127537875471,963.6835072420494,True,2025-02-07T03:41:00+00:00,False
previously_viewed_2025_2026,cci_m3_chop_m3,public,cost1,BTCUSDT,26,0,-65.93969933187671,-65.93969933187671,0.3076923076923077,0.5078405361060772,21.140561814,-2.0041275178769,17638.53235,6,False,,,True,2025-02-07T03:41:00+00:00,False
previously_viewed_2025_2026,cci_m3_chop_m3,public,cost1,ETHUSDT,3,0,-12.566793426074003,-12.566793426074003,0.3333333333333333,0.16529935638148774,0.67929318,-0.0022002460739999983,560.1350000000001,1,False,,,True,2025-02-07T03:41:00+00:00,False
previously_viewed_2025_2026,cci_m3_chop_m3,public,cost2,PORTFOLIO,29,0,-107.0620528042794,-107.0620528042794,0.20689655172413793,0.30531079915713955,35.074645824,-3.2658069802792005,14638.479360000001,6,False,0.1074334262023008,935.1279471957206,True,2025-02-07T03:41:00+00:00,False
previously_viewed_2025_2026,cci_m3_chop_m3,public,cost2,BTCUSDT,26,0,-95.57059260745538,-95.57059260745538,0.19230769230769232,0.31875172305439087,33.910717344,-3.2554752634552004,14158.667760000002,6,False,,,True,2025-02-07T03:41:00+00:00,False
previously_viewed_2025_2026,cci_m3_chop_m3,public,cost2,ETHUSDT,3,0,-11.491460196824011,-11.491460196824011,0.3333333333333333,0.16894609987802497,1.16392848,-0.010331716824,479.8116,1,False,,,True,2025-02-07T03:41:00+00:00,False
previously_viewed_2025_2026,cci_m3_chop_m1,public,cost1,PORTFOLIO,30,0,-66.28368123762858,-66.28368123762858,0.26666666666666666,0.5869197591729479,26.182596954,-2.416354283629,21835.244160000002,6,False,0.10191744629786022,975.9063187623715,True,2025-02-06T22:16:00+00:00,False
previously_viewed_2025_2026,cci_m3_chop_m1,public,cost1,BTCUSDT,28,0,-63.58115823578457,-63.58115823578457,0.25,0.5919756865726347,25.922717154,-2.402711081785,21619.892160000003,6,False,,,True,2025-02-06T22:16:00+00:00,False
previously_viewed_2025_2026,cci_m3_chop_m1,public,cost1,ETHUSDT,2,0,-2.702523001844014,-2.702523001844014,0.5,0.4169456010908408,0.25987979999999994,-0.013643201843999999,215.352,1,False,,,True,2025-02-06T22:16:00+00:00,False
previously_viewed_2025_2026,cci_m3_chop_m1,public,cost2,PORTFOLIO,30,0,-101.49966882503418,-101.49966882503418,0.26666666666666666,0.3887296033684119,41.140871928,-3.8875568970342003,17167.46799,6,False,0.1089325062310762,940.6903311749659,True,2025-02-06T22:16:00+00:00,False
previously_viewed_2025_2026,cci_m3_chop_m1,public,cost2,BTCUSDT,28,0,-98.15502066134617,-98.15502066134617,0.25,0.39004468046730945,40.621110168,-3.8602704933462006,16952.29939,6,False,,,True,2025-02-06T22:16:00+00:00,False
previously_viewed_2025_2026,cci_m3_chop_m1,public,cost2,ETHUSDT,2,0,-3.344648163688001,-3.344648163688001,0.5,0.3474405065200226,0.5197617599999999,-0.027286403687999998,215.1686,1,False,,,True,2025-02-06T22:16:00+00:00,False
previously_viewed_2025_2026,cci_m1_chop_w,public,cost1,PORTFOLIO,50,0,-68.24916464093681,-68.24916464093681,0.26,0.7465515390230228,48.795364266,-3.9046703749369,40661.851720000006,12,False,0.10082907897075298,973.9408353590633,True,2025-09-30T13:56:00+00:00,False
previously_viewed_2025_2026,cci_m1_chop_w,public,cost1,BTCUSDT,15,0,-27.280764737031586,-27.280764737031586,0.26666666666666666,0.6391436648561535,18.143074926,-2.0288598110319,15122.78352,3,False,,,True,2025-09-30T13:56:00+00:00,False
previously_viewed_2025_2026,cci_m1_chop_w,public,cost1,ETHUSDT,35,0,-40.96839990390522,-40.96839990390522,0.2571428571428571,0.7884761198928997,30.652289339999996,-1.875810563905,25539.0682,9,False,,,True,2025-09-30T13:56:00+00:00,False
previously_viewed_2025_2026,cci_m1_chop_w,public,cost2,PORTFOLIO,38,0,-96.80704357975198,-96.80704357975198,0.2631578947368421,0.5351259846213192,57.4241364,-4.787467179752,23944.021220000002,9,False,0.10095904241055366,945.3829564202481,True,2025-09-06T22:01:00+00:00,False
previously_viewed_2025_2026,cci_m1_chop_w,public,cost2,BTCUSDT,15,0,-57.546419168476056,-57.546419168476056,0.2,0.34027055404354467,28.359476280000003,-3.233402888476,11829.425220000001,3,False,,,True,2025-09-06T22:01:00+00:00,False
previously_viewed_2025_2026,cci_m1_chop_w,public,cost2,ETHUSDT,23,0,-39.26062441127593,-39.26062441127593,0.30434782608695654,0.6755757588117624,29.064660119999996,-1.554064291276,12114.596,6,False,,,True,2025-09-06T22:01:00+00:00,False
previously_viewed_2025_2026,cci_m1_chop_d,public,cost1,PORTFOLIO,71,0,-0.06633054426579779,-0.06633054426579779,0.29577464788732394,0.9998110861000958,60.35015226,-2.8232982842665004,50217.898810000006,18,False,0.09616717735455727,973.8525615148848,True,2026-02-12T15:06:00+00:00,False
previously_viewed_2025_2026,cci_m1_chop_d,public,cost1,BTCUSDT,27,0,-87.57486628510705,-87.57486628510705,0.25925925925925924,0.39244730877884876,29.34654888,-1.1643374051075002,24429.85551,10,False,,,True,2026-02-12T15:06:00+00:00,False
previously_viewed_2025_2026,cci_m1_chop_d,public,cost1,ETHUSDT,44,0,87.50853574084124,87.50853574084124,0.3181818181818182,1.4228046451461418,31.003603379999998,-1.658960879159,25788.0433,12,False,,,True,2026-02-12T15:06:00+00:00,False
previously_viewed_2025_2026,cci_m1_chop_d,public,cost2,PORTFOLIO,52,0,-87.79399067952393,-87.79399067952393,0.25,0.6693000274238647,72.718201632,-4.1818490475242,30240.128050000003,15,False,0.11087698265905054,946.8366540819,True,2025-11-27T21:06:00+00:00,False
previously_viewed_2025_2026,cci_m1_chop_d,public,cost2,BTCUSDT,19,0,-86.389552430851,-86.389552430851,0.15789473684210525,0.21174433006939494,34.050627192,-1.8482852388512,14183.035850000002,7,False,,,True,2025-11-27T21:06:00+00:00,False
previously_viewed_2025_2026,cci_m1_chop_d,public,cost2,ETHUSDT,33,0,-1.4044382486729379,-1.4044382486729379,0.30303030303030304,0.9909904582363482,38.667574439999996,-2.333563808673,16057.092200000001,10,False,,,True,2025-11-27T21:06:00+00:00,False
previously_viewed_2025_2026,cci_m1_chop_h12,public,cost1,PORTFOLIO,51,0,9.518328417940904,9.518328417940904,0.3137254901960784,1.039311647967621,43.089677058,-3.2615245240591,35831.582070000004,19,False,0.10198459188094741,937.955918233985,True,2025-10-13T18:01:00+00:00,False
previously_viewed_2025_2026,cci_m1_chop_h12,public,cost1,BTCUSDT,24,0,-75.52141895540512,-75.52141895540512,0.2916666666666667,0.3647372766201703,24.683876118,-1.9775728374051003,20592.658870000003,11,False,,,True,2025-10-13T18:01:00+00:00,False
previously_viewed_2025_2026,cci_m1_chop_h12,public,cost1,ETHUSDT,27,0,85.03974737334603,85.03974737334603,0.3333333333333333,1.6900184961636266,18.40580094,-1.2839516866540002,15238.923200000001,13,False,,,True,2025-10-13T18:01:00+00:00,False
previously_viewed_2025_2026,cci_m1_chop_h12,public,cost2,PORTFOLIO,21,0,-110.6317076555307,-110.6317076555307,0.14285714285714285,0.09946329281027554,25.566456588,-1.0052410675308001,10657.96615,8,False,0.10667428503133326,931.5582923444694,True,2025-05-13T07:21:00+00:00,False
previously_viewed_2025_2026,cci_m1_chop_h12,public,cost2,BTCUSDT,11,0,-63.69365577614479,-63.69365577614479,0.09090909090909091,0.08756734511854347,16.586643588,-0.9189021881448001,6934.19555,5,False,,,True,2025-05-13T07:21:00+00:00,False
previously_viewed_2025_2026,cci_m1_chop_h12,public,cost2,ETHUSDT,10,0,-46.93805187938592,-46.93805187938592,0.2,0.11511834548616119,8.979813,-0.08633887938600002,3723.7706,5,False,,,True,2025-05-13T07:21:00+00:00,False
previously_viewed_2025_2026,cci_m1_chop_h6,public,cost1,PORTFOLIO,49,0,9.948366258886477,9.948366258886477,0.4897959183673469,1.0567152248908187,44.968940016,-2.1927137251136,37468.96404,25,False,0.10309804558166384,1028.684501379392,True,2025-10-13T18:01:00+00:00,False
previously_viewed_2025_2026,cci_m1_chop_h6,public,cost1,BTCUSDT,18,0,23.991118119945362,23.991118119945362,0.5555555555555556,1.5008721171683164,21.112102596,-1.8424992840546002,17559.62884,12,False,,,True,2025-10-13T18:01:00+00:00,False
previously_viewed_2025_2026,cci_m1_chop_h6,public,cost1,ETHUSDT,31,0,-14.042751861058884,-14.042751861058884,0.45161290322580644,0.8898697572855928,23.856837419999998,-0.350214441059,19909.3352,18,False,,,True,2025-10-13T18:01:00+00:00,False
previously_viewed_2025_2026,cci_m1_chop_h6,public,cost2,PORTFOLIO,40,0,-36.45588910654477,-36.45588910654477,0.425,0.7467796000354948,54.722996376,-4.1554127305448,22811.70587,20,False,0.10064718196874449,1005.7341108934553,True,2025-09-15T04:11:00+00:00,False
previously_viewed_2025_2026,cci_m1_chop_h6,public,cost2,BTCUSDT,14,0,-13.484123654787648,-13.484123654787648,0.35714285714285715,0.674117777475473,24.240797616000002,-3.1289460387878,10087.49877,10,False,,,True,2025-09-15T04:11:00+00:00,False
previously_viewed_2025_2026,cci_m1_chop_h6,public,cost2,ETHUSDT,26,0,-22.971765451757122,-22.971765451757122,0.46153846153846156,0.7760855671767101,30.48219876,-1.026466691757,12724.207100000001,14,False,,,True,2025-09-15T04:11:00+00:00,False
previously_viewed_2025_2026,cci_m1_chop_h4,public,cost1,PORTFOLIO,52,0,-9.12721824425666,-9.12721824425666,0.4230769230769231,0.9567054631299389,41.884476744,-1.7471215002564002,34901.350940000004,28,False,0.1042204026208737,1033.0627817557433,True,2025-12-01T04:16:00+00:00,False
previously_viewed_2025_2026,cci_m1_chop_h4,public,cost1,BTCUSDT,18,0,16.273510516804283,16.273510516804283,0.3888888888888889,1.2357056739531425,19.681605384,-1.3064640991954002,16362.902840000002,12,False,,,True,2025-12-01T04:16:00+00:00,False
previously_viewed_2025_2026,cci_m1_chop_h4,public,cost1,ETHUSDT,34,0,-25.400728761060947,-25.400728761060947,0.4411764705882353,0.8208379977704727,22.20287136,-0.44065740106100004,18538.4481,21,False,,,True,2025-12-01T04:16:00+00:00,False
previously_viewed_2025_2026,cci_m1_chop_h4,public,cost2,PORTFOLIO,41,0,-39.322799596320934,-39.322799596320934,0.43902439024390244,0.7475982270324237,49.858002563999996,-3.1759270323210003,20785.034470000002,21,False,0.10672993257988318,1002.8672004036791,True,2025-08-24T13:06:00+00:00,False
previously_viewed_2025_2026,cci_m1_chop_h4,public,cost2,BTCUSDT,12,0,4.002046811886099,4.002046811886099,0.4166666666666667,1.1145469623237243,20.398814604,-2.385168584114,8486.113070000001,7,False,,,True,2025-08-24T13:06:00+00:00,False
previously_viewed_2025_2026,cci_m1_chop_h4,public,cost2,ETHUSDT,29,0,-43.32484640820704,-43.32484640820704,0.4482758620689655,0.641518047021317,29.459187959999998,-0.7907584482070001,12298.921400000001,17,False,,,True,2025-08-24T13:06:00+00:00,False
previously_viewed_2025_2026,cci_m1_chop_h1,public,cost1,PORTFOLIO,100,0,60.19470889799088,60.19470889799088,0.34,1.1775802938515543,52.855974378,-1.1375267240098001,44042.88893,56,True,0.08544533530321377,1012.980765896179,False,,False
previously_viewed_2025_2026,cci_m1_chop_h1,public,cost1,BTCUSDT,42,0,-46.37503482850303,-46.37503482850303,0.2619047619047619,0.7256208589891106,30.223204518,0.15525968949619995,25202.42033,29,False,,,False,,False
previously_viewed_2025_2026,cci_m1_chop_h1,public,cost1,ETHUSDT,58,0,106.56974372649391,106.56974372649391,0.39655172413793105,1.6270516019244474,22.63276986,-1.292786413506,18840.4686,42,False,,,False,,False
previously_viewed_2025_2026,cci_m1_chop_h1,public,cost2,PORTFOLIO,56,0,-66.92172656631622,-66.92172656631622,0.26785714285714285,0.6809849383082615,45.262202448,-2.6345841183163,18842.381680000002,34,False,0.10289332226842883,975.2682734336838,True,2025-12-15T13:26:00+00:00,False
previously_viewed_2025_2026,cci_m1_chop_h1,public,cost2,BTCUSDT,20,0,-65.28077852949444,-65.28077852949444,0.2,0.2314563106788335,19.833449808,-1.1123887214943002,8257.13498,14,False,,,True,2025-12-15T13:26:00+00:00,False
previously_viewed_2025_2026,cci_m1_chop_h1,public,cost2,ETHUSDT,36,0,-1.6409480368217801,-1.6409480368217801,0.3055555555555556,0.9868550844430013,25.42875264,-1.5221953968220001,10585.246700000002,26,False,,,True,2025-12-15T13:26:00+00:00,False
previously_viewed_2025_2026,cci_m1_chop_m30,public,cost1,PORTFOLIO,54,0,-74.98936272013772,-74.98936272013772,0.24074074074074073,0.5401679455147586,20.12029089,-1.3782618301379002,16765.38101,35,False,0.10311389405802318,967.2006372798623,True,2025-11-20T16:51:00+00:00,False
previously_viewed_2025_2026,cci_m1_chop_m30,public,cost1,BTCUSDT,16,0,-33.07274629534392,-33.07274629534392,0.25,0.34612885871684623,7.32210495,-0.7875313453439001,6111.55961,14,False,,,True,2025-11-20T16:51:00+00:00,False
previously_viewed_2025_2026,cci_m1_chop_m30,public,cost1,ETHUSDT,38,0,-41.91661642479381,-41.91661642479381,0.23684210526315788,0.6274077868608479,12.79818594,-0.590730484794,10653.8214,27,False,,,True,2025-11-20T16:51:00+00:00,False
previously_viewed_2025_2026,cci_m1_chop_m30,public,cost2,PORTFOLIO,50,0,-87.8512109955913,-87.8512109955913,0.22,0.4373708712200854,34.176976908,-2.5407240875916,14242.90348,33,False,0.10004645141374127,954.3387890044088,True,2025-10-21T15:01:00+00:00,False
previously_viewed_2025_2026,cci_m1_chop_m30,public,cost2,BTCUSDT,15,0,-36.6007865218796,-36.6007865218796,0.13333333333333333,0.23225683034927108,12.300115308,-1.4445612138796002,5133.60548,14,False,,,True,2025-10-21T15:01:00+00:00,False
previously_viewed_2025_2026,cci_m1_chop_m30,public,cost2,ETHUSDT,35,0,-51.2504244737117,-51.2504244737117,0.2571428571428571,0.5275190022658278,21.876861599999998,-1.0961628737120002,9109.298,25,False,,,True,2025-10-21T15:01:00+00:00,False
previously_viewed_2025_2026,cci_m1_chop_m15,public,cost1,PORTFOLIO,49,0,-77.59785125739103,-77.59785125739103,0.22448979591836735,0.5732644051657861,20.734401912,-1.064669345391,17329.52485,20,False,0.105331360351672,960.0549005885546,True,2025-05-29T08:21:00+00:00,False
previously_viewed_2025_2026,cci_m1_chop_m15,public,cost1,BTCUSDT,24,0,-70.59621838062198,-70.59621838062198,0.20833333333333334,0.29852005564919165,13.340647392000001,-0.990590988622,11145.338650000002,11,False,,,True,2025-05-29T08:21:00+00:00,False
previously_viewed_2025_2026,cci_m1_chop_m15,public,cost1,ETHUSDT,25,0,-7.001632876769057,-7.001632876769057,0.24,0.9137747127473635,7.39375452,-0.07407835676899999,6184.1862,13,False,,,True,2025-05-29T08:21:00+00:00,False
previously_viewed_2025_2026,cci_m1_chop_m15,public,cost2,PORTFOLIO,48,0,-101.93319465200183,-101.93319465200183,0.1875,0.43929355475251863,34.777658772,-2.0132058800018,14534.062820000001,19,False,0.1004252312902791,940.2568053479981,True,2025-05-28T12:26:00+00:00,False
previously_viewed_2025_2026,cci_m1_chop_m15,public,cost2,BTCUSDT,24,0,-88.09802786862176,-88.09802786862176,0.125,0.19218641657077495,22.780416132,-1.7824817366218002,9523.60762,11,False,,,True,2025-05-28T12:26:00+00:00,False
previously_viewed_2025_2026,cci_m1_chop_m15,public,cost2,ETHUSDT,24,0,-13.835166783380084,-13.835166783380084,0.25,0.809791512739685,11.99724264,-0.23072414338,5010.4552,12,False,,,True,2025-05-28T12:26:00+00:00,False
previously_viewed_2025_2026,cci_m1_chop_m5,public,cost1,PORTFOLIO,31,0,-92.23484695049031,-92.23484695049031,0.2903225806451613,0.3582010606516105,20.487821502,-1.9371154484907,17081.405740000002,7,False,0.1029577089553521,949.9551530495098,True,2025-02-13T11:36:00+00:00,False
previously_viewed_2025_2026,cci_m1_chop_m5,public,cost1,BTCUSDT,25,0,-63.810938105538305,-63.810938105538305,0.28,0.4324981723844899,18.705793422,-1.9790346835387,15609.724240000001,7,False,,,True,2025-02-13T11:36:00+00:00,False
previously_viewed_2025_2026,cci_m1_chop_m5,public,cost1,ETHUSDT,6,0,-28.423908844952,-28.423908844952,0.3333333333333333,0.09105079673372006,1.78202808,0.041919235048000006,1471.6815000000001,2,False,,,True,2025-02-13T11:36:00+00:00,False
previously_viewed_2025_2026,cci_m1_chop_m5,public,cost2,PORTFOLIO,28,0,-102.89579958535812,-102.89579958535812,0.25,0.25295161863943283,30.388319256000003,-3.1355803293582003,12670.90414,7,False,0.10319284566070877,939.2942004146419,True,2025-02-10T14:01:00+00:00,False
previously_viewed_2025_2026,cci_m1_chop_m5,public,cost2,BTCUSDT,23,0,-74.77454242925208,-74.77454242925208,0.2608695652173913,0.3065800157514819,27.839392896000003,-3.1447495332522,11621.642240000001,6,False,,,True,2025-02-10T14:01:00+00:00,False
previously_viewed_2025_2026,cci_m1_chop_m5,public,cost2,ETHUSDT,5,0,-28.121257156106036,-28.121257156106036,0.2,0.05955386741148238,2.54892636,0.009169203894,1049.2619,2,False,,,True,2025-02-10T14:01:00+00:00,False
previously_viewed_2025_2026,cci_m1_chop_m3,public,cost1,PORTFOLIO,29,0,-85.12996103225674,-85.12996103225674,0.3103448275862069,0.4530144817962737,22.499500584,-2.064840448257,18767.981330000002,6,False,0.104466243669185,957.0600389677434,True,2025-02-07T14:01:00+00:00,False
previously_viewed_2025_2026,cci_m1_chop_m3,public,cost1,BTCUSDT,26,0,-72.56316760618274,-72.56316760618274,0.3076923076923077,0.4838275543151836,21.820207404,-2.062640202183,18207.84633,6,False,,,True,2025-02-07T14:01:00+00:00,False
previously_viewed_2025_2026,cci_m1_chop_m3,public,cost1,ETHUSDT,3,0,-12.566793426074003,-12.566793426074003,0.3333333333333333,0.16529935638148774,0.67929318,-0.0022002460739999983,560.1350000000001,1,False,,,True,2025-02-07T14:01:00+00:00,False
previously_viewed_2025_2026,cci_m1_chop_m3,public,cost2,PORTFOLIO,28,0,-104.6422853205586,-104.6422853205586,0.21428571428571427,0.30846838325518483,35.144440524000004,-3.3414947965584,14674.243460000002,6,False,0.1016365757860102,937.5477146794415,True,2025-02-06T22:16:00+00:00,False
previously_viewed_2025_2026,cci_m1_chop_m3,public,cost2,BTCUSDT,26,0,-101.88546030476661,-101.88546030476661,0.19230769230769232,0.30323606815421844,34.757406444000004,-3.3233038607664,14514.155060000001,6,False,,,True,2025-02-06T22:16:00+00:00,False
previously_viewed_2025_2026,cci_m1_chop_m3,public,cost2,ETHUSDT,2,0,-2.7568250157919985,-2.7568250157919985,0.5,0.4586967307291797,0.38703407999999995,-0.018190935792,160.0884,1,False,,,True,2025-02-06T22:16:00+00:00,False
previously_viewed_2025_2026,cci_m1_chop_m1,public,cost1,PORTFOLIO,30,0,-65.71519461834316,-65.71519461834316,0.26666666666666666,0.5906154855114406,26.242001772000002,-2.4204928463436,21884.43216,6,False,0.1019136654028181,976.4748053816569,True,2025-02-06T22:16:00+00:00,False
previously_viewed_2025_2026,cci_m1_chop_m1,public,cost1,BTCUSDT,28,0,-63.01267161649914,-63.01267161649914,0.25,0.5957793570907891,25.982121972,-2.4068496444996,21669.08016,6,False,,,True,2025-02-06T22:16:00+00:00,False
previously_viewed_2025_2026,cci_m1_chop_m1,public,cost1,ETHUSDT,2,0,-2.702523001844014,-2.702523001844014,0.5,0.4169456010908408,0.25987979999999994,-0.013643201843999999,215.352,1,False,,,True,2025-02-06T22:16:00+00:00,False
previously_viewed_2025_2026,cci_m1_chop_m1,public,cost2,PORTFOLIO,30,0,-101.04595040841735,-101.04595040841735,0.26666666666666666,0.39174454131451814,41.23612776,-3.8988626484174005,17206.877780000003,6,False,0.10895076616697315,941.1440495915826,True,2025-02-06T22:16:00+00:00,False
previously_viewed_2025_2026,cci_m1_chop_m1,public,cost2,BTCUSDT,28,0,-97.70130224472935,-97.70130224472935,0.25,0.39315496974610104,40.716366,-3.8715762447294004,16991.70918,6,False,,,True,2025-02-06T22:16:00+00:00,False
previously_viewed_2025_2026,cci_m1_chop_m1,public,cost2,ETHUSDT,2,0,-3.344648163688001,-3.344648163688001,0.5,0.3474405065200226,0.5197617599999999,-0.027286403687999998,215.1686,1,False,,,True,2025-02-06T22:16:00+00:00,False
