period,variant,fee,cost,scope,completed_trades,censored_period_end_marks,total_marked_net_usdt,completed_net_usdt,net_win_fraction,profit_factor_completed,fees_usdt,funding_usdt,entry_notional_turnover_usdt,active_week_blocks,sample_sufficient,maximum_drawdown_1m_open_proxy,minimum_equity_1m_open_proxy_usdt,day_net_lower_5pct_usdt,day_net_lower_familywise_usdt,day_incremental_lower_5pct_usdt,day_incremental_lower_familywise_usdt,week_net_lower_5pct_usdt,week_net_lower_familywise_usdt,week_incremental_lower_5pct_usdt,week_incremental_lower_familywise_usdt,bootstrap_computed,gate_pass
train_2023_2024,baseline,personal,cost1,PORTFOLIO,823,1,-843.7537704389041,-844.300454918904,0.23572296476306198,0.5470433436222444,237.31988594000003,-28.2242144989035,296868.32546,103,True,0.8494455593114125,166.5693356003313,-1147.8063136864216,-1491.1641946814912,0.0,0.0,-1213.3058764146672,-1681.0556809267728,0.0,0.0,True,False
train_2023_2024,baseline,personal,cost1,BTCUSDT,420,1,-381.90660441415383,-382.45328889415384,0.24761904761904763,0.5871018957195925,124.65408250000002,-13.7514519141535,155881.64266,90,True,,,-570.1687307612863,-770.3518074231179,0.0,0.0,-591.2617756300035,-836.9672200243565,0.0,0.0,True,False
train_2023_2024,baseline,personal,cost1,ETHUSDT,403,0,-461.8471660247502,-461.8471660247502,0.22332506203473945,0.5074737234890194,112.66580344,-14.47276258475,140986.6828,79,True,,,-665.6892226386724,-880.1043938318543,0.0,0.0,-705.817255735427,-1023.6709635575459,0.0,0.0,True,False
train_2023_2024,baseline,personal,cost2,PORTFOLIO,449,0,-889.214065312238,-889.214065312238,0.18485523385300667,0.2823741308436851,227.59015294400004,-21.4027523682373,142512.94204000002,71,False,0.85604830939251,152.9620532794435,-1113.7595500823663,-1373.8773007120967,0.0,0.0,-1230.3638144114548,-1714.891034754883,0.0,0.0,True,False
train_2023_2024,baseline,personal,cost2,BTCUSDT,218,0,-432.2536411331448,-432.2536411331448,0.1834862385321101,0.28385676607818816,113.10311950400002,-9.747161629144301,70794.74814000001,60,False,,,-570.0192521364678,-730.7490979838968,0.0,0.0,-614.1492414414615,-850.2022718565211,0.0,0.0,True,False
train_2023_2024,baseline,personal,cost2,ETHUSDT,231,0,-456.96042417909314,-456.96042417909314,0.18614718614718614,0.28096599704201075,114.48703344,-11.655590739093,71718.1939,50,False,,,-604.6011407468726,-774.6393671716991,0.0,0.0,-667.8077703939197,-965.8756645450126,0.0,0.0,True,False
train_2023_2024,baseline,public,cost1,PORTFOLIO,778,1,-852.6623105936147,-853.1188763036148,0.2365038560411311,0.5032835179187481,309.084776958,-24.5250236356142,257770.47927,103,True,0.8526999238249927,161.7332011597654,-1137.5259698417822,-1460.1072186083138,0.0,0.0,-1224.1401660190793,-1710.57471792881,0.0,0.0,True,False
train_2023_2024,baseline,public,cost1,BTCUSDT,396,1,-419.26522246753467,-419.7217881775347,0.24242424242424243,0.5148627272367317,163.690678158,-11.7814343095342,136483.50437,88,True,,,-595.8375551058092,-781.2237286838408,0.0,0.0,-629.8585628624156,-890.4730227511933,0.0,0.0,True,False
train_2023_2024,baseline,public,cost1,ETHUSDT,382,0,-433.39708812608006,-433.39708812608006,0.23036649214659685,0.4915303532651211,145.3940988,-12.74358932608,121286.9749,78,True,,,-622.4063564549499,-824.2183275733163,0.0,0.0,-666.4755090507872,-978.3375008776268,0.0,0.0,True,False
train_2023_2024,baseline,public,cost2,PORTFOLIO,427,0,-889.2107999366941,-889.2107999366941,0.17096018735362997,0.2506415319472962,301.64619072,-19.3250492166934,125936.58217000001,69,False,0.8548660376137712,152.9782892669878,-1104.432925706001,-1360.4953142174302,0.0,0.0,-1233.0112259329387,-1723.3062440146653,0.0,0.0,True,False
train_2023_2024,baseline,public,cost2,BTCUSDT,203,0,-429.83223747159104,-429.83223747159104,0.1625615763546798,0.24929219661058824,148.49054988,-8.7144275915904,61972.22417000001,56,False,,,-559.9019535870041,-710.9480014609708,0.0,0.0,-613.7232685056124,-855.9974592795755,0.0,0.0,True,False
train_2023_2024,baseline,public,cost2,ETHUSDT,224,0,-459.3785624651031,-459.3785624651031,0.17857142857142858,0.25189969537044393,153.15564084,-10.610621625103,63964.358,48,False,,,-601.2096467404564,-768.3407648505632,0.0,0.0,-667.4157553316023,-958.4582075189334,0.0,0.0,True,False
train_2023_2024,cci_w,personal,cost1,PORTFOLIO,535,0,-649.6849123286922,-649.6849123286922,0.23177570093457944,0.6225102577994741,219.89184920800002,-37.347343120691605,274970.04433,66,True,,,,,,,,,,,False,False
train_2023_2024,cci_w,personal,cost1,BTCUSDT,271,0,-337.4401201356929,-337.4401201356929,0.22878228782287824,0.6197533707792761,119.60127024800002,-21.774129887692602,149559.31833,50,True,,,,,,,,,,,False,False
train_2023_2024,cci_w,personal,cost1,ETHUSDT,264,0,-312.2447921929993,-312.2447921929993,0.23484848484848486,0.6254450050353376,100.29057896,-15.573213232999,125410.72600000001,48,True,,,,,,,,,,,False,False
train_2023_2024,cci_w,personal,cost2,PORTFOLIO,529,0,-856.183799654286,-856.183799654286,0.20793950850661624,0.37279852818743703,256.694416728,-40.085412926286004,160635.35883,66,True,,,,,,,,,,,False,False
train_2023_2024,cci_w,personal,cost2,BTCUSDT,270,0,-469.1199460597109,-469.1199460597109,0.2074074074074074,0.35393045617098967,141.75492504800002,-23.695051011711,88720.02193,50,True,,,,,,,,,,,False,False
train_2023_2024,cci_w,personal,cost2,ETHUSDT,259,0,-387.0638535945751,-387.0638535945751,0.2084942084942085,0.3942397872418514,114.93949168,-16.390361914575,71915.33690000001,48,True,,,,,,,,,,,False,False
train_2023_2024,cci_w,public,cost1,PORTFOLIO,534,0,-695.6332622036333,-695.6332622036333,0.2303370786516854,0.5817971282825172,304.615561344,-33.9478808596329,253947.40698000003,66,True,,,,,,,,,,,False,False
train_2023_2024,cci_w,public,cost1,BTCUSDT,272,0,-377.4169124626811,-377.4169124626811,0.22794117647058823,0.5665643452232334,167.288412624,-19.8442798386809,139465.65878000003,50,True,,,,,,,,,,,False,False
train_2023_2024,cci_w,public,cost1,ETHUSDT,262,0,-318.2163497409522,-318.2163497409522,0.23282442748091603,0.598531335566918,137.32714872,-14.103601020952,114481.7482,48,True,,,,,,,,,,,False,False
train_2023_2024,cci_w,public,cost2,PORTFOLIO,505,0,-870.6342434656865,-870.6342434656865,0.20396039603960395,0.32003224574687983,332.004549588,-34.2361038776866,138529.736,66,True,,,,,,,,,,,False,False
train_2023_2024,cci_w,public,cost2,BTCUSDT,258,0,-480.82418546345747,-480.82418546345747,0.2054263565891473,0.29760683102445923,183.827805228,-20.0536902354576,76710.2252,50,True,,,,,,,,,,,False,False
train_2023_2024,cci_w,public,cost2,ETHUSDT,247,0,-389.810058002229,-389.810058002229,0.20242914979757085,0.34579585817731284,148.17674436,-14.182413642229001,61819.510800000004,48,True,,,,,,,,,,,False,False
train_2023_2024,cci_d,personal,cost1,PORTFOLIO,336,0,-383.16113359215996,-383.16113359215996,0.2113095238095238,0.7651785453359763,208.304892904,-38.329280688159905,260405.01094,71,True,,,,,,,,,,,False,False
train_2023_2024,cci_d,personal,cost1,BTCUSDT,171,0,-106.81726003262195,-106.81726003262195,0.21637426900584794,0.8695238591524636,113.56971910400001,-20.278480928621903,141959.22544,50,True,,,,,,,,,,,False,False
train_2023_2024,cci_d,personal,cost1,ETHUSDT,165,0,-276.343873559538,-276.343873559538,0.20606060606060606,0.6601103126431545,94.73517380000001,-18.050799759538002,118445.7855,51,True,,,,,,,,,,,False,False
train_2023_2024,cci_d,personal,cost2,PORTFOLIO,335,0,-652.0815339801663,-652.0815339801663,0.19701492537313434,0.5206678579924664,257.43033940000004,-48.058504580165504,160997.27747,71,True,,,,,,,,,,,False,False
train_2023_2024,cci_d,personal,cost2,BTCUSDT,170,0,-271.1810602047702,-271.1810602047702,0.20588235294117646,0.5970445907830984,134.91966772,-24.7873024847695,84358.33987000001,50,True,,,,,,,,,,,False,False
train_2023_2024,cci_d,personal,cost2,ETHUSDT,165,0,-380.90047377539616,-380.90047377539616,0.18787878787878787,0.44589499678797156,122.51067168000002,-23.271202095396,76638.9376,51,True,,,,,,,,,,,False,False
train_2023_2024,cci_d,public,cost1,PORTFOLIO,335,0,-432.87016610085834,-432.87016610085834,0.208955223880597,0.7270935666701988,289.396185174,-35.5769509268585,241179.28446000002,71,True,,,,,,,,,,,False,False
train_2023_2024,cci_d,public,cost1,BTCUSDT,171,0,-145.05080590757848,-145.05080590757848,0.21637426900584794,0.8189243381891844,157.377526974,-18.6072489335785,131145.53636000003,50,True,,,,,,,,,,,False,False
train_2023_2024,cci_d,public,cost1,ETHUSDT,164,0,-287.81936019327986,-287.81936019327986,0.20121951219512196,0.633396816882245,132.0186582,-16.96970199328,110033.74810000001,51,True,,,,,,,,,,,False,False
train_2023_2024,cci_d,public,cost2,PORTFOLIO,336,0,-702.1876275768749,-702.1876275768749,0.19047619047619047,0.4599570435519309,339.537244476,-41.525873100874,141572.14731,71,True,,,,,,,,,,,False,False
train_2023_2024,cci_d,public,cost2,BTCUSDT,171,0,-308.4767936814277,-308.4767936814277,0.19883040935672514,0.5227120001408355,177.870091836,-21.354591845427002,74146.80261000001,50,True,,,,,,,,,,,False,False
train_2023_2024,cci_d,public,cost2,ETHUSDT,165,0,-393.71083389544714,-393.71083389544714,0.18181818181818182,0.39793341420597844,161.66715263999998,-20.171281255447,67425.3447,51,True,,,,,,,,,,,False,False
train_2023_2024,cci_h12,personal,cost1,PORTFOLIO,300,0,-396.1916488951259,-396.1916488951259,0.21,0.7164616176806694,171.79338574000002,-30.2379131551262,214833.22234,71,True,,,,,,,,,,,False,False
train_2023_2024,cci_h12,personal,cost1,BTCUSDT,163,0,-96.52344040820843,-96.52344040820843,0.2147239263803681,0.8684891378563346,97.65914782000002,-17.0599425882082,122122.51774000001,55,True,,,,,,,,,,,False,False
train_2023_2024,cci_h12,personal,cost1,ETHUSDT,137,0,-299.66820848691754,-299.66820848691754,0.20437956204379562,0.54825315823433,74.13423792,-13.177970566918,92710.7046,49,True,,,,,,,,,,,False,False
train_2023_2024,cci_h12,personal,cost2,PORTFOLIO,298,0,-626.7408710702327,-626.7408710702327,0.20134228187919462,0.4840580368456153,221.63838015200002,-39.795400918232104,138654.65324,71,True,,,,,,,,,,,False,False
train_2023_2024,cci_h12,personal,cost2,BTCUSDT,163,0,-270.21383217598225,-270.21383217598225,0.20245398773006135,0.5787339089676986,123.15765679200003,-22.012685383982102,77036.75044,55,True,,,,,,,,,,,False,False
train_2023_2024,cci_h12,personal,cost2,ETHUSDT,135,0,-356.52703889425044,-356.52703889425044,0.2,0.3781339397136916,98.48072336000001,-17.78271553425,61617.9028,49,True,,,,,,,,,,,False,False
train_2023_2024,cci_h12,public,cost1,PORTFOLIO,299,0,-444.58047089121067,-444.58047089121067,0.21070234113712374,0.6740509324046519,238.957861188,-27.996229703211004,199212.9634,71,True,,,,,,,,,,,False,False
train_2023_2024,cci_h12,public,cost1,BTCUSDT,163,0,-138.0708514686382,-138.0708514686382,0.2147239263803681,0.8081897841544665,135.736821708,-15.629649760638001,113156.94840000001,55,True,,,,,,,,,,,False,False
train_2023_2024,cci_h12,public,cost1,ETHUSDT,136,0,-306.5096194225725,-306.5096194225725,0.20588235294117646,0.52414673269239,103.22103948,-12.366579942573,86056.015,49,True,,,,,,,,,,,False,False
train_2023_2024,cci_h12,public,cost2,PORTFOLIO,300,0,-672.9480887062257,-672.9480887062257,0.19333333333333333,0.4286602163498677,297.617042148,-34.9464565582253,124132.43271000001,71,True,,,,,,,,,,,False,False
train_2023_2024,cci_h12,public,cost2,BTCUSDT,163,0,-291.63268576690245,-291.63268576690245,0.19631901840490798,0.5235078081691713,162.194698068,-19.2425976989023,67635.82311000001,55,True,,,,,,,,,,,False,False
train_2023_2024,cci_h12,public,cost2,ETHUSDT,137,0,-381.31540293932323,-381.31540293932323,0.1897810218978102,0.32606130245262555,135.42234408,-15.703858859323,56496.6096,49,True,,,,,,,,,,,False,False
train_2023_2024,cci_h6,personal,cost1,PORTFOLIO,288,0,-116.78096614549166,-116.78096614549166,0.2361111111111111,0.9148931472883801,165.29557626800002,-32.4547398774928,206667.2948,81,True,,,,,,,,,,,False,False
train_2023_2024,cci_h6,personal,cost1,BTCUSDT,144,0,-37.99886671839556,-37.99886671839556,0.25,0.9434187451186338,84.57868150800002,-14.3038352103968,105771.278,67,True,,,,,,,,,,,False,False
train_2023_2024,cci_h6,personal,cost1,ETHUSDT,144,0,-78.7820994270961,-78.7820994270961,0.2222222222222222,0.8875486496435361,80.71689476,-18.150904667096,100896.0168,59,True,,,,,,,,,,,False,False
train_2023_2024,cci_h6,personal,cost2,PORTFOLIO,288,0,-447.76868046540926,-447.76868046540926,0.2152777777777778,0.625982341382738,219.28868492000004,-44.0266255454082,137183.87615000003,81,True,,,,,,,,,,,False,False
train_2023_2024,cci_h6,personal,cost2,BTCUSDT,144,0,-225.9611549484036,-225.9611549484036,0.2361111111111111,0.6148339291592507,110.67714060000002,-19.5818443484032,69258.51795000001,67,True,,,,,,,,,,,False,False
train_2023_2024,cci_h6,personal,cost2,ETHUSDT,144,0,-221.80752551700567,-221.80752551700567,0.19444444444444445,0.6366949188721148,108.61154432000001,-24.444781197005,67925.3582,59,True,,,,,,,,,,,False,False
train_2023_2024,cci_h6,public,cost1,PORTFOLIO,287,0,-181.15524313734244,-181.15524313734244,0.22996515679442509,0.864842850821228,231.533911674,-30.361741463343503,192987.10454,81,True,,,,,,,,,,,False,False
train_2023_2024,cci_h6,public,cost1,BTCUSDT,144,0,-81.7414566212633,-81.7414566212633,0.25,0.876399375975731,119.096838174,-13.3427284472645,99295.30114000001,67,True,,,,,,,,,,,False,False
train_2023_2024,cci_h6,public,cost1,ETHUSDT,143,0,-99.41378651607916,-99.41378651607916,0.2097902097902098,0.8535868968710401,112.4370735,-17.019013016079,93691.8034,59,True,,,,,,,,,,,False,False
train_2023_2024,cci_h6,public,cost2,PORTFOLIO,288,0,-504.11708064211956,-504.11708064211956,0.2152777777777778,0.5648857712607941,296.732400612,-40.1991300301187,123755.48183,81,True,,,,,,,,,,,False,False
train_2023_2024,cci_h6,public,cost2,BTCUSDT,144,0,-254.57089788964,-254.57089788964,0.2361111111111111,0.5509460785993394,148.622897532,-17.583150357639703,62004.20653,67,True,,,,,,,,,,,False,False
train_2023_2024,cci_h6,public,cost2,ETHUSDT,144,0,-249.54618275247958,-249.54618275247958,0.19444444444444445,0.5782417618140077,148.10950308,-22.615979672479,61751.2753,59,True,,,,,,,,,,,False,False
train_2023_2024,cci_h4,personal,cost1,PORTFOLIO,281,0,-256.5794202050328,-256.5794202050328,0.2491103202846975,0.7687887296497363,127.68543653600001,-24.5069236690323,159716.10402,89,True,,,,,,,,,,,False,False
train_2023_2024,cci_h4,personal,cost1,BTCUSDT,140,0,-42.11496961074126,-42.11496961074126,0.2642857142857143,0.9227808781838123,67.49076393600001,-12.2008456747413,84400.20212000002,72,True,,,,,,,,,,,False,False
train_2023_2024,cci_h4,personal,cost1,ETHUSDT,141,0,-214.46445059429158,-214.46445059429158,0.23404255319148937,0.6199614464019411,60.194672600000004,-12.306077994291,75315.9019,65,True,,,,,,,,,,,False,False
train_2023_2024,cci_h4,personal,cost2,PORTFOLIO,282,0,-495.1882030604222,-495.1882030604222,0.21631205673758866,0.5171106039951966,180.39741042400001,-35.7575826364217,112893.77945,89,True,,,,,,,,,,,False,False
train_2023_2024,cci_h4,personal,cost2,BTCUSDT,141,0,-197.22403496541986,-197.22403496541986,0.22695035460992907,0.6144377958031515,94.17422586400001,-17.707699101419703,58921.780450000006,72,True,,,,,,,,,,,False,False
train_2023_2024,cci_h4,personal,cost2,ETHUSDT,141,0,-297.9641680950023,-297.9641680950023,0.20567375886524822,0.4202422018081551,86.22318456,-18.049883535002,53971.999,65,True,,,,,,,,,,,False,False
train_2023_2024,cci_h4,public,cost1,PORTFOLIO,281,0,-309.95806106233226,-309.95806106233226,0.24199288256227758,0.7171943294266552,180.527822982,-22.863688080331702,150545.20727,89,True,,,,,,,,,,,False,False
train_2023_2024,cci_h4,public,cost1,BTCUSDT,140,0,-78.64991964627676,-78.64991964627676,0.2571428571428571,0.854846936201384,95.635315182,-11.317054464276701,79733.82647000001,72,True,,,,,,,,,,,False,False
train_2023_2024,cci_h4,public,cost1,ETHUSDT,141,0,-231.30814141605552,-231.30814141605552,0.22695035460992907,0.5826039890042092,84.89250779999999,-11.546633616055,70811.3808,65,True,,,,,,,,,,,False,False
train_2023_2024,cci_h4,public,cost2,PORTFOLIO,280,0,-527.3430327597787,-527.3430327597787,0.21428571428571427,0.4734874054878185,246.503161644,-33.242081115778305,102838.08496000001,89,True,,,,,,,,,,,False,False
train_2023_2024,cci_h4,public,cost2,BTCUSDT,140,0,-218.66802137833545,-218.66802137833545,0.22857142857142856,0.5646272450397011,128.755223364,-16.4241080143353,53703.765960000004,72,True,,,,,,,,,,,False,False
train_2023_2024,cci_h4,public,cost2,ETHUSDT,140,0,-308.67501138144326,-308.67501138144326,0.2,0.3818123606077718,117.74793828,-16.817973101443002,49134.319,65,True,,,,,,,,,,,False,False
train_2023_2024,cci_h1,personal,cost1,PORTFOLIO,385,1,-284.42100047969893,-281.666539344699,0.2883116883116883,0.8009419857088091,148.75682006800002,-32.467610411699305,185991.78537000003,99,True,,,,,,,,,,,False,False
train_2023_2024,cci_h1,personal,cost1,BTCUSDT,199,1,-143.72947699671812,-140.97501586171813,0.31155778894472363,0.8093871409227352,83.486198228,-17.6377087687183,104365.34757000001,86,True,,,,,,,,,,,False,False
train_2023_2024,cci_h1,personal,cost1,ETHUSDT,186,0,-140.69152348298084,-140.69152348298084,0.26344086021505375,0.7916943500784801,65.27062184,-14.829901642981001,81626.4378,77,True,,,,,,,,,,,False,False
train_2023_2024,cci_h1,personal,cost2,PORTFOLIO,385,1,-568.8432540645443,-566.9175413585443,0.24935064935064935,0.5440141816513878,204.76715676800004,-45.175937296544205,128091.85802000001,99,True,,,,,,,,,,,False,False
train_2023_2024,cci_h1,personal,cost2,BTCUSDT,199,1,-304.2239203170994,-302.2982076110994,0.271356783919598,0.5358259980384726,113.70068084800002,-24.3361794690992,71115.77612000001,86,True,,,,,,,,,,,False,False
train_2023_2024,cci_h1,personal,cost2,ETHUSDT,186,0,-264.61933374744495,-264.61933374744495,0.22580645161290322,0.553021741575778,91.06647592,-20.839757827445002,56976.081900000005,77,True,,,,,,,,,,,False,False
train_2023_2024,cci_h1,public,cost1,PORTFOLIO,385,1,-342.91156194579935,-340.3185258777994,0.2857142857142857,0.753640412577292,209.138508852,-30.303853093799702,174322.7797,99,True,,,,,,,,,,,False,False
train_2023_2024,cci_h1,public,cost1,BTCUSDT,199,1,-178.43510388328653,-175.84206781528655,0.3065326633165829,0.7566223593675756,117.255759852,-16.3813440312867,97721.98980000001,86,True,,,,,,,,,,,False,False
train_2023_2024,cci_h1,public,cost1,ETHUSDT,186,0,-164.47645806251282,-164.47645806251282,0.26344086021505375,0.7503705151416747,91.88274899999999,-13.922509062513,76600.7899,77,True,,,,,,,,,,,False,False
train_2023_2024,cci_h1,public,cost2,PORTFOLIO,385,1,-618.2068971479978,-616.3950931379977,0.23636363636363636,0.49031692611931593,279.475062336,-41.069374811997704,116551.05594,99,True,,,,,,,,,,,False,False
train_2023_2024,cci_h1,public,cost2,BTCUSDT,199,1,-330.0443309976698,-328.2325269876698,0.25125628140703515,0.48188722029521214,154.678601976,-21.9813690216697,64499.159040000006,86,True,,,,,,,,,,,False,False
train_2023_2024,cci_h1,public,cost2,ETHUSDT,186,0,-288.1625661503279,-288.1625661503279,0.22043010752688172,0.49959072175486396,124.79646036,-19.088005790328,52051.8969,77,True,,,,,,,,,,,False,False
train_2023_2024,cci_m30,personal,cost1,PORTFOLIO,504,1,-367.76709366722423,-369.7604794672243,0.2777777777777778,0.7968768129376862,205.57316797600004,-42.3953056912245,256961.05287,103,True,,,,,,,,,,,False,False
train_2023_2024,cci_m30,personal,cost1,BTCUSDT,253,1,-76.56432893303469,-78.55771473303471,0.30039525691699603,0.9141226222479731,112.83633389600001,-22.1595750370345,141013.05217,90,True,,,,,,,,,,,False,False
train_2023_2024,cci_m30,personal,cost1,ETHUSDT,251,0,-291.20276473418954,-291.20276473418954,0.2549800796812749,0.6784455220357157,92.73683408000001,-20.23573065419,115948.0007,79,True,,,,,,,,,,,False,False
train_2023_2024,cci_m30,personal,cost2,PORTFOLIO,504,1,-699.1302663334582,-699.4022436934581,0.24603174603174602,0.5241043909710942,256.24630912000003,-52.5523572134581,160253.80762,103,True,,,,,,,,,,,False,False
train_2023_2024,cci_m30,personal,cost2,BTCUSDT,253,1,-308.9949703614583,-309.26694772145834,0.2648221343873518,0.5847914964609335,138.67732112000002,-27.1826492414581,86709.11662000002,90,True,,,,,,,,,,,False,False
train_2023_2024,cci_m30,personal,cost2,ETHUSDT,251,0,-390.1352959719998,-390.1352959719998,0.22709163346613545,0.46173937125338277,117.568988,-25.369707972,73544.691,79,True,,,,,,,,,,,False,False
train_2023_2024,cci_m30,public,cost1,PORTFOLIO,503,1,-440.520675894503,-442.08212013550303,0.27037773359840955,0.7469506925434365,282.955727016,-38.7770488785032,235800.92097,103,True,,,,,,,,,,,False,False
train_2023_2024,cci_m30,public,cost1,BTCUSDT,252,1,-124.1748558935754,-125.73630013457543,0.29365079365079366,0.8564876387711301,154.147203396,-20.1614524975752,128431.82767000001,90,True,,,,,,,,,,,False,False
train_2023_2024,cci_m30,public,cost1,ETHUSDT,251,0,-316.3458200009276,-316.3458200009276,0.24701195219123506,0.6367532072543486,128.80852362,-18.615596380928,107369.09330000001,79,True,,,,,,,,,,,False,False
train_2023_2024,cci_m30,public,cost2,PORTFOLIO,503,1,-743.1610405650883,-743.2384901250883,0.23260437375745527,0.4725889701114834,344.182725384,-47.0314951810883,143506.12596,103,True,,,,,,,,,,,False,False
train_2023_2024,cci_m30,public,cost2,BTCUSDT,252,1,-341.69575168473654,-341.7732012447365,0.24603174603174602,0.5234822817385925,185.194831104,-24.204000580736302,77200.98056000001,90,True,,,,,,,,,,,False,False
train_2023_2024,cci_m30,public,cost2,ETHUSDT,251,0,-401.4652888803518,-401.4652888803518,0.21912350597609562,0.4198392704941432,158.98789427999998,-22.827494600352,66305.14540000001,79,True,,,,,,,,,,,False,False
train_2023_2024,cci_m15,personal,cost1,PORTFOLIO,633,1,-558.2877785772268,-559.6544897772268,0.26540284360189575,0.7241088333424219,250.62497272400003,-41.7282358532276,313334.5809,102,True,,,,,,,,,,,False,False
train_2023_2024,cci_m15,personal,cost1,BTCUSDT,324,1,-239.5998482106857,-240.9665594106857,0.2777777777777778,0.7701875158512822,138.40707032400002,-21.4834078866856,173023.92470000003,89,True,,,,,,,,,,,False,False
train_2023_2024,cci_m15,personal,cost1,ETHUSDT,309,0,-318.6879303665411,-318.6879303665411,0.2524271844660194,0.674807573220559,112.21790240000001,-20.244827966542,140310.6562,79,True,,,,,,,,,,,False,False
train_2023_2024,cci_m15,personal,cost2,PORTFOLIO,631,1,-844.1208917710012,-844.2375745710012,0.23613312202852615,0.4494628439270619,285.71371439200004,-46.3681473790009,178722.31748000003,102,True,,,,,,,,,,,False,False
train_2023_2024,cci_m15,personal,cost2,BTCUSDT,325,1,-423.21013040068146,-423.32681320068144,0.24615384615384617,0.47008908381641024,156.49246239200002,-23.853838008680903,97869.38858000001,89,True,,,,,,,,,,,False,False
train_2023_2024,cci_m15,personal,cost2,ETHUSDT,306,0,-420.91076137031973,-420.91076137031973,0.22549019607843138,0.4270326611529665,129.22125200000002,-22.51430937032,80852.9289,78,True,,,,,,,,,,,False,False
train_2023_2024,cci_m15,public,cost1,PORTFOLIO,635,1,-643.9669069940147,-644.9409138420147,0.2614173228346457,0.6613158053037249,336.6821031,-36.5491038940154,280625.9638,102,True,,,,,,,,,,,False,False
train_2023_2024,cci_m15,public,cost1,BTCUSDT,326,1,-292.9714020325015,-293.94540888050153,0.27300613496932513,0.7030524023225858,186.43814808,-18.726053952501402,155378.3996,89,True,,,,,,,,,,,False,False
train_2023_2024,cci_m15,public,cost1,ETHUSDT,309,0,-350.9955049615132,-350.9955049615132,0.24919093851132687,0.6161318286739831,150.24395502,-17.823049941514,125247.56420000001,79,True,,,,,,,,,,,False,False
train_2023_2024,cci_m15,public,cost2,PORTFOLIO,608,1,-871.4619240703976,-871.4785944383976,0.2236842105263158,0.39226214981492386,371.233466052,-39.4816080183975,154819.22862,101,True,,,,,,,,,,,False,False
train_2023_2024,cci_m15,public,cost2,BTCUSDT,310,1,-430.5314298349709,-430.5481002029709,0.23870967741935484,0.4177796307160766,201.739850532,-20.144929302970503,84109.63802000001,88,True,,,,,,,,,,,False,False
train_2023_2024,cci_m15,public,cost2,ETHUSDT,298,0,-440.93049423542675,-440.93049423542675,0.2080536912751678,0.3650906463042719,169.49361552,-19.336678715427002,70709.5906,77,True,,,,,,,,,,,False,False
train_2023_2024,cci_m5,personal,cost1,PORTFOLIO,815,1,-849.749889202545,-850.296573682545,0.23558282208588957,0.5431744785035393,236.09880104800004,-28.1989081545444,295342.34395,103,True,,,,,,,,,,,False,False
train_2023_2024,cci_m5,personal,cost1,BTCUSDT,412,1,-382.2972964675438,-382.8439809475438,0.25,0.5822515211718141,122.63826720800002,-13.6520492595434,153360.17375000002,90,True,,,,,,,,,,,False,False
train_2023_2024,cci_m5,personal,cost1,ETHUSDT,403,0,-467.4525927350012,-467.4525927350012,0.22084367245657568,0.5052729505081597,113.46053384000001,-14.546858895001,141982.1702,79,True,,,,,,,,,,,False,False
train_2023_2024,cci_m5,personal,cost2,PORTFOLIO,447,0,-888.5841315150357,-888.5841315150357,0.18344519015659955,0.2819439403303952,226.65554372000003,-21.246837795035002,141929.77007,71,False,,,,,,,,,,,False,False
train_2023_2024,cci_m5,personal,cost2,BTCUSDT,217,0,-423.2629274150525,-423.2629274150525,0.18433179723502305,0.28816818758649637,111.07270124000001,-9.803776175052,69524.10157000001,60,False,,,,,,,,,,,False,False
train_2023_2024,cci_m5,personal,cost2,ETHUSDT,230,0,-465.32120409998316,-465.32120409998316,0.1826086956521739,0.2761869801924564,115.58284248000001,-11.443061619983,72405.6685,48,False,,,,,,,,,,,False,False
train_2023_2024,cci_m5,public,cost1,PORTFOLIO,791,1,-852.7223427733962,-853.1789084833963,0.23767383059418457,0.5106648162843351,314.149897506,-25.0490752673955,261995.61129000003,103,True,,,,,,,,,,,False,False
train_2023_2024,cci_m5,public,cost1,BTCUSDT,405,1,-412.3409030674431,-412.7974687774431,0.24691358024691357,0.5311639032274499,166.270666146,-12.1650669214425,138631.81909,90,True,,,,,,,,,,,False,False
train_2023_2024,cci_m5,public,cost1,ETHUSDT,386,0,-440.38143970595314,-440.38143970595314,0.22797927461139897,0.4897524878846462,147.87923136,-12.884008345953001,123363.79220000001,78,True,,,,,,,,,,,False,False
train_2023_2024,cci_m5,public,cost2,PORTFOLIO,426,0,-889.2112341464614,-889.2112341464614,0.16901408450704225,0.2515468543157748,301.804559352,-19.3932347944607,125998.38970000001,69,False,,,,,,,,,,,False,False
train_2023_2024,cci_m5,public,cost2,BTCUSDT,203,0,-425.6106184630722,-425.6106184630722,0.1625615763546798,0.252504953734226,147.279993792,-8.738484671071701,61461.2565,56,False,,,,,,,,,,,False,False
train_2023_2024,cci_m5,public,cost2,ETHUSDT,223,0,-463.6006156833891,-463.6006156833891,0.17488789237668162,0.2506651018816441,154.52456555999998,-10.654750123389,64537.133200000004,48,False,,,,,,,,,,,False,False
train_2023_2024,cci_m3,personal,cost1,PORTFOLIO,822,1,-834.8584217397424,-835.4392739997425,0.23722627737226276,0.5514431014795053,237.46626269600003,-28.301419043741802,297041.88676,103,True,,,,,,,,,,,False,False
train_2023_2024,cci_m3,personal,cost1,BTCUSDT,424,1,-406.7633078745284,-407.3441601345284,0.24528301886792453,0.5713631731463465,126.91250437600002,-13.8380634985278,158714.62516000003,90,True,,,,,,,,,,,False,False
train_2023_2024,cci_m3,personal,cost1,ETHUSDT,398,0,-428.095113865214,-428.095113865214,0.228643216080402,0.5306900281335991,110.55375832000001,-14.463355545214,138327.2616,79,True,,,,,,,,,,,False,False
train_2023_2024,cci_m3,personal,cost2,PORTFOLIO,468,0,-889.2262913563553,-889.2262913563553,0.1752136752136752,0.29897091703041995,236.52803978400004,-22.865201572354703,148081.38317000002,72,False,,,,,,,,,,,False,False
train_2023_2024,cci_m3,personal,cost2,BTCUSDT,233,0,-443.27368168899204,-443.27368168899204,0.17167381974248927,0.29013769178913557,119.76656138400001,-10.159870304991701,74949.06937000001,61,False,,,,,,,,,,,False,False
train_2023_2024,cci_m3,personal,cost2,ETHUSDT,235,0,-445.9526096673633,-445.9526096673633,0.17872340425531916,0.30753588410587224,116.76147840000002,-12.705331267363,73132.3138,51,False,,,,,,,,,,,False,False
train_2023_2024,cci_m3,public,cost1,PORTFOLIO,788,1,-852.9419969571017,-853.3985626671017,0.23857868020304568,0.5120333544369833,316.23927567,-24.9782712871011,263726.76481,103,True,,,,,,,,,,,False,False
train_2023_2024,cci_m3,public,cost1,BTCUSDT,406,1,-432.34180404162856,-432.79836975162857,0.24630541871921183,0.5177306297137171,169.81780653,-12.0892475116281,141587.68321000002,90,True,,,,,,,,,,,False,False
train_2023_2024,cci_m3,public,cost1,ETHUSDT,382,0,-420.6001929154731,-420.6001929154731,0.23036649214659685,0.506028596842281,146.42146914,-12.889023775473001,122139.0816,78,True,,,,,,,,,,,False,False
train_2023_2024,cci_m3,public,cost2,PORTFOLIO,427,0,-888.4401469212089,-888.4401469212089,0.16393442622950818,0.2536201181307482,305.839816284,-19.444140637208402,127671.06456000001,69,False,,,,,,,,,,,False,False
train_2023_2024,cci_m3,public,cost2,BTCUSDT,208,0,-438.8444041646278,-438.8444041646278,0.15384615384615385,0.2511998243144919,154.217482404,-8.797831760627401,64351.290660000006,56,False,,,,,,,,,,,False,False
train_2023_2024,cci_m3,public,cost2,ETHUSDT,219,0,-449.59574275658116,-449.59574275658116,0.1735159817351598,0.2559674929348797,151.62233387999999,-10.646308876581001,63319.7739,48,False,,,,,,,,,,,False,False
train_2023_2024,cci_m1,personal,cost1,PORTFOLIO,810,1,-849.9414564097424,-850.4881408897425,0.23703703703703705,0.5410570743149907,236.54667354000003,-27.872412869741403,295895.92742,103,True,,,,,,,,,,,False,False
train_2023_2024,cci_m1,personal,cost1,BTCUSDT,414,1,-415.07836292546625,-415.62504740546626,0.24879227053140096,0.558566963120159,125.64485998000002,-13.4918329454654,157127.58352000001,90,True,,,,,,,,,,,False,False
train_2023_2024,cci_m1,personal,cost1,ETHUSDT,396,0,-434.8630934842762,-434.8630934842762,0.22474747474747475,0.5229723769744231,110.90181356000001,-14.380579924276,138768.3439,79,True,,,,,,,,,,,False,False
train_2023_2024,cci_m1,personal,cost2,PORTFOLIO,447,0,-889.2040646504295,-889.2040646504295,0.18568232662192394,0.28313727847817244,229.72147508000003,-21.0845995704288,143837.28985,70,False,,,,,,,,,,,False,False
train_2023_2024,cci_m1,personal,cost2,BTCUSDT,221,0,-442.8462430176163,-442.8462430176163,0.18099547511312217,0.28092624017067713,116.14932676000002,-9.6167262576158,72694.67975000001,59,False,,,,,,,,,,,False,False
train_2023_2024,cci_m1,personal,cost2,ETHUSDT,226,0,-446.35782163281317,-446.35782163281317,0.1902654867256637,0.2853175258593147,113.57214832000001,-11.467873312813001,71142.6101,51,False,,,,,,,,,,,False,False
train_2023_2024,cci_m1,public,cost1,PORTFOLIO,783,1,-852.7417674336298,-853.1983331436298,0.23754789272030652,0.5112981749030031,315.551511762,-24.960865671629,263152.32318,103,True,,,,,,,,,,,False,False
train_2023_2024,cci_m1,public,cost1,BTCUSDT,401,1,-416.14649613516065,-416.60306184516065,0.24688279301745636,0.5309770569044219,167.526882342,-12.081323793160001,139672.17418,89,True,,,,,,,,,,,False,False
train_2023_2024,cci_m1,public,cost1,ETHUSDT,382,0,-436.59527129846913,-436.59527129846913,0.22774869109947643,0.4909165530374439,148.02462942,-12.879541878469,123480.149,78,True,,,,,,,,,,,False,False
train_2023_2024,cci_m1,public,cost2,PORTFOLIO,427,0,-888.5387805787126,-888.5387805787126,0.17096018735362997,0.25235107773430504,304.434388212,-19.224702366711902,127091.59735000001,70,False,,,,,,,,,,,False,False
train_2023_2024,cci_m1,public,cost2,BTCUSDT,206,0,-439.92045038155953,-439.92045038155953,0.16019417475728157,0.24744825182495447,152.090354892,-8.7199054895589,63471.62825000001,57,False,,,,,,,,,,,False,False
train_2023_2024,cci_m1,public,cost2,ETHUSDT,221,0,-448.6183301971531,-448.6183301971531,0.18099547511312217,0.2570972034047222,152.34403332,-10.504796877153,63619.9691,48,False,,,,,,,,,,,False,False
train_2023_2024,chop_w,personal,cost1,PORTFOLIO,136,1,-135.51162374466645,-138.1083750246665,0.2426470588235294,0.810027267428094,95.80510238000001,-31.528671364664902,119760.46690000001,26,False,,,,,,,,,,,False,False
train_2023_2024,chop_w,personal,cost1,BTCUSDT,125,1,-99.22747471076545,-101.8242259907655,0.248,0.8487199945053234,91.54938958000001,-28.004235130763902,114426.57390000002,26,False,,,,,,,,,,,False,False
train_2023_2024,chop_w,personal,cost1,ETHUSDT,11,0,-36.28414903390099,-36.28414903390099,0.18181818181818182,0.32689990194701973,4.2557128,-3.524436233901,5333.893,3,False,,,,,,,,,,,False,False
train_2023_2024,chop_w,personal,cost2,PORTFOLIO,136,1,-319.3772255677547,-319.8260055677547,0.23529411764705882,0.5484002534282441,139.04143064800002,-46.421084919755,86967.85151000001,26,False,,,,,,,,,,,False,False
train_2023_2024,chop_w,personal,cost2,BTCUSDT,125,1,-279.69294591352076,-280.14172591352076,0.24,0.5733952718322045,132.69393784800002,-41.22949806552101,82986.59591,26,False,,,,,,,,,,,False,False
train_2023_2024,chop_w,personal,cost2,ETHUSDT,11,0,-39.68427965423394,-39.68427965423394,0.18181818181818182,0.22986943823794792,6.3474928,-5.191586854234,3981.2556,3,False,,,,,,,,,,,False,False
train_2023_2024,chop_w,public,cost1,PORTFOLIO,136,1,-167.79711652581602,-169.95819421981608,0.2426470588235294,0.7662302826082227,137.075066004,-30.197410521814604,114229.48399000001,26,False,,,,,,,,,,,False,False
train_2023_2024,chop_w,public,cost1,BTCUSDT,125,1,-130.40491495372405,-132.5659926477241,0.248,0.8032220187741133,131.004910164,-26.8593647897226,109157.02879000001,26,False,,,,,,,,,,,False,False
train_2023_2024,chop_w,public,cost1,ETHUSDT,11,0,-37.392201572091984,-37.392201572091984,0.18181818181818182,0.29910856566914223,6.07015584,-3.338045732092,5072.4552,3,False,,,,,,,,,,,False,False
train_2023_2024,chop_w,public,cost2,PORTFOLIO,136,1,-353.6518994109987,-353.7216118589987,0.23529411764705882,0.49470240310052316,191.0950737,-42.844075710999,79682.80375,26,False,,,,,,,,,,,False,False
train_2023_2024,chop_w,public,cost2,BTCUSDT,125,1,-313.78499317264277,-313.8547056206428,0.24,0.5163440712667204,182.19911946,-37.981923712643,75963.10175,26,False,,,,,,,,,,,False,False
train_2023_2024,chop_w,public,cost2,ETHUSDT,11,0,-39.86690623835594,-39.86690623835594,0.18181818181818182,0.21989992261954183,8.89595424,-4.862151998356,3719.702,3,False,,,,,,,,,,,False,False
train_2023_2024,chop_d,personal,cost1,PORTFOLIO,162,0,-343.355813711899,-343.355813711899,0.22839506172839505,0.5458121268802211,97.68401051200001,-15.759423199898201,122101.19333000001,30,True,,,,,,,,,,,False,False
train_2023_2024,chop_d,personal,cost1,BTCUSDT,99,0,-181.5133462626362,-181.5133462626362,0.23232323232323232,0.6254710059555908,66.692383312,-10.829382950635202,83315.22673000001,21,False,,,,,,,,,,,False,False
train_2023_2024,chop_d,personal,cost1,ETHUSDT,63,0,-161.84246744926278,-161.84246744926278,0.2222222222222222,0.4035286766545056,30.991627200000003,-4.930040249263,38785.9666,19,False,,,,,,,,,,,False,False
train_2023_2024,chop_d,personal,cost2,PORTFOLIO,163,0,-484.4190341406295,-484.4190341406295,0.19631901840490798,0.34839885217827343,142.08282889600002,-23.9010852446286,88840.36465,30,True,,,,,,,,,,,False,False
train_2023_2024,chop_d,personal,cost2,BTCUSDT,100,0,-293.97173054668633,-293.97173054668633,0.2,0.39450948865227353,96.94024481600002,-16.2932657306856,60579.88175000001,21,False,,,,,,,,,,,False,False
train_2023_2024,chop_d,personal,cost2,ETHUSDT,63,0,-190.4473035939432,-190.4473035939432,0.19047619047619047,0.26159949676899447,45.142584080000006,-7.607819513943,28260.482900000003,19,False,,,,,,,,,,,False,False
train_2023_2024,chop_d,public,cost1,PORTFOLIO,162,0,-371.626215430335,-371.626215430335,0.22839506172839505,0.5066601840959138,137.836164756,-14.8642906743341,114866.72762,30,True,,,,,,,,,,,False,False
train_2023_2024,chop_d,public,cost1,BTCUSDT,99,0,-206.19821776509522,-206.19821776509522,0.23232323232323232,0.5758954462705947,94.103765676,-10.2270920890941,78378.63012000002,21,False,,,,,,,,,,,False,False
train_2023_2024,chop_d,public,cost1,ETHUSDT,63,0,-165.4279976652398,-165.4279976652398,0.2222222222222222,0.38062785230639945,43.73239908,-4.63719858524,36488.0975,19,False,,,,,,,,,,,False,False
train_2023_2024,chop_d,public,cost2,PORTFOLIO,163,0,-510.39886838964304,-510.39886838964304,0.18404907975460122,0.3101561726051502,195.478531392,-22.1891369976423,81486.46835000001,30,True,,,,,,,,,,,False,False
train_2023_2024,chop_d,public,cost2,BTCUSDT,100,0,-312.4457429208849,-312.4457429208849,0.18,0.3538354865215782,133.067918112,-15.135024808884301,55438.600750000005,21,False,,,,,,,,,,,False,False
train_2023_2024,chop_d,public,cost2,ETHUSDT,63,0,-197.9531254687581,-197.9531254687581,0.19047619047619047,0.22776207969235793,62.41061327999999,-7.054112188758,26047.8676,19,False,,,,,,,,,,,False,False
train_2023_2024,chop_h12,personal,cost1,PORTFOLIO,125,0,-170.51734762136905,-170.51734762136905,0.232,0.7321468039247816,78.163343968,-13.162203653369101,97675.3888,35,True,,,,,,,,,,,False,False
train_2023_2024,chop_h12,personal,cost1,BTCUSDT,80,0,-79.63687991324716,-79.63687991324716,0.225,0.8146089223360911,53.20758584800001,-9.049394065247101,66432.2393,27,False,,,,,,,,,,,False,False
train_2023_2024,chop_h12,personal,cost1,ETHUSDT,45,0,-90.88046770812191,-90.88046770812191,0.24444444444444444,0.561061299190002,24.955758120000002,-4.112809588122,31243.1495,19,False,,,,,,,,,,,False,False
train_2023_2024,chop_h12,personal,cost2,PORTFOLIO,125,0,-319.6760430304563,-319.6760430304563,0.2,0.4958455278049568,118.15008870400001,-20.9865743264559,73854.43936,35,True,,,,,,,,,,,False,False
train_2023_2024,chop_h12,personal,cost2,BTCUSDT,80,0,-189.4831458705054,-189.4831458705054,0.1875,0.5579823072852376,80.36573910400001,-14.4946267665049,50189.19726000001,27,False,,,,,,,,,,,False,False
train_2023_2024,chop_h12,personal,cost2,ETHUSDT,45,0,-130.1928971599509,-130.1928971599509,0.2222222222222222,0.3661673164027894,37.784349600000006,-6.491947559951,23665.2421,19,False,,,,,,,,,,,False,False
train_2023_2024,chop_h12,public,cost1,PORTFOLIO,123,0,-183.89616722211812,-183.89616722211812,0.23577235772357724,0.7082117024145395,112.395619254,-12.7842779681182,93627.03708000001,35,True,,,,,,,,,,,False,False
train_2023_2024,chop_h12,public,cost1,BTCUSDT,78,0,-83.7497503942032,-83.7497503942032,0.23076923076923078,0.8000289852699548,75.915897174,-8.797583220203201,63179.314080000004,27,False,,,,,,,,,,,False,False
train_2023_2024,chop_h12,public,cost1,ETHUSDT,45,0,-100.14641682791492,-100.14641682791492,0.24444444444444444,0.5263351930708261,36.479722079999995,-3.986694747915,30447.723,19,False,,,,,,,,,,,False,False
train_2023_2024,chop_h12,public,cost2,PORTFOLIO,125,0,-345.79576220748,-345.79576220748,0.2,0.4503277190592067,162.729281952,-19.5065402554796,67814.63278,35,True,,,,,,,,,,,False,False
train_2023_2024,chop_h12,public,cost2,BTCUSDT,80,0,-210.0525218931761,-210.0525218931761,0.1875,0.5084851905860697,110.801398992,-13.506782901175601,46130.40108,27,False,,,,,,,,,,,False,False
train_2023_2024,chop_h12,public,cost2,ETHUSDT,45,0,-135.74324031430388,-135.74324031430388,0.2222222222222222,0.3271275360163467,51.92788296,-5.999757354304,21684.2317,19,False,,,,,,,,,,,False,False
train_2023_2024,chop_h6,personal,cost1,PORTFOLIO,165,0,-124.27485734958238,-124.27485734958238,0.24242424242424243,0.8601203618615966,110.78969021200001,-16.3512371375831,138576.48886,63,True,,,,,,,,,,,False,False
train_2023_2024,chop_h6,personal,cost1,BTCUSDT,100,0,95.09381815216906,95.09381815216906,0.25,1.1834413883525334,70.90522313200002,-11.004728715831101,88633.85416000002,48,True,,,,,,,,,,,False,False
train_2023_2024,chop_h6,personal,cost1,ETHUSDT,65,0,-219.36867550175143,-219.36867550175143,0.23076923076923078,0.4071971631643356,39.88446708,-5.3465084217520005,49942.6347,40,False,,,,,,,,,,,False,False
train_2023_2024,chop_h6,personal,cost2,PORTFOLIO,164,0,-332.53187333123645,-332.53187333123645,0.18902439024390244,0.6040963084361592,158.067722376,-24.827420955236803,98914.99913000001,63,True,,,,,,,,,,,False,False
train_2023_2024,chop_h6,personal,cost2,BTCUSDT,99,0,-92.98516045468163,-92.98516045468163,0.20202020202020202,0.8165648599020068,101.75655973600001,-16.578970718681802,63642.84143000001,48,False,,,,,,,,,,,False,False
train_2023_2024,chop_h6,personal,cost2,ETHUSDT,65,0,-239.5467128765548,-239.5467128765548,0.16923076923076924,0.2806857228044169,56.311162640000006,-8.248450236555,35272.1577,40,False,,,,,,,,,,,False,False
train_2023_2024,chop_h6,public,cost1,PORTFOLIO,165,0,-161.98435681399926,-161.98435681399926,0.23636363636363636,0.8176008950943778,158.672230512,-15.572726302000001,132312.68085,63,True,,,,,,,,,,,False,False
train_2023_2024,chop_h6,public,cost1,BTCUSDT,100,0,65.36878736571522,65.36878736571522,0.25,1.1253765742149524,101.808550872,-10.480261762285,84843.84885000001,48,True,,,,,,,,,,,False,False
train_2023_2024,chop_h6,public,cost1,ETHUSDT,65,0,-227.35314417971446,-227.35314417971446,0.2153846153846154,0.37999708519330944,56.863679639999994,-5.092464539715,47468.832,40,False,,,,,,,,,,,False,False
train_2023_2024,chop_h6,public,cost2,PORTFOLIO,164,0,-366.899391806087,-366.899391806087,0.18292682926829268,0.5544045615943989,217.054579152,-23.454632654087302,90542.82203000001,63,True,,,,,,,,,,,False,False
train_2023_2024,chop_h6,public,cost2,BTCUSDT,100,0,-127.70038585461515,-127.70038585461515,0.2,0.7464862776650103,141.860956152,-15.736549702615301,59144.11793000001,48,True,,,,,,,,,,,False,False
train_2023_2024,chop_h6,public,cost2,ETHUSDT,64,0,-239.19900595147186,-239.19900595147186,0.15625,0.25173022746773016,75.19362299999999,-7.718082951472001,31398.704100000003,40,False,,,,,,,,,,,False,False
train_2023_2024,chop_h4,personal,cost1,PORTFOLIO,169,0,-214.5078592356312,-214.5078592356312,0.22485207100591717,0.71280803355893,92.974153396,-12.9848558396324,116413.08210000001,70,True,,,,,,,,,,,False,False
train_2023_2024,chop_h4,personal,cost1,BTCUSDT,91,0,-6.710823566691348,-6.710823566691348,0.2087912087912088,0.9827678534399644,55.63748939600001,-6.4880841706924,69628.08850000001,49,False,,,,,,,,,,,False,False
train_2023_2024,chop_h4,personal,cost1,ETHUSDT,78,0,-207.79703566893986,-207.79703566893986,0.24358974358974358,0.4187141745164338,37.336664000000006,-6.49677166894,46784.9936,48,False,,,,,,,,,,,False,False
train_2023_2024,chop_h4,personal,cost2,PORTFOLIO,169,0,-385.9412188212106,-385.9412188212106,0.17751479289940827,0.47546723872814384,136.13203871200002,-21.222670109210302,85265.58427,70,True,,,,,,,,,,,False,False
train_2023_2024,chop_h4,personal,cost2,BTCUSDT,91,0,-142.3888626111855,-142.3888626111855,0.16483516483516483,0.6444215569031282,81.16674167200001,-11.207510939185301,50811.00527000001,49,False,,,,,,,,,,,False,False
train_2023_2024,chop_h4,personal,cost2,ETHUSDT,78,0,-243.55235621002512,-243.55235621002512,0.19230769230769232,0.2737109670594724,54.96529704,-10.015159170025001,34454.579,48,False,,,,,,,,,,,False,False
train_2023_2024,chop_h4,public,cost1,PORTFOLIO,169,0,-242.074036734555,-242.074036734555,0.21893491124260356,0.6755677651062455,133.409953542,-12.420013192556201,111361.51755,70,True,,,,,,,,,,,False,False
train_2023_2024,chop_h4,public,cost1,BTCUSDT,91,0,-29.60904308581814,-29.60904308581814,0.2087912087912088,0.9250480587296077,80.152440762,-6.203232323819201,66875.17845,49,False,,,,,,,,,,,False,False
train_2023_2024,chop_h4,public,cost1,ETHUSDT,78,0,-212.46499364873685,-212.46499364873685,0.23076923076923078,0.3948699066387923,53.25751278,-6.2167808687370005,44486.339100000005,48,False,,,,,,,,,,,False,False
train_2023_2024,chop_h4,public,cost2,PORTFOLIO,169,0,-416.111096497297,-416.111096497297,0.16568047337278108,0.42917211774024905,187.243171404,-19.485935093296803,78186.82671000001,70,True,,,,,,,,,,,False,False
train_2023_2024,chop_h4,public,cost2,BTCUSDT,91,0,-168.35292081268494,-168.35292081268494,0.16483516483516483,0.5784432732319073,111.431975964,-10.3683548486848,46504.82581,49,False,,,,,,,,,,,False,False
train_2023_2024,chop_h4,public,cost2,ETHUSDT,78,0,-247.75817568461207,-247.75817568461207,0.16666666666666666,0.2483079748081132,75.81119543999999,-9.117580244612,31682.000900000003,48,False,,,,,,,,,,,False,False
train_2023_2024,chop_h1,personal,cost1,PORTFOLIO,171,1,28.880508243200982,34.67573519820096,0.28654970760233917,1.0551859927717813,75.10295005200001,-16.2754917047995,94049.16434,77,True,,,,,,,,,,,False,False
train_2023_2024,chop_h1,personal,cost1,BTCUSDT,92,1,66.63631465634414,72.43154161134412,0.2717391304347826,1.2277640549116198,40.62258397200001,-7.8832513716565,50842.07114000001,66,False,,,,,,,,,,,False,False
train_2023_2024,chop_h1,personal,cost1,ETHUSDT,79,0,-37.755806413143155,-37.755806413143155,0.3037974683544304,0.878337278850618,34.48036608,-8.392240333143,43207.0932,56,False,,,,,,,,,,,False,False
train_2023_2024,chop_h1,personal,cost2,PORTFOLIO,171,1,-188.6733473030613,-183.8091756970613,0.2573099415204678,0.7041569883052339,113.46964342400001,-26.202663879061003,71079.20397,77,True,,,,,,,,,,,False,False
train_2023_2024,chop_h1,personal,cost2,BTCUSDT,92,1,-65.40165688873624,-60.53748528273626,0.25,0.8116460635766182,61.82114958400001,-13.409967304736002,38700.224070000004,66,False,,,,,,,,,,,False,False
train_2023_2024,chop_h1,personal,cost2,ETHUSDT,79,0,-123.27169041432506,-123.27169041432506,0.26582278481012656,0.5889623539876787,51.64849384000001,-12.792696574325001,32378.979900000002,56,False,,,,,,,,,,,False,False
train_2023_2024,chop_h1,public,cost1,PORTFOLIO,171,1,-7.139698705277788,-1.4181808752778053,0.28654970760233917,0.9977451171724394,107.987397714,-15.578430991278301,90154.90439000001,77,True,,,,,,,,,,,False,False
train_2023_2024,chop_h1,public,cost1,BTCUSDT,92,1,48.537233378743366,54.25875120874335,0.2717391304347826,1.1694200376460153,58.636428654,-7.545967967257301,48927.571390000005,66,False,,,,,,,,,,,False,False
train_2023_2024,chop_h1,public,cost1,ETHUSDT,79,0,-55.67693208402115,-55.67693208402115,0.3037974683544304,0.8196266322210544,49.35096906,-8.032463024021,41227.333000000006,56,False,,,,,,,,,,,False,False
train_2023_2024,chop_h1,public,cost2,PORTFOLIO,171,1,-233.47921893101494,-228.87949044101498,0.24561403508771928,0.6299064027710339,157.7938788,-24.409220131014703,65894.52219,77,True,,,,,,,,,,,False,False
train_2023_2024,chop_h1,public,cost2,BTCUSDT,92,1,-93.6701725445819,-89.07044405458193,0.25,0.7223380955073391,85.8244434,-12.5065091445817,35816.68349,66,False,,,,,,,,,,,False,False
train_2023_2024,chop_h1,public,cost2,ETHUSDT,79,0,-139.80904638643304,-139.80904638643304,0.24050632911392406,0.5302894458122169,71.9694354,-11.902710986433,30077.8387,56,False,,,,,,,,,,,False,False
train_2023_2024,chop_m30,personal,cost1,PORTFOLIO,165,1,131.97498174601392,136.27788899401386,0.3393939393939394,1.2260998486478047,58.83197181600001,-16.0125064379864,73681.02577000001,74,True,,,,,,,,,,,False,False
train_2023_2024,chop_m30,personal,cost1,BTCUSDT,84,1,153.47143808424275,157.7743453322427,0.36904761904761907,1.4934250338016155,34.145513456,-8.5284084597574,42758.73597,54,False,,,,,,,,,,,False,False
train_2023_2024,chop_m30,personal,cost1,ETHUSDT,81,0,-21.496456338228832,-21.496456338228832,0.30864197530864196,0.9240353653627886,24.686458360000003,-7.484097978229,30922.289800000002,53,False,,,,,,,,,,,False,False
train_2023_2024,chop_m30,personal,cost2,PORTFOLIO,165,1,-91.28472077637262,-87.29234602637264,0.3090909090909091,0.8536807379694699,94.79386176800001,-27.2303290083724,59391.63328,74,True,,,,,,,,,,,False,False
train_2023_2024,chop_m30,personal,cost2,BTCUSDT,84,1,10.57856251752134,14.57093726752132,0.32142857142857145,1.0454809829265372,54.60221536800001,-14.588492114478402,34212.93798,54,False,,,,,,,,,,,False,False
train_2023_2024,chop_m30,personal,cost2,ETHUSDT,81,0,-101.86328329389397,-101.86328329389397,0.2962962962962963,0.6312159720541606,40.1916464,-12.641836893894,25178.6953,53,False,,,,,,,,,,,False,False
train_2023_2024,chop_m30,public,cost1,PORTFOLIO,165,1,97.36937783555864,101.66572746555859,0.3393939393939394,1.1686756968597627,85.687843566,-15.6142685984417,71543.95302,74,True,,,,,,,,,,,False,False
train_2023_2024,chop_m30,public,cost1,BTCUSDT,84,1,132.66874621512048,136.9650958451204,0.36904761904761907,1.4271787362829165,49.691936286,-8.2428074988797,41487.340820000005,54,False,,,,,,,,,,,False,False
train_2023_2024,chop_m30,public,cost1,ETHUSDT,81,0,-35.29936837956183,-35.29936837956183,0.30864197530864196,0.8748701156779725,35.99590728,-7.371461099562,30056.6122,53,False,,,,,,,,,,,False,False
train_2023_2024,chop_m30,public,cost2,PORTFOLIO,165,1,-141.39059501682118,-137.3785249108212,0.296969696969697,0.7680716033206165,132.95547612,-25.586458896821,55532.52788,74,True,,,,,,,,,,,False,False
train_2023_2024,chop_m30,public,cost2,BTCUSDT,84,1,-24.29014371229224,-20.27807360629226,0.30952380952380953,0.9364080777011344,76.47612492,-13.658558792292,31945.09788,54,False,,,,,,,,,,,False,False
train_2023_2024,chop_m30,public,cost2,ETHUSDT,81,0,-117.10045130452895,-117.10045130452895,0.2839506172839506,0.5717719677353004,56.479351199999996,-11.927900104529,23587.43,53,False,,,,,,,,,,,False,False
train_2023_2024,chop_m15,personal,cost1,PORTFOLIO,276,1,-3.8554460601306526,-0.09040221813070079,0.34057971014492755,0.999913961415209,121.29100785600001,-28.948238204130902,151565.49107000002,91,True,,,,,,,,,,,False,False
train_2023_2024,chop_m15,personal,cost1,BTCUSDT,145,1,-23.942905131564046,-20.177861289564095,0.3310344827586207,0.9644100943869687,65.17992333600002,-15.6540817955639,81457.04027000001,73,True,,,,,,,,,,,False,False
train_2023_2024,chop_m15,personal,cost1,ETHUSDT,131,0,20.087459071433393,20.087459071433393,0.3511450381679389,1.0415233858436674,56.111084520000006,-13.294156408567,70108.4508,66,True,,,,,,,,,,,False,False
train_2023_2024,chop_m15,personal,cost2,PORTFOLIO,276,1,-328.93193652506665,-325.9661724250667,0.2826086956521739,0.6641058257976039,174.45145321600003,-42.6394233090662,109062.12389,91,True,,,,,,,,,,,False,False
train_2023_2024,chop_m15,personal,cost2,BTCUSDT,145,1,-198.20316521147444,-195.23740111147447,0.2620689655172414,0.629083225420792,93.15843401600002,-22.958671195474203,58252.15699,73,True,,,,,,,,,,,False,False
train_2023_2024,chop_m15,personal,cost2,ETHUSDT,131,0,-130.72877131359223,-130.72877131359223,0.3053435114503817,0.7056179601250101,81.2930192,-19.680752113592,50809.9669,66,True,,,,,,,,,,,False,False
train_2023_2024,chop_m15,public,cost1,PORTFOLIO,276,1,-71.00197926445546,-67.35942196945551,0.3333333333333333,0.9349804239795878,172.453568634,-27.332480630455702,143665.53632,91,True,,,,,,,,,,,False,False
train_2023_2024,chop_m15,public,cost1,BTCUSDT,145,1,-59.12408164398483,-55.48152434898488,0.31724137931034485,0.9007195801146596,92.372253594,-14.6632980499847,76961.80622000001,73,True,,,,,,,,,,,False,False
train_2023_2024,chop_m15,public,cost1,ETHUSDT,131,0,-11.877897620470634,-11.877897620470634,0.3511450381679389,0.97510658943312,80.08131503999999,-12.669182580471,66703.7301,66,True,,,,,,,,,,,False,False
train_2023_2024,chop_m15,public,cost2,PORTFOLIO,276,1,-387.21522017672817,-384.4189288907282,0.2717391304347826,0.5972573378203274,239.749978404,-39.0912717727278,99928.54274,91,True,,,,,,,,,,,False,False
train_2023_2024,chop_m15,public,cost2,BTCUSDT,145,1,-228.85710329122702,-226.06081200522704,0.25517241379310346,0.5631204396453671,127.760308164,-20.958625127226803,53262.57224000001,73,True,,,,,,,,,,,False,False
train_2023_2024,chop_m15,public,cost2,ETHUSDT,131,0,-158.35811688550115,-158.35811688550115,0.2900763358778626,0.6376728563446344,111.98967024,-18.132646645501,46665.9705,66,True,,,,,,,,,,,False,False
train_2023_2024,chop_m5,personal,cost1,PORTFOLIO,628,1,-689.5575443375518,-689.5181913315519,0.24681528662420382,0.6183644679324372,222.77646664000002,-33.4948376975517,278583.66318000003,102,True,,,,,,,,,,,False,False
train_2023_2024,chop_m5,personal,cost1,BTCUSDT,327,1,-366.59029225052575,-366.55093924452575,0.24464831804281345,0.6164334589420735,121.56437708000001,-16.3625751705257,152005.24398000003,89,True,,,,,,,,,,,False,False
train_2023_2024,chop_m5,personal,cost1,ETHUSDT,301,0,-322.9672520870261,-322.9672520870261,0.24916943521594684,0.6205326405391924,101.21208956000001,-17.132262527026,126578.4192,78,True,,,,,,,,,,,False,False
train_2023_2024,chop_m5,personal,cost2,PORTFOLIO,599,1,-864.7510033019576,-864.5161255319575,0.2270450751252087,0.39141769222758865,258.182637096,-37.3971562059571,161534.4598,102,True,,,,,,,,,,,False,False
train_2023_2024,chop_m5,personal,cost2,BTCUSDT,308,1,-457.6956538511134,-457.4607760811134,0.23376623376623376,0.3790447044605903,136.37002941600002,-17.7642144351131,85309.2339,89,True,,,,,,,,,,,False,False
train_2023_2024,chop_m5,personal,cost2,ETHUSDT,291,0,-407.0553494508442,-407.0553494508442,0.21993127147766323,0.40474725941074285,121.81260768000001,-19.632941770844,76225.2259,78,True,,,,,,,,,,,False,False
train_2023_2024,chop_m5,public,cost1,PORTFOLIO,628,1,-733.3384318319042,-733.2334337849043,0.24522292993630573,0.5758512267676672,302.96923584,-29.974155991904002,252587.90958,102,True,,,,,,,,,,,False,False
train_2023_2024,chop_m5,public,cost1,BTCUSDT,327,1,-394.91113332978017,-394.8061352827802,0.2415902140672783,0.5683717713552565,164.54656056,-14.531132769780001,137174.59828,89,True,,,,,,,,,,,False,False
train_2023_2024,chop_m5,public,cost1,ETHUSDT,301,0,-338.4272985021241,-338.4272985021241,0.24916943521594684,0.5842555946994114,138.42267528,-15.443023222124001,115413.3113,78,True,,,,,,,,,,,False,False
train_2023_2024,chop_m5,public,cost2,PORTFOLIO,551,1,-882.5454449768348,-881.9375555668348,0.21234119782214156,0.33388530745149025,334.469489712,-31.650735264834502,139523.03781,100,True,,,,,,,,,,,False,False
train_2023_2024,chop_m5,public,cost2,BTCUSDT,278,1,-467.43747312616375,-466.8295837161637,0.21223021582733814,0.31549842539546996,174.249982392,-14.5527707341635,72679.24751,85,True,,,,,,,,,,,False,False
train_2023_2024,chop_m5,public,cost2,ETHUSDT,273,0,-415.1079718506711,-415.1079718506711,0.21245421245421245,0.3534176695740075,160.21950732,-17.097964530671,66843.79030000001,77,True,,,,,,,,,,,False,False
train_2023_2024,chop_m3,personal,cost1,PORTFOLIO,698,1,-725.4660790517642,-725.4303035917642,0.24068767908309455,0.6086890765661737,235.38858018800002,-33.0651488637643,294372.02296000003,101,True,,,,,,,,,,,False,False
train_2023_2024,chop_m3,personal,cost1,BTCUSDT,358,1,-356.15096489032453,-356.1151894303245,0.24581005586592178,0.6261100990132861,130.22286318800002,-16.4750517023243,162830.58196,88,True,,,,,,,,,,,False,False
train_2023_2024,chop_m3,personal,cost1,ETHUSDT,340,0,-369.3151141614396,-369.3151141614396,0.23529411764705882,0.5902809549868145,105.16571700000001,-16.59009716144,131541.441,79,True,,,,,,,,,,,False,False
train_2023_2024,chop_m3,personal,cost2,PORTFOLIO,578,0,-887.0868738993574,-887.0868738993574,0.2041522491349481,0.3358405491899097,245.86849691200004,-30.6065569873573,153879.33327,95,True,,,,,,,,,,,False,False
train_2023_2024,chop_m3,personal,cost2,BTCUSDT,286,0,-447.3725918732074,-447.3725918732074,0.2202797202797203,0.32869040469164146,128.94796747200002,-14.4750044012073,80677.41827000001,80,True,,,,,,,,,,,False,False
train_2023_2024,chop_m3,personal,cost2,ETHUSDT,292,0,-439.71428202615,-439.71428202615,0.18835616438356165,0.3429605851765509,116.92052944000001,-16.13155258615,73201.91500000001,73,True,,,,,,,,,,,False,False
train_2023_2024,chop_m3,public,cost1,PORTFOLIO,695,1,-775.3781156094417,-775.2896962014418,0.23597122302158274,0.5610292986516846,318.06391565399997,-29.347789955441602,265192.06718,101,True,,,,,,,,,,,False,False
train_2023_2024,chop_m3,public,cost1,BTCUSDT,355,1,-377.5530923893809,-377.46467298138094,0.24225352112676057,0.5813851348694337,174.019048254,-14.556834135380601,145068.38878,88,True,,,,,,,,,,,False,False
train_2023_2024,chop_m3,public,cost1,ETHUSDT,340,0,-397.82502322006076,-397.82502322006076,0.22941176470588234,0.5397964388560785,144.0448674,-14.790955820061,120123.6784,79,True,,,,,,,,,,,False,False
train_2023_2024,chop_m3,public,cost2,PORTFOLIO,556,1,-883.8047192888744,-883.0589768168743,0.2068345323741007,0.3044828654074635,324.480711204,-26.8295580848742,135388.55175,98,True,,,,,,,,,,,False,False
train_2023_2024,chop_m3,public,cost2,BTCUSDT,278,1,-450.27412507887533,-449.52838260687537,0.21942446043165467,0.29585330256526055,171.081268884,-12.804806194875201,71357.06415,82,True,,,,,,,,,,,False,False
train_2023_2024,chop_m3,public,cost2,ETHUSDT,278,0,-433.530594209999,-433.530594209999,0.19424460431654678,0.3132103036963874,153.39944232,-14.024751889999001,64031.4876,77,True,,,,,,,,,,,False,False
train_2023_2024,chop_m1,personal,cost1,PORTFOLIO,775,1,-849.2952498190602,-849.8419342990602,0.23870967741935484,0.5241121478881596,226.00510193600002,-26.0668478830603,282716.71643000003,102,True,,,,,,,,,,,False,False
train_2023_2024,chop_m1,personal,cost1,BTCUSDT,407,1,-417.5321905080673,-418.0788749880673,0.23832923832923833,0.5586548739661752,124.45533129600003,-12.900159212067301,155655.19343,90,True,,,,,,,,,,,False,False
train_2023_2024,chop_m1,personal,cost1,ETHUSDT,368,0,-431.76305931099296,-431.76305931099296,0.2391304347826087,0.48508891394039466,101.54977064,-13.166688670993,127061.523,78,True,,,,,,,,,,,False,False
train_2023_2024,chop_m1,personal,cost2,PORTFOLIO,459,0,-888.8557858289646,-888.8557858289646,0.1786492374727669,0.28456660410889983,229.58846695200003,-21.8029688769644,143742.35511,72,False,,,,,,,,,,,False,False
train_2023_2024,chop_m1,personal,cost2,BTCUSDT,226,0,-445.2401055105026,-445.2401055105026,0.18141592920353983,0.2918427400823234,118.60235543200001,-10.0360000785024,74228.96381,62,False,,,,,,,,,,,False,False
train_2023_2024,chop_m1,personal,cost2,ETHUSDT,233,0,-443.61568031846195,-443.61568031846195,0.1759656652360515,0.27711191477108543,110.98611152000001,-11.766968798462,69513.3913,53,False,,,,,,,,,,,False,False
train_2023_2024,chop_m1,public,cost1,PORTFOLIO,752,1,-847.0408763781521,-847.4974420881521,0.24202127659574468,0.49778030959402053,304.379494884,-23.843421494152203,253838.59996000002,102,True,,,,,,,,,,,False,False
train_2023_2024,chop_m1,public,cost1,BTCUSDT,394,1,-416.1590058658522,-416.6155715758522,0.24111675126903553,0.5332975412916847,166.109174604,-11.878471261852201,138496.05676,89,True,,,,,,,,,,,False,False
train_2023_2024,chop_m1,public,cost1,ETHUSDT,358,0,-430.8818705122999,-430.8818705122999,0.2430167597765363,0.45789036604424505,138.27032028,-11.9649502323,115342.5432,77,True,,,,,,,,,,,False,False
train_2023_2024,chop_m1,public,cost2,PORTFOLIO,413,0,-889.2801784865748,-889.2801784865748,0.16464891041162227,0.24305873813492193,300.600557436,-18.388711050574802,125478.40181000001,69,False,,,,,,,,,,,False,False
train_2023_2024,chop_m1,public,cost2,BTCUSDT,204,0,-442.67271503014894,-442.67271503014894,0.1568627450980392,0.25788561160927853,155.919206196,-8.8022988341488,65055.396010000004,56,False,,,,,,,,,,,False,False
train_2023_2024,chop_m1,public,cost2,ETHUSDT,209,0,-446.6074634564259,-446.6074634564259,0.1722488038277512,0.22776602966443263,144.68135124,-9.586412216426,60423.0058,48,False,,,,,,,,,,,False,False
train_2023_2024,cci_w_chop_w,personal,cost1,PORTFOLIO,135,0,-129.04963329666646,-129.04963329666646,0.24444444444444444,0.8202480545047477,94.54955062000002,-31.3856326766649,118188.49550000002,25,False,,,,,,,,,,,False,False
train_2023_2024,cci_w_chop_w,personal,cost1,BTCUSDT,124,0,-92.76548426276547,-92.76548426276547,0.25,0.8602983635674283,90.29383782000001,-27.8611964427639,112854.60250000001,25,False,,,,,,,,,,,False,False
train_2023_2024,cci_w_chop_w,personal,cost1,ETHUSDT,11,0,-36.28414903390099,-36.28414903390099,0.18181818181818182,0.32689990194701973,4.2557128,-3.524436233901,5333.893,3,False,,,,,,,,,,,False,False
train_2023_2024,cci_w_chop_w,personal,cost2,PORTFOLIO,135,0,-312.6369018237548,-312.6369018237548,0.23703703703703705,0.5540242289838172,137.412235704,-46.232876119755005,85947.14321000001,25,False,,,,,,,,,,,False,False
train_2023_2024,cci_w_chop_w,personal,cost2,BTCUSDT,124,0,-272.95262216952085,-272.95262216952085,0.24193548387096775,0.5797421105536418,131.064742904,-41.041289265521,81965.88761,25,False,,,,,,,,,,,False,False
train_2023_2024,cci_w_chop_w,personal,cost2,ETHUSDT,11,0,-39.68427965423394,-39.68427965423394,0.18181818181818182,0.22986943823794792,6.3474928,-5.191586854234,3981.2556,3,False,,,,,,,,,,,False,False
train_2023_2024,cci_w_chop_w,public,cost1,PORTFOLIO,135,0,-161.16840288381604,-161.16840288381604,0.24444444444444444,0.7756073409903463,135.31505061000001,-30.063782273814603,112760.43696,25,False,,,,,,,,,,,False,False
train_2023_2024,cci_w_chop_w,public,cost1,BTCUSDT,124,0,-123.77620131172407,-123.77620131172407,0.25,0.813840495856148,129.24489477,-26.7257365417226,107687.98176000001,25,False,,,,,,,,,,,False,False
train_2023_2024,cci_w_chop_w,public,cost1,ETHUSDT,11,0,-37.392201572091984,-37.392201572091984,0.18181818181818182,0.29910856566914223,6.07015584,-3.338045732092,5072.4552,3,False,,,,,,,,,,,False,False
train_2023_2024,cci_w_chop_w,public,cost2,PORTFOLIO,135,0,-346.86691918699876,-346.86691918699876,0.23703703703703705,0.49959445703922595,188.87552557200002,-42.670923614999005,78755.79589000001,25,False,,,,,,,,,,,False,False
train_2023_2024,cci_w_chop_w,public,cost2,BTCUSDT,124,0,-307.00001294864285,-307.00001294864285,0.24193548387096775,0.5218565509147025,179.979571332,-37.808771616643,75036.09389,25,False,,,,,,,,,,,False,False
train_2023_2024,cci_w_chop_w,public,cost2,ETHUSDT,11,0,-39.86690623835594,-39.86690623835594,0.18181818181818182,0.21989992261954183,8.89595424,-4.862151998356,3719.702,3,False,,,,,,,,,,,False,False
train_2023_2024,cci_w_chop_d,personal,cost1,PORTFOLIO,87,0,-177.11831693232446,-177.11831693232446,0.22988505747126436,0.607419272656161,56.558525176,-11.4357117563244,70711.04895000001,18,False,,,,,,,,,,,False,False
train_2023_2024,cci_w_chop_d,personal,cost1,BTCUSDT,57,0,-97.35769745609379,-97.35769745609379,0.24561403508771928,0.687338963427589,39.95135905600001,-9.4887584000934,49939.375850000004,13,False,,,,,,,,,,,False,False
train_2023_2024,cci_w_chop_d,personal,cost1,ETHUSDT,30,0,-79.76061947623066,-79.76061947623066,0.2,0.42938417978258153,16.607166120000002,-1.946953356231,20771.6731,9,False,,,,,,,,,,,False,False
train_2023_2024,cci_w_chop_d,personal,cost2,PORTFOLIO,87,0,-281.8451843837704,-281.8451843837704,0.20689655172413793,0.3909739330111982,86.77632192800002,-18.1275124557705,54268.27171,18,False,,,,,,,,,,,False,False
train_2023_2024,cci_w_chop_d,personal,cost2,BTCUSDT,57,0,-175.35887215448528,-175.35887215448528,0.21052631578947367,0.44754042731020377,60.87069184800001,-14.9620303064855,38071.04441,13,False,,,,,,,,,,,False,False
train_2023_2024,cci_w_chop_d,personal,cost2,ETHUSDT,30,0,-106.48631222928512,-106.48631222928512,0.2,0.2674572254686322,25.90563008,-3.1654821492850003,16197.2273,9,False,,,,,,,,,,,False,False
train_2023_2024,cci_w_chop_d,public,cost1,PORTFOLIO,87,0,-200.69159988850222,-200.69159988850222,0.22988505747126436,0.5594366792803097,81.453715422,-10.9822944665022,67888.82153,18,False,,,,,,,,,,,False,False
train_2023_2024,cci_w_chop_d,public,cost1,BTCUSDT,57,0,-111.77215320503555,-111.77215320503555,0.24561403508771928,0.642453612051818,57.252181362,-9.1022818430352,47710.06453,13,False,,,,,,,,,,,False,False
train_2023_2024,cci_w_chop_d,public,cost1,ETHUSDT,30,0,-88.91944668346667,-88.91944668346667,0.2,0.37786046657276123,24.20153406,-1.880012623467,20178.757,9,False,,,,,,,,,,,False,False
train_2023_2024,cci_w_chop_d,public,cost2,PORTFOLIO,87,0,-299.2635442848361,-299.2635442848361,0.19540229885057472,0.35336168119947153,120.426122796,-17.0772314888362,50208.75686,18,False,,,,,,,,,,,False,False
train_2023_2024,cci_w_chop_d,public,cost2,BTCUSDT,57,0,-189.76979977911697,-189.76979977911697,0.19298245614035087,0.40305457692846436,84.570300996,-14.1356087831172,35262.23186000001,13,False,,,,,,,,,,,False,False
train_2023_2024,cci_w_chop_d,public,cost2,ETHUSDT,30,0,-109.49374450571912,-109.49374450571912,0.2,0.24433676469459098,35.855821799999994,-2.9416227057190003,14946.525,9,False,,,,,,,,,,,False,False
train_2023_2024,cci_w_chop_h12,personal,cost1,PORTFOLIO,55,0,-7.195493031898674,-7.195493031898674,0.2727272727272727,0.9761470227276762,37.599990156000004,-8.1881528758987,46986.879890000004,17,False,,,,,,,,,,,False,False
train_2023_2024,cci_w_chop_h12,personal,cost1,BTCUSDT,38,0,12.344673693264152,12.344673693264152,0.2631578947368421,1.055426184761321,26.241142316000005,-7.2358339907357,32757.322290000004,13,False,,,,,,,,,,,False,False
train_2023_2024,cci_w_chop_h12,personal,cost1,ETHUSDT,17,0,-19.540166725162827,-19.540166725162827,0.29411764705882354,0.7524599295304878,11.358847840000001,-0.952318885163,14229.5576,6,False,,,,,,,,,,,False,False
train_2023_2024,cci_w_chop_h12,personal,cost2,PORTFOLIO,54,0,-94.04884795177742,-94.04884795177742,0.24074074074074073,0.6929024653544071,57.60317276000001,-13.648025191778101,36006.78581,17,False,,,,,,,,,,,False,False
train_2023_2024,cci_w_chop_h12,personal,cost2,BTCUSDT,38,0,-58.62912446863755,-58.62912446863755,0.21052631578947367,0.7444411766608412,41.27716804000001,-12.0792064286381,25778.565410000003,13,False,,,,,,,,,,,False,False
train_2023_2024,cci_w_chop_h12,personal,cost2,ETHUSDT,16,0,-35.41972348313987,-35.41972348313987,0.3125,0.5390179439483336,16.32600472,-1.5688187631400001,10228.2204,6,False,,,,,,,,,,,False,False
train_2023_2024,cci_w_chop_h12,public,cost1,PORTFOLIO,55,0,-26.317048286770863,-26.317048286770863,0.2727272727272727,0.9137586469547944,54.48052413,-7.887674156770901,45388.75261,17,False,,,,,,,,,,,False,False
train_2023_2024,cci_w_chop_h12,public,cost1,BTCUSDT,38,0,-1.3260481995770408,-1.3260481995770408,0.2631578947368421,0.9940677839254161,37.88622945,-6.9701687495769,31529.63631,13,False,,,,,,,,,,,False,False
train_2023_2024,cci_w_chop_h12,public,cost1,ETHUSDT,17,0,-24.99100008719382,-24.99100008719382,0.29411764705882354,0.6938219032515792,16.594294679999997,-0.917505407194,13859.1163,6,False,,,,,,,,,,,False,False
train_2023_2024,cci_w_chop_h12,public,cost2,PORTFOLIO,54,0,-111.9186622540728,-111.9186622540728,0.24074074074074073,0.6353424538677948,80.89042488,-12.913837374073502,33709.196990000004,17,False,,,,,,,,,,,False,False
train_2023_2024,cci_w_chop_h12,public,cost2,BTCUSDT,37,0,-62.13874511089898,-62.13874511089898,0.21621621621621623,0.7165160236283508,55.53199764,-11.429047470899501,23114.838890000003,13,False,,,,,,,,,,,False,False
train_2023_2024,cci_w_chop_h12,public,cost2,ETHUSDT,17,0,-49.77991714317382,-49.77991714317382,0.29411764705882354,0.4324989470726872,25.358427239999997,-1.4847899031740002,10594.3581,6,False,,,,,,,,,,,False,False
train_2023_2024,cci_w_chop_h6,personal,cost1,PORTFOLIO,82,0,-68.48709464238686,-68.48709464238686,0.25609756097560976,0.841289494300516,54.91463950000001,-10.838565142387,68663.52169000001,37,False,,,,,,,,,,,False,False
train_2023_2024,cci_w_chop_h6,personal,cost1,BTCUSDT,53,0,20.258020100308585,20.258020100308585,0.2641509433962264,1.0745166966069328,35.619848180000005,-8.788741719691,44486.75849000001,25,False,,,,,,,,,,,False,False
train_2023_2024,cci_w_chop_h6,personal,cost1,ETHUSDT,29,0,-88.74511474269545,-88.74511474269545,0.2413793103448276,0.4441734336163289,19.29479132,-2.049823422696,24176.7632,21,False,,,,,,,,,,,False,False
train_2023_2024,cci_w_chop_h6,personal,cost2,PORTFOLIO,82,0,-195.9137257825641,-195.9137257825641,0.1951219512195122,0.5523986121571519,83.94259379200001,-17.193111990564002,52508.7945,37,False,,,,,,,,,,,False,False
train_2023_2024,cci_w_chop_h6,personal,cost2,BTCUSDT,53,0,-82.22434879681823,-82.22434879681823,0.20754716981132076,0.7058274584378946,55.10734019200001,-13.713588604818002,34438.0354,25,False,,,,,,,,,,,False,False
train_2023_2024,cci_w_chop_h6,personal,cost2,ETHUSDT,29,0,-113.68937698574585,-113.68937698574585,0.1724137931034483,0.28129419328661587,28.8352536,-3.479523385746,18070.7591,21,False,,,,,,,,,,,False,False
train_2023_2024,cci_w_chop_h6,public,cost1,PORTFOLIO,82,0,-93.68530514959325,-93.68530514959325,0.25609756097560976,0.7845597560710231,79.41766332,-10.3804618295934,66198.09499000001,37,False,,,,,,,,,,,False,False
train_2023_2024,cci_w_chop_h6,public,cost1,BTCUSDT,53,0,3.5836688970372097,3.5836688970372097,0.2641509433962264,1.0130884162780256,51.55276776,-8.4257833429624,42923.20809000001,25,False,,,,,,,,,,,False,False
train_2023_2024,cci_w_chop_h6,public,cost1,ETHUSDT,29,0,-97.26897404663046,-97.26897404663046,0.2413793103448276,0.39603451883879687,27.864895559999997,-1.954678486631,23274.8869,21,False,,,,,,,,,,,False,False
train_2023_2024,cci_w_chop_h6,public,cost2,PORTFOLIO,82,0,-218.62387892587606,-218.62387892587606,0.18292682926829268,0.5002621994179424,116.48870959199999,-16.157749333876,48579.9009,37,False,,,,,,,,,,,False,False
train_2023_2024,cci_w_chop_h6,public,cost2,BTCUSDT,53,0,-101.52195648937021,-101.52195648937021,0.20754716981132076,0.6370597201077193,76.545840192,-12.843196297370001,31890.447100000005,25,False,,,,,,,,,,,False,False
train_2023_2024,cci_w_chop_h6,public,cost2,ETHUSDT,29,0,-117.10192243650584,-117.10192243650584,0.13793103448275862,0.25770385847278093,39.9428694,-3.314553036506,16689.4538,21,False,,,,,,,,,,,False,False
train_2023_2024,cci_w_chop_h4,personal,cost1,PORTFOLIO,91,0,-167.53157130458163,-167.53157130458163,0.21978021978021978,0.6007361890142304,47.371796276000005,-9.470325028582101,59282.2796,45,False,,,,,,,,,,,False,False
train_2023_2024,cci_w_chop_h4,personal,cost1,BTCUSDT,48,0,-39.09867109363695,-39.09867109363695,0.20833333333333334,0.8156572522233988,25.518804276000004,-5.508016817637101,31888.342000000004,25,False,,,,,,,,,,,False,False
train_2023_2024,cci_w_chop_h4,personal,cost1,ETHUSDT,43,0,-128.4329002109447,-128.4329002109447,0.23255813953488372,0.3810567102282621,21.852992,-3.9623082109450003,27393.9376,30,False,,,,,,,,,,,False,False
train_2023_2024,cci_w_chop_h4,personal,cost2,PORTFOLIO,91,0,-256.2465796408165,-256.2465796408165,0.16483516483516483,0.4108626309817871,74.69555441600001,-15.9449852248165,46759.78495,45,False,,,,,,,,,,,False,False
train_2023_2024,cci_w_chop_h4,personal,cost2,BTCUSDT,48,0,-99.2153841467776,-99.2153841467776,0.14583333333333334,0.5629607369769452,40.84504905600001,-9.3807950907775,25533.01925,25,False,,,,,,,,,,,False,False
train_2023_2024,cci_w_chop_h4,personal,cost2,ETHUSDT,43,0,-157.0311954940389,-157.0311954940389,0.18604651162790697,0.24480661738186313,33.85050536,-6.564190134039,21226.7657,30,False,,,,,,,,,,,False,False
train_2023_2024,cci_w_chop_h4,public,cost1,PORTFOLIO,91,0,-185.32960436687034,-185.32960436687034,0.21978021978021978,0.5631029097115491,68.58570423,-9.128650136870801,57220.427460000006,45,False,,,,,,,,,,,False,False
train_2023_2024,cci_w_chop_h4,public,cost1,BTCUSDT,48,0,-50.83307705281564,-50.83307705281564,0.20833333333333334,0.7634893006421296,37.050470610000005,-5.2926564428158,30865.71696,25,False,,,,,,,,,,,False,False
train_2023_2024,cci_w_chop_h4,public,cost1,ETHUSDT,43,0,-134.4965273140547,-134.4965273140547,0.23255813953488372,0.35729334337991736,31.53523362,-3.8359936940550003,26354.7105,30,False,,,,,,,,,,,False,False
train_2023_2024,cci_w_chop_h4,public,cost2,PORTFOLIO,91,0,-272.4349547325606,-272.4349547325606,0.15384615384615385,0.3771055690479341,104.6587101,-15.197454632560602,43678.113470000004,45,False,,,,,,,,,,,False,False
train_2023_2024,cci_w_chop_h4,public,cost2,BTCUSDT,48,0,-110.27053154956168,-110.27053154956168,0.14583333333333334,0.5188627255399872,57.1325649,-8.9485766495616,23809.447070000002,25,False,,,,,,,,,,,False,False
train_2023_2024,cci_w_chop_h4,public,cost2,ETHUSDT,43,0,-162.1644231829989,-162.1644231829989,0.16279069767441862,0.22104542284283024,47.526145199999995,-6.248877982999001,19868.666400000002,30,False,,,,,,,,,,,False,False
train_2023_2024,cci_w_chop_h1,personal,cost1,PORTFOLIO,99,0,-16.41968313194673,-16.41968313194673,0.26262626262626265,0.9546583922337758,41.248559908000004,-13.8745332239469,51615.477960000004,51,False,,,,,,,,,,,False,False
train_2023_2024,cci_w_chop_h1,personal,cost1,BTCUSDT,54,0,-53.79216769293465,-53.79216769293465,0.2037037037037037,0.7087884114547882,20.820885348000004,-7.8606923449349,26020.551260000004,39,False,,,,,,,,,,,False,False
train_2023_2024,cci_w_chop_h1,personal,cost1,ETHUSDT,45,0,37.37248456098792,37.37248456098792,0.3333333333333333,1.2106509205175118,20.427674560000003,-6.013840879012,25594.9267,34,False,,,,,,,,,,,False,False
train_2023_2024,cci_w_chop_h1,personal,cost2,PORTFOLIO,99,0,-133.69657076168906,-133.69657076168906,0.24242424242424243,0.639592603099165,65.31050110400001,-22.651929657688804,40883.75252,51,False,,,,,,,,,,,False,False
train_2023_2024,cci_w_chop_h1,personal,cost2,BTCUSDT,54,0,-104.83566740279123,-104.83566740279123,0.2037037037037037,0.46649901893386936,33.732093664000004,-12.955533738790802,21094.90042,39,False,,,,,,,,,,,False,False
train_2023_2024,cci_w_chop_h1,personal,cost2,ETHUSDT,45,0,-28.86090335889783,-28.86090335889783,0.28888888888888886,0.8345648263109151,31.578407440000003,-9.696395918898,19788.8521,34,False,,,,,,,,,,,False,False
train_2023_2024,cci_w_chop_h1,public,cost1,PORTFOLIO,99,0,-35.831370089316415,-35.831370089316415,0.26262626262626265,0.9009697528066454,59.416286292,-13.334183797316602,49565.895200000006,51,False,,,,,,,,,,,False,False
train_2023_2024,cci_w_chop_h1,public,cost1,BTCUSDT,54,0,-63.04207099414235,-63.04207099414235,0.2037037037037037,0.663514066821043,30.258754032000002,-7.6217169621426,25210.454400000002,39,False,,,,,,,,,,,False,False
train_2023_2024,cci_w_chop_h1,public,cost1,ETHUSDT,45,0,27.210700904825938,27.210700904825938,0.3333333333333333,1.1559636434283125,29.15753226,-5.712466835174,24355.4408,34,False,,,,,,,,,,,False,False
train_2023_2024,cci_w_chop_h1,public,cost2,PORTFOLIO,99,0,-155.36628182966385,-155.36628182966385,0.24242424242424243,0.583764143699067,92.280529968,-21.4093918616636,38511.10626,51,False,,,,,,,,,,,False,False
train_2023_2024,cci_w_chop_h1,public,cost2,BTCUSDT,54,0,-115.40032633805801,-115.40032633805801,0.2037037037037037,0.4207359069906732,47.865213408,-12.3387529300576,19955.702760000004,39,False,,,,,,,,,,,False,False
train_2023_2024,cci_w_chop_h1,public,cost2,ETHUSDT,45,0,-39.96595549160584,-39.96595549160584,0.28888888888888886,0.77037152084886,44.41531656,-9.070638931606,18555.4035,34,False,,,,,,,,,,,False,False
train_2023_2024,cci_w_chop_m30,personal,cost1,PORTFOLIO,105,0,59.06128654569439,59.06128654569439,0.3333333333333333,1.161890579475993,35.595949280000006,-13.2400241743057,44493.93091,48,True,,,,,,,,,,,False,False
train_2023_2024,cci_w_chop_m30,personal,cost1,BTCUSDT,59,0,-18.556941378748732,-18.556941378748732,0.3220338983050847,0.9206245073541974,22.384560640000004,-7.769040738748701,27954.734610000003,34,False,,,,,,,,,,,False,False
train_2023_2024,cci_w_chop_m30,personal,cost1,ETHUSDT,46,0,77.61822792444312,77.61822792444312,0.34782608695652173,1.592345171818882,13.211388640000001,-5.470983435557,16539.1963,31,False,,,,,,,,,,,False,False
train_2023_2024,cci_w_chop_m30,personal,cost2,PORTFOLIO,105,0,-70.75137218728503,-70.75137218728503,0.3047619047619048,0.8109965385242021,59.19566348800001,-22.4127886992852,37014.58939,48,True,,,,,,,,,,,False,False
train_2023_2024,cci_w_chop_m30,personal,cost2,BTCUSDT,59,0,-86.78792032913128,-86.78792032913128,0.2711864406779661,0.6424350558404461,37.461699888000005,-12.9118004411312,23414.079390000003,34,False,,,,,,,,,,,False,False
train_2023_2024,cci_w_chop_m30,personal,cost2,ETHUSDT,46,0,16.036548141846254,16.036548141846254,0.34782608695652173,1.1218400221301446,21.733963600000003,-9.500988258154,13600.51,31,False,,,,,,,,,,,False,False
train_2023_2024,cci_w_chop_m30,public,cost1,PORTFOLIO,105,0,36.71535970381161,36.71535970381161,0.3333333333333333,1.1007764271506908,51.697294674,-12.770315622188502,43079.61851,48,True,,,,,,,,,,,False,False
train_2023_2024,cci_w_chop_m30,public,cost1,BTCUSDT,59,0,-30.684459760052512,-30.684459760052512,0.3220338983050847,0.8694892296222498,32.602551594,-7.5112781660525005,27144.686810000003,34,False,,,,,,,,,,,False,False
train_2023_2024,cci_w_chop_m30,public,cost1,ETHUSDT,46,0,67.39981946386412,67.39981946386412,0.34782608695652173,1.5216125998690924,19.09474308,-5.259037456136,15934.931700000001,31,False,,,,,,,,,,,False,False
train_2023_2024,cci_w_chop_m30,public,cost2,PORTFOLIO,105,0,-99.88005651516822,-99.88005651516822,0.29523809523809524,0.7346646846635654,84.39161388,-21.1687426351684,35179.888510000004,48,True,,,,,,,,,,,False,False
train_2023_2024,cci_w_chop_m30,public,cost2,BTCUSDT,59,0,-101.86204206243546,-101.86204206243546,0.2542372881355932,0.5838190836076135,53.37967884,-12.2500632224354,22242.892410000004,34,False,,,,,,,,,,,False,False
train_2023_2024,cci_w_chop_m30,public,cost2,ETHUSDT,46,0,1.9819855472672498,1.9819855472672498,0.34782608695652173,1.0150520648216699,31.01193504,-8.918679412733,12936.9961,31,False,,,,,,,,,,,False,False
train_2023_2024,cci_w_chop_m15,personal,cost1,PORTFOLIO,169,0,-16.04361347202661,-16.04361347202661,0.33727810650887574,0.9752614293109445,69.68498054400001,-22.7017729280264,87076.24687,58,True,,,,,,,,,,,False,False
train_2023_2024,cci_w_chop_m15,personal,cost1,BTCUSDT,94,0,-43.00171867292057,-43.00171867292057,0.3191489361702128,0.8894062887066859,39.043667224000004,-14.357891448920402,48782.22907000001,44,False,,,,,,,,,,,False,False
train_2023_2024,cci_w_chop_m15,personal,cost1,ETHUSDT,75,0,26.958105200893954,26.958105200893954,0.36,1.1038047087457372,30.641313320000002,-8.343881479106,38294.0178,39,False,,,,,,,,,,,False,False
train_2023_2024,cci_w_chop_m15,personal,cost2,PORTFOLIO,169,0,-217.9706036186842,-217.9706036186842,0.28994082840236685,0.6597166051826662,107.98615029600002,-35.4455033226843,67509.7828,58,True,,,,,,,,,,,False,False
train_2023_2024,cci_w_chop_m15,personal,cost2,BTCUSDT,94,0,-149.67314041059038,-149.67314041059038,0.2553191489361702,0.6058376953581613,60.55417925600001,-22.1860111545903,37865.844800000006,44,False,,,,,,,,,,,False,False
train_2023_2024,cci_w_chop_m15,personal,cost2,ETHUSDT,75,0,-68.29746320809383,-68.29746320809383,0.3333333333333333,0.7381548050249944,47.43197104000001,-13.259492168094,29643.938000000002,39,False,,,,,,,,,,,False,False
train_2023_2024,cci_w_chop_m15,public,cost1,PORTFOLIO,169,0,-58.79704406041006,-58.79704406041006,0.3254437869822485,0.9090395666046731,99.972429762,-21.5754242984099,83283.38867,58,True,,,,,,,,,,,False,False
train_2023_2024,cci_w_chop_m15,public,cost1,BTCUSDT,94,0,-61.19438292952103,-61.19438292952103,0.2978723404255319,0.841102358542285,55.911259542,-13.7082333875209,46572.378970000005,44,False,,,,,,,,,,,False,False
train_2023_2024,cci_w_chop_m15,public,cost1,ETHUSDT,75,0,2.397338869110975,2.397338869110975,0.36,1.009175217031708,44.06117022,-7.867190910889,36711.0097,39,False,,,,,,,,,,,False,False
train_2023_2024,cci_w_chop_m15,public,cost2,PORTFOLIO,169,0,-255.2014098875622,-255.2014098875622,0.28402366863905326,0.6010557761673435,151.912660596,-33.5104392915623,63315.27667000001,58,True,,,,,,,,,,,False,False
train_2023_2024,cci_w_chop_m15,public,cost2,BTCUSDT,94,0,-170.62050285325836,-170.62050285325836,0.24468085106382978,0.5498256061951505,85.239634716,-20.898058137258303,35535.70977,44,False,,,,,,,,,,,False,False
train_2023_2024,cci_w_chop_m15,public,cost2,ETHUSDT,75,0,-84.58090703430382,-84.58090703430382,0.3333333333333333,0.675540105324796,66.67302588,-12.612381154304,27779.5669,39,False,,,,,,,,,,,False,False
train_2023_2024,cci_w_chop_m5,personal,cost1,PORTFOLIO,354,0,-349.7532323538171,-349.7532323538171,0.2570621468926554,0.7505317163793674,166.12038770400002,-39.777304649816905,207641.99975000002,66,True,,,,,,,,,,,False,False
train_2023_2024,cci_w_chop_m5,personal,cost1,BTCUSDT,188,0,-220.10109554569348,-220.10109554569348,0.25,0.7200325233609728,95.18988806400002,-23.0739674816929,118997.23645000001,50,True,,,,,,,,,,,False,False
train_2023_2024,cci_w_chop_m5,personal,cost1,ETHUSDT,166,0,-129.6521368081236,-129.6521368081236,0.26506024096385544,0.7894670096293833,70.93049964000001,-16.703337168124,88644.7633,47,True,,,,,,,,,,,False,False
train_2023_2024,cci_w_chop_m5,personal,cost2,PORTFOLIO,353,0,-621.6364124348587,-621.6364124348587,0.24645892351274787,0.48953041514187934,218.65785119200004,-50.5204112428584,136745.89093000002,66,True,,,,,,,,,,,False,False
train_2023_2024,cci_w_chop_m5,personal,cost2,BTCUSDT,187,0,-376.55828449254756,-376.55828449254756,0.23529411764705882,0.4505337631268225,124.46635727200002,-28.9187772205474,77871.19043,50,True,,,,,,,,,,,False,False
train_2023_2024,cci_w_chop_m5,personal,cost2,ETHUSDT,166,0,-245.07812794231114,-245.07812794231114,0.25903614457831325,0.5397223409902592,94.19149392000001,-21.601634022311,58874.7005,47,True,,,,,,,,,,,False,False
train_2023_2024,cci_w_chop_m5,public,cost1,PORTFOLIO,354,0,-412.16340906329106,-412.16340906329106,0.2514124293785311,0.6977980125331086,230.215054278,-36.280704785291,191839.37705,66,True,,,,,,,,,,,False,False
train_2023_2024,cci_w_chop_m5,public,cost1,BTCUSDT,188,0,-261.09419653003044,-261.09419653003044,0.2393617021276596,0.6602612079437841,131.828131158,-21.11221537203,109867.40665,50,True,,,,,,,,,,,False,False
train_2023_2024,cci_w_chop_m5,public,cost1,ETHUSDT,166,0,-151.0692125332606,-151.0692125332606,0.26506024096385544,0.7462526107728318,98.38692311999999,-15.168489413261002,81971.9704,47,True,,,,,,,,,,,False,False
train_2023_2024,cci_w_chop_m5,public,cost2,PORTFOLIO,353,0,-661.8639107886157,-661.8639107886157,0.23796033994334279,0.43960267494365174,297.000397344,-45.1301534446156,123828.66275,66,True,,,,,,,,,,,False,False
train_2023_2024,cci_w_chop_m5,public,cost2,BTCUSDT,187,0,-403.06968622016365,-403.06968622016365,0.22459893048128343,0.39653252448932047,169.581280704,-25.9550455161636,70733.95615000001,50,True,,,,,,,,,,,False,False
train_2023_2024,cci_w_chop_m5,public,cost2,ETHUSDT,166,0,-258.7942245684521,-258.7942245684521,0.25301204819277107,0.49566454472204025,127.41911664,-19.175107928452,53094.706600000005,47,True,,,,,,,,,,,False,False
train_2023_2024,cci_w_chop_m3,personal,cost1,PORTFOLIO,398,0,-374.79351519937387,-374.79351519937387,0.25879396984924624,0.7479277845208008,182.11973272000003,-40.396602479373705,227642.31857000003,66,True,,,,,,,,,,,False,False
train_2023_2024,cci_w_chop_m3,personal,cost1,BTCUSDT,203,0,-174.87277112104235,-174.87277112104235,0.2561576354679803,0.7743994750211894,102.04774044000001,-23.3101506810417,127543.77997000002,50,True,,,,,,,,,,,False,False
train_2023_2024,cci_w_chop_m3,personal,cost1,ETHUSDT,195,0,-199.92074407833155,-199.92074407833155,0.26153846153846155,0.7190965694118475,80.07199228,-17.086451798332,100098.5386,48,True,,,,,,,,,,,False,False
train_2023_2024,cci_w_chop_m3,personal,cost2,PORTFOLIO,399,0,-676.4484549958262,-676.4484549958262,0.23057644110275688,0.4657683601308106,232.98575337600002,-48.3577216198263,145729.05443000002,66,True,,,,,,,,,,,False,False
train_2023_2024,cci_w_chop_m3,personal,cost2,BTCUSDT,204,0,-372.5479903899831,-372.5479903899831,0.23529411764705882,0.45189204267232774,131.62163281600002,-27.920277573983302,82339.12573000001,50,True,,,,,,,,,,,False,False
train_2023_2024,cci_w_chop_m3,personal,cost2,ETHUSDT,195,0,-303.900464605843,-303.900464605843,0.22564102564102564,0.4818494307981793,101.36412056,-20.437444045843,63389.928700000004,48,True,,,,,,,,,,,False,False
train_2023_2024,cci_w_chop_m3,public,cost1,PORTFOLIO,398,0,-433.1922760996347,-433.1922760996347,0.25125628140703515,0.7001509410857322,253.13818567799999,-36.9385804216345,210947.26302,66,True,,,,,,,,,,,False,False
train_2023_2024,cci_w_chop_m3,public,cost1,BTCUSDT,203,0,-218.73298781695806,-218.73298781695806,0.2512315270935961,0.7110401271898222,141.723795018,-21.2943827989575,118094.14762000002,50,True,,,,,,,,,,,False,False
train_2023_2024,cci_w_chop_m3,public,cost1,ETHUSDT,195,0,-214.45928828267662,-214.45928828267662,0.2512820512820513,0.6881655732379962,111.41439066,-15.644197622677,92853.11540000001,48,True,,,,,,,,,,,False,False
train_2023_2024,cci_w_chop_m3,public,cost2,PORTFOLIO,399,0,-721.8667860703579,-721.8667860703579,0.21804511278195488,0.4105294500799012,312.571175892,-42.320620178358105,130345.26221000002,66,True,,,,,,,,,,,False,False
train_2023_2024,cci_w_chop_m3,public,cost2,BTCUSDT,204,0,-399.09424857425694,-399.09424857425694,0.21568627450980393,0.3961492666362996,176.943976812,-24.685181762257102,73797.91061,50,True,,,,,,,,,,,False,False
train_2023_2024,cci_w_chop_m3,public,cost2,ETHUSDT,195,0,-322.772537496101,-322.772537496101,0.2205128205128205,0.42739003445637047,135.62719908,-17.635438416101,56547.3516,48,True,,,,,,,,,,,False,False
train_2023_2024,cci_w_chop_m1,personal,cost1,PORTFOLIO,480,0,-635.4384682734657,-635.4384682734657,0.24166666666666667,0.5971029916795196,196.05439536400002,-34.0195829094659,245187.58388000002,66,True,,,,,,,,,,,False,False
train_2023_2024,cci_w_chop_m1,personal,cost1,BTCUSDT,250,0,-359.96056964809077,-359.96056964809077,0.224,0.5825474581464268,110.15418604400001,-19.673793604090903,137765.63708000001,50,True,,,,,,,,,,,False,False
train_2023_2024,cci_w_chop_m1,personal,cost1,ETHUSDT,230,0,-275.4778986253749,-275.4778986253749,0.2608695652173913,0.6146593336764118,85.90020932,-14.345789305375,107421.9468,47,True,,,,,,,,,,,False,False
train_2023_2024,cci_w_chop_m1,personal,cost2,PORTFOLIO,483,0,-839.3615632481484,-839.3615632481484,0.21739130434782608,0.3643056000329046,244.79597524000002,-39.7461180081484,153191.33816,66,True,,,,,,,,,,,False,False
train_2023_2024,cci_w_chop_m1,personal,cost2,BTCUSDT,252,0,-477.9918003746061,-477.9918003746061,0.20634920634920634,0.3461882927916392,138.25590004000003,-23.2282303346064,86536.32956000001,50,True,,,,,,,,,,,False,False
train_2023_2024,cci_w_chop_m1,personal,cost2,ETHUSDT,231,0,-361.3697628735423,-361.3697628735423,0.22943722943722944,0.38678188692444393,106.5400752,-16.517887673542,66655.0086,47,True,,,,,,,,,,,False,False
train_2023_2024,cci_w_chop_m1,public,cost1,PORTFOLIO,481,0,-685.8644250458268,-685.8644250458268,0.2390852390852391,0.5487323621904995,269.550547266,-30.5686877798271,224744.23005,66,True,,,,,,,,,,,False,False
train_2023_2024,cci_w_chop_m1,public,cost1,BTCUSDT,250,0,-387.58203706703387,-387.58203706703387,0.224,0.5329979526812378,151.102598226,-17.746448841034102,125990.60605000002,50,True,,,,,,,,,,,False,False
train_2023_2024,cci_w_chop_m1,public,cost1,ETHUSDT,231,0,-298.2823879787929,-298.2823879787929,0.2554112554112554,0.5676598620258033,118.44794904,-12.822238938793001,98753.62400000001,47,True,,,,,,,,,,,False,False
train_2023_2024,cci_w_chop_m1,public,cost2,PORTFOLIO,478,0,-860.5061157077503,-860.5061157077503,0.20711297071129708,0.32120332739172647,325.848634932,-34.9029307757504,135946.65169,66,True,,,,,,,,,,,False,False
train_2023_2024,cci_w_chop_m1,public,cost2,BTCUSDT,250,0,-490.2001274620761,-490.2001274620761,0.2,0.3041644748738658,184.200783732,-20.468793730076403,76865.11919000001,50,True,,,,,,,,,,,False,False
train_2023_2024,cci_w_chop_m1,public,cost2,ETHUSDT,228,0,-370.3059882456742,-370.3059882456742,0.2149122807017544,0.3425157008345429,141.6478512,-14.434137045674,59081.5325,47,True,,,,,,,,,,,False,False
train_2023_2024,cci_d_chop_w,personal,cost1,PORTFOLIO,46,0,-78.03660128992102,-78.03660128992102,0.1956521739130435,0.704311591940484,32.903169136,-14.4248921539206,41144.31569,12,False,,,,,,,,,,,False,False
train_2023_2024,cci_d_chop_w,personal,cost1,BTCUSDT,42,0,-50.881420009267,-50.881420009267,0.21428571428571427,0.7850926569270947,30.859045336000005,-11.746134673266601,38577.94479,12,False,,,,,,,,,,,False,False
train_2023_2024,cci_d_chop_w,personal,cost1,ETHUSDT,4,0,-27.155181280654023,-27.155181280654023,0.0,0.0,2.0441238000000004,-2.678757480654,2566.3709000000003,1,False,,,,,,,,,,,False,False
train_2023_2024,cci_d_chop_w,personal,cost2,PORTFOLIO,46,0,-150.74152836073847,-150.74152836073847,0.1956521739130435,0.452699464875329,51.20498023200001,-22.978738128738602,32041.391550000004,12,False,,,,,,,,,,,False,False
train_2023_2024,cci_d_chop_w,personal,cost2,BTCUSDT,42,0,-121.89658035407253,-121.89658035407253,0.21428571428571427,0.5056557714273805,47.946065592000004,-18.7574047620726,29993.887550000003,12,False,,,,,,,,,,,False,False
train_2023_2024,cci_d_chop_w,personal,cost2,ETHUSDT,4,0,-28.84494800666595,-28.84494800666595,0.0,0.0,3.2589146400000004,-4.221333366666,2047.5040000000001,1,False,,,,,,,,,,,False,False
train_2023_2024,cci_d_chop_w,public,cost1,PORTFOLIO,46,0,-87.92665519022542,-87.92665519022542,0.1956521739130435,0.6709264723810873,47.749424538,-14.024060652225,39804.2637,12,False,,,,,,,,,,,False,False
train_2023_2024,cci_d_chop_w,public,cost1,BTCUSDT,42,0,-61.12887986244039,-61.12887986244039,0.21428571428571427,0.7457167287162328,44.827099458,-11.47001040444,37358.33210000001,12,False,,,,,,,,,,,False,False
train_2023_2024,cci_d_chop_w,public,cost1,ETHUSDT,4,0,-26.797775327785022,-26.797775327785022,0.0,0.0,2.92232508,-2.554050247785,2445.9316,1,False,,,,,,,,,,,False,False
train_2023_2024,cci_d_chop_w,public,cost2,PORTFOLIO,46,0,-164.56684733161188,-164.56684733161188,0.1956521739130435,0.40375185093756627,71.40043926,-21.449918071612,29786.04127,12,False,,,,,,,,,,,False,False
train_2023_2024,cci_d_chop_w,public,cost2,BTCUSDT,42,0,-135.94417855068392,-135.94417855068392,0.21428571428571427,0.4504670074210293,66.79978938,-17.477999170684,27859.078770000004,12,False,,,,,,,,,,,False,False
train_2023_2024,cci_d_chop_w,public,cost2,ETHUSDT,4,0,-28.622668780927953,-28.622668780927953,0.0,0.0,4.60064988,-3.971918900928,1926.9625,1,False,,,,,,,,,,,False,False
train_2023_2024,cci_d_chop_d,personal,cost1,PORTFOLIO,121,0,-166.88036147477365,-166.88036147477365,0.2644628099173554,0.7189492020579604,76.43154960800001,-15.886431866773101,95552.2737,27,True,,,,,,,,,,,False,False
train_2023_2024,cci_d_chop_d,personal,cost1,BTCUSDT,75,0,-74.43927128428764,-74.43927128428764,0.28,0.8061836056127384,52.318467768000005,-10.9498235162871,65361.841400000005,19,False,,,,,,,,,,,False,False
train_2023_2024,cci_d_chop_d,personal,cost1,ETHUSDT,46,0,-92.44109019048601,-92.44109019048601,0.2391304347826087,0.5591785202900141,24.113081840000003,-4.936608350486001,30190.4323,15,False,,,,,,,,,,,False,False
train_2023_2024,cci_d_chop_d,personal,cost2,PORTFOLIO,122,0,-319.0526513436815,-319.0526513436815,0.22131147540983606,0.46260729682913415,113.85528297600001,-24.241688367680702,71218.89214000001,27,True,,,,,,,,,,,False,False
train_2023_2024,cci_d_chop_d,personal,cost2,BTCUSDT,76,0,-186.88354370418736,-186.88354370418736,0.23684210526315788,0.5171708646851337,77.751465456,-16.6546982481867,48600.34724,19,False,,,,,,,,,,,False,False
train_2023_2024,cci_d_chop_d,personal,cost2,ETHUSDT,46,0,-132.16910763949411,-132.16910763949411,0.1956521739130435,0.36040645678394306,36.10381752,-7.586990119494001,22618.5449,15,False,,,,,,,,,,,False,False
train_2023_2024,cci_d_chop_d,public,cost1,PORTFOLIO,122,0,-208.75396344338333,-208.75396344338333,0.26229508196721313,0.6525279777133861,109.911561786,-14.946451657382601,91609.14816000001,27,True,,,,,,,,,,,False,False
train_2023_2024,cci_d_chop_d,public,cost1,BTCUSDT,76,0,-105.1505227692203,-105.1505227692203,0.27631578947368424,0.7312134655608487,75.549784326,-10.301088443219601,62928.21646000001,19,False,,,,,,,,,,,False,False
train_2023_2024,cci_d_chop_d,public,cost1,ETHUSDT,46,0,-103.60344067416302,-103.60344067416302,0.2391304347826087,0.5056489194487717,34.36177746,-4.645363214163,28680.9317,15,False,,,,,,,,,,,False,False
train_2023_2024,cci_d_chop_d,public,cost2,PORTFOLIO,122,0,-345.19930928365153,-345.19930928365153,0.21311475409836064,0.4181042994581612,157.878932892,-22.6630863916508,65838.49963,27,True,,,,,,,,,,,False,False
train_2023_2024,cci_d_chop_d,public,cost2,BTCUSDT,76,0,-206.81345111798942,-206.81345111798942,0.2236842105263158,0.4645491318282277,107.429240412,-15.4971207059888,44767.22183,19,False,,,,,,,,,,,False,False
train_2023_2024,cci_d_chop_d,public,cost2,ETHUSDT,46,0,-138.38585816566209,-138.38585816566209,0.1956521739130435,0.331438853267112,50.449692479999996,-7.165965685662001,21071.2778,15,False,,,,,,,,,,,False,False
train_2023_2024,cci_d_chop_h12,personal,cost1,PORTFOLIO,107,0,-78.46214718838753,-78.46214718838753,0.2523364485981308,0.8595322941658161,66.98245047600001,-13.2189067123872,83676.99706000001,30,True,,,,,,,,,,,False,False
train_2023_2024,cci_d_chop_h12,personal,cost1,BTCUSDT,69,0,-9.415111502287212,-9.415111502287212,0.2463768115942029,0.9748512076812897,46.027767596000004,-9.3723539062872,57453.47666000001,24,False,,,,,,,,,,,False,False
train_2023_2024,cci_d_chop_h12,personal,cost1,ETHUSDT,38,0,-69.04703568610033,-69.04703568610033,0.2631578947368421,0.6251549667369671,20.954682880000004,-3.8465528061,26223.5204,16,False,,,,,,,,,,,False,False
train_2023_2024,cci_d_chop_h12,personal,cost2,PORTFOLIO,106,0,-216.82400197250922,-216.82400197250922,0.22641509433962265,0.6050048693819045,101.92822664000002,-21.2446553325092,63697.09773000001,30,True,,,,,,,,,,,False,False
train_2023_2024,cci_d_chop_h12,personal,cost2,BTCUSDT,68,0,-112.95140518230043,-112.95140518230043,0.22058823529411764,0.6916237507313934,69.64980544000001,-15.060779742300202,43487.056130000004,24,False,,,,,,,,,,,False,False
train_2023_2024,cci_d_chop_h12,personal,cost2,ETHUSDT,38,0,-103.8725967902088,-103.8725967902088,0.23684210526315788,0.4313037239223579,32.278421200000004,-6.183875590209,20210.0416,16,False,,,,,,,,,,,False,False
train_2023_2024,cci_d_chop_h12,public,cost1,PORTFOLIO,105,0,-90.04002882628095,-90.04002882628095,0.2571428571428571,0.8362096732172112,96.05018532599999,-12.8714535002807,79983.90070000001,30,True,,,,,,,,,,,False,False
train_2023_2024,cci_d_chop_h12,public,cost1,BTCUSDT,67,0,-11.670149726767635,-11.670149726767635,0.2537313432835821,0.9677622430469578,65.452385166,-9.1323745607677,54455.587900000006,24,False,,,,,,,,,,,False,False
train_2023_2024,cci_d_chop_h12,public,cost1,ETHUSDT,38,0,-78.36987909951331,-78.36987909951331,0.2631578947368421,0.5825279556553457,30.59780016,-3.739078939513,25528.3128,16,False,,,,,,,,,,,False,False
train_2023_2024,cci_d_chop_h12,public,cost2,PORTFOLIO,107,0,-256.93729294564486,-256.93729294564486,0.22429906542056074,0.5354468651419113,142.412091924,-19.676351021644802,59333.85923,30,True,,,,,,,,,,,False,False
train_2023_2024,cci_d_chop_h12,public,cost2,BTCUSDT,69,0,-142.82606439239203,-142.82606439239203,0.21739130434782608,0.6156026213042637,97.691215764,-13.9229986283918,40667.016030000006,24,False,,,,,,,,,,,False,False
train_2023_2024,cci_d_chop_h12,public,cost2,ETHUSDT,38,0,-114.1112285532528,-114.1112285532528,0.23684210526315788,0.3713796419429142,44.720876159999996,-5.753352393253,18666.8432,16,False,,,,,,,,,,,False,False
train_2023_2024,cci_d_chop_h6,personal,cost1,PORTFOLIO,98,0,67.01969779677205,67.01969779677205,0.22448979591836735,1.1150270326965752,69.43709772000001,-14.0147044832277,86831.76556000001,38,False,,,,,,,,,,,False,False
train_2023_2024,cci_d_chop_h6,personal,cost1,BTCUSDT,60,0,171.3995609072289,171.3995609072289,0.23333333333333334,1.4895832159127633,46.174615280000005,-9.9138238127707,57697.87906000001,28,False,,,,,,,,,,,False,False
train_2023_2024,cci_d_chop_h6,personal,cost1,ETHUSDT,38,0,-104.37986311045687,-104.37986311045687,0.21052631578947367,0.5511512970093077,23.262482440000003,-4.100880670457,29133.8865,23,False,,,,,,,,,,,False,False
train_2023_2024,cci_d_chop_h6,personal,cost2,PORTFOLIO,97,0,-92.01782792648521,-92.01782792648521,0.20618556701030927,0.8405712495816624,105.55195548000002,-22.745102446485202,66036.57835000001,38,False,,,,,,,,,,,False,False
train_2023_2024,cci_d_chop_h6,personal,cost2,BTCUSDT,60,0,41.05126765270181,41.05126765270181,0.21666666666666667,1.1141253861078633,71.78972852000001,-16.256733827298202,44882.27915,28,False,,,,,,,,,,,False,False
train_2023_2024,cci_d_chop_h6,personal,cost2,ETHUSDT,37,0,-133.06909557918704,-133.06909557918704,0.1891891891891892,0.38810056738574655,33.76222696,-6.488368619187,21154.2992,23,False,,,,,,,,,,,False,False
train_2023_2024,cci_d_chop_h6,public,cost1,PORTFOLIO,98,0,36.511911363258804,36.511911363258804,0.22448979591836735,1.06208829802881,100.6057713,-13.527437336741,83872.63329000001,38,False,,,,,,,,,,,False,False
train_2023_2024,cci_d_chop_h6,public,cost1,BTCUSDT,60,0,151.69084554666267,151.69084554666267,0.23333333333333334,1.428227463851698,66.93589062,-9.574583833337,55760.77139000001,28,False,,,,,,,,,,,False,False
train_2023_2024,cci_d_chop_h6,public,cost1,ETHUSDT,38,0,-115.17893418340385,-115.17893418340385,0.21052631578947367,0.5074343624763511,33.66988068,-3.9528535034040004,28111.8619,23,False,,,,,,,,,,,False,False
train_2023_2024,cci_d_chop_h6,public,cost2,PORTFOLIO,97,0,-128.35097832017445,-128.35097832017445,0.20618556701030927,0.774647135252168,145.24324049999998,-21.187507820174403,60576.223020000005,38,False,,,,,,,,,,,False,False
train_2023_2024,cci_d_chop_h6,public,cost2,BTCUSDT,60,0,3.445334516475584,3.445334516475584,0.21666666666666667,1.0096916966454987,98.44364742,-14.9904880635244,41028.811120000006,28,False,,,,,,,,,,,False,False
train_2023_2024,cci_d_chop_h6,public,cost2,ETHUSDT,37,0,-131.79631283665003,-131.79631283665003,0.1891891891891892,0.38430813721875995,46.799593079999994,-6.1970197566500005,19547.4119,23,False,,,,,,,,,,,False,False
train_2023_2024,cci_d_chop_h4,personal,cost1,PORTFOLIO,92,0,26.296933947191953,26.296933947191953,0.25,1.0587756392535705,53.07164455600001,-10.351331496808001,66461.0334,43,False,,,,,,,,,,,False,False
train_2023_2024,cci_d_chop_h4,personal,cost1,BTCUSDT,47,0,136.96421422231091,136.96421422231091,0.2765957446808511,1.6495158329994046,31.576765596000005,-6.083930181689,39508.9098,28,False,,,,,,,,,,,False,False
train_2023_2024,cci_d_chop_h4,personal,cost1,ETHUSDT,45,0,-110.66728027511897,-110.66728027511897,0.2222222222222222,0.5321431149239862,21.49487896,-4.267401315119001,26952.123600000003,28,False,,,,,,,,,,,False,False
train_2023_2024,cci_d_chop_h4,personal,cost2,PORTFOLIO,92,0,-105.06389731747544,-105.06389731747544,0.22826086956521738,0.7710440405785747,83.18754991200001,-17.780297405475203,52121.95797,43,False,,,,,,,,,,,False,False
train_2023_2024,cci_d_chop_h4,personal,cost2,BTCUSDT,47,0,36.245396713176746,36.245396713176746,0.2553191489361702,1.1613928300055272,49.21242935200001,-10.642223934823202,30807.774670000003,28,False,,,,,,,,,,,False,False
train_2023_2024,cci_d_chop_h4,personal,cost2,ETHUSDT,45,0,-141.30929403065218,-141.30929403065218,0.2,0.3968972153333398,33.97512056,-7.138073470652,21314.1833,28,False,,,,,,,,,,,False,False
train_2023_2024,cci_d_chop_h4,public,cost1,PORTFOLIO,92,0,4.484428268865503,4.484428268865503,0.25,1.009954703875404,76.658663478,-10.0230382531345,63999.909230000005,43,False,,,,,,,,,,,False,False
train_2023_2024,cci_d_chop_h4,public,cost1,BTCUSDT,47,0,122.01420035277047,122.01420035277047,0.2765957446808511,1.5700530272557933,45.631138398000004,-5.867391249229501,38065.10443000001,28,False,,,,,,,,,,,False,False
train_2023_2024,cci_d_chop_h4,public,cost1,ETHUSDT,45,0,-117.52977208390496,-117.52977208390496,0.2222222222222222,0.5029260916641449,31.027525079999997,-4.155647003905,25934.8048,28,False,,,,,,,,,,,False,False
train_2023_2024,cci_d_chop_h4,public,cost2,PORTFOLIO,92,0,-138.0407176726653,-138.0407176726653,0.21739130434782608,0.6976404105241477,115.388172012,-16.6420356606651,48194.97533,43,False,,,,,,,,,,,False,False
train_2023_2024,cci_d_chop_h4,public,cost2,BTCUSDT,47,0,9.148550970772874,9.148550970772874,0.2553191489361702,1.0407103352646128,67.831938132,-9.885100897227101,28307.56603,28,False,,,,,,,,,,,False,False
train_2023_2024,cci_d_chop_h4,public,cost2,ETHUSDT,45,0,-147.18926864343817,-147.18926864343817,0.17777777777777778,0.3650758305251277,47.55623387999999,-6.756934763438,19887.4093,28,False,,,,,,,,,,,False,False
train_2023_2024,cci_d_chop_h1,personal,cost1,PORTFOLIO,66,0,59.14751559583275,59.14751559583275,0.3181818181818182,1.2499214811834078,28.345562960000006,-8.8843614441673,35513.43290000001,42,False,,,,,,,,,,,False,False
train_2023_2024,cci_d_chop_h1,personal,cost1,BTCUSDT,31,0,117.68094150432195,117.68094150432195,0.3548387096774194,2.2236045478227755,13.995933160000002,-4.9800653356783,17552.314100000003,26,False,,,,,,,,,,,False,False
train_2023_2024,cci_d_chop_h1,personal,cost1,ETHUSDT,35,0,-58.53342590848919,-58.53342590848919,0.2857142857142857,0.5833586555899891,14.349629800000002,-3.9042961084890004,17961.1188,27,False,,,,,,,,,,,False,False
train_2023_2024,cci_d_chop_h1,personal,cost2,PORTFOLIO,66,0,-20.38957187138525,-20.38957187138525,0.2878787878787879,0.9185932497911763,45.98199161600001,-15.4502602553854,28821.92102,42,False,,,,,,,,,,,False,False
train_2023_2024,cci_d_chop_h1,personal,cost2,BTCUSDT,31,0,65.71522877570854,65.71522877570854,0.3548387096774194,1.6237168328835279,22.914453616000003,-9.061297608291401,14377.44532,26,False,,,,,,,,,,,False,False
train_2023_2024,cci_d_chop_h1,personal,cost2,ETHUSDT,35,0,-86.1048006470938,-86.1048006470938,0.22857142857142856,0.4066022305094952,23.067538000000003,-6.388962647094,14444.4757,27,False,,,,,,,,,,,False,False
train_2023_2024,cci_d_chop_h1,public,cost1,PORTFOLIO,66,0,46.13712520078457,46.13712520078457,0.3181818181818182,1.1922726324751294,41.254068258,-8.6424565412155,34458.75132,42,False,,,,,,,,,,,False,False
train_2023_2024,cci_d_chop_h1,public,cost1,BTCUSDT,31,0,111.78736467200676,111.78736467200676,0.3548387096774194,2.140752254228353,20.343955518,-4.8442298099935,17010.666220000003,26,False,,,,,,,,,,,False,False
train_2023_2024,cci_d_chop_h1,public,cost1,ETHUSDT,35,0,-65.65023947122219,-65.65023947122219,0.2857142857142857,0.5375518205453805,20.91011274,-3.7982267312220004,17448.0851,27,False,,,,,,,,,,,False,False
train_2023_2024,cci_d_chop_h1,public,cost2,PORTFOLIO,66,0,-46.01452952425816,-46.01452952425816,0.25757575757575757,0.817959003611569,64.70536206,-14.656357464258301,27035.26479,42,False,,,,,,,,,,,False,False
train_2023_2024,cci_d_chop_h1,public,cost2,BTCUSDT,31,0,46.155256198439645,46.155256198439645,0.3548387096774194,1.431336855926701,32.26697298,-8.6454608215603,13494.440390000002,26,False,,,,,,,,,,,False,False
train_2023_2024,cci_d_chop_h1,public,cost2,ETHUSDT,35,0,-92.1697857226978,-92.1697857226978,0.17142857142857143,0.3676824039350709,32.43838908,-6.010896642698,13540.8244,27,False,,,,,,,,,,,False,False
train_2023_2024,cci_d_chop_m30,personal,cost1,PORTFOLIO,56,0,118.57957846233926,118.57957846233926,0.39285714285714285,1.659996599873088,16.308885352,-6.6059561856609,20436.71946,33,False,,,,,,,,,,,False,False
train_2023_2024,cci_d_chop_m30,personal,cost1,BTCUSDT,23,0,131.6101031129532,131.6101031129532,0.5217391304347826,2.5309032562598874,8.883692832000001,-2.6233240550469,11162.850660000002,19,False,,,,,,,,,,,False,False
train_2023_2024,cci_d_chop_m30,personal,cost1,ETHUSDT,33,0,-13.030524650613932,-13.030524650613932,0.30303030303030304,0.8609306462777929,7.42519252,-3.982632130614,9273.8688,25,False,,,,,,,,,,,False,False
train_2023_2024,cci_d_chop_m30,personal,cost2,PORTFOLIO,56,0,59.98140302274463,59.98140302274463,0.35714285714285715,1.3173933623435568,28.928452584000002,-12.5200943932556,18135.37802,33,False,,,,,,,,,,,False,False
train_2023_2024,cci_d_chop_m30,personal,cost2,BTCUSDT,23,0,94.59733549553651,94.59733549553651,0.4782608695652174,2.0637669144460347,15.553377944000003,-5.3263365604636,9778.269020000002,19,False,,,,,,,,,,,False,False
train_2023_2024,cci_d_chop_m30,personal,cost2,ETHUSDT,33,0,-34.61593247279188,-34.61593247279188,0.2727272727272727,0.6540293203776634,13.375074640000001,-7.193757832792001,8357.109,25,False,,,,,,,,,,,False,False
train_2023_2024,cci_d_chop_m30,public,cost1,PORTFOLIO,56,0,112.46678158049609,112.46678158049609,0.39285714285714285,1.6219475967125867,24.088967573999998,-6.5269808455041,20124.124200000002,33,False,,,,,,,,,,,False,False
train_2023_2024,cci_d_chop_m30,public,cost1,BTCUSDT,23,0,127.00132179848202,127.00132179848202,0.5217391304347826,2.4658119684268813,13.142026194,-2.5774820075180997,11010.2872,19,False,,,,,,,,,,,False,False
train_2023_2024,cci_d_chop_m30,public,cost1,ETHUSDT,33,0,-14.53454021798593,-14.53454021798593,0.30303030303030304,0.8456853606857787,10.946941379999998,-3.949498837986,9113.837,25,False,,,,,,,,,,,False,False
train_2023_2024,cci_d_chop_m30,public,cost2,PORTFOLIO,56,0,34.46736312996022,34.46736312996022,0.32142857142857145,1.1812624816703174,41.278186632,-11.98933023804,17249.67038,33,False,,,,,,,,,,,False,False
train_2023_2024,cci_d_chop_m30,public,cost2,BTCUSDT,23,0,76.2399248577651,76.2399248577651,0.43478260869565216,1.8590608232544292,22.045420152000002,-5.191334990235,9236.82478,19,False,,,,,,,,,,,False,False
train_2023_2024,cci_d_chop_m30,public,cost2,ETHUSDT,33,0,-41.77256172780488,-41.77256172780488,0.24242424242424243,0.5880567206959314,19.23276648,-6.797995247805,8012.8456,25,False,,,,,,,,,,,False,False
train_2023_2024,cci_d_chop_m15,personal,cost1,PORTFOLIO,99,0,150.96506024348662,150.96506024348662,0.37373737373737376,1.3500411293434895,47.97662744400001,-17.9475823125134,59844.15598,50,False,,,,,,,,,,,False,False
train_2023_2024,cci_d_chop_m15,personal,cost1,BTCUSDT,47,0,51.319020791695316,51.319020791695316,0.40425531914893614,1.2324393379670098,24.308527644000005,-9.4758215643044,30322.63948,33,False,,,,,,,,,,,False,False
train_2023_2024,cci_d_chop_m15,personal,cost1,ETHUSDT,52,0,99.64603945179131,99.64603945179131,0.34615384615384615,1.4733925077140462,23.668099800000004,-8.471760748209,29521.5165,31,False,,,,,,,,,,,False,False
train_2023_2024,cci_d_chop_m15,personal,cost2,PORTFOLIO,99,0,-13.421334031763003,-13.421334031763003,0.3333333333333333,0.9688734684800538,75.900433344,-29.0793406877625,47366.306820000005,50,False,,,,,,,,,,,False,False
train_2023_2024,cci_d_chop_m15,personal,cost2,BTCUSDT,47,0,-22.15274872745,-22.15274872745,0.3617021276595745,0.8980265058016996,38.12494134400001,-15.3572473834495,23793.34212,33,False,,,,,,,,,,,False,False
train_2023_2024,cci_d_chop_m15,personal,cost2,ETHUSDT,52,0,8.731414695686995,8.731414695686995,0.3076923076923077,1.040811293973097,37.775492,-13.722093304313,23572.9647,31,False,,,,,,,,,,,False,False
train_2023_2024,cci_d_chop_m15,public,cost1,PORTFOLIO,99,0,120.38720759314552,120.38720759314552,0.37373737373737376,1.2801212432088227,69.041292168,-17.2097202388545,57412.40914,50,False,,,,,,,,,,,False,False
train_2023_2024,cci_d_chop_m15,public,cost1,BTCUSDT,47,0,38.26831096010522,38.26831096010522,0.40425531914893614,1.1740586287591908,34.945240068000004,-9.1253689718945,29060.676640000005,33,False,,,,,,,,,,,False,False
train_2023_2024,cci_d_chop_m15,public,cost1,ETHUSDT,52,0,82.1188966330403,82.1188966330403,0.34615384615384615,1.3912110003729754,34.096052099999994,-8.08435126696,28351.732500000002,31,False,,,,,,,,,,,False,False
train_2023_2024,cci_d_chop_m15,public,cost2,PORTFOLIO,99,0,-44.86857981839774,-44.86857981839774,0.3333333333333333,0.8960986404464865,107.130591168,-27.4992686503973,44570.96258000001,50,False,,,,,,,,,,,False,False
train_2023_2024,cci_d_chop_m15,public,cost2,BTCUSDT,47,0,-37.57323630945576,-37.57323630945576,0.3617021276595745,0.8266794236110229,53.766626808,-14.5447895014553,22370.069680000004,33,False,,,,,,,,,,,False,False
train_2023_2024,cci_d_chop_m15,public,cost2,ETHUSDT,52,0,-7.295343508941988,-7.295343508941988,0.3076923076923077,0.9660766284843707,53.36396436,-12.954479148942001,22200.892900000003,31,False,,,,,,,,,,,False,False
train_2023_2024,cci_d_chop_m5,personal,cost1,PORTFOLIO,219,0,-47.57970625773088,-47.57970625773088,0.2557077625570776,0.957820427623346,132.37278859600002,-35.085267661730704,165455.41935,67,True,,,,,,,,,,,False,False
train_2023_2024,cci_d_chop_m5,personal,cost1,BTCUSDT,114,0,-0.6936033397561499,-0.6936033397561499,0.2631578947368421,0.9988995935624803,76.53260627600001,-18.472347063755702,95657.63565000001,50,True,,,,,,,,,,,False,False
train_2023_2024,cci_d_chop_m5,personal,cost1,ETHUSDT,105,0,-46.88610291797473,-46.88610291797473,0.24761904761904763,0.9057966509390908,55.840182320000004,-16.612920597975002,69797.7837,44,True,,,,,,,,,,,False,False
train_2023_2024,cci_d_chop_m5,personal,cost2,PORTFOLIO,219,0,-354.7495748834321,-354.7495748834321,0.2374429223744292,0.6550725232273584,182.89986964800002,-48.466925235432,114371.63883000001,67,True,,,,,,,,,,,False,False
train_2023_2024,cci_d_chop_m5,personal,cost2,BTCUSDT,114,0,-175.16333780519932,-175.16333780519932,0.24561403508771928,0.6881196204554438,102.58325332800001,-25.373304477199003,64141.385030000005,50,True,,,,,,,,,,,False,False
train_2023_2024,cci_d_chop_m5,personal,cost2,ETHUSDT,105,0,-179.58623707823278,-179.58623707823278,0.22857142857142856,0.6153148614957286,80.31661632000001,-23.093620758233,50230.2538,44,True,,,,,,,,,,,False,False
train_2023_2024,cci_d_chop_m5,public,cost1,PORTFOLIO,218,0,-104.57796056357384,-104.57796056357384,0.25229357798165136,0.9057895299862462,187.82165202,-33.0524485435737,156503.69609,67,True,,,,,,,,,,,False,False
train_2023_2024,cci_d_chop_m5,public,cost1,BTCUSDT,113,0,-26.000530315402084,-26.000530315402084,0.25663716814159293,0.9575978567320299,108.00151356,-17.547856755401703,89987.25519000001,50,True,,,,,,,,,,,False,False
train_2023_2024,cci_d_chop_m5,public,cost1,ETHUSDT,105,0,-78.57743024817175,-78.57743024817175,0.24761904761904763,0.8418510137704507,79.82013846,-15.504591788172,66516.4409,44,True,,,,,,,,,,,False,False
train_2023_2024,cci_d_chop_m5,public,cost2,PORTFOLIO,219,0,-408.3958853965888,-408.3958853965888,0.2328767123287671,0.5929127669546256,248.804780616,-43.9205447805887,103724.54861000001,67,True,,,,,,,,,,,False,False
train_2023_2024,cci_d_chop_m5,public,cost2,BTCUSDT,114,0,-207.18497255867902,-207.18497255867902,0.23684210526315788,0.6192116345235908,138.309285696,-22.8340268626787,57653.66371,50,True,,,,,,,,,,,False,False
train_2023_2024,cci_d_chop_m5,public,cost2,ETHUSDT,105,0,-201.21091283790977,-201.21091283790977,0.22857142857142856,0.5617464455129966,110.49549492,-21.08651791791,46070.884900000005,44,True,,,,,,,,,,,False,False
train_2023_2024,cci_d_chop_m3,personal,cost1,PORTFOLIO,246,0,-109.22114243843227,-109.22114243843227,0.23983739837398374,0.9158570303841146,157.77591708800003,-37.8858253504328,197173.60340000002,67,True,,,,,,,,,,,False,False
train_2023_2024,cci_d_chop_m3,personal,cost1,BTCUSDT,124,0,47.5680207693329,47.5680207693329,0.2661290322580645,1.0724558441479601,88.67829784800001,-20.1197813826668,110815.27750000001,50,True,,,,,,,,,,,False,False
train_2023_2024,cci_d_chop_m3,personal,cost1,ETHUSDT,122,0,-156.78916320776517,-156.78916320776517,0.21311475409836064,0.7556019321124575,69.09761924,-17.766043967766002,86358.3259,46,True,,,,,,,,,,,False,False
train_2023_2024,cci_d_chop_m3,personal,cost2,PORTFOLIO,246,0,-420.84966280508445,-420.84966280508445,0.23170731707317074,0.6335137277822112,211.89285460800002,-50.9047681970847,132483.55258000002,67,True,,,,,,,,,,,False,False
train_2023_2024,cci_d_chop_m3,personal,cost2,BTCUSDT,124,0,-153.6029068209878,-153.6029068209878,0.2661290322580645,0.7354556429255726,116.36445244800002,-27.093314372987702,72749.04578,50,True,,,,,,,,,,,False,False
train_2023_2024,cci_d_chop_m3,personal,cost2,ETHUSDT,122,0,-267.24675598409664,-267.24675598409664,0.19672131147540983,0.5292505061263163,95.52840216000001,-23.811453824097,59734.5068,46,True,,,,,,,,,,,False,False
train_2023_2024,cci_d_chop_m3,public,cost1,PORTFOLIO,246,0,-174.24172137841487,-174.24172137841487,0.23983739837398374,0.8637451769503725,222.928548414,-35.2783429644154,185736.83048,67,True,,,,,,,,,,,False,False
train_2023_2024,cci_d_chop_m3,public,cost1,BTCUSDT,124,0,10.700123820182325,10.700123820182325,0.2661290322580645,1.0165188666742724,125.071782474,-18.797363705817403,104200.18778000001,50,True,,,,,,,,,,,False,False
train_2023_2024,cci_d_chop_m3,public,cost1,ETHUSDT,122,0,-184.94184519859718,-184.94184519859718,0.21311475409836064,0.7069259547383294,97.85676593999999,-16.480979258598,81536.6427,46,True,,,,,,,,,,,False,False
train_2023_2024,cci_d_chop_m3,public,cost2,PORTFOLIO,246,0,-475.1482756092887,-475.1482756092887,0.21544715447154472,0.5745689684384118,286.612708068,-45.800277541289006,119464.25953000001,67,True,,,,,,,,,,,False,False
train_2023_2024,cci_d_chop_m3,public,cost2,BTCUSDT,124,0,-188.49834547318707,-188.49834547318707,0.24193548387096775,0.6650341948390539,156.333779268,-24.329876205187002,65155.60633,50,True,,,,,,,,,,,False,False
train_2023_2024,cci_d_chop_m3,public,cost2,ETHUSDT,122,0,-286.64993013610166,-286.64993013610166,0.1885245901639344,0.4826972887120933,130.2789288,-21.470401336102,54308.6532,46,True,,,,,,,,,,,False,False
train_2023_2024,cci_d_chop_m1,personal,cost1,PORTFOLIO,300,0,-357.32495346603235,-357.32495346603235,0.21666666666666667,0.7523943273787557,178.83730110400003,-34.707432362033,223591.43517,71,True,,,,,,,,,,,False,False
train_2023_2024,cci_d_chop_m1,personal,cost1,BTCUSDT,157,0,-137.50748447986373,-137.50748447986373,0.21019108280254778,0.8208471043866081,101.99390478400001,-19.122759695864,127514.62037000002,50,True,,,,,,,,,,,False,False
train_2023_2024,cci_d_chop_m1,personal,cost1,ETHUSDT,143,0,-219.8174689861686,-219.8174689861686,0.22377622377622378,0.6746233028917662,76.84339632000001,-15.584672666169,96076.81480000001,51,True,,,,,,,,,,,False,False
train_2023_2024,cci_d_chop_m1,personal,cost2,PORTFOLIO,300,0,-604.1381400966022,-604.1381400966022,0.20666666666666667,0.5212384675164742,233.21083945600003,-45.730860640601904,145864.07391,71,True,,,,,,,,,,,False,False
train_2023_2024,cci_d_chop_m1,personal,cost2,BTCUSDT,157,0,-285.82965142061045,-285.82965142061045,0.21019108280254778,0.5721997000662155,129.198358256,-24.801953164609902,80797.64371,50,True,,,,,,,,,,,False,False
train_2023_2024,cci_d_chop_m1,personal,cost2,ETHUSDT,143,0,-318.3084886759918,-318.3084886759918,0.20279720279720279,0.4638914803093322,104.01248120000001,-20.928907475992002,65066.4302,51,True,,,,,,,,,,,False,False
train_2023_2024,cci_d_chop_m1,public,cost1,PORTFOLIO,300,0,-405.2930160923088,-405.2930160923088,0.21333333333333335,0.7133797794162734,250.10622526199998,-32.317920830309504,208465.91973000002,71,True,,,,,,,,,,,False,False
train_2023_2024,cci_d_chop_m1,public,cost1,BTCUSDT,157,0,-167.1376099041252,-167.1376099041252,0.21019108280254778,0.7782081508158603,141.945337542,-17.635802362125503,118311.06823000002,50,True,,,,,,,,,,,False,False
train_2023_2024,cci_d_chop_m1,public,cost1,ETHUSDT,143,0,-238.15540618818358,-238.15540618818358,0.21678321678321677,0.6394115797518076,108.16088771999999,-14.682118468184001,90154.8515,51,True,,,,,,,,,,,False,False
train_2023_2024,cci_d_chop_m1,public,cost2,PORTFOLIO,300,0,-647.2249198815578,-647.2249198815578,0.19666666666666666,0.46862854207940285,311.198098176,-40.8477417055575,129761.1992,71,True,,,,,,,,,,,False,False
train_2023_2024,cci_d_chop_m1,public,cost2,BTCUSDT,157,0,-316.939233118361,-316.939233118361,0.1910828025477707,0.5084187440000947,170.948453256,-21.882799862360503,71272.7286,50,True,,,,,,,,,,,False,False
train_2023_2024,cci_d_chop_m1,public,cost2,ETHUSDT,143,0,-330.28568676319674,-330.28568676319674,0.20279720279720279,0.4238798727634154,140.24964491999998,-18.964941843197,58488.4706,51,True,,,,,,,,,,,False,False
train_2023_2024,cci_h12_chop_w,personal,cost1,PORTFOLIO,43,0,-89.47146032753365,-89.47146032753365,0.20930232558139536,0.6429964069722496,29.650455552000004,-10.634764775532801,37087.662560000004,13,False,,,,,,,,,,,False,False
train_2023_2024,cci_h12_chop_w,personal,cost1,BTCUSDT,42,0,-79.1981567275337,-79.1981567275337,0.21428571428571427,0.6704806930584237,29.195351952000003,-10.634764775532801,36513.873960000004,13,False,,,,,,,,,,,False,False
train_2023_2024,cci_h12_chop_w,personal,cost1,ETHUSDT,1,0,-10.273303599999952,-10.273303599999952,0.0,0.0,0.4551036000000001,0.0,573.7886,1,False,,,,,,,,,,,False,False
train_2023_2024,cci_h12_chop_w,personal,cost2,PORTFOLIO,43,0,-149.7295043427047,-149.7295043427047,0.20930232558139536,0.42355253254805236,46.592894728000005,-16.882099614705,29163.686460000004,13,False,,,,,,,,,,,False,False
train_2023_2024,cci_h12_chop_w,personal,cost2,BTCUSDT,42,0,-140.53993714270473,-140.53993714270473,0.21428571428571427,0.43908705993217156,45.87772752800001,-16.882099614705,28712.469760000004,13,False,,,,,,,,,,,False,False
train_2023_2024,cci_h12_chop_w,personal,cost2,ETHUSDT,1,0,-9.189567199999995,-9.189567199999995,0.0,0.0,0.7151672000000001,0.0,451.2167,1,False,,,,,,,,,,,False,False
train_2023_2024,cci_h12_chop_w,public,cost1,PORTFOLIO,43,0,-97.19539992413482,-97.19539992413482,0.20930232558139536,0.6159878427358038,43.038106836000004,-10.376413088134,35886.979470000006,13,False,,,,,,,,,,,False,False
train_2023_2024,cci_h12_chop_w,public,cost1,BTCUSDT,42,0,-87.44460562413487,-87.44460562413487,0.21428571428571427,0.640669440264533,42.404212536,-10.376413088134,35354.17577,13,False,,,,,,,,,,,False,False
train_2023_2024,cci_h12_chop_w,public,cost1,ETHUSDT,1,0,-9.750794299999955,-9.750794299999955,0.0,0.0,0.6338943,0.0,532.8036999999999,1,False,,,,,,,,,,,False,False
train_2023_2024,cci_h12_chop_w,public,cost2,PORTFOLIO,43,0,-162.5119614681269,-162.5119614681269,0.20930232558139536,0.376558327803578,65.115636732,-15.758134736127202,27172.334400000003,13,False,,,,,,,,,,,False,False
train_2023_2024,cci_h12_chop_w,public,cost2,BTCUSDT,42,0,-152.96481066812692,-152.96481066812692,0.21428571428571427,0.39087431877214696,64.042885932,-15.758134736127202,26721.117700000003,13,False,,,,,,,,,,,False,False
train_2023_2024,cci_h12_chop_w,public,cost2,ETHUSDT,1,0,-9.547150799999995,-9.547150799999995,0.0,0.0,1.0727508,0.0,451.2167,1,False,,,,,,,,,,,False,False
train_2023_2024,cci_h12_chop_d,personal,cost1,PORTFOLIO,89,0,-177.27513029688197,-177.27513029688197,0.21348314606741572,0.6124639110261524,51.697551876000006,-11.604828420881901,64655.03173,23,False,,,,,,,,,,,False,False
train_2023_2024,cci_h12_chop_d,personal,cost1,BTCUSDT,51,0,-50.68573422233711,-50.68573422233711,0.23529411764705882,0.8093447209107166,32.362760716000004,-7.625123506336901,40437.076830000005,15,False,,,,,,,,,,,False,False
train_2023_2024,cci_h12_chop_d,personal,cost1,ETHUSDT,38,0,-126.58939607454485,-126.58939607454485,0.18421052631578946,0.33927431488934345,19.33479116,-3.979704914545,24217.9549,13,False,,,,,,,,,,,False,False
train_2023_2024,cci_h12_chop_d,personal,cost2,PORTFOLIO,89,0,-271.2148377173131,-271.2148377173131,0.16853932584269662,0.4228482494001225,80.13199100800001,-18.606386709312602,50142.77055,23,False,,,,,,,,,,,False,False
train_2023_2024,cci_h12_chop_d,personal,cost2,BTCUSDT,51,0,-120.61061469114496,-120.61061469114496,0.19607843137254902,0.5601129279523644,49.716715728000004,-12.193938963144602,31079.278350000004,15,False,,,,,,,,,,,False,False
train_2023_2024,cci_h12_chop_d,personal,cost2,ETHUSDT,38,0,-150.60422302616817,-150.60422302616817,0.13157894736842105,0.23056708673998935,30.415275280000003,-6.4124477461680005,19063.4922,13,False,,,,,,,,,,,False,False
train_2023_2024,cci_h12_chop_d,public,cost1,PORTFOLIO,89,0,-194.36958822895187,-194.36958822895187,0.21348314606741572,0.5775400052205023,74.399101032,-11.111067196951801,62031.060560000005,23,False,,,,,,,,,,,False,False
train_2023_2024,cci_h12_chop_d,public,cost1,BTCUSDT,51,0,-63.81166492888901,-63.81166492888901,0.23529411764705882,0.7617301280668725,46.484157431999996,-7.3064874968888,38720.968460000004,15,False,,,,,,,,,,,False,False
train_2023_2024,cci_h12_chop_d,public,cost1,ETHUSDT,38,0,-130.55792330006284,-130.55792330006284,0.18421052631578946,0.32099171729247816,27.914943599999997,-3.8045797000630004,23310.0921,13,False,,,,,,,,,,,False,False
train_2023_2024,cci_h12_chop_d,public,cost2,PORTFOLIO,89,0,-290.60806701373696,-290.60806701373696,0.16853932584269662,0.3850290629992128,111.679344216,-17.3843427977365,46591.034940000005,23,False,,,,,,,,,,,False,False
train_2023_2024,cci_h12_chop_d,public,cost2,BTCUSDT,51,0,-133.98549286907078,-133.98549286907078,0.19607843137254902,0.5119094751040317,68.975733216,-11.3336796530705,28745.82454,15,False,,,,,,,,,,,False,False
train_2023_2024,cci_h12_chop_d,public,cost2,ETHUSDT,38,0,-156.62257414466617,-156.62257414466617,0.13157894736842105,0.2091616653975835,42.703610999999995,-6.050663144666,17845.2104,13,False,,,,,,,,,,,False,False
train_2023_2024,cci_h12_chop_h12,personal,cost1,PORTFOLIO,91,0,-112.73565491317746,-112.73565491317746,0.2087912087912088,0.7714330631302752,52.90169727200001,-10.922457641177601,66095.61463000001,27,False,,,,,,,,,,,False,False
train_2023_2024,cci_h12_chop_h12,personal,cost1,BTCUSDT,57,0,-17.28903287097233,-17.28903287097233,0.21052631578947367,0.9439825272508849,34.09487447200001,-7.3940583989726,42560.37913,21,False,,,,,,,,,,,False,False
train_2023_2024,cci_h12_chop_h12,personal,cost1,ETHUSDT,34,0,-95.44662204220514,-95.44662204220514,0.20588235294117646,0.48293127291916327,18.806822800000003,-3.528399242205,23535.235500000003,15,False,,,,,,,,,,,False,False
train_2023_2024,cci_h12_chop_h12,personal,cost2,PORTFOLIO,92,0,-230.79983145817306,-230.79983145817306,0.18478260869565216,0.5450065322089511,83.56107356800001,-17.8177978901732,52234.72737000001,27,False,,,,,,,,,,,False,False
train_2023_2024,cci_h12_chop_h12,personal,cost2,BTCUSDT,58,0,-110.5273760316182,-110.5273760316182,0.1896551724137931,0.6565430912327168,54.30915412800001,-12.111361903618201,33919.86927,21,False,,,,,,,,,,,False,False
train_2023_2024,cci_h12_chop_h12,personal,cost2,ETHUSDT,34,0,-120.27245542655486,-120.27245542655486,0.17647058823529413,0.3514599742887058,29.25191944,-5.706435986555,18314.8581,15,False,,,,,,,,,,,False,False
train_2023_2024,cci_h12_chop_h12,public,cost1,PORTFOLIO,92,0,-142.00099098733156,-142.00099098733156,0.20652173913043478,0.717481661807029,77.176565016,-10.417845971331602,64287.482780000006,27,False,,,,,,,,,,,False,False
train_2023_2024,cci_h12_chop_h12,public,cost1,BTCUSDT,58,0,-42.059009121759466,-42.059009121759466,0.20689655172413793,0.8675443230207158,50.114745576,-7.0552835457596,41710.665080000006,21,False,,,,,,,,,,,False,False
train_2023_2024,cci_h12_chop_h12,public,cost1,ETHUSDT,34,0,-99.94198186557212,-99.94198186557212,0.20588235294117646,0.4600446390053526,27.061819439999997,-3.362562425572,22576.8177,15,False,,,,,,,,,,,False,False
train_2023_2024,cci_h12_chop_h12,public,cost2,PORTFOLIO,91,0,-244.9509958377865,-244.9509958377865,0.18681318681318682,0.5100537318757516,114.998270004,-16.8311958337866,47922.132540000006,27,False,,,,,,,,,,,False,False
train_2023_2024,cci_h12_chop_h12,public,cost2,BTCUSDT,58,0,-127.63272214867959,-127.63272214867959,0.1896551724137931,0.6043325491065902,75.999393564,-11.451498584679602,31644.276040000004,21,False,,,,,,,,,,,False,False
train_2023_2024,cci_h12_chop_h12,public,cost2,ETHUSDT,33,0,-117.3182736891069,-117.3182736891069,0.18181818181818182,0.3386013767203047,38.99887644,-5.379697249107,16277.8565,15,False,,,,,,,,,,,False,False
train_2023_2024,cci_h12_chop_h6,personal,cost1,PORTFOLIO,106,0,48.09294581093545,48.09294581093545,0.2358490566037736,1.0811204163124057,69.99464800400001,-14.2144561850646,87518.08933,41,True,,,,,,,,,,,False,False
train_2023_2024,cci_h12_chop_h6,personal,cost1,BTCUSDT,66,0,181.617458241185,181.617458241185,0.25757575757575757,1.517710451490647,46.28327188400001,-10.213419874814601,57839.05533000001,30,False,,,,,,,,,,,False,False
train_2023_2024,cci_h12_chop_h6,personal,cost1,ETHUSDT,40,0,-133.52451243024956,-133.52451243024956,0.2,0.4483592643477083,23.711376120000004,-4.00103631025,29679.034000000003,24,False,,,,,,,,,,,False,False
train_2023_2024,cci_h12_chop_h6,personal,cost2,PORTFOLIO,105,0,-106.2064085357835,-106.2064085357835,0.21904761904761905,0.8190808360723235,106.23139494400002,-23.144673591783402,66455.47216,41,True,,,,,,,,,,,False,False
train_2023_2024,cci_h12_chop_h6,personal,cost2,BTCUSDT,66,0,43.82491866959857,43.82491866959857,0.24242424242424243,1.1218947961611696,71.74726030400001,-16.723181026401402,44862.05926,30,False,,,,,,,,,,,False,False
train_2023_2024,cci_h12_chop_h6,personal,cost2,ETHUSDT,39,0,-150.03132720538207,-150.03132720538207,0.1794871794871795,0.340542613731235,34.48413464,-6.4214925653820005,21593.412900000003,24,False,,,,,,,,,,,False,False
train_2023_2024,cci_h12_chop_h6,public,cost1,PORTFOLIO,106,0,20.718446133160583,20.718446133160583,0.2358490566037736,1.0346123261165905,101.53357035,-13.6938335168395,84637.60142,41,True,,,,,,,,,,,False,False
train_2023_2024,cci_h12_chop_h6,public,cost1,BTCUSDT,66,0,160.7264979933611,160.7264979933611,0.25757575757575757,1.4528907446450081,67.08001107,-9.8263409366385,55886.471620000004,30,False,,,,,,,,,,,False,False
train_2023_2024,cci_h12_chop_h6,public,cost1,ETHUSDT,40,0,-140.00805186020054,-140.00805186020054,0.2,0.42547966024509354,34.45355928,-3.8674925802010005,28751.129800000002,24,False,,,,,,,,,,,False,False
train_2023_2024,cci_h12_chop_h6,public,cost2,PORTFOLIO,106,0,-156.86971076201434,-156.86971076201434,0.20754716981132076,0.7322809953669901,147.811277232,-21.2441935300143,61646.218700000005,41,True,,,,,,,,,,,False,False
train_2023_2024,cci_h12_chop_h6,public,cost2,BTCUSDT,66,0,7.378517082286643,7.378517082286643,0.22727272727272727,1.0208662596151725,98.060905512,-15.350837405713301,40874.7133,30,False,,,,,,,,,,,False,False
train_2023_2024,cci_h12_chop_h6,public,cost2,ETHUSDT,40,0,-164.24822784430097,-164.24822784430097,0.175,0.2930669347478809,49.75037172,-5.893356124301,20771.505400000002,24,False,,,,,,,,,,,False,False
train_2023_2024,cci_h12_chop_h4,personal,cost1,PORTFOLIO,111,0,-31.698091171641572,-31.698091171641572,0.24324324324324326,0.9381629472593266,58.62519893600001,-11.3770922356419,73421.44201000001,49,True,,,,,,,,,,,False,False
train_2023_2024,cci_h12_chop_h4,personal,cost1,BTCUSDT,60,0,104.93912182847325,104.93912182847325,0.25,1.3944825555660352,35.649793176,-6.2868849955269,44633.35661,35,False,,,,,,,,,,,False,False
train_2023_2024,cci_h12_chop_h4,personal,cost1,ETHUSDT,51,0,-136.63721300011483,-136.63721300011483,0.23529411764705882,0.4458922699228785,22.975405760000005,-5.090207240115,28788.085400000004,32,False,,,,,,,,,,,False,False
train_2023_2024,cci_h12_chop_h4,personal,cost2,PORTFOLIO,111,0,-169.3539060561493,-169.3539060561493,0.2072072072072072,0.6766578146342722,92.01948888800001,-19.2977871681489,57660.038530000005,49,True,,,,,,,,,,,False,False
train_2023_2024,cci_h12_chop_h4,personal,cost2,BTCUSDT,60,0,-6.456945254471162,-6.456945254471162,0.21666666666666667,0.9769239773783571,55.77845176800001,-10.8502634864709,34941.22653,35,False,,,,,,,,,,,False,False
train_2023_2024,cci_h12_chop_h4,personal,cost2,ETHUSDT,51,0,-162.89696080167815,-162.89696080167815,0.19607843137254902,0.3322492464889407,36.24103712,-8.447523681678,22718.812,32,False,,,,,,,,,,,False,False
train_2023_2024,cci_h12_chop_h4,public,cost1,PORTFOLIO,111,0,-52.47724730986465,-52.47724730986465,0.24324324324324326,0.8985965296793061,84.95858685,-11.042790459865,70936.60815,49,True,,,,,,,,,,,False,False
train_2023_2024,cci_h12_chop_h4,public,cost1,BTCUSDT,60,0,88.11556969400918,88.11556969400918,0.25,1.3264677595414922,51.660744210000004,-6.069616095991,43121.940850000006,35,False,,,,,,,,,,,False,False
train_2023_2024,cci_h12_chop_h4,public,cost1,ETHUSDT,51,0,-140.59281700387382,-140.59281700387382,0.23529411764705882,0.4321856571231323,33.29784264,-4.9731743638740005,27814.6673,32,False,,,,,,,,,,,False,False
train_2023_2024,cci_h12_chop_h4,public,cost2,PORTFOLIO,111,0,-202.89481483312446,-202.89481483312446,0.1981981981981982,0.6114116971467055,127.670855088,-17.968979745124102,53333.791370000006,49,True,,,,,,,,,,,False,False
train_2023_2024,cci_h12_chop_h4,public,cost2,BTCUSDT,60,0,-33.698062253938325,-33.698062253938325,0.21666666666666667,0.8792538177720333,76.893423528,-10.0797587259381,32110.788470000003,35,False,,,,,,,,,,,False,False
train_2023_2024,cci_h12_chop_h4,public,cost2,ETHUSDT,51,0,-169.19675257918612,-169.19675257918612,0.17647058823529413,0.3038640180781335,50.77743156,-7.889221019186,21223.0029,32,False,,,,,,,,,,,False,False
train_2023_2024,cci_h12_chop_h1,personal,cost1,PORTFOLIO,75,0,48.748491361426716,48.748491361426716,0.32,1.1998817084378934,29.861549820000004,-7.5219088185732,37430.74921,50,False,,,,,,,,,,,False,False
train_2023_2024,cci_h12_chop_h1,personal,cost1,BTCUSDT,41,0,78.4856480474609,78.4856480474609,0.3170731707317073,1.5926039794857385,17.811466820000003,-3.8349351325392003,22332.26161,35,False,,,,,,,,,,,False,False
train_2023_2024,cci_h12_chop_h1,personal,cost1,ETHUSDT,34,0,-29.737156686034183,-29.737156686034183,0.3235294117647059,0.7331667497553802,12.050083000000003,-3.6869736860340003,15098.4876,26,False,,,,,,,,,,,False,False
train_2023_2024,cci_h12_chop_h1,personal,cost2,PORTFOLIO,75,0,-29.20756115226678,-29.20756115226678,0.28,0.8875631087288415,48.88239394400001,-13.0571372082667,30656.361630000003,50,False,,,,,,,,,,,False,False
train_2023_2024,cci_h12_chop_h1,personal,cost2,BTCUSDT,41,0,24.577504304277152,24.577504304277152,0.2926829268292683,1.1709979030905981,29.114463624000003,-7.158102071722701,18262.25313,35,False,,,,,,,,,,,False,False
train_2023_2024,cci_h12_chop_h1,personal,cost2,ETHUSDT,34,0,-53.78506545654393,-53.78506545654393,0.2647058823529412,0.5364899968773236,19.76793032,-5.899035136544,12394.1085,26,False,,,,,,,,,,,False,False
train_2023_2024,cci_h12_chop_h1,public,cost1,PORTFOLIO,75,0,36.357355968974744,36.357355968974744,0.32,1.145874462140943,43.652340708,-7.2706633230252,36480.97109000001,50,False,,,,,,,,,,,False,False
train_2023_2024,cci_h12_chop_h1,public,cost1,BTCUSDT,41,0,71.61483744974892,71.61483744974892,0.3170731707317073,1.5312747268640134,25.924837548,-3.6862850022512004,21672.195190000002,35,False,,,,,,,,,,,False,False
train_2023_2024,cci_h12_chop_h1,public,cost1,ETHUSDT,34,0,-35.25748148077418,-35.25748148077418,0.3235294117647059,0.6919107109040535,17.727503159999998,-3.5843783207740003,14808.7759,26,False,,,,,,,,,,,False,False
train_2023_2024,cci_h12_chop_h1,public,cost2,PORTFOLIO,75,0,-57.66782646106707,-57.66782646106707,0.24,0.7823135363112012,68.977522884,-12.345313577067001,28836.76148,50,False,,,,,,,,,,,False,False
train_2023_2024,cci_h12_chop_h1,public,cost2,BTCUSDT,41,0,4.787096194216862,4.787096194216862,0.2682926829268293,1.0328063349368797,40.931916324,-6.786197481783001,17114.206680000003,35,False,,,,,,,,,,,False,False
train_2023_2024,cci_h12_chop_h1,public,cost2,ETHUSDT,34,0,-62.45492265528394,-62.45492265528394,0.20588235294117646,0.4751354149450662,28.04560656,-5.559116095284001,11722.5548,26,False,,,,,,,,,,,False,False
train_2023_2024,cci_h12_chop_m30,personal,cost1,PORTFOLIO,62,0,41.640834604817606,41.640834604817606,0.3387096774193548,1.1895764914073483,16.866072484000004,-4.5372229111824005,21182.948150000004,38,False,,,,,,,,,,,False,False
train_2023_2024,cci_h12_chop_m30,personal,cost1,BTCUSDT,33,0,83.79145386200655,83.79145386200655,0.36363636363636365,1.6144900522794505,11.150747644,-2.5264284939934,14018.536150000002,24,False,,,,,,,,,,,False,False
train_2023_2024,cci_h12_chop_m30,personal,cost1,ETHUSDT,29,0,-42.15061925718894,-42.15061925718894,0.3103448275862069,0.49394494508424025,5.71532484,-2.010794417189,7164.412,25,False,,,,,,,,,,,False,False
train_2023_2024,cci_h12_chop_m30,personal,cost2,PORTFOLIO,62,0,-14.598575373695112,-14.598575373695112,0.3064516129032258,0.9369065873475174,29.851817120000003,-8.8011382536952,18759.13492,38,False,,,,,,,,,,,False,False
train_2023_2024,cci_h12_chop_m30,personal,cost2,BTCUSDT,33,0,43.162105307978784,43.162105307978784,0.3333333333333333,1.3070714012962272,19.412918960000002,-5.1628557320212005,12210.771320000002,24,False,,,,,,,,,,,False,False
train_2023_2024,cci_h12_chop_m30,personal,cost2,ETHUSDT,29,0,-57.7606806816739,-57.7606806816739,0.27586206896551724,0.36400823268404103,10.43889816,-3.6382825216740002,6548.3636,25,False,,,,,,,,,,,False,False
train_2023_2024,cci_h12_chop_m30,public,cost1,PORTFOLIO,62,0,34.83463744792142,34.83463744792142,0.3387096774193548,1.15690374872304,24.970384151999998,-4.4653784000786,20908.480620000002,38,False,,,,,,,,,,,False,False
train_2023_2024,cci_h12_chop_m30,public,cost1,BTCUSDT,33,0,78.77850847559137,78.77850847559137,0.36363636363636365,1.57237270821589,16.478814491999998,-2.4797770324086,13812.395520000002,24,False,,,,,,,,,,,False,False
train_2023_2024,cci_h12_chop_m30,public,cost1,ETHUSDT,29,0,-43.94387102766994,-43.94387102766994,0.3103448275862069,0.4792010096290979,8.49156966,-1.9856013676700002,7096.0851,25,False,,,,,,,,,,,False,False
train_2023_2024,cci_h12_chop_m30,public,cost2,PORTFOLIO,62,0,-38.22821762822753,-38.22821762822753,0.27419354838709675,0.835712635671379,42.72868446,-8.5592631682276,17897.874330000002,38,False,,,,,,,,,,,False,False
train_2023_2024,cci_h12_chop_m30,public,cost2,BTCUSDT,33,0,24.81493725863837,24.81493725863837,0.30303030303030304,1.1767370856362644,27.57898626,-4.9971064813616,11562.089930000002,24,False,,,,,,,,,,,False,False
train_2023_2024,cci_h12_chop_m30,public,cost2,ETHUSDT,29,0,-63.043154886865906,-63.043154886865906,0.2413793103448276,0.31686616518504174,15.1496982,-3.5621566868660004,6335.7844000000005,25,False,,,,,,,,,,,False,False
train_2023_2024,cci_h12_chop_m15,personal,cost1,PORTFOLIO,93,0,-48.29017348883964,-48.29017348883964,0.3118279569892473,0.8802127188131009,38.22620475200001,-10.01404873684,47768.097440000005,45,False,,,,,,,,,,,False,False
train_2023_2024,cci_h12_chop_m15,personal,cost1,BTCUSDT,54,0,-52.62890606597516,-52.62890606597516,0.3333333333333333,0.7967121278593923,23.194079792000004,-5.566506273975,28977.478440000003,36,False,,,,,,,,,,,False,False
train_2023_2024,cci_h12_chop_m15,personal,cost1,ETHUSDT,39,0,4.338732577135513,4.338732577135513,0.28205128205128205,1.0300790864563962,15.03212496,-4.447542462865,18790.619000000002,25,False,,,,,,,,,,,False,False
train_2023_2024,cci_h12_chop_m15,personal,cost2,PORTFOLIO,93,0,-147.1296455552069,-147.1296455552069,0.26881720430107525,0.6476929133368599,63.86377593600001,-17.1989696192068,39918.52051,45,False,,,,,,,,,,,False,False
train_2023_2024,cci_h12_chop_m15,personal,cost2,BTCUSDT,54,0,-108.51834624050576,-108.51834624050576,0.2962962962962963,0.5878724286045734,38.585250016,-9.719796224505801,24112.48541,36,False,,,,,,,,,,,False,False
train_2023_2024,cci_h12_chop_m15,personal,cost2,ETHUSDT,39,0,-38.61129931470115,-38.61129931470115,0.23076923076923078,0.7497730246071502,25.278525920000003,-7.479173394701,15806.035100000001,25,False,,,,,,,,,,,False,False
train_2023_2024,cci_h12_chop_m15,public,cost1,PORTFOLIO,93,0,-64.48623297772116,-64.48623297772116,0.3118279569892473,0.840369098182344,55.600748502,-9.6744744757215,46320.615710000005,45,False,,,,,,,,,,,False,False
train_2023_2024,cci_h12_chop_m15,public,cost1,BTCUSDT,54,0,-61.83770585967165,-61.83770585967165,0.3333333333333333,0.7610589041940659,33.677260062,-5.3822357976715,28050.099310000005,36,False,,,,,,,,,,,False,False
train_2023_2024,cci_h12_chop_m15,public,cost1,ETHUSDT,39,0,-2.6485271180495085,-2.6485271180495085,0.28205128205128205,0.9817559252805572,21.92348844,-4.29223867805,18270.5164,25,False,,,,,,,,,,,False,False
train_2023_2024,cci_h12_chop_m15,public,cost2,PORTFOLIO,93,0,-168.0638835957316,-168.0638835957316,0.25806451612903225,0.599941972747656,90.381450816,-16.5038327797315,37665.422810000004,45,False,,,,,,,,,,,False,False
train_2023_2024,cci_h12_chop_m15,public,cost2,BTCUSDT,54,0,-120.17990862241247,-120.17990862241247,0.2777777777777778,0.5437848305865536,54.570723576,-9.2542850464125,22735.863310000004,36,False,,,,,,,,,,,False,False
train_2023_2024,cci_h12_chop_m15,public,cost2,ETHUSDT,39,0,-47.883974973319134,-47.883974973319134,0.23076923076923078,0.6943653516830017,35.81072724,-7.249547733319,14929.559500000001,25,False,,,,,,,,,,,False,False
train_2023_2024,cci_h12_chop_m5,personal,cost1,PORTFOLIO,183,0,-107.75912316831331,-107.75912316831331,0.26229508196721313,0.8809764823338564,101.39558195200001,-24.8368412163137,126848.30227000001,60,True,,,,,,,,,,,False,False
train_2023_2024,cci_h12_chop_m5,personal,cost1,BTCUSDT,104,0,-21.992711653913904,-21.992711653913904,0.25,0.961150674755707,64.115150592,-14.344461061913702,80206.33577,50,True,,,,,,,,,,,False,False
train_2023_2024,cci_h12_chop_m5,personal,cost1,ETHUSDT,79,0,-85.7664115143994,-85.7664115143994,0.27848101265822783,0.7471934885031276,37.28043136,-10.492380154400001,46641.9665,38,False,,,,,,,,,,,False,False
train_2023_2024,cci_h12_chop_m5,personal,cost2,PORTFOLIO,183,0,-329.76436793646656,-329.76436793646656,0.24043715846994534,0.6166167128692156,148.096440808,-37.0312371284668,92679.09663,60,True,,,,,,,,,,,False,False
train_2023_2024,cci_h12_chop_m5,personal,cost2,BTCUSDT,104,0,-166.59735060787153,-166.59735060787153,0.2403846153846154,0.6822229573564963,90.95157472800001,-21.1536858798718,56910.880130000005,50,True,,,,,,,,,,,False,False
train_2023_2024,cci_h12_chop_m5,personal,cost2,ETHUSDT,79,0,-163.16701732859502,-163.16701732859502,0.24050632911392406,0.5142164178492845,57.14486608000001,-15.877551248595001,35768.2165,38,False,,,,,,,,,,,False,False
train_2023_2024,cci_h12_chop_m5,public,cost1,PORTFOLIO,183,0,-151.0542580014844,-151.0542580014844,0.26229508196721313,0.831850511838662,144.863555148,-23.582842853484802,120815.35731,60,True,,,,,,,,,,,False,False
train_2023_2024,cci_h12_chop_m5,public,cost1,BTCUSDT,104,0,-47.980955198111026,-47.980955198111026,0.25,0.9145656459766521,91.628501568,-13.712493630110801,76412.69811000001,50,True,,,,,,,,,,,False,False
train_2023_2024,cci_h12_chop_m5,public,cost1,ETHUSDT,79,0,-103.0733028033734,-103.0733028033734,0.27848101265822783,0.6938912399467747,53.23505358,-9.870349223374,44402.6592,38,False,,,,,,,,,,,False,False
train_2023_2024,cci_h12_chop_m5,public,cost2,PORTFOLIO,183,0,-372.3406651481477,-372.3406651481477,0.23497267759562843,0.5604290554522348,203.68031278799998,-33.932162360148,84975.41868,60,True,,,,,,,,,,,False,False
train_2023_2024,cci_h12_chop_m5,public,cost2,BTCUSDT,104,0,-191.5347228237307,-191.5347228237307,0.23076923076923078,0.6257498093171479,124.028254068,-19.300878755731002,51737.870780000005,50,True,,,,,,,,,,,False,False
train_2023_2024,cci_h12_chop_m5,public,cost2,ETHUSDT,79,0,-180.805942324417,-180.805942324417,0.24050632911392406,0.46071896129774814,79.65205872,-14.631283604417,33237.5479,38,False,,,,,,,,,,,False,False
train_2023_2024,cci_h12_chop_m3,personal,cost1,PORTFOLIO,210,0,-141.24027022015082,-141.24027022015082,0.24761904761904763,0.8650398951751183,123.66111092400001,-26.9630492961514,154649.76324,68,True,,,,,,,,,,,False,False
train_2023_2024,cci_h12_chop_m3,personal,cost1,BTCUSDT,116,0,-27.66978008398969,-27.66978008398969,0.25,0.954301729906477,76.43066480400002,-15.733305279989402,95591.00544000001,52,True,,,,,,,,,,,False,False
train_2023_2024,cci_h12_chop_m3,personal,cost1,ETHUSDT,94,0,-113.57049013616113,-113.57049013616113,0.24468085106382978,0.7424967777094078,47.23044612,-11.229744016162,59058.7578,44,False,,,,,,,,,,,False,False
train_2023_2024,cci_h12_chop_m3,personal,cost2,PORTFOLIO,210,0,-390.88871544020344,-390.88871544020344,0.23809523809523808,0.5982304207397439,175.08525832,-38.962577120203704,109539.49004,68,True,,,,,,,,,,,False,False
train_2023_2024,cci_h12_chop_m3,personal,cost2,BTCUSDT,116,0,-187.96246018322628,-187.96246018322628,0.25,0.6638762945967306,105.64302280000001,-22.4605573832267,66095.06264,52,True,,,,,,,,,,,False,False
train_2023_2024,cci_h12_chop_m3,personal,cost2,ETHUSDT,94,0,-202.92625525697713,-202.92625525697713,0.22340425531914893,0.5094980938583138,69.44223552000001,-16.502019736977,43444.4274,44,False,,,,,,,,,,,False,False
train_2023_2024,cci_h12_chop_m3,public,cost1,PORTFOLIO,210,0,-185.6759523314586,-185.6759523314586,0.24761904761904763,0.8217665165037054,176.887165122,-25.488377209459202,147476.32541000002,68,True,,,,,,,,,,,False,False
train_2023_2024,cci_h12_chop_m3,public,cost1,BTCUSDT,116,0,-52.65127127655045,-52.65127127655045,0.25,0.9126573582713131,109.086207522,-14.838453754550201,90956.65501000002,52,True,,,,,,,,,,,False,False
train_2023_2024,cci_h12_chop_m3,public,cost1,ETHUSDT,94,0,-133.02468105490814,-133.02468105490814,0.24468085106382978,0.6969438091584162,67.80095759999999,-10.649923454909,56519.6704,44,False,,,,,,,,,,,False,False
train_2023_2024,cci_h12_chop_m3,public,cost2,PORTFOLIO,210,0,-437.9165168296033,-437.9165168296033,0.22380952380952382,0.5399600777862319,238.399088136,-35.2022686936036,99433.82872,68,True,,,,,,,,,,,False,False
train_2023_2024,cci_h12_chop_m3,public,cost2,BTCUSDT,116,0,-217.01074361514824,-217.01074361514824,0.23275862068965517,0.6016053907104955,142.923347616,-20.334335999148603,59611.83512,52,True,,,,,,,,,,,False,False
train_2023_2024,cci_h12_chop_m3,public,cost2,ETHUSDT,94,0,-220.90577321445508,-220.90577321445508,0.2127659574468085,0.4574962428480282,95.47574051999999,-14.867932694455,39821.9936,44,False,,,,,,,,,,,False,False
train_2023_2024,cci_h12_chop_m1,personal,cost1,PORTFOLIO,266,0,-360.6041459923595,-360.6041459923595,0.21804511278195488,0.7119526522846484,149.12080212400002,-27.3100538683606,186513.98466000002,71,True,,,,,,,,,,,False,False
train_2023_2024,cci_h12_chop_m1,personal,cost1,BTCUSDT,150,0,-119.24880942947317,-119.24880942947317,0.21333333333333335,0.8322031293619866,90.76542732400002,-15.944492105473602,113522.69166000001,55,True,,,,,,,,,,,False,False
train_2023_2024,cci_h12_chop_m1,personal,cost1,ETHUSDT,116,0,-241.35533656288635,-241.35533656288635,0.22413793103448276,0.554051778610995,58.35537480000001,-11.365561762887,72991.293,48,True,,,,,,,,,,,False,False
train_2023_2024,cci_h12_chop_m1,personal,cost2,PORTFOLIO,266,0,-576.3846523252453,-576.3846523252453,0.21052631578947367,0.4888284242303288,201.32061912800003,-37.2190031972452,125963.55126000001,71,True,,,,,,,,,,,False,False
train_2023_2024,cci_h12_chop_m1,personal,cost2,BTCUSDT,150,0,-272.43703634088496,-272.43703634088496,0.20666666666666667,0.5726235557945346,119.03627496800001,-21.370931372885202,74471.86226000001,55,True,,,,,,,,,,,False,False
train_2023_2024,cci_h12_chop_m1,personal,cost2,ETHUSDT,116,0,-303.9476159843603,-303.9476159843603,0.21551724137931033,0.37984030775717037,82.28434416,-15.84807182436,51491.689,48,True,,,,,,,,,,,False,False
train_2023_2024,cci_h12_chop_m1,public,cost1,PORTFOLIO,266,0,-399.77146896009805,-399.77146896009805,0.21804511278195488,0.6766269189329921,210.40973379599998,-25.5163151640992,175447.83288,71,True,,,,,,,,,,,False,False
train_2023_2024,cci_h12_chop_m1,public,cost1,BTCUSDT,150,0,-146.0036431844997,-146.0036431844997,0.21333333333333335,0.792031274985643,127.483467456,-14.736055728500201,106300.93228000001,55,True,,,,,,,,,,,False,False
train_2023_2024,cci_h12_chop_m1,public,cost1,ETHUSDT,116,0,-253.76782577559834,-253.76782577559834,0.22413793103448276,0.524964810663319,82.92626634,-10.780259435599,69146.90060000001,48,True,,,,,,,,,,,False,False
train_2023_2024,cci_h12_chop_m1,public,cost2,PORTFOLIO,266,0,-615.6697048323746,-615.6697048323746,0.20300751879699247,0.4400134489405761,271.910486484,-33.550388348374604,113426.44101000001,71,True,,,,,,,,,,,False,False
train_2023_2024,cci_h12_chop_m1,public,cost2,BTCUSDT,150,0,-297.16414990633433,-297.16414990633433,0.19333333333333333,0.5192769512959471,159.623118924,-19.116500982334603,66575.19311000001,55,True,,,,,,,,,,,False,False
train_2023_2024,cci_h12_chop_m1,public,cost2,ETHUSDT,116,0,-318.50555492604025,-318.50555492604025,0.21551724137931033,0.33820572661883475,112.28736755999999,-14.43388736604,46851.2479,48,True,,,,,,,,,,,False,False
train_2023_2024,cci_h6_chop_w,personal,cost1,PORTFOLIO,44,0,-6.535137139867904,-6.535137139867904,0.2727272727272727,0.9711934721703436,26.603500532000005,-8.1038866078677,33240.289540000005,19,False,,,,,,,,,,,False,False
train_2023_2024,cci_h6_chop_w,personal,cost1,BTCUSDT,42,0,4.51892698650812,4.51892698650812,0.2857142857142857,1.0209394742972393,25.987682372000005,-7.5846406414917,32465.557340000003,19,False,,,,,,,,,,,False,False
train_2023_2024,cci_h6_chop_w,personal,cost1,ETHUSDT,2,0,-11.054064126376023,-11.054064126376023,0.0,0.0,0.6158181600000001,-0.5192459663760001,774.7322,1,False,,,,,,,,,,,False,False
train_2023_2024,cci_h6_chop_w,personal,cost2,PORTFOLIO,44,0,-77.1018597659218,-77.1018597659218,0.2727272727272727,0.6698723413934501,42.694414736000006,-13.4509050299218,26694.487480000003,19,False,,,,,,,,,,,False,False
train_2023_2024,cci_h6_chop_w,personal,cost2,BTCUSDT,42,0,-65.71105561424186,-65.71105561424186,0.2857142857142857,0.7042185583335453,41.65736641600001,-12.5787491982418,26041.591480000003,19,False,,,,,,,,,,,False,False
train_2023_2024,cci_h6_chop_w,personal,cost2,ETHUSDT,2,0,-11.390804151679944,-11.390804151679944,0.0,0.0,1.0370483200000002,-0.87215583168,652.896,1,False,,,,,,,,,,,False,False
train_2023_2024,cci_h6_chop_w,public,cost1,PORTFOLIO,44,0,-16.118155115488996,-16.118155115488996,0.2727272727272727,0.9295376069648811,38.663498484,-7.8786966314888005,32204.370050000005,19,False,,,,,,,,,,,False,False
train_2023_2024,cci_h6_chop_w,public,cost1,BTCUSDT,42,0,-4.756181909112971,-4.756181909112971,0.2857142857142857,0.9781210658249531,37.739771243999996,-7.3594506651128,31429.637850000003,19,False,,,,,,,,,,,False,False
train_2023_2024,cci_h6_chop_w,public,cost1,ETHUSDT,2,0,-11.361973206376025,-11.361973206376025,0.0,0.0,0.92372724,-0.5192459663760001,774.7322,1,False,,,,,,,,,,,False,False
train_2023_2024,cci_h6_chop_w,public,cost2,PORTFOLIO,44,0,-92.50140745931259,-92.50140745931259,0.2727272727272727,0.6051302975806307,60.009291936000004,-12.8214155233126,25013.706990000002,19,False,,,,,,,,,,,False,False
train_2023_2024,cci_h6_chop_w,public,cost2,BTCUSDT,42,0,-80.59207914763265,-80.59207914763265,0.2857142857142857,0.6375419761870162,58.453719456,-11.949259691632601,24360.81099,19,False,,,,,,,,,,,False,False
train_2023_2024,cci_h6_chop_w,public,cost2,ETHUSDT,2,0,-11.909328311679944,-11.909328311679944,0.0,0.0,1.55557248,-0.87215583168,652.896,1,False,,,,,,,,,,,False,False
train_2023_2024,cci_h6_chop_d,personal,cost1,PORTFOLIO,67,0,-132.16639768277767,-132.16639768277767,0.2537313432835821,0.5769563526952974,35.448832636000006,-9.0520350467778,44359.69563,25,False,,,,,,,,,,,False,False
train_2023_2024,cci_h6_chop_d,personal,cost1,BTCUSDT,38,0,-49.79752007536772,-49.79752007536772,0.2894736842105263,0.7222251306107368,21.713549396000005,-6.1089406793678,27138.986930000003,18,False,,,,,,,,,,,False,False
train_2023_2024,cci_h6_chop_d,personal,cost1,ETHUSDT,29,0,-82.36887760740996,-82.36887760740996,0.20689655172413793,0.38135924711182817,13.735283240000001,-2.94309436741,17220.7087,15,False,,,,,,,,,,,False,False
train_2023_2024,cci_h6_chop_d,personal,cost2,PORTFOLIO,67,0,-201.39215549784993,-201.39215549784993,0.1791044776119403,0.3818578899177936,56.40815511200001,-14.846550385849401,35322.323930000006,25,False,,,,,,,,,,,False,False
train_2023_2024,cci_h6_chop_d,personal,cost2,BTCUSDT,38,0,-98.09851863803564,-98.09851863803564,0.23684210526315788,0.47252344162585436,34.19501511200001,-9.9808535260354,21385.658830000004,18,False,,,,,,,,,,,False,False
train_2023_2024,cci_h6_chop_d,personal,cost2,ETHUSDT,29,0,-103.29363685981427,-103.29363685981427,0.10344827586206896,0.26126665986670217,22.213140000000003,-4.865696859814,13936.6651,15,False,,,,,,,,,,,False,False
train_2023_2024,cci_h6_chop_d,public,cost1,PORTFOLIO,67,0,-147.33828615570036,-147.33828615570036,0.2537313432835821,0.5319573940837751,51.152504922,-8.7241312337005,42673.20538000001,25,False,,,,,,,,,,,False,False
train_2023_2024,cci_h6_chop_d,public,cost1,BTCUSDT,38,0,-58.8496219215524,-58.8496219215524,0.2894736842105263,0.6738635288288886,31.259665062,-5.8746068595525,26047.167880000005,18,False,,,,,,,,,,,False,False
train_2023_2024,cci_h6_chop_d,public,cost1,ETHUSDT,29,0,-88.48866423414796,-88.48866423414796,0.20689655172413793,0.34136680270591635,19.89283986,-2.8495243741480003,16626.037500000002,15,False,,,,,,,,,,,False,False
train_2023_2024,cci_h6_chop_d,public,cost2,PORTFOLIO,67,0,-219.12400508961835,-219.12400508961835,0.1791044776119403,0.33651375211233353,79.301507556,-14.0005875336179,33105.63006,25,False,,,,,,,,,,,False,False
train_2023_2024,cci_h6_chop_d,public,cost2,BTCUSDT,38,0,-108.20664184548409,-108.20664184548409,0.23684210526315788,0.42182971902144695,47.672210316000005,-9.3546215294839,19876.690860000002,18,False,,,,,,,,,,,False,False
train_2023_2024,cci_h6_chop_d,public,cost2,ETHUSDT,29,0,-110.91736324413426,-110.91736324413426,0.10344827586206896,0.22493933352792517,31.629297239999996,-4.645966004134,13228.9392,15,False,,,,,,,,,,,False,False
train_2023_2024,cci_h6_chop_h12,personal,cost1,PORTFOLIO,63,0,-98.77840371496177,-98.77840371496177,0.23809523809523808,0.684034282127228,32.180860832,-8.037142882961701,40254.35115,26,False,,,,,,,,,,,False,False
train_2023_2024,cci_h6_chop_h12,personal,cost1,BTCUSDT,38,0,-53.94255863171058,-53.94255863171058,0.23684210526315788,0.716862488393575,19.041965952,-5.4989926797107005,23797.683950000002,20,False,,,,,,,,,,,False,False
train_2023_2024,cci_h6_chop_h12,personal,cost1,ETHUSDT,25,0,-44.83584508325119,-44.83584508325119,0.24,0.6328139900133285,13.13889488,-2.538150203251,16456.6672,14,False,,,,,,,,,,,False,False
train_2023_2024,cci_h6_chop_h12,personal,cost2,PORTFOLIO,63,0,-163.4505212759244,-163.4505212759244,0.20634920634920634,0.49201795773410106,51.92820502400001,-13.493656251924202,32501.047720000002,26,False,,,,,,,,,,,False,False
train_2023_2024,cci_h6_chop_h12,personal,cost2,BTCUSDT,38,0,-97.27845102101038,-97.27845102101038,0.21052631578947367,0.505729666520977,31.029168864000006,-9.2908221570102,19403.26982,20,False,,,,,,,,,,,False,False
train_2023_2024,cci_h6_chop_h12,personal,cost2,ETHUSDT,25,0,-66.172070254914,-66.172070254914,0.2,0.47042062995061995,20.89903616,-4.202834094914,13097.777900000001,14,False,,,,,,,,,,,False,False
train_2023_2024,cci_h6_chop_h12,public,cost1,PORTFOLIO,62,0,-102.14167500771997,-102.14167500771997,0.24193548387096775,0.667049300479859,45.474418932,-7.822976075720001,37919.56138,26,False,,,,,,,,,,,False,False
train_2023_2024,cci_h6_chop_h12,public,cost1,BTCUSDT,37,0,-52.262832828842775,-52.262832828842775,0.24324324324324326,0.7146917168047908,26.406197592,-5.369255236843,21996.439080000004,20,False,,,,,,,,,,,False,False
train_2023_2024,cci_h6_chop_h12,public,cost1,ETHUSDT,25,0,-49.878842178877186,-49.878842178877186,0.24,0.5964395691572918,19.068221339999997,-2.453720838877,15923.1223,14,False,,,,,,,,,,,False,False
train_2023_2024,cci_h6_chop_h12,public,cost2,PORTFOLIO,62,0,-169.36077951255095,-169.36077951255095,0.20967741935483872,0.4648245522758,71.684493876,-12.9095156365508,29908.721790000003,26,False,,,,,,,,,,,False,False
train_2023_2024,cci_h6_chop_h12,public,cost2,BTCUSDT,37,0,-97.08096417184497,-97.08096417184497,0.21621621621621623,0.48787239006529054,42.077226996,-8.9215671758448,17537.67309,20,False,,,,,,,,,,,False,False
train_2023_2024,cci_h6_chop_h12,public,cost2,ETHUSDT,25,0,-72.279815340706,-72.279815340706,0.2,0.43039403278851374,29.607266879999997,-3.9879484607060003,12371.048700000001,14,False,,,,,,,,,,,False,False
train_2023_2024,cci_h6_chop_h6,personal,cost1,PORTFOLIO,79,0,132.6979164042444,132.6979164042444,0.2911392405063291,1.3399652507607798,46.161315448,-12.2105481477557,57756.96144000001,37,False,,,,,,,,,,,False,False
train_2023_2024,cci_h6_chop_h6,personal,cost1,BTCUSDT,45,0,210.34400092730124,210.34400092730124,0.3111111111111111,2.0430873600297215,27.334649648000003,-8.5712294246987,34178.727640000005,28,False,,,,,,,,,,,False,False
train_2023_2024,cci_h6_chop_h6,personal,cost1,ETHUSDT,34,0,-77.64608452305686,-77.64608452305686,0.2647058823529412,0.5884614148485611,18.826665800000004,-3.639318723057,23578.2338,22,False,,,,,,,,,,,False,False
train_2023_2024,cci_h6_chop_h6,personal,cost2,PORTFOLIO,78,0,9.62083000929511,9.62083000929511,0.2564102564102564,1.024963476278503,70.97767835200001,-20.095331638704902,44438.099740000005,37,False,,,,,,,,,,,False,False
train_2023_2024,cci_h6_chop_h6,personal,cost2,BTCUSDT,45,0,101.35977404692511,101.35977404692511,0.28888888888888886,1.4845566803077737,43.498875072000004,-14.110890881074901,27221.248540000004,28,False,,,,,,,,,,,False,False
train_2023_2024,cci_h6_chop_h6,personal,cost2,ETHUSDT,33,0,-91.73894403763,-91.73894403763,0.21212121212121213,0.47939438065101636,27.47880328,-5.98444075763,17216.8512,22,False,,,,,,,,,,,False,False
train_2023_2024,cci_h6_chop_h6,public,cost1,PORTFOLIO,79,0,114.1510828069544,114.1510828069544,0.27848101265822783,1.290557713052719,67.125693558,-11.8120536350457,55990.557310000004,37,False,,,,,,,,,,,False,False
train_2023_2024,cci_h6_chop_h6,public,cost1,BTCUSDT,45,0,197.21966197464926,197.21966197464926,0.3111111111111111,1.9648098537889351,39.928332978,-8.2961350473507,33284.41331,28,False,,,,,,,,,,,False,False
train_2023_2024,cci_h6_chop_h6,public,cost1,ETHUSDT,34,0,-83.06857916769486,-83.06857916769486,0.23529411764705882,0.5592147444905329,27.197360579999998,-3.5159185876950003,22706.144,22,False,,,,,,,,,,,False,False
train_2023_2024,cci_h6_chop_h6,public,cost2,PORTFOLIO,79,0,-39.458439346776856,-39.458439346776856,0.25316455696202533,0.8989773475160243,100.473131904,-18.5948874427769,41938.967780000006,37,False,,,,,,,,,,,False,False
train_2023_2024,cci_h6_chop_h6,public,cost2,BTCUSDT,45,0,68.97982491654109,68.97982491654109,0.28888888888888886,1.3334017926798543,59.888306904000004,-13.0589481794589,24984.586280000003,28,False,,,,,,,,,,,False,False
train_2023_2024,cci_h6_chop_h6,public,cost2,ETHUSDT,34,0,-108.43826426331795,-108.43826426331795,0.20588235294117646,0.4096767694936056,40.584824999999995,-5.535939263318,16954.3815,22,False,,,,,,,,,,,False,False
train_2023_2024,cci_h6_chop_h4,personal,cost1,PORTFOLIO,104,0,-2.7556390853569104,-2.7556390853569104,0.25,0.9939206041453873,50.97148010400001,-11.3212789813575,63844.627440000004,50,True,,,,,,,,,,,False,False
train_2023_2024,cci_h6_chop_h4,personal,cost1,BTCUSDT,52,0,132.35104658372583,132.35104658372583,0.25,1.6420093330501397,27.582380464000003,-5.6919929522745,34541.36144,35,False,,,,,,,,,,,False,False
train_2023_2024,cci_h6_chop_h4,personal,cost1,ETHUSDT,52,0,-135.10668566908276,-135.10668566908276,0.25,0.45328355053589586,23.38909964,-5.6292860290830005,29303.266000000003,34,False,,,,,,,,,,,False,False
train_2023_2024,cci_h6_chop_h4,personal,cost2,PORTFOLIO,104,0,-134.45216522776136,-134.45216522776136,0.21153846153846154,0.7125735301933258,80.81790193600001,-19.429683291761002,50649.06556,50,True,,,,,,,,,,,False,False
train_2023_2024,cci_h6_chop_h4,personal,cost2,BTCUSDT,52,0,31.35240986842671,31.35240986842671,0.23076923076923078,1.1421260683479464,43.65434873600001,-10.102761395573001,27353.958560000003,35,False,,,,,,,,,,,False,False
train_2023_2024,cci_h6_chop_h4,personal,cost2,ETHUSDT,52,0,-165.80457509618807,-165.80457509618807,0.19230769230769232,0.32922493655898255,37.1635532,-9.326921896188,23295.107,34,False,,,,,,,,,,,False,False
train_2023_2024,cci_h6_chop_h4,public,cost1,PORTFOLIO,104,0,-22.77646941409739,-22.77646941409739,0.2403846153846154,0.9502835896889308,73.964192154,-10.933887260098,61766.39158,50,True,,,,,,,,,,,False,False
train_2023_2024,cci_h6_chop_h4,public,cost1,BTCUSDT,52,0,118.30949142932737,118.30949142932737,0.25,1.563294965242146,40.081802274,-5.5137162966730004,33465.56588,35,False,,,,,,,,,,,False,False
train_2023_2024,cci_h6_chop_h4,public,cost1,ETHUSDT,52,0,-141.08596084342477,-141.08596084342477,0.23076923076923078,0.4313265979535308,33.88238988,-5.420170963425,28300.8257,34,False,,,,,,,,,,,False,False
train_2023_2024,cci_h6_chop_h4,public,cost2,PORTFOLIO,104,0,-166.60331011405972,-166.60331011405972,0.20192307692307693,0.6432253320522915,112.443560484,-18.0771796300594,46980.50708,50,True,,,,,,,,,,,False,False
train_2023_2024,cci_h6_chop_h4,public,cost2,BTCUSDT,52,0,4.879108698664332,4.879108698664332,0.23076923076923078,1.0220484954753581,60.509850444,-9.443170857335401,25276.359580000004,35,False,,,,,,,,,,,False,False
train_2023_2024,cci_h6_chop_h4,public,cost2,ETHUSDT,52,0,-171.48241881272406,-171.48241881272406,0.17307692307692307,0.30201134856381556,51.933710039999994,-8.634008772724,21704.147500000003,34,False,,,,,,,,,,,False,False
train_2023_2024,cci_h6_chop_h1,personal,cost1,PORTFOLIO,98,0,80.19579842825176,80.19579842825176,0.2857142857142857,1.2634900366808304,38.251172196000006,-9.3848193757481,47960.21574000001,58,False,,,,,,,,,,,False,False
train_2023_2024,cci_h6_chop_h1,personal,cost1,BTCUSDT,52,0,83.48493390371499,83.48493390371499,0.28846153846153844,1.5297028271451811,22.135512316000003,-3.6524437802851,27754.450340000003,44,False,,,,,,,,,,,False,False
train_2023_2024,cci_h6_chop_h1,personal,cost1,ETHUSDT,46,0,-3.289135475463231,-3.289135475463231,0.2826086956521739,0.9775872349421513,16.115659880000003,-5.732375595463,20205.7654,37,False,,,,,,,,,,,False,False
train_2023_2024,cci_h6_chop_h1,personal,cost2,PORTFOLIO,98,0,-35.9635612644612,-35.9635612644612,0.2653061224489796,0.8890558155154554,62.01971182400001,-16.221849440461202,38902.77924,58,False,,,,,,,,,,,False,False
train_2023_2024,cci_h6_chop_h1,personal,cost2,BTCUSDT,52,0,11.173752191836654,11.173752191836654,0.28846153846153844,1.0651301478949013,35.93349318400001,-7.043454624163201,22539.39484,44,False,,,,,,,,,,,False,False
train_2023_2024,cci_h6_chop_h1,personal,cost2,ETHUSDT,46,0,-47.13731345629785,-47.13731345629785,0.2391304347826087,0.6911027435821806,26.086218640000002,-9.178394816298,16363.3844,37,False,,,,,,,,,,,False,False
train_2023_2024,cci_h6_chop_h1,public,cost1,PORTFOLIO,98,0,62.68354479665997,62.68354479665997,0.2857142857142857,1.2024517000644583,55.602577524,-9.011097679339901,46480.797620000005,58,False,,,,,,,,,,,False,False
train_2023_2024,cci_h6_chop_h1,public,cost1,BTCUSDT,52,0,73.53072157926321,73.53072157926321,0.28846153846153844,1.456022498986804,32.264266104,-3.5087323167369,26972.056020000004,44,False,,,,,,,,,,,False,False
train_2023_2024,cci_h6_chop_h1,public,cost1,ETHUSDT,46,0,-10.84717678260324,-10.84717678260324,0.2826086956521739,0.9268952714381871,23.33831142,-5.502365362603,19508.7416,37,False,,,,,,,,,,,False,False
train_2023_2024,cci_h6_chop_h1,public,cost2,PORTFOLIO,98,0,-67.0752770200369,-67.0752770200369,0.25510204081632654,0.7956025958465653,87.227451636,-15.279755384036902,36476.505540000006,58,False,,,,,,,,,,,False,False
train_2023_2024,cci_h6_chop_h1,public,cost2,BTCUSDT,52,0,-11.075390383397039,-11.075390383397039,0.28846153846153844,0.9362371418459497,50.421499356,-6.683521027396901,21083.06664,44,False,,,,,,,,,,,False,False
train_2023_2024,cci_h6_chop_h1,public,cost2,ETHUSDT,46,0,-55.999886636639864,-55.999886636639864,0.21739130434782608,0.637457931945371,36.80595228,-8.59623435664,15393.438900000001,37,False,,,,,,,,,,,False,False
train_2023_2024,cci_h6_chop_m30,personal,cost1,PORTFOLIO,76,0,139.49756967424366,139.49756967424366,0.35526315789473684,1.6686214215694486,22.156913336000002,-7.1150369897563,27764.27184,50,False,,,,,,,,,,,False,False
train_2023_2024,cci_h6_chop_m30,personal,cost1,BTCUSDT,37,0,156.85827350894988,156.85827350894988,0.40540540540540543,2.3764410622706764,13.536371616000002,-2.5899748750503,16990.90994,32,False,,,,,,,,,,,False,False
train_2023_2024,cci_h6_chop_m30,personal,cost1,ETHUSDT,39,0,-17.360703834706218,-17.360703834706218,0.3076923076923077,0.8166290070671968,8.62054172,-4.5250621147059995,10773.361900000002,32,False,,,,,,,,,,,False,False
train_2023_2024,cci_h6_chop_m30,personal,cost2,PORTFOLIO,76,0,49.45666837950025,49.45666837950025,0.34210526315789475,1.222817958530977,38.56968319200001,-13.2352584284994,24182.296140000002,50,False,,,,,,,,,,,False,False
train_2023_2024,cci_h6_chop_m30,personal,cost2,BTCUSDT,37,0,95.41782631986032,95.41782631986032,0.40540540540540543,1.7900569694740753,23.375786792000003,-5.2874968881394,14679.670640000002,32,False,,,,,,,,,,,False,False
train_2023_2024,cci_h6_chop_m30,personal,cost2,ETHUSDT,39,0,-45.961157940360074,-45.961157940360074,0.28205128205128205,0.5457783292391364,15.193896400000002,-7.94776154036,9502.6255,32,False,,,,,,,,,,,False,False
train_2023_2024,cci_h6_chop_m30,public,cost1,PORTFOLIO,76,0,129.47262688305858,129.47262688305858,0.35526315789473684,1.6138529424083938,32.705280504,-7.0404326129414,27322.18055,50,False,,,,,,,,,,,False,False
train_2023_2024,cci_h6_chop_m30,public,cost1,BTCUSDT,37,0,148.9803776573508,148.9803776573508,0.40540540540540543,2.2871169122682993,19.934286804,-2.5355755386494,16682.449050000003,32,False,,,,,,,,,,,False,False
train_2023_2024,cci_h6_chop_m30,public,cost1,ETHUSDT,39,0,-19.507750774292212,-19.507750774292212,0.3076923076923077,0.7950234195447147,12.7709937,-4.5048570742919996,10639.731500000002,32,False,,,,,,,,,,,False,False
train_2023_2024,cci_h6_chop_m30,public,cost2,PORTFOLIO,76,0,20.05766050354168,20.05766050354168,0.32894736842105265,1.0893532946260738,55.03053018,-12.696259316458,23000.132640000003,50,False,,,,,,,,,,,False,False
train_2023_2024,cci_h6_chop_m30,public,cost2,BTCUSDT,37,0,72.77095681927975,72.77095681927975,0.40540540540540543,1.598328481797799,33.09500562,-5.07068756072,13853.33594,32,False,,,,,,,,,,,False,False
train_2023_2024,cci_h6_chop_m30,public,cost2,ETHUSDT,39,0,-52.71329631573806,-52.71329631573806,0.2564102564102564,0.48748467426435343,21.93552456,-7.625571755738,9146.7967,32,False,,,,,,,,,,,False,False
train_2023_2024,cci_h6_chop_m15,personal,cost1,PORTFOLIO,91,0,12.788526943525689,12.788526943525689,0.34065934065934067,1.035273488929865,33.448173752,-10.7558593044745,41795.022280000005,52,False,,,,,,,,,,,False,False
train_2023_2024,cci_h6_chop_m15,personal,cost1,BTCUSDT,49,0,-22.714724164778477,-22.714724164778477,0.3673469387755102,0.8993583601196995,19.842948272,-5.0764358927785,24797.975680000003,39,False,,,,,,,,,,,False,False
train_2023_2024,cci_h6_chop_m15,personal,cost1,ETHUSDT,42,0,35.50325110830416,35.50325110830416,0.30952380952380953,1.259423459157347,13.605225480000001,-5.679423411696,16997.0466,31,False,,,,,,,,,,,False,False
train_2023_2024,cci_h6_chop_m15,personal,cost2,PORTFOLIO,91,0,-85.35425587629446,-85.35425587629446,0.32967032967032966,0.7681709336487095,55.676209328000006,-18.7109465482942,34806.29217,52,False,,,,,,,,,,,False,False
train_2023_2024,cci_h6_chop_m15,personal,cost2,BTCUSDT,49,0,-73.84319301003532,-73.84319301003532,0.3673469387755102,0.6724396502238602,32.867774768000004,-9.1353182420352,20548.956070000004,39,False,,,,,,,,,,,False,False
train_2023_2024,cci_h6_chop_m15,personal,cost2,ETHUSDT,42,0,-11.511062866259135,-11.511062866259135,0.2857142857142857,0.919358514287632,22.808434560000002,-9.575628306259,14257.3361,31,False,,,,,,,,,,,False,False
train_2023_2024,cci_h6_chop_m15,public,cost1,PORTFOLIO,91,0,-1.958377811219819,-1.958377811219819,0.34065934065934067,0.9946011261123038,48.652391226,-10.38531658522,40529.874110000004,52,False,,,,,,,,,,,False,False
train_2023_2024,cci_h6_chop_m15,public,cost1,BTCUSDT,49,0,-30.498433547833972,-30.498433547833972,0.3673469387755102,0.8649243281632678,28.875380106,-4.966383441834001,24057.369110000003,39,False,,,,,,,,,,,False,False
train_2023_2024,cci_h6_chop_m15,public,cost1,ETHUSDT,42,0,28.540055736614153,28.540055736614153,0.30952380952380953,1.2083969603782303,19.77701112,-5.418933143386,16472.505,31,False,,,,,,,,,,,False,False
train_2023_2024,cci_h6_chop_m15,public,cost2,PORTFOLIO,91,0,-110.09110162290014,-110.09110162290014,0.31868131868131866,0.7021900461526892,79.399782492,-17.9045891308999,33091.84139,52,False,,,,,,,,,,,False,False
train_2023_2024,cci_h6_chop_m15,public,cost2,BTCUSDT,49,0,-85.38128270732501,-85.38128270732501,0.3469387755102041,0.6212411530798427,46.794295932000004,-8.761056775324901,19504.19469,39,False,,,,,,,,,,,False,False
train_2023_2024,cci_h6_chop_m15,public,cost2,ETHUSDT,42,0,-24.709818915575124,-24.709818915575124,0.2857142857142857,0.8286956279429867,32.605486559999996,-9.143532355575,13587.646700000001,31,False,,,,,,,,,,,False,False
train_2023_2024,cci_h6_chop_m5,personal,cost1,PORTFOLIO,176,0,182.5402112285896,182.5402112285896,0.3068181818181818,1.2219338894284046,94.86512106,-25.2421177114111,118621.22539,73,True,,,,,,,,,,,False,False
train_2023_2024,cci_h6_chop_m5,personal,cost1,BTCUSDT,91,0,128.92509918835103,128.92509918835103,0.31868131868131866,1.2668405384771562,55.65002742000001,-11.337023391649101,69587.81519000001,55,False,,,,,,,,,,,False,False
train_2023_2024,cci_h6_chop_m5,personal,cost1,ETHUSDT,85,0,53.61511204023861,53.61511204023861,0.29411764705882354,1.157996325661943,39.215093640000006,-13.905094319762,49033.410200000006,47,False,,,,,,,,,,,False,False
train_2023_2024,cci_h6_chop_m5,personal,cost2,PORTFOLIO,176,0,-108.36726330800283,-108.36726330800283,0.2784090909090909,0.8610038280315897,140.43655668000002,-38.816036628003005,87857.74597,73,True,,,,,,,,,,,False,False
train_2023_2024,cci_h6_chop_m5,personal,cost2,BTCUSDT,91,0,-48.89020603064505,-48.89020603064505,0.3076923076923077,0.8914970530239393,81.13812428000001,-17.543111750645,50762.751370000005,55,False,,,,,,,,,,,False,False
train_2023_2024,cci_h6_chop_m5,personal,cost2,ETHUSDT,85,0,-59.477057277357794,-59.477057277357794,0.24705882352941178,0.8192479712617565,59.2984324,-21.272924877358,37094.9946,47,False,,,,,,,,,,,False,False
train_2023_2024,cci_h6_chop_m5,public,cost1,PORTFOLIO,176,0,129.91795421260997,129.91795421260997,0.30113636363636365,1.1579152230084053,136.503712602,-24.2706031853907,113790.18220000001,73,True,,,,,,,,,,,False,False
train_2023_2024,cci_h6_chop_m5,public,cost1,BTCUSDT,91,0,95.14532276264339,95.14532276264339,0.31868131868131866,1.1972689233868783,80.061238182,-10.8462090553567,66741.0409,55,False,,,,,,,,,,,False,False
train_2023_2024,cci_h6_chop_m5,public,cost1,ETHUSDT,85,0,34.77263144996659,34.77263144996659,0.2823529411764706,1.1021540105660659,56.442474419999996,-13.424394130034,47049.1413,47,False,,,,,,,,,,,False,False
train_2023_2024,cci_h6_chop_m5,public,cost2,PORTFOLIO,176,0,-166.6830381361914,-166.6830381361914,0.2784090909090909,0.7824019146699687,194.203407252,-35.7978008841915,80995.50534,73,True,,,,,,,,,,,False,False
train_2023_2024,cci_h6_chop_m5,public,cost2,BTCUSDT,91,0,-80.5254702344596,-80.5254702344596,0.3076923076923077,0.8166778138476335,111.706796652,-16.217143582459503,46590.98444000001,55,False,,,,,,,,,,,False,False
train_2023_2024,cci_h6_chop_m5,public,cost2,ETHUSDT,85,0,-86.15756790173182,-86.15756790173182,0.24705882352941178,0.736325098801644,82.4966106,-19.580657301732,34404.5209,47,False,,,,,,,,,,,False,False
train_2023_2024,cci_h6_chop_m3,personal,cost1,PORTFOLIO,206,0,251.96047208179218,251.96047208179218,0.30097087378640774,1.2418792990350878,125.47705226400002,-31.5208756542084,156800.5356,76,True,0.12256683566339195,984.3391955892854,-202.6387950525577,-632.0201166499851,670.9780517159443,200.97329204925433,-198.37188699686715,-626.3226992825278,631.9828461364867,130.1255134684988,True,False
train_2023_2024,cci_h6_chop_m3,personal,cost1,BTCUSDT,104,0,114.41200333777049,114.41200333777049,0.3269230769230769,1.2066561957190687,69.08578362400002,-13.4326130382294,86378.36270000001,60,True,,,-206.72725970755246,-491.9949775095683,180.88798230150817,-177.2792572974689,-225.7494947361665,-509.3087055610565,142.19094707311058,-236.49023684209791,True,False
train_2023_2024,cci_h6_chop_m3,personal,cost1,ETHUSDT,102,0,137.5484687440217,137.5484687440217,0.27450980392156865,1.2818361993408958,56.39126864000001,-18.088262615979,70422.1729,53,True,,,-160.357883883461,-445.96049495741323,337.0289350320075,53.2267995359617,-144.1545706322118,-413.7780210982175,325.2809087412559,34.29958900092514,True,False
train_2023_2024,cci_h6_chop_m3,personal,cost2,PORTFOLIO,206,0,-136.8476444053345,-136.8476444053345,0.2669902912621359,0.8603778074513355,183.15780565600002,-47.3477487493343,114514.75225,76,True,0.19591031569218953,905.3423555946655,-460.67525285257926,-780.3621673634747,414.5569205736577,36.404793158513264,-452.90964204968424,-764.6495036207594,357.54211297957676,-67.78782637692588,True,False
train_2023_2024,cci_h6_chop_m3,personal,cost2,BTCUSDT,104,0,-88.9510142665504,-88.9510142665504,0.2980769230769231,0.8283570592866919,99.45703213600001,-20.474592130550302,62213.618350000004,60,True,,,-316.01702887915536,-529.173631917253,97.78505368619358,-193.42905159756162,-331.890520802939,-549.6102743936463,60.05282891685564,-241.34530035512358,True,False
train_2023_2024,cci_h6_chop_m3,personal,cost2,ETHUSDT,102,0,-47.8966301387841,-47.8966301387841,0.23529411764705882,0.896304140384049,83.70077352000001,-26.873156618784,52301.1339,53,True,,,-265.1074529908883,-489.94393826311546,197.65281645437238,-24.008085465055107,-252.5393195982293,-470.3918281824831,173.98238176348522,-80.15222437792362,True,False
train_2023_2024,cci_h6_chop_m3,public,cost1,PORTFOLIO,206,0,176.36391373086522,176.36391373086522,0.28640776699029125,1.1674780942439758,182.064226374,-30.5364698951353,151677.53532000002,76,True,0.12906603970867325,971.5372632902665,-258.29761123759073,-669.8828702547518,616.2321608454723,155.56632551402888,-254.22724518110894,-661.7966929201242,571.7600886190729,72.27096801134601,True,False
train_2023_2024,cci_h6_chop_m3,public,cost1,BTCUSDT,104,0,74.29933744458557,74.29933744458557,0.3173076923076923,1.1325103370063787,100.429220994,-13.0201515614143,83709.88542,60,True,,,-233.56495966268562,-510.6854385113877,186.66088056531473,-157.30731008827217,-252.84958210686156,-530.2214584429128,146.27168760980842,-221.3371096641526,True,False
train_2023_2024,cci_h6_chop_m3,public,cost1,ETHUSDT,102,0,102.06457628627963,102.06457628627963,0.2549019607843137,1.2073005885760957,81.63500538,-17.516318333721,67967.6499,53,True,,,-184.3117204431901,-464.9433146844755,281.22057404226535,8.007688211140646,-168.1012525774793,-434.1525367809518,269.16075933737505,-11.446090900240781,True,False
train_2023_2024,cci_h6_chop_m3,public,cost2,PORTFOLIO,206,0,-210.00364225494593,-210.00364225494593,0.2621359223300971,0.7792895320637635,249.655444908,-42.8702873469457,104061.63752,76,True,0.23278284900547633,832.186357745054,-504.61381847179456,-803.1643905038004,364.92628320361985,8.821017857444936,-496.9559911603744,-786.1384164016903,301.2273112672283,-104.54474416426848,True,False
train_2023_2024,cci_h6_chop_m3,public,cost2,BTCUSDT,104,0,-125.29185595653686,-125.29185595653686,0.2980769230769231,0.7503993016109932,135.219461508,-18.5895844485367,56389.94432,60,True,,,-331.73867396966097,-530.7131060134087,77.4207932480321,-193.81411127978595,-346.46665263123657,-552.5654950563844,35.673230560808506,-252.79694028358514,True,False
train_2023_2024,cci_h6_chop_m3,public,cost2,ETHUSDT,102,0,-84.71178629840907,-84.71178629840907,0.22549019607843138,0.8115506147223002,114.4359834,-24.280702898409,47671.6932,53,True,,,-283.5370789334659,-490.7985822911252,177.32042013221036,-33.16471214585002,-272.66406288751324,-475.90210327746155,149.95497060207333,-89.88945474013842,True,False
train_2023_2024,cci_h6_chop_m1,personal,cost1,PORTFOLIO,253,0,-78.1360597062182,-78.1360597062182,0.24110671936758893,0.935177283907398,142.11214141600001,-28.8168382902197,177714.73775,81,True,,,,,,,,,,,False,False
train_2023_2024,cci_h6_chop_m1,personal,cost1,BTCUSDT,133,0,-87.63040489051626,-87.63040489051626,0.24060150375939848,0.8693451132204878,80.59419333600002,-13.1165315545177,100831.69135000001,67,True,,,,,,,,,,,False,False
train_2023_2024,cci_h6_chop_m1,personal,cost1,ETHUSDT,120,0,9.494345184298064,9.494345184298064,0.24166666666666667,1.0177570766863364,61.517948080000004,-15.700306735702,76883.0464,59,True,,,,,,,,,,,False,False
train_2023_2024,cci_h6_chop_m1,personal,cost2,PORTFOLIO,253,0,-386.03207994522904,-386.03207994522904,0.22924901185770752,0.6438564871228358,196.48951394400004,-40.984476001228,122938.54901,81,True,,,,,,,,,,,False,False
train_2023_2024,cci_h6_chop_m1,personal,cost2,BTCUSDT,133,0,-254.27188748249137,-254.27188748249137,0.24060150375939848,0.575975373856752,109.11875754400002,-18.632139938491,68311.03571000001,67,True,,,,,,,,,,,False,False
train_2023_2024,cci_h6_chop_m1,personal,cost2,ETHUSDT,120,0,-131.7601924627377,-131.7601924627377,0.21666666666666667,0.727914245884782,87.3707564,-22.352336062737002,54627.5133,59,True,,,,,,,,,,,False,False
train_2023_2024,cci_h6_chop_m1,public,cost1,PORTFOLIO,252,0,-128.49841579362956,-128.49841579362956,0.23809523809523808,0.891324999759317,200.343662856,-27.3128929376311,167017.17723,81,True,,,,,,,,,,,False,False
train_2023_2024,cci_h6_chop_m1,public,cost1,BTCUSDT,133,0,-125.8473869430917,-125.8473869430917,0.24060150375939848,0.8104285301279899,114.180635736,-12.3312912070931,95236.81243,67,True,,,,,,,,,,,False,False
train_2023_2024,cci_h6_chop_m1,public,cost1,ETHUSDT,119,0,-2.6510288505378563,-2.6510288505378563,0.23529411764705882,0.9948876922116948,86.16302712,-14.981601730538001,71780.36480000001,59,True,,,,,,,,,,,False,False
train_2023_2024,cci_h6_chop_m1,public,cost2,PORTFOLIO,253,0,-437.4749190578547,-437.4749190578547,0.22529644268774704,0.583799130283307,266.593057092,-37.3625919658538,111201.99924,81,True,,,,,,,,,,,False,False
train_2023_2024,cci_h6_chop_m1,public,cost2,BTCUSDT,133,0,-279.8419137244011,-279.8419137244011,0.23308270676691728,0.519586267906731,147.636230052,-16.9524136724008,61616.96444000001,67,True,,,,,,,,,,,False,False
train_2023_2024,cci_h6_chop_m1,public,cost2,ETHUSDT,120,0,-157.63300533345358,-157.63300533345358,0.21666666666666667,0.6636179105985699,118.95682704,-20.410178293453,49585.0348,59,True,,,,,,,,,,,False,False
train_2023_2024,cci_h4_chop_w,personal,cost1,PORTFOLIO,41,0,55.3001248381448,55.3001248381448,0.2682926829268293,1.2852870971880295,23.479361276000006,-9.139083885854701,29305.242310000005,21,False,,,,,,,,,,,False,False
train_2023_2024,cci_h4_chop_w,personal,cost1,BTCUSDT,39,0,66.71934074488082,66.71934074488082,0.28205128205128205,1.365743664082056,22.767016876000003,-8.5404123791187,28409.75771,21,False,,,,,,,,,,,False,False
train_2023_2024,cci_h4_chop_w,personal,cost1,ETHUSDT,2,0,-11.419215906736033,-11.419215906736033,0.0,0.0,0.7123444000000001,-0.598671506736,895.4846000000001,1,False,,,,,,,,,,,False,False
train_2023_2024,cci_h4_chop_w,personal,cost2,PORTFOLIO,41,0,-23.26503488176503,-23.26503488176503,0.2682926829268293,0.8847179237648756,37.880217312000006,-14.9713375697652,23660.34256,21,False,,,,,,,,,,,False,False
train_2023_2024,cci_h4_chop_w,personal,cost2,BTCUSDT,39,0,-11.62940722621308,-11.62940722621308,0.28205128205128205,0.9388486009413883,36.714593712,-13.992033514213201,22927.08246,21,False,,,,,,,,,,,False,False
train_2023_2024,cci_h4_chop_w,personal,cost2,ETHUSDT,2,0,-11.635627655551948,-11.635627655551948,0.0,0.0,1.1656236000000002,-0.9793040555520001,733.2601000000001,1,False,,,,,,,,,,,False,False
train_2023_2024,cci_h4_chop_w,public,cost1,PORTFOLIO,41,0,44.575056611226195,44.575056611226195,0.2682926829268293,1.2281320787097045,34.11682329,-8.862210098773302,28386.909030000003,21,False,,,,,,,,,,,False,False
train_2023_2024,cci_h4_chop_w,public,cost1,BTCUSDT,39,0,55.76107391445023,55.76107391445023,0.28205128205128205,1.3027113504594747,33.09695481,-8.291261275549301,27532.221030000004,21,False,,,,,,,,,,,False,False
train_2023_2024,cci_h4_chop_w,public,cost1,ETHUSDT,2,0,-11.186017303224032,-11.186017303224032,0.0,0.0,1.01986848,-0.5709488232240001,854.6880000000001,1,False,,,,,,,,,,,False,False
train_2023_2024,cci_h4_chop_w,public,cost2,PORTFOLIO,41,0,-39.66886237624923,-39.66886237624923,0.2682926829268293,0.804187792315727,53.3660133,-14.138779076249401,22221.92091,21,False,,,,,,,,,,,False,False
train_2023_2024,cci_h4_chop_w,public,cost2,BTCUSDT,39,0,-28.18506488772128,-28.18506488772128,0.28205128205128205,0.8525133331650279,51.7148745,-13.214920387721401,21529.49201,21,False,,,,,,,,,,,False,False
train_2023_2024,cci_h4_chop_w,public,cost2,ETHUSDT,2,0,-11.483797488527951,-11.483797488527951,0.0,0.0,1.6511387999999998,-0.923858688528,692.4289,1,False,,,,,,,,,,,False,False
train_2023_2024,cci_h4_chop_d,personal,cost1,PORTFOLIO,66,0,-215.74317060133592,-215.74317060133592,0.22727272727272727,0.3441413022215391,31.703424840000004,-7.3636857613356,39707.43320000001,27,False,,,,,,,,,,,False,False
train_2023_2024,cci_h4_chop_d,personal,cost1,BTCUSDT,39,0,-124.85937365801679,-124.85937365801679,0.2564102564102564,0.3862270460645608,19.895829000000003,-5.1004846580166,24906.6546,19,False,,,,,,,,,,,False,False
train_2023_2024,cci_h4_chop_d,personal,cost1,ETHUSDT,27,0,-90.88379694331911,-90.88379694331911,0.18518518518518517,0.27593239927987384,11.807595840000001,-2.263201103319,14800.778600000001,15,False,,,,,,,,,,,False,False
train_2023_2024,cci_h4_chop_d,personal,cost2,PORTFOLIO,66,0,-261.3524303169164,-261.3524303169164,0.15151515151515152,0.23409417271210003,51.42884628000001,-12.2869740369159,32228.837010000003,27,False,,,,,,,,,,,False,False
train_2023_2024,cci_h4_chop_d,personal,cost2,BTCUSDT,39,0,-152.5043610410222,-152.5043610410222,0.20512820512820512,0.2695203828835523,32.018258200000005,-8.486392841021901,20055.02991,19,False,,,,,,,,,,,False,False
train_2023_2024,cci_h4_chop_d,personal,cost2,ETHUSDT,27,0,-108.84806927589425,-108.84806927589425,0.07407407407407407,0.17825828022776294,19.41058808,-3.8005811958940003,12173.8071,15,False,,,,,,,,,,,False,False
train_2023_2024,cci_h4_chop_d,public,cost1,PORTFOLIO,66,0,-223.2086565665297,-223.2086565665297,0.22727272727272727,0.3258234944863364,45.919160004,-7.136156562529401,38341.724420000006,27,False,,,,,,,,,,,False,False
train_2023_2024,cci_h4_chop_d,public,cost1,BTCUSDT,39,0,-129.29575079314358,-129.29575079314358,0.2564102564102564,0.36688264959448535,28.734904284,-4.930106509143401,23981.104020000002,19,False,,,,,,,,,,,False,False
train_2023_2024,cci_h4_chop_d,public,cost1,ETHUSDT,27,0,-93.9129057733861,-93.9129057733861,0.18518518518518517,0.25972729244849896,17.18425572,-2.206050053386,14360.620400000002,15,False,,,,,,,,,,,False,False
train_2023_2024,cci_h4_chop_d,public,cost2,PORTFOLIO,66,0,-269.6726672430905,-269.6726672430905,0.15151515151515152,0.21657021819104294,72.945181476,-11.755695767090002,30475.818590000003,27,False,,,,,,,,,,,False,False
train_2023_2024,cci_h4_chop_d,public,cost2,BTCUSDT,39,0,-158.49809231071427,-158.49809231071427,0.20512820512820512,0.24647098913749937,45.344055396,-8.088046914714,18934.368690000003,19,False,,,,,,,,,,,False,False
train_2023_2024,cci_h4_chop_d,public,cost2,ETHUSDT,27,0,-111.17457493237622,-111.17457493237622,0.07407407407407407,0.16959246386386548,27.601126079999997,-3.6676488523760002,11541.449900000001,15,False,,,,,,,,,,,False,False
train_2023_2024,cci_h4_chop_h12,personal,cost1,PORTFOLIO,59,0,-112.19811687668361,-112.19811687668361,0.23728813559322035,0.6029790597155587,28.131395668000003,-7.5174512086838,35214.18931,26,False,,,,,,,,,,,False,False
train_2023_2024,cci_h4_chop_h12,personal,cost1,BTCUSDT,37,0,-71.00265301181655,-71.00265301181655,0.24324324324324326,0.6278400124310756,18.125228708,-5.1573543038168,22670.233210000002,20,False,,,,,,,,,,,False,False
train_2023_2024,cci_h4_chop_h12,personal,cost1,ETHUSDT,22,0,-41.195463864867065,-41.195463864867065,0.22727272727272727,0.5513195318943064,10.006166960000002,-2.360096904867,12543.956100000001,14,False,,,,,,,,,,,False,False
train_2023_2024,cci_h4_chop_h12,personal,cost2,PORTFOLIO,59,0,-166.31298452393415,-166.31298452393415,0.1864406779661017,0.43556724338288455,46.16249091200001,-12.841273611934001,28913.4226,26,False,,,,,,,,,,,False,False
train_2023_2024,cci_h4_chop_h12,personal,cost2,BTCUSDT,37,0,-107.03648998129015,-107.03648998129015,0.1891891891891892,0.46117577970666934,29.994090112000006,-8.94697986929,18770.471,20,False,,,,,,,,,,,False,False
train_2023_2024,cci_h4_chop_h12,personal,cost2,ETHUSDT,22,0,-59.27649454264401,-59.27649454264401,0.18181818181818182,0.38258048566639585,16.1684008,-3.894293742644,10142.9516,14,False,,,,,,,,,,,False,False
train_2023_2024,cci_h4_chop_h12,public,cost1,PORTFOLIO,58,0,-111.332709187898,-111.332709187898,0.2413793103448276,0.5975646197253153,39.708115002,-7.376884185898301,33134.40653,26,False,,,,,,,,,,,False,False
train_2023_2024,cci_h4_chop_h12,public,cost1,BTCUSDT,36,0,-67.16270037765395,-67.16270037765395,0.25,0.6333403622791945,25.139357442,-5.0686329356543,20958.233930000002,20,False,,,,,,,,,,,False,False
train_2023_2024,cci_h4_chop_h12,public,cost1,ETHUSDT,22,0,-44.17000881024406,-44.17000881024406,0.22727272727272727,0.5274565589360886,14.56875756,-2.308251250244,12176.1726,14,False,,,,,,,,,,,False,False
train_2023_2024,cci_h4_chop_h12,public,cost2,PORTFOLIO,58,0,-168.34012513713924,-168.34012513713924,0.1896551724137931,0.4192773985095489,63.902907324,-12.3870478131391,26681.09614,26,False,,,,,,,,,,,False,False
train_2023_2024,cci_h4_chop_h12,public,cost2,BTCUSDT,36,0,-105.55516284864323,-105.55516284864323,0.19444444444444445,0.45026285819131145,40.814854764,-8.6437380846431,17024.913340000003,20,False,,,,,,,,,,,False,False
train_2023_2024,cci_h4_chop_h12,public,cost2,ETHUSDT,22,0,-62.784962288496004,-62.784962288496004,0.18181818181818182,0.3584874365256905,23.088052559999998,-3.7433097284960004,9656.1828,14,False,,,,,,,,,,,False,False
train_2023_2024,cci_h4_chop_h6,personal,cost1,PORTFOLIO,65,0,142.30026324291228,142.30026324291228,0.2923076923076923,1.4624021241161502,33.54617278400001,-8.964983973088302,41990.90423,34,False,,,,,,,,,,,False,False
train_2023_2024,cci_h4_chop_h6,personal,cost1,BTCUSDT,35,0,219.30434546392902,219.30434546392902,0.3142857142857143,2.4566578865602158,18.679211824000003,-5.8472627120713,23360.599230000003,24,False,,,,,,,,,,,False,False
train_2023_2024,cci_h4_chop_h6,personal,cost1,ETHUSDT,30,0,-77.00408222101673,-77.00408222101673,0.26666666666666666,0.5101156269719059,14.866960960000002,-3.117721261017,18630.305,21,False,,,,,,,,,,,False,False
train_2023_2024,cci_h4_chop_h6,personal,cost2,PORTFOLIO,65,0,38.34465315972158,38.34465315972158,0.24615384615384617,1.121494337942132,54.06811443200001,-15.415552408278,33868.07905,34,False,,,,,,,,,,,False,False
train_2023_2024,cci_h4_chop_h6,personal,cost2,BTCUSDT,35,0,136.61353338342875,136.61353338342875,0.2857142857142857,1.870844966243471,30.445054432000003,-10.175732184571,19056.23225,24,False,,,,,,,,,,,False,False
train_2023_2024,cci_h4_chop_h6,personal,cost2,ETHUSDT,30,0,-98.26888022370717,-98.26888022370717,0.2,0.38092053622369326,23.623060000000002,-5.239820223707,14811.846800000001,21,False,,,,,,,,,,,False,False
train_2023_2024,cci_h4_chop_h6,public,cost1,PORTFOLIO,65,0,130.0299369850159,130.0299369850159,0.27692307692307694,1.419016353199622,48.872881812,-8.7529212029847,40785.03727,34,False,,,,,,,,,,,False,False
train_2023_2024,cci_h4_chop_h6,public,cost1,BTCUSDT,35,0,209.62577437809864,209.62577437809864,0.3142857142857143,2.3767710524029684,27.296584992,-5.688480629901701,22759.369670000004,24,False,,,,,,,,,,,False,False
train_2023_2024,cci_h4_chop_h6,public,cost1,ETHUSDT,30,0,-79.59583739308273,-79.59583739308273,0.23333333333333334,0.49642926540464777,21.57629682,-3.064440573083,18025.6676,21,False,,,,,,,,,,,False,False
train_2023_2024,cci_h4_chop_h6,public,cost2,PORTFOLIO,65,0,6.666133415413838,6.666133415413838,0.24615384615384617,1.0213149431868953,75.255392808,-14.510373776585801,31424.041380000002,34,False,,,,,,,,,,,False,False
train_2023_2024,cci_h4_chop_h6,public,cost2,BTCUSDT,35,0,107.99039889315,107.99039889315,0.2857142857142857,1.6899861461467318,42.502936488,-9.5807646188498,17734.06678,24,False,,,,,,,,,,,False,False
train_2023_2024,cci_h4_chop_h6,public,cost2,ETHUSDT,30,0,-101.32426547773616,-101.32426547773616,0.2,0.35145677385977464,32.75245632,-4.929609157736,13689.974600000001,21,False,,,,,,,,,,,False,False
train_2023_2024,cci_h4_chop_h4,personal,cost1,PORTFOLIO,95,0,-13.360752595611919,-13.360752595611919,0.23157894736842105,0.966673054625859,44.09556844000001,-9.6248041556127,55241.821930000006,52,False,,,,,,,,,,,False,False
train_2023_2024,cci_h4_chop_h4,personal,cost1,BTCUSDT,46,0,149.11265798516993,149.11265798516993,0.2608695652173913,1.8944903080603765,23.317902760000003,-4.9780592548307,29189.153430000002,35,False,,,,,,,,,,,False,False
train_2023_2024,cci_h4_chop_h4,personal,cost1,ETHUSDT,49,0,-162.47341058078186,-162.47341058078186,0.20408163265306123,0.30625664259510765,20.777665680000002,-4.646744900782,26052.6685,34,False,,,,,,,,,,,False,False
train_2023_2024,cci_h4_chop_h4,personal,cost2,PORTFOLIO,95,0,-124.30045135759018,-124.30045135759018,0.2,0.7050775510162431,70.91856972000001,-16.9719916375894,44448.18247,52,False,,,,,,,,,,,False,False
train_2023_2024,cci_h4_chop_h4,personal,cost2,BTCUSDT,46,0,61.15228460183615,61.15228460183615,0.2391304347826087,1.3356486818118833,37.43853004,-9.1458953581634,23445.778670000003,35,False,,,,,,,,,,,False,False
train_2023_2024,cci_h4_chop_h4,personal,cost2,ETHUSDT,49,0,-185.45273595942632,-185.45273595942632,0.16326530612244897,0.22494514079990593,33.480039680000004,-7.826096279426,21002.4038,34,False,,,,,,,,,,,False,False
train_2023_2024,cci_h4_chop_h4,public,cost1,PORTFOLIO,95,0,-29.75610073847769,-29.75610073847769,0.22105263157894736,0.9267625032527601,63.97104492,-9.2836158184785,53431.206130000006,52,False,,,,,,,,,,,False,False
train_2023_2024,cci_h4_chop_h4,public,cost1,BTCUSDT,46,0,136.97775270875815,136.97775270875815,0.2608695652173913,1.80466812750888,33.85639236,-4.8284149312424995,28256.855330000002,35,False,,,,,,,,,,,False,False
train_2023_2024,cci_h4_chop_h4,public,cost1,ETHUSDT,49,0,-166.73385344723584,-166.73385344723584,0.1836734693877551,0.29370145165245426,30.11465256,-4.455200887236,25174.3508,34,False,,,,,,,,,,,False,False
train_2023_2024,cci_h4_chop_h4,public,cost2,PORTFOLIO,95,0,-149.4114725794643,-149.4114725794643,0.18947368421052632,0.6450466658515394,99.242687268,-15.9479153114636,41465.376370000005,52,False,,,,,,,,,,,False,False
train_2023_2024,cci_h4_chop_h4,public,cost2,BTCUSDT,46,0,36.65260370875801,36.65260370875801,0.2391304347826087,1.1996389569716037,52.188889428,-8.637836863241601,21786.973670000003,35,False,,,,,,,,,,,False,False
train_2023_2024,cci_h4_chop_h4,public,cost2,ETHUSDT,49,0,-186.06407628822228,-186.06407628822228,0.14285714285714285,0.21603847198499593,47.05379784,-7.310078448222,19678.402700000002,34,False,,,,,,,,,,,False,False
train_2023_2024,cci_h4_chop_h1,personal,cost1,PORTFOLIO,105,0,139.3805608649162,139.3805608649162,0.3142857142857143,1.4471980177385868,41.75049983600001,-9.1617092990836,52302.68237,65,True,,,,,,,,,,,False,False
train_2023_2024,cci_h4_chop_h1,personal,cost1,BTCUSDT,54,0,155.8689673633244,155.8689673633244,0.3333333333333333,2.1127514311566533,23.429174876000005,-3.3032277606756004,29337.569770000002,48,False,,,,,,,,,,,False,False
train_2023_2024,cci_h4_chop_h1,personal,cost1,ETHUSDT,51,0,-16.48840649840822,-16.48840649840822,0.29411764705882354,0.9039137073350695,18.321324960000002,-5.858481538408,22965.1126,42,False,,,,,,,,,,,False,False
train_2023_2024,cci_h4_chop_h1,personal,cost2,PORTFOLIO,105,0,4.295228506353969,4.295228506353969,0.2857142857142857,1.0128125981268226,67.81144629600001,-16.1483951976461,42498.36681000001,65,True,,,,,,,,,,,False,False
train_2023_2024,cci_h4_chop_h1,personal,cost2,BTCUSDT,54,0,70.18491684475079,70.18491684475079,0.3148148148148148,1.4447720574571588,38.137084056000006,-6.7108690992491,23888.340210000002,48,False,,,,,,,,,,,False,False
train_2023_2024,cci_h4_chop_h1,personal,cost2,ETHUSDT,51,0,-65.88968833839682,-65.88968833839682,0.2549019607843137,0.6286545764217248,29.674362240000004,-9.437526098397,18610.0266,42,False,,,,,,,,,,,False,False
train_2023_2024,cci_h4_chop_h1,public,cost1,PORTFOLIO,105,0,116.21469633004253,116.21469633004253,0.3142857142857143,1.3659487653606197,60.787309812,-8.8574338579573,50767.83307,65,True,,,,,,,,,,,False,False
train_2023_2024,cci_h4_chop_h1,public,cost1,BTCUSDT,54,0,143.33252103867176,143.33252103867176,0.3333333333333333,1.9935911690199504,34.188651612,-3.1996673493283,28542.52357,48,False,,,,,,,,,,,False,False
train_2023_2024,cci_h4_chop_h1,public,cost1,ETHUSDT,51,0,-27.117824708629225,-27.117824708629225,0.29411764705882354,0.84353347617781,26.5986582,-5.657766508629,22225.3095,42,False,,,,,,,,,,,False,False
train_2023_2024,cci_h4_chop_h1,public,cost2,PORTFOLIO,105,0,-30.77946265593945,-30.77946265593945,0.26666666666666666,0.9086063151129212,94.82161176,-15.129790895939502,39614.779780000004,65,True,,,,,,,,,,,False,False
train_2023_2024,cci_h4_chop_h1,public,cost2,BTCUSDT,54,0,44.32957639457038,44.32957639457038,0.3148148148148148,1.276462100168122,53.32592556,-6.383538045429501,22266.112480000003,48,False,,,,,,,,,,,False,False
train_2023_2024,cci_h4_chop_h1,public,cost2,ETHUSDT,51,0,-75.10903905050984,-75.10903905050984,0.21568627450980393,0.5742912772872303,41.4956862,-8.74625285051,17348.6673,42,False,,,,,,,,,,,False,False
train_2023_2024,cci_h4_chop_m30,personal,cost1,PORTFOLIO,83,0,151.59931837660278,151.59931837660278,0.3614457831325301,1.7321515186920113,24.555836256000003,-8.1179253673974,30759.198280000004,50,False,,,,,,,,,,,False,False
train_2023_2024,cci_h4_chop_m30,personal,cost1,BTCUSDT,40,0,180.12015218312084,180.12015218312084,0.45,2.7860381781082943,14.525608816000002,-3.4833190008794,18227.658980000004,35,False,,,,,,,,,,,False,False
train_2023_2024,cci_h4_chop_m30,personal,cost1,ETHUSDT,43,0,-28.52083380651806,-28.52083380651806,0.27906976744186046,0.7314701597980312,10.03022744,-4.634606366518,12531.5393,35,False,,,,,,,,,,,False,False
train_2023_2024,cci_h4_chop_m30,personal,cost2,PORTFOLIO,83,0,53.94244492021779,53.94244492021779,0.3493975903614458,1.2386071049466356,42.708278384,-15.087836695782,26766.706100000003,50,False,,,,,,,,,,,False,False
train_2023_2024,cci_h4_chop_m30,personal,cost2,BTCUSDT,40,0,113.19307970688085,113.19307970688085,0.45,2.0247363882746763,25.017585104000002,-6.809095189119001,15707.428400000003,35,False,,,,,,,,,,,False,False
train_2023_2024,cci_h4_chop_m30,personal,cost2,ETHUSDT,43,0,-59.250634786663056,-59.250634786663056,0.2558139534883721,0.4875025410395668,17.69069328,-8.278741506663,11059.2777,35,False,,,,,,,,,,,False,False
train_2023_2024,cci_h4_chop_m30,public,cost1,PORTFOLIO,83,0,139.26857580503798,139.26857580503798,0.3614457831325301,1.6613184910665948,36.167922594,-7.9973916009622,30204.311650000003,50,False,,,,,,,,,,,False,False
train_2023_2024,cci_h4_chop_m30,public,cost1,BTCUSDT,40,0,171.59588579795405,171.59588579795405,0.45,2.667464482407547,21.370874094,-3.4096301080462,17879.596550000002,35,False,,,,,,,,,,,False,False
train_2023_2024,cci_h4_chop_m30,public,cost1,ETHUSDT,43,0,-32.32730999291607,-32.32730999291607,0.27906976744186046,0.6997947332760326,14.797048499999999,-4.587761492916,12324.715100000001,35,False,,,,,,,,,,,False,False
train_2023_2024,cci_h4_chop_m30,public,cost2,PORTFOLIO,83,0,24.04931472987441,24.04931472987441,0.3373493975903614,1.1057341434454806,60.596469444,-14.3827458261254,25316.729840000004,50,False,,,,,,,,,,,False,False
train_2023_2024,cci_h4_chop_m30,public,cost2,BTCUSDT,40,0,89.72531140245246,89.72531140245246,0.45,1.8051488349382425,35.341984163999996,-6.489834433547401,14790.567240000002,35,False,,,,,,,,,,,False,False
train_2023_2024,cci_h4_chop_m30,public,cost2,ETHUSDT,43,0,-65.67599667257805,-65.67599667257805,0.23255813953488372,0.4338831638511516,25.25448528,-7.892911392578,10526.162600000001,35,False,,,,,,,,,,,False,False
train_2023_2024,cci_h4_chop_m15,personal,cost1,PORTFOLIO,103,0,10.205813666566144,10.205813666566144,0.33980582524271846,1.0263962342317388,37.862307524,-10.5601288094342,47330.11761,59,False,,,,,,,,,,,False,False
train_2023_2024,cci_h4_chop_m15,personal,cost1,BTCUSDT,54,0,43.61108265098793,43.61108265098793,0.4074074074074074,1.2117204656634324,22.334239324000002,-5.6038280250122,27895.577110000002,44,False,,,,,,,,,,,False,False
train_2023_2024,cci_h4_chop_m15,personal,cost1,ETHUSDT,49,0,-33.40526898442179,-33.40526898442179,0.2653061224489796,0.8150877863863021,15.528068200000002,-4.956300784422,19434.540500000003,39,False,,,,,,,,,,,False,False
train_2023_2024,cci_h4_chop_m15,personal,cost2,PORTFOLIO,103,0,-96.24882446682464,-96.24882446682464,0.3300970873786408,0.7551763066125488,62.79272530400001,-18.6053491628244,39267.718680000005,59,False,,,,,,,,,,,False,False
train_2023_2024,cci_h4_chop_m15,personal,cost2,BTCUSDT,54,0,-26.123263644437536,-26.123263644437536,0.4074074074074074,0.8757964000183431,36.652141624,-10.099572020437401,22899.74968,44,False,,,,,,,,,,,False,False
train_2023_2024,cci_h4_chop_m15,personal,cost2,ETHUSDT,49,0,-70.1255608223871,-70.1255608223871,0.24489795918367346,0.6164000820754821,26.140583680000002,-8.505777142387,16367.969000000001,39,False,,,,,,,,,,,False,False
train_2023_2024,cci_h4_chop_m15,public,cost1,PORTFOLIO,103,0,-9.209065739358277,-9.209065739358277,0.33980582524271846,0.9763358784597097,55.210471086,-10.3518646533586,46011.490410000006,59,False,,,,,,,,,,,False,False
train_2023_2024,cci_h4_chop_m15,public,cost1,BTCUSDT,54,0,30.914736828077523,30.914736828077523,0.4074074074074074,1.1491356450358008,32.446567986,-5.4376651859226,27017.556610000003,44,False,,,,,,,,,,,False,False
train_2023_2024,cci_h4_chop_m15,public,cost1,ETHUSDT,49,0,-40.1238025674358,-40.1238025674358,0.2653061224489796,0.7793753648828057,22.7639031,-4.914199467436,18993.933800000003,39,False,,,,,,,,,,,False,False
train_2023_2024,cci_h4_chop_m15,public,cost2,PORTFOLIO,103,0,-123.99827551655923,-123.99827551655923,0.3106796116504854,0.6848867244435338,88.87695774,-17.876767776559,37053.54729,59,False,,,,,,,,,,,False,False
train_2023_2024,cci_h4_chop_m15,public,cost2,BTCUSDT,54,0,-41.747000494721135,-41.747000494721135,0.3888888888888889,0.8021889046428594,51.95624646,-9.613004034721,21641.613190000004,44,False,,,,,,,,,,,False,False
train_2023_2024,cci_h4_chop_m15,public,cost2,ETHUSDT,49,0,-82.25127502183808,-82.25127502183808,0.22448979591836735,0.5492068725678747,36.92071128,-8.263763741838,15411.9341,39,False,,,,,,,,,,,False,False
train_2023_2024,cci_h4_chop_m5,personal,cost1,PORTFOLIO,197,0,-91.08593978953081,-91.08593978953081,0.2639593908629442,0.8973275082347077,92.13116042400002,-19.4768593655307,115280.51719000001,80,True,,,,,,,,,,,False,False
train_2023_2024,cci_h4_chop_m5,personal,cost1,BTCUSDT,103,0,70.82986858678134,70.82986858678134,0.2815533980582524,1.1518433212751555,52.14970350400001,-9.3566079092187,65231.92109000001,62,True,,,,,,,,,,,False,False
train_2023_2024,cci_h4_chop_m5,personal,cost1,ETHUSDT,94,0,-161.91580837631216,-161.91580837631216,0.24468085106382978,0.6151125971588041,39.98145692000001,-10.120251456312,50048.5961,53,False,,,,,,,,,,,False,False
train_2023_2024,cci_h4_chop_m5,personal,cost2,PORTFOLIO,197,0,-303.9520424326252,-303.9520424326252,0.24873096446700507,0.637346455400633,136.746065592,-30.583666840625,85596.71297000001,80,True,,,,,,,,,,,False,False
train_2023_2024,cci_h4_chop_m5,personal,cost2,BTCUSDT,103,0,-79.00206129378313,-79.00206129378313,0.2815533980582524,0.8204989950444516,76.314610232,-14.944341061783001,47754.25957,62,True,,,,,,,,,,,False,False
train_2023_2024,cci_h4_chop_m5,personal,cost2,ETHUSDT,94,0,-224.9499811388421,-224.9499811388421,0.2127659574468085,0.4348174230037691,60.43145536,-15.639325778842,37842.4534,53,False,,,,,,,,,,,False,False
train_2023_2024,cci_h4_chop_m5,public,cost1,PORTFOLIO,195,0,-123.15401374654421,-123.15401374654421,0.26666666666666666,0.8580391180077885,129.505676844,-18.635776902543903,108025.67650000002,80,True,,,,,,,,,,,False,False
train_2023_2024,cci_h4_chop_m5,public,cost1,BTCUSDT,101,0,56.782757991661924,56.782757991661924,0.2871287128712871,1.126586848071092,72.180247404,-8.8964346043379,60184.91530000001,62,True,,,,,,,,,,,False,False
train_2023_2024,cci_h4_chop_m5,public,cost1,ETHUSDT,94,0,-179.93677173820612,-179.93677173820612,0.24468085106382978,0.5705086339482793,57.32542944,-9.739342298206001,47840.7612,53,False,,,,,,,,,,,False,False
train_2023_2024,cci_h4_chop_m5,public,cost2,PORTFOLIO,197,0,-346.35779152134876,-346.35779152134876,0.24873096446700507,0.579699120884994,189.549083772,-28.342797749348602,79099.00335,80,True,,,,,,,,,,,False,False
train_2023_2024,cci_h4_chop_m5,public,cost2,BTCUSDT,103,0,-108.30829866191772,-108.30829866191772,0.2815533980582524,0.7500456425868524,105.357834612,-13.8600540499176,43952.480650000005,62,True,,,,,,,,,,,False,False
train_2023_2024,cci_h4_chop_m5,public,cost2,ETHUSDT,94,0,-238.04949285943104,-238.04949285943104,0.2127659574468085,0.39080189813269217,84.19124916,-14.482743699431001,35146.5227,53,False,,,,,,,,,,,False,False
train_2023_2024,cci_h4_chop_m3,personal,cost1,PORTFOLIO,218,0,-126.52612233198636,-126.52612233198636,0.27522935779816515,0.8653616658921929,103.10508604800002,-23.125616283985302,128972.47361000002,85,True,,,,,,,,,,,False,False
train_2023_2024,cci_h4_chop_m3,personal,cost1,BTCUSDT,108,0,40.42907094607926,40.42907094607926,0.2962962962962963,1.0862256112945028,55.74491424800001,-10.143694805920301,69735.77931000001,66,True,,,,,,,,,,,False,False
train_2023_2024,cci_h4_chop_m3,personal,cost1,ETHUSDT,110,0,-166.95519327806562,-166.95519327806562,0.2545454545454545,0.6454345393280356,47.3601718,-12.981921478065,59236.6943,62,True,,,,,,,,,,,False,False
train_2023_2024,cci_h4_chop_m3,personal,cost2,PORTFOLIO,219,0,-352.7276223965653,-352.7276223965653,0.2374429223744292,0.6010608177277086,150.47446130400002,-35.1334110925654,94164.24321,85,True,,,,,,,,,,,False,False
train_2023_2024,cci_h4_chop_m3,personal,cost2,BTCUSDT,109,0,-116.69732221975427,-116.69732221975427,0.26605504587155965,0.7400152882547001,80.65738890400002,-15.645283315754401,50481.265510000005,66,True,,,,,,,,,,,False,False
train_2023_2024,cci_h4_chop_m3,personal,cost2,ETHUSDT,110,0,-236.03030017681107,-236.03030017681107,0.20909090909090908,0.45777761147416496,69.8170724,-19.488127776811,43682.9777,62,True,,,,,,,,,,,False,False
train_2023_2024,cci_h4_chop_m3,public,cost1,PORTFOLIO,218,0,-169.0395249095158,-169.0395249095158,0.26605504587155965,0.8180615075850115,146.827202016,-21.9373428935148,122444.20258000001,85,True,,,,,,,,,,,False,False
train_2023_2024,cci_h4_chop_m3,public,cost1,BTCUSDT,108,0,9.376682373478783,9.376682373478783,0.28703703703703703,1.0201710033497915,79.221855816,-9.583681810520801,66070.01748000001,66,True,,,,,,,,,,,False,False
train_2023_2024,cci_h4_chop_m3,public,cost1,ETHUSDT,110,0,-178.41620728299458,-178.41620728299458,0.24545454545454545,0.615683663803645,67.6053462,-12.353661082994,56374.1851,62,True,,,,,,,,,,,False,False
train_2023_2024,cci_h4_chop_m3,public,cost2,PORTFOLIO,218,0,-386.8113556881869,-386.8113556881869,0.23394495412844038,0.5521118881733548,207.580395012,-32.584750676187,86598.83784000001,85,True,,,,,,,,,,,False,False
train_2023_2024,cci_h4_chop_m3,public,cost2,BTCUSDT,108,0,-136.8959311614449,-136.8959311614449,0.26851851851851855,0.6859087971713047,110.47412749200001,-14.593993669445,46092.423740000006,66,True,,,,,,,,,,,False,False
train_2023_2024,cci_h4_chop_m3,public,cost2,ETHUSDT,110,0,-249.915424526742,-249.915424526742,0.2,0.41579361093569644,97.10626751999999,-17.990757006742,40506.4141,62,True,,,,,,,,,,,False,False
train_2023_2024,cci_h4_chop_m1,personal,cost1,PORTFOLIO,259,0,-273.8647703581104,-273.8647703581104,0.2471042471042471,0.7355031092133688,114.60157832800002,-21.9475120301107,143395.13704,89,True,,,,,,,,,,,False,False
train_2023_2024,cci_h4_chop_m1,personal,cost1,BTCUSDT,131,0,-78.37729605768702,-78.37729605768702,0.26717557251908397,0.857451745121822,64.61759192800001,-10.9810241296877,80850.17004000001,70,True,,,,,,,,,,,False,False
train_2023_2024,cci_h4_chop_m1,personal,cost1,ETHUSDT,128,0,-195.48747430042337,-195.48747430042337,0.2265625,0.5974209577103855,49.983986400000006,-10.966487900423001,62544.967000000004,65,True,,,,,,,,,,,False,False
train_2023_2024,cci_h4_chop_m1,personal,cost2,PORTFOLIO,259,0,-477.65071951481167,-477.65071951481167,0.21621621621621623,0.5045988030904537,165.06850260000002,-33.034106914811204,103326.27749000001,89,True,,,,,,,,,,,False,False
train_2023_2024,cci_h4_chop_m1,personal,cost2,BTCUSDT,131,0,-212.8292020803955,-212.8292020803955,0.2366412213740458,0.5866032240718493,91.99119348000002,-16.6326986003952,57580.58909000001,70,True,,,,,,,,,,,False,False
train_2023_2024,cci_h4_chop_m1,personal,cost2,ETHUSDT,128,0,-264.8215174344162,-264.8215174344162,0.1953125,0.41064223678292555,73.07730912000001,-16.401408314416,45745.6884,65,True,,,,,,,,,,,False,False
train_2023_2024,cci_h4_chop_m1,public,cost1,PORTFOLIO,259,0,-319.19180132823766,-319.19180132823766,0.24324324324324326,0.6878262622619229,162.493734792,-20.693006536238002,135547.0278,89,True,,,,,,,,,,,False,False
train_2023_2024,cci_h4_chop_m1,public,cost1,BTCUSDT,131,0,-106.45653582595433,-106.45653582595433,0.26717557251908397,0.8037664582166782,91.390876332,-10.301299493955,76232.917,70,True,,,,,,,,,,,False,False
train_2023_2024,cci_h4_chop_m1,public,cost1,ETHUSDT,128,0,-212.7352655022833,-212.7352655022833,0.21875,0.5567849956900075,71.10285846,-10.391707042283,59314.1108,65,True,,,,,,,,,,,False,False
train_2023_2024,cci_h4_chop_m1,public,cost2,PORTFOLIO,259,0,-517.8306239914141,-517.8306239914141,0.22007722007722008,0.455144273018537,228.340791504,-30.626992487413702,95287.84007,89,True,,,,,,,,,,,False,False
train_2023_2024,cci_h4_chop_m1,public,cost2,BTCUSDT,131,0,-236.96929508298595,-236.96929508298595,0.2366412213740458,0.531421074941784,126.073973544,-15.2819815389857,52609.985870000004,70,True,,,,,,,,,,,False,False
train_2023_2024,cci_h4_chop_m1,public,cost2,ETHUSDT,128,0,-280.86132890842816,-280.86132890842816,0.203125,0.3683974150618617,102.26681796,-15.345010948428001,42677.8542,65,True,,,,,,,,,,,False,False
train_2023_2024,cci_h1_chop_w,personal,cost1,PORTFOLIO,67,1,-1.7703029921377424,2.050401162862232,0.34328358208955223,1.0072157300625368,32.024322076000004,-13.9243309161376,40008.313420000006,24,False,,,,,,,,,,,False,False
train_2023_2024,cci_h1_chop_w,personal,cost1,BTCUSDT,61,1,11.535991146439269,15.356695301439244,0.3442622950819672,1.0589727471574992,30.529885596000007,-12.832273257560601,38134.907920000005,24,False,,,,,,,,,,,False,False
train_2023_2024,cci_h1_chop_w,personal,cost1,ETHUSDT,6,0,-13.30629413857701,-13.30629413857701,0.3333333333333333,0.43982644323974773,1.49443648,-1.092057658577,1873.4055,3,False,,,,,,,,,,,False,False
train_2023_2024,cci_h1_chop_w,personal,cost2,PORTFOLIO,67,1,-91.48604556026703,-87.52134293026704,0.3283582089552239,0.7020015713307624,52.38350632800001,-23.1240092322668,32747.680720000004,24,False,,,,,,,,,,,False,False
train_2023_2024,cci_h1_chop_w,personal,cost2,BTCUSDT,61,1,-75.34177536793105,-71.37707273793106,0.32786885245901637,0.7354729156802735,49.85329680800001,-21.264248559930802,31160.422620000005,24,False,,,,,,,,,,,False,False
train_2023_2024,cci_h1_chop_w,personal,cost2,ETHUSDT,6,0,-16.14427019233598,-16.14427019233598,0.3333333333333333,0.3236118773736274,2.53020952,-1.859760672336,1587.2581000000002,3,False,,,,,,,,,,,False,False
train_2023_2024,cci_h1_chop_w,public,cost1,PORTFOLIO,67,1,-16.453980740489328,-12.657035069489352,0.34328358208955223,0.955670477734721,46.438899612,-13.5009411284892,38677.34008,24,False,,,,,,,,,,,False,False
train_2023_2024,cci_h1_chop_w,public,cost1,BTCUSDT,61,1,-2.791377570336319,1.0055681006636572,0.3442622950819672,1.0038442323340107,44.245602672000004,-12.4347348983362,36844.39108,24,False,,,,,,,,,,,False,False
train_2023_2024,cci_h1_chop_w,public,cost1,ETHUSDT,6,0,-13.662603170153009,-13.662603170153009,0.3333333333333333,0.42937408359147433,2.19329694,-1.066206230153,1832.949,3,False,,,,,,,,,,,False,False
train_2023_2024,cci_h1_chop_w,public,cost2,PORTFOLIO,67,1,-111.28860641409702,-107.18185065809702,0.3283582089552239,0.6371240569311841,74.450497044,-22.0599993700968,31028.429490000002,24,False,,,,,,,,,,,False,False
train_2023_2024,cci_h1_chop_w,public,cost2,BTCUSDT,61,1,-94.54848938325704,-90.44173362725704,0.32786885245901637,0.6664907729745583,70.735663524,-20.2097158592568,29474.994690000003,24,False,,,,,,,,,,,False,False
train_2023_2024,cci_h1_chop_w,public,cost2,ETHUSDT,6,0,-16.740117030839983,-16.740117030839983,0.3333333333333333,0.3078490926539011,3.7148335199999996,-1.8502835108400002,1553.4348,3,False,,,,,,,,,,,False,False
train_2023_2024,cci_h1_chop_d,personal,cost1,PORTFOLIO,67,0,-121.37756682123864,-121.37756682123864,0.2537313432835821,0.5787921986013307,26.391876772000003,-6.2064400492386005,32996.70279,28,False,,,,,,,,,,,False,False
train_2023_2024,cci_h1_chop_d,personal,cost1,BTCUSDT,36,0,-68.65835358484452,-68.65835358484452,0.2777777777777778,0.5712311684368692,15.191379052000002,-4.4394245328446,18983.87729,20,False,,,,,,,,,,,False,False
train_2023_2024,cci_h1_chop_d,personal,cost1,ETHUSDT,31,0,-52.71921323639412,-52.71921323639412,0.22580645161290322,0.5882484172337009,11.200497720000001,-1.767015516394,14012.8255,17,False,,,,,,,,,,,False,False
train_2023_2024,cci_h1_chop_d,personal,cost2,PORTFOLIO,66,0,-169.18205985359145,-169.18205985359145,0.21212121212121213,0.4276859892672493,42.57122124000001,-10.953128613591401,26629.70376,28,False,,,,,,,,,,,False,False
train_2023_2024,cci_h1_chop_d,personal,cost2,BTCUSDT,35,0,-90.25086799034528,-90.25086799034528,0.2571428571428571,0.4393297996873247,23.715816200000003,-7.8570417903454,14829.619460000002,20,False,,,,,,,,,,,False,False
train_2023_2024,cci_h1_chop_d,personal,cost2,ETHUSDT,31,0,-78.93119186324618,-78.93119186324618,0.16129032258064516,0.4137652618956273,18.85540504,-3.0960868232460004,11800.0843,17,False,,,,,,,,,,,False,False
train_2023_2024,cci_h1_chop_d,public,cost1,PORTFOLIO,67,0,-130.60717016223194,-130.60717016223194,0.2537313432835821,0.55008806991383,38.471529672,-6.0561204902319,32067.591730000004,28,False,,,,,,,,,,,False,False
train_2023_2024,cci_h1_chop_d,public,cost1,BTCUSDT,36,0,-73.84183257563681,-73.84183257563681,0.2777777777777778,0.5433821736322498,22.159976412000002,-4.3392361636369,18461.611530000002,20,False,,,,,,,,,,,False,False
train_2023_2024,cci_h1_chop_d,public,cost1,ETHUSDT,31,0,-56.76533758659511,-56.76533758659511,0.22580645161290322,0.5585220434634683,16.31155326,-1.716884326595,13605.980200000002,17,False,,,,,,,,,,,False,False
train_2023_2024,cci_h1_chop_d,public,cost2,PORTFOLIO,67,0,-189.8762808976031,-189.8762808976031,0.19402985074626866,0.3812424177538424,63.222595356,-10.428535541603,26362.8247,28,False,,,,,,,,,,,False,False
train_2023_2024,cci_h1_chop_d,public,cost2,BTCUSDT,36,0,-106.20305252437193,-106.20305252437193,0.2222222222222222,0.3809582092970042,36.502157676,-7.513944848372001,15213.368300000002,20,False,,,,,,,,,,,False,False
train_2023_2024,cci_h1_chop_d,public,cost2,ETHUSDT,31,0,-83.67322837323117,-83.67322837323117,0.16129032258064516,0.3816027764714395,26.72043768,-2.914590693231,11149.456400000001,17,False,,,,,,,,,,,False,False
train_2023_2024,cci_h1_chop_h12,personal,cost1,PORTFOLIO,53,0,-3.0057445230434303,-3.0057445230434303,0.33962264150943394,0.9864406883385233,19.021056244000004,-6.4563382790436,23763.927150000003,29,False,,,,,,,,,,,False,False
train_2023_2024,cci_h1_chop_h12,personal,cost1,BTCUSDT,31,0,22.662008367410476,22.662008367410476,0.3870967741935484,1.1750733684061954,11.957195084000002,-5.283946548589601,14904.93905,21,False,,,,,,,,,,,False,False
train_2023_2024,cci_h1_chop_h12,personal,cost1,ETHUSDT,22,0,-25.667752890453908,-25.667752890453908,0.2727272727272727,0.7217011741821918,7.06386116,-1.1723917304540001,8858.9881,15,False,,,,,,,,,,,False,False
train_2023_2024,cci_h1_chop_h12,personal,cost2,PORTFOLIO,53,0,-62.61628374745493,-62.61628374745493,0.24528301886792453,0.726637254970896,32.450074792,-11.1136389554553,20284.2235,29,False,,,,,,,,,,,False,False
train_2023_2024,cci_h1_chop_h12,personal,cost2,BTCUSDT,31,0,-18.362248819781087,-18.362248819781087,0.2903225806451613,0.8620193972918524,20.231058792000002,-9.0648200277813,12618.0822,21,False,,,,,,,,,,,False,False
train_2023_2024,cci_h1_chop_h12,personal,cost2,ETHUSDT,22,0,-44.25403492767385,-44.25403492767385,0.18181818181818182,0.5389284362854336,12.219016000000002,-2.048818927674,7666.1413,15,False,,,,,,,,,,,False,False
train_2023_2024,cci_h1_chop_h12,public,cost1,PORTFOLIO,53,0,-17.020546785760814,-17.020546785760814,0.33962264150943394,0.9237113872013825,27.770903964,-6.264802821761001,23130.52214,29,False,,,,,,,,,,,False,False
train_2023_2024,cci_h1_chop_h12,public,cost1,BTCUSDT,31,0,15.893439485349086,15.893439485349086,0.3870967741935484,1.1225870625049432,17.413201584,-5.1254189306510005,14471.125740000001,21,False,,,,,,,,,,,False,False
train_2023_2024,cci_h1_chop_h12,public,cost1,ETHUSDT,22,0,-32.9139862711099,-32.9139862711099,0.2727272727272727,0.6478171135057235,10.35770238,-1.13938389111,8659.3964,15,False,,,,,,,,,,,False,False
train_2023_2024,cci_h1_chop_h12,public,cost2,PORTFOLIO,53,0,-77.43305962907175,-77.43305962907175,0.22641509433962265,0.6645944303615601,46.407722232,-10.590577397072101,19338.857920000002,29,False,,,,,,,,,,,False,False
train_2023_2024,cci_h1_chop_h12,public,cost2,BTCUSDT,31,0,-27.88418584078789,-27.88418584078789,0.25806451612903225,0.7925859584419592,28.946022552000002,-8.6174032887881,12036.560620000002,21,False,,,,,,,,,,,False,False
train_2023_2024,cci_h1_chop_h12,public,cost2,ETHUSDT,22,0,-49.548873788283856,-49.548873788283856,0.18181818181818182,0.48614961315170396,17.46169968,-1.9731741082840002,7302.2973,15,False,,,,,,,,,,,False,False
train_2023_2024,cci_h1_chop_h6,personal,cost1,PORTFOLIO,64,0,26.73278128896247,26.73278128896247,0.34375,1.093025128420423,25.261744004000004,-7.445644707037901,31599.967280000004,37,False,,,,,,,,,,,False,False
train_2023_2024,cci_h1_chop_h6,personal,cost1,BTCUSDT,38,0,57.72141351733903,57.72141351733903,0.3684210526315789,1.3346138208158866,16.843517004000002,-5.350339478660901,21035.357180000003,28,False,,,,,,,,,,,False,False
train_2023_2024,cci_h1_chop_h6,personal,cost1,ETHUSDT,26,0,-30.98863222837656,-30.98863222837656,0.3076923076923077,0.7302287483879016,8.418227000000002,-2.095305228377,10564.6101,21,False,,,,,,,,,,,False,False
train_2023_2024,cci_h1_chop_h6,personal,cost2,PORTFOLIO,64,0,-50.76848887488957,-50.76848887488957,0.28125,0.826013815254243,41.90813765600001,-12.67698121889,26232.568400000004,37,False,,,,,,,,,,,False,False
train_2023_2024,cci_h1_chop_h6,personal,cost2,BTCUSDT,38,0,3.9202857498503136,3.9202857498503136,0.3157894736842105,1.0227052403611288,27.657100056000004,-8.98084419415,17282.633,28,False,,,,,,,,,,,False,False
train_2023_2024,cci_h1_chop_h6,personal,cost2,ETHUSDT,26,0,-54.688774624739885,-54.688774624739885,0.23076923076923078,0.5409556232258581,14.251037600000002,-3.69613702474,8949.9354,21,False,,,,,,,,,,,False,False
train_2023_2024,cci_h1_chop_h6,public,cost1,PORTFOLIO,64,0,11.536555869982147,11.536555869982147,0.328125,1.0402454968504473,36.58828962,-7.175354510018201,30511.796010000002,37,False,,,,,,,,,,,False,False
train_2023_2024,cci_h1_chop_h6,public,cost1,BTCUSDT,38,0,48.63727587772073,48.63727587772073,0.3684210526315789,1.2825270574358636,24.42335238,-5.1649717422792,20334.419410000002,28,False,,,,,,,,,,,False,False
train_2023_2024,cci_h1_chop_h6,public,cost1,ETHUSDT,26,0,-37.10072000773858,-37.10072000773858,0.2692307692307692,0.6759867627988058,12.164937239999999,-2.0103827677390003,10177.376600000001,21,False,,,,,,,,,,,False,False
train_2023_2024,cci_h1_chop_h6,public,cost2,PORTFOLIO,64,0,-63.819824785481394,-63.819824785481394,0.265625,0.7805287903845425,59.625410448,-12.0289343374818,24881.86116,37,False,,,,,,,,,,,False,False
train_2023_2024,cci_h1_chop_h6,public,cost2,BTCUSDT,38,0,-9.341910092703504,-9.341910092703504,0.2894736842105263,0.9462099435479405,39.387263808,-8.5351662847038,16409.043560000002,28,False,,,,,,,,,,,False,False
train_2023_2024,cci_h1_chop_h6,public,cost2,ETHUSDT,26,0,-54.47791469277789,-54.47791469277789,0.23076923076923078,0.5348359996762825,20.23814664,-3.4937680527780004,8472.8176,21,False,,,,,,,,,,,False,False
train_2023_2024,cci_h1_chop_h4,personal,cost1,PORTFOLIO,77,0,-46.254984510741544,-46.254984510741544,0.2987012987012987,0.8409310051146813,24.89578034,-7.418014170741801,31210.559510000003,46,False,,,,,,,,,,,False,False
train_2023_2024,cci_h1_chop_h4,personal,cost1,BTCUSDT,42,0,14.837407504945194,14.837407504945194,0.2857142857142857,1.0913967921779797,14.758551660000002,-4.9119508350548005,18483.037210000002,31,False,,,,,,,,,,,False,False
train_2023_2024,cci_h1_chop_h4,personal,cost1,ETHUSDT,35,0,-61.09239201568674,-61.09239201568674,0.3142857142857143,0.5243696169424877,10.137228680000002,-2.506063335687,12727.5223,30,False,,,,,,,,,,,False,False
train_2023_2024,cci_h1_chop_h4,personal,cost2,PORTFOLIO,77,0,-116.07657434099201,-116.07657434099201,0.23376623376623376,0.615530288526767,42.152282584000005,-13.143361756992501,26441.905570000003,46,False,,,,,,,,,,,False,False
train_2023_2024,cci_h1_chop_h4,personal,cost2,BTCUSDT,42,0,-34.088096861334236,-34.088096861334236,0.23809523809523808,0.797045729419393,24.780147544000005,-8.7278193173345,15529.366870000002,31,False,,,,,,,,,,,False,False
train_2023_2024,cci_h1_chop_h4,personal,cost2,ETHUSDT,35,0,-81.98847747965777,-81.98847747965777,0.22857142857142856,0.3879353399347757,17.372135040000003,-4.415542439658,10912.538700000001,30,False,,,,,,,,,,,False,False
train_2023_2024,cci_h1_chop_h4,public,cost1,PORTFOLIO,77,0,-57.27848452852184,-57.27848452852184,0.2857142857142857,0.8034117643835954,36.20207235,-7.1027421785221,30258.118360000004,46,False,,,,,,,,,,,False,False
train_2023_2024,cci_h1_chop_h4,public,cost1,BTCUSDT,42,0,6.271055708052898,6.271055708052898,0.2857142857142857,1.0384304024181807,21.48636795,-4.7509063419471005,17939.853860000003,31,False,,,,,,,,,,,False,False
train_2023_2024,cci_h1_chop_h4,public,cost1,ETHUSDT,35,0,-63.549540236574735,-63.549540236574735,0.2857142857142857,0.5042287090488462,14.715704399999998,-2.3518358365750003,12318.264500000001,30,False,,,,,,,,,,,False,False
train_2023_2024,cci_h1_chop_h4,public,cost2,PORTFOLIO,77,0,-134.61722268452502,-134.61722268452502,0.2077922077922078,0.557859191174212,60.285290052,-12.559582632525501,25211.356,46,False,,,,,,,,,,,False,False
train_2023_2024,cci_h1_chop_h4,public,cost2,BTCUSDT,42,0,-45.541823961959246,-45.541823961959246,0.21428571428571427,0.7318219234704512,35.495995812000004,-8.3334781499595,14830.733600000001,31,False,,,,,,,,,,,False,False
train_2023_2024,cci_h1_chop_h4,public,cost2,ETHUSDT,35,0,-89.07539872256578,-89.07539872256578,0.2,0.3384549502926933,24.78929424,-4.226104482566,10380.6224,30,False,,,,,,,,,,,False,False
train_2023_2024,cci_h1_chop_h1,personal,cost1,PORTFOLIO,109,1,30.670416597629185,36.46564355262917,0.3119266055045872,1.1221369233966132,28.383711992000002,-8.5489114103712,35572.823410000005,65,True,,,,,,,,,,,False,False
train_2023_2024,cci_h1_chop_h1,personal,cost1,BTCUSDT,58,1,49.77238248895491,55.56760944395489,0.3448275862068966,1.3768893816344978,15.635782992000003,-4.5953745190452,19557.829910000004,49,False,,,,,,,,,,,False,False
train_2023_2024,cci_h1_chop_h1,personal,cost1,ETHUSDT,51,0,-19.101965891325726,-19.101965891325726,0.27450980392156865,0.873602538216691,12.747929000000001,-3.9535368913260003,16014.9935,42,False,,,,,,,,,,,False,False
train_2023_2024,cci_h1_chop_h1,personal,cost2,PORTFOLIO,109,1,-66.54568090489772,-61.04705213289775,0.29357798165137616,0.8053751342891364,48.73641724000001,-15.387853664897701,30556.81604,65,True,,,,,,,,,,,False,False
train_2023_2024,cci_h1_chop_h1,personal,cost2,BTCUSDT,58,1,-7.287733844205758,-1.7891050722057873,0.3275862068965517,0.9885688242223737,27.062897800000005,-8.5061260442057,16935.428140000004,49,False,,,,,,,,,,,False,False
train_2023_2024,cci_h1_chop_h1,personal,cost2,ETHUSDT,51,0,-59.25794706069196,-59.25794706069196,0.2549019607843137,0.6229311815806097,21.67351944,-6.881727620692001,13621.387900000002,42,False,,,,,,,,,,,False,False
train_2023_2024,cci_h1_chop_h1,public,cost1,PORTFOLIO,109,1,13.064115328960362,18.785633158960344,0.3119266055045872,1.062583477863309,41.509340844,-8.310703827040001,34680.10733,65,True,,,,,,,,,,,False,False
train_2023_2024,cci_h1_chop_h1,public,cost1,BTCUSDT,58,1,40.0929260187721,45.81444384877208,0.3448275862068966,1.3073348730489707,22.923502884,-4.497331097228,19115.79623,49,False,,,,,,,,,,,False,False
train_2023_2024,cci_h1_chop_h1,public,cost1,ETHUSDT,51,0,-27.028810689811735,-27.028810689811735,0.27450980392156865,0.8211186509485779,18.58583796,-3.8133727298120004,15564.3111,42,False,,,,,,,,,,,False,False
train_2023_2024,cci_h1_chop_h1,public,cost2,PORTFOLIO,109,1,-92.7520467531869,-87.27617950318694,0.27522935779816515,0.7266207976977761,70.346685144,-14.905021609186901,29403.258810000003,65,True,,,,,,,,,,,False,False
train_2023_2024,cci_h1_chop_h1,public,cost2,BTCUSDT,58,1,-21.201676876297956,-15.725809626297986,0.3275862068965517,0.900906924218444,39.011390544,-8.2064463322979,16275.000910000002,49,False,,,,,,,,,,,False,False
train_2023_2024,cci_h1_chop_h1,public,cost2,ETHUSDT,51,0,-71.55036987688895,-71.55036987688895,0.21568627450980393,0.5543481338702131,31.335294599999997,-6.698575276889001,13128.2579,42,False,,,,,,,,,,,False,False
train_2023_2024,cci_h1_chop_m30,personal,cost1,PORTFOLIO,137,1,3.6714000474392363,7.492104202439211,0.36496350364963503,1.0177350475889086,35.150060536000005,-10.924059416561201,44016.012480000005,67,True,,,,,,,,,,,False,False
train_2023_2024,cci_h1_chop_m30,personal,cost1,BTCUSDT,72,1,80.47182343375695,84.29252758875693,0.4305555555555556,1.393706799302074,21.143147896000002,-6.4295486702432,26442.831780000004,50,False,,,,,,,,,,,False,False
train_2023_2024,cci_h1_chop_m30,personal,cost1,ETHUSDT,65,0,-76.80042338631772,-76.80042338631772,0.2923076923076923,0.6313812486975992,14.006912640000001,-4.494510746318,17573.1807,45,False,,,,,,,,,,,False,False
train_2023_2024,cci_h1_chop_m30,personal,cost2,PORTFOLIO,137,1,-120.59709396712016,-116.74566855512016,0.3284671532846715,0.7294385995710897,60.32369219200001,-19.5661417751202,37795.54544,67,True,,,,,,,,,,,False,False
train_2023_2024,cci_h1_chop_m30,personal,cost2,BTCUSDT,72,1,-6.121696612437234,-2.270271200437234,0.375,0.9897334495367748,36.076442672000006,-11.500093940437202,22578.460540000004,50,False,,,,,,,,,,,False,False
train_2023_2024,cci_h1_chop_m30,personal,cost2,ETHUSDT,65,0,-114.47539735468293,-114.47539735468293,0.27692307692307694,0.4558154759614566,24.24724952,-8.066047834683001,15217.0849,45,False,,,,,,,,,,,False,False
train_2023_2024,cci_h1_chop_m30,public,cost1,PORTFOLIO,137,1,-22.36293425477697,-18.565988583776996,0.36496350364963503,0.9563584118366626,51.367482192,-10.621072062777401,42885.210880000006,67,True,,,,,,,,,,,False,False
train_2023_2024,cci_h1_chop_m30,public,cost1,BTCUSDT,72,1,65.28242830318877,69.07937397418874,0.4305555555555556,1.321572624114875,30.853041012000002,-6.2638506848114,25725.090980000004,50,False,,,,,,,,,,,False,False
train_2023_2024,cci_h1_chop_m30,public,cost1,ETHUSDT,65,0,-87.64536255796574,-87.64536255796574,0.2923076923076923,0.5838347366673203,20.51444118,-4.357221377966,17160.1199,45,False,,,,,,,,,,,False,False
train_2023_2024,cci_h1_chop_m30,public,cost2,PORTFOLIO,137,1,-153.29594049218048,-149.43075860418045,0.31386861313868614,0.6571101937910966,86.804039976,-18.811400516180502,36259.21521,67,True,,,,,,,,,,,False,False
train_2023_2024,cci_h1_chop_m30,public,cost2,BTCUSDT,72,1,-25.714538574952538,-21.849356686952536,0.3611111111111111,0.9020818482303514,51.843059136,-11.0418794389525,21631.076810000002,50,False,,,,,,,,,,,False,False
train_2023_2024,cci_h1_chop_m30,public,cost2,ETHUSDT,65,0,-127.58140191722794,-127.58140191722794,0.26153846153846155,0.40006642528982667,34.96098084,-7.769521077228,14628.1384,45,False,,,,,,,,,,,False,False
train_2023_2024,cci_h1_chop_m15,personal,cost1,PORTFOLIO,176,1,165.23762962814183,169.5914552931418,0.3806818181818182,1.266528753594007,64.46779120000001,-21.078559171858902,80564.82116,77,True,,,,,,,,,,,False,False
train_2023_2024,cci_h1_chop_m15,personal,cost1,BTCUSDT,95,1,67.20435098549527,71.55817665049523,0.3894736842105263,1.206958078713338,38.45221612000001,-11.5245128945049,48054.40546,65,False,,,,,,,,,,,False,False
train_2023_2024,cci_h1_chop_m15,personal,cost1,ETHUSDT,81,0,98.03327864264656,98.03327864264656,0.37037037037037035,1.3374229104578998,26.01557508,-9.554046277354,32510.4157,52,False,,,,,,,,,,,False,False
train_2023_2024,cci_h1_chop_m15,personal,cost2,PORTFOLIO,176,1,-72.85836186710421,-68.78038201910421,0.3181818181818182,0.8899715602636902,102.03437808800001,-34.2843737791039,63802.19141000001,77,True,,,,,,,,,,,False,False
train_2023_2024,cci_h1_chop_m15,personal,cost2,BTCUSDT,95,1,-65.42970344338211,-61.351723595382104,0.3263157894736842,0.8226667687467205,60.40878536800001,-18.753008075381903,37778.360510000006,65,False,,,,,,,,,,,False,False
train_2023_2024,cci_h1_chop_m15,personal,cost2,ETHUSDT,81,0,-7.4286584237221,-7.4286584237221,0.30864197530864196,0.9733879116948734,41.62559272000001,-15.531365703722,26023.8309,52,False,,,,,,,,,,,False,False
train_2023_2024,cci_h1_chop_m15,public,cost1,PORTFOLIO,176,1,119.81796794058191,124.17056419758188,0.3693181818181818,1.19501685860925,93.178359288,-20.2983127714188,77632.23693,77,True,,,,,,,,,,,False,False
train_2023_2024,cci_h1_chop_m15,public,cost1,BTCUSDT,95,1,42.44162232244336,46.79421857944333,0.3684210526315789,1.1353150890657155,55.484208288000005,-11.0682093895568,46227.378930000006,65,False,,,,,,,,,,,False,False
train_2023_2024,cci_h1_chop_m15,public,cost1,ETHUSDT,81,0,77.37634561813854,77.37634561813854,0.37037037037037035,1.2659891623154371,37.694151,-9.230103381862001,31404.858,52,False,,,,,,,,,,,False,False
train_2023_2024,cci_h1_chop_m15,public,cost2,PORTFOLIO,176,1,-124.26058428786808,-120.27461546586808,0.3125,0.8077416643071337,143.980844136,-32.2451401518678,60024.65677,77,True,,,,,,,,,,,False,False
train_2023_2024,cci_h1_chop_m15,public,cost2,BTCUSDT,95,1,-92.39279741643301,-88.40682859443301,0.3157894736842105,0.744592201241003,84.915936816,-17.601160600432802,35404.554070000006,65,False,,,,,,,,,,,False,False
train_2023_2024,cci_h1_chop_m15,public,cost2,ETHUSDT,81,0,-31.867786871435076,-31.867786871435076,0.30864197530864196,0.8859619286619508,59.064907319999996,-14.643979551435,24620.102700000003,52,False,,,,,,,,,,,False,False
train_2023_2024,cci_h1_chop_m5,personal,cost1,PORTFOLIO,276,1,-135.30232360370715,-130.18482597870715,0.3007246376811594,0.8774676577244523,107.44401966000001,-26.451313943707703,134326.41017000002,93,True,,,,,,,,,,,False,False
train_2023_2024,cci_h1_chop_m5,personal,cost1,BTCUSDT,142,1,-64.50045242692055,-59.38295480192056,0.352112676056338,0.8907173937255424,59.533919620000006,-14.235642806920701,74405.66727,78,True,,,,,,,,,,,False,False
train_2023_2024,cci_h1_chop_m5,personal,cost1,ETHUSDT,134,0,-70.80187117678659,-70.80187117678659,0.2462686567164179,0.8635969958652894,47.91010004,-12.215671136787,59920.742900000005,68,True,,,,,,,,,,,False,False
train_2023_2024,cci_h1_chop_m5,personal,cost2,PORTFOLIO,276,1,-387.48609453537927,-383.5886757253793,0.26811594202898553,0.6094941743334223,158.220356336,-39.6930781993795,98960.45724,93,True,,,,,,,,,,,False,False
train_2023_2024,cci_h1_chop_m5,personal,cost2,BTCUSDT,142,1,-208.1260618153485,-204.2286430053485,0.323943661971831,0.5944176649473355,86.99159833600001,-21.140303479348503,54397.561740000005,78,True,,,,,,,,,,,False,False
train_2023_2024,cci_h1_chop_m5,personal,cost2,ETHUSDT,134,0,-179.36003272003077,-179.36003272003077,0.208955223880597,0.6253517382418543,71.228758,-18.552774720031,44562.8955,68,True,,,,,,,,,,,False,False
train_2023_2024,cci_h1_chop_m5,public,cost1,PORTFOLIO,276,1,-177.52616318693865,-172.52269332293866,0.3007246376811594,0.8352993671573642,153.305407374,-25.202005812939202,127771.47135,93,True,,,,,,,,,,,False,False
train_2023_2024,cci_h1_chop_m5,public,cost1,BTCUSDT,142,1,-92.60761184197605,-87.60414197797607,0.352112676056338,0.836713342409434,84.837326094,-13.426535747976201,70688.29875,78,True,,,,,,,,,,,False,False
train_2023_2024,cci_h1_chop_m5,public,cost1,ETHUSDT,134,0,-84.91855134496261,-84.91855134496261,0.2462686567164179,0.8338147804495072,68.46808127999999,-11.775470064963,57083.172600000005,68,True,,,,,,,,,,,False,False
train_2023_2024,cci_h1_chop_m5,public,cost2,PORTFOLIO,276,1,-437.270282701866,-433.718042671866,0.25,0.550838220889482,218.88787334399998,-36.5690093578662,91273.07620000001,93,True,,,,,,,,,,,False,False
train_2023_2024,cci_h1_chop_m5,public,cost2,BTCUSDT,142,1,-233.9981899288782,-230.44594989887818,0.2887323943661972,0.5349411276038848,120.001422504,-19.3820674248782,50028.56020000001,78,True,,,,,,,,,,,False,False
train_2023_2024,cci_h1_chop_m5,public,cost2,ETHUSDT,134,0,-203.2720927729878,-203.2720927729878,0.208955223880597,0.567595047254124,98.88645084,-17.186941932988002,41244.516,68,True,,,,,,,,,,,False,False
train_2023_2024,cci_h1_chop_m3,personal,cost1,PORTFOLIO,308,1,-170.59643828806963,-165.68364056806965,0.32142857142857145,0.8526563641453934,116.43902171200001,-28.135336576070003,145574.22614,97,True,,,,,,,,,,,False,False
train_2023_2024,cci_h1_chop_m3,personal,cost1,BTCUSDT,161,1,-66.34194594263244,-61.429148222632456,0.3416149068322981,0.894442208597257,65.34815279200001,-15.598613150633001,81681.17424000001,83,True,,,,,,,,,,,False,False
train_2023_2024,cci_h1_chop_m3,personal,cost1,ETHUSDT,147,0,-104.2544923454372,-104.2544923454372,0.29931972789115646,0.8078339468791536,51.090868920000005,-12.536723425437,63893.051900000006,74,True,,,,,,,,,,,False,False
train_2023_2024,cci_h1_chop_m3,personal,cost2,PORTFOLIO,308,1,-436.7888283044593,-433.3499293544593,0.2694805194805195,0.5804725958974164,168.68339092000002,-41.0275873844596,105514.36488000001,97,True,,,,,,,,,,,False,False
train_2023_2024,cci_h1_chop_m3,personal,cost2,BTCUSDT,161,1,-227.57991290110178,-224.1410139511018,0.3105590062111801,0.5854346888936656,94.24987636000002,-22.6411865411016,58946.34838,83,True,,,,,,,,,,,False,False
train_2023_2024,cci_h1_chop_m3,personal,cost2,ETHUSDT,147,0,-209.2089154033575,-209.2089154033575,0.22448979591836735,0.5750228193578757,74.43351456,-18.386400843358,46568.016500000005,74,True,,,,,,,,,,,False,False
train_2023_2024,cci_h1_chop_m3,public,cost1,PORTFOLIO,308,1,-225.72376688338207,-221.1372528413821,0.31493506493506496,0.7997629176562142,165.109010496,-26.413296387382402,137616.2978,97,True,,,,,,,,,,,False,False
train_2023_2024,cci_h1_chop_m3,public,cost1,BTCUSDT,161,1,-98.90780938362388,-94.3212953416239,0.3416149068322981,0.8354747528474287,92.620208616,-14.6209407676244,77181.68310000001,83,True,,,,,,,,,,,False,False
train_2023_2024,cci_h1_chop_m3,public,cost1,ETHUSDT,147,0,-126.81595749975818,-126.81595749975818,0.2857142857142857,0.7612127149666357,72.48880188,-11.792355619758,60434.614700000006,74,True,,,,,,,,,,,False,False
train_2023_2024,cci_h1_chop_m3,public,cost2,PORTFOLIO,308,1,-487.5725917108215,-484.2571676828215,0.2532467532467532,0.5233115231722756,233.136920316,-37.8851813948218,97222.10035000001,97,True,,,,,,,,,,,False,False
train_2023_2024,cci_h1_chop_m3,public,cost2,BTCUSDT,161,1,-256.361457032405,-253.04603300440496,0.2857142857142857,0.5255305439131888,129.968664636,-20.719702396404802,54193.20075,83,True,,,,,,,,,,,False,False
train_2023_2024,cci_h1_chop_m3,public,cost2,ETHUSDT,147,0,-231.21113467841653,-231.21113467841653,0.21768707482993196,0.5208590334592967,103.16825568,-17.165478998417,43028.899600000004,74,True,,,,,,,,,,,False,False
train_2023_2024,cci_h1_chop_m1,personal,cost1,PORTFOLIO,354,1,-307.78243151426267,-303.85663260926265,0.3050847457627119,0.7546750925771984,129.857573792,-28.223597722263303,162386.00547,98,True,,,,,,,,,,,False,False
train_2023_2024,cci_h1_chop_m1,personal,cost1,BTCUSDT,187,1,-156.2451719768397,-152.31937307183972,0.32085561497326204,0.774163156858157,74.986268112,-15.845043864840301,93761.25547,86,True,,,,,,,,,,,False,False
train_2023_2024,cci_h1_chop_m1,personal,cost1,ETHUSDT,167,0,-151.53725953742295,-151.53725953742295,0.2874251497005988,0.7313750936707878,54.871305680000006,-12.378553857423,68624.75,74,True,,,,,,,,,,,False,False
train_2023_2024,cci_h1_chop_m1,personal,cost2,PORTFOLIO,354,1,-553.7922621084523,-551.0429477224523,0.2655367231638418,0.5103633413280599,185.53181028800003,-40.7434318204526,116077.10041000001,98,True,,,,,,,,,,,False,False
train_2023_2024,cci_h1_chop_m1,personal,cost2,BTCUSDT,187,1,-305.62216297807066,-302.8728485920706,0.28342245989304815,0.507022730771121,105.74035500800001,-22.6788879700706,66154.79731000001,86,True,,,,,,,,,,,False,False
train_2023_2024,cci_h1_chop_m1,personal,cost2,ETHUSDT,167,0,-248.17009913038163,-248.17009913038163,0.24550898203592814,0.514379463235546,79.79145528000001,-18.064543850382,49922.303100000005,74,True,,,,,,,,,,,False,False
train_2023_2024,cci_h1_chop_m1,public,cost1,PORTFOLIO,354,1,-359.8851426463202,-356.26151468732024,0.2994350282485876,0.7073520500437621,183.900303024,-26.6045996223208,153310.47703,98,True,,,,,,,,,,,False,False
train_2023_2024,cci_h1_chop_m1,public,cost1,BTCUSDT,187,1,-187.43838458780826,-183.81475662880828,0.31016042780748665,0.7225717504952924,105.835383324,-14.815661263808801,88224.65333000002,86,True,,,,,,,,,,,False,False
train_2023_2024,cci_h1_chop_m1,public,cost1,ETHUSDT,167,0,-172.44675805851196,-172.44675805851196,0.2874251497005988,0.6891761867840037,78.06491969999999,-11.788938358512,65085.8237,74,True,,,,,,,,,,,False,False
train_2023_2024,cci_h1_chop_m1,public,cost2,PORTFOLIO,353,1,-597.1510558624142,-594.5226395824143,0.24645892351274787,0.46167454829893967,254.809325388,-37.9155004744146,106281.63876,98,True,,,,,,,,,,,False,False
train_2023_2024,cci_h1_chop_m1,public,cost2,BTCUSDT,186,1,-326.1417909834316,-323.5133747034316,0.25268817204301075,0.4597800237682972,143.774281908,-20.8259790754316,59972.31136000001,86,True,,,,,,,,,,,False,False
train_2023_2024,cci_h1_chop_m1,public,cost2,ETHUSDT,167,0,-271.00926487898266,-271.00926487898266,0.23952095808383234,0.4639187830663754,111.03504348,-17.089521398983,46309.3274,74,True,,,,,,,,,,,False,False
train_2023_2024,cci_m30_chop_w,personal,cost1,PORTFOLIO,82,1,42.736741028533125,39.49748910353307,0.34146341463414637,1.101686763156804,47.551308520000006,-21.456230451466503,59383.263510000004,26,False,,,,,,,,,,,False,False
train_2023_2024,cci_m30_chop_w,personal,cost1,BTCUSDT,74,1,71.35528137512213,68.11602945012207,0.35135135135135137,1.1955854650613764,45.163300760000006,-19.5026978648775,56386.11531000001,26,False,,,,,,,,,,,False,False
train_2023_2024,cci_m30_chop_w,personal,cost1,ETHUSDT,8,0,-28.618540346589,-28.618540346589,0.25,0.2873119505795047,2.3880077600000003,-1.9535325865890003,2997.1482,3,False,,,,,,,,,,,False,False
train_2023_2024,cci_m30_chop_w,personal,cost2,PORTFOLIO,82,1,-92.8786359464659,-93.63790607646594,0.34146341463414637,0.7613511604183316,74.65006480000001,-34.136391146466,46648.336590000006,26,False,,,,,,,,,,,False,False
train_2023_2024,cci_m30_chop_w,personal,cost2,BTCUSDT,74,1,-61.73203715285994,-62.49130728285998,0.35135135135135137,0.8232193063552193,70.82801144000001,-31.00714571286,44247.455590000005,26,False,,,,,,,,,,,False,False
train_2023_2024,cci_m30_chop_w,personal,cost2,ETHUSDT,8,0,-31.146598793605968,-31.146598793605968,0.25,0.1987122981538013,3.8220533600000004,-3.129245433606,2400.8810000000003,3,False,,,,,,,,,,,False,False
train_2023_2024,cci_m30_chop_w,public,cost1,PORTFOLIO,82,1,19.40497608808143,16.66448211408138,0.34146341463414637,1.0429184259854005,68.445299988,-20.5852239239182,56983.53224000001,26,False,,,,,,,,,,,False,False
train_2023_2024,cci_m30_chop_w,public,cost1,BTCUSDT,74,1,48.56636733628343,45.825873362283374,0.35135135135135137,1.131366181631234,65.045527908,-18.7636047557162,54138.418840000006,26,False,,,,,,,,,,,False,False
train_2023_2024,cci_m30_chop_w,public,cost1,ETHUSDT,8,0,-29.161391248201998,-29.161391248201998,0.25,0.26065084213883977,3.39977208,-1.821619168202,2845.1134,3,False,,,,,,,,,,,False,False
train_2023_2024,cci_m30_chop_w,public,cost2,PORTFOLIO,82,1,-120.30903637764851,-120.54525753564855,0.3170731707317073,0.6925285957759627,105.024375288,-32.0904210896486,43751.75349,26,False,,,,,,,,,,,False,False
train_2023_2024,cci_m30_chop_w,public,cost2,BTCUSDT,74,1,-89.01808461635254,-89.25430577435257,0.32432432432432434,0.7473818505211314,99.484348608,-29.133196008352602,41432.01219,26,False,,,,,,,,,,,False,False
train_2023_2024,cci_m30_chop_w,public,cost2,ETHUSDT,8,0,-31.290951761295972,-31.290951761295972,0.25,0.1922097482931637,5.54002668,-2.9572250812960004,2319.7413,3,False,,,,,,,,,,,False,False
train_2023_2024,cci_m30_chop_d,personal,cost1,PORTFOLIO,91,0,-170.54561566046243,-170.54561566046243,0.25274725274725274,0.5780524837287759,41.257061204,-9.6022644564623,51564.07076,29,False,,,,,,,,,,,False,False
train_2023_2024,cci_m30_chop_d,personal,cost1,BTCUSDT,50,0,-78.02818631769074,-78.02818631769074,0.28,0.6603755562440724,24.350658044000003,-6.5181382736903,30402.21756,20,False,,,,,,,,,,,False,False
train_2023_2024,cci_m30_chop_d,personal,cost1,ETHUSDT,41,0,-92.5174293427717,-92.5174293427717,0.21951219512195122,0.469626803912129,16.906403160000004,-3.084126182772,21161.8532,18,False,,,,,,,,,,,False,False
train_2023_2024,cci_m30_chop_d,personal,cost2,PORTFOLIO,90,0,-248.84266477295347,-248.84266477295347,0.2111111111111111,0.40028162076910706,65.97618048000001,-16.3914442929532,41250.092110000005,29,False,,,,,,,,,,,False,False
train_2023_2024,cci_m30_chop_d,personal,cost2,BTCUSDT,49,0,-122.23184865524226,-122.23184865524226,0.22448979591836735,0.4744365385403515,38.103787200000006,-11.0356214552422,23798.941110000003,20,False,,,,,,,,,,,False,False
train_2023_2024,cci_m30_chop_d,personal,cost2,ETHUSDT,41,0,-126.6108161177112,-126.6108161177112,0.1951219512195122,0.30570787142619543,27.872393280000004,-5.355822837711,17451.151,18,False,,,,,,,,,,,False,False
train_2023_2024,cci_m30_chop_d,public,cost1,PORTFOLIO,91,0,-186.66281116679673,-186.66281116679673,0.24175824175824176,0.5430138848172846,60.015535182,-9.2990659847966,50007.00752000001,29,False,,,,,,,,,,,False,False
train_2023_2024,cci_m30_chop_d,public,cost1,BTCUSDT,50,0,-86.99534118311301,-86.99534118311301,0.26,0.6239014413563851,35.339073522,-6.303957661112601,29414.662220000002,20,False,,,,,,,,,,,False,False
train_2023_2024,cci_m30_chop_d,public,cost1,ETHUSDT,41,0,-99.6674699836837,-99.6674699836837,0.21951219512195122,0.4373996050482742,24.676461659999998,-2.995108323684,20592.3453,18,False,,,,,,,,,,,False,False
train_2023_2024,cci_m30_chop_d,public,cost2,PORTFOLIO,91,0,-272.0818947432329,-272.0818947432329,0.1978021978021978,0.35672804957057136,94.946748852,-15.400455891232602,39574.06704,29,False,,,,,,,,,,,False,False
train_2023_2024,cci_m30_chop_d,public,cost2,BTCUSDT,50,0,-139.44890015348273,-139.44890015348273,0.2,0.4214385193483931,55.977872772,-10.461537381482602,23306.92074,20,False,,,,,,,,,,,False,False
train_2023_2024,cci_m30_chop_d,public,cost2,ETHUSDT,41,0,-132.63299458975018,-132.63299458975018,0.1951219512195122,0.2710015345662886,38.96887608,-4.938918509750001,16267.1463,18,False,,,,,,,,,,,False,False
train_2023_2024,cci_m30_chop_h12,personal,cost1,PORTFOLIO,72,0,-74.69836838233785,-74.69836838233785,0.2638888888888889,0.7907616485284644,31.064749120000005,-8.674479262338,38813.53805,30,False,,,,,,,,,,,False,False
train_2023_2024,cci_m30_chop_h12,personal,cost1,BTCUSDT,45,0,-31.355088392144125,-31.355088392144125,0.28888888888888886,0.8662440381307213,21.066591600000002,-6.272756792144,26282.356350000002,23,False,,,,,,,,,,,False,False
train_2023_2024,cci_m30_chop_h12,personal,cost1,ETHUSDT,27,0,-43.34327999019372,-43.34327999019372,0.2222222222222222,0.6464116997386226,9.998157520000001,-2.401722470194,12531.181700000001,16,False,,,,,,,,,,,False,False
train_2023_2024,cci_m30_chop_h12,personal,cost2,PORTFOLIO,72,0,-151.09742394711665,-151.09742394711665,0.25,0.5805705508105438,51.15455820000001,-14.864715747116502,31974.887690000003,30,False,,,,,,,,,,,False,False
train_2023_2024,cci_m30_chop_h12,personal,cost2,BTCUSDT,45,0,-84.0446477199126,-84.0446477199126,0.26666666666666666,0.6425164774660178,34.41949084000001,-10.682806879912501,21481.325790000003,23,False,,,,,,,,,,,False,False
train_2023_2024,cci_m30_chop_h12,personal,cost2,ETHUSDT,27,0,-67.05277622720405,-67.05277622720405,0.2222222222222222,0.46419669957213,16.735067360000002,-4.181908867204,10493.5619,16,False,,,,,,,,,,,False,False
train_2023_2024,cci_m30_chop_h12,public,cost1,PORTFOLIO,72,0,-86.92518015824938,-86.92518015824938,0.25,0.7566558999319655,45.110583876,-8.4240962822495,37575.8937,30,False,,,,,,,,,,,False,False
train_2023_2024,cci_m30_chop_h12,public,cost1,BTCUSDT,45,0,-40.24394163356265,-40.24394163356265,0.26666666666666666,0.8283961583512677,30.531009695999998,-6.0671319375625,25393.6434,23,False,,,,,,,,,,,False,False
train_2023_2024,cci_m30_chop_h12,public,cost1,ETHUSDT,27,0,-46.68123852468673,-46.68123852468673,0.2222222222222222,0.6195324689297703,14.57957418,-2.356964344687,12182.2503,16,False,,,,,,,,,,,False,False
train_2023_2024,cci_m30_chop_h12,public,cost2,PORTFOLIO,72,0,-168.46879363335023,-168.46879363335023,0.2361111111111111,0.5351323318046158,73.03161729600001,-14.193816337350102,30433.38127,30,False,,,,,,,,,,,False,False
train_2023_2024,cci_m30_chop_h12,public,cost2,BTCUSDT,45,0,-95.8012538653342,-95.8012538653342,0.24444444444444444,0.5929698267572425,48.886247016,-10.146946849334102,20340.466770000003,23,False,,,,,,,,,,,False,False
train_2023_2024,cci_m30_chop_h12,public,cost2,ETHUSDT,27,0,-72.66753976801603,-72.66753976801603,0.2222222222222222,0.4279729582674751,24.145370279999998,-4.046869488016,10092.9145,16,False,,,,,,,,,,,False,False
train_2023_2024,cci_m30_chop_h6,personal,cost1,PORTFOLIO,83,0,123.01296030592734,123.01296030592734,0.25301204819277107,1.2748327507868866,43.044667164,-11.2297025300733,53811.22163000001,44,False,,,,,,,,,,,False,False
train_2023_2024,cci_m30_chop_h6,personal,cost1,BTCUSDT,50,0,232.62185779262663,232.62185779262663,0.3,1.8995653788709301,28.173115204000005,-7.8154570033733,35169.485830000005,35,False,,,,,,,,,,,False,False
train_2023_2024,cci_m30_chop_h6,personal,cost1,ETHUSDT,33,0,-109.60889748669929,-109.60889748669929,0.18181818181818182,0.42005402657817914,14.871551960000001,-3.4142455267000003,18641.735800000002,25,False,,,,,,,,,,,False,False
train_2023_2024,cci_m30_chop_h6,personal,cost2,PORTFOLIO,83,0,-36.18861448245592,-36.18861448245592,0.21686746987951808,0.9182937232078084,67.74674050400002,-18.758623978456303,42375.392920000006,44,False,,,,,,,,,,,False,False
train_2023_2024,cci_m30_chop_h6,personal,cost2,BTCUSDT,50,0,97.23771955214195,97.23771955214195,0.26,1.3853882488739402,43.770931864000005,-12.7732985838583,27337.759420000002,35,False,,,,,,,,,,,False,False
train_2023_2024,cci_m30_chop_h6,personal,cost2,ETHUSDT,33,0,-133.4263340345979,-133.4263340345979,0.15151515151515152,0.2999667860211692,23.975808640000004,-5.985325394598,15037.6335,25,False,,,,,,,,,,,False,False
train_2023_2024,cci_m30_chop_h6,public,cost1,PORTFOLIO,83,0,90.40752444514322,90.40752444514322,0.24096385542168675,1.2016385141521115,62.152041768,-10.8999737868574,51798.70538000001,44,False,,,,,,,,,,,False,False
train_2023_2024,cci_m30_chop_h6,public,cost1,BTCUSDT,50,0,208.59284813157353,208.59284813157353,0.3,1.8096869115600176,40.549843848,-7.5700480204264,33745.646080000006,35,False,,,,,,,,,,,False,False
train_2023_2024,cci_m30_chop_h6,public,cost1,ETHUSDT,33,0,-118.18532368643032,-118.18532368643032,0.15151515151515152,0.38039415841716906,21.60219792,-3.3299257664310002,18053.0593,25,False,,,,,,,,,,,False,False
train_2023_2024,cci_m30_chop_h6,public,cost2,PORTFOLIO,83,0,-72.90621956154533,-72.90621956154533,0.20481927710843373,0.8345557522942725,94.99590288,-17.605116681545702,39613.588840000004,44,False,,,,,,,,,,,False,False
train_2023_2024,cci_m30_chop_h6,public,cost2,BTCUSDT,50,0,67.21272060028855,67.21272060028855,0.24,1.268250200104742,61.21945176,-11.930627639711702,25490.546140000002,35,False,,,,,,,,,,,False,False
train_2023_2024,cci_m30_chop_h6,public,cost2,ETHUSDT,33,0,-140.11894016183388,-140.11894016183388,0.15151515151515152,0.2629570432177133,33.77645112,-5.674489041834001,14123.0427,25,False,,,,,,,,,,,False,False
train_2023_2024,cci_m30_chop_h4,personal,cost1,PORTFOLIO,88,0,-36.844860226899286,-36.844860226899286,0.25,0.9092192790681533,37.725735804,-9.214314422899601,47267.44733,52,False,,,,,,,,,,,False,False
train_2023_2024,cci_m30_chop_h4,personal,cost1,BTCUSDT,43,0,161.52560729687644,161.52560729687644,0.32558139534883723,1.9649767404532614,20.147831244000002,-5.1739514591236,25203.248630000002,35,False,,,,,,,,,,,False,False
train_2023_2024,cci_m30_chop_h4,personal,cost1,ETHUSDT,45,0,-198.37046752377572,-198.37046752377572,0.17777777777777778,0.16818298016592265,17.57790456,-4.040362963776,22064.1987,34,False,,,,,,,,,,,False,False
train_2023_2024,cci_m30_chop_h4,personal,cost2,PORTFOLIO,88,0,-149.67125763471046,-149.67125763471046,0.2159090909090909,0.6310994715473554,60.20746432000001,-15.8727333147107,37738.4081,52,False,,,,,,,,,,,False,False
train_2023_2024,cci_m30_chop_h4,personal,cost2,BTCUSDT,43,0,60.008170710827535,60.008170710827535,0.3023255813953488,1.3513667888338285,31.861818400000004,-9.076550889172701,19937.1002,35,False,,,,,,,,,,,False,False
train_2023_2024,cci_m30_chop_h4,personal,cost2,ETHUSDT,45,0,-209.67942834553799,-209.67942834553799,0.13333333333333333,0.10750995098617458,28.345645920000003,-6.796182425538,17801.3079,34,False,,,,,,,,,,,False,False
train_2023_2024,cci_m30_chop_h4,public,cost1,PORTFOLIO,88,0,-56.406259992040795,-56.406259992040795,0.23863636363636365,0.8604463760582,54.363803063999995,-8.878796928041101,45409.4496,52,False,,,,,,,,,,,False,False
train_2023_2024,cci_m30_chop_h4,public,cost1,BTCUSDT,43,0,142.47482618357193,142.47482618357193,0.32558139534883723,1.8484812398909194,29.021856504,-4.9698573124281005,24202.605300000003,35,False,,,,,,,,,,,False,False
train_2023_2024,cci_m30_chop_h4,public,cost1,ETHUSDT,45,0,-198.88108617561272,-198.88108617561272,0.15555555555555556,0.15825761781633355,25.34194656,-3.9089396156130003,21206.8443,34,False,,,,,,,,,,,False,False
train_2023_2024,cci_m30_chop_h4,public,cost2,PORTFOLIO,88,0,-175.19646294734136,-175.19646294734136,0.19318181818181818,0.5695013861522505,85.081038024,-15.010324923341601,35554.44315,52,False,,,,,,,,,,,False,False
train_2023_2024,cci_m30_chop_h4,public,cost2,BTCUSDT,43,0,37.34789781131262,37.34789781131262,0.27906976744186046,1.2175699474801653,44.815747464,-8.474054724687601,18695.796550000003,35,False,,,,,,,,,,,False,False
train_2023_2024,cci_m30_chop_h4,public,cost2,ETHUSDT,45,0,-212.544360758654,-212.544360758654,0.1111111111111111,0.0967185227233797,40.26529056,-6.536270198654001,16858.6466,34,False,,,,,,,,,,,False,False
train_2023_2024,cci_m30_chop_h1,personal,cost1,PORTFOLIO,109,1,23.903026600037634,29.698253555037617,0.28440366972477066,1.0812882605120473,35.758439512,-10.5272938879625,44778.089510000005,62,True,,,,,,,,,,,False,False
train_2023_2024,cci_m30_chop_h1,personal,cost1,BTCUSDT,62,1,113.19445065645449,118.98967761145447,0.3064516129032258,1.6431500297638963,21.045400072000003,-5.1203092715455005,26347.476110000003,51,False,,,,,,,,,,,False,False
train_2023_2024,cci_m30_chop_h1,personal,cost1,ETHUSDT,47,0,-89.29142405641686,-89.29142405641686,0.2553191489361702,0.5048557507073833,14.713039440000001,-5.406984616417001,18430.613400000002,39,False,,,,,,,,,,,False,False
train_2023_2024,cci_m30_chop_h1,personal,cost2,PORTFOLIO,109,1,-97.06413559402989,-91.56550682202992,0.27522935779816515,0.7590465207732889,59.17065247200001,-18.5722531220295,37061.867410000006,62,True,,,,,,,,,,,False,False
train_2023_2024,cci_m30_chop_h1,personal,cost2,BTCUSDT,62,1,19.450989091166367,24.94961786316634,0.2903225806451613,1.1273952116485626,34.852693112000004,-9.6658877968335,21820.744710000003,51,False,,,,,,,,,,,False,False
train_2023_2024,cci_m30_chop_h1,personal,cost2,ETHUSDT,47,0,-116.51512468519626,-116.51512468519626,0.2553191489361702,0.3673466410900949,24.317959360000003,-8.906365325196,15241.1227,39,False,,,,,,,,,,,False,False
train_2023_2024,cci_m30_chop_h1,public,cost1,PORTFOLIO,109,1,3.1343850927200196,8.855902922720002,0.28440366972477066,1.0240555489425327,52.091300298,-10.2839246092801,43485.135910000005,62,True,,,,,,,,,,,False,False
train_2023_2024,cci_m30_chop_h1,public,cost1,BTCUSDT,62,1,96.24291496248388,101.96443279248386,0.3064516129032258,1.5458445519890507,30.578670558000002,-5.008724479516101,25520.46091,51,False,,,,,,,,,,,False,False
train_2023_2024,cci_m30_chop_h1,public,cost1,ETHUSDT,47,0,-93.10852986976386,-93.10852986976386,0.2553191489361702,0.48656020359499486,21.512629739999998,-5.275200129764,17964.675,39,False,,,,,,,,,,,False,False
train_2023_2024,cci_m30_chop_h1,public,cost2,PORTFOLIO,109,1,-123.05938228488488,-117.8025497248849,0.26605504587155965,0.691371937380654,83.84565051599999,-17.5319217688845,35012.656460000006,62,True,,,,,,,,,,,False,False
train_2023_2024,cci_m30_chop_h1,public,cost2,BTCUSDT,62,1,-0.2853533556286347,4.971479204371338,0.2903225806451613,1.0251866105979868,49.564863636,-9.2124797196285,20687.133260000002,51,False,,,,,,,,,,,False,False
train_2023_2024,cci_m30_chop_h1,public,cost2,ETHUSDT,47,0,-122.77402892925623,-122.77402892925623,0.23404255319148937,0.3338781591119419,34.28078688,-8.319442049256,14325.523200000001,39,False,,,,,,,,,,,False,False
train_2023_2024,cci_m30_chop_m30,personal,cost1,PORTFOLIO,135,1,-3.9419765129200313,-0.1769326709200792,0.34814814814814815,0.9995899576533426,35.69658389200001,-11.6055626209204,44703.343360000006,65,True,,,,,,,,,,,False,False
train_2023_2024,cci_m30_chop_m30,personal,cost1,BTCUSDT,69,1,105.5023483143347,109.26739215633465,0.4492753623188406,1.5680347869625306,20.275736812,-6.7791848736654,25353.284260000004,50,False,,,,,,,,,,,False,False
train_2023_2024,cci_m30_chop_m30,personal,cost1,ETHUSDT,66,0,-109.44432482725473,-109.44432482725473,0.24242424242424243,0.5423384877194225,15.420847080000001,-4.826377747255,19350.059100000002,44,False,,,,,,,,,,,False,False
train_2023_2024,cci_m30_chop_m30,personal,cost2,PORTFOLIO,135,1,-129.2569399057817,-125.37863300578172,0.31851851851851853,0.7149555020807409,60.93977958400001,-20.619040321781803,38184.493310000005,65,True,,,,,,,,,,,False,False
train_2023_2024,cci_m30_chop_m30,personal,cost2,BTCUSDT,69,1,16.56873039814618,20.44703729814616,0.391304347826087,1.1021932600201982,34.557964144,-12.0514854578538,21625.287910000003,50,False,,,,,,,,,,,False,False
train_2023_2024,cci_m30_chop_m30,personal,cost2,ETHUSDT,66,0,-145.82567030392786,-145.82567030392786,0.24242424242424243,0.39182109547157234,26.381815440000004,-8.567554863928,16559.2054,44,False,,,,,,,,,,,False,False
train_2023_2024,cci_m30_chop_m30,public,cost1,PORTFOLIO,135,1,-27.002450176506347,-23.173095071506392,0.34814814814814815,0.9462433315253361,52.032379313999996,-11.1758808625067,43442.0432,65,True,,,,,,,,,,,False,False
train_2023_2024,cci_m30_chop_m30,public,cost1,BTCUSDT,69,1,90.1331297762194,93.96248488121935,0.4492753623188406,1.4850081024344695,29.641565094,-6.584815129780701,24710.8745,50,False,,,,,,,,,,,False,False
train_2023_2024,cci_m30_chop_m30,public,cost1,ETHUSDT,66,0,-117.13557995272575,-117.13557995272575,0.24242424242424243,0.5064651201453899,22.39081422,-4.591065732726,18731.168700000002,44,False,,,,,,,,,,,False,False
train_2023_2024,cci_m30_chop_m30,public,cost2,PORTFOLIO,135,1,-159.92426752891458,-156.03377530491463,0.3037037037037037,0.6495529196536347,87.964605672,-19.843201856914703,36745.95251,65,True,,,,,,,,,,,False,False
train_2023_2024,cci_m30_chop_m30,public,cost2,BTCUSDT,69,1,-3.588707564550728,0.3017846594492533,0.37681159420289856,1.0014906491661508,49.648232712,-11.546814852550702,20712.67251,50,False,,,,,,,,,,,False,False
train_2023_2024,cci_m30_chop_m30,public,cost2,ETHUSDT,66,0,-156.33555996436388,-156.33555996436388,0.22727272727272727,0.35608787904925543,38.316372959999995,-8.296387004364,16033.28,44,False,,,,,,,,,,,False,False
train_2023_2024,cci_m30_chop_m15,personal,cost1,PORTFOLIO,230,1,34.5014402643481,38.44577190834805,0.3391304347826087,1.0448559243318036,88.83482072800001,-25.365199007652503,110990.55022,86,True,,,,,,,,,,,False,False
train_2023_2024,cci_m30_chop_m15,personal,cost1,BTCUSDT,125,1,3.969356996767565,7.913688640767514,0.344,1.0164305027014253,52.93163672800001,-13.812866275232501,66140.18272000001,70,True,,,,,,,,,,,False,False
train_2023_2024,cci_m30_chop_m15,personal,cost1,ETHUSDT,105,0,30.532083267580532,30.532083267580532,0.3333333333333333,1.0813216357723479,35.903184,-11.55233273242,44850.3675,61,True,,,,,,,,,,,False,False
train_2023_2024,cci_m30_chop_m15,personal,cost2,PORTFOLIO,230,1,-237.32711185076357,-233.90507635076358,0.2826086956521739,0.7143618006723502,134.89876296000003,-39.268008890763205,84330.49741000001,86,True,,,,,,,,,,,False,False
train_2023_2024,cci_m30_chop_m15,personal,cost2,BTCUSDT,125,1,-149.3928191403485,-145.97078364034851,0.272,0.6864674597718401,79.90047696,-21.6429021803482,49956.223710000006,70,True,,,,,,,,,,,False,False
train_2023_2024,cci_m30_chop_m15,personal,cost2,ETHUSDT,105,0,-87.93429271041508,-87.93429271041508,0.29523809523809524,0.75111829776993,54.99828600000001,-17.625106710415,34374.2737,61,True,,,,,,,,,,,False,False
train_2023_2024,cci_m30_chop_m15,public,cost1,PORTFOLIO,230,1,-12.071028055666657,-8.241672950666704,0.33043478260869563,0.9902888836409965,127.409434638,-24.1776634176672,106124.51012,86,True,,,,,,,,,,,False,False
train_2023_2024,cci_m30_chop_m15,public,cost1,BTCUSDT,125,1,-26.267933643482163,-22.43857853848221,0.328,0.9532799443938182,75.993646758,-13.190156885482201,63306.353820000004,70,True,,,,,,,,,,,False,False
train_2023_2024,cci_m30_chop_m15,public,cost1,ETHUSDT,105,0,14.196905587815506,14.196905587815506,0.3333333333333333,1.0385359094263684,51.415787879999996,-10.987506532185,42818.1563,61,True,,,,,,,,,,,False,False
train_2023_2024,cci_m30_chop_m15,public,cost2,PORTFOLIO,230,1,-287.0255122679598,-283.74290945395984,0.27391304347826084,0.6512619867425771,188.564507472,-36.592364795959504,78587.38701,86,True,,,,,,,,,,,False,False
train_2023_2024,cci_m30_chop_m15,public,cost2,BTCUSDT,125,1,-178.47904771444178,-175.19644490044178,0.264,0.6217846367998023,111.406015632,-20.1635920824415,46437.98491000001,70,True,,,,,,,,,,,False,False
train_2023_2024,cci_m30_chop_m15,public,cost2,ETHUSDT,105,0,-108.54646455351805,-108.54646455351805,0.2857142857142857,0.6902292005371512,77.15849184,-16.428772713518,32149.402100000003,61,True,,,,,,,,,,,False,False
train_2023_2024,cci_m30_chop_m5,personal,cost1,PORTFOLIO,383,1,-230.09454526513002,-230.00152906913007,0.2950391644908616,0.8412671874145268,156.76696500800003,-36.6197602571307,195941.06017,97,True,,,,,,,,,,,False,False
train_2023_2024,cci_m30_chop_m5,personal,cost1,BTCUSDT,195,1,-69.55962389390344,-69.46660769790348,0.3230769230769231,0.9084551054138863,86.58687320800001,-18.8730306859037,108225.59177000001,83,True,,,,,,,,,,,False,False
train_2023_2024,cci_m30_chop_m5,personal,cost1,ETHUSDT,188,0,-160.5349213712266,-160.5349213712266,0.26595744680851063,0.7673945729987569,70.1800918,-17.746729571227,87715.4684,72,True,,,,,,,,,,,False,False
train_2023_2024,cci_m30_chop_m5,personal,cost2,PORTFOLIO,382,1,-551.0780291496826,-550.3733958396826,0.2643979057591623,0.5555790656303623,208.89403161600004,-48.585737533682504,130640.66188000001,97,True,,,,,,,,,,,False,False
train_2023_2024,cci_m30_chop_m5,personal,cost2,BTCUSDT,194,1,-262.0963190423758,-261.3916857323758,0.28350515463917525,0.5915187011950704,112.79532417600002,-24.9966348663755,70546.26258000001,83,True,,,,,,,,,,,False,False
train_2023_2024,cci_m30_chop_m5,personal,cost2,ETHUSDT,188,0,-288.9817101073068,-288.9817101073068,0.24468085106382978,0.5171523731685509,96.09870744000001,-23.589102667307,60094.399300000005,72,True,,,,,,,,,,,False,False
train_2023_2024,cci_m30_chop_m5,public,cost1,PORTFOLIO,381,1,-281.6554065660138,-281.3956745550139,0.29396325459317585,0.8000949742175701,218.439114762,-34.2144418040145,182025.87540000002,97,True,,,,,,,,,,,False,False
train_2023_2024,cci_m30_chop_m5,public,cost1,BTCUSDT,193,1,-96.21733641832822,-95.95760440732825,0.32124352331606215,0.8689582193704709,119.242831362,-17.6918550563285,99367.59240000001,83,True,,,,,,,,,,,False,False
train_2023_2024,cci_m30_chop_m5,public,cost1,ETHUSDT,188,0,-185.43807014768564,-185.43807014768564,0.26595744680851063,0.7254313314214981,99.1962834,-16.522586747686002,82658.283,72,True,,,,,,,,,,,False,False
train_2023_2024,cci_m30_chop_m5,public,cost2,PORTFOLIO,382,1,-601.1424046925177,-600.3702394465178,0.24345549738219896,0.5032704803526995,286.09199232,-44.1006323725177,119280.85103,97,True,,,,,,,,,,,False,False
train_2023_2024,cci_m30_chop_m5,public,cost2,BTCUSDT,194,1,-288.6767822152189,-287.9046169692189,0.25773195876288657,0.5396467331710043,153.77687975999999,-22.727922455218703,64117.88543000001,83,True,,,,,,,,,,,False,False
train_2023_2024,cci_m30_chop_m5,public,cost2,ETHUSDT,188,0,-312.4656224772988,-312.4656224772988,0.22872340425531915,0.464265241581741,132.31511256,-21.372709917299,55162.9656,72,True,,,,,,,,,,,False,False
train_2023_2024,cci_m30_chop_m3,personal,cost1,PORTFOLIO,407,1,-245.94213097140948,-245.85090354840952,0.29238329238329236,0.8392660613417098,167.95155593200002,-40.3227050394095,209916.2029,99,True,,,,,,,,,,,False,False
train_2023_2024,cci_m30_chop_m3,personal,cost1,BTCUSDT,200,1,32.996238847615516,33.087466270615465,0.325,1.0447797509825243,90.92174777200002,-21.302743380384502,113603.94330000001,85,True,,,,,,,,,,,False,False
train_2023_2024,cci_m30_chop_m3,personal,cost1,ETHUSDT,207,0,-278.938369819025,-278.938369819025,0.2608695652173913,0.6472074923871574,77.02980816,-19.019961659025,96312.2596,77,True,,,,,,,,,,,False,False
train_2023_2024,cci_m30_chop_m3,personal,cost2,PORTFOLIO,405,1,-579.6488207777373,-578.9963825277373,0.2691358024691358,0.555340683042151,220.03496789600004,-53.099402881737305,137610.42586000002,99,True,,,,,,,,,,,False,False
train_2023_2024,cci_m30_chop_m3,personal,cost2,BTCUSDT,198,1,-196.83271422979755,-196.18027597979759,0.29292929292929293,0.6844824206272795,115.25794965600002,-27.7121145737973,72063.98656,85,True,,,,,,,,,,,False,False
train_2023_2024,cci_m30_chop_m3,personal,cost2,ETHUSDT,207,0,-382.81610654793974,-382.81610654793974,0.2463768115942029,0.43731602523839314,104.77701824,-25.38728830794,65546.4393,77,True,,,,,,,,,,,False,False
train_2023_2024,cci_m30_chop_m3,public,cost1,PORTFOLIO,404,1,-298.31429095576203,-298.06008515776205,0.29207920792079206,0.7996638533891808,233.59621333799998,-38.456187617762104,194648.93538,99,True,,,,,,,,,,,False,False
train_2023_2024,cci_m30_chop_m3,public,cost1,BTCUSDT,198,1,-4.680408285332114,-4.426202487332154,0.3282828282828283,0.9938117984693233,125.246373378,-20.1539449073321,104332.15958,85,True,,,,,,,,,,,False,False
train_2023_2024,cci_m30_chop_m3,public,cost1,ETHUSDT,206,0,-293.6338826704299,-293.6338826704299,0.25728155339805825,0.6199086697622951,108.34983996,-18.30224271043,90316.7758,77,True,,,,,,,,,,,False,False
train_2023_2024,cci_m30_chop_m3,public,cost2,PORTFOLIO,407,1,-633.4960498076393,-632.7910293656394,0.25061425061425063,0.4975343920266581,299.60198326799997,-47.0663365396394,124912.63921000001,99,True,,,,,,,,,,,False,False
train_2023_2024,cci_m30_chop_m3,public,cost2,BTCUSDT,200,1,-245.7002586804006,-244.99523823840062,0.265,0.5988897595202827,157.944046068,-24.355082612400402,65834.13101000001,85,True,,,,,,,,,,,False,False
train_2023_2024,cci_m30_chop_m3,public,cost2,ETHUSDT,207,0,-387.7957911272387,-387.7957911272387,0.23671497584541062,0.4020839964069234,141.6579372,-22.711253927239,59078.508200000004,77,True,,,,,,,,,,,False,False
train_2023_2024,cci_m30_chop_m1,personal,cost1,PORTFOLIO,456,1,-347.89865625160104,-349.9632344016011,0.2894736842105263,0.7877772092108631,184.76315304000002,-38.6319632116016,230965.65550000002,102,True,,,,,,,,,,,False,False
train_2023_2024,cci_m30_chop_m1,personal,cost1,BTCUSDT,232,1,-56.19977696262168,-58.264355112621715,0.30603448275862066,0.9303730578408339,104.42707260000002,-21.003464362621603,130505.28770000002,88,True,,,,,,,,,,,False,False
train_2023_2024,cci_m30_chop_m1,personal,cost1,ETHUSDT,224,0,-291.69887928897936,-291.69887928897936,0.27232142857142855,0.6408663822021078,80.33608044,-17.62849884898,100460.3678,79,True,,,,,,,,,,,False,False
train_2023_2024,cci_m30_chop_m1,personal,cost2,PORTFOLIO,456,1,-657.0817147614081,-657.387689291408,0.26096491228070173,0.5248948848763503,239.62779123200002,-50.445023529408004,149869.28109,102,True,,,,,,,,,,,False,False
train_2023_2024,cci_m30_chop_m1,personal,cost2,BTCUSDT,232,1,-277.01506161113423,-277.32103614113424,0.2801724137931034,0.6061781390093697,132.356357792,-27.077203819134002,82759.02729000001,88,True,,,,,,,,,,,False,False
train_2023_2024,cci_m30_chop_m1,personal,cost2,ETHUSDT,224,0,-380.06665315027385,-380.06665315027385,0.24107142857142858,0.44065812729995724,107.27143344000001,-23.367819710274002,67110.2538,79,True,,,,,,,,,,,False,False
train_2023_2024,cci_m30_chop_m1,public,cost1,PORTFOLIO,456,1,-414.9624134820791,-416.58759014107915,0.2850877192982456,0.7387589910970777,255.564068988,-35.6485244940796,212988.06745000003,102,True,,,,,,,,,,,False,False
train_2023_2024,cci_m30_chop_m1,public,cost1,BTCUSDT,232,1,-101.9658013243577,-103.59097798335773,0.3017241379310345,0.8719590978457721,143.552591028,-19.406990296357602,119606.48415000002,88,True,,,,,,,,,,,False,False
train_2023_2024,cci_m30_chop_m1,public,cost1,ETHUSDT,224,0,-312.9966121577214,-312.9966121577214,0.26785714285714285,0.6015840124900376,112.01147796,-16.241534197722,93381.5833,79,True,,,,,,,,,,,False,False
train_2023_2024,cci_m30_chop_m1,public,cost2,PORTFOLIO,457,1,-713.6741644405405,-713.7593589565405,0.24070021881838075,0.4645888981357291,322.587456768,-44.5516076725405,134506.10878,102,True,,,,,,,,,,,False,False
train_2023_2024,cci_m30_chop_m1,public,cost2,BTCUSDT,233,1,-316.3182901051627,-316.4034846211627,0.24892703862660945,0.5354640970918835,178.24041124800002,-23.7361788571625,74298.85288,88,True,,,,,,,,,,,False,False
train_2023_2024,cci_m30_chop_m1,public,cost2,ETHUSDT,224,0,-397.35587433537785,-397.35587433537785,0.23214285714285715,0.3905471356143522,144.34704552,-20.815428815378002,60207.255900000004,79,True,,,,,,,,,,,False,False
train_2023_2024,cci_m15_chop_w,personal,cost1,PORTFOLIO,97,1,15.140362894598823,12.133598254598772,0.32989690721649484,1.0238927185497455,65.87915154400001,-24.9712455614011,82295.94405,26,False,,,,,,,,,,,False,False
train_2023_2024,cci_m15_chop_w,personal,cost1,BTCUSDT,91,1,45.186502516320814,42.179737876320765,0.32967032967032966,1.0902543615170337,64.003973384,-23.3748840996791,79938.68405000001,26,False,,,,,,,,,,,False,False
train_2023_2024,cci_m15_chop_w,personal,cost1,ETHUSDT,6,0,-30.046139621721995,-30.046139621721995,0.3333333333333333,0.25800501199575543,1.8751781600000001,-1.596361461722,2357.26,3,False,,,,,,,,,,,False,False
train_2023_2024,cci_m15_chop_w,personal,cost2,PORTFOLIO,97,1,-151.15410944896638,-151.71059664896643,0.31958762886597936,0.699145235422157,99.83437528000002,-38.613854168966604,62402.837490000005,26,False,,,,,,,,,,,False,False
train_2023_2024,cci_m15_chop_w,personal,cost2,BTCUSDT,91,1,-122.15866214482242,-122.71514934482246,0.31868131868131866,0.737533358515254,96.86687096000001,-36.0793111848226,60536.400590000005,26,False,,,,,,,,,,,False,False
train_2023_2024,cci_m15_chop_w,personal,cost2,ETHUSDT,6,0,-28.99544730414396,-28.99544730414396,0.3333333333333333,0.21035352176766478,2.9675043200000006,-2.534542984144,1866.4369000000002,3,False,,,,,,,,,,,False,False
train_2023_2024,cci_m15_chop_w,public,cost1,PORTFOLIO,97,1,-13.794965077164473,-16.32129533916452,0.31958762886597936,0.9679773267021551,94.843686738,-23.9859883391644,78983.88826,26,False,,,,,,,,,,,False,False
train_2023_2024,cci_m15_chop_w,public,cost1,BTCUSDT,91,1,15.50633456104552,12.98000429904547,0.31868131868131866,1.0276113044773874,92.120125878,-22.417349560954403,76701.74966000002,26,False,,,,,,,,,,,False,False
train_2023_2024,cci_m15_chop_w,public,cost1,ETHUSDT,6,0,-29.301299638209994,-29.301299638209994,0.3333333333333333,0.25972953076489497,2.72356086,-1.56863877821,2282.1386,3,False,,,,,,,,,,,False,False
train_2023_2024,cci_m15_chop_w,public,cost2,PORTFOLIO,97,1,-182.9531378201044,-183.03952063610444,0.29896907216494845,0.6341188335578465,138.7704975,-36.1546503201046,57825.05462000001,26,False,,,,,,,,,,,False,False
train_2023_2024,cci_m15_chop_w,public,cost2,BTCUSDT,91,1,-154.23236090218643,-154.31874371818645,0.2967032967032967,0.6674911018568882,134.50042854,-33.6919423621866,56034.86522000001,26,False,,,,,,,,,,,False,False
train_2023_2024,cci_m15_chop_w,public,cost2,ETHUSDT,6,0,-28.72077691791796,-28.72077691791796,0.3333333333333333,0.20586922065312044,4.27006896,-2.462707957918,1790.1894,3,False,,,,,,,,,,,False,False
train_2023_2024,cci_m15_chop_d,personal,cost1,PORTFOLIO,115,0,-230.45968652971112,-230.45968652971112,0.24347826086956523,0.5613652878616785,56.574516888000005,-12.5943296417104,70729.7866,29,True,,,,,,,,,,,False,False
train_2023_2024,cci_m15_chop_d,personal,cost1,BTCUSDT,68,0,-137.65893546964736,-137.65893546964736,0.25,0.6011763550290216,37.872648928000004,-8.7523465416464,47314.4527,20,False,,,,,,,,,,,False,False
train_2023_2024,cci_m15_chop_d,personal,cost1,ETHUSDT,47,0,-92.80075106006377,-92.80075106006377,0.23404255319148937,0.48512641887343005,18.70186796,-3.841983100064,23415.3339,19,False,,,,,,,,,,,False,False
train_2023_2024,cci_m15_chop_d,personal,cost2,PORTFOLIO,114,0,-327.51977488026745,-327.51977488026745,0.21052631578947367,0.38118553271559086,87.83059937600001,-20.442115504267,54935.71671000001,29,True,,,,,,,,,,,False,False
train_2023_2024,cci_m15_chop_d,personal,cost2,BTCUSDT,67,0,-199.79412410807825,-199.79412410807825,0.208955223880597,0.4138879415842116,57.56054305600001,-14.018921052078001,35977.70941,20,False,,,,,,,,,,,False,False
train_2023_2024,cci_m15_chop_d,personal,cost2,ETHUSDT,47,0,-127.7256507721892,-127.7256507721892,0.2127659574468085,0.3220122710293872,30.270056320000002,-6.4231944521890005,18958.0073,19,False,,,,,,,,,,,False,False
train_2023_2024,cci_m15_chop_d,public,cost1,PORTFOLIO,114,0,-241.78662629909462,-241.78662629909462,0.24561403508771928,0.5365511127239637,80.11687671,-12.167999589094,66778.70269,29,True,,,,,,,,,,,False,False
train_2023_2024,cci_m15_chop_d,public,cost1,BTCUSDT,67,0,-142.92199027231388,-142.92199027231388,0.2537313432835821,0.578862517599,52.94074869,-8.447791582313,44094.67959000001,20,False,,,,,,,,,,,False,False
train_2023_2024,cci_m15_chop_d,public,cost1,ETHUSDT,47,0,-98.86463602678077,-98.86463602678077,0.23404255319148937,0.4578011780526263,27.17612802,-3.720208006781,22684.023100000002,19,False,,,,,,,,,,,False,False
train_2023_2024,cci_m15_chop_d,public,cost2,PORTFOLIO,114,0,-349.294123628124,-349.294123628124,0.19298245614035087,0.3411242874309184,123.34831646399999,-19.2391471641236,51435.09006,29,True,,,,,,,,,,,False,False
train_2023_2024,cci_m15_chop_d,public,cost2,BTCUSDT,67,0,-213.38694922190683,-213.38694922190683,0.19402985074626866,0.3758816436254314,80.69034362400001,-13.2168455979066,33623.786060000006,20,False,,,,,,,,,,,False,False
train_2023_2024,cci_m15_chop_d,public,cost2,ETHUSDT,47,0,-135.90717440621717,-135.90717440621717,0.19148936170212766,0.27799267953848794,42.65797284,-6.022301566217,17811.304,19,False,,,,,,,,,,,False,False
train_2023_2024,cci_m15_chop_h12,personal,cost1,PORTFOLIO,88,0,-115.64289977707372,-115.64289977707372,0.25,0.74114960267885,43.640500256,-9.961799521073901,54527.77584,35,False,,,,,,,,,,,False,False
train_2023_2024,cci_m15_chop_h12,personal,cost1,BTCUSDT,57,0,-75.480339845544,-75.480339845544,0.24561403508771928,0.7621233183646526,31.155216096000004,-6.8099237495439,38883.71624,26,False,,,,,,,,,,,False,False
train_2023_2024,cci_m15_chop_h12,personal,cost1,ETHUSDT,31,0,-40.16255993152973,-40.16255993152973,0.25806451612903225,0.6897375160844776,12.48528416,-3.1518757715300003,15644.0596,18,False,,,,,,,,,,,False,False
train_2023_2024,cci_m15_chop_h12,personal,cost2,PORTFOLIO,88,0,-205.47002934978542,-205.47002934978542,0.23863636363636365,0.5396263258685614,69.78292338400001,-16.7576959657855,43615.655810000004,35,False,,,,,,,,,,,False,False
train_2023_2024,cci_m15_chop_h12,personal,cost2,BTCUSDT,57,0,-138.13613029211658,-138.13613029211658,0.22807017543859648,0.5602403654442994,49.29103898400001,-11.3943813081165,30772.039510000002,26,False,,,,,,,,,,,False,False
train_2023_2024,cci_m15_chop_h12,personal,cost2,ETHUSDT,31,0,-67.33389905766886,-67.33389905766886,0.25806451612903225,0.49064358975575306,20.4918844,-5.363314657669,12843.6163,18,False,,,,,,,,,,,False,False
train_2023_2024,cci_m15_chop_h12,public,cost1,PORTFOLIO,88,0,-129.71525538755733,-129.71525538755733,0.25,0.709687759556659,63.092134722,-9.6792506655575,52553.912990000004,35,False,,,,,,,,,,,False,False
train_2023_2024,cci_m15_chop_h12,public,cost1,BTCUSDT,57,0,-85.8708374201626,-85.8708374201626,0.24561403508771928,0.7286403527385393,44.916734142,-6.5967332781625005,37372.373490000005,26,False,,,,,,,,,,,False,False
train_2023_2024,cci_m15_chop_h12,public,cost1,ETHUSDT,31,0,-43.84441796739474,-43.84441796739474,0.25806451612903225,0.6636828995337751,18.175400579999998,-3.0825173873950003,15181.5395,18,False,,,,,,,,,,,False,False
train_2023_2024,cci_m15_chop_h12,public,cost2,PORTFOLIO,88,0,-224.8211862286046,-224.8211862286046,0.2159090909090909,0.497312780352412,98.480600196,-15.924336032604701,41035.04314,35,False,,,,,,,,,,,False,False
train_2023_2024,cci_m15_chop_h12,public,cost2,BTCUSDT,57,0,-152.07138826859776,-152.07138826859776,0.21052631578947367,0.5154352238162635,69.346851396,-10.7956868725977,28862.061240000003,26,False,,,,,,,,,,,False,False
train_2023_2024,cci_m15_chop_h12,public,cost2,ETHUSDT,31,0,-72.74979796000687,-72.74979796000687,0.22580645161290322,0.45468123520066067,29.1337488,-5.128649160007,12172.9819,18,False,,,,,,,,,,,False,False
train_2023_2024,cci_m15_chop_h6,personal,cost1,PORTFOLIO,108,0,-86.26449434632075,-86.26449434632075,0.23148148148148148,0.8627759216780252,65.69703528800001,-10.557439058322101,82214.77399,53,True,,,,,,,,,,,False,False
train_2023_2024,cci_m15_chop_h6,personal,cost1,BTCUSDT,65,0,59.371110932643155,59.371110932643155,0.26153846153846155,1.153829984835419,43.633536328000005,-6.539532739357101,54574.69759,40,False,,,,,,,,,,,False,False
train_2023_2024,cci_m15_chop_h6,personal,cost1,ETHUSDT,43,0,-145.6356052789639,-145.6356052789639,0.18604651162790697,0.39990318601388786,22.063498960000004,-4.017906318965,27640.0764,32,False,,,,,,,,,,,False,False
train_2023_2024,cci_m15_chop_h6,personal,cost2,PORTFOLIO,108,0,-226.3945644050242,-226.3945644050242,0.18518518518518517,0.6285173539127141,99.515951928,-17.605302477024303,62292.53727000001,53,True,,,,,,,,,,,False,False
train_2023_2024,cci_m15_chop_h6,personal,cost2,BTCUSDT,65,0,-57.0522376242561,-57.0522376242561,0.2153846153846154,0.8469464940252462,65.56046688800001,-10.935960736256302,41015.161570000004,40,False,,,,,,,,,,,False,False
train_2023_2024,cci_m15_chop_h6,personal,cost2,ETHUSDT,43,0,-169.3423267807681,-169.3423267807681,0.13953488372093023,0.2844942931892636,33.95548504,-6.669341740768,21277.3757,32,False,,,,,,,,,,,False,False
train_2023_2024,cci_m15_chop_h6,public,cost1,PORTFOLIO,108,0,-113.97693333909308,-113.97693333909308,0.23148148148148148,0.8183404539644353,94.43927146200001,-10.180151877094401,78783.76214,53,True,,,,,,,,,,,False,False
train_2023_2024,cci_m15_chop_h6,public,cost1,BTCUSDT,65,0,38.498459355799845,38.498459355799845,0.26153846153846155,1.1001520293273062,62.567519082000004,-6.3070115622004,52167.42794000001,40,False,,,,,,,,,,,False,False
train_2023_2024,cci_m15_chop_h6,public,cost1,ETHUSDT,43,0,-152.47539269489292,-152.47539269489292,0.18604651162790697,0.37258182546058954,31.871752379999997,-3.8731403148940005,26616.3342,32,False,,,,,,,,,,,False,False
train_2023_2024,cci_m15_chop_h6,public,cost2,PORTFOLIO,108,0,-254.6862996483807,-254.6862996483807,0.16666666666666666,0.5786304425339481,138.28797837599998,-16.5160612723808,57707.77236,53,True,,,,,,,,,,,False,False
train_2023_2024,cci_m15_chop_h6,public,cost2,BTCUSDT,65,0,-82.10322892711561,-82.10322892711561,0.2,0.7777119003961591,90.860771016,-10.2345979111158,37894.36056,40,False,,,,,,,,,,,False,False
train_2023_2024,cci_m15_chop_h6,public,cost2,ETHUSDT,43,0,-172.5830707212651,-172.5830707212651,0.11627906976744186,0.26582257068402276,47.42720736,-6.281463361265001,19813.4118,32,False,,,,,,,,,,,False,False
train_2023_2024,cci_m15_chop_h4,personal,cost1,PORTFOLIO,122,0,-235.4720338946435,-235.4720338946435,0.21311475409836064,0.5994519794574973,61.58535928800001,-9.7645946066442,77182.93867,63,True,,,,,,,,,,,False,False
train_2023_2024,cci_m15_chop_h4,personal,cost1,BTCUSDT,63,0,-7.058169072807729,-7.058169072807729,0.25396825396825395,0.975613772072878,35.208586888000006,-4.8459021848082005,44096.83597000001,42,False,,,,,,,,,,,False,False
train_2023_2024,cci_m15_chop_h4,personal,cost1,ETHUSDT,59,0,-228.41386482183574,-228.41386482183574,0.1694915254237288,0.2346459100365915,26.376772400000004,-4.918692421836,33086.1027,42,False,,,,,,,,,,,False,False
train_2023_2024,cci_m15_chop_h4,personal,cost2,PORTFOLIO,122,0,-346.18292206605304,-346.18292206605304,0.1721311475409836,0.4099674290432156,94.49035851200001,-16.9367635540531,59238.123530000004,63,True,,,,,,,,,,,False,False
train_2023_2024,cci_m15_chop_h4,personal,cost2,BTCUSDT,63,0,-97.744475827337,-97.744475827337,0.20634920634920634,0.6676800631326597,53.57759627200001,-8.880679555337101,33562.84193,42,False,,,,,,,,,,,False,False
train_2023_2024,cci_m15_chop_h4,personal,cost2,ETHUSDT,59,0,-248.43844623871604,-248.43844623871604,0.13559322033898305,0.15090106758239555,40.91276224,-8.056083998716,25675.281600000002,42,False,,,,,,,,,,,False,False
train_2023_2024,cci_m15_chop_h4,public,cost1,PORTFOLIO,122,0,-257.0482836271201,-257.0482836271201,0.21311475409836064,0.5627838601826048,88.48718734799999,-9.4380162791208,73932.766,63,True,,,,,,,,,,,False,False
train_2023_2024,cci_m15_chop_h4,public,cost1,BTCUSDT,63,0,-26.096005103353363,-26.096005103353363,0.25396825396825395,0.9103723467925011,50.670830508,-4.700894595353801,42307.471600000004,42,False,,,,,,,,,,,False,False
train_2023_2024,cci_m15_chop_h4,public,cost1,ETHUSDT,59,0,-230.95227852376675,-230.95227852376675,0.1694915254237288,0.22175452402475848,37.81635684,-4.7371216837670005,31625.294400000002,42,False,,,,,,,,,,,False,False
train_2023_2024,cci_m15_chop_h4,public,cost2,PORTFOLIO,122,0,-366.5015025832629,-366.5015025832629,0.14754098360655737,0.37360732008608216,131.6981826,-15.884839983263001,55044.2231,63,True,,,,,,,,,,,False,False
train_2023_2024,cci_m15_chop_h4,public,cost2,BTCUSDT,63,0,-115.08170486390988,-115.08170486390988,0.19047619047619047,0.6077495653258331,74.25308484,-8.311940023910001,31008.973400000003,42,False,,,,,,,,,,,False,False
train_2023_2024,cci_m15_chop_h4,public,cost2,ETHUSDT,59,0,-251.41979771935303,-251.41979771935303,0.1016949152542373,0.13811818318610425,57.445097759999996,-7.572899959353,24035.2497,42,False,,,,,,,,,,,False,False
train_2023_2024,cci_m15_chop_h1,personal,cost1,PORTFOLIO,124,1,28.66845414031623,34.46368109531621,0.3064516129032258,1.075649805830924,47.6028591,-12.221656759684102,59603.78908,69,True,,,,,,,,,,,False,False
train_2023_2024,cci_m15_chop_h1,personal,cost1,BTCUSDT,70,1,98.79741929905906,104.59264625405905,0.32857142857142857,1.421611533869008,27.381830060000006,-5.354120640941101,34285.02878,55,False,,,,,,,,,,,False,False
train_2023_2024,cci_m15_chop_h1,personal,cost1,ETHUSDT,54,0,-70.12896515874283,-70.12896515874283,0.2777777777777778,0.6620134922917533,20.22102904,-6.867536118743001,25318.7603,44,False,,,,,,,,,,,False,False
train_2023_2024,cci_m15_chop_h1,personal,cost2,PORTFOLIO,124,1,-122.69453414427291,-117.40739109427294,0.28225806451612906,0.7439774712815033,75.46787923200002,-21.0738549122727,47263.5543,69,True,,,,,,,,,,,False,False
train_2023_2024,cci_m15_chop_h1,personal,cost2,BTCUSDT,70,1,-8.733519989972901,-3.446376939972931,0.3142857142857143,0.9862087090067557,43.763476192000006,-10.1548437979727,27404.3591,55,False,,,,,,,,,,,False,False
train_2023_2024,cci_m15_chop_h1,personal,cost2,ETHUSDT,54,0,-113.9610141543,-113.9610141543,0.24074074074074073,0.453914428563547,31.704403040000003,-10.919011114300002,19859.195200000002,44,False,,,,,,,,,,,False,False
train_2023_2024,cci_m15_chop_h1,public,cost1,PORTFOLIO,124,1,-1.9857357435070966,3.735782086492886,0.29838709677419356,1.0082041821202854,68.59645344,-11.8159823035074,57258.584500000004,69,True,,,,,,,,,,,False,False
train_2023_2024,cci_m15_chop_h1,public,cost1,BTCUSDT,70,1,78.97546907888474,84.69698690888472,0.32857142857142857,1.3412604872505767,39.541813080000004,-5.1980178411154006,33005.7024,55,False,,,,,,,,,,,False,False
train_2023_2024,cci_m15_chop_h1,public,cost1,ETHUSDT,54,0,-80.96120482239185,-80.96120482239185,0.25925925925925924,0.6091894380791286,29.05464036,-6.617964462392,24252.882100000003,44,False,,,,,,,,,,,False,False
train_2023_2024,cci_m15_chop_h1,public,cost2,PORTFOLIO,124,1,-151.92915351094038,-146.67232095094042,0.27419354838709675,0.6802125249323644,106.561932216,-19.982701294940203,44491.11823000001,69,True,,,,,,,,,,,False,False
train_2023_2024,cci_m15_chop_h1,public,cost2,BTCUSDT,70,1,-32.44715477638039,-27.190322216380416,0.3142857142857143,0.8916051738857158,61.795112016,-9.723222760380201,25796.645130000004,55,False,,,,,,,,,,,False,False
train_2023_2024,cci_m15_chop_h1,public,cost2,ETHUSDT,54,0,-119.48199873456,-119.48199873456,0.2222222222222222,0.4250432495117233,44.7668202,-10.259478534560001,18694.4731,44,False,,,,,,,,,,,False,False
train_2023_2024,cci_m15_chop_m30,personal,cost1,PORTFOLIO,126,1,-70.53319368937164,-66.94743764937168,0.3333333333333333,0.8377883601856446,33.86944750000001,-9.9278361893719,42437.32054,61,True,,,,,,,,,,,False,False
train_2023_2024,cci_m15_chop_m30,personal,cost1,BTCUSDT,68,1,3.7888012641711017,7.374557304171055,0.4117647058823529,1.0355157461160212,20.540547860000004,-5.7122408758289005,25715.14394,49,False,,,,,,,,,,,False,False
train_2023_2024,cci_m15_chop_m30,personal,cost1,ETHUSDT,58,0,-74.32199495354274,-74.32199495354274,0.2413793103448276,0.6375857413166821,13.328899640000001,-4.215595313543,16722.1766,40,False,,,,,,,,,,,False,False
train_2023_2024,cci_m15_chop_m30,personal,cost2,PORTFOLIO,126,1,-172.27569393749138,-168.6255227374914,0.30158730158730157,0.602348702195538,57.88517008000001,-18.0705838574914,36284.99184,61,True,,,,,,,,,,,False,False
train_2023_2024,cci_m15_chop_m30,personal,cost2,BTCUSDT,68,1,-60.59213664383948,-56.9419654438395,0.35294117647058826,0.7376880436566127,35.06280968000001,-10.4286869638394,21962.347340000004,49,False,,,,,,,,,,,False,False
train_2023_2024,cci_m15_chop_m30,personal,cost2,ETHUSDT,58,0,-111.68355729365189,-111.68355729365189,0.2413793103448276,0.4604045671963465,22.8223604,-7.641896893652,14322.6445,40,False,,,,,,,,,,,False,False
train_2023_2024,cci_m15_chop_m30,public,cost1,PORTFOLIO,126,1,-91.05079647483358,-87.50163808483362,0.3333333333333333,0.7890805332714729,49.488118121999996,-9.6957883528338,41338.396290000004,61,True,,,,,,,,,,,False,False
train_2023_2024,cci_m15_chop_m30,public,cost1,BTCUSDT,68,1,-7.260252256106817,-3.7110938661068618,0.4117647058823529,0.9821927890375692,30.006782322,-5.5729799341068,25044.05859,49,False,,,,,,,,,,,False,False
train_2023_2024,cci_m15_chop_m30,public,cost1,ETHUSDT,58,0,-83.79054421872675,-83.79054421872675,0.2413793103448276,0.5941443510023927,19.4813358,-4.122808418727,16294.3377,40,False,,,,,,,,,,,False,False
train_2023_2024,cci_m15_chop_m30,public,cost2,PORTFOLIO,126,1,-196.58550776667934,-192.93817130667938,0.29365079365079366,0.5511678325465367,83.403742044,-17.587715722679402,34854.405020000006,61,True,,,,,,,,,,,False,False
train_2023_2024,cci_m15_chop_m30,public,cost2,BTCUSDT,68,1,-75.74114712327648,-72.09381066327649,0.3382352941176471,0.6714943504045116,50.247410484,-10.091186639276401,20982.71092,49,False,,,,,,,,,,,False,False
train_2023_2024,cci_m15_chop_m30,public,cost2,ETHUSDT,58,0,-120.84436064340288,-120.84436064340288,0.2413793103448276,0.42566431424452406,33.15633156,-7.496529083403001,13871.6941,40,False,,,,,,,,,,,False,False
train_2023_2024,cci_m15_chop_m15,personal,cost1,PORTFOLIO,246,1,2.500039706859295,6.354727449859245,0.34552845528455284,1.0070347492680165,98.222485852,-26.254164441140603,122767.4645,85,True,,,,,,,,,,,False,False
train_2023_2024,cci_m15_chop_m15,personal,cost1,BTCUSDT,134,1,-24.889873346140124,-21.035185603140174,0.34328358208955223,0.958999224759263,58.28884821200001,-14.590415134139601,72866.43380000001,70,True,,,,,,,,,,,False,False
train_2023_2024,cci_m15_chop_m15,personal,cost1,ETHUSDT,112,0,27.38991305299942,27.38991305299942,0.3482142857142857,1.0701783106958445,39.93363764,-11.663749307001,49901.0307,61,True,,,,,,,,,,,False,False
train_2023_2024,cci_m15_chop_m15,personal,cost2,PORTFOLIO,247,1,-271.710778339335,-268.40281068933496,0.2793522267206478,0.6876950861432363,147.31767308800002,-40.25242525133471,92121.79220000001,85,True,,,,,,,,,,,False,False
train_2023_2024,cci_m15_chop_m15,personal,cost2,BTCUSDT,135,1,-174.026829553371,-170.718861903371,0.26666666666666666,0.6523819079952431,86.84248852800002,-22.6281610253707,54314.1197,70,True,,,,,,,,,,,False,False
train_2023_2024,cci_m15_chop_m15,personal,cost2,ETHUSDT,112,0,-97.68394878596396,-97.68394878596396,0.29464285714285715,0.7347815858595333,60.47518456,-17.624264225964,37807.6725,61,True,,,,,,,,,,,False,False
train_2023_2024,cci_m15_chop_m15,public,cost1,PORTFOLIO,247,1,-34.02998986751291,-30.29403366751296,0.340080971659919,0.966140468561794,141.44825904,-25.2268708275128,117857.70481000001,85,True,,,,,,,,,,,False,False
train_2023_2024,cci_m15_chop_m15,public,cost1,BTCUSDT,135,1,-43.44756147476231,-39.711605274762356,0.3333333333333333,0.9220599079360805,84.0511644,-13.9879370747618,70042.43191000001,70,True,,,,,,,,,,,False,False
train_2023_2024,cci_m15_chop_m15,public,cost1,ETHUSDT,112,0,9.417571607249393,9.417571607249393,0.3482142857142857,1.0244496103818241,57.39709464,-11.238933752751,47815.2729,61,True,,,,,,,,,,,False,False
train_2023_2024,cci_m15_chop_m15,public,cost2,PORTFOLIO,247,1,-329.972829116156,-326.811804184156,0.27125506072874495,0.6172552142807117,205.020152328,-37.3400567881558,85472.23340000001,85,True,,,,,,,,,,,False,False
train_2023_2024,cci_m15_chop_m15,public,cost2,BTCUSDT,135,1,-205.15677094626406,-201.99574601426406,0.25925925925925924,0.5852491725343357,120.36001984800001,-20.915331098263803,50186.5068,70,True,,,,,,,,,,,False,False
train_2023_2024,cci_m15_chop_m15,public,cost2,ETHUSDT,112,0,-124.81605816989196,-124.81605816989196,0.2857142857142857,0.6597481696164398,84.66013248,-16.424725689892,35285.7266,61,True,,,,,,,,,,,False,False
train_2023_2024,cci_m15_chop_m5,personal,cost1,PORTFOLIO,475,1,-336.2252617503591,-336.1447669653591,0.2863157894736842,0.801934947886352,198.74698716800003,-38.5654145823594,248463.02872000003,99,True,,,,,,,,,,,False,False
train_2023_2024,cci_m15_chop_m5,personal,cost1,BTCUSDT,247,1,-169.40118469612023,-169.32068991112027,0.291497975708502,0.8152944331024209,111.35390148800002,-19.789623208120403,139210.57692000002,85,True,,,,,,,,,,,False,False
train_2023_2024,cci_m15_chop_m5,personal,cost1,ETHUSDT,228,0,-166.82407705423884,-166.82407705423884,0.2807017543859649,0.7862428235164761,87.39308568000001,-18.775791374239002,109252.45180000001,76,True,,,,,,,,,,,False,False
train_2023_2024,cci_m15_chop_m5,personal,cost2,PORTFOLIO,479,1,-692.1030730302998,-691.6072199602999,0.2546972860125261,0.502626783257541,247.59015727200003,-46.9194257582996,154866.69005,99,True,,,,,,,,,,,False,False
train_2023_2024,cci_m15_chop_m5,personal,cost2,BTCUSDT,251,1,-371.32172689838274,-370.8258738283827,0.2549800796812749,0.504697166950544,136.81005735200003,-24.023479546382603,85572.29245000001,85,True,,,,,,,,,,,False,False
train_2023_2024,cci_m15_chop_m5,personal,cost2,ETHUSDT,228,0,-320.7813461319171,-320.7813461319171,0.2543859649122807,0.5002117283449911,110.78009992000001,-22.895946211917,69294.3976,76,True,,,,,,,,,,,False,False
train_2023_2024,cci_m15_chop_m5,public,cost1,PORTFOLIO,477,1,-427.0184260718861,-426.80842997788614,0.2830188679245283,0.738422633809466,274.532678988,-34.614767083886605,228810.55179000003,99,True,,,,,,,,,,,False,False
train_2023_2024,cci_m15_chop_m5,public,cost1,BTCUSDT,250,1,-232.50085691217126,-232.2908608181713,0.284,0.7396847175243595,154.761330648,-17.859246264171603,128990.04339,85,True,,,,,,,,,,,False,False
train_2023_2024,cci_m15_chop_m5,public,cost1,ETHUSDT,227,0,-194.51756915971484,-194.51756915971484,0.28193832599118945,0.7368993398313517,119.77134833999999,-16.755520819715002,99820.5084,76,True,,,,,,,,,,,False,False
train_2023_2024,cci_m15_chop_m5,public,cost2,PORTFOLIO,478,1,-733.8097847438273,-733.2726263118273,0.2489539748953975,0.4527580574581971,332.38349088,-42.0850138638272,138612.17028000002,99,True,,,,,,,,,,,False,False
train_2023_2024,cci_m15_chop_m5,public,cost2,BTCUSDT,250,1,-393.21508497960025,-392.6779265476003,0.252,0.4521254886334266,181.86102096,-21.362784019600202,75838.51958000001,85,True,,,,,,,,,,,False,False
train_2023_2024,cci_m15_chop_m5,public,cost2,ETHUSDT,228,0,-340.594699764227,-340.594699764227,0.24561403508771928,0.45348554731670654,150.52246992,-20.722229844227,62773.650700000006,76,True,,,,,,,,,,,False,False
train_2023_2024,cci_m15_chop_m3,personal,cost1,PORTFOLIO,515,1,-357.36450808023534,-357.2858020682354,0.2854368932038835,0.805127280149992,221.43444268400003,-43.141175396235404,276835.3277,99,True,,,,,,,,,,,False,False
train_2023_2024,cci_m15_chop_m3,personal,cost1,BTCUSDT,259,1,-76.1082956998475,-76.02958968784755,0.30115830115830117,0.9166261125802295,120.85111240400002,-23.140593295847403,151031.45880000002,86,True,,,,,,,,,,,False,False
train_2023_2024,cci_m15_chop_m3,personal,cost1,ETHUSDT,256,0,-281.25621238038786,-281.25621238038786,0.26953125,0.6947910840780981,100.58333028000001,-20.000582100388,125803.8689,77,True,,,,,,,,,,,False,False
train_2023_2024,cci_m15_chop_m3,personal,cost2,PORTFOLIO,516,1,-718.5553948555043,-718.0856393155043,0.25387596899224807,0.5061222786914696,265.407279968,-50.670114887504404,166019.29238,99,True,,,,,,,,,,,False,False
train_2023_2024,cci_m15_chop_m3,personal,cost2,BTCUSDT,259,1,-309.66120032943064,-309.19144478943065,0.26640926640926643,0.5678509613258504,140.54416124800002,-26.5126390814304,87879.65608000002,86,True,,,,,,,,,,,False,False
train_2023_2024,cci_m15_chop_m3,personal,cost2,ETHUSDT,257,0,-408.8941945260737,-408.8941945260737,0.24124513618677043,0.44631828869814605,124.86311872,-24.157475806074,78139.6363,77,True,,,,,,,,,,,False,False
train_2023_2024,cci_m15_chop_m3,public,cost1,PORTFOLIO,516,1,-435.1402746621365,-434.93027856813654,0.2810077519379845,0.7515847862085218,302.9197833,-39.0914313621367,252477.80186,99,True,,,,,,,,,,,False,False
train_2023_2024,cci_m15_chop_m3,public,cost1,BTCUSDT,259,1,-131.69926663365072,-131.48927053965073,0.2972972972972973,0.8489058497668284,164.1574707,-20.7147359336507,136771.94426000002,86,True,,,,,,,,,,,False,False
train_2023_2024,cci_m15_chop_m3,public,cost1,ETHUSDT,257,0,-303.44100802848584,-303.44100802848584,0.26459143968871596,0.6554048759504694,138.7623126,-18.376695428486002,115705.8576,77,True,,,,,,,,,,,False,False
train_2023_2024,cci_m15_chop_m3,public,cost2,PORTFOLIO,515,1,-762.1680079644549,-761.6644219344549,0.2407766990291262,0.45354530439918833,354.16889900399997,-44.5161589604551,147704.09091,99,True,,,,,,,,,,,False,False
train_2023_2024,cci_m15_chop_m3,public,cost2,BTCUSDT,258,1,-334.7276629518672,-334.2240769218672,0.2558139534883721,0.5117430493045021,186.394172244,-23.436640707867102,77700.79491000001,86,True,,,,,,,,,,,False,False
train_2023_2024,cci_m15_chop_m3,public,cost2,ETHUSDT,257,0,-427.44034501258767,-427.44034501258767,0.22568093385214008,0.3973806607432881,167.77472676,-21.079518252588002,70003.296,77,True,,,,,,,,,,,False,False
train_2023_2024,cci_m15_chop_m1,personal,cost1,PORTFOLIO,567,1,-468.1047544573697,-469.74480789736975,0.2821869488536155,0.7556133829914619,236.50259582000004,-41.4910286373703,295697.7002,101,True,,,,,,,,,,,False,False
train_2023_2024,cci_m15_chop_m1,personal,cost1,BTCUSDT,292,1,-145.57215338657056,-147.2122068265706,0.2876712328767123,0.8527647585380738,132.22034798,-22.352875406570302,165281.67070000002,88,True,,,,,,,,,,,False,False
train_2023_2024,cci_m15_chop_m1,personal,cost1,ETHUSDT,275,0,-322.53260107079916,-322.53260107079916,0.27636363636363637,0.6502932494420847,104.28224784000001,-19.1381532308,130416.0295,79,True,,,,,,,,,,,False,False
train_2023_2024,cci_m15_chop_m1,personal,cost2,PORTFOLIO,569,1,-793.6411712640678,-793.7937564640679,0.2513181019332162,0.47033259811471834,278.19507963200004,-47.009611632067504,174028.10335000002,101,True,,,,,,,,,,,False,False
train_2023_2024,cci_m15_chop_m1,personal,cost2,BTCUSDT,294,1,-366.953057148132,-367.10564234813205,0.2619047619047619,0.5289217287145864,153.618156512,-25.4151206361315,96067.43945,88,True,,,,,,,,,,,False,False
train_2023_2024,cci_m15_chop_m1,personal,cost2,ETHUSDT,275,0,-426.68811411593583,-426.68811411593583,0.24,0.4068640206983692,124.57692312,-21.594490995936003,77960.6639,79,True,,,,,,,,,,,False,False
train_2023_2024,cci_m15_chop_m1,public,cost1,PORTFOLIO,569,1,-551.6934771930955,-552.8805480390955,0.27768014059753954,0.6965881861059542,320.71567923599997,-36.6704179570961,267328.73345,101,True,,,,,,,,,,,False,False
train_2023_2024,cci_m15_chop_m1,public,cost1,BTCUSDT,294,1,-206.13468209194633,-207.32175293794634,0.282312925170068,0.7820356262587784,179.570798136,-19.721203955946102,149646.85105000003,88,True,,,,,,,,,,,False,False
train_2023_2024,cci_m15_chop_m1,public,cost1,ETHUSDT,275,0,-345.5587951011492,-345.5587951011492,0.2727272727272727,0.6032797718505077,141.1448811,-16.94921400115,117681.8824,79,True,,,,,,,,,,,False,False
train_2023_2024,cci_m15_chop_m1,public,cost2,PORTFOLIO,569,1,-828.3895160073997,-828.4107328393998,0.23725834797891038,0.4201189545417398,369.361781232,-41.1199547753995,154044.01123,101,True,,,,,,,,,,,False,False
train_2023_2024,cci_m15_chop_m1,public,cost2,BTCUSDT,294,1,-396.03282525167293,-396.0540420836729,0.24489795918367346,0.4686516704986275,203.681656992,-22.2157882596725,84919.26683000001,88,True,,,,,,,,,,,False,False
train_2023_2024,cci_m15_chop_m1,public,cost2,ETHUSDT,275,0,-432.3566907557268,-432.3566907557268,0.2290909090909091,0.36717037098599375,165.68012424,-18.904166515727,69124.7444,79,True,,,,,,,,,,,False,False
train_2023_2024,cci_m5_chop_w,personal,cost1,PORTFOLIO,136,1,-137.0801416562884,-139.67689293628843,0.2426470588235294,0.8082559743746334,95.39664477200002,-31.426686884286802,119250.93437000002,26,False,,,,,,,,,,,False,False
train_2023_2024,cci_m5_chop_w,personal,cost1,BTCUSDT,125,1,-100.7959926223874,-103.39274390238745,0.248,0.8467231463516318,91.14093197200002,-27.902250650385803,113917.04137,26,False,,,,,,,,,,,False,False
train_2023_2024,cci_m5_chop_w,personal,cost1,ETHUSDT,11,0,-36.28414903390099,-36.28414903390099,0.18181818181818182,0.32689990194701973,4.2557128,-3.524436233901,5333.893,3,False,,,,,,,,,,,False,False
train_2023_2024,cci_m5_chop_w,personal,cost2,PORTFOLIO,136,1,-320.3073467810299,-320.7561267810299,0.23529411764705882,0.5475765968761389,138.53263225600003,-46.2220545250302,86650.67149000001,26,False,,,,,,,,,,,False,False
train_2023_2024,cci_m5_chop_w,personal,cost2,BTCUSDT,125,1,-280.62306712679595,-281.07184712679594,0.24,0.5724779157534289,132.18513945600003,-41.030467670796206,82669.41589,26,False,,,,,,,,,,,False,False
train_2023_2024,cci_m5_chop_w,personal,cost2,ETHUSDT,11,0,-39.68427965423394,-39.68427965423394,0.18181818181818182,0.22986943823794792,6.3474928,-5.191586854234,3981.2556,3,False,,,,,,,,,,,False,False
train_2023_2024,cci_m5_chop_w,public,cost1,PORTFOLIO,136,1,-169.80226957694697,-171.96334727094703,0.2426470588235294,0.7639552704051759,136.511107992,-30.077481584945502,113760.8635,26,False,,,,,,,,,,,False,False
train_2023_2024,cci_m5_chop_w,public,cost1,BTCUSDT,125,1,-132.410068004855,-134.57114569885502,0.248,0.8006857386627646,130.440952152,-26.739435852853504,108688.40830000001,26,False,,,,,,,,,,,False,False
train_2023_2024,cci_m5_chop_w,public,cost1,ETHUSDT,11,0,-37.392201572091984,-37.392201572091984,0.18181818181818182,0.29910856566914223,6.07015584,-3.338045732092,5072.4552,3,False,,,,,,,,,,,False,False
train_2023_2024,cci_m5_chop_w,public,cost2,PORTFOLIO,136,1,-354.4540781726995,-354.5237906206995,0.23529411764705882,0.4940757881766858,190.448583972,-42.735184200699806,79414.21181000001,26,False,,,,,,,,,,,False,False
train_2023_2024,cci_m5_chop_w,public,cost2,BTCUSDT,125,1,-314.5871719343436,-314.6568843823436,0.24,0.5156442254934882,181.552629732,-37.8730322023438,75694.50981,26,False,,,,,,,,,,,False,False
train_2023_2024,cci_m5_chop_w,public,cost2,ETHUSDT,11,0,-39.86690623835594,-39.86690623835594,0.18181818181818182,0.21989992261954183,8.89595424,-4.862151998356,3719.702,3,False,,,,,,,,,,,False,False
train_2023_2024,cci_m5_chop_d,personal,cost1,PORTFOLIO,161,0,-334.79896794081725,-334.79896794081725,0.22981366459627328,0.554504775468323,96.91868456400002,-15.8914133768167,121146.91474000001,30,True,,,,,,,,,,,False,False
train_2023_2024,cci_m5_chop_d,personal,cost1,BTCUSDT,98,0,-173.13493704228847,-173.13493704228847,0.23469387755102042,0.6382384773761453,65.74726520400002,-10.9274018382877,82137.39554000001,21,False,,,,,,,,,,,False,False
train_2023_2024,cci_m5_chop_d,personal,cost1,ETHUSDT,63,0,-161.66403089852878,-161.66403089852878,0.2222222222222222,0.40767717669030595,31.17141936,-4.964011538529,39009.5192,19,False,,,,,,,,,,,False,False
train_2023_2024,cci_m5_chop_d,personal,cost2,PORTFOLIO,161,0,-473.9449290681078,-473.9449290681078,0.19875776397515527,0.3566266546121906,140.31248217600003,-24.262086892107103,87740.58072000001,30,True,,,,,,,,,,,False,False
train_2023_2024,cci_m5_chop_d,personal,cost2,BTCUSDT,99,0,-288.5624336867256,-288.5624336867256,0.20202020202020202,0.4019961665795768,96.29310929600001,-16.5422643907251,60178.64082000001,21,False,,,,,,,,,,,False,False
train_2023_2024,cci_m5_chop_d,personal,cost2,ETHUSDT,62,0,-185.38249538138217,-185.38249538138217,0.1935483870967742,0.270473253494251,44.019372880000006,-7.7198225013820005,27561.9399,19,False,,,,,,,,,,,False,False
train_2023_2024,cci_m5_chop_d,public,cost1,PORTFOLIO,162,0,-369.7318316989491,-369.7318316989491,0.22839506172839505,0.5084903593525251,138.017224608,-14.894287090948401,115018.66041000001,30,True,,,,,,,,,,,False,False
train_2023_2024,cci_m5_chop_d,public,cost1,BTCUSDT,99,0,-204.77913526985333,-204.77913526985333,0.23232323232323232,0.5776011504929307,94.167438348,-10.215476921852401,78433.10921000001,21,False,,,,,,,,,,,False,False
train_2023_2024,cci_m5_chop_d,public,cost1,ETHUSDT,63,0,-164.9526964290958,-164.9526964290958,0.2222222222222222,0.38320864000456467,43.849786259999995,-4.678810169096,36585.5512,19,False,,,,,,,,,,,False,False
train_2023_2024,cci_m5_chop_d,public,cost2,PORTFOLIO,162,0,-506.2692316244315,-506.2692316244315,0.18518518518518517,0.31313475368705335,194.02634199599999,-22.386259628430903,80884.15653000001,30,True,,,,,,,,,,,False,False
train_2023_2024,cci_m5_chop_d,public,cost2,BTCUSDT,99,0,-305.44435239726937,-305.44435239726937,0.18181818181818182,0.3605026301917334,131.405743236,-15.205879161268902,54748.930530000005,21,False,,,,,,,,,,,False,False
train_2023_2024,cci_m5_chop_d,public,cost2,ETHUSDT,63,0,-200.82487922716214,-200.82487922716214,0.19047619047619047,0.22593004193029634,62.62059875999999,-7.180380467162,26135.226000000002,19,False,,,,,,,,,,,False,False
train_2023_2024,cci_m5_chop_h12,personal,cost1,PORTFOLIO,123,0,-152.05378715673933,-152.05378715673933,0.23577235772357724,0.756842462801489,76.69495724400001,-13.3422199127397,95838.58724000001,35,True,,,,,,,,,,,False,False
train_2023_2024,cci_m5_chop_h12,personal,cost1,BTCUSDT,78,0,-61.3039815093654,-61.3039815093654,0.23076923076923078,0.8523607600945373,51.44586764400001,-9.1639038653657,64229.01814000001,27,False,,,,,,,,,,,False,False
train_2023_2024,cci_m5_chop_h12,personal,cost1,ETHUSDT,45,0,-90.74980564737393,-90.74980564737393,0.24444444444444444,0.5680680875294892,25.2490896,-4.178316047374,31609.5691,19,False,,,,,,,,,,,False,False
train_2023_2024,cci_m5_chop_h12,personal,cost2,PORTFOLIO,124,0,-312.5562414326535,-312.5562414326535,0.20161290322580644,0.5025748975163006,116.90354401600001,-21.111417416653303,73079.60498,35,True,,,,,,,,,,,False,False
train_2023_2024,cci_m5_chop_h12,personal,cost2,BTCUSDT,79,0,-180.6870597727026,-180.6870597727026,0.189873417721519,0.5710858734981404,78.886016256,-14.6054635167023,49268.06618,27,False,,,,,,,,,,,False,False
train_2023_2024,cci_m5_chop_h12,personal,cost2,ETHUSDT,45,0,-131.86918165995087,-131.86918165995087,0.2222222222222222,0.3632032712233,38.01752776,-6.505953899951001,23811.538800000002,19,False,,,,,,,,,,,False,False
train_2023_2024,cci_m5_chop_h12,public,cost1,PORTFOLIO,122,0,-174.31820237541197,-174.31820237541197,0.23770491803278687,0.7203002259664559,110.922535014,-12.859337361412301,92402.84331000001,35,True,,,,,,,,,,,False,False
train_2023_2024,cci_m5_chop_h12,public,cost1,BTCUSDT,77,0,-74.34950746568306,-74.34950746568306,0.23376623376623376,0.8191840877216077,74.293673694,-8.8315037716833,61831.02161,27,False,,,,,,,,,,,False,False
train_2023_2024,cci_m5_chop_h12,public,cost1,ETHUSDT,45,0,-99.96869490972891,-99.96869490972891,0.24444444444444444,0.528548064326955,36.62886132,-4.027833589729,30571.8217,19,False,,,,,,,,,,,False,False
train_2023_2024,cci_m5_chop_h12,public,cost2,PORTFOLIO,122,0,-327.35595582861754,-327.35595582861754,0.20491803278688525,0.467327869846062,159.06450486,-19.900360968617303,66284.79573,35,True,,,,,,,,,,,False,False
train_2023_2024,cci_m5_chop_h12,public,cost2,BTCUSDT,78,0,-194.7808499789656,-194.7808499789656,0.19230769230769232,0.5306811995144652,107.96663214,-13.736527838965301,44949.17343,27,False,,,,,,,,,,,False,False
train_2023_2024,cci_m5_chop_h12,public,cost2,ETHUSDT,44,0,-132.57510584965192,-132.57510584965192,0.22727272727272727,0.33554788420901044,51.09787272,-6.163833129652001,21335.6223,19,False,,,,,,,,,,,False,False
train_2023_2024,cci_m5_chop_h6,personal,cost1,PORTFOLIO,164,0,-118.28684591863836,-118.28684591863836,0.24390243902439024,0.8661171650586219,109.78610188400002,-16.421714034639002,137324.10389,63,True,,,,,,,,,,,False,False
train_2023_2024,cci_m5_chop_h6,personal,cost1,BTCUSDT,99,0,101.83057199311307,101.83057199311307,0.25252525252525254,1.1986131619452869,69.843227924,-11.068470082887002,87308.53259000002,48,False,,,,,,,,,,,False,False
train_2023_2024,cci_m5_chop_h6,personal,cost1,ETHUSDT,65,0,-220.11741791175143,-220.11741791175143,0.23076923076923078,0.40637492997915725,39.94287396000001,-5.353243951752001,50015.5713,40,False,,,,,,,,,,,False,False
train_2023_2024,cci_m5_chop_h6,personal,cost2,PORTFOLIO,164,0,-319.96070404505974,-319.96070404505974,0.1951219512195122,0.6189374227272026,159.20533101600003,-25.707963029060103,99625.69261000001,63,True,,,,,,,,,,,False,False
train_2023_2024,cci_m5_chop_h6,personal,cost2,BTCUSDT,99,0,-76.21506992375194,-76.21506992375194,0.21212121212121213,0.8481130290757052,102.11017597600002,-17.3196839477521,63862.31491000001,48,False,,,,,,,,,,,False,False
train_2023_2024,cci_m5_chop_h6,personal,cost2,ETHUSDT,65,0,-243.7456341213078,-243.7456341213078,0.16923076923076924,0.27857283869646415,57.09515504,-8.388279081308001,35763.377700000005,40,False,,,,,,,,,,,False,False
train_2023_2024,cci_m5_chop_h6,public,cost1,PORTFOLIO,164,0,-157.18590352925443,-157.18590352925443,0.23780487804878048,0.8222779352847989,157.403453712,-15.675409817255101,131258.35816,63,True,,,,,,,,,,,False,False
train_2023_2024,cci_m5_chop_h6,public,cost1,BTCUSDT,99,0,72.44278894723003,72.44278894723003,0.25252525252525254,1.1405358699129977,100.26563557200001,-10.5408354807701,83560.43476,48,False,,,,,,,,,,,False,False
train_2023_2024,cci_m5_chop_h6,public,cost1,ETHUSDT,65,0,-229.62869247648447,-229.62869247648447,0.2153846153846154,0.37765354508868554,57.13781813999999,-5.1345743364850005,47697.9234,40,False,,,,,,,,,,,False,False
train_2023_2024,cci_m5_chop_h6,public,cost2,PORTFOLIO,164,0,-366.58519715574596,-366.58519715574596,0.18292682926829268,0.5552687939121256,216.737477124,-23.5248300317463,90417.30014,63,True,,,,,,,,,,,False,False
train_2023_2024,cci_m5_chop_h6,public,cost2,BTCUSDT,99,0,-116.74448968392618,-116.74448968392618,0.20202020202020202,0.7636315691788944,138.907711284,-15.7924883999263,57916.19494000001,48,False,,,,,,,,,,,False,False
train_2023_2024,cci_m5_chop_h6,public,cost2,ETHUSDT,65,0,-249.8407074718198,-249.8407074718198,0.15384615384615385,0.2437683120777445,77.82976584,-7.732341631820001,32501.1052,40,False,,,,,,,,,,,False,False
train_2023_2024,cci_m5_chop_h4,personal,cost1,PORTFOLIO,168,0,-208.9480456477174,-208.9480456477174,0.2261904761904762,0.7189379331803833,92.133963656,-13.0992419917185,115365.62029,70,True,,,,,,,,,,,False,False
train_2023_2024,cci_m5_chop_h4,personal,cost1,BTCUSDT,90,0,-0.17023970048053255,-0.17023970048053255,0.2111111111111111,0.9995566163689199,54.56901681600001,-6.563882884481501,68294.86429000001,49,False,,,,,,,,,,,False,False
train_2023_2024,cci_m5_chop_h4,personal,cost1,ETHUSDT,78,0,-208.77780594723689,-208.77780594723689,0.24358974358974358,0.4192023628348129,37.564946840000005,-6.535359107237,47070.756,48,False,,,,,,,,,,,False,False
train_2023_2024,cci_m5_chop_h4,personal,cost2,PORTFOLIO,168,0,-379.5340016650777,-379.5340016650777,0.17857142857142858,0.480388791965669,134.653818072,-21.3572335930774,84345.85665,70,True,,,,,,,,,,,False,False
train_2023_2024,cci_m5_chop_h4,personal,cost2,BTCUSDT,90,0,-134.4629777866106,-134.4629777866106,0.16666666666666666,0.6581236276017415,79.405383912,-11.273143874610401,49713.900250000006,49,False,,,,,,,,,,,False,False
train_2023_2024,cci_m5_chop_h4,personal,cost2,ETHUSDT,78,0,-245.07102387846712,-245.07102387846712,0.19230769230769232,0.2730244792401424,55.24843416,-10.084089718467,34631.9564,48,False,,,,,,,,,,,False,False
train_2023_2024,cci_m5_chop_h4,public,cost1,PORTFOLIO,168,0,-235.38169294747158,-235.38169294747158,0.22023809523809523,0.6826509691241991,132.02909859,-12.517024357472701,110213.56925000002,70,True,,,,,,,,,,,False,False
train_2023_2024,cci_m5_chop_h4,public,cost1,BTCUSDT,90,0,-22.318916072918732,-22.318916072918732,0.2111111111111111,0.9427091213907194,78.58919097,-6.2778551029197,65574.78555,49,False,,,,,,,,,,,False,False
train_2023_2024,cci_m5_chop_h4,public,cost1,ETHUSDT,78,0,-213.06277687455284,-213.06277687455284,0.23076923076923078,0.3949494360287303,53.43990762,-6.239169254553,44638.7837,48,False,,,,,,,,,,,False,False
train_2023_2024,cci_m5_chop_h4,public,cost2,PORTFOLIO,168,0,-410.52030054476205,-410.52030054476205,0.16666666666666666,0.43309449073130224,185.380777608,-19.6401629367618,77414.55979,70,True,,,,,,,,,,,False,False
train_2023_2024,cci_m5_chop_h4,public,cost2,BTCUSDT,90,0,-160.39489742664796,-160.39489742664796,0.16666666666666666,0.5909629736091169,109.076046408,-10.4362910186478,45526.35089,49,False,,,,,,,,,,,False,False
train_2023_2024,cci_m5_chop_h4,public,cost2,ETHUSDT,78,0,-250.1254031181141,-250.1254031181141,0.16666666666666666,0.24664269909386308,76.30473119999999,-9.203871918114,31888.2089,48,False,,,,,,,,,,,False,False
train_2023_2024,cci_m5_chop_h1,personal,cost1,PORTFOLIO,171,1,24.261539208873966,30.05676616387395,0.28654970760233917,1.047760465790535,74.96397650800002,-16.1916542831265,93877.8683,77,True,,,,,,,,,,,False,False
train_2023_2024,cci_m5_chop_h1,personal,cost1,BTCUSDT,92,1,65.61264529296416,71.40787224796415,0.2717391304347826,1.2242450693747837,40.523341468000005,-7.8405832390365005,50718.60080000001,66,False,,,,,,,,,,,False,False
train_2023_2024,cci_m5_chop_h1,personal,cost1,ETHUSDT,79,0,-41.3511060840902,-41.3511060840902,0.3037974683544304,0.8669896512851493,34.440635040000004,-8.35107104409,43159.2675,56,False,,,,,,,,,,,False,False
train_2023_2024,cci_m5_chop_h1,personal,cost2,PORTFOLIO,171,1,-191.17241645708248,-186.3082448510825,0.2573099415204678,0.7004901317987253,113.23463566400001,-26.0681207930822,70933.75843,77,True,,,,,,,,,,,False,False
train_2023_2024,cci_m5_chop_h1,personal,cost2,BTCUSDT,92,1,-66.28188323679541,-61.41771163079544,0.25,0.8093000065318101,61.72583174400001,-13.3798914927952,38641.15323,66,False,,,,,,,,,,,False,False
train_2023_2024,cci_m5_chop_h1,personal,cost2,ETHUSDT,79,0,-124.89053322028705,-124.89053322028705,0.26582278481012656,0.5836693427039852,51.508803920000005,-12.688229300287,32292.6052,56,False,,,,,,,,,,,False,False
train_2023_2024,cci_m5_chop_h1,public,cost1,PORTFOLIO,171,1,-10.099499526804305,-4.377981696804322,0.28654970760233917,0.993049858326975,107.792806638,-15.524282888804802,89994.19269000001,77,True,,,,,,,,,,,False,False
train_2023_2024,cci_m5_chop_h1,public,cost1,BTCUSDT,92,1,47.38670116441889,53.10821899441887,0.2717391304347826,1.1654762821202924,58.513146198,-7.527142637581801,48825.32559000001,66,False,,,,,,,,,,,False,False
train_2023_2024,cci_m5_chop_h1,public,cost1,ETHUSDT,79,0,-57.48620069122319,-57.48620069122319,0.3037974683544304,0.8139430576103229,49.27966044,-7.9971402512230005,41168.8671,56,False,,,,,,,,,,,False,False
train_2023_2024,cci_m5_chop_h1,public,cost2,PORTFOLIO,171,1,-235.67239675941892,-231.07266826941895,0.24561403508771928,0.626916230549382,157.642323804,-24.3323829554187,65832.58506000001,77,True,,,,,,,,,,,False,False
train_2023_2024,cci_m5_chop_h1,public,cost2,BTCUSDT,92,1,-94.17547171858189,-89.57574322858191,0.25,0.7212020696060923,85.727384724,-12.4928969945817,35776.55036,66,False,,,,,,,,,,,False,False
train_2023_2024,cci_m5_chop_h1,public,cost2,ETHUSDT,79,0,-141.49692504083703,-141.49692504083703,0.24050632911392406,0.525283179566636,71.91493908,-11.839485960837001,30056.0347,56,False,,,,,,,,,,,False,False
train_2023_2024,cci_m5_chop_m30,personal,cost1,PORTFOLIO,165,1,129.33636358232005,133.63927083032,0.3393939393939394,1.2211589325487142,58.71973587200001,-15.9420805456803,73541.33921,74,True,,,,,,,,,,,False,False
train_2023_2024,cci_m5_chop_m30,personal,cost1,BTCUSDT,84,1,150.57664226054885,154.8795495085488,0.36904761904761907,1.481673897892025,34.084903072,-8.506834667451301,42683.659210000005,54,False,,,,,,,,,,,False,False
train_2023_2024,cci_m5_chop_m30,personal,cost1,ETHUSDT,81,0,-21.240278678228794,-21.240278678228794,0.30864197530864196,0.9248726396742772,24.6348328,-7.435245878229,30857.68,53,False,,,,,,,,,,,False,False
train_2023_2024,cci_m5_chop_m30,personal,cost2,PORTFOLIO,165,1,-92.18130008574906,-88.18892533574908,0.3090909090909091,0.8523959497308877,94.51644377600002,-27.1348763097488,59218.620670000004,74,True,,,,,,,,,,,False,False
train_2023_2024,cci_m5_chop_m30,personal,cost2,BTCUSDT,84,1,9.695618468144948,13.687993218144928,0.32142857142857145,1.0426096016022102,54.39336369600001,-14.568537835854801,34082.70047,54,False,,,,,,,,,,,False,False
train_2023_2024,cci_m5_chop_m30,personal,cost2,ETHUSDT,81,0,-101.876918553894,-101.876918553894,0.2962962962962963,0.6311848137080026,40.12308008,-12.566338473894001,25135.9202,53,False,,,,,,,,,,,False,False
train_2023_2024,cci_m5_chop_m30,public,cost1,PORTFOLIO,165,1,93.95499279725945,98.2513424272594,0.3393939393939394,1.162443429912623,85.516524414,-15.5515927887409,71401.83195,74,True,,,,,,,,,,,False,False
train_2023_2024,cci_m5_chop_m30,public,cost1,BTCUSDT,84,1,129.59597044653725,133.89232007653717,0.36904761904761907,1.4153106478095414,49.590481134,-8.221858419462901,41403.14875,54,False,,,,,,,,,,,False,False
train_2023_2024,cci_m5_chop_m30,public,cost1,ETHUSDT,81,0,-35.64097764927779,-35.64097764927779,0.30864197530864196,0.8738119790459663,35.92604328,-7.329734369278,29998.683200000003,53,False,,,,,,,,,,,False,False
train_2023_2024,cci_m5_chop_m30,public,cost2,PORTFOLIO,165,1,-143.17163163565522,-139.28113941165523,0.296969696969697,0.7651062427414792,132.496461336,-25.399070299655,55342.23477,74,True,,,,,,,,,,,False,False
train_2023_2024,cci_m5_chop_m30,public,cost2,BTCUSDT,84,1,-24.95058851629224,-21.060096292292258,0.30952380952380953,0.9341172311827441,76.210896216,-13.649792300292,31834.802470000002,54,False,,,,,,,,,,,False,False
train_2023_2024,cci_m5_chop_m30,public,cost2,ETHUSDT,81,0,-118.22104311936299,-118.22104311936299,0.2839506172839506,0.5674211286575581,56.28556512,-11.749277999363,23507.4323,53,False,,,,,,,,,,,False,False
train_2023_2024,cci_m5_chop_m15,personal,cost1,PORTFOLIO,276,1,-4.9116713968269305,-1.1466275548269782,0.34057971014492755,0.9989094223872423,121.21894302800001,-28.9263783688272,151475.98511,91,True,,,,,,,,,,,False,False
train_2023_2024,cci_m5_chop_m15,personal,cost1,BTCUSDT,145,1,-24.999130468260326,-21.23408662626037,0.3310344827586207,0.962591820167358,65.107858508,-15.632221960260201,81367.53431,73,True,,,,,,,,,,,False,False
train_2023_2024,cci_m5_chop_m15,personal,cost1,ETHUSDT,131,0,20.087459071433393,20.087459071433393,0.3511450381679389,1.0415233858436674,56.111084520000006,-13.294156408567,70108.4508,66,True,,,,,,,,,,,False,False
train_2023_2024,cci_m5_chop_m15,personal,cost2,PORTFOLIO,276,1,-329.39677555106664,-326.43101145106664,0.2826086956521739,0.6637878735969115,174.39803439200003,-42.6258111590662,109029.00306,91,True,,,,,,,,,,,False,False
train_2023_2024,cci_m5_chop_m15,personal,cost2,BTCUSDT,145,1,-198.66800423747443,-195.70224013747443,0.2620689655172414,0.6285281643331458,93.10501519200001,-22.945059045474203,58219.03616,73,True,,,,,,,,,,,False,False
train_2023_2024,cci_m5_chop_m15,personal,cost2,ETHUSDT,131,0,-130.72877131359223,-130.72877131359223,0.3053435114503817,0.7056179601250101,81.2930192,-19.680752113592,50809.9669,66,True,,,,,,,,,,,False,False
train_2023_2024,cci_m5_chop_m15,public,cost1,PORTFOLIO,276,1,-71.89798729027113,-68.25542999527119,0.3333333333333333,0.9341447815543994,172.357697526,-27.3129597642714,143586.20473,91,True,,,,,,,,,,,False,False
train_2023_2024,cci_m5_chop_m15,public,cost1,BTCUSDT,145,1,-60.0200896698005,-56.377532374800545,0.31724137931034485,0.8991992079439611,92.276382486,-14.6437771838004,76882.47463000001,73,True,,,,,,,,,,,False,False
train_2023_2024,cci_m5_chop_m15,public,cost1,ETHUSDT,131,0,-11.877897620470634,-11.877897620470634,0.3511450381679389,0.97510658943312,80.08131503999999,-12.669182580471,66703.7301,66,True,,,,,,,,,,,False,False
train_2023_2024,cci_m5_chop_m15,public,cost2,PORTFOLIO,276,1,-387.93818422254054,-385.14189293654056,0.2717391304347826,0.5965850081952201,239.631789948,-39.0850642745402,99879.36464,91,True,,,,,,,,,,,False,False
train_2023_2024,cci_m5_chop_m15,public,cost2,BTCUSDT,145,1,-229.5800673370394,-226.7837760510394,0.25517241379310346,0.5618937265140664,127.642119708,-20.9524176290392,53213.394140000004,73,True,,,,,,,,,,,False,False
train_2023_2024,cci_m5_chop_m15,public,cost2,ETHUSDT,131,0,-158.35811688550115,-158.35811688550115,0.2900763358778626,0.6376728563446344,111.98967024,-18.132646645501,46665.9705,66,True,,,,,,,,,,,False,False
train_2023_2024,cci_m5_chop_m5,personal,cost1,PORTFOLIO,628,1,-689.5956905515519,-689.5563375455519,0.24681528662420382,0.6183658910190174,222.76366875600002,-33.495971795551704,278567.66873000003,102,True,,,,,,,,,,,False,False
train_2023_2024,cci_m5_chop_m5,personal,cost1,BTCUSDT,327,1,-366.6333167045257,-366.5939636985258,0.24464831804281345,0.6164332185235062,121.57845743600002,-16.363709268525703,152022.85833000002,89,True,,,,,,,,,,,False,False
train_2023_2024,cci_m5_chop_m5,personal,cost1,ETHUSDT,301,0,-322.96237384702613,-322.96237384702613,0.24916943521594684,0.6205361972308784,101.18521132000001,-17.132262527026,126544.8104,78,True,,,,,,,,,,,False,False
train_2023_2024,cci_m5_chop_m5,personal,cost2,PORTFOLIO,599,1,-864.7202141019576,-864.4853363319576,0.2270450751252087,0.3914261761071424,258.15574789600004,-37.3971562059571,161517.65600000002,102,True,,,,,,,,,,,False,False
train_2023_2024,cci_m5_chop_m5,personal,cost2,BTCUSDT,308,1,-457.6956538511134,-457.4607760811134,0.23376623376623376,0.3790447044605903,136.37002941600002,-17.7642144351131,85309.2339,89,True,,,,,,,,,,,False,False
train_2023_2024,cci_m5_chop_m5,personal,cost2,ETHUSDT,291,0,-407.02456025084416,-407.02456025084416,0.21993127147766323,0.40476548366696846,121.78571848000001,-19.632941770844,76208.4221,78,True,,,,,,,,,,,False,False
train_2023_2024,cci_m5_chop_m5,public,cost1,PORTFOLIO,628,1,-733.3476519869042,-733.2426539399042,0.24522292993630573,0.5758481554682472,302.940902274,-29.973479712904002,252564.22479,102,True,,,,,,,,,,,False,False
train_2023_2024,cci_m5_chop_m5,public,cost1,BTCUSDT,327,1,-394.84796112478017,-394.7429630777802,0.2415902140672783,0.5684110281175618,164.538434634,-14.53045649078,137167.79949,89,True,,,,,,,,,,,False,False
train_2023_2024,cci_m5_chop_m5,public,cost1,ETHUSDT,301,0,-338.49969086212406,-338.49969086212406,0.24916943521594684,0.5842036408153909,138.40246764,-15.443023222124001,115396.4253,78,True,,,,,,,,,,,False,False
train_2023_2024,cci_m5_chop_m5,public,cost2,PORTFOLIO,551,1,-883.0365746088348,-882.4286851988348,0.21234119782214156,0.333546652517656,334.438210776,-31.6441438328345,139510.17422000002,100,True,,,,,,,,,,,False,False
train_2023_2024,cci_m5_chop_m5,public,cost2,BTCUSDT,278,1,-467.83351699816376,-467.2256275881637,0.21223021582733814,0.3148866332330149,174.218817696,-14.546179302163502,72666.47912,85,True,,,,,,,,,,,False,False
train_2023_2024,cci_m5_chop_m5,public,cost2,ETHUSDT,273,0,-415.2030576106711,-415.2030576106711,0.21245421245421245,0.3533653333745847,160.21939308,-17.097964530671,66843.6951,77,True,,,,,,,,,,,False,False
train_2023_2024,cci_m5_chop_m3,personal,cost1,PORTFOLIO,698,1,-725.4660790517642,-725.4303035917642,0.24068767908309455,0.6086890765661737,235.38858018800002,-33.0651488637643,294372.02296000003,101,True,,,,,,,,,,,False,False
train_2023_2024,cci_m5_chop_m3,personal,cost1,BTCUSDT,358,1,-356.15096489032453,-356.1151894303245,0.24581005586592178,0.6261100990132861,130.22286318800002,-16.4750517023243,162830.58196,88,True,,,,,,,,,,,False,False
train_2023_2024,cci_m5_chop_m3,personal,cost1,ETHUSDT,340,0,-369.3151141614396,-369.3151141614396,0.23529411764705882,0.5902809549868145,105.16571700000001,-16.59009716144,131541.441,79,True,,,,,,,,,,,False,False
train_2023_2024,cci_m5_chop_m3,personal,cost2,PORTFOLIO,578,0,-887.0868738993574,-887.0868738993574,0.2041522491349481,0.3358405491899097,245.86849691200004,-30.6065569873573,153879.33327,95,True,,,,,,,,,,,False,False
train_2023_2024,cci_m5_chop_m3,personal,cost2,BTCUSDT,286,0,-447.3725918732074,-447.3725918732074,0.2202797202797203,0.32869040469164146,128.94796747200002,-14.4750044012073,80677.41827000001,80,True,,,,,,,,,,,False,False
train_2023_2024,cci_m5_chop_m3,personal,cost2,ETHUSDT,292,0,-439.71428202615,-439.71428202615,0.18835616438356165,0.3429605851765509,116.92052944000001,-16.13155258615,73201.91500000001,73,True,,,,,,,,,,,False,False
train_2023_2024,cci_m5_chop_m3,public,cost1,PORTFOLIO,695,1,-775.3781156094417,-775.2896962014418,0.23597122302158274,0.5610292986516846,318.06391565399997,-29.347789955441602,265192.06718,101,True,,,,,,,,,,,False,False
train_2023_2024,cci_m5_chop_m3,public,cost1,BTCUSDT,355,1,-377.5530923893809,-377.46467298138094,0.24225352112676057,0.5813851348694337,174.019048254,-14.556834135380601,145068.38878,88,True,,,,,,,,,,,False,False
train_2023_2024,cci_m5_chop_m3,public,cost1,ETHUSDT,340,0,-397.82502322006076,-397.82502322006076,0.22941176470588234,0.5397964388560785,144.0448674,-14.790955820061,120123.6784,79,True,,,,,,,,,,,False,False
train_2023_2024,cci_m5_chop_m3,public,cost2,PORTFOLIO,556,1,-883.8047192888744,-883.0589768168743,0.2068345323741007,0.3044828654074635,324.480711204,-26.8295580848742,135388.55175,98,True,,,,,,,,,,,False,False
train_2023_2024,cci_m5_chop_m3,public,cost2,BTCUSDT,278,1,-450.27412507887533,-449.52838260687537,0.21942446043165467,0.29585330256526055,171.081268884,-12.804806194875201,71357.06415,82,True,,,,,,,,,,,False,False
train_2023_2024,cci_m5_chop_m3,public,cost2,ETHUSDT,278,0,-433.530594209999,-433.530594209999,0.19424460431654678,0.3132103036963874,153.39944232,-14.024751889999001,64031.4876,77,True,,,,,,,,,,,False,False
train_2023_2024,cci_m5_chop_m1,personal,cost1,PORTFOLIO,778,1,-841.5431937782284,-842.0898782582285,0.2403598971722365,0.5315044937453521,228.15111058800002,-26.8199131902285,285400.67131,103,True,,,,,,,,,,,False,False
train_2023_2024,cci_m5_chop_m1,personal,cost1,BTCUSDT,408,1,-410.98046506633654,-411.52714954633655,0.23774509803921567,0.5680556749477287,125.08378854800002,-13.338406518336502,156441.98871,90,True,,,,,,,,,,,False,False
train_2023_2024,cci_m5_chop_m1,personal,cost1,ETHUSDT,370,0,-430.56272871189196,-430.56272871189196,0.24324324324324326,0.49027875587363634,103.06732204000001,-13.481506671892001,128958.6826,79,True,,,,,,,,,,,False,False
train_2023_2024,cci_m5_chop_m1,personal,cost2,PORTFOLIO,460,0,-889.3478231748217,-889.3478231748217,0.1782608695652174,0.28412580251547936,229.09419017600004,-21.648032998821602,143435.09409,73,False,,,,,,,,,,,False,False
train_2023_2024,cci_m5_chop_m1,personal,cost2,BTCUSDT,227,0,-445.4673736047778,-445.4673736047778,0.18061674008810572,0.291095141229341,118.25457625600002,-9.9843973487776,74013.37259000001,63,False,,,,,,,,,,,False,False
train_2023_2024,cci_m5_chop_m1,personal,cost2,ETHUSDT,233,0,-443.88044957004394,-443.88044957004394,0.1759656652360515,0.27699240605280784,110.83961392,-11.663635650044,69421.7215,52,False,,,,,,,,,,,False,False
train_2023_2024,cci_m5_chop_m1,public,cost1,PORTFOLIO,746,1,-853.6374544462595,-854.0940201562595,0.24262734584450402,0.4931912965688411,303.535515348,-23.592859098259602,253144.35257000002,102,True,,,,,,,,,,,False,False
train_2023_2024,cci_m5_chop_m1,public,cost1,BTCUSDT,388,1,-417.4155229014156,-417.8720886114156,0.24484536082474226,0.5289122752294838,164.539997448,-11.648945453415601,137192.88157000003,89,True,,,,,,,,,,,False,False
train_2023_2024,cci_m5_chop_m1,public,cost1,ETHUSDT,358,0,-436.2219315448439,-436.2219315448439,0.24022346368715083,0.4534948446099662,138.99551789999998,-11.943913644844,115951.471,78,True,,,,,,,,,,,False,False
train_2023_2024,cci_m5_chop_m1,public,cost2,PORTFOLIO,413,0,-888.474673528761,-888.474673528761,0.16464891041162227,0.24325129466791556,300.38111922,-18.3775443087609,125389.08718,69,False,,,,,,,,,,,False,False
train_2023_2024,cci_m5_chop_m1,public,cost2,BTCUSDT,204,0,-441.603677473685,-441.603677473685,0.1568627450980392,0.2583637780095532,155.5894089,-8.7986585736849,64920.17878000001,56,False,,,,,,,,,,,False,False
train_2023_2024,cci_m5_chop_m1,public,cost2,ETHUSDT,209,0,-446.87099605507586,-446.87099605507586,0.1722488038277512,0.22769945548273562,144.79171032,-9.578885735076,60468.9084,48,False,,,,,,,,,,,False,False
train_2023_2024,cci_m3_chop_w,personal,cost1,PORTFOLIO,136,1,-141.24307738951768,-143.8056608895177,0.2426470588235294,0.8035569647905466,94.91586836000002,-31.177449029515802,118652.41033000001,26,False,,,,,,,,,,,False,False
train_2023_2024,cci_m3_chop_w,personal,cost1,BTCUSDT,125,1,-104.64118861020269,-107.20377211020273,0.248,0.8418412582229419,90.7553804,-27.834748210200804,113437.25103000001,26,False,,,,,,,,,,,False,False
train_2023_2024,cci_m3_chop_w,personal,cost1,ETHUSDT,11,0,-36.60188877931498,-36.60188877931498,0.18181818181818182,0.3249843378601822,4.16048796,-3.342700819315,5215.1593,3,False,,,,,,,,,,,False,False
train_2023_2024,cci_m3_chop_w,personal,cost2,PORTFOLIO,136,1,-322.2230230114193,-322.67180301141934,0.23529411764705882,0.545820640876659,137.92267508800003,-45.943047923419606,86270.85058000001,26,False,,,,,,,,,,,False,False
train_2023_2024,cci_m3_chop_w,personal,cost2,BTCUSDT,125,1,-282.62167929528334,-283.07045929528334,0.24,0.5704570268604364,131.70256012800002,-40.960919167283606,82369.07918000002,26,False,,,,,,,,,,,False,False
train_2023_2024,cci_m3_chop_w,personal,cost2,ETHUSDT,11,0,-39.60134371613596,-39.60134371613596,0.18181818181818182,0.23024000751388435,6.220114960000001,-4.982128756136,3901.7714,3,False,,,,,,,,,,,False,False
train_2023_2024,cci_m3_chop_w,public,cost1,PORTFOLIO,136,1,-173.99243671837044,-176.12307669837048,0.2426470588235294,0.7594047648129494,135.826940364,-29.8503163543687,113193.27456000002,26,False,,,,,,,,,,,False,False
train_2023_2024,cci_m3_chop_w,public,cost1,BTCUSDT,125,1,-135.79747103735247,-137.9281110173525,0.248,0.796529701565106,129.851007684,-26.666283353350703,108198.81316,26,False,,,,,,,,,,,False,False
train_2023_2024,cci_m3_chop_w,public,cost1,ETHUSDT,11,0,-38.194965681017976,-38.194965681017976,0.18181818181818182,0.2946745191315869,5.97593268,-3.1840330010180002,4994.4614,3,False,,,,,,,,,,,False,False
train_2023_2024,cci_m3_chop_w,public,cost2,PORTFOLIO,136,1,-357.6228517194027,-357.69104867940274,0.23529411764705882,0.4909390548297752,189.57074206800002,-42.369239651403,79050.65063,26,False,,,,,,,,,,,False,False
train_2023_2024,cci_m3_chop_w,public,cost2,BTCUSDT,125,1,-317.22469641212075,-317.2928933721208,0.24,0.5126164030148712,180.768626028,-37.661100384121,75369.65833,26,False,,,,,,,,,,,False,False
train_2023_2024,cci_m3_chop_w,public,cost2,ETHUSDT,11,0,-40.398155307281954,-40.398155307281954,0.18181818181818182,0.21763752081659568,8.80211604,-4.708139267282,3680.9923,3,False,,,,,,,,,,,False,False
train_2023_2024,cci_m3_chop_d,personal,cost1,PORTFOLIO,161,0,-340.20812793104545,-340.20812793104545,0.22981366459627328,0.5482977168084039,96.02484460800001,-15.789883323045002,120034.02243000001,30,True,,,,,,,,,,,False,False
train_2023_2024,cci_m3_chop_d,personal,cost1,BTCUSDT,98,0,-177.7041680722896,-177.7041680722896,0.23469387755102042,0.6306864568189438,65.06073260800001,-10.901235464289002,81282.16793000001,21,False,,,,,,,,,,,False,False
train_2023_2024,cci_m3_chop_d,personal,cost1,ETHUSDT,63,0,-162.50395985875585,-162.50395985875585,0.2222222222222222,0.4025472929253729,30.964112000000004,-4.888647858756,38751.8545,19,False,,,,,,,,,,,False,False
train_2023_2024,cci_m3_chop_d,personal,cost2,PORTFOLIO,162,0,-482.1351513124492,-482.1351513124492,0.19753086419753085,0.350428999265991,140.626782256,-23.9213090564486,87936.86037000001,30,True,,,,,,,,,,,False,False
train_2023_2024,cci_m3_chop_d,personal,cost2,BTCUSDT,99,0,-289.66883522944505,-289.66883522944505,0.20202020202020202,0.3982356122892976,95.34525521600001,-16.3473200134446,59588.03757000001,21,False,,,,,,,,,,,False,False
train_2023_2024,cci_m3_chop_d,personal,cost2,ETHUSDT,63,0,-192.46631608300413,-192.46631608300413,0.19047619047619047,0.2622148056765946,45.28152704,-7.573989043004,28348.8228,19,False,,,,,,,,,,,False,False
train_2023_2024,cci_m3_chop_d,public,cost1,PORTFOLIO,162,0,-373.4160249027547,-373.4160249027547,0.22839506172839505,0.5044509836197766,137.134061658,-14.795453244754102,114285.30549000001,30,True,,,,,,,,,,,False,False
train_2023_2024,cci_m3_chop_d,public,cost1,BTCUSDT,99,0,-207.72389053008487,-207.72389053008487,0.23232323232323232,0.5734457764935055,93.631298538,-10.2164819920841,77988.29529000001,21,False,,,,,,,,,,,False,False
train_2023_2024,cci_m3_chop_d,public,cost1,ETHUSDT,63,0,-165.69213437266984,-165.69213437266984,0.2222222222222222,0.37840313415433324,43.50276312,-4.578971252670001,36297.010200000004,19,False,,,,,,,,,,,False,False
train_2023_2024,cci_m3_chop_d,public,cost2,PORTFOLIO,162,0,-507.62622083189217,-507.62622083189217,0.18518518518518517,0.31153529787380907,192.463176648,-21.954144183891703,80236.18561,30,True,,,,,,,,,,,False,False
train_2023_2024,cci_m3_chop_d,public,cost2,BTCUSDT,99,0,-309.3357700534081,-309.3357700534081,0.18181818181818182,0.35643068885197476,130.109613648,-14.908356405407702,54211.887610000005,21,False,,,,,,,,,,,False,False
train_2023_2024,cci_m3_chop_d,public,cost2,ETHUSDT,63,0,-198.2904507784841,-198.2904507784841,0.19047619047619047,0.22746275125667945,62.353562999999994,-7.045787778484001,26024.298000000003,19,False,,,,,,,,,,,False,False
train_2023_2024,cci_m3_chop_h12,personal,cost1,PORTFOLIO,122,0,-157.4556905197557,-157.4556905197557,0.23770491803278687,0.7471571523724864,76.27936598000001,-13.1362945397561,95320.47244000001,35,True,,,,,,,,,,,False,False
train_2023_2024,cci_m3_chop_h12,personal,cost1,BTCUSDT,77,0,-64.37047438496266,-64.37047438496266,0.23376623376623376,0.8434937752602469,50.995363020000006,-8.9844813649631,63667.294140000005,27,False,,,,,,,,,,,False,False
train_2023_2024,cci_m3_chop_h12,personal,cost1,ETHUSDT,45,0,-93.08521613479304,-93.08521613479304,0.24444444444444444,0.5597657749576297,25.284002960000002,-4.151813174793,31653.1783,19,False,,,,,,,,,,,False,False
train_2023_2024,cci_m3_chop_h12,personal,cost2,PORTFOLIO,123,0,-313.27740449136473,-313.27740449136473,0.2032520325203252,0.49705041563716346,115.15658654400002,-20.8635979473645,71988.55331,35,True,,,,,,,,,,,False,False
train_2023_2024,cci_m3_chop_h12,personal,cost2,BTCUSDT,79,0,-188.58381203781474,-188.58381203781474,0.189873417721519,0.5554008912578643,78.74105774400002,-14.394734293814501,49181.52511,27,False,,,,,,,,,,,False,False
train_2023_2024,cci_m3_chop_h12,personal,cost2,ETHUSDT,44,0,-124.69359245354998,-124.69359245354998,0.22727272727272727,0.37249834165939494,36.415528800000004,-6.468863653550001,22807.0282,19,False,,,,,,,,,,,False,False
train_2023_2024,cci_m3_chop_h12,public,cost1,PORTFOLIO,124,0,-205.09254266422263,-205.09254266422263,0.23387096774193547,0.6763272152038958,111.114573588,-12.3474690762228,92577.37938000001,35,True,,,,,,,,,,,False,False
train_2023_2024,cci_m3_chop_h12,public,cost1,BTCUSDT,79,0,-104.56367010500867,-104.56367010500867,0.22784810126582278,0.7543605595351355,75.384823428,-8.453146677008801,62756.454580000005,27,False,,,,,,,,,,,False,False
train_2023_2024,cci_m3_chop_h12,public,cost1,ETHUSDT,45,0,-100.52887255921397,-100.52887255921397,0.24444444444444444,0.51660008063614,35.729750159999995,-3.8943223992140004,29820.9248,19,False,,,,,,,,,,,False,False
train_2023_2024,cci_m3_chop_h12,public,cost2,PORTFOLIO,124,0,-346.07498514675274,-346.07498514675274,0.20161290322580644,0.4462847079521135,159.748737288,-19.285407858752603,66579.76157,35,True,,,,,,,,,,,False,False
train_2023_2024,cci_m3_chop_h12,public,cost2,BTCUSDT,79,0,-209.20111733199883,-209.20111733199883,0.189873417721519,0.504152550314097,107.85545380800001,-13.2855235239986,44909.599570000006,27,False,,,,,,,,,,,False,False
train_2023_2024,cci_m3_chop_h12,public,cost2,ETHUSDT,45,0,-136.87386781475388,-136.87386781475388,0.2222222222222222,0.3260734196431636,51.893283479999994,-5.999884334754,21670.162,19,False,,,,,,,,,,,False,False
train_2023_2024,cci_m3_chop_h6,personal,cost1,PORTFOLIO,164,0,-130.46749855299663,-130.46749855299663,0.24390243902439024,0.8525320322940353,109.01718859200001,-15.975429960997602,136370.36534000002,63,True,,,,,,,,,,,False,False
train_2023_2024,cci_m3_chop_h6,personal,cost1,BTCUSDT,99,0,90.45230408485972,90.45230408485972,0.25252525252525254,1.1762595552022566,69.471713152,-10.7073027631406,86851.08934,48,False,,,,,,,,,,,False,False
train_2023_2024,cci_m3_chop_h6,personal,cost1,ETHUSDT,65,0,-220.91980263785635,-220.91980263785635,0.23076923076923078,0.4053955867561136,39.545475440000004,-5.268127197857,49519.276000000005,40,False,,,,,,,,,,,False,False
train_2023_2024,cci_m3_chop_h6,personal,cost2,PORTFOLIO,164,0,-326.4640698187514,-326.4640698187514,0.20121951219512196,0.6104120665663082,157.76816133600002,-25.065238482751703,98731.86577,63,True,,,,,,,,,,,False,False
train_2023_2024,cci_m3_chop_h6,personal,cost2,BTCUSDT,99,0,-83.51679161435449,-83.51679161435449,0.2222222222222222,0.8335146209808121,101.59975677600002,-16.822064838354702,63547.68727000001,48,False,,,,,,,,,,,False,False
train_2023_2024,cci_m3_chop_h6,personal,cost2,ETHUSDT,65,0,-242.9472782043969,-242.9472782043969,0.16923076923076924,0.27764421475894824,56.168404560000006,-8.243173644397,35184.1785,40,False,,,,,,,,,,,False,False
train_2023_2024,cci_m3_chop_h6,public,cost1,PORTFOLIO,164,0,-177.16027123959788,-177.16027123959788,0.23780487804878048,0.7995798021942552,156.30686373,-15.069157509598801,130354.90944000002,63,True,,,,,,,,,,,False,False
train_2023_2024,cci_m3_chop_h6,public,cost1,BTCUSDT,99,0,62.08458822690751,62.08458822690751,0.25252525252525254,1.1205105554442103,99.93026511000001,-10.1767966630928,83287.42694,48,False,,,,,,,,,,,False,False
train_2023_2024,cci_m3_chop_h6,public,cost1,ETHUSDT,65,0,-239.24485946650537,-239.24485946650537,0.2153846153846154,0.35122594287258374,56.376598619999996,-4.8923608465060004,47067.482500000006,40,False,,,,,,,,,,,False,False
train_2023_2024,cci_m3_chop_h6,public,cost2,PORTFOLIO,163,0,-368.3755849309747,-368.3755849309747,0.18404907975460122,0.5505744875639036,212.895278376,-23.161226554974903,88815.12404000001,63,True,,,,,,,,,,,False,False
train_2023_2024,cci_m3_chop_h6,public,cost2,BTCUSDT,99,0,-128.94844659098376,-128.94844659098376,0.20202020202020202,0.7419798821883375,138.434473536,-15.530793054983901,57720.585340000005,48,False,,,,,,,,,,,False,False
train_2023_2024,cci_m3_chop_h6,public,cost2,ETHUSDT,64,0,-239.42713833999093,-239.42713833999093,0.15625,0.25155070809471053,74.46080484,-7.630433499991001,31094.5387,40,False,,,,,,,,,,,False,False
train_2023_2024,cci_m3_chop_h4,personal,cost1,PORTFOLIO,168,0,-218.8785435245158,-218.8785435245158,0.2261904761904762,0.7051186468692583,91.38524722800001,-12.583386296517,114436.25141000001,70,True,,,,,,,,,,,False,False
train_2023_2024,cci_m3_chop_h4,personal,cost1,BTCUSDT,90,0,-10.208390368557874,-10.208390368557874,0.2111111111111111,0.9735829523476851,54.31762510800001,-6.247355260559001,67986.64871000001,49,False,,,,,,,,,,,False,False
train_2023_2024,cci_m3_chop_h4,personal,cost1,ETHUSDT,78,0,-208.67015315595793,-208.67015315595793,0.24358974358974358,0.41356418597477324,37.06762212,-6.336031035958,46449.6027,48,False,,,,,,,,,,,False,False
train_2023_2024,cci_m3_chop_h4,personal,cost2,PORTFOLIO,167,0,-378.232623086505,-378.232623086505,0.17964071856287425,0.47989008136637845,133.04532220800002,-20.992040878504902,83343.53314,70,True,,,,,,,,,,,False,False
train_2023_2024,cci_m3_chop_h4,personal,cost2,BTCUSDT,89,0,-131.05543892208394,-131.05543892208394,0.1797752808988764,0.6624555184873601,77.79691716800001,-11.035361754083901,48710.47714,48,False,,,,,,,,,,,False,False
train_2023_2024,cci_m3_chop_h4,personal,cost2,ETHUSDT,78,0,-247.17718416442108,-247.17718416442108,0.1794871794871795,0.2707679707764941,55.24840504,-9.956679124421001,34633.056000000004,48,False,,,,,,,,,,,False,False
train_2023_2024,cci_m3_chop_h4,public,cost1,PORTFOLIO,168,0,-249.0312863928612,-249.0312863928612,0.21428571428571427,0.6648496947335428,131.106756126,-12.0244002668624,109452.71138000001,70,True,,,,,,,,,,,False,False
train_2023_2024,cci_m3_chop_h4,public,cost1,BTCUSDT,90,0,-30.979901739112282,-30.979901739112282,0.2111111111111111,0.9207211086403513,78.120679866,-5.9745918731134005,65189.76918000001,49,False,,,,,,,,,,,False,False
train_2023_2024,cci_m3_chop_h4,public,cost1,ETHUSDT,78,0,-218.05138465374893,-218.05138465374893,0.21794871794871795,0.3810149614955964,52.98607626,-6.049808393749,44262.942200000005,48,False,,,,,,,,,,,False,False
train_2023_2024,cci_m3_chop_h4,public,cost2,PORTFOLIO,168,0,-419.613661283276,-419.613661283276,0.16071428571428573,0.42337612267713604,184.172110632,-19.1700306512759,76913.37588,70,True,,,,,,,,,,,False,False
train_2023_2024,cci_m3_chop_h4,public,cost2,BTCUSDT,90,0,-168.98175887962196,-168.98175887962196,0.16666666666666666,0.5728521743565952,108.453086232,-10.157152647621901,45268.244280000006,49,False,,,,,,,,,,,False,False
train_2023_2024,cci_m3_chop_h4,public,cost2,ETHUSDT,78,0,-250.63190240365404,-250.63190240365404,0.15384615384615385,0.2453184856634932,75.7190244,-9.012878003654,31645.1316,48,False,,,,,,,,,,,False,False
train_2023_2024,cci_m3_chop_h1,personal,cost1,PORTFOLIO,168,1,57.02723949164438,63.00940925164436,0.2916666666666667,1.1033322755993902,73.554982124,-16.5688483843561,92120.12746,77,True,,,,,,,,,,,False,False
train_2023_2024,cci_m3_chop_h1,personal,cost1,BTCUSDT,91,1,74.78949020704651,80.77165996704649,0.27472527472527475,1.25619124789152,40.319290804000005,-7.972188988954101,50467.130260000005,66,False,,,,,,,,,,,False,False
train_2023_2024,cci_m3_chop_h1,personal,cost1,ETHUSDT,77,0,-17.762250715402132,-17.762250715402132,0.3116883116883117,0.9396859262465159,33.23569132,-8.596659395402,41652.997200000005,54,False,,,,,,,,,,,False,False
train_2023_2024,cci_m3_chop_h1,personal,cost2,PORTFOLIO,168,1,-165.2056646071192,-160.13000727911924,0.2619047619047619,0.7356279215383782,110.73645252000001,-26.306282087118902,69377.62341,77,True,,,,,,,,,,,False,False
train_2023_2024,cci_m3_chop_h1,personal,cost2,BTCUSDT,91,1,-59.03110583084718,-53.95544850284721,0.25274725274725274,0.8315551520305515,60.925401400000005,-13.243674430846902,38147.12511,66,False,,,,,,,,,,,False,False
train_2023_2024,cci_m3_chop_h1,personal,cost2,ETHUSDT,77,0,-106.17455877627202,-106.17455877627202,0.2727272727272727,0.6279591897838549,49.81105112,-13.062607656272,31230.498300000003,54,False,,,,,,,,,,,False,False
train_2023_2024,cci_m3_chop_h1,public,cost1,PORTFOLIO,168,1,20.967943465535786,26.880178556535768,0.2916666666666667,1.0440566362930193,105.767352138,-15.8094343964647,88309.83476000001,77,True,,,,,,,,,,,False,False
train_2023_2024,cci_m3_chop_h1,public,cost1,BTCUSDT,91,1,55.81251951141592,61.724754602415906,0.27472527472527475,1.19413045511826,58.266464238000005,-7.657046250584701,48623.48446000001,66,False,,,,,,,,,,,False,False
train_2023_2024,cci_m3_chop_h1,public,cost1,ETHUSDT,77,0,-34.84457604588014,-34.84457604588014,0.3116883116883117,0.8807398237262283,47.500887899999995,-8.15238814588,39686.350300000006,54,False,,,,,,,,,,,False,False
train_2023_2024,cci_m3_chop_h1,public,cost2,PORTFOLIO,168,1,-211.36131529322867,-206.54255211322868,0.25,0.6577774108670924,155.01968521199998,-24.8123800812284,64745.1148,77,True,,,,,,,,,,,False,False
train_2023_2024,cci_m3_chop_h1,public,cost2,BTCUSDT,91,1,-86.05169580405266,-81.23293262405268,0.25274725274725274,0.7451159990645819,85.632111612,-12.7253341920524,35741.2652,66,False,,,,,,,,,,,False,False
train_2023_2024,cci_m3_chop_h1,public,cost2,ETHUSDT,77,0,-125.309619489176,-125.309619489176,0.24675324675324675,0.5600505086401808,69.3875736,-12.087045889176,29003.8496,54,False,,,,,,,,,,,False,False
train_2023_2024,cci_m3_chop_m30,personal,cost1,PORTFOLIO,162,1,140.45581379686513,144.7587210448651,0.345679012345679,1.2432990610175394,57.33287832800001,-16.0569878751351,71802.47854000001,74,True,,,,,,,,,,,False,False
train_2023_2024,cci_m3_chop_m30,personal,cost1,BTCUSDT,82,1,159.03269171582795,163.3355989638279,0.3780487804878049,1.518720783614146,32.727110088,-8.5424781961721,40983.050540000004,54,False,,,,,,,,,,,False,False
train_2023_2024,cci_m3_chop_m30,personal,cost1,ETHUSDT,80,0,-18.576877918962804,-18.576877918962804,0.3125,0.933677957843863,24.605768240000003,-7.514509678963,30819.428,53,False,,,,,,,,,,,False,False
train_2023_2024,cci_m3_chop_m30,personal,cost2,PORTFOLIO,162,1,-73.46403723191327,-69.35759463191329,0.30864197530864196,0.8815385927077795,92.53511422400001,-27.4540030079131,57974.242430000006,74,True,,,,,,,,,,,False,False
train_2023_2024,cci_m3_chop_m30,personal,cost2,BTCUSDT,82,1,23.31887440206667,27.42531700206665,0.3170731707317073,1.08789392251112,52.06273662400001,-14.698468973933101,32622.117630000004,54,False,,,,,,,,,,,False,False
train_2023_2024,cci_m3_chop_m30,personal,cost2,ETHUSDT,80,0,-96.78291163397994,-96.78291163397994,0.3,0.6460793876535631,40.4723776,-12.755534033980002,25352.1248,53,False,,,,,,,,,,,False,False
train_2023_2024,cci_m3_chop_m30,public,cost1,PORTFOLIO,162,1,110.11909621062317,114.41544584062312,0.345679012345679,1.192537313211074,83.581327686,-15.5677061033771,69782.92804,74,True,,,,,,,,,,,False,False
train_2023_2024,cci_m3_chop_m30,public,cost1,BTCUSDT,82,1,140.24005393645498,144.53640356645494,0.3780487804878049,1.4584601609623864,47.671581066,-8.2605949975451,39800.65374,54,False,,,,,,,,,,,False,False
train_2023_2024,cci_m3_chop_m30,public,cost1,ETHUSDT,80,0,-30.120957725831808,-30.120957725831808,0.3125,0.8920341027964056,35.90974662,-7.307111105832,29982.2743,53,False,,,,,,,,,,,False,False
train_2023_2024,cci_m3_chop_m30,public,cost2,PORTFOLIO,161,1,-113.45408492308287,-109.3204369350829,0.2981366459627329,0.8086568813401963,126.49194132,-25.7115636030828,52831.185900000004,74,True,,,,,,,,,,,False,False
train_2023_2024,cci_m3_chop_m30,public,cost2,BTCUSDT,82,1,-9.937074008229008,-5.803426020229026,0.3048780487804878,0.9813122234597056,72.96088944,-13.8235045682288,30476.865900000004,54,False,,,,,,,,,,,False,False
train_2023_2024,cci_m3_chop_m30,public,cost2,ETHUSDT,79,0,-103.51701091485387,-103.51701091485387,0.2911392405063291,0.6030566017903392,53.53105188,-11.888059034854,22354.32,53,False,,,,,,,,,,,False,False
train_2023_2024,cci_m3_chop_m15,personal,cost1,PORTFOLIO,275,1,-30.416821865678255,-26.741421924678303,0.33454545454545453,0.9745476378494097,120.38506438400002,-28.547877481678402,150444.7637,91,True,,,,,,,,,,,False,False
train_2023_2024,cci_m3_chop_m15,personal,cost1,BTCUSDT,145,1,-38.86295656816757,-35.187556627167616,0.32413793103448274,0.9381987434185197,64.859858184,-15.4447183841674,81063.964,73,True,,,,,,,,,,,False,False
train_2023_2024,cci_m3_chop_m15,personal,cost1,ETHUSDT,130,0,8.446134702489314,8.446134702489314,0.34615384615384615,1.0175493297896072,55.52520620000001,-13.103159097511,69380.7997,66,True,,,,,,,,,,,False,False
train_2023_2024,cci_m3_chop_m15,personal,cost2,PORTFOLIO,275,1,-345.4525088197009,-342.4867447197009,0.28,0.6473749808642412,173.39862486400003,-42.0765839557004,108412.31364000001,91,True,,,,,,,,,,,False,False
train_2023_2024,cci_m3_chop_m15,personal,cost2,BTCUSDT,145,1,-206.53682652881963,-203.57106242881963,0.2620689655172414,0.6147041315064059,92.84922958400001,-22.7225969448194,58063.004940000006,73,True,,,,,,,,,,,False,False
train_2023_2024,cci_m3_chop_m15,personal,cost2,ETHUSDT,130,0,-138.91568229088122,-138.91568229088122,0.3,0.6863491853791049,80.54939528000001,-19.353987010881003,50349.3087,66,True,,,,,,,,,,,False,False
train_2023_2024,cci_m3_chop_m15,public,cost1,PORTFOLIO,275,1,-93.93736354659644,-90.38820515659648,0.32727272727272727,0.9126901875533262,171.074459016,-26.9353845305966,142526.06134000001,91,True,,,,,,,,,,,False,False
train_2023_2024,cci_m3_chop_m15,public,cost1,BTCUSDT,145,1,-73.01708638256873,-69.46792799256878,0.3103448275862069,0.8762228509970118,91.950637416,-14.4829289665686,76617.00034000001,73,True,,,,,,,,,,,False,False
train_2023_2024,cci_m3_chop_m15,public,cost1,ETHUSDT,130,0,-20.920277164027706,-20.920277164027706,0.34615384615384615,0.9558666660356744,79.1238216,-12.452455564028,65909.061,66,True,,,,,,,,,,,False,False
train_2023_2024,cci_m3_chop_m15,public,cost2,PORTFOLIO,275,1,-404.45379695260016,-401.6575056666002,0.2690909090909091,0.5794993385089923,238.172578164,-38.5487687885998,99279.21254000001,91,True,,,,,,,,,,,False,False
train_2023_2024,cci_m3_chop_m15,public,cost2,BTCUSDT,145,1,-235.20838578929997,-232.41209450329998,0.25517241379310346,0.5520431917960185,127.277763084,-20.7524727052998,53064.366440000005,73,True,,,,,,,,,,,False,False
train_2023_2024,cci_m3_chop_m15,public,cost2,ETHUSDT,130,0,-169.24541116330016,-169.24541116330016,0.2846153846153846,0.6121442504468995,110.89481508,-17.7962960833,46214.8461,66,True,,,,,,,,,,,False,False
train_2023_2024,cci_m3_chop_m5,personal,cost1,PORTFOLIO,622,1,-677.5956894001905,-677.5545476211905,0.2491961414790997,0.628853942715153,225.19146983600004,-34.5122495641901,281601.44060000003,102,True,,,,,,,,,,,False,False
train_2023_2024,cci_m3_chop_m5,personal,cost1,BTCUSDT,324,1,-360.8895790916894,-360.84843731268944,0.24691358024691357,0.6259886989203219,122.84439687600002,-16.7868122156891,153608.24130000002,89,True,,,,,,,,,,,False,False
train_2023_2024,cci_m3_chop_m5,personal,cost1,ETHUSDT,298,0,-316.7061103085011,-316.7061103085011,0.2516778523489933,0.6320655005956999,102.34707296,-17.725437348501,127993.19930000001,78,True,,,,,,,,,,,False,False
train_2023_2024,cci_m3_chop_m5,personal,cost2,PORTFOLIO,600,1,-854.9799680455651,-854.7189927455652,0.23333333333333334,0.4048906028981217,263.141647336,-39.440910709564804,164631.86787000002,102,True,,,,,,,,,,,False,False
train_2023_2024,cci_m3_chop_m5,personal,cost2,BTCUSDT,312,1,-451.307327122,-451.046351822,0.23717948717948717,0.3954102667110764,138.82449341600002,-18.880823705999802,86843.78397,89,True,,,,,,,,,,,False,False
train_2023_2024,cci_m3_chop_m5,personal,cost2,ETHUSDT,288,0,-403.6726409235651,-403.6726409235651,0.22916666666666666,0.41513787635214394,124.31715392000001,-20.560087003565002,77788.0839,78,True,,,,,,,,,,,False,False
train_2023_2024,cci_m3_chop_m5,public,cost1,PORTFOLIO,622,1,-731.5675696329847,-731.4625715859847,0.2459807073954984,0.5798781181559344,304.671400284,-30.451209348984303,254001.81737000003,102,True,,,,,,,,,,,False,False
train_2023_2024,cci_m3_chop_m5,public,cost1,BTCUSDT,325,1,-392.92095765841356,-392.8159596114136,0.24307692307692308,0.5726415917229625,166.136010084,-14.741587574413302,138497.20897,89,True,,,,,,,,,,,False,False
train_2023_2024,cci_m3_chop_m5,public,cost1,ETHUSDT,297,0,-338.64661197457116,-338.64661197457116,0.24915824915824916,0.5879710890655366,138.5353902,-15.709621774571001,115504.60840000001,78,True,,,,,,,,,,,False,False
train_2023_2024,cci_m3_chop_m5,public,cost2,PORTFOLIO,554,1,-883.0265393159347,-882.4186499059347,0.20938628158844766,0.3418701895970677,338.234716608,-32.5350427079344,141089.42643000002,99,True,,,,,,,,,,,False,False
train_2023_2024,cci_m3_chop_m5,public,cost2,BTCUSDT,279,1,-463.46215809059754,-462.85426868059756,0.2078853046594982,0.3236161708516237,174.647417448,-14.987460642597402,72844.47643000001,84,True,,,,,,,,,,,False,False
train_2023_2024,cci_m3_chop_m5,public,cost2,ETHUSDT,275,0,-419.56438122533706,-419.56438122533706,0.2109090909090909,0.36089767235198456,163.58729916,-17.547582065337,68244.95,77,True,,,,,,,,,,,False,False
train_2023_2024,cci_m3_chop_m3,personal,cost1,PORTFOLIO,697,1,-729.4291221649881,-729.3933467049882,0.23959827833572453,0.6071904601767913,235.01996679600003,-32.9924253689882,293909.96817,101,True,,,,,,,,,,,False,False
train_2023_2024,cci_m3_chop_m3,personal,cost1,BTCUSDT,358,1,-359.8979459809985,-359.8621705209985,0.2430167597765363,0.6238897302917076,130.37813951600003,-16.3874764649982,163023.01657,88,True,,,,,,,,,,,False,False
train_2023_2024,cci_m3_chop_m3,personal,cost1,ETHUSDT,339,0,-369.5311761839896,-369.5311761839896,0.2359882005899705,0.5894385292748409,104.64182728000002,-16.60494890399,130886.9516,79,True,,,,,,,,,,,False,False
train_2023_2024,cci_m3_chop_m3,personal,cost2,PORTFOLIO,614,1,-880.0146085896893,-879.3302014896892,0.2182410423452769,0.3641625547731393,255.17693952000002,-34.1407290696892,159690.73115,100,True,,,,,,,,,,,False,False
train_2023_2024,cci_m3_chop_m3,personal,cost2,BTCUSDT,309,1,-446.01485421737925,-445.33044711737926,0.23300970873786409,0.35991387506952255,134.72009992000002,-16.3577142973792,84285.73975000001,86,True,,,,,,,,,,,False,False
train_2023_2024,cci_m3_chop_m3,personal,cost2,ETHUSDT,305,0,-433.99975437230995,-433.99975437230995,0.20327868852459016,0.36846392325752336,120.45683960000001,-17.78301477231,75404.9914,76,True,,,,,,,,,,,False,False
train_2023_2024,cci_m3_chop_m3,public,cost1,PORTFOLIO,694,1,-771.686092736508,-771.597673328508,0.23631123919308358,0.5639692929716981,317.949512724,-29.4970200125078,265090.31835,101,True,,,,,,,,,,,False,False
train_2023_2024,cci_m3_chop_m3,public,cost1,BTCUSDT,357,1,-386.77225169306416,-386.68383228506417,0.24089635854341737,0.5764669501568956,175.421796924,-14.570294769063802,146235.04995000002,88,True,,,,,,,,,,,False,False
train_2023_2024,cci_m3_chop_m3,public,cost1,ETHUSDT,337,0,-384.9138410434438,-384.9138410434438,0.2314540059347181,0.5506488190867144,142.52771579999998,-14.926725243444,118855.2684,79,True,,,,,,,,,,,False,False
train_2023_2024,cci_m3_chop_m3,public,cost2,PORTFOLIO,558,1,-883.7896601384731,-883.0439176664731,0.2060931899641577,0.3074774761321455,325.417362888,-27.200157250473,135777.73270000002,99,True,,,,,,,,,,,False,False
train_2023_2024,cci_m3_chop_m3,public,cost2,BTCUSDT,281,1,-452.5962985407951,-451.8505560687951,0.21708185053380782,0.2978167049740274,171.689018568,-12.983339972795001,71609.92050000001,83,True,,,,,,,,,,,False,False
train_2023_2024,cci_m3_chop_m3,public,cost2,ETHUSDT,277,0,-431.193361597678,-431.193361597678,0.19494584837545126,0.3173198829242322,153.72834432,-14.216817277678,64167.8122,77,True,,,,,,,,,,,False,False
train_2023_2024,cci_m3_chop_m1,personal,cost1,PORTFOLIO,775,1,-840.1221217474858,-840.6688062274858,0.24258064516129033,0.5335191461662867,230.48635588800002,-26.6169458594863,288305.69966000004,103,True,,,,,,,,,,,False,False
train_2023_2024,cci_m3_chop_m1,personal,cost1,BTCUSDT,407,1,-411.8272739575643,-412.3739584375643,0.23832923832923833,0.56972336101214,127.05752556800002,-13.404728389564301,158903.21546,90,True,,,,,,,,,,,False,False
train_2023_2024,cci_m3_chop_m1,personal,cost1,ETHUSDT,368,0,-428.2948477899215,-428.2948477899215,0.24728260869565216,0.49239615972440026,103.42883032,-13.212217469922,129402.4842,79,True,,,,,,,,,,,False,False
train_2023_2024,cci_m3_chop_m1,personal,cost2,PORTFOLIO,486,0,-888.550905697407,-888.550905697407,0.19547325102880658,0.30047285278046365,237.26139766400004,-23.2678880334069,148521.85842,76,False,,,,,,,,,,,False,False
train_2023_2024,cci_m3_chop_m1,personal,cost2,BTCUSDT,245,0,-443.94468477540494,-443.94468477540494,0.20408163265306123,0.313457729741507,123.46905566400002,-11.3769091114049,77261.31572000001,65,False,,,,,,,,,,,False,False
train_2023_2024,cci_m3_chop_m1,personal,cost2,ETHUSDT,241,0,-444.606220922002,-444.606220922002,0.18672199170124482,0.28700778099852897,113.792342,-11.890978922002,71260.5427,56,False,,,,,,,,,,,False,False
train_2023_2024,cci_m3_chop_m1,public,cost1,PORTFOLIO,749,1,-847.0422522082608,-847.4988179182609,0.24432576769025366,0.5004563305442705,307.24189255199997,-23.8579596562613,256217.08749,102,True,,,,,,,,,,,False,False
train_2023_2024,cci_m3_chop_m1,public,cost1,BTCUSDT,392,1,-415.1668892243182,-415.6234549343182,0.2423469387755102,0.537053805898897,168.07585513200002,-11.998734092318301,140132.01789000002,90,True,,,,,,,,,,,False,False
train_2023_2024,cci_m3_chop_m1,public,cost1,ETHUSDT,357,0,-431.87536298394264,-431.87536298394264,0.24649859943977592,0.4593223595814265,139.16603741999998,-11.859225563943001,116085.0696,78,True,,,,,,,,,,,False,False
train_2023_2024,cci_m3_chop_m1,public,cost2,PORTFOLIO,414,0,-889.4017879456964,-889.4017879456964,0.15942028985507245,0.24586970204617742,302.405745684,-18.1594322616965,126221.82146,69,False,,,,,,,,,,,False,False
train_2023_2024,cci_m3_chop_m1,public,cost2,BTCUSDT,207,0,-450.0307531115834,-450.0307531115834,0.1497584541062802,0.25737900043752016,158.886308244,-8.753234867583501,66289.56386000001,55,False,,,,,,,,,,,False,False
train_2023_2024,cci_m3_chop_m1,public,cost2,ETHUSDT,207,0,-439.3710348341129,-439.3710348341129,0.16908212560386474,0.2337053725866626,143.51943744,-9.406197394113,59932.257600000004,48,False,,,,,,,,,,,False,False
train_2023_2024,cci_m1_chop_w,personal,cost1,PORTFOLIO,136,1,-147.7754551834986,-150.33803868349864,0.2426470588235294,0.7929249709816253,95.00834953600001,-31.1660056474971,118771.23747000001,26,False,,,,,,,,,,,False,False
train_2023_2024,cci_m1_chop_w,personal,cost1,BTCUSDT,125,1,-111.49130614959759,-114.05388964959764,0.248,0.8303025933699467,90.75263673600001,-27.641569413596102,113437.34447000001,26,False,,,,,,,,,,,False,False
train_2023_2024,cci_m1_chop_w,personal,cost1,ETHUSDT,11,0,-36.28414903390099,-36.28414903390099,0.18181818181818182,0.32689990194701973,4.2557128,-3.524436233901,5333.893,3,False,,,,,,,,,,,False,False
train_2023_2024,cci_m1_chop_w,personal,cost2,PORTFOLIO,136,1,-331.3702217059713,-331.81900170597135,0.23529411764705882,0.5298388804739638,137.370664104,-45.690647601971605,85930.81952,26,False,,,,,,,,,,,False,False
train_2023_2024,cci_m1_chop_w,personal,cost2,BTCUSDT,125,1,-291.68594205173736,-292.1347220517374,0.24,0.5534655729202315,131.02317130400002,-40.4990607477376,81949.56392000002,26,False,,,,,,,,,,,False,False
train_2023_2024,cci_m1_chop_w,personal,cost2,ETHUSDT,11,0,-39.68427965423394,-39.68427965423394,0.18181818181818182,0.22986943823794792,6.3474928,-5.191586854234,3981.2556,3,False,,,,,,,,,,,False,False
train_2023_2024,cci_m1_chop_w,public,cost1,PORTFOLIO,136,1,-181.5317031242499,-183.66234310424994,0.2426470588235294,0.7468465655748718,135.663384384,-29.8046787402485,113060.85214000002,26,False,,,,,,,,,,,False,False
train_2023_2024,cci_m1_chop_w,public,cost1,BTCUSDT,125,1,-144.1395015521579,-146.27014153215794,0.248,0.7823842327583316,129.593228544,-26.466633008156503,107988.39694,26,False,,,,,,,,,,,False,False
train_2023_2024,cci_m1_chop_w,public,cost1,ETHUSDT,11,0,-37.392201572091984,-37.392201572091984,0.18181818181818182,0.29910856566914223,6.07015584,-3.338045732092,5072.4552,3,False,,,,,,,,,,,False,False
train_2023_2024,cci_m1_chop_w,public,cost2,PORTFOLIO,136,1,-363.45204272062693,-363.52023968062696,0.23529411764705882,0.47923655365027296,189.059858904,-42.2936238166272,78840.99049000001,26,False,,,,,,,,,,,False,False
train_2023_2024,cci_m1_chop_w,public,cost2,BTCUSDT,125,1,-323.58513648227097,-323.653333442271,0.24,0.4997225423262864,180.163904664,-37.431471818271206,75121.28849,26,False,,,,,,,,,,,False,False
train_2023_2024,cci_m1_chop_w,public,cost2,ETHUSDT,11,0,-39.86690623835594,-39.86690623835594,0.18181818181818182,0.21989992261954183,8.89595424,-4.862151998356,3719.702,3,False,,,,,,,,,,,False,False
train_2023_2024,cci_m1_chop_d,personal,cost1,PORTFOLIO,160,0,-334.20612288299566,-334.20612288299566,0.23125,0.5535692177983824,96.31369287200002,-15.7961900109948,120382.80379,30,True,,,,,,,,,,,False,False
train_2023_2024,cci_m1_chop_d,personal,cost1,BTCUSDT,98,0,-178.23778739806292,-178.23778739806292,0.23469387755102042,0.6324428245250358,65.727919392,-10.9009280060618,82107.70779000001,21,False,,,,,,,,,,,False,False
train_2023_2024,cci_m1_chop_d,personal,cost1,ETHUSDT,62,0,-155.96833548493277,-155.96833548493277,0.22580645161290322,0.40852229515439353,30.585773480000004,-4.8952620049330005,38275.096000000005,19,False,,,,,,,,,,,False,False
train_2023_2024,cci_m1_chop_d,personal,cost2,PORTFOLIO,160,0,-471.85298907880525,-471.85298907880525,0.2,0.35701453927947563,139.443936368,-24.202072710804302,87189.774,30,True,,,,,,,,,,,False,False
train_2023_2024,cci_m1_chop_d,personal,cost2,BTCUSDT,99,0,-292.3573983456551,-292.3573983456551,0.20202020202020202,0.3996843089784882,96.28890732800001,-16.5446110176543,60170.64980000001,21,False,,,,,,,,,,,False,False
train_2023_2024,cci_m1_chop_d,personal,cost2,ETHUSDT,61,0,-179.49559073315018,-179.49559073315018,0.19672131147540983,0.272829008779474,43.15502904,-7.65746169315,27019.124200000002,19,False,,,,,,,,,,,False,False
train_2023_2024,cci_m1_chop_d,public,cost1,PORTFOLIO,161,0,-370.2221790909666,-370.2221790909666,0.22981366459627328,0.5068021921376743,137.14971066,-14.817268430965601,114287.64261000001,30,True,,,,,,,,,,,False,False
train_2023_2024,cci_m1_chop_d,public,cost1,BTCUSDT,99,0,-208.89972283272985,-208.89972283272985,0.23232323232323232,0.5740998850354448,94.0758477,-10.207075132728601,78351.35901000001,21,False,,,,,,,,,,,False,False
train_2023_2024,cci_m1_chop_d,public,cost1,ETHUSDT,62,0,-161.32245625823677,-161.32245625823677,0.22580645161290322,0.37992642525767434,43.07386296,-4.610193298237,35936.2836,19,False,,,,,,,,,,,False,False
train_2023_2024,cci_m1_chop_d,public,cost2,PORTFOLIO,161,0,-503.87285627489143,-503.87285627489143,0.18633540372670807,0.312791888350738,192.756203844,-22.2935224308905,80346.69447,30,True,,,,,,,,,,,False,False
train_2023_2024,cci_m1_chop_d,public,cost2,BTCUSDT,99,0,-309.4425804440752,-309.4425804440752,0.18181818181818182,0.3581874159283677,131.586323124,-15.2253273200745,54819.46977,21,False,,,,,,,,,,,False,False
train_2023_2024,cci_m1_chop_d,public,cost2,ETHUSDT,62,0,-194.4302758308162,-194.4302758308162,0.1935483870967742,0.2256202950989235,61.169880719999995,-7.068195110816,25527.224700000002,19,False,,,,,,,,,,,False,False
train_2023_2024,cci_m1_chop_h12,personal,cost1,PORTFOLIO,125,0,-178.25142646171088,-178.25142646171088,0.232,0.7207923844996263,77.6832133,-12.9739031617109,97079.65822000001,35,True,,,,,,,,,,,False,False
train_2023_2024,cci_m1_chop_h12,personal,cost1,BTCUSDT,80,0,-82.33712594914107,-82.33712594914107,0.225,0.8091648350986174,52.93201030000001,-8.9957056491409,66089.28462,27,False,,,,,,,,,,,False,False
train_2023_2024,cci_m1_chop_h12,personal,cost1,ETHUSDT,45,0,-95.91430051256981,-95.91430051256981,0.24444444444444444,0.5365611437039184,24.751203000000004,-3.9781975125700004,30990.3736,19,False,,,,,,,,,,,False,False
train_2023_2024,cci_m1_chop_h12,personal,cost2,PORTFOLIO,125,0,-321.9304773869042,-321.9304773869042,0.2,0.49176700756014735,117.23131919200002,-20.765308194903902,73282.37535,35,True,,,,,,,,,,,False,False
train_2023_2024,cci_m1_chop_h12,personal,cost2,BTCUSDT,80,0,-189.40300918250531,-189.40300918250531,0.1875,0.5580866355727688,79.71238967200001,-14.413269510504902,49781.181150000004,27,False,,,,,,,,,,,False,False
train_2023_2024,cci_m1_chop_h12,personal,cost2,ETHUSDT,45,0,-132.52746820439887,-132.52746820439887,0.2222222222222222,0.3529983823727065,37.51892952,-6.352038684399,23501.1942,19,False,,,,,,,,,,,False,False
train_2023_2024,cci_m1_chop_h12,public,cost1,PORTFOLIO,123,0,-190.85403754898792,-190.85403754898792,0.23577235772357724,0.698082272440914,111.728989692,-12.631587856988,93074.61944000001,35,True,,,,,,,,,,,False,False
train_2023_2024,cci_m1_chop_h12,public,cost1,BTCUSDT,78,0,-85.95641609773712,-85.95641609773712,0.23076923076923078,0.7954552028036427,75.518130372,-8.751025725737,62849.16724,27,False,,,,,,,,,,,False,False
train_2023_2024,cci_m1_chop_h12,public,cost1,ETHUSDT,45,0,-104.8976214512508,-104.8976214512508,0.24444444444444444,0.504981587232715,36.21085932,-3.880562131251,30225.4522,19,False,,,,,,,,,,,False,False
train_2023_2024,cci_m1_chop_h12,public,cost2,PORTFOLIO,125,0,-348.8104615199279,-348.8104615199279,0.2,0.44584215894170787,161.613637788,-19.3054137319276,67351.36118,35,True,,,,,,,,,,,False,False
train_2023_2024,cci_m1_chop_h12,public,cost2,BTCUSDT,80,0,-209.600147881176,-209.600147881176,0.1875,0.5090240117239164,109.962169428,-13.440268453175602,45780.948780000006,27,False,,,,,,,,,,,False,False
train_2023_2024,cci_m1_chop_h12,public,cost2,ETHUSDT,45,0,-139.21031363875187,-139.21031363875187,0.2222222222222222,0.31266842668628814,51.651468359999996,-5.865145278752,21570.4124,19,False,,,,,,,,,,,False,False
train_2023_2024,cci_m1_chop_h6,personal,cost1,PORTFOLIO,162,0,-102.0878261063956,-102.0878261063956,0.24691358024691357,0.8830012812237136,109.37297886800002,-16.6080172383965,136793.10962,62,True,,,,,,,,,,,False,False
train_2023_2024,cci_m1_chop_h6,personal,cost1,BTCUSDT,99,0,98.04110766537772,98.04110766537772,0.25252525252525254,1.1887727431710864,70.88992646800001,-11.1695358666225,88612.70682,48,False,,,,,,,,,,,False,False
train_2023_2024,cci_m1_chop_h6,personal,cost1,ETHUSDT,63,0,-200.12893377177332,-200.12893377177332,0.23809523809523808,0.43337482852015413,38.483052400000005,-5.438481371774,48180.4028,38,False,,,,,,,,,,,False,False
train_2023_2024,cci_m1_chop_h6,personal,cost2,PORTFOLIO,162,0,-309.9611156363577,-309.9611156363577,0.19753086419753085,0.6277329569684853,159.34078932000003,-25.860616316358204,99697.28955,62,True,,,,,,,,,,,False,False
train_2023_2024,cci_m1_chop_h6,personal,cost2,BTCUSDT,99,0,-83.05955348572103,-83.05955348572103,0.21212121212121213,0.8376060270506599,104.38474732000002,-17.445196165721203,65278.67385000001,48,False,,,,,,,,,,,False,False
train_2023_2024,cci_m1_chop_h6,personal,cost2,ETHUSDT,63,0,-226.9015621506367,-226.9015621506367,0.1746031746031746,0.29349735657652726,54.956042000000004,-8.415420150637,34418.6157,38,False,,,,,,,,,,,False,False
train_2023_2024,cci_m1_chop_h6,public,cost1,PORTFOLIO,162,0,-138.0634455982448,-138.0634455982448,0.24074074074074073,0.841838968357841,157.367373996,-15.8074516022457,131215.23059000002,62,True,,,,,,,,,,,False,False
train_2023_2024,cci_m1_chop_h6,public,cost1,BTCUSDT,99,0,68.65386851339753,68.65386851339753,0.25252525252525254,1.131320934699293,102.233047896,-10.6493635906027,85195.32529000001,48,False,,,,,,,,,,,False,False
train_2023_2024,cci_m1_chop_h6,public,cost1,ETHUSDT,63,0,-206.71731411164234,-206.71731411164234,0.2222222222222222,0.40960691047483105,55.134326099999996,-5.158088011643001,46019.9053,38,False,,,,,,,,,,,False,False
train_2023_2024,cci_m1_chop_h6,public,cost2,PORTFOLIO,162,0,-353.71498838317336,-353.71498838317336,0.18518518518518517,0.5670483052925377,216.71952129599998,-23.6657870871738,90399.75902000001,62,True,,,,,,,,,,,False,False
train_2023_2024,cci_m1_chop_h6,public,cost2,BTCUSDT,99,0,-123.82347912748565,-123.82347912748565,0.20202020202020202,0.753986211066581,141.876473976,-15.922425151485802,59148.794720000005,48,False,,,,,,,,,,,False,False
train_2023_2024,cci_m1_chop_h6,public,cost2,ETHUSDT,63,0,-229.8915092556877,-229.8915092556877,0.15873015873015872,0.2670809380729913,74.84304732,-7.743361935688,31250.9643,38,False,,,,,,,,,,,False,False
train_2023_2024,cci_m1_chop_h4,personal,cost1,PORTFOLIO,165,0,-190.1529391077254,-190.1529391077254,0.23030303030303031,0.7396467882585602,92.01681646800002,-13.3021926397266,115204.98954000001,69,True,,,,,,,,,,,False,False
train_2023_2024,cci_m1_chop_h4,personal,cost1,BTCUSDT,90,0,-5.655966632439586,-5.655966632439586,0.2111111111111111,0.9856474886680833,55.92147390800001,-6.658162724440601,69982.39294,49,False,,,,,,,,,,,False,False
train_2023_2024,cci_m1_chop_h4,personal,cost1,ETHUSDT,75,0,-184.4969724752858,-184.4969724752858,0.25333333333333335,0.4513757111746583,36.095342560000006,-6.6440299152860005,45222.596600000004,46,False,,,,,,,,,,,False,False
train_2023_2024,cci_m1_chop_h4,personal,cost2,PORTFOLIO,165,0,-358.0524323140077,-358.0524323140077,0.18181818181818182,0.5020970988860104,135.241838424,-21.757103890007603,84701.27705,69,True,,,,,,,,,,,False,False
train_2023_2024,cci_m1_chop_h4,personal,cost2,BTCUSDT,90,0,-139.81206265098368,-139.81206265098368,0.16666666666666666,0.6543693962369644,82.17630186400001,-11.503770786983601,51442.72905,49,False,,,,,,,,,,,False,False
train_2023_2024,cci_m1_chop_h4,personal,cost2,ETHUSDT,75,0,-218.24036966302404,-218.24036966302404,0.2,0.3063102342259762,53.065536560000005,-10.253333103024,33258.548,46,False,,,,,,,,,,,False,False
train_2023_2024,cci_m1_chop_h4,public,cost1,PORTFOLIO,165,0,-219.63581777745156,-219.63581777745156,0.22424242424242424,0.699632095028557,131.979234138,-12.7049336394528,110158.55868,69,True,,,,,,,,,,,False,False
train_2023_2024,cci_m1_chop_h4,public,cost1,BTCUSDT,90,0,-28.676112304245784,-28.676112304245784,0.2111111111111111,0.9283604346047227,80.709067578,-6.3677947262468,67338.24508000001,49,False,,,,,,,,,,,False,False
train_2023_2024,cci_m1_chop_h4,public,cost1,ETHUSDT,75,0,-190.9597054732058,-190.9597054732058,0.24,0.4229769722242734,51.27016656,-6.337138913206,42820.3136,46,False,,,,,,,,,,,False,False
train_2023_2024,cci_m1_chop_h4,public,cost2,PORTFOLIO,165,0,-398.1178941113499,-398.1178941113499,0.1696969696969697,0.44541149287001486,184.957115772,-20.1822483393498,77222.27942,69,True,,,,,,,,,,,False,False
train_2023_2024,cci_m1_chop_h4,public,cost2,BTCUSDT,90,0,-170.46594060644094,-170.46594060644094,0.16666666666666666,0.5800048602247202,111.583212012,-10.6087985944408,46565.17212,49,False,,,,,,,,,,,False,False
train_2023_2024,cci_m1_chop_h4,public,cost2,ETHUSDT,75,0,-227.65195350490902,-227.65195350490902,0.17333333333333334,0.2703130886698386,73.37390375999999,-9.573449744909,30657.1073,46,False,,,,,,,,,,,False,False
train_2023_2024,cci_m1_chop_h1,personal,cost1,PORTFOLIO,168,1,52.72778482151844,58.709954581518424,0.2916666666666667,1.0957484241225917,74.76286683600001,-16.5870783424821,93613.93816,76,True,,,,,,,,,,,False,False
train_2023_2024,cci_m1_chop_h1,personal,cost1,BTCUSDT,91,1,75.08523277175247,81.06740253175245,0.27472527472527475,1.2578548953144524,40.954798196000006,-8.064899032248102,51253.133160000005,65,False,,,,,,,,,,,False,False
train_2023_2024,cci_m1_chop_h1,personal,cost1,ETHUSDT,77,0,-22.357447950234025,-22.357447950234025,0.3116883116883117,0.9251701989778464,33.80806864,-8.522179310234,42360.805,55,False,,,,,,,,,,,False,False
train_2023_2024,cci_m1_chop_h1,personal,cost2,PORTFOLIO,168,1,-168.10525634907847,-163.0295990210785,0.2619047619047619,0.7318879980596346,113.06900759200002,-26.731878757078203,70820.03923000001,76,True,,,,,,,,,,,False,False
train_2023_2024,cci_m1_chop_h1,personal,cost2,BTCUSDT,91,1,-57.729903168230436,-52.654245840230466,0.25274725274725274,0.834670326556822,62.42973095200001,-13.691402216230202,39077.841830000005,65,False,,,,,,,,,,,False,False
train_2023_2024,cci_m1_chop_h1,personal,cost2,ETHUSDT,77,0,-110.37535318084805,-110.37535318084805,0.2727272727272727,0.6188498514140521,50.639276640000006,-13.040476540848001,31742.1974,55,False,,,,,,,,,,,False,False
train_2023_2024,cci_m1_chop_h1,public,cost1,PORTFOLIO,168,1,16.042537410413367,21.76405524041335,0.2916666666666667,1.0353701817605108,107.62518462,-15.9143579695872,89842.35052,76,True,,,,,,,,,,,False,False
train_2023_2024,cci_m1_chop_h1,public,cost1,BTCUSDT,91,1,56.0480353903374,61.76955322033738,0.27472527472527475,1.1945145695054233,59.160516720000004,-7.723027889663201,49360.46422,65,False,,,,,,,,,,,False,False
train_2023_2024,cci_m1_chop_h1,public,cost1,ETHUSDT,77,0,-40.00549797992403,-40.00549797992403,0.3116883116883117,0.8656472586941497,48.464667899999995,-8.191330079924,40481.886300000006,55,False,,,,,,,,,,,False,False
train_2023_2024,cci_m1_chop_h1,public,cost2,PORTFOLIO,168,1,-214.51283265978603,-209.69406947978607,0.25,0.654197104515832,157.117111164,-24.8688714957858,65605.45597000001,76,True,,,,,,,,,,,False,False
train_2023_2024,cci_m1_chop_h1,public,cost2,BTCUSDT,91,1,-86.66783859874202,-81.84907541874205,0.25274725274725274,0.7429079741794724,86.753890884,-12.8009977147418,36200.981770000006,65,False,,,,,,,,,,,False,False
train_2023_2024,cci_m1_chop_h1,public,cost2,ETHUSDT,77,0,-127.84499406104402,-127.84499406104402,0.24675324675324675,0.5561442818784393,70.36322028,-12.067873781044,29404.4742,55,False,,,,,,,,,,,False,False
train_2023_2024,cci_m1_chop_m30,personal,cost1,PORTFOLIO,165,1,121.49355253326145,125.7068158802614,0.3333333333333333,1.207240265365082,58.320971564000004,-15.880485902738801,73046.13666,74,True,,,,,,,,,,,False,False
train_2023_2024,cci_m1_chop_m30,personal,cost1,BTCUSDT,84,1,152.01941415144327,156.23267749844322,0.36904761904761907,1.4908215346909075,33.692854004000004,-8.434441844556801,42193.44726000001,54,False,,,,,,,,,,,False,False
train_2023_2024,cci_m1_chop_m30,personal,cost1,ETHUSDT,81,0,-30.525861618181832,-30.525861618181832,0.2962962962962963,0.8941054979733286,24.628117560000003,-7.446044058182,30852.689400000003,53,False,,,,,,,,,,,False,False
train_2023_2024,cci_m1_chop_m30,personal,cost2,PORTFOLIO,165,1,-97.64484906275246,-93.65247431275247,0.30303030303030304,0.843506345272108,93.87439268800001,-27.008476374752203,58819.32851000001,74,True,,,,,,,,,,,False,False
train_2023_2024,cci_m1_chop_m30,personal,cost2,BTCUSDT,84,1,11.1799087940765,15.17228354407648,0.32142857142857145,1.047842214809896,53.81074444800001,-14.4244667579232,33717.569310000006,54,False,,,,,,,,,,,False,False
train_2023_2024,cci_m1_chop_m30,personal,cost2,ETHUSDT,81,0,-108.82475785682895,-108.82475785682895,0.2839506172839506,0.6131513164085111,40.063648240000006,-12.584009616829,25101.7592,53,False,,,,,,,,,,,False,False
train_2023_2024,cci_m1_chop_m30,public,cost1,PORTFOLIO,165,1,88.05205752041014,92.2550082454101,0.3333333333333333,1.1521268181294542,84.862092408,-15.4328900715901,70860.32445,74,True,,,,,,,,,,,False,False
train_2023_2024,cci_m1_chop_m30,public,cost1,BTCUSDT,84,1,131.37387362696498,135.57682435196494,0.36904761904761907,1.4244315276288697,49.001517228,-8.125749145035101,40912.71435,54,False,,,,,,,,,,,False,False
train_2023_2024,cci_m1_chop_m30,public,cost1,ETHUSDT,81,0,-43.321816106554834,-43.321816106554834,0.2962962962962963,0.8490546509005801,35.86057518,-7.307140926555,29947.6101,53,False,,,,,,,,,,,False,False
train_2023_2024,cci_m1_chop_m30,public,cost2,PORTFOLIO,165,1,-148.09546627201547,-144.20497404801552,0.2909090909090909,0.7572110204725322,131.709690708,-25.1654255640153,55017.44546,74,True,,,,,,,,,,,False,False
train_2023_2024,cci_m1_chop_m30,public,cost2,BTCUSDT,84,1,-23.44337999891455,-19.55288777491457,0.30952380952380953,0.9381988866613782,75.556213428,-13.486816570914302,31561.732860000004,54,False,,,,,,,,,,,False,False
train_2023_2024,cci_m1_chop_m30,public,cost2,ETHUSDT,81,0,-124.65208627310093,-124.65208627310093,0.2716049382716049,0.550913053018337,56.15347728,-11.678608993101,23455.712600000003,53,False,,,,,,,,,,,False,False
train_2023_2024,cci_m1_chop_m15,personal,cost1,PORTFOLIO,273,1,14.987042884936931,18.841730627936883,0.3443223443223443,1.0180874701471478,120.46150996000001,-29.4108671550631,150513.25236,91,True,,,,,,,,,,,False,False
train_2023_2024,cci_m1_chop_m15,personal,cost1,BTCUSDT,144,1,-21.278139641303284,-17.423451898303334,0.3333333333333333,0.9692559509472344,65.4318602,-15.9606994413031,81764.84586000002,73,True,,,,,,,,,,,False,False
train_2023_2024,cci_m1_chop_m15,personal,cost1,ETHUSDT,129,0,36.26518252624022,36.26518252624022,0.35658914728682173,1.0763518163952486,55.029649760000005,-13.45016771376,68748.4065,65,True,,,,,,,,,,,False,False
train_2023_2024,cci_m1_chop_m15,personal,cost2,PORTFOLIO,273,1,-311.9704448015284,-308.89061285152843,0.2893772893772894,0.6789873131479984,173.57830162400003,-43.0860531775281,108503.39601000001,91,True,,,,,,,,,,,False,False
train_2023_2024,cci_m1_chop_m15,personal,cost2,BTCUSDT,144,1,-197.42564821659727,-194.3458162665973,0.2638888888888889,0.6320180974572163,93.86916106400001,-23.3598971525971,58692.571710000004,73,True,,,,,,,,,,,False,False
train_2023_2024,cci_m1_chop_m15,personal,cost2,ETHUSDT,129,0,-114.5447965849311,-114.5447965849311,0.3178294573643411,0.7361317346367714,79.70914056000001,-19.726156024931,49810.8243,65,True,,,,,,,,,,,False,False
train_2023_2024,cci_m1_chop_m15,public,cost1,PORTFOLIO,273,1,-56.89762694286774,-53.161670742867784,0.336996336996337,0.9482257467721477,170.936806428,-27.5495205148678,142389.26386,91,True,,,,,,,,,,,False,False
train_2023_2024,cci_m1_chop_m15,public,cost1,BTCUSDT,144,1,-57.11356247348796,-53.377606273488006,0.3194444444444444,0.9043245881129638,92.62243600800001,-14.9311264654878,77163.98166,73,True,,,,,,,,,,,False,False
train_2023_2024,cci_m1_chop_m15,public,cost1,ETHUSDT,129,0,0.21593553062021756,0.21593553062021756,0.35658914728682173,1.0004605206311927,78.31437041999999,-12.61839404938,65225.2822,65,True,,,,,,,,,,,False,False
train_2023_2024,cci_m1_chop_m15,public,cost2,PORTFOLIO,273,1,-369.50548737018386,-366.5876182021839,0.2783882783882784,0.6114367908477333,238.304725368,-39.4618220021836,99315.03429000001,91,True,,,,,,,,,,,False,False
train_2023_2024,cci_m1_chop_m15,public,cost2,BTCUSDT,144,1,-228.61833379013578,-225.7004646221358,0.2569444444444444,0.56580908305822,128.910165288,-21.382628502135603,53737.87829000001,73,True,,,,,,,,,,,False,False
train_2023_2024,cci_m1_chop_m15,public,cost2,ETHUSDT,129,0,-140.88715358004808,-140.88715358004808,0.3023255813953488,0.6674252205957912,109.39456007999999,-18.079193500048,45577.156,65,True,,,,,,,,,,,False,False
train_2023_2024,cci_m1_chop_m5,personal,cost1,PORTFOLIO,614,1,-647.8607102093944,-647.8159908843944,0.252442996742671,0.6462413719124871,226.38248828800002,-35.319421921393904,283065.11561000004,102,True,,,,,,,,,,,False,False
train_2023_2024,cci_m1_chop_m5,personal,cost1,BTCUSDT,321,1,-361.1233861884472,-361.07866686344727,0.24922118380062305,0.6334450618440027,124.52747156800002,-17.424714620446903,155702.80241,89,True,,,,,,,,,,,False,False
train_2023_2024,cci_m1_chop_m5,personal,cost1,ETHUSDT,293,0,-286.7373240209472,-286.7373240209472,0.25597269624573377,0.6611379401154066,101.85501672000001,-17.894707300947,127362.3132,78,True,,,,,,,,,,,False,False
train_2023_2024,cci_m1_chop_m5,personal,cost2,PORTFOLIO,603,1,-850.9664469017914,-850.7054716017914,0.23383084577114427,0.41256210879516175,266.36211183200004,-39.694065069791,166631.78949000002,102,True,,,,,,,,,,,False,False
train_2023_2024,cci_m1_chop_m5,personal,cost2,BTCUSDT,316,1,-475.8960494298293,-475.6350741298293,0.23417721518987342,0.3901422221563876,144.289945272,-19.264034157829002,90258.21369,89,True,,,,,,,,,,,False,False
train_2023_2024,cci_m1_chop_m5,personal,cost2,ETHUSDT,287,0,-375.0703974719621,-375.0703974719621,0.23344947735191637,0.43872821733061684,122.07216656000001,-20.430030911962,76373.5758,78,True,,,,,,,,,,,False,False
train_2023_2024,cci_m1_chop_m5,public,cost1,PORTFOLIO,614,1,-710.4836377245284,-710.3731134645284,0.249185667752443,0.5927480861462127,306.51935526,-31.3134024645278,255513.38609,102,True,,,,,,,,,,,False,False
train_2023_2024,cci_m1_chop_m5,public,cost1,BTCUSDT,322,1,-402.25736824412814,-402.14684398412817,0.2422360248447205,0.5737383718719075,168.79765188,-15.3059363641278,140706.07809000002,89,True,,,,,,,,,,,False,False
train_2023_2024,cci_m1_chop_m5,public,cost1,ETHUSDT,292,0,-308.2262694804002,-308.2262694804002,0.2568493150684932,0.6151412632370808,137.72170337999998,-16.007466100400002,114807.308,78,True,,,,,,,,,,,False,False
train_2023_2024,cci_m1_chop_m5,public,cost2,PORTFOLIO,581,1,-866.5277486527586,-866.2255970347586,0.22547332185886404,0.36711420068467254,348.814659792,-34.4759688607583,145480.76318,102,True,,,,,,,,,,,False,False
train_2023_2024,cci_m1_chop_m5,public,cost2,BTCUSDT,300,1,-473.1181135891795,-472.8159619711795,0.23,0.34621753346944906,185.129829672,-16.3552639171793,77208.49298000001,88,True,,,,,,,,,,,False,False
train_2023_2024,cci_m1_chop_m5,public,cost2,ETHUSDT,281,0,-393.4096350635791,-393.4096350635791,0.2206405693950178,0.3905265858787708,163.68483012,-18.120704943579,68272.2702,78,True,,,,,,,,,,,False,False
train_2023_2024,cci_m1_chop_m3,personal,cost1,PORTFOLIO,687,1,-726.5263178907796,-726.4905424307797,0.2430858806404658,0.605856659264288,233.61636883600002,-33.3083990547793,292149.93076,101,True,,,,,,,,,,,False,False
train_2023_2024,cci_m1_chop_m3,personal,cost1,BTCUSDT,352,1,-356.39063557145283,-356.35486011145287,0.25,0.625136391288287,128.988916076,-16.5658694954523,161284.13826,88,True,,,,,,,,,,,False,False
train_2023_2024,cci_m1_chop_m3,personal,cost1,ETHUSDT,335,0,-370.13568231932686,-370.13568231932686,0.23582089552238805,0.5853233462089005,104.62745276000001,-16.742529559327,130865.79250000001,79,True,,,,,,,,,,,False,False
train_2023_2024,cci_m1_chop_m3,personal,cost2,PORTFOLIO,584,0,-887.2736056245097,-887.2736056245097,0.2054794520547945,0.3487832072393845,251.96020768000002,-32.9507979445097,157677.50315,96,True,,,,,,,,,,,False,False
train_2023_2024,cci_m1_chop_m3,personal,cost2,BTCUSDT,293,0,-455.66929382384683,-455.66929382384683,0.22525597269624573,0.34026438275403914,133.5604504,-15.751643423846701,83560.73085,81,True,,,,,,,,,,,False,False
train_2023_2024,cci_m1_chop_m3,personal,cost2,ETHUSDT,291,0,-431.6043118006629,-431.6043118006629,0.18556701030927836,0.3575414870640619,118.39975728000002,-17.199154520663,74116.7723,73,True,,,,,,,,,,,False,False
train_2023_2024,cci_m1_chop_m3,public,cost1,PORTFOLIO,689,1,-778.1748597721955,-778.0864403641956,0.2365747460087083,0.553722435142867,314.401382556,-28.973317216195102,262131.94687,101,True,,,,,,,,,,,False,False
train_2023_2024,cci_m1_chop_m3,public,cost1,BTCUSDT,354,1,-393.5935744474697,-393.5051550394697,0.24293785310734464,0.5644465405956267,173.699026656,-14.359287791469102,144798.17587,88,True,,,,,,,,,,,False,False
train_2023_2024,cci_m1_chop_m3,public,cost1,ETHUSDT,335,0,-384.5812853247259,-384.5812853247259,0.2298507462686567,0.5421887429976476,140.7023559,-14.614029424726,117333.77100000001,79,True,,,,,,,,,,,False,False
train_2023_2024,cci_m1_chop_m3,public,cost2,PORTFOLIO,550,1,-884.0452531558494,-883.2995106838493,0.2018181818181818,0.3047041220509122,325.73409656399997,-27.0262265918493,135908.43011000002,98,True,,,,,,,,,,,False,False
train_2023_2024,cci_m1_chop_m3,public,cost2,BTCUSDT,276,1,-456.27763243850745,-455.53188996650744,0.21739130434782608,0.2942195608850354,172.581344244,-12.965758194507302,71985.37381,82,True,,,,,,,,,,,False,False
train_2023_2024,cci_m1_chop_m3,public,cost2,ETHUSDT,274,0,-427.76762071734197,-427.76762071734197,0.18613138686131386,0.3155320322671067,153.15275232,-14.060468397342001,63923.056300000004,77,True,,,,,,,,,,,False,False
train_2023_2024,cci_m1_chop_m1,personal,cost1,PORTFOLIO,775,1,-838.4146300665794,-838.9954823265795,0.24129032258064517,0.532941678191721,229.62036339600002,-26.7233166705793,287224.61177,102,True,,,,,,,,,,,False,False
train_2023_2024,cci_m1_chop_m1,personal,cost1,BTCUSDT,407,1,-410.6640096106766,-411.2448618706766,0.23832923832923833,0.5702194592583669,125.98288899600001,-13.4275706146763,157555.61857000002,89,True,,,,,,,,,,,False,False
train_2023_2024,cci_m1_chop_m1,personal,cost1,ETHUSDT,368,0,-427.7506204559029,-427.7506204559029,0.24456521739130435,0.49045042009713935,103.6374744,-13.295746055903,129668.99320000001,79,True,,,,,,,,,,,False,False
train_2023_2024,cci_m1_chop_m1,personal,cost2,PORTFOLIO,472,0,-888.300039273998,-888.300039273998,0.1864406779661017,0.2964300739104569,234.85283841600003,-22.617720857997902,147022.08113,72,False,,,,,,,,,,,False,False
train_2023_2024,cci_m1_chop_m1,personal,cost2,BTCUSDT,234,0,-453.0135740308011,-453.0135740308011,0.18376068376068377,0.30080461379517104,122.78912921600002,-10.371064814800901,76841.30983000001,62,False,,,,,,,,,,,False,False
train_2023_2024,cci_m1_chop_m1,personal,cost2,ETHUSDT,238,0,-435.28646524319686,-435.28646524319686,0.18907563025210083,0.2918188710511635,112.0637092,-12.246656043197001,70180.77130000001,54,False,,,,,,,,,,,False,False
train_2023_2024,cci_m1_chop_m1,public,cost1,PORTFOLIO,747,1,-848.4644547218624,-848.9210204318624,0.24364123159303883,0.4967501309702712,305.028580806,-23.6848839158623,254373.02761000002,101,True,,,,,,,,,,,False,False
train_2023_2024,cci_m1_chop_m1,public,cost1,BTCUSDT,390,1,-421.8755683517055,-422.3321340617055,0.24615384615384617,0.5282415035850783,165.820089666,-11.7881886857053,138252.79461,88,True,,,,,,,,,,,False,False
train_2023_2024,cci_m1_chop_m1,public,cost1,ETHUSDT,357,0,-426.58888637015684,-426.58888637015684,0.24089635854341737,0.46113834709403184,139.20849114,-11.896695230157,116120.23300000001,77,True,,,,,,,,,,,False,False
train_2023_2024,cci_m1_chop_m1,public,cost2,PORTFOLIO,414,0,-888.8889448423973,-888.8889448423973,0.16666666666666666,0.2464558073420528,302.384324184,-18.440360658397303,126213.43272000001,71,False,,,,,,,,,,,False,False
train_2023_2024,cci_m1_chop_m1,public,cost2,BTCUSDT,207,0,-449.4701556094734,-449.4701556094734,0.15942028985507245,0.258000466767317,157.359113304,-8.9193823054733,65653.07932,57,False,,,,,,,,,,,False,False
train_2023_2024,cci_m1_chop_m1,public,cost2,ETHUSDT,207,0,-439.41878923292387,-439.41878923292387,0.17391304347826086,0.23426939878812503,145.02521088,-9.520978352924,60560.3534,49,False,,,,,,,,,,,False,False
previously_viewed_2025_2026,baseline,personal,cost1,PORTFOLIO,715,1,-683.7305952928915,-713.6621849526914,0.22937062937062938,0.7122340611467606,318.12578987600006,-9.8912354168916,397652.78379,82,True,0.7275180583272357,298.86562374291105,-1174.5861041485457,-1665.9547890088006,0.0,0.0,-1228.4277866894518,-1778.7761417957054,0.0,0.0,True,False
previously_viewed_2025_2026,baseline,personal,cost1,BTCUSDT,315,0,-596.4624815056251,-596.4624815056251,0.20952380952380953,0.47349940204804913,165.37131735600002,-5.5854941496256005,206846.55139,57,True,,,-809.2389528500329,-1037.4678852741358,0.0,0.0,-827.4306559483688,-1119.7633500141162,0.0,0.0,True,False
previously_viewed_2025_2026,baseline,personal,cost1,ETHUSDT,400,1,-87.26811378726639,-117.19970344706633,0.245,0.9130003412636831,152.75447252,-4.305741267266,190806.2324,71,True,,,-489.86570462815064,-879.6716243805989,0.0,0.0,-513.8794627207338,-929.8334381282851,0.0,0.0,True,False
previously_viewed_2025_2026,baseline,personal,cost2,PORTFOLIO,637,1,-871.8979870182442,-873.2481568870442,0.21664050235478807,0.4869537907678759,322.49412175200007,-15.599895266244202,201571.67684,82,True,0.846645863169503,163.68752541534514,-1152.8529830823416,-1475.1913020957275,0.0,0.0,-1219.111253219038,-1648.5466245083744,0.0,0.0,True,False
previously_viewed_2025_2026,baseline,personal,cost2,BTCUSDT,283,0,-568.7968339467571,-568.7968339467571,0.17667844522968199,0.2888848067755966,167.084650712,-10.1110132347572,104550.16764000001,57,True,,,-710.3122517652758,-878.6301331936211,0.0,0.0,-746.30665355023,-969.028412872046,0.0,0.0,True,False
previously_viewed_2025_2026,baseline,personal,cost2,ETHUSDT,354,1,-303.10115307148703,-304.451322940287,0.24858757062146894,0.6625526906318725,155.40947104000003,-5.488882031487,97021.5092,70,True,,,-534.0222516971622,-774.7513967862039,0.0,0.0,-563.7773329087701,-882.2041705866231,0.0,0.0,True,False
previously_viewed_2025_2026,baseline,public,cost1,PORTFOLIO,714,1,-742.437371519198,-766.212629807038,0.22128851540616246,0.6706957938308347,423.433457922,-9.0991635971983,352856.55069,82,True,0.7675080112366786,254.0873739489576,-1184.2711731996385,-1633.8721301601147,0.0,0.0,-1237.2012552102494,-1747.0938972345414,0.0,0.0,True,False
previously_viewed_2025_2026,baseline,public,cost1,BTCUSDT,314,0,-599.7679019747186,-599.7679019747186,0.1942675159235669,0.438204030196147,219.565974042,-5.3455779327193005,183091.39779000002,57,True,,,-795.5156388102001,-1007.610998110188,0.0,0.0,-816.5235219029659,-1091.5523116922257,0.0,0.0,True,False
previously_viewed_2025_2026,baseline,public,cost1,ETHUSDT,400,1,-142.6694695444794,-166.44472783231933,0.2425,0.8678141551486701,203.86748387999998,-3.7535856644790004,169765.15290000002,71,True,,,-507.2842325899339,-858.3213177486915,0.0,0.0,-529.4098698312674,-917.8113890898783,0.0,0.0,True,False
previously_viewed_2025_2026,baseline,public,cost2,PORTFOLIO,600,1,-878.2485125853477,-879.5555758941476,0.20333333333333334,0.4410206456648246,412.486824804,-13.7308577813479,171889.65045000002,81,True,0.8492099287196689,159.78063421366141,-1135.6075138169185,-1422.6692029147246,0.0,0.0,-1207.008859451376,-1624.6970899141663,0.0,0.0,True,False
previously_viewed_2025_2026,baseline,public,cost2,BTCUSDT,271,0,-560.8744455245367,-560.8744455245367,0.15867158671586715,0.25466332516458035,215.087302044,-9.1890134805369,89730.69825000002,55,True,,,-695.215288366667,-855.7894880687255,0.0,0.0,-734.0666627601923,-960.7878198784092,0.0,0.0,True,False
previously_viewed_2025_2026,baseline,public,cost2,ETHUSDT,329,1,-317.374067060811,-318.681130369611,0.24012158054711247,0.6118337108145069,197.39952276,-4.541844300811,82158.9522,68,True,,,-526.6231406670033,-742.9008685009152,0.0,0.0,-558.3705974612428,-857.3069347823997,0.0,0.0,True,False
previously_viewed_2025_2026,cci_w,personal,cost1,PORTFOLIO,350,1,-425.23593875645196,-476.11964117811186,0.24571428571428572,0.7284216522375624,216.83482430400002,-6.1178544524519,270744.48314,46,True,,,,,,,,,,,False,False
previously_viewed_2025_2026,cci_w,personal,cost1,BTCUSDT,143,0,-461.7813950817178,-461.7813950817178,0.2097902097902098,0.3825670374935305,100.71242058400001,-0.5880144977189001,125883.41364000001,26,True,,,,,,,,,,,False,False
previously_viewed_2025_2026,cci_w,personal,cost1,ETHUSDT,207,1,36.54545632526582,-14.338246096394085,0.27053140096618356,0.9857366687984992,116.12240372000001,-5.529839954733,144861.0695,37,True,,,,,,,,,,,False,False
previously_viewed_2025_2026,cci_w,personal,cost2,PORTFOLIO,350,1,-653.8130578497335,-676.6108179454135,0.2057142857142857,0.5477186681577794,280.12680670400005,-11.681651145733701,174881.07005,46,True,,,,,,,,,,,False,False
previously_viewed_2025_2026,cci_w,personal,cost2,BTCUSDT,143,0,-444.2565782160804,-444.2565782160804,0.15384615384615385,0.3003451437738508,125.00651126400003,-3.3457669520807003,78147.39735000001,26,True,,,,,,,,,,,False,False
previously_viewed_2025_2026,cci_w,personal,cost2,ETHUSDT,207,1,-209.55647963365308,-232.35423972933307,0.24154589371980675,0.7301438905489336,155.12029544,-8.335884193653001,96733.67270000001,37,True,,,,,,,,,,,False,False
previously_viewed_2025_2026,cci_w,public,cost1,PORTFOLIO,349,1,-443.4888308193868,-491.0393473950667,0.23209169054441262,0.7164163471614426,306.32821554,-5.7023752793867,255024.56960000002,46,True,,,,,,,,,,,False,False
previously_viewed_2025_2026,cci_w,public,cost1,BTCUSDT,143,0,-421.11378703716673,-421.11378703716673,0.18181818181818182,0.4330144708588383,141.7291383,-0.5110087371677003,118133.67720000002,26,True,,,,,,,,,,,False,False
previously_viewed_2025_2026,cci_w,public,cost1,ETHUSDT,206,1,-22.375043782220107,-69.92556035790001,0.2669902912621359,0.9292842770843192,164.59907723999999,-5.191366542219,136890.8924,37,True,,,,,,,,,,,False,False
previously_viewed_2025_2026,cci_w,public,cost2,PORTFOLIO,350,1,-696.8315757368041,-715.0784907345442,0.19428571428571428,0.5029925059059406,374.068303404,-10.585182332804301,155688.19412,46,True,,,,,,,,,,,False,False
previously_viewed_2025_2026,cci_w,public,cost2,BTCUSDT,143,0,-445.29790256099903,-445.29790256099903,0.13986013986013987,0.2666079990138812,164.674029084,-3.1153834769993005,68634.21812,26,True,,,,,,,,,,,False,False
previously_viewed_2025_2026,cci_w,public,cost2,ETHUSDT,207,1,-251.5336731758051,-269.7805881735451,0.2318840579710145,0.6755854705430512,209.39427432,-7.469798855805,87053.97600000001,37,True,,,,,,,,,,,False,False
previously_viewed_2025_2026,cci_d,personal,cost1,PORTFOLIO,226,1,-29.907263194184257,-115.2122937246141,0.26548672566371684,0.9045342783798379,138.92266164400002,-4.028911550183801,173647.95075000002,56,True,,,,,,,,,,,False,False
previously_viewed_2025_2026,cci_d,personal,cost1,BTCUSDT,87,0,-113.18305458946998,-113.18305458946998,0.26436781609195403,0.7528707064661624,59.97810956400001,-2.1942550254698006,75062.01375000001,28,False,,,,,,,,,,,False,False
previously_viewed_2025_2026,cci_d,personal,cost1,ETHUSDT,139,1,83.27579139528572,-2.0292391351441266,0.26618705035971224,0.997290205014207,78.94455208000001,-1.834656524714,98585.937,43,True,,,,,,,,,,,False,False
previously_viewed_2025_2026,cci_d,personal,cost2,PORTFOLIO,226,1,-325.1216191019043,-366.4425592753243,0.23008849557522124,0.6664582829894964,194.23845024800002,-9.0061388539042,121376.11975000001,56,True,,,,,,,,,,,False,False
previously_viewed_2025_2026,cci_d,personal,cost2,BTCUSDT,87,0,-213.25849856902738,-213.25849856902738,0.19540229885057472,0.5023789480092419,83.884660088,-4.5097084810272,52493.637950000004,28,False,,,,,,,,,,,False,False
previously_viewed_2025_2026,cci_d,personal,cost2,ETHUSDT,139,1,-111.86312053287692,-153.18406070629692,0.2517985611510791,0.7713960207149323,110.35379016,-4.4964303728770005,68882.48180000001,43,True,,,,,,,,,,,False,False
previously_viewed_2025_2026,cci_d,public,cost1,PORTFOLIO,226,1,-106.91374821711291,-181.21143036661277,0.2610619469026549,0.8465479770823336,194.767565196,-3.7548230211125,162301.12333,56,True,,,,,,,,,,,False,False
previously_viewed_2025_2026,cci_d,public,cost1,BTCUSDT,87,0,-136.27481539575064,-136.27481539575064,0.25287356321839083,0.6977210145108551,84.274163376,-2.0871920197505003,70311.00233,28,False,,,,,,,,,,,False,False
previously_viewed_2025_2026,cci_d,public,cost1,ETHUSDT,139,1,29.361067178637743,-44.936614970862124,0.26618705035971224,0.9384493121934425,110.49340181999999,-1.6676310013620002,91990.121,43,True,,,,,,,,,,,False,False
previously_viewed_2025_2026,cci_d,public,cost2,PORTFOLIO,226,1,-384.33679510604605,-419.42701625554605,0.2168141592920354,0.608224372013575,264.124907832,-8.242947274046001,110029.92131,56,True,,,,,,,,,,,False,False
previously_viewed_2025_2026,cci_d,public,cost2,BTCUSDT,87,0,-229.64744153401415,-229.64744153401415,0.1839080459770115,0.4533286401596178,113.842345632,-4.182855902014,47495.32731000001,28,False,,,,,,,,,,,False,False
previously_viewed_2025_2026,cci_d,public,cost2,ETHUSDT,139,1,-154.6893535720319,-189.77957472153187,0.23741007194244604,0.7082542621099036,150.2825622,-4.060091372032,62534.594000000005,43,True,,,,,,,,,,,False,False
previously_viewed_2025_2026,cci_h12,personal,cost1,PORTFOLIO,181,1,323.44882463915167,236.64721462573183,0.292817679558011,1.2444371649378834,116.96023372000002,-4.9326616408475,146152.87767000002,54,True,,,,,,,,,,,False,False
previously_viewed_2025_2026,cci_h12,personal,cost1,BTCUSDT,75,0,-35.47068032965348,-35.47068032965348,0.26666666666666666,0.9133303802373827,57.06422304000001,-2.0964772896535004,71411.11947,29,False,,,,,,,,,,,False,False
previously_viewed_2025_2026,cci_h12,personal,cost1,ETHUSDT,106,1,358.91950496880514,272.11789495538534,0.3113207547169811,1.4869091192197192,59.89601068,-2.836184351194,74741.7582,40,True,,,,,,,,,,,False,False
previously_viewed_2025_2026,cci_h12,personal,cost2,PORTFOLIO,181,1,-48.10095019204094,-106.52021043722092,0.26519337016574585,0.8830947961591545,170.182983752,-10.2632364400409,106327.54191000001,54,True,,,,,,,,,,,False,False
previously_viewed_2025_2026,cci_h12,personal,cost2,BTCUSDT,75,0,-155.35104308928913,-155.35104308928913,0.22666666666666666,0.6146860693127928,83.48764199200001,-4.8286710972889,52242.574810000006,29,False,,,,,,,,,,,False,False
previously_viewed_2025_2026,cci_h12,personal,cost2,ETHUSDT,106,1,107.25009289724818,48.8308326520682,0.29245283018867924,1.0961261555873434,86.69534176,-5.434565342752,54084.9671,40,True,,,,,,,,,,,False,False
previously_viewed_2025_2026,cci_h12,public,cost1,PORTFOLIO,181,1,246.89981300591447,160.71450171249464,0.287292817679558,1.1662321412254788,167.84961732,-4.787549674084801,139828.96591,54,True,,,,,,,,,,,False,False
previously_viewed_2025_2026,cci_h12,public,cost1,BTCUSDT,75,0,-59.37839440033881,-59.37839440033881,0.25333333333333335,0.8556709337905208,81.87485298,-2.0402214203388,68305.77651000001,29,False,,,,,,,,,,,False,False
previously_viewed_2025_2026,cci_h12,public,cost1,ETHUSDT,106,1,306.2782074062533,220.09289611283347,0.3113207547169811,1.396279733085877,85.97476434,-2.747328253746,71523.1894,40,True,,,,,,,,,,,False,False
previously_viewed_2025_2026,cci_h12,public,cost2,PORTFOLIO,181,1,-127.65691606035068,-176.78322566965068,0.2541436464088398,0.8012986539104109,231.48224022,-9.4486658403506,96417.17453,54,True,,,,,,,,,,,False,False
previously_viewed_2025_2026,cci_h12,public,cost2,BTCUSDT,75,0,-178.57853949162484,-178.57853949162484,0.21333333333333335,0.550019238187679,113.6321541,-4.4986753916246,47403.672230000004,29,False,,,,,,,,,,,False,False
previously_viewed_2025_2026,cci_h12,public,cost2,ETHUSDT,106,1,50.92162343127415,1.7953138219741611,0.2830188679245283,1.0036428295324982,117.85008612,-4.949990448726,49013.5023,40,True,,,,,,,,,,,False,False
previously_viewed_2025_2026,cci_h6,personal,cost1,PORTFOLIO,185,1,207.07309435653823,207.14009999653828,0.2864864864864865,1.2085715434193793,110.52584190400002,-3.8426637394622003,138200.56569000002,69,True,,,,,,,,,,,False,False
previously_viewed_2025_2026,cci_h6,personal,cost1,BTCUSDT,80,0,-186.7246300952628,-186.7246300952628,0.1875,0.6006527470535155,52.415836344000006,-1.1394937512632,65588.40219000001,39,False,,,,,,,,,,,False,False
previously_viewed_2025_2026,cci_h6,personal,cost1,ETHUSDT,105,1,393.79772445180106,393.8647300918011,0.3619047619047619,1.7494158395000885,58.110005560000005,-2.7031699881990003,72612.16350000001,53,True,,,,,,,,,,,False,False
previously_viewed_2025_2026,cci_h6,personal,cost2,PORTFOLIO,185,1,-122.04092438527692,-121.38024734527694,0.25405405405405407,0.8691821335009884,161.181762224,-8.6336821612774,100769.80313,69,True,,,,,,,,,,,False,False
previously_viewed_2025_2026,cci_h6,personal,cost2,BTCUSDT,80,0,-253.4313225400982,-253.4313225400982,0.15,0.43868820228802297,77.691553744,-3.3582887960984,48615.05703,39,False,,,,,,,,,,,False,False
previously_viewed_2025_2026,cci_h6,personal,cost2,ETHUSDT,105,1,131.39039815482127,132.05107519482124,0.3333333333333333,1.2772094430947416,83.49020848,-5.275393365179,52154.746100000004,53,True,,,,,,,,,,,False,False
previously_viewed_2025_2026,cci_h6,public,cost1,PORTFOLIO,185,1,130.57424531036054,130.76722235036058,0.2810810810810811,1.1321934979320596,158.405100414,-3.7713442756399003,132046.25926000002,69,True,,,,,,,,,,,False,False
previously_viewed_2025_2026,cci_h6,public,cost1,BTCUSDT,80,0,-203.46692031973552,-203.46692031973552,0.1875,0.5651324376083089,75.280467414,-1.1493429057359001,62798.16036000001,39,False,,,,,,,,,,,False,False
previously_viewed_2025_2026,cci_h6,public,cost1,ETHUSDT,105,1,334.0411656300961,334.2341426700961,0.3523809523809524,1.6411203942921286,83.124633,-2.622001369904,69248.0989,53,True,,,,,,,,,,,False,False
previously_viewed_2025_2026,cci_h6,public,cost2,PORTFOLIO,185,1,-182.1413394364352,-181.37923671643523,0.24864864864864866,0.7997992937892204,220.655171136,-8.0042883004357,91969.51263000001,69,True,,,,,,,,,,,False,False
previously_viewed_2025_2026,cci_h6,public,cost2,BTCUSDT,80,0,-266.2134712160635,-266.2134712160635,0.1375,0.40276647004573285,106.906237176,-3.1694540400637004,44597.900830000006,39,False,,,,,,,,,,,False,False
previously_viewed_2025_2026,cci_h6,public,cost2,ETHUSDT,105,1,84.0721317796283,84.83423449962827,0.3333333333333333,1.184325018205853,113.74893396,-4.834834260372,47371.6118,53,True,,,,,,,,,,,False,False
previously_viewed_2025_2026,cci_h4,personal,cost1,PORTFOLIO,202,1,192.15100760444963,182.3424301020497,0.29207920792079206,1.1895331873496746,106.63647998800002,-5.0502624075505,133330.96254,71,True,,,,,,,,,,,False,False
previously_viewed_2025_2026,cci_h4,personal,cost1,BTCUSDT,88,0,-141.65067931335136,-141.65067931335136,0.2727272727272727,0.648540630729819,50.835933188000006,-2.1022961253515002,63625.89934000001,44,False,,,,,,,,,,,False,False
previously_viewed_2025_2026,cci_h4,personal,cost1,ETHUSDT,114,1,333.801686917801,323.993109415401,0.30701754385964913,1.579568216788519,55.800546800000006,-2.9479662821990003,69705.0632,58,True,,,,,,,,,,,False,False
previously_viewed_2025_2026,cci_h4,personal,cost2,PORTFOLIO,202,1,-122.68017638740037,-128.25883402580035,0.25742574257425743,0.8593549472211892,157.201804712,-10.3652816754007,98285.75074,71,True,,,,,,,,,,,False,False
previously_viewed_2025_2026,cci_h4,personal,cost2,BTCUSDT,88,0,-216.70215494994542,-216.70215494994542,0.22727272727272727,0.44582036486340193,75.329413192,-4.8650517579457,47155.62694,44,False,,,,,,,,,,,False,False
previously_viewed_2025_2026,cci_h4,personal,cost2,ETHUSDT,114,1,94.02197856254507,88.44332092414507,0.2807017543859649,1.1697892969047334,81.87239152000001,-5.500229917455,51130.1238,58,True,,,,,,,,,,,False,False
previously_viewed_2025_2026,cci_h4,public,cost1,PORTFOLIO,202,1,127.63396678984711,118.57532923464716,0.2871287128712871,1.123430522161789,153.098686182,-4.9338770281531,127614.71679,71,True,,,,,,,,,,,False,False
previously_viewed_2025_2026,cci_h4,public,cost1,BTCUSDT,88,0,-157.56016387636095,-157.56016387636095,0.2727272727272727,0.6086866692767766,72.767250402,-2.0663434743611,60716.10299000001,44,False,,,,,,,,,,,False,False
previously_viewed_2025_2026,cci_h4,public,cost1,ETHUSDT,114,1,285.194130666208,276.1354931110081,0.2982456140350877,1.4948486863031993,80.33143577999999,-2.867533553792,66898.6138,58,True,,,,,,,,,,,False,False
previously_viewed_2025_2026,cci_h4,public,cost2,PORTFOLIO,202,1,-178.03534755646564,-182.89065050046563,0.2524752475247525,0.7964469330341551,216.99819426,-9.675683296466001,90445.13206,71,True,,,,,,,,,,,False,False
previously_viewed_2025_2026,cci_h4,public,cost2,BTCUSDT,88,0,-233.6979848299417,-233.6979848299417,0.2159090909090909,0.4007958976505663,104.63793582,-4.574479009942,43668.80726,44,False,,,,,,,,,,,False,False
previously_viewed_2025_2026,cci_h4,public,cost2,ETHUSDT,114,1,55.66263727347608,50.80733432947608,0.2807017543859649,1.099920563249847,112.36025844,-5.101204286524,46776.3248,58,True,,,,,,,,,,,False,False
previously_viewed_2025_2026,cci_h1,personal,cost1,PORTFOLIO,283,1,-15.189084712432166,-29.339187029232104,0.31095406360424027,0.973922197315649,113.34408344800002,-7.041721264432001,141724.15779,80,True,,,,,,,,,,,False,False
previously_viewed_2025_2026,cci_h1,personal,cost1,BTCUSDT,123,0,-61.721137567922646,-61.721137567922646,0.3089430894308943,0.8671420966087517,58.12169020800001,-3.2100673599230003,72765.44769,55,True,,,,,,,,,,,False,False
previously_viewed_2025_2026,cci_h1,personal,cost1,ETHUSDT,160,1,46.53205285549048,32.38195053869054,0.3125,1.049026525972146,55.22239324,-3.8316539045090003,68958.7101,66,True,,,,,,,,,,,False,False
previously_viewed_2025_2026,cci_h1,personal,cost2,PORTFOLIO,283,1,-301.4442163565282,-309.5452355693282,0.2826855123674912,0.7033650332615444,167.25226136800003,-13.638024988528901,104585.22536000001,80,True,,,,,,,,,,,False,False
previously_viewed_2025_2026,cci_h1,personal,cost2,BTCUSDT,123,0,-198.62247178682958,-198.62247178682958,0.2682926829268293,0.5616386676983385,85.89118360800002,-7.0213581788299,53779.78826000001,55,True,,,,,,,,,,,False,False
previously_viewed_2025_2026,cci_h1,personal,cost2,ETHUSDT,160,1,-102.82174456969862,-110.92276378249863,0.29375,0.8121291301952361,81.36107776000001,-6.616666809699001,50805.4371,66,True,,,,,,,,,,,False,False
previously_viewed_2025_2026,cci_h1,public,cost1,PORTFOLIO,283,1,-73.28071880146113,-85.75813174386109,0.303886925795053,0.9225347483084686,161.001625722,-6.726563079461001,134208.88609,80,True,,,,,,,,,,,False,False
previously_viewed_2025_2026,cci_h1,public,cost1,BTCUSDT,123,0,-89.54515369429568,-89.54515369429568,0.3008130081300813,0.8067215941063,82.780273662,-3.0924500322960005,69091.32669,55,True,,,,,,,,,,,False,False
previously_viewed_2025_2026,cci_h1,public,cost1,ETHUSDT,160,1,16.264434892834537,3.787021950434594,0.30625,1.0058826914217018,78.22135206,-3.634113047165,65117.559400000006,66,True,,,,,,,,,,,False,False
previously_viewed_2025_2026,cci_h1,public,cost2,PORTFOLIO,283,1,-362.0132766171744,-368.54859316117444,0.26855123674911663,0.6410478067499251,232.275102684,-12.7246839331751,96832.00527000001,80,True,,,,,,,,,,,False,False
previously_viewed_2025_2026,cci_h1,public,cost2,BTCUSDT,123,0,-226.71097224032178,-226.71097224032178,0.24390243902439024,0.49588118424345645,118.862429604,-6.5773526363221,49616.356770000006,55,True,,,,,,,,,,,False,False
previously_viewed_2025_2026,cci_h1,public,cost2,ETHUSDT,160,1,-135.30230437685265,-141.83762092085266,0.2875,0.7541882016968868,113.41267307999999,-6.147331296853,47215.6485,66,True,,,,,,,,,,,False,False
previously_viewed_2025_2026,cci_m30,personal,cost1,PORTFOLIO,383,1,-228.38155792252766,-228.33322528252765,0.2793733681462141,0.8560515090503416,170.08806506000002,-7.8031628625279,212772.05139,82,True,,,,,,,,,,,False,False
previously_viewed_2025_2026,cci_m30,personal,cost1,BTCUSDT,171,0,-266.76289234819484,-266.76289234819484,0.26900584795321636,0.6424112902866855,90.30724410000002,-3.5989182481959,113045.52989,56,True,,,,,,,,,,,False,False
previously_viewed_2025_2026,cci_m30,personal,cost1,ETHUSDT,212,1,38.38133442566717,38.42966706566719,0.28773584905660377,1.0457381694424204,79.78082096,-4.2042446143320005,99726.5215,70,True,,,,,,,,,,,False,False
previously_viewed_2025_2026,cci_m30,personal,cost2,PORTFOLIO,383,1,-529.2480429634212,-529.0191103234213,0.24281984334203655,0.6146568473643413,229.16961842400002,-14.998854539422501,143362.70851,82,True,,,,,,,,,,,False,False
previously_viewed_2025_2026,cci_m30,personal,cost2,BTCUSDT,171,0,-389.544972416563,-389.544972416563,0.21637426900584794,0.41285704777360877,120.99999466400001,-7.828307752563501,75754.76781,56,True,,,,,,,,,,,False,False
previously_viewed_2025_2026,cci_m30,personal,cost2,ETHUSDT,212,1,-139.70307054685824,-139.47413790685823,0.2641509433962264,0.8033896019915995,108.16962376000001,-7.170546786859,67607.9407,70,True,,,,,,,,,,,False,False
previously_viewed_2025_2026,cci_m30,public,cost1,PORTFOLIO,383,1,-293.47955140805556,-293.38463560805553,0.26631853785900783,0.8098099042073936,237.479033526,-7.354367882055801,198058.59021000002,82,True,,,,,,,,,,,False,False
previously_viewed_2025_2026,cci_m30,public,cost1,BTCUSDT,171,0,-295.2715598343808,-295.2715598343808,0.23976608187134502,0.5953544890328887,126.118527066,-3.4725827683818,105249.25851000001,56,True,,,,,,,,,,,False,False
previously_viewed_2025_2026,cci_m30,public,cost1,ETHUSDT,212,1,1.792008426325255,1.8869242263252723,0.28773584905660377,1.0023212768626493,111.36050646,-3.8817851136740003,92809.33170000001,70,True,,,,,,,,,,,False,False
previously_viewed_2025_2026,cci_m30,public,cost2,PORTFOLIO,382,1,-577.7477166841405,-577.4532177241406,0.23298429319371727,0.5690709764611506,313.454102616,-13.970074068141802,130726.95682,82,True,,,,,,,,,,,False,False
previously_viewed_2025_2026,cci_m30,public,cost2,BTCUSDT,170,0,-405.59330597867626,-405.59330597867626,0.21176470588235294,0.3710401607257931,164.129058456,-7.345907522676801,68503.14652000001,56,True,,,,,,,,,,,False,False
previously_viewed_2025_2026,cci_m30,public,cost2,ETHUSDT,212,1,-172.15441070546433,-171.85991174546433,0.25,0.7527749447400522,149.32504416,-6.624166545465,62223.810300000005,70,True,,,,,,,,,,,False,False
previously_viewed_2025_2026,cci_m15,personal,cost1,PORTFOLIO,499,1,-476.12180893772836,-483.56923120972834,0.2605210420841683,0.7535002307415735,223.77751496400003,-7.908043973728301,279733.98817,82,True,,,,,,,,,,,False,False
previously_viewed_2025_2026,cci_m15,personal,cost1,BTCUSDT,221,0,-417.14043696051243,-417.14043696051243,0.2579185520361991,0.534706881729845,116.60523824400002,-3.7343487165133005,145862.95897,56,True,,,,,,,,,,,False,False
previously_viewed_2025_2026,cci_m15,personal,cost1,ETHUSDT,278,1,-58.98137197721591,-66.42879424921587,0.26258992805755393,0.9376391333756766,107.17227672000001,-4.173695257215,133871.02920000002,71,True,,,,,,,,,,,False,False
previously_viewed_2025_2026,cci_m15,personal,cost2,PORTFOLIO,502,1,-748.457614411623,-751.157954149223,0.2250996015936255,0.5263614497522716,275.17810400800005,-14.821280403623701,172000.21602000002,82,True,,,,,,,,,,,False,False
previously_viewed_2025_2026,cci_m15,personal,cost2,BTCUSDT,222,0,-493.1910705194915,-493.1910705194915,0.2072072072072072,0.3312471915397148,141.191630808,-8.1361097114917,88334.66822,56,True,,,,,,,,,,,False,False
previously_viewed_2025_2026,cci_m15,personal,cost2,ETHUSDT,280,1,-255.2665438921315,-257.9668836297315,0.2392857142857143,0.6959557946673572,133.9864732,-6.685170692132,83665.5478,71,True,,,,,,,,,,,False,False
previously_viewed_2025_2026,cci_m15,public,cost1,PORTFOLIO,502,1,-553.9259041681612,-559.7976279057611,0.24302788844621515,0.6998903829111148,303.288688962,-7.356685206161201,252760.06816000002,82,True,,,,,,,,,,,False,False
previously_viewed_2025_2026,cci_m15,public,cost1,BTCUSDT,222,0,-438.1008004484524,-438.1008004484524,0.23423423423423423,0.4874470166664492,157.705778562,-3.6412918864532005,131521.15996000002,56,True,,,,,,,,,,,False,False
previously_viewed_2025_2026,cci_m15,public,cost1,ETHUSDT,280,1,-115.82510371970878,-121.69682745730874,0.25,0.87957582266605,145.5829104,-3.7153933197080002,121238.9082,71,True,,,,,,,,,,,False,False
previously_viewed_2025_2026,cci_m15,public,cost2,PORTFOLIO,502,1,-789.942993988127,-792.557120605727,0.2151394422310757,0.4796039559531817,368.715729444,-13.538394544127701,153647.20765,82,True,,,,,,,,,,,False,False
previously_viewed_2025_2026,cci_m15,public,cost2,BTCUSDT,222,0,-502.9843557308605,-502.9843557308605,0.19369369369369369,0.29137231418169574,188.169509484,-7.5616762468607,78486.25505,56,True,,,,,,,,,,,False,False
previously_viewed_2025_2026,cci_m15,public,cost2,ETHUSDT,280,1,-286.9586382572665,-289.5727648748665,0.23214285714285715,0.64390417971072,180.54621996,-5.976718297267,75160.9526,71,True,,,,,,,,,,,False,False
previously_viewed_2025_2026,cci_m5,personal,cost1,PORTFOLIO,712,1,-683.0458942176951,-712.9774838774952,0.22893258426966293,0.7137696452139255,319.95226718800006,-9.9067170296957,399929.33886,82,True,,,,,,,,,,,False,False
previously_viewed_2025_2026,cci_m5,personal,cost1,BTCUSDT,314,0,-617.6714115977759,-617.6714115977759,0.2070063694267516,0.46085179938231163,166.74019846800002,-5.499303129776701,208558.38906000002,57,True,,,,,,,,,,,False,False
previously_viewed_2025_2026,cci_m5,personal,cost1,ETHUSDT,398,1,-65.3744826199193,-95.30607227971925,0.24623115577889448,0.929155156834484,153.21206872000002,-4.407413899919,191370.9498,71,True,,,,,,,,,,,False,False
previously_viewed_2025_2026,cci_m5,personal,cost2,PORTFOLIO,654,1,-867.919319351252,-869.2694892200522,0.21559633027522937,0.5012646611706453,330.35662800000006,-15.8446313512522,206494.88509000003,82,True,,,,,,,,,,,False,False
previously_viewed_2025_2026,cci_m5,personal,cost2,BTCUSDT,287,0,-572.302344283598,-572.302344283598,0.18466898954703834,0.2980950093575811,170.43985872000002,-10.1326255635982,106646.15189000001,57,True,,,,,,,,,,,False,False
previously_viewed_2025_2026,cci_m5,personal,cost2,ETHUSDT,367,1,-295.6169750676541,-296.9671449364541,0.23978201634877383,0.6798514072695301,159.91676928,-5.712005787654,99848.7332,70,True,,,,,,,,,,,False,False
previously_viewed_2025_2026,cci_m5,public,cost1,PORTFOLIO,712,1,-741.7469180659417,-765.5221763537817,0.22191011235955055,0.6716839958887417,425.1592926,-9.134865465942001,354296.14727,82,True,,,,,,,,,,,False,False
previously_viewed_2025_2026,cci_m5,public,cost1,BTCUSDT,313,0,-602.8037635006024,-602.8037635006024,0.19488817891373802,0.4379216963074581,220.59923124,-5.363572260603,183949.32077000002,57,True,,,,,,,,,,,False,False
previously_viewed_2025_2026,cci_m5,public,cost1,ETHUSDT,399,1,-138.9431545653394,-162.71841285317933,0.24310776942355888,0.8707771306759717,204.56006136,-3.7712932053390005,170346.8265,71,True,,,,,,,,,,,False,False
previously_viewed_2025_2026,cci_m5,public,cost2,PORTFOLIO,601,1,-878.2385316818678,-879.5455949906678,0.20299500831946754,0.44701897730180745,417.9822402,-13.9927114818681,174173.43089000002,81,True,,,,,,,,,,,False,False
previously_viewed_2025_2026,cci_m5,public,cost2,BTCUSDT,272,0,-571.5277191905328,-571.5277191905328,0.15808823529411764,0.25199416512119927,218.33949660000002,-9.237442590533101,91083.32969000001,55,True,,,,,,,,,,,False,False
previously_viewed_2025_2026,cci_m5,public,cost2,ETHUSDT,329,1,-306.710812491335,-308.017875800135,0.24012158054711247,0.6273155670991242,199.6427436,-4.7552688913350005,83090.1012,68,True,,,,,,,,,,,False,False
previously_viewed_2025_2026,cci_m3,personal,cost1,PORTFOLIO,703,1,-656.9129277222727,-688.3410968650627,0.23186344238975817,0.7254844172071635,319.291334208,-10.116253514272701,399111.55323,82,True,,,,,,,,,,,False,False
previously_viewed_2025_2026,cci_m3,personal,cost1,BTCUSDT,308,0,-592.3892019462891,-592.3892019462891,0.21428571428571427,0.47975272752973286,165.49879060800004,-5.694271338289701,207008.63863000003,57,True,,,,,,,,,,,False,False
previously_viewed_2025_2026,cci_m3,personal,cost1,ETHUSDT,395,1,-64.52372577598368,-95.95189491877362,0.24556962025316456,0.929901075873233,153.79254360000002,-4.4219821759830005,192102.91460000002,71,True,,,,,,,,,,,False,False
previously_viewed_2025_2026,cci_m3,personal,cost2,PORTFOLIO,655,1,-867.9542169310113,-869.3043867998113,0.2152671755725191,0.5054304845543532,331.69558088,-16.0008360510113,207334.60503,82,True,,,,,,,,,,,False,False
previously_viewed_2025_2026,cci_m3,personal,cost2,BTCUSDT,285,0,-576.7569801269533,-576.7569801269533,0.18596491228070175,0.29829934516503365,171.50986656000003,-10.211213566953301,107316.82793000001,57,True,,,,,,,,,,,False,False
previously_viewed_2025_2026,cci_m3,personal,cost2,ETHUSDT,370,1,-291.197236804058,-292.547406672858,0.23783783783783785,0.6873683411459479,160.18571432000002,-5.789622484058,100017.7771,71,True,,,,,,,,,,,False,False
previously_viewed_2025_2026,cci_m3,public,cost1,PORTFOLIO,700,1,-717.0142487366927,-742.2754606675227,0.22428571428571428,0.6838698085004727,424.832732358,-9.3064863786927,354023.97115,82,True,,,,,,,,,,,False,False
previously_viewed_2025_2026,cci_m3,public,cost1,BTCUSDT,305,0,-588.7316046717541,-588.7316046717541,0.2,0.4481188098407981,218.629264998,-5.4113096737547,182313.25905000002,57,True,,,,,,,,,,,False,False
previously_viewed_2025_2026,cci_m3,public,cost1,ETHUSDT,395,1,-128.28264406493864,-153.54385599576858,0.2430379746835443,0.8801593246063568,206.20346736,-3.895176704938,171710.7121,71,True,,,,,,,,,,,False,False
previously_viewed_2025_2026,cci_m3,public,cost2,PORTFOLIO,609,1,-879.2229918299242,-880.5300551387243,0.2019704433497537,0.4522623062692304,420.833118084,-14.1839437459244,175368.73042,81,True,,,,,,,,,,,False,False
previously_viewed_2025_2026,cci_m3,public,cost2,BTCUSDT,273,0,-569.9939461140663,-569.9939461140663,0.1575091575091575,0.25916830491504156,219.643628484,-9.3181876300664,91631.80752,55,True,,,,,,,,,,,False,False
previously_viewed_2025_2026,cci_m3,public,cost2,ETHUSDT,336,1,-309.229045715858,-310.536109024658,0.23809523809523808,0.6295109002173386,201.1894896,-4.865756115858001,83736.9229,69,True,,,,,,,,,,,False,False
previously_viewed_2025_2026,cci_m1,personal,cost1,PORTFOLIO,706,1,-698.3871970865224,-726.8222072633323,0.23229461756373937,0.7055158568069466,315.86855722,-9.8218898665225,394818.95170000003,82,True,,,,,,,,,,,False,False
previously_viewed_2025_2026,cci_m1,personal,cost1,BTCUSDT,312,0,-594.520562649862,-594.520562649862,0.21153846153846154,0.4782483531450636,166.08377386000004,-5.479838789862501,207742.7318,57,True,,,,,,,,,,,False,False
previously_viewed_2025_2026,cci_m1,personal,cost1,ETHUSDT,394,1,-103.86663443666038,-132.30164461347033,0.24873096446700507,0.9004239761358254,149.78478336,-4.34205107666,187076.2199,71,True,,,,,,,,,,,False,False
previously_viewed_2025_2026,cci_m1,personal,cost2,PORTFOLIO,642,1,-870.6770043381848,-872.0271742069849,0.21495327102803738,0.49771981059484205,327.65638349600005,-15.6463908421851,204806.74069,82,True,,,,,,,,,,,False,False
previously_viewed_2025_2026,cci_m1,personal,cost2,BTCUSDT,285,0,-573.75203464123,-573.75203464123,0.17894736842105263,0.3006658160359373,170.39640933600003,-10.0184953052301,106622.30349,57,True,,,,,,,,,,,False,False
previously_viewed_2025_2026,cci_m1,personal,cost2,ETHUSDT,357,1,-296.9249696969548,-298.2751395657548,0.24369747899159663,0.6742692719009651,157.25997416,-5.627895536955,98184.4372,70,True,,,,,,,,,,,False,False
previously_viewed_2025_2026,cci_m1,public,cost1,PORTFOLIO,702,1,-749.6404311723707,-771.9297358172206,0.22507122507122507,0.664746614147152,417.514636446,-9.0402647263708,347921.08605000004,82,True,,,,,,,,,,,False,False
previously_viewed_2025_2026,cci_m1,public,cost1,BTCUSDT,308,0,-588.6710398223433,-588.6710398223433,0.19805194805194806,0.4450789355154797,217.661344206,-5.276965616343801,181509.41445,57,True,,,,,,,,,,,False,False
previously_viewed_2025_2026,cci_m1,public,cost1,ETHUSDT,394,1,-160.96939135002734,-183.25869599487729,0.24619289340101522,0.8524138833176856,199.85329224,-3.7632991100270003,166411.6716,71,True,,,,,,,,,,,False,False
previously_viewed_2025_2026,cci_m1,public,cost2,PORTFOLIO,603,1,-878.1605265772397,-879.4675898860397,0.20066334991708126,0.4510087172442768,418.85029633199997,-14.034040245240002,174544.31449000002,81,True,,,,,,,,,,,False,False
previously_viewed_2025_2026,cci_m1,public,cost2,BTCUSDT,272,0,-574.0790063089789,-574.0790063089789,0.15808823529411764,0.25300814341215905,218.284354092,-9.167262216979001,91063.86999,54,True,,,,,,,,,,,False,False
previously_viewed_2025_2026,cci_m1,public,cost2,ETHUSDT,331,1,-304.0815202682608,-305.38858357706084,0.23564954682779457,0.6335845321853998,200.56594224,-4.866778028261001,83480.4445,69,True,,,,,,,,,,,False,False
previously_viewed_2025_2026,chop_w,personal,cost1,PORTFOLIO,68,1,34.853413729057266,-51.94819628436255,0.23529411764705882,0.8556591006352089,48.262617904,-5.0901883669429004,60244.3383,14,False,,,,,,,,,,,False,False
previously_viewed_2025_2026,chop_w,personal,cost1,BTCUSDT,20,0,-34.11397884471164,-34.11397884471164,0.3,0.6383537118408937,15.044082544000002,-2.1685163007119,18804.336700000003,4,False,,,,,,,,,,,False,False
previously_viewed_2025_2026,chop_w,personal,cost1,ETHUSDT,48,1,68.9673925737689,-17.834217439650914,0.20833333333333334,0.9328454289188116,33.218535360000004,-2.921672066231,41440.0016,10,False,,,,,,,,,,,False,False
previously_viewed_2025_2026,chop_w,personal,cost2,PORTFOLIO,68,1,-107.27671652379179,-161.42139675103178,0.22058823529411764,0.5657464848619741,74.58037528000001,-8.284221243791901,46584.57993,14,False,,,,,,,,,,,False,False
previously_viewed_2025_2026,chop_w,personal,cost2,BTCUSDT,20,0,-67.7899448189991,-67.7899448189991,0.25,0.36004341883543484,24.374089520000002,-3.6383352989989004,15242.657630000002,4,False,,,,,,,,,,,False,False
previously_viewed_2025_2026,chop_w,personal,cost2,ETHUSDT,48,1,-39.486771704792694,-93.63145193203268,0.20833333333333334,0.6477273817105578,50.20628576,-4.645885944793,31341.922300000002,10,False,,,,,,,,,,,False,False
previously_viewed_2025_2026,chop_w,public,cost1,PORTFOLIO,68,1,12.95313811010277,-70.26026589733706,0.23529411764705882,0.8064958832128025,69.65909112,-4.9372107698974,57968.118650000004,14,False,,,,,,,,,,,False,False
previously_viewed_2025_2026,chop_w,public,cost1,BTCUSDT,20,0,-39.878476547368145,-39.878476547368145,0.3,0.5870996287472744,21.9020625,-2.1115540473684002,18250.89515,4,False,,,,,,,,,,,False,False
previously_viewed_2025_2026,chop_w,public,cost1,ETHUSDT,48,1,52.831614657470915,-30.38178934996892,0.20833333333333334,0.8860026294222616,47.75702862,-2.825656722529,39717.2235,10,False,,,,,,,,,,,False,False
previously_viewed_2025_2026,chop_w,public,cost2,PORTFOLIO,68,1,-134.83533617576867,-182.55803693908868,0.22058823529411764,0.511094485670714,103.701359328,-7.7008968477688,43182.90602,14,False,,,,,,,,,,,False,False
previously_viewed_2025_2026,chop_w,public,cost2,BTCUSDT,20,0,-73.44506972345899,-73.44506972345899,0.25,0.3136575785424809,33.934966488,-3.4153232354588003,14147.475520000002,4,False,,,,,,,,,,,False,False
previously_viewed_2025_2026,chop_w,public,cost2,ETHUSDT,48,1,-61.390266452309696,-109.11296721562968,0.20833333333333334,0.5904046416965455,69.76639284,-4.28557361231,29035.430500000002,10,False,,,,,,,,,,,False,False
previously_viewed_2025_2026,chop_d,personal,cost1,PORTFOLIO,108,0,-0.5666612641369638,-0.5666612641369638,0.2962962962962963,0.9989751238448333,68.35719528400001,-4.960895980137501,85377.88885,24,True,,,,,,,,,,,False,False
previously_viewed_2025_2026,chop_d,personal,cost1,BTCUSDT,45,0,-131.4550055898479,-131.4550055898479,0.26666666666666666,0.4700603535374846,34.38892044400001,-1.9162151458485002,42977.98825,14,False,,,,,,,,,,,False,False
previously_viewed_2025_2026,chop_d,personal,cost1,ETHUSDT,63,0,130.88834432571096,130.88834432571096,0.31746031746031744,1.429352562181431,33.96827484,-3.044680834289,42399.9006,18,False,,,,,,,,,,,False,False
previously_viewed_2025_2026,chop_d,personal,cost2,PORTFOLIO,108,0,-156.4073312512761,-156.4073312512761,0.26851851851851855,0.7192933155603799,105.24302620000002,-8.746295051275801,65727.45461,24,True,,,,,,,,,,,False,False
previously_viewed_2025_2026,chop_d,personal,cost2,BTCUSDT,45,0,-181.03809462522202,-181.03809462522202,0.2,0.2841727271614377,52.14611620000001,-3.5716684252218003,32589.800410000003,14,False,,,,,,,,,,,False,False
previously_viewed_2025_2026,chop_d,personal,cost2,ETHUSDT,63,0,24.6307633739459,24.6307633739459,0.31746031746031744,1.0809466747900927,53.09691000000001,-5.174626626054001,33137.654200000004,18,False,,,,,,,,,,,False,False
previously_viewed_2025_2026,chop_d,public,cost1,PORTFOLIO,108,0,-28.94279163469971,-28.94279163469971,0.2962962962962963,0.947790347386839,98.219846106,-4.762795528700201,81782.17413,24,True,,,,,,,,,,,False,False
previously_viewed_2025_2026,chop_d,public,cost1,BTCUSDT,45,0,-141.57382373559062,-141.57382373559062,0.26666666666666666,0.4330263817309102,49.437192426,-1.8472813095912002,41189.869230000004,14,False,,,,,,,,,,,False,False
previously_viewed_2025_2026,chop_d,public,cost1,ETHUSDT,63,0,112.63103210089092,112.63103210089092,0.31746031746031744,1.3696988034258155,48.782653679999996,-2.915514219109,40592.3049,18,False,,,,,,,,,,,False,False
previously_viewed_2025_2026,chop_d,public,cost2,PORTFOLIO,108,0,-180.99792933934316,-180.99792933934316,0.25925925925925924,0.672883295518279,146.068428828,-8.2406105113429,60813.13811000001,24,True,,,,,,,,,,,False,False
previously_viewed_2025_2026,chop_d,public,cost2,BTCUSDT,45,0,-190.04615917539707,-190.04615917539707,0.2,0.2496588821594806,72.011054748,-3.3106144273969003,30002.869710000003,14,False,,,,,,,,,,,False,False
previously_viewed_2025_2026,chop_d,public,cost2,ETHUSDT,63,0,9.048229836053927,9.048229836053927,0.30158730158730157,1.0301574154642474,74.05737408,-4.929996083946,30810.2684,18,False,,,,,,,,,,,False,False
previously_viewed_2025_2026,chop_h12,personal,cost1,PORTFOLIO,102,0,173.91025770629233,173.91025770629233,0.3333333333333333,1.3438970873640501,61.25378869600001,-4.9647135977081005,76548.11721000001,32,True,,,,,,,,,,,False,False
previously_viewed_2025_2026,chop_h12,personal,cost1,BTCUSDT,42,0,-15.207044040927883,-15.207044040927883,0.3333333333333333,0.9291281422280407,28.907412256000004,-2.4814917849281004,36234.67081,17,False,,,,,,,,,,,False,False
previously_viewed_2025_2026,chop_h12,personal,cost1,ETHUSDT,60,0,189.1173017472202,189.1173017472202,0.3333333333333333,1.6495898890209861,32.34637644,-2.48322181278,40313.4464,25,False,,,,,,,,,,,False,False
previously_viewed_2025_2026,chop_h12,personal,cost2,PORTFOLIO,102,0,56.39599249284386,56.39599249284386,0.29411764705882354,1.1102539990901161,96.52237432000001,-8.8776131871561,60340.07901,32,True,,,,,,,,,,,False,False
previously_viewed_2025_2026,chop_h12,personal,cost2,BTCUSDT,42,0,-19.677834752565268,-19.677834752565268,0.23809523809523808,0.910281917714018,45.35500040000001,-4.2416143525651,28469.401010000005,17,False,,,,,,,,,,,False,False
previously_viewed_2025_2026,chop_h12,personal,cost2,ETHUSDT,60,0,76.07382724540912,76.07382724540912,0.3333333333333333,1.2603662328578682,51.16737392,-4.635998834591001,31870.678,25,False,,,,,,,,,,,False,False
previously_viewed_2025_2026,chop_h12,public,cost1,PORTFOLIO,102,0,224.95085949919581,224.95085949919581,0.3333333333333333,1.4390980625678076,89.721921372,-4.7033191288046,74790.1832,32,True,,,,,,,,,,,False,False
previously_viewed_2025_2026,chop_h12,public,cost1,BTCUSDT,42,0,54.2912705129556,54.2912705129556,0.3333333333333333,1.2490243030946906,42.468587952,-2.2595415350446,35528.8418,17,False,,,,,,,,,,,False,False
previously_viewed_2025_2026,chop_h12,public,cost1,ETHUSDT,60,0,170.65958898624024,170.65958898624024,0.3333333333333333,1.5799103703375845,47.25333342,-2.44377759376,39261.341400000005,25,False,,,,,,,,,,,False,False
previously_viewed_2025_2026,chop_h12,public,cost2,PORTFOLIO,102,0,7.849137730040023,7.849137730040023,0.27450980392156865,1.0154654995659822,134.102027628,-8.2896846419599,55888.6748,32,True,,,,,,,,,,,False,False
previously_viewed_2025_2026,chop_h12,public,cost2,BTCUSDT,42,0,-39.79656142489209,-39.79656142489209,0.21428571428571427,0.8188210689947667,62.977049148,-3.9485622768919004,26353.464000000004,17,False,,,,,,,,,,,False,False
previously_viewed_2025_2026,chop_h12,public,cost2,ETHUSDT,60,0,47.64569915493211,47.64569915493211,0.31666666666666665,1.1655098497782475,71.12497848,-4.341122365068,29535.2108,25,False,,,,,,,,,,,False,False
previously_viewed_2025_2026,chop_h6,personal,cost1,PORTFOLIO,101,1,270.16568680578064,183.36407679236083,0.36633663366336633,1.3953595471595333,65.03704611200001,-3.4677670822196003,81363.32201,47,True,,,,,,,,,,,False,False
previously_viewed_2025_2026,chop_h6,personal,cost1,BTCUSDT,39,0,-25.79252892205947,-25.79252892205947,0.358974358974359,0.8516034683653854,28.993774392000006,-1.6461545300596,36236.70341,22,False,,,,,,,,,,,False,False
previously_viewed_2025_2026,chop_h6,personal,cost1,ETHUSDT,62,1,295.9582157278401,209.1566057144203,0.3709677419354839,1.7212731413212867,36.04327172000001,-1.82161255216,45126.6186,33,False,,,,,,,,,,,False,False
previously_viewed_2025_2026,chop_h6,personal,cost2,PORTFOLIO,101,1,34.91391779699016,-27.779922466129804,0.32673267326732675,0.941877100176981,102.68936422400002,-6.9041179790098,64235.49717,47,True,,,,,,,,,,,False,False
previously_viewed_2025_2026,chop_h6,personal,cost2,BTCUSDT,39,0,-92.42967129989091,-92.42967129989091,0.2564102564102564,0.5207901193125023,47.00379782400001,-3.2256734758908,29380.54907,22,False,,,,,,,,,,,False,False
previously_viewed_2025_2026,chop_h6,personal,cost2,ETHUSDT,62,1,127.34358909688108,64.64974883376111,0.3709677419354839,1.2267838444964514,55.685566400000006,-3.678444503119,34854.9481,33,False,,,,,,,,,,,False,False
previously_viewed_2025_2026,chop_h6,public,cost1,PORTFOLIO,101,1,222.77579698700646,136.59048569358663,0.3564356435643564,1.2907682663456665,94.512599598,-3.3459534149938004,78820.58631,47,True,,,,,,,,,,,False,False
previously_viewed_2025_2026,chop_h6,public,cost1,BTCUSDT,39,0,-40.22777538648067,-40.22777538648067,0.3333333333333333,0.7756059176127441,42.472535898000004,-1.5880894884808003,35387.933710000005,22,False,,,,,,,,,,,False,False
previously_viewed_2025_2026,chop_h6,public,cost1,ETHUSDT,62,1,263.00357237348715,176.81826108006732,0.3709677419354839,1.6087015934393554,52.0400637,-1.757863926513,43432.6526,33,False,,,,,,,,,,,False,False
previously_viewed_2025_2026,chop_h6,public,cost2,PORTFOLIO,101,1,-11.833985835294538,-66.57473082851452,0.2871287128712871,0.8593122573101312,141.15138798,-6.362047855294501,58862.97069,47,True,,,,,,,,,,,False,False
previously_viewed_2025_2026,chop_h6,public,cost2,BTCUSDT,39,0,-101.96992966363258,-101.96992966363258,0.20512820512820512,0.47366041676227233,64.43864322,-3.0044364436325,26851.608190000003,22,False,,,,,,,,,,,False,False
previously_viewed_2025_2026,chop_h6,public,cost2,ETHUSDT,62,1,90.13594382833806,35.395198835118066,0.3387096774193548,1.1266488601475455,76.71274475999999,-3.3576114116620004,32011.362500000003,33,False,,,,,,,,,,,False,False
previously_viewed_2025_2026,chop_h4,personal,cost1,PORTFOLIO,104,1,48.428683964914825,-38.37292604850499,0.36538461538461536,0.920115530492124,61.105627600000005,-3.1602484350851,76333.77151,48,True,,,,,,,,,,,False,False
previously_viewed_2025_2026,chop_h4,personal,cost1,BTCUSDT,36,0,-2.862669284458364,-2.862669284458364,0.3611111111111111,0.9821668886581575,25.337089960000004,-1.0330393244581,31656.656210000005,23,False,,,,,,,,,,,False,False
previously_viewed_2025_2026,chop_h4,personal,cost1,ETHUSDT,68,1,51.29135324937319,-35.51025676404663,0.36764705882352944,0.8889713811153386,35.768537640000005,-2.127209110627,44677.115300000005,39,False,,,,,,,,,,,False,False
previously_viewed_2025_2026,chop_h4,personal,cost2,PORTFOLIO,104,1,-111.62484747260275,-165.76952769984274,0.33653846153846156,0.6615026466993652,95.66730843200001,-6.227459040603001,59766.175460000006,48,True,,,,,,,,,,,False,False
previously_viewed_2025_2026,chop_h4,personal,cost2,BTCUSDT,36,0,-59.44176348611877,-59.44176348611877,0.3055555555555556,0.6583007891653847,39.73663595200001,-2.306647534119,24829.584460000002,23,False,,,,,,,,,,,False,False
previously_viewed_2025_2026,chop_h4,personal,cost2,ETHUSDT,68,1,-52.18308398648399,-106.32776421372397,0.35294117647058826,0.6632666086625312,55.930672480000005,-3.920811506484,34936.591,39,False,,,,,,,,,,,False,False
previously_viewed_2025_2026,chop_h4,public,cost1,PORTFOLIO,104,1,23.865142020718988,-60.834215629710855,0.34615384615384615,0.8740835032103572,88.74219393599999,-3.114624043281,73906.40328,48,True,,,,,,,,,,,False,False
previously_viewed_2025_2026,chop_h4,public,cost1,BTCUSDT,36,0,-13.85216287757225,-13.85216287757225,0.3055555555555556,0.9155128734039574,36.919513476,-1.0333094015720001,30751.670780000004,23,False,,,,,,,,,,,False,False
previously_viewed_2025_2026,chop_h4,public,cost1,ETHUSDT,68,1,37.71730489829124,-46.98205275213861,0.36764705882352944,0.8528018280993594,51.82268046,-2.081314641709,43154.7325,39,False,,,,,,,,,,,False,False
previously_viewed_2025_2026,chop_h4,public,cost2,PORTFOLIO,104,1,-141.6241408853091,-189.3468416486291,0.3269230769230769,0.6103156942439355,132.898127244,-5.7603236413093,55353.07492000001,48,True,,,,,,,,,,,False,False
previously_viewed_2025_2026,chop_h4,public,cost2,BTCUSDT,36,0,-68.10984613432211,-68.10984613432211,0.2777777777777778,0.6019150575128358,54.882341004,-2.1394151303223,22862.67552,23,False,,,,,,,,,,,False,False
previously_viewed_2025_2026,chop_h4,public,cost2,ETHUSDT,68,1,-73.51429475098699,-121.23699551430697,0.35294117647058826,0.6148813767585671,78.01578624,-3.6209085109870003,32490.399400000002,39,False,,,,,,,,,,,False,False
previously_viewed_2025_2026,chop_h1,personal,cost1,PORTFOLIO,101,0,70.21325753495893,70.21325753495893,0.3564356435643564,1.2064745711120328,36.648019576,-1.1040028890418,45803.705930000004,57,True,,,,,,,,,,,False,False
previously_viewed_2025_2026,chop_h1,personal,cost1,BTCUSDT,43,0,-39.18357454873796,-39.18357454873796,0.3023255813953488,0.7681279909172247,21.144825736,0.18057118726119994,26446.082130000003,30,False,,,,,,,,,,,False,False
previously_viewed_2025_2026,chop_h1,personal,cost1,ETHUSDT,58,0,109.39683208369689,109.39683208369689,0.39655172413793105,1.6394868829477491,15.503193840000002,-1.2845740763030002,19357.6238,42,False,,,,,,,,,,,False,False
previously_viewed_2025_2026,chop_h1,personal,cost2,PORTFOLIO,101,0,-32.55579126765173,-32.55579126765173,0.2871287128712871,0.91001657373219,61.41024036000001,-3.4791209076517005,38370.00471,57,True,,,,,,,,,,,False,False
previously_viewed_2025_2026,chop_h1,personal,cost2,BTCUSDT,43,0,-89.75302532884906,-89.75302532884906,0.23255813953488372,0.5138290282961889,34.741126200000004,-0.6283691288487001,21720.514310000002,30,False,,,,,,,,,,,False,False
previously_viewed_2025_2026,chop_h1,personal,cost2,ETHUSDT,58,0,57.19723406119733,57.19723406119733,0.3275862068965517,1.3228097598506492,26.669114160000003,-2.850751778803,16649.490400000002,42,False,,,,,,,,,,,False,False
previously_viewed_2025_2026,chop_h1,public,cost1,PORTFOLIO,101,0,56.80034750197654,56.80034750197654,0.33663366336633666,1.165648907424606,53.453364834,-1.1265176640242003,44538.241480000004,57,True,,,,,,,,,,,False,False
previously_viewed_2025_2026,chop_h1,public,cost1,BTCUSDT,43,0,-49.76939622451737,-49.76939622451737,0.2558139534883721,0.712219633612808,30.820594974,0.16626874948179995,25697.772880000004,30,False,,,,,,,,,,,False,False
previously_viewed_2025_2026,chop_h1,public,cost1,ETHUSDT,58,0,106.56974372649391,106.56974372649391,0.39655172413793105,1.6270516019244474,22.63276986,-1.292786413506,18840.4686,42,False,,,,,,,,,,,False,False
previously_viewed_2025_2026,chop_h1,public,cost2,PORTFOLIO,101,0,-50.0896690887291,-50.0896690887291,0.27722772277227725,0.8628688607326381,86.987408652,-3.3633104367291002,36231.7194,57,True,,,,,,,,,,,False,False
previously_viewed_2025_2026,chop_h1,public,cost2,BTCUSDT,43,0,-99.63140918412144,-99.63140918412144,0.20930232558139536,0.4666431076889702,48.725486892,-0.6075722921211001,20309.086000000003,30,False,,,,,,,,,,,False,False
previously_viewed_2025_2026,chop_h1,public,cost2,ETHUSDT,58,0,49.54174009539233,49.54174009539233,0.3275862068965517,1.2775949327122493,38.26192176,-2.7557381446080003,15922.6334,42,False,,,,,,,,,,,False,False
previously_viewed_2025_2026,chop_m30,personal,cost1,PORTFOLIO,121,1,-46.193415857203256,-46.136718777203214,0.30578512396694213,0.8897473891165597,34.478609548,-1.7865563092038002,43117.5235,66,True,,,,,,,,,,,False,False
previously_viewed_2025_2026,chop_m30,personal,cost1,BTCUSDT,47,0,-43.195829565554256,-43.195829565554256,0.2978723404255319,0.723726458351864,15.288992908000003,-0.47358665755480017,19135.899100000002,36,False,,,,,,,,,,,False,False
previously_viewed_2025_2026,chop_m30,personal,cost1,ETHUSDT,74,1,-2.9975862916489975,-2.9408892116489556,0.3108108108108108,0.9887800309102115,19.18961664,-1.3129696516490001,23981.6244,50,False,,,,,,,,,,,False,False
previously_viewed_2025_2026,chop_m30,personal,cost2,PORTFOLIO,121,1,-137.11465451782834,-136.45397747782835,0.2727272727272727,0.6846039513810289,59.188381160000006,-4.0885233578287,37003.03358,66,True,,,,,,,,,,,False,False
previously_viewed_2025_2026,chop_m30,personal,cost2,BTCUSDT,47,0,-77.26945958543382,-77.26945958543382,0.2765957446808511,0.5320107319699479,25.937525240000003,-1.4520843454337002,16232.747180000002,36,False,,,,,,,,,,,False,False
previously_viewed_2025_2026,chop_m30,personal,cost2,ETHUSDT,74,1,-59.845194932394506,-59.184517892394524,0.2702702702702703,0.7787774182875089,33.25085592000001,-2.6364390123950003,20770.2864,50,False,,,,,,,,,,,False,False
previously_viewed_2025_2026,chop_m30,public,cost1,PORTFOLIO,121,1,-56.389050658348445,-56.22823645834841,0.2975206611570248,0.8660737434836109,50.498200626,-1.7550800323490001,42099.26901,66,True,,,,,,,,,,,False,False
previously_viewed_2025_2026,chop_m30,public,cost1,BTCUSDT,47,0,-48.643769727091474,-48.643769727091474,0.2978723404255319,0.6928347695878109,22.393919706000002,-0.46708002109200003,18685.800410000003,36,False,,,,,,,,,,,False,False
previously_viewed_2025_2026,chop_m30,public,cost1,ETHUSDT,74,1,-7.745280931256974,-7.584466731256936,0.2972972972972973,0.9709942208431206,28.104280919999997,-1.288000011257,23413.4686,50,False,,,,,,,,,,,False,False
previously_viewed_2025_2026,chop_m30,public,cost2,PORTFOLIO,121,1,-153.77511739296034,-153.01301467296037,0.24793388429752067,0.6477423751897081,84.739739736,-3.9163976569607004,35316.49493,66,True,,,,,,,,,,,False,False
previously_viewed_2025_2026,chop_m30,public,cost2,BTCUSDT,47,0,-84.68045314509382,-84.68045314509382,0.2127659574468085,0.4930341628253802,37.015024056,-1.4016490890937001,15444.212330000002,36,False,,,,,,,,,,,False,False
previously_viewed_2025_2026,chop_m30,public,cost2,ETHUSDT,74,1,-69.0946642478665,-68.33256152786653,0.2702702702702703,0.744402402413377,47.724715679999996,-2.514748567867,19872.282600000002,50,False,,,,,,,,,,,False,False
previously_viewed_2025_2026,chop_m15,personal,cost1,PORTFOLIO,212,1,-206.16770330307824,-210.01444142787824,0.30660377358490565,0.7248183068761265,70.70821564,-4.1316676630781,88451.20797,77,True,,,,,,,,,,,False,False
previously_viewed_2025_2026,chop_m15,personal,cost1,BTCUSDT,94,0,-154.1299683917869,-154.1299683917869,0.2765957446808511,0.5684694424893406,38.15921824000001,-1.4680301517871002,47763.42577,51,False,,,,,,,,,,,False,False
previously_viewed_2025_2026,chop_m15,personal,cost1,ETHUSDT,118,1,-52.037734911291366,-55.88447303609136,0.3305084745762712,0.8623583214905091,32.548997400000005,-2.6636375112910002,40687.7822,58,True,,,,,,,,,,,False,False
previously_viewed_2025_2026,chop_m15,personal,cost2,PORTFOLIO,212,1,-346.69636128594567,-349.1983783867457,0.25471698113207547,0.5350314395514092,112.13828074400001,-8.3211505419457,70143.20585,77,True,,,,,,,,,,,False,False
previously_viewed_2025_2026,chop_m15,personal,cost2,BTCUSDT,94,0,-222.85040026673676,-222.85040026673676,0.22340425531914893,0.38731645847342544,60.61255978400001,-3.5865104827367,37941.09135,51,False,,,,,,,,,,,False,False
previously_viewed_2025_2026,chop_m15,personal,cost2,ETHUSDT,118,1,-123.84596101920893,-126.34797812000892,0.2796610169491525,0.6737610712761275,51.52572096000001,-4.734640059209,32202.114500000003,58,True,,,,,,,,,,,False,False
previously_viewed_2025_2026,chop_m15,public,cost1,PORTFOLIO,212,1,-228.5394594278768,-232.2886357526768,0.2971698113207547,0.6941961595836367,102.022082106,-3.9874073218767,85081.78663,77,True,,,,,,,,,,,False,False
previously_viewed_2025_2026,chop_m15,public,cost1,BTCUSDT,94,0,-167.68461887331446,-167.68461887331446,0.26595744680851063,0.533460975763928,55.164549006,-1.4341998673147,46032.224330000005,51,False,,,,,,,,,,,False,False
previously_viewed_2025_2026,chop_m15,public,cost1,ETHUSDT,118,1,-60.85484055456235,-64.60401687936235,0.3220338983050847,0.838561650060913,46.8575331,-2.553207454562,39049.562300000005,58,True,,,,,,,,,,,False,False
previously_viewed_2025_2026,chop_m15,public,cost2,PORTFOLIO,212,1,-372.3921277299461,-374.7423831507461,0.2358490566037736,0.49944149219329387,158.017017384,-7.900510345946101,65896.01811,77,True,,,,,,,,,,,False,False
previously_viewed_2025_2026,chop_m15,public,cost2,BTCUSDT,94,0,-239.30044680376216,-239.30044680376216,0.18085106382978725,0.34856787821454427,85.664001504,-3.4249452997621,35749.09981000001,51,False,,,,,,,,,,,False,False
previously_viewed_2025_2026,chop_m15,public,cost2,ETHUSDT,118,1,-133.09168092618393,-135.4419363469839,0.2796610169491525,0.6447921577676579,72.35301588,-4.475565046184,30146.9183,58,True,,,,,,,,,,,False,False
previously_viewed_2025_2026,chop_m5,personal,cost1,PORTFOLIO,491,1,-474.3970996281468,-476.9615917113468,0.2484725050916497,0.7644292504093657,230.58739299200002,-8.4104666361475,288237.50394,82,True,,,,,,,,,,,False,False
previously_viewed_2025_2026,chop_m5,personal,cost1,BTCUSDT,229,0,-561.8994853590448,-561.8994853590448,0.21397379912663755,0.44087804154435845,129.08223227200003,-3.8032130870455005,161469.82284,56,True,,,,,,,,,,,False,False
previously_viewed_2025_2026,chop_m5,personal,cost1,ETHUSDT,262,1,87.50238573089794,84.93789364769795,0.2786259541984733,1.0832937836453462,101.50516072,-4.607253549102,126767.6811,69,True,,,,,,,,,,,False,False
previously_viewed_2025_2026,chop_m5,personal,cost2,PORTFOLIO,491,1,-740.7263876751663,-741.7986807183663,0.20366598778004075,0.5429688420126207,281.50192300000003,-15.4523346751669,175946.36637,82,True,,,,,,,,,,,False,False
previously_viewed_2025_2026,chop_m5,personal,cost2,BTCUSDT,229,0,-612.2944200082256,-612.2944200082256,0.1703056768558952,0.26744474455259276,157.67799588000003,-8.3239941282259,98653.28517,56,True,,,,,,,,,,,False,False
previously_viewed_2025_2026,chop_m5,personal,cost2,ETHUSDT,262,1,-128.43196766694058,-129.50426071014058,0.23282442748091603,0.8354973856487065,123.82392712000001,-7.128340546941001,77293.0812,69,True,,,,,,,,,,,False,False
previously_viewed_2025_2026,chop_m5,public,cost1,PORTFOLIO,491,1,-540.8335591005164,-542.9164348365164,0.24032586558044808,0.71833742227762,314.07557568,-7.764903420517,261735.11498,82,True,,,,,,,,,,,False,False
previously_viewed_2025_2026,chop_m5,public,cost1,BTCUSDT,229,0,-577.9107177442853,-577.9107177442853,0.2052401746724891,0.40197073680836337,176.47218384,-3.683253904286,147168.64988,56,True,,,,,,,,,,,False,False
previously_viewed_2025_2026,chop_m5,public,cost1,ETHUSDT,262,1,37.07715864376892,34.99428290776893,0.27099236641221375,1.0364074997846948,137.60339184,-4.081649516231001,114566.4651,69,True,,,,,,,,,,,False,False
previously_viewed_2025_2026,chop_m5,public,cost2,PORTFOLIO,491,1,-777.7649897301469,-778.4364912789468,0.1975560081466395,0.5009027249510486,377.645098248,-14.251191482147501,157350.83789000002,82,True,,,,,,,,,,,False,False
previously_viewed_2025_2026,chop_m5,public,cost2,BTCUSDT,229,0,-619.8981296368053,-619.8981296368053,0.1615720524017467,0.2331522104679248,211.046932368,-7.7605972688055,88033.53479,56,True,,,,,,,,,,,False,False
previously_viewed_2025_2026,chop_m5,public,cost2,ETHUSDT,262,1,-157.86686009334161,-158.53836164214164,0.22900763358778625,0.788986092155596,166.59816587999998,-6.490594213342001,69317.3031,69,True,,,,,,,,,,,False,False
previously_viewed_2025_2026,chop_m3,personal,cost1,PORTFOLIO,529,1,-535.0213042487105,-537.1583809847104,0.2438563327032136,0.74262146362144,247.74040260400002,-8.583471644710201,309676.36116000003,82,True,,,,,,,,,,,False,False
previously_viewed_2025_2026,chop_m3,personal,cost1,BTCUSDT,240,0,-525.0837996829321,-525.0837996829321,0.23333333333333334,0.4649925742835355,133.18932608400002,-4.1911435989322,166591.95076,56,True,,,,,,,,,,,False,False
previously_viewed_2025_2026,chop_m3,personal,cost1,ETHUSDT,289,1,-9.937504565778436,-12.07458130177843,0.25259515570934254,0.9890785590752922,114.55107652000001,-4.392328045778,143084.4104,71,True,,,,,,,,,,,False,False
previously_viewed_2025_2026,chop_m3,personal,cost2,PORTFOLIO,529,1,-787.3405867243519,-788.0554487531518,0.19848771266540643,0.5229607518753152,295.295424704,-15.691262020352301,184564.76113,82,True,,,,,,,,,,,False,False
previously_viewed_2025_2026,chop_m3,personal,cost2,BTCUSDT,240,0,-577.4345659355224,-577.4345659355224,0.175,0.2827121895834694,158.48071182400002,-8.841454111522301,99153.34863000001,56,True,,,,,,,,,,,False,False
previously_viewed_2025_2026,chop_m3,personal,cost2,ETHUSDT,289,1,-209.90602078882952,-210.6208828176295,0.2179930795847751,0.7513175193645959,136.81471288,-6.84980790883,85411.4125,71,True,,,,,,,,,,,False,False
previously_viewed_2025_2026,chop_m3,public,cost1,PORTFOLIO,528,1,-592.8305118048264,-594.9133875408264,0.23863636363636365,0.7029939447327344,340.343144424,-8.0769673808262,283610.93853000004,82,True,,,,,,,,,,,False,False
previously_viewed_2025_2026,chop_m3,public,cost1,BTCUSDT,240,0,-543.7210163978772,-543.7210163978772,0.225,0.4281112343383359,183.707668824,-4.063947573877201,153186.67243,56,True,,,,,,,,,,,False,False
previously_viewed_2025_2026,chop_m3,public,cost1,ETHUSDT,288,1,-49.10949540694931,-51.1923711429493,0.25,0.9513513886545003,156.6354756,-4.013019806949,130424.26610000001,71,True,,,,,,,,,,,False,False
previously_viewed_2025_2026,chop_m3,public,cost2,PORTFOLIO,529,1,-824.74913568718,-825.42063723598,0.19092627599243855,0.4735711298630887,389.573188512,-14.049667175180401,162332.14796,82,True,,,,,,,,,,,False,False
previously_viewed_2025_2026,chop_m3,public,cost2,BTCUSDT,240,0,-581.2109427999025,-581.2109427999025,0.1625,0.246256018601304,209.036769792,-8.137493007902401,87193.69756,56,True,,,,,,,,,,,False,False
previously_viewed_2025_2026,chop_m3,public,cost2,ETHUSDT,289,1,-243.5381928872776,-244.2096944360776,0.21453287197231835,0.6935364338265979,180.53641872,-5.912174167278001,75138.4504,71,True,,,,,,,,,,,False,False
previously_viewed_2025_2026,chop_m1,personal,cost1,PORTFOLIO,654,1,-675.3737610835013,-705.3053507433012,0.22477064220183487,0.6773021277101725,274.599290368,-9.186290715501901,343263.78066000005,82,True,,,,,,,,,,,False,False
previously_viewed_2025_2026,chop_m1,personal,cost1,BTCUSDT,295,0,-619.2212320016275,-619.2212320016275,0.2,0.4131547696190356,149.41083068800003,-5.0894213136279,186902.45576,57,True,,,,,,,,,,,False,False
previously_viewed_2025_2026,chop_m1,personal,cost1,ETHUSDT,359,1,-56.15252908187377,-86.08411874167372,0.24512534818941503,0.9238518945413369,125.18845968000001,-4.096869401874,156361.3249,71,True,,,,,,,,,,,False,False
previously_viewed_2025_2026,chop_m1,personal,cost2,PORTFOLIO,618,1,-867.5395605117742,-868.8897303805742,0.20064724919093851,0.46681923045655516,299.77607136000006,-14.9616491517741,187391.92076,82,True,,,,,,,,,,,False,False
previously_viewed_2025_2026,chop_m1,personal,cost2,BTCUSDT,279,0,-604.2538384552531,-604.2538384552531,0.16487455197132617,0.25702670874798134,163.52904696000002,-9.3788514952531,102336.62116000001,56,True,,,,,,,,,,,False,False
previously_viewed_2025_2026,chop_m1,personal,cost2,ETHUSDT,339,1,-263.285722056521,-264.63589192532106,0.23008849557522124,0.6758275508620034,136.24702440000002,-5.5827976565210005,85055.2996,71,True,,,,,,,,,,,False,False
previously_viewed_2025_2026,chop_m1,public,cost1,PORTFOLIO,652,1,-728.7436668804094,-752.5189251682493,0.21779141104294478,0.6343377403978084,365.753104644,-8.4410022364099,304805.27975000005,82,True,,,,,,,,,,,False,False
previously_viewed_2025_2026,chop_m1,public,cost1,BTCUSDT,293,0,-616.0051327738717,-616.0051327738717,0.19112627986348124,0.3827845024191091,198.369738504,-4.8641342698719,165436.98565000002,57,True,,,,,,,,,,,False,False
previously_viewed_2025_2026,chop_m1,public,cost1,ETHUSDT,359,1,-112.73853410653768,-136.51379239437765,0.2395543175487465,0.8712040119658004,167.38336614,-3.5768679665380003,139368.2941,71,True,,,,,,,,,,,False,False
previously_viewed_2025_2026,chop_m1,public,cost2,PORTFOLIO,575,1,-874.6435187444526,-875.9505820532527,0.18956521739130436,0.4141998134196047,381.833727972,-13.362180772452602,159124.34774000003,81,True,,,,,,,,,,,False,False
previously_viewed_2025_2026,chop_m1,public,cost2,BTCUSDT,266,0,-601.4308522579855,-601.4308522579855,0.15037593984962405,0.21138021535132878,210.146154972,-8.620187285985601,87683.03824000001,55,True,,,,,,,,,,,False,False
previously_viewed_2025_2026,chop_m1,public,cost2,ETHUSDT,309,1,-273.21266648646707,-274.5197297952671,0.22330097087378642,0.6253153796707516,171.687573,-4.741993486467001,71441.3095,69,True,,,,,,,,,,,False,False
previously_viewed_2025_2026,cci_w_chop_w,personal,cost1,PORTFOLIO,55,1,65.51698383054192,-21.284626182877904,0.2545454545454545,0.9280265954557666,39.13442396000001,-4.1364522094579,48854.06667,11,False,,,,,,,,,,,False,False
previously_viewed_2025_2026,cci_w_chop_w,personal,cost1,BTCUSDT,13,0,-40.032403961028734,-40.032403961028734,0.3076923076923077,0.3834334066618965,10.561055320000001,-1.0588086410289002,13205.956070000002,2,False,,,,,,,,,,,False,False
previously_viewed_2025_2026,cci_w_chop_w,personal,cost1,ETHUSDT,42,1,105.54938779157064,18.747777778150827,0.23809523809523808,1.0812291538656915,28.57336864,-3.077643568429,35648.1106,9,False,,,,,,,,,,,False,False
previously_viewed_2025_2026,cci_w_chop_w,personal,cost2,PORTFOLIO,55,1,-61.504319145590166,-118.49871938479015,0.23636363636363636,0.613369913439883,61.259923392000005,-6.6449557535903,38272.78748,11,False,,,,,,,,,,,False,False
previously_viewed_2025_2026,cci_w_chop_w,personal,cost2,BTCUSDT,13,0,-60.73585931571442,-60.73585931571442,0.23076923076923078,0.17281776777924837,17.197793552000004,-1.8217257637143003,10758.014780000001,2,False,,,,,,,,,,,False,False
previously_viewed_2025_2026,cci_w_chop_w,personal,cost2,ETHUSDT,42,1,-0.7684598298757476,-57.76286006907573,0.23809523809523808,0.7521611408493869,44.062129840000004,-4.823229989876,27514.7727,9,False,,,,,,,,,,,False,False
previously_viewed_2025_2026,cci_w_chop_w,public,cost1,PORTFOLIO,55,1,48.043101754713526,-38.142209538706304,0.2545454545454545,0.872226548484748,56.719552883999995,-4.0245253612863,47202.82527,11,False,,,,,,,,,,,False,False
previously_viewed_2025_2026,cci_w_chop_w,public,cost1,BTCUSDT,13,0,-43.69678368729013,-43.69678368729013,0.3076923076923077,0.3463559601022454,15.456377124000001,-1.0397865632903,12884.839370000002,2,False,,,,,,,,,,,False,False
previously_viewed_2025_2026,cci_w_chop_w,public,cost1,ETHUSDT,42,1,91.73988544200365,5.554574148583822,0.23809523809523808,1.023976925861421,41.263175759999996,-2.984738797996,34317.9859,9,False,,,,,,,,,,,False,False
previously_viewed_2025_2026,cci_w_chop_w,public,cost2,PORTFOLIO,55,1,-85.54237829243337,-136.07229674771335,0.23636363636363636,0.5567093121476296,85.171699068,-6.177629224433501,35474.53633,11,False,,,,,,,,,,,False,False
previously_viewed_2025_2026,cci_w_chop_w,public,cost2,BTCUSDT,13,0,-64.20827508524161,-64.20827508524161,0.23076923076923078,0.13734289682023426,23.888178468,-1.6965466172415002,9961.95133,2,False,,,,,,,,,,,False,False
previously_viewed_2025_2026,cci_w_chop_w,public,cost2,ETHUSDT,42,1,-21.334103207191763,-71.86402166247174,0.23809523809523808,0.6909455843496249,61.283520599999996,-4.4810826071920005,25512.585,9,False,,,,,,,,,,,False,False
previously_viewed_2025_2026,cci_w_chop_d,personal,cost1,PORTFOLIO,53,0,-9.393855433285843,-9.393855433285843,0.2830188679245283,0.9674730763234227,31.783097432000005,-2.7485580012863,39615.70212,14,False,,,,,,,,,,,False,False
previously_viewed_2025_2026,cci_w_chop_d,personal,cost1,BTCUSDT,24,0,-86.88604029929992,-86.88604029929992,0.20833333333333334,0.38169113349967876,16.099171152000004,-0.8741691473003,20088.90852,7,False,,,,,,,,,,,False,False
previously_viewed_2025_2026,cci_w_chop_d,personal,cost1,ETHUSDT,29,0,77.49218486601407,77.49218486601407,0.3448275862068966,1.522605759547782,15.683926280000001,-1.874388853986,19526.7936,10,False,,,,,,,,,,,False,False
previously_viewed_2025_2026,cci_w_chop_d,personal,cost2,PORTFOLIO,53,0,-74.76814793074936,-74.76814793074936,0.2641509433962264,0.7450147844851424,50.788493528000004,-5.0702244027496,31645.44248,14,False,,,,,,,,,,,False,False
previously_viewed_2025_2026,cci_w_chop_d,personal,cost2,BTCUSDT,24,0,-110.33600312944843,-110.33600312944843,0.16666666666666666,0.23820082388302577,25.558801128000002,-1.7944720014486004,15944.238980000002,7,False,,,,,,,,,,,False,False
previously_viewed_2025_2026,cci_w_chop_d,personal,cost2,ETHUSDT,29,0,35.567855198699064,35.567855198699064,0.3448275862068966,1.2396927785245824,25.2296924,-3.275752401301,15701.203500000001,10,False,,,,,,,,,,,False,False
previously_viewed_2025_2026,cci_w_chop_d,public,cost1,PORTFOLIO,53,0,-18.557897164602704,-18.557897164602704,0.2830188679245283,0.93626208562352,46.320707094,-2.6918400706032,38489.2557,14,False,,,,,,,,,,,False,False
previously_viewed_2025_2026,cci_w_chop_d,public,cost1,BTCUSDT,24,0,-91.39401333137484,-91.39401333137484,0.20833333333333334,0.3570770484766465,23.378152254,-0.8557110773752001,19446.9693,7,False,,,,,,,,,,,False,False
previously_viewed_2025_2026,cci_w_chop_d,public,cost1,ETHUSDT,29,0,72.83611616677213,72.83611616677213,0.3448275862068966,1.4888147744970377,22.94255484,-1.836128993228,19042.2864,10,False,,,,,,,,,,,False,False
previously_viewed_2025_2026,cci_w_chop_d,public,cost2,PORTFOLIO,53,0,-94.43726280616588,-94.43726280616588,0.2641509433962264,0.6777510282702173,71.124417336,-4.7838654701661,29543.13848,14,False,,,,,,,,,,,False,False
previously_viewed_2025_2026,cci_w_chop_d,public,cost2,BTCUSDT,24,0,-115.46651868142995,-115.46651868142995,0.16666666666666666,0.20522870973692478,35.688246696,-1.6858919854301,14841.562280000002,7,False,,,,,,,,,,,False,False
previously_viewed_2025_2026,cci_w_chop_d,public,cost2,ETHUSDT,29,0,21.029255875264063,21.029255875264063,0.3448275862068966,1.1423067456394604,35.43617064,-3.0979734847360003,14701.576200000001,10,False,,,,,,,,,,,False,False
previously_viewed_2025_2026,cci_w_chop_h12,personal,cost1,PORTFOLIO,38,0,200.69611202184151,200.69611202184151,0.3157894736842105,1.9627558957716575,21.218363624000002,-2.2636843541589,26502.26983,15,False,,,,,,,,,,,False,False
previously_viewed_2025_2026,cci_w_chop_h12,personal,cost1,BTCUSDT,13,0,91.65544594818353,91.65544594818353,0.3076923076923077,2.2779998893153173,8.280022304000001,-0.5521917478169,10413.094130000001,5,False,,,,,,,,,,,False,False
previously_viewed_2025_2026,cci_w_chop_h12,personal,cost1,ETHUSDT,25,0,109.040666073658,109.040666073658,0.32,1.7974181854081956,12.938341320000001,-1.7114926063420002,16089.1757,12,False,,,,,,,,,,,False,False
previously_viewed_2025_2026,cci_w_chop_h12,personal,cost2,PORTFOLIO,38,0,47.979953464496205,47.979953464496205,0.2894736842105263,1.2292150849454442,33.603354664,-4.2465618715038005,20948.38149,15,False,,,,,,,,,,,False,False
previously_viewed_2025_2026,cci_w_chop_h12,personal,cost2,BTCUSDT,13,0,-16.91964797378792,-16.91964797378792,0.23076923076923078,0.7690707015266852,12.766873944000002,-1.2671440297878003,7996.536990000001,5,False,,,,,,,,,,,False,False
previously_viewed_2025_2026,cci_w_chop_h12,personal,cost2,ETHUSDT,25,0,64.89960143828412,64.89960143828412,0.32,1.477009377726976,20.83648072,-2.979417841716,12951.8445,12,False,,,,,,,,,,,False,False
previously_viewed_2025_2026,cci_w_chop_h12,public,cost1,PORTFOLIO,38,0,94.18967617035408,94.18967617035408,0.3157894736842105,1.451229442800752,29.936632272,-2.3084115576463002,24884.954,15,False,,,,,,,,,,,False,False
previously_viewed_2025_2026,cci_w_chop_h12,public,cost1,BTCUSDT,13,0,-2.0226338459298896,-2.0226338459298896,0.3076923076923077,0.9717799351321686,11.360782452,-0.6632713939303,9484.432700000001,5,False,,,,,,,,,,,False,False
previously_viewed_2025_2026,cci_w_chop_h12,public,cost1,ETHUSDT,25,0,96.21231001628396,96.21231001628396,0.32,1.7019389823790225,18.57584982,-1.6451401637160001,15400.5213,12,False,,,,,,,,,,,False,False
previously_viewed_2025_2026,cci_w_chop_h12,public,cost2,PORTFOLIO,38,0,93.89621796152767,93.89621796152767,0.2894736842105263,1.4386185672787128,49.05202836,-4.0466536784724,20413.611070000003,15,False,,,,,,,,,,,False,False
previously_viewed_2025_2026,cci_w_chop_h12,public,cost2,BTCUSDT,13,0,39.301921966312555,39.301921966312555,0.23076923076923078,1.5257064778723153,18.93819876,-1.1405792736874,7938.0681700000005,5,False,,,,,,,,,,,False,False
previously_viewed_2025_2026,cci_w_chop_h12,public,cost2,ETHUSDT,25,0,54.59429599521511,54.59429599521511,0.32,1.3918839646184853,30.1138296,-2.9060744047850005,12475.5429,12,False,,,,,,,,,,,False,False
previously_viewed_2025_2026,cci_w_chop_h6,personal,cost1,PORTFOLIO,46,1,-41.14733649518031,-124.95578754262016,0.2826086956521739,0.46745606581971993,25.452845452000002,-1.2988210431806,31744.88302,23,False,,,,,,,,,,,False,False
previously_viewed_2025_2026,cci_w_chop_h6,personal,cost1,BTCUSDT,12,0,-27.209135184261413,-27.209135184261413,0.25,0.5200584511900588,5.649812532,-0.1799526522616,7029.510720000001,7,False,,,,,,,,,,,False,False
previously_viewed_2025_2026,cci_w_chop_h6,personal,cost1,ETHUSDT,34,1,-13.9382013109189,-97.74665235835874,0.29411764705882354,0.45069731444184064,19.803032920000003,-1.118868390919,24715.372300000003,19,False,,,,,,,,,,,False,False
previously_viewed_2025_2026,cci_w_chop_h6,personal,cost2,PORTFOLIO,46,1,-106.8774883595397,-161.02216858677969,0.2608695652173913,0.3360032609254297,41.093971184000004,-2.5349571755394003,25629.85319,23,False,,,,,,,,,,,False,False
previously_viewed_2025_2026,cci_w_chop_h6,personal,cost2,BTCUSDT,12,0,-37.540406053734515,-37.540406053734515,0.16666666666666666,0.36969947678581705,9.335940704000002,-0.5044053497344001,5805.284390000001,7,False,,,,,,,,,,,False,False
previously_viewed_2025_2026,cci_w_chop_h6,personal,cost2,ETHUSDT,34,1,-69.33708230580518,-123.48176253304516,0.29411764705882354,0.32503312343377194,31.758030480000002,-2.030551825805,19824.5688,19,False,,,,,,,,,,,False,False
previously_viewed_2025_2026,cci_w_chop_h6,public,cost1,PORTFOLIO,46,1,-54.883512819198224,-132.15310225467806,0.2608695652173913,0.44212740632738046,36.929610155999995,-1.2541026631985002,30708.11057,23,False,,,,,,,,,,,False,False
previously_viewed_2025_2026,cci_w_chop_h6,public,cost1,BTCUSDT,12,0,-29.384921488308308,-29.384921488308308,0.16666666666666666,0.4893887110396255,8.267055036,-0.17066645230850003,6857.32387,7,False,,,,,,,,,,,False,False
previously_viewed_2025_2026,cci_w_chop_h6,public,cost1,ETHUSDT,34,1,-25.498591330889912,-102.76818076636975,0.29411764705882354,0.426961622220097,28.66255512,-1.08343621089,23850.7867,19,False,,,,,,,,,,,False,False
previously_viewed_2025_2026,cci_w_chop_h6,public,cost2,PORTFOLIO,46,1,-117.27426351362446,-166.40057312292444,0.2391304347826087,0.31177551941410236,57.604016748,-2.3922167656242,23949.66457,23,False,,,,,,,,,,,False,False
previously_viewed_2025_2026,cci_w_chop_h6,public,cost2,BTCUSDT,12,0,-40.3136723804173,-40.3136723804173,0.16666666666666666,0.3326655463570923,13.219688148000001,-0.48705423241720003,5479.945070000001,7,False,,,,,,,,,,,False,False
previously_viewed_2025_2026,cci_w_chop_h6,public,cost2,ETHUSDT,34,1,-76.96059113320716,-126.08690074250715,0.2647058823529412,0.30481764500614394,44.384328599999996,-1.905162533207,18469.719500000003,19,False,,,,,,,,,,,False,False
previously_viewed_2025_2026,cci_w_chop_h4,personal,cost1,PORTFOLIO,52,1,-20.957709251857366,-106.26273978228721,0.3269230769230769,0.560547124908893,28.402058168000003,-1.1498710838576,35443.68785,24,False,,,,,,,,,,,False,False
previously_viewed_2025_2026,cci_w_chop_h4,personal,cost1,BTCUSDT,13,0,3.1206514027405676,3.1206514027405676,0.38461538461538464,1.0520074458569908,6.558608888000001,0.20764029074040005,8184.718850000001,7,False,,,,,,,,,,,False,False
previously_viewed_2025_2026,cci_w_chop_h4,personal,cost1,ETHUSDT,39,1,-24.078360654597937,-109.38339118502778,0.3076923076923077,0.3983410117830373,21.84344928,-1.357511374598,27258.969,21,False,,,,,,,,,,,False,False
previously_viewed_2025_2026,cci_w_chop_h4,personal,cost2,PORTFOLIO,52,1,-97.90074353505943,-153.47028376827942,0.2692307692307692,0.3932211385970072,45.767608264,-2.5334852710594,28559.573210000002,24,False,,,,,,,,,,,False,False
previously_viewed_2025_2026,cci_w_chop_h4,personal,cost2,BTCUSDT,13,0,-13.049318302257294,-13.049318302257294,0.23076923076923078,0.7879388597959337,10.630877704000001,0.004809401742600001,6629.925110000001,7,False,,,,,,,,,,,False,False
previously_viewed_2025_2026,cci_w_chop_h4,personal,cost2,ETHUSDT,39,1,-84.85142523280214,-140.42096546602212,0.28205128205128205,0.2663120274654077,35.136730560000004,-2.538294672802,21929.648100000002,21,False,,,,,,,,,,,False,False
previously_viewed_2025_2026,cci_w_chop_h4,public,cost1,PORTFOLIO,52,1,-35.72031069615446,-114.47585377462431,0.28846153846153844,0.5313481335976605,41.229278514,-1.1101021821547001,34302.264110000004,24,False,,,,,,,,,,,False,False
previously_viewed_2025_2026,cci_w_chop_h4,public,cost1,BTCUSDT,13,0,0.3539664304534691,0.3539664304534691,0.23076923076923078,1.005902249009743,9.479322594000001,0.1998190244533,7886.573810000002,7,False,,,,,,,,,,,False,False
previously_viewed_2025_2026,cci_w_chop_h4,public,cost1,ETHUSDT,39,1,-36.07427712660793,-114.82982020507778,0.3076923076923077,0.37692331109627736,31.749955919999998,-1.3099212066080002,26415.690300000002,21,False,,,,,,,,,,,False,False
previously_viewed_2025_2026,cci_w_chop_h4,public,cost2,PORTFOLIO,52,1,-114.23375057418423,-163.36006018348422,0.2692307692307692,0.3535823076015747,63.99913572,-2.3095548541842,26624.703380000003,24,False,,,,,,,,,,,False,False
previously_viewed_2025_2026,cci_w_chop_h4,public,cost2,BTCUSDT,13,0,-17.156080524522093,-17.156080524522093,0.23076923076923078,0.7228993436558319,15.02352948,0.00250895547779999,6246.334180000001,7,False,,,,,,,,,,,False,False
previously_viewed_2025_2026,cci_w_chop_h4,public,cost2,ETHUSDT,39,1,-97.07767004966213,-146.2039796589621,0.28205128205128205,0.2337443631299622,48.97560624,-2.3120638096620003,20378.3692,21,False,,,,,,,,,,,False,False
previously_viewed_2025_2026,cci_w_chop_h1,personal,cost1,PORTFOLIO,53,0,-20.891018468156346,-20.891018468156346,0.33962264150943394,0.8932421232584631,20.04070824,-0.4840702281569001,25010.10262,32,False,,,,,,,,,,,False,False
previously_viewed_2025_2026,cci_w_chop_h1,personal,cost1,BTCUSDT,21,0,-37.66564337171227,-37.66564337171227,0.23809523809523808,0.6154690111511246,10.580383480000002,0.3796801082871001,13215.90032,14,False,,,,,,,,,,,False,False
previously_viewed_2025_2026,cci_w_chop_h1,personal,cost1,ETHUSDT,32,0,16.774624903555925,16.774624903555925,0.40625,1.1716358576814543,9.46032476,-0.8637503364440001,11794.2023,24,False,,,,,,,,,,,False,False
previously_viewed_2025_2026,cci_w_chop_h1,personal,cost2,PORTFOLIO,53,0,-70.03550717595387,-70.03550717595387,0.22641509433962265,0.6647314878342989,33.759658784,-1.6656683919538002,21052.90605,32,False,,,,,,,,,,,False,False
previously_viewed_2025_2026,cci_w_chop_h1,personal,cost2,BTCUSDT,21,0,-63.76715651612898,-63.76715651612898,0.14285714285714285,0.4066354880470023,17.585335984000004,0.1750594678712,10973.09625,14,False,,,,,,,,,,,False,False
previously_viewed_2025_2026,cci_w_chop_h1,personal,cost2,ETHUSDT,32,0,-6.268350659824894,-6.268350659824894,0.28125,0.9381982148736009,16.174322800000002,-1.840727859825,10079.8098,24,False,,,,,,,,,,,False,False
previously_viewed_2025_2026,cci_w_chop_h1,public,cost1,PORTFOLIO,53,0,-29.241295415622734,-29.241295415622734,0.3018867924528302,0.8531437651344379,29.38280349,-0.5018619256233001,24444.927040000002,32,False,,,,,,,,,,,False,False
previously_viewed_2025_2026,cci_w_chop_h1,public,cost1,BTCUSDT,21,0,-43.06695830639667,-43.06695830639667,0.14285714285714285,0.5699026028280014,15.46686477,0.3687364636027,12879.150640000002,14,False,,,,,,,,,,,False,False
previously_viewed_2025_2026,cci_w_chop_h1,public,cost1,ETHUSDT,32,0,13.82566289077394,13.82566289077394,0.40625,1.1396784521474015,13.91593872,-0.8705983892260001,11565.7764,24,False,,,,,,,,,,,False,False
previously_viewed_2025_2026,cci_w_chop_h1,public,cost2,PORTFOLIO,53,0,-80.69404743583256,-80.69404743583256,0.22641509433962265,0.6214574288863873,48.235444535999996,-1.6692628998325,20052.140180000002,32,False,,,,,,,,,,,False,False
previously_viewed_2025_2026,cci_w_chop_h1,public,cost2,BTCUSDT,21,0,-68.12793070685666,-68.12793070685666,0.14285714285714285,0.3719807863456351,24.770585016,0.1581943091435,10304.51028,14,False,,,,,,,,,,,False,False
previously_viewed_2025_2026,cci_w_chop_h1,public,cost2,ETHUSDT,32,0,-12.566116728975894,-12.566116728975894,0.28125,0.8799679629390249,23.464859519999997,-1.8274572089760002,9747.6299,24,False,,,,,,,,,,,False,False
previously_viewed_2025_2026,cci_w_chop_m30,personal,cost1,PORTFOLIO,66,1,-83.82996692119652,-83.77842412119648,0.3181818181818182,0.6288560203128026,18.941271096,-0.9558558251967001,23648.689660000004,34,False,,,,,,,,,,,False,False
previously_viewed_2025_2026,cci_w_chop_m30,personal,cost1,BTCUSDT,26,0,-61.67897020738652,-61.67897020738652,0.2692307692307692,0.26012288247093157,8.136249376000002,-0.16998083138670003,10154.918160000001,18,False,,,,,,,,,,,False,False
previously_viewed_2025_2026,cci_w_chop_m30,personal,cost1,ETHUSDT,40,1,-22.150996713809995,-22.099453913809956,0.35,0.8447706321846614,10.805021720000001,-0.78587499381,13493.7715,26,False,,,,,,,,,,,False,False
previously_viewed_2025_2026,cci_w_chop_m30,personal,cost2,PORTFOLIO,66,1,-133.07466991976892,-132.41399287976895,0.2727272727272727,0.45067055215405966,33.152146296000005,-2.1192536237693003,20686.70331,34,False,,,,,,,,,,,False,False
previously_viewed_2025_2026,cci_w_chop_m30,personal,cost2,BTCUSDT,26,0,-74.05273076078637,-74.05273076078637,0.23076923076923078,0.17903745456990638,13.946871176000002,-0.5788895847863,8700.513710000001,18,False,,,,,,,,,,,False,False
previously_viewed_2025_2026,cci_w_chop_m30,personal,cost2,ETHUSDT,40,1,-59.02193915898256,-58.36126211898258,0.3,0.613102556966464,19.205275120000003,-1.540364038983,11986.189600000002,26,False,,,,,,,,,,,False,False
previously_viewed_2025_2026,cci_w_chop_m30,public,cost1,PORTFOLIO,66,1,-91.5127239850027,-91.35190978500266,0.3181818181818182,0.5980022812709145,27.770842902,-0.9379910830029001,23115.68704,34,False,,,,,,,,,,,False,False
previously_viewed_2025_2026,cci_w_chop_m30,public,cost1,BTCUSDT,26,0,-63.90442227245572,-63.90442227245572,0.2692307692307692,0.24396647678670794,11.897011242,-0.16802103045590003,9899.258440000001,18,False,,,,,,,,,,,False,False
previously_viewed_2025_2026,cci_w_chop_m30,public,cost1,ETHUSDT,40,1,-27.60830171254698,-27.447487512546942,0.35,0.8076815283224204,15.873831659999999,-0.769970052547,13216.428600000001,26,False,,,,,,,,,,,False,False
previously_viewed_2025_2026,cci_w_chop_m30,public,cost2,PORTFOLIO,65,1,-169.0563930070723,-168.2942902870723,0.24615384615384617,0.30360494865142973,45.612931548,-1.9927314590727,18959.753240000002,34,False,,,,,,,,,,,False,False
previously_viewed_2025_2026,cci_w_chop_m30,public,cost2,BTCUSDT,26,0,-76.82108754574176,-76.82108754574176,0.19230769230769232,0.160985573774378,19.921675908,-0.5607816377417,8285.518240000001,18,False,,,,,,,,,,,False,False
previously_viewed_2025_2026,cci_w_chop_m30,public,cost2,ETHUSDT,39,1,-92.23530546133054,-91.47320274133055,0.28205128205128205,0.39060062530237266,25.691255639999998,-1.431949821331,10674.235,26,False,,,,,,,,,,,False,False
previously_viewed_2025_2026,cci_w_chop_m15,personal,cost1,PORTFOLIO,109,1,-182.49051608460488,-186.76466955660484,0.3211009174311927,0.5790689518872392,39.80293073200001,-2.2332753526048,49768.861070000006,40,True,,,,,,,,,,,False,False
previously_viewed_2025_2026,cci_w_chop_m15,personal,cost1,BTCUSDT,43,0,-129.5289379175246,-129.5289379175246,0.27906976744186046,0.3294655961332529,19.046444892000004,-0.15638302552479996,23816.189970000003,24,False,,,,,,,,,,,False,False
previously_viewed_2025_2026,cci_w_chop_m15,personal,cost1,ETHUSDT,66,1,-52.96157816708027,-57.23573163908026,0.3484848484848485,0.7715336693923727,20.756485840000003,-2.07689232708,25952.6711,31,False,,,,,,,,,,,False,False
previously_viewed_2025_2026,cci_w_chop_m15,personal,cost2,PORTFOLIO,109,1,-252.6058213897892,-255.46526950498924,0.26605504587155965,0.4325297818288948,65.88823846400001,-4.6501229257894,41186.32519,40,True,,,,,,,,,,,False,False
previously_viewed_2025_2026,cci_w_chop_m15,personal,cost2,BTCUSDT,43,0,-155.09238651188437,-155.09238651188437,0.23255813953488372,0.22503634736402156,31.316950704000003,-0.8994758078844001,19577.048890000002,24,False,,,,,,,,,,,False,False
previously_viewed_2025_2026,cci_w_chop_m15,personal,cost2,ETHUSDT,66,1,-97.51343487790484,-100.37288299310484,0.2878787878787879,0.5985953254854411,34.571287760000004,-3.7506471179050003,21609.2763,31,False,,,,,,,,,,,False,False
previously_viewed_2025_2026,cci_w_chop_m15,public,cost1,PORTFOLIO,109,1,-193.49554893278724,-197.24472525758725,0.3211009174311927,0.5552082723975673,57.898499922,-2.1949990107872,48263.038830000005,40,True,,,,,,,,,,,False,False
previously_viewed_2025_2026,cci_w_chop_m15,public,cost1,BTCUSDT,43,0,-134.658378893075,-134.658378893075,0.27906976744186046,0.30743228258439004,27.671230902,-0.15819799107520008,23067.25613,24,False,,,,,,,,,,,False,False
previously_viewed_2025_2026,cci_w_chop_m15,public,cost1,ETHUSDT,66,1,-58.83717003971226,-62.58634636451225,0.3484848484848485,0.748670007023003,30.227269019999998,-2.036801019712,25195.7827,31,False,,,,,,,,,,,False,False
previously_viewed_2025_2026,cci_w_chop_m15,public,cost2,PORTFOLIO,109,1,-269.0182099445641,-271.7042161397641,0.25688073394495414,0.4010950712825644,94.122425748,-4.4843741965643,39222.911510000005,40,True,,,,,,,,,,,False,False
previously_viewed_2025_2026,cci_w_chop_m15,public,cost2,BTCUSDT,43,0,-161.3761118715913,-161.3761118715913,0.20930232558139536,0.19985946724298148,44.476383948,-0.8678179235913001,18535.66181,24,False,,,,,,,,,,,False,False
previously_viewed_2025_2026,cci_w_chop_m15,public,cost2,ETHUSDT,66,1,-107.64209807297283,-110.32810426817282,0.2878787878787879,0.5621616518996806,49.6460418,-3.6165562729730003,20687.2497,31,False,,,,,,,,,,,False,False
previously_viewed_2025_2026,cci_w_chop_m5,personal,cost1,PORTFOLIO,247,1,-370.75401149513834,-373.7459189255384,0.242914979757085,0.7119435512713476,135.17418508400002,-4.9021764111396005,168781.89938000002,46,True,,,,,,,,,,,False,False
previously_viewed_2025_2026,cci_w_chop_m5,personal,cost1,BTCUSDT,109,0,-428.87961826760716,-428.87961826760716,0.1743119266055046,0.3371823174489719,71.70155520400002,-0.6399130636086,89633.55508,26,False,,,,,,,,,,,False,False
previously_viewed_2025_2026,cci_w_chop_m5,personal,cost1,ETHUSDT,138,1,58.12560677246881,55.133699342068816,0.2971014492753623,1.0847663831064949,63.47262988000001,-4.262263347531,79148.3443,36,True,,,,,,,,,,,False,False
previously_viewed_2025_2026,cci_w_chop_m5,personal,cost2,PORTFOLIO,247,1,-533.5704823873713,-535.3576374593712,0.19838056680161945,0.5484561699758637,193.732904592,-10.0874577953719,120930.19378000002,46,True,,,,,,,,,,,False,False
previously_viewed_2025_2026,cci_w_chop_m5,personal,cost2,BTCUSDT,109,0,-464.41796764248386,-464.41796764248386,0.13761467889908258,0.22344031241938253,100.65676723200002,-2.7397804104839,62916.734580000004,26,False,,,,,,,,,,,False,False
previously_viewed_2025_2026,cci_w_chop_m5,personal,cost2,ETHUSDT,138,1,-69.15251474488737,-70.93966981688737,0.2463768115942029,0.8792661513095292,93.07613736,-7.347677384888001,58013.459200000005,36,True,,,,,,,,,,,False,False
previously_viewed_2025_2026,cci_w_chop_m5,public,cost1,PORTFOLIO,247,1,-399.76688422101375,-402.6829102514137,0.2388663967611336,0.6857201548655579,192.34975908,-4.707925141014901,160115.16576,46,True,,,,,,,,,,,False,False
previously_viewed_2025_2026,cci_w_chop_m5,public,cost1,BTCUSDT,109,0,-437.59320701222657,-437.59320701222657,0.1651376146788991,0.31870726746162203,101.99173134,-0.6363756722279,85003.27676000001,26,False,,,,,,,,,,,False,False
previously_viewed_2025_2026,cci_w_chop_m5,public,cost1,ETHUSDT,138,1,37.82632279121282,34.91029676081282,0.2971014492753623,1.0546336111719639,90.35802774,-4.071549468787,75111.88900000001,36,True,,,,,,,,,,,False,False
previously_viewed_2025_2026,cci_w_chop_m5,public,cost2,PORTFOLIO,247,1,-562.6272235995567,-564.3059774715567,0.19433198380566802,0.513584694418911,265.986695808,-9.3549077915574,110685.50820000001,46,True,,,,,,,,,,,False,False
previously_viewed_2025_2026,cci_w_chop_m5,public,cost2,BTCUSDT,109,0,-470.5168301913543,-470.5168301913543,0.13761467889908258,0.19943981504623035,137.471391168,-2.5900190233544,57286.71000000001,26,False,,,,,,,,,,,False,False
previously_viewed_2025_2026,cci_w_chop_m5,public,cost2,ETHUSDT,138,1,-92.1103934082024,-93.7891472802024,0.2391304347826087,0.8361468388342552,128.51530463999998,-6.764888768203001,53398.798200000005,36,True,,,,,,,,,,,False,False
previously_viewed_2025_2026,cci_w_chop_m3,personal,cost1,PORTFOLIO,265,1,-352.0019051617283,-355.4212279393283,0.24150943396226415,0.7476283580132145,151.327987656,-4.9508375057284,189037.45548,46,True,,,,,,,,,,,False,False
previously_viewed_2025_2026,cci_w_chop_m3,personal,cost1,BTCUSDT,112,0,-411.6854178608104,-411.6854178608104,0.19642857142857142,0.3552918426656169,73.74771185600001,-0.5251260048114,92208.58318000002,26,False,,,,,,,,,,,False,False
previously_viewed_2025_2026,cci_w_chop_m3,personal,cost1,ETHUSDT,153,1,59.68351269908208,56.264189921482085,0.27450980392156865,1.0730927933650765,77.58027580000001,-4.425711500917,96828.8723,37,True,,,,,,,,,,,False,False
previously_viewed_2025_2026,cci_w_chop_m3,personal,cost2,PORTFOLIO,265,1,-542.3534990383339,-544.1406541103339,0.19622641509433963,0.5699116389365374,212.30418966400003,-10.3965693743348,132584.44101,46,True,,,,,,,,,,,False,False
previously_viewed_2025_2026,cci_w_chop_m3,personal,cost2,BTCUSDT,112,0,-448.5036683457907,-448.5036683457907,0.14285714285714285,0.2300479186666849,101.60025622400002,-2.8830721217908004,63519.76081000001,26,False,,,,,,,,,,,False,False
previously_viewed_2025_2026,cci_w_chop_m3,personal,cost2,ETHUSDT,153,1,-93.84983069254324,-95.63698576454324,0.23529411764705882,0.859908438618573,110.70393344000001,-7.513497252544,69064.6802,37,True,,,,,,,,,,,False,False
previously_viewed_2025_2026,cci_w_chop_m3,public,cost1,PORTFOLIO,265,1,-388.7486890426299,-391.66471507302987,0.23773584905660378,0.717690894323036,214.03481727,-4.76274177263,178245.94578,46,True,,,,,,,,,,,False,False
previously_viewed_2025_2026,cci_w_chop_m3,public,cost1,BTCUSDT,112,0,-420.607188933397,-420.607188933397,0.1875,0.33410911400289156,104.59224009,-0.555118843398,87186.99668000001,26,False,,,,,,,,,,,False,False
previously_viewed_2025_2026,cci_w_chop_m3,public,cost1,ETHUSDT,153,1,31.858499890767124,28.94247386036713,0.27450980392156865,1.0382981108996499,109.44257718,-4.207622929232,91058.9491,37,True,,,,,,,,,,,False,False
previously_viewed_2025_2026,cci_w_chop_m3,public,cost2,PORTFOLIO,265,1,-577.2670457048202,-578.6100488024202,0.18867924528301888,0.5308101491551326,289.625611368,-9.591734336821101,120583.31678000001,46,True,,,,,,,,,,,False,False
previously_viewed_2025_2026,cci_w_chop_m3,public,cost2,BTCUSDT,112,0,-451.424448862175,-451.424448862175,0.13392857142857142,0.20584824451901226,137.494295808,-2.7179530541751005,57309.29518000001,26,False,,,,,,,,,,,False,False
previously_viewed_2025_2026,cci_w_chop_m3,public,cost2,ETHUSDT,153,1,-125.84259684264529,-127.1855999402453,0.22875816993464052,0.8086787031051317,152.13131556,-6.873781282646,63274.0216,37,True,,,,,,,,,,,False,False
previously_viewed_2025_2026,cci_w_chop_m1,personal,cost1,PORTFOLIO,315,1,-342.74284851516336,-401.10944835177327,0.24761904761904763,0.7517957767807942,197.04112084000002,-6.1200876751646005,246072.17707,46,True,,,,,,,,,,,False,False
previously_viewed_2025_2026,cci_w_chop_m1,personal,cost1,BTCUSDT,133,0,-451.2873987755531,-451.2873987755531,0.19548872180451127,0.38291789274997545,96.22521344000002,-0.6012453355546001,120282.99487000001,26,True,,,,,,,,,,,False,False
previously_viewed_2025_2026,cci_w_chop_m1,personal,cost1,ETHUSDT,182,1,108.5445502603897,50.17795042377981,0.2857142857142857,1.0567161094515918,100.81590740000001,-5.518842339610001,125789.18220000001,37,True,,,,,,,,,,,False,False
previously_viewed_2025_2026,cci_w_chop_m1,personal,cost2,PORTFOLIO,315,1,-598.110496455818,-623.757976563458,0.20317460317460317,0.5518694692196039,257.88956798400005,-11.8294484718181,161018.44521,46,True,,,,,,,,,,,False,False
previously_viewed_2025_2026,cci_w_chop_m1,personal,cost2,BTCUSDT,133,0,-485.02059235930676,-485.02059235930676,0.14285714285714285,0.24349418684347046,123.68466142400001,-3.3928509353071004,77311.30201000001,26,True,,,,,,,,,,,False,False
previously_viewed_2025_2026,cci_w_chop_m1,personal,cost2,ETHUSDT,182,1,-113.08990409651118,-138.73738420415117,0.24725274725274726,0.8152086811052494,134.20490656,-8.436597536511,83707.1432,37,True,,,,,,,,,,,False,False
previously_viewed_2025_2026,cci_w_chop_m1,public,cost1,PORTFOLIO,315,1,-403.013926935306,-453.5363507969659,0.23492063492063492,0.7117926408127377,274.471255872,-5.7086110633072,228521.83286000002,46,True,,,,,,,,,,,False,False
previously_viewed_2025_2026,cci_w_chop_m1,public,cost1,BTCUSDT,133,0,-459.3280137734588,-459.3280137734588,0.18045112781954886,0.3580097690538226,134.173025652,-0.6702281214602,111818.99266000002,26,True,,,,,,,,,,,False,False
previously_viewed_2025_2026,cci_w_chop_m1,public,cost1,ETHUSDT,182,1,56.31408683815275,5.791662976492847,0.27472527472527475,1.006748845747875,140.29823022,-5.038382941847,116702.8402,37,True,,,,,,,,,,,False,False
previously_viewed_2025_2026,cci_w_chop_m1,public,cost2,PORTFOLIO,315,1,-644.9500828827831,-666.0042155724831,0.1873015873015873,0.5035455396716727,345.055154616,-10.6446882667833,143633.69663000002,46,True,,,,,,,,,,,False,False
previously_viewed_2025_2026,cci_w_chop_m1,public,cost2,BTCUSDT,133,0,-483.55649921507,-483.55649921507,0.13533834586466165,0.21519257992597224,163.786523016,-3.1683361990703003,68256.06093,26,True,,,,,,,,,,,False,False
previously_viewed_2025_2026,cci_w_chop_m1,public,cost2,ETHUSDT,182,1,-161.39358366771313,-182.44771635741313,0.22527472527472528,0.7484779253435884,181.2686316,-7.476352067713,75377.6357,37,True,,,,,,,,,,,False,False
previously_viewed_2025_2026,cci_d_chop_w,personal,cost1,PORTFOLIO,17,1,-3.630903498667957,-90.43251351208778,0.11764705882352941,0.14584556722131686,13.807552468,-1.530061030668,17253.58723,7,False,,,,,,,,,,,False,False
previously_viewed_2025_2026,cci_d_chop_w,personal,cost1,BTCUSDT,6,0,-17.092129023999913,-17.092129023999913,0.3333333333333333,0.47462733516012834,5.101870708000001,-0.6677683160000001,6382.99963,2,False,,,,,,,,,,,False,False
previously_viewed_2025_2026,cci_d_chop_w,personal,cost1,ETHUSDT,11,1,13.461225525331956,-73.34038448808786,0.0,0.0,8.705681760000001,-0.862292714668,10870.5876,5,False,,,,,,,,,,,False,False
previously_viewed_2025_2026,cci_d_chop_w,personal,cost2,PORTFOLIO,17,1,-46.78777109346818,-105.20703133864815,0.058823529411764705,0.06677863853423224,21.873817672,-2.440103421468,13682.37297,7,False,,,,,,,,,,,False,False
previously_viewed_2025_2026,cci_d_chop_w,personal,cost2,BTCUSDT,6,0,-26.698260318000017,-26.698260318000017,0.16666666666666666,0.21995520179379513,7.973677112000001,-1.0652332060000003,4992.37787,2,False,,,,,,,,,,,False,False
previously_viewed_2025_2026,cci_d_chop_w,personal,cost2,ETHUSDT,11,1,-20.089510775468163,-78.50877102064814,0.0,0.0,13.900140560000002,-1.3748702154680001,8689.9951,5,False,,,,,,,,,,,False,False
previously_viewed_2025_2026,cci_d_chop_w,public,cost1,PORTFOLIO,17,1,-11.268539759637926,-92.99599012408777,0.11764705882352941,0.13322596851411217,19.987030878,-1.484838881638,16650.757400000002,7,False,,,,,,,,,,,False,False
previously_viewed_2025_2026,cci_d_chop_w,public,cost1,BTCUSDT,6,0,-18.530608345999912,-18.530608345999912,0.3333333333333333,0.4354622591179485,7.377532158000001,-0.6510061880000001,6153.1945000000005,2,False,,,,,,,,,,,False,False
previously_viewed_2025_2026,cci_d_chop_w,public,cost1,ETHUSDT,11,1,7.262068586361988,-74.46538177808785,0.0,0.0,12.60949872,-0.833832693638,10497.5629,5,False,,,,,,,,,,,False,False
previously_viewed_2025_2026,cci_d_chop_w,public,cost2,PORTFOLIO,17,1,-55.37223578138816,-107.30576308264814,0.058823529411764705,0.054118030489022376,30.457804164,-2.275761617388,12702.071070000002,7,False,,,,,,,,,,,False,False
previously_viewed_2025_2026,cci_d_chop_w,public,cost2,BTCUSDT,6,0,-28.810019062000013,-28.810019062000013,0.16666666666666666,0.17566601274498733,11.214432444000002,-1.0054166180000002,4680.975270000001,2,False,,,,,,,,,,,False,False
previously_viewed_2025_2026,cci_d_chop_w,public,cost2,ETHUSDT,11,1,-26.562216719388154,-78.49574402064813,0.0,0.0,19.24337172,-1.270344999388,8021.0958,5,False,,,,,,,,,,,False,False
previously_viewed_2025_2026,cci_d_chop_d,personal,cost1,PORTFOLIO,71,0,162.19280680329794,162.19280680329794,0.352112676056338,1.4711504184877167,43.197293472000005,-4.9222997247021,53949.724890000005,19,False,,,,,,,,,,,False,False
previously_viewed_2025_2026,cci_d_chop_d,personal,cost1,BTCUSDT,25,0,-13.187627188476844,-13.187627188476844,0.4,0.8783230384725986,17.770978352000004,-2.2312488364771,22218.628790000002,11,False,,,,,,,,,,,False,False
previously_viewed_2025_2026,cci_d_chop_d,personal,cost1,ETHUSDT,46,0,175.3804339917748,175.3804339917748,0.32608695652173914,1.7435590674144839,25.42631512,-2.691050888225,31731.096100000002,14,False,,,,,,,,,,,False,False
previously_viewed_2025_2026,cci_d_chop_d,personal,cost2,PORTFOLIO,71,0,24.578603905769803,24.578603905769803,0.30985915492957744,1.069022137108356,69.14142756800001,-8.376368526230001,43178.41606,19,False,,,,,,,,,,,False,False
previously_viewed_2025_2026,cci_d_chop_d,personal,cost2,BTCUSDT,25,0,-54.651877697736005,-54.651877697736005,0.28,0.520468499297933,27.803689488000003,-3.7033882097360005,17385.632660000003,11,False,,,,,,,,,,,False,False
previously_viewed_2025_2026,cci_d_chop_d,personal,cost2,ETHUSDT,46,0,79.23048160350581,79.23048160350581,0.32608695652173914,1.327225487729209,41.33773808,-4.672980316494001,25792.7834,14,False,,,,,,,,,,,False,False
previously_viewed_2025_2026,cci_d_chop_d,public,cost1,PORTFOLIO,71,0,128.98358385006227,128.98358385006227,0.352112676056338,1.3702862986533377,62.668963164,-4.751012985937701,52177.8738,19,False,,,,,,,,,,,False,False
previously_viewed_2025_2026,cci_d_chop_d,public,cost1,BTCUSDT,25,0,-20.398098551900443,-20.398098551900443,0.4,0.8134260133728426,25.703784264,-2.1587742879007004,21424.5322,11,False,,,,,,,,,,,False,False
previously_viewed_2025_2026,cci_d_chop_d,public,cost1,ETHUSDT,46,0,149.3816824019627,149.3816824019627,0.32608695652173914,1.6250150517496265,36.9651789,-2.5922386980370002,30753.3416,14,False,,,,,,,,,,,False,False
previously_viewed_2025_2026,cci_d_chop_d,public,cost2,PORTFOLIO,71,0,-7.51848528230177,-7.51848528230177,0.29577464788732394,0.9788655749777603,96.37244196,-7.798483322301601,40124.421120000006,19,False,,,,,,,,,,,False,False
previously_viewed_2025_2026,cci_d_chop_d,public,cost2,BTCUSDT,25,0,-63.304771745929614,-63.304771745929614,0.28,0.4510127461583195,38.5951806,-3.4108311459296003,16089.129520000002,11,False,,,,,,,,,,,False,False
previously_viewed_2025_2026,cci_d_chop_d,public,cost2,ETHUSDT,46,0,55.786286463627846,55.786286463627846,0.30434782608695654,1.2320232890594343,57.77726136,-4.387652176372001,24035.2916,14,False,,,,,,,,,,,False,False
previously_viewed_2025_2026,cci_d_chop_h12,personal,cost1,PORTFOLIO,87,0,374.77294323844427,374.77294323844427,0.367816091954023,1.9553434024176342,50.96109407200001,-4.9551426895557,63752.21474,26,False,,,,,,,,,,,False,False
previously_viewed_2025_2026,cci_d_chop_h12,personal,cost1,BTCUSDT,34,0,116.95643867648236,116.95643867648236,0.35294117647058826,1.7464445993018283,23.839453912000003,-2.2686874115177003,29940.028740000005,14,False,,,,,,,,,,,False,False
previously_viewed_2025_2026,cci_d_chop_h12,personal,cost1,ETHUSDT,53,0,257.8165045619619,257.8165045619619,0.37735849056603776,2.0942666600086692,27.121640160000002,-2.686455278038,33812.186,20,False,,,,,,,,,,,False,False
previously_viewed_2025_2026,cci_d_chop_h12,personal,cost2,PORTFOLIO,87,0,101.21475007595785,101.21475007595785,0.3218390804597701,1.2515320989347438,80.200133272,-9.0196266520419,50124.600560000006,26,False,,,,,,,,,,,False,False
previously_viewed_2025_2026,cci_d_chop_h12,personal,cost2,BTCUSDT,34,0,-39.50188869679007,-39.50188869679007,0.23529411764705882,0.7578941956501134,36.484478472000006,-4.1484202247899,22885.34196,14,False,,,,,,,,,,,False,False
previously_viewed_2025_2026,cci_d_chop_h12,personal,cost2,ETHUSDT,53,0,140.71663877274793,140.71663877274793,0.37735849056603776,1.588198213284439,43.7156548,-4.871206427252,27239.2586,20,False,,,,,,,,,,,False,False
previously_viewed_2025_2026,cci_d_chop_h12,public,cost1,PORTFOLIO,87,0,335.89739296047253,335.89739296047253,0.367816091954023,1.8473565357727766,73.945179318,-4.8060777215275,61667.5921,26,False,,,,,,,,,,,False,False
previously_viewed_2025_2026,cci_d_chop_h12,public,cost1,BTCUSDT,34,0,98.79976791946261,98.79976791946261,0.35294117647058826,1.6232427581487645,34.456597458000005,-2.1843846225375003,28847.963400000004,14,False,,,,,,,,,,,False,False
previously_viewed_2025_2026,cci_d_chop_h12,public,cost1,ETHUSDT,53,0,237.0976250410099,237.0976250410099,0.37735849056603776,1.9967073913087763,39.48858186,-2.6216930989900002,32819.6287,20,False,,,,,,,,,,,False,False
previously_viewed_2025_2026,cci_d_chop_h12,public,cost2,PORTFOLIO,87,0,115.73232172891419,115.73232172891419,0.2988505747126437,1.2837942154959974,114.30255948,-8.4676587910857,47656.224480000004,26,False,,,,,,,,,,,False,False
previously_viewed_2025_2026,cci_d_chop_h12,public,cost2,BTCUSDT,34,0,4.6382960391302435,4.6382960391302435,0.20588235294117646,1.027632527943888,52.26027456,-3.8248694008697,21882.42778,14,False,,,,,,,,,,,False,False
previously_viewed_2025_2026,cci_d_chop_h12,public,cost2,ETHUSDT,53,0,111.09402568978395,111.09402568978395,0.3584905660377358,1.4629934595835707,62.04228492,-4.6427893902160005,25773.796700000003,20,False,,,,,,,,,,,False,False
previously_viewed_2025_2026,cci_d_chop_h6,personal,cost1,PORTFOLIO,61,1,374.6442818901656,287.8426718767457,0.3770491803278688,2.0847025429594717,35.610592508,-3.3515156018348002,44634.40615,30,False,,,,,,,,,,,False,False
previously_viewed_2025_2026,cci_d_chop_h6,personal,cost1,BTCUSDT,19,0,8.852089968729564,8.852089968729564,0.3684210526315789,1.1017721147630009,12.362433988000001,-1.4753660432708002,15453.807750000002,10,False,,,,,,,,,,,False,False
previously_viewed_2025_2026,cci_d_chop_h6,personal,cost1,ETHUSDT,42,1,365.79219192143603,278.99058190801617,0.38095238095238093,2.563971168752757,23.248158520000004,-1.876149558564,29180.598400000003,23,False,,,,,,,,,,,False,False
previously_viewed_2025_2026,cci_d_chop_h6,personal,cost2,PORTFOLIO,61,1,199.11664542365168,126.44878511867172,0.32786885245901637,1.4531761690345872,58.09333400800001,-6.2431705683483,36406.67297,30,False,,,,,,,,,,,False,False
previously_viewed_2025_2026,cci_d_chop_h6,personal,cost2,BTCUSDT,19,0,-22.760551186489373,-22.760551186489373,0.21052631578947367,0.7513253581110608,19.436442168000003,-2.5072590184892998,12150.155170000002,10,False,,,,,,,,,,,False,False
previously_viewed_2025_2026,cci_d_chop_h6,personal,cost2,ETHUSDT,42,1,221.87719661014106,149.2093363051611,0.38095238095238093,1.7957812279054393,38.65689184000001,-3.7359115498590003,24256.5178,23,False,,,,,,,,,,,False,False
previously_viewed_2025_2026,cci_d_chop_h6,public,cost1,PORTFOLIO,61,1,342.15037571939047,255.96506442597067,0.36065573770491804,1.9538222239597258,51.865697556,-3.2603867246099,43333.80302,30,False,,,,,,,,,,,False,False
previously_viewed_2025_2026,cci_d_chop_h6,public,cost1,BTCUSDT,19,0,3.306521169191462,3.306521169191462,0.3157894736842105,1.0377160213124879,17.949094956,-1.4274438748089002,14958.413620000001,10,False,,,,,,,,,,,False,False
previously_viewed_2025_2026,cci_d_chop_h6,public,cost1,ETHUSDT,42,1,338.843854550199,252.65854325677918,0.38095238095238093,2.3983113691484923,33.9166026,-1.832942849801,28375.3894,23,False,,,,,,,,,,,False,False
previously_viewed_2025_2026,cci_d_chop_h6,public,cost2,PORTFOLIO,61,1,151.80328709077642,88.64088902167643,0.29508196721311475,1.318621376324004,80.558563632,-5.7156292772236,33658.27773,30,False,,,,,,,,,,,False,False
previously_viewed_2025_2026,cci_d_chop_h6,public,cost2,BTCUSDT,19,0,-29.329577599989673,-29.329577599989673,0.15789473684210525,0.6843083809857816,27.178644432,-2.3322131679896003,11326.99503,10,False,,,,,,,,,,,False,False
previously_viewed_2025_2026,cci_d_chop_h6,public,cost2,ETHUSDT,42,1,181.13286469076607,117.9704666216661,0.35714285714285715,1.6366611227948684,53.379919199999996,-3.383416109234,22331.2827,23,False,,,,,,,,,,,False,False
previously_viewed_2025_2026,cci_d_chop_h4,personal,cost1,PORTFOLIO,53,1,144.8854063681249,58.083796354705086,0.37735849056603776,1.2700049165967413,27.819899576000005,-2.9178740558755,34726.19199,29,False,,,,,,,,,,,False,False
previously_viewed_2025_2026,cci_d_chop_h4,personal,cost1,BTCUSDT,13,0,-5.3029694781492305,-5.3029694781492305,0.38461538461538464,0.8775396483120171,6.032866016000002,-0.8921834621495001,7542.3067900000015,7,False,,,,,,,,,,,False,False
previously_viewed_2025_2026,cci_d_chop_h4,personal,cost1,ETHUSDT,40,1,150.18837584627414,63.38676583285432,0.375,1.3689187363875126,21.78703356,-2.025690593726,27183.8852,25,False,,,,,,,,,,,False,False
previously_viewed_2025_2026,cci_d_chop_h4,personal,cost2,PORTFOLIO,53,1,43.170297550785065,-20.94840271831491,0.33962264150943394,0.9084701684813936,45.524624472000006,-5.075567977215,28424.8113,29,False,,,,,,,,,,,False,False
previously_viewed_2025_2026,cci_d_chop_h4,personal,cost2,BTCUSDT,13,0,-20.277613100917993,-20.277613100917993,0.3076923076923077,0.5740452675691852,9.843651352000002,-1.5226517489180003,6156.849800000001,7,False,,,,,,,,,,,False,False
previously_viewed_2025_2026,cci_d_chop_h4,personal,cost2,ETHUSDT,40,1,63.44791065170306,-0.6707896173969156,0.35,0.9962993895468956,35.680973120000004,-3.552916228297,22267.9615,25,False,,,,,,,,,,,False,False
previously_viewed_2025_2026,cci_d_chop_h4,public,cost1,PORTFOLIO,53,1,131.68979121111713,45.5044799176973,0.3584905660377358,1.2083065081915,40.782425748,-2.8718430408833,33938.12849,29,False,,,,,,,,,,,False,False
previously_viewed_2025_2026,cci_d_chop_h4,public,cost1,BTCUSDT,13,0,-7.145023288556035,-7.145023288556035,0.3076923076923077,0.83763533597368,8.881270428,-0.8742128605563001,7402.601490000001,7,False,,,,,,,,,,,False,False
previously_viewed_2025_2026,cci_d_chop_h4,public,cost1,ETHUSDT,40,1,138.83481449967317,52.649503206253335,0.375,1.3018138869508988,31.901155319999997,-1.997630180327,26535.527000000002,25,False,,,,,,,,,,,False,False
previously_viewed_2025_2026,cci_d_chop_h4,public,cost2,PORTFOLIO,53,1,19.005021215060655,-37.13933262413933,0.32075471698113206,0.8392126710136977,63.606463884,-4.7210249009394,26479.05626,29,False,,,,,,,,,,,False,False
previously_viewed_2025_2026,cci_d_chop_h4,public,cost2,BTCUSDT,13,0,-23.09637185531039,-23.09637185531039,0.23076923076923078,0.5262104175439112,13.940760084,-1.4234217713104,5813.764760000001,7,False,,,,,,,,,,,False,False
previously_viewed_2025_2026,cci_d_chop_h4,public,cost2,ETHUSDT,40,1,42.101393070371046,-14.042960768828936,0.35,0.9229408135873763,49.665703799999996,-3.297603129629,20665.2915,25,False,,,,,,,,,,,False,False
previously_viewed_2025_2026,cci_d_chop_h1,personal,cost1,PORTFOLIO,39,0,49.84792909436227,49.84792909436227,0.5128205128205128,1.4344924233437848,12.545305940000002,-0.9307749656380001,15680.66029,25,False,,,,,,,,,,,False,False
previously_viewed_2025_2026,cci_d_chop_h1,personal,cost1,BTCUSDT,14,0,-11.33699379460976,-11.33699379460976,0.35714285714285715,0.8187355129084088,5.305265020000001,-0.1404387746100001,6625.370890000001,9,False,,,,,,,,,,,False,False
previously_viewed_2025_2026,cci_d_chop_h1,personal,cost1,ETHUSDT,25,0,61.184922888972025,61.184922888972025,0.6,2.172509587916128,7.24004092,-0.790336191028,9055.2894,19,False,,,,,,,,,,,False,False
previously_viewed_2025_2026,cci_d_chop_h1,personal,cost2,PORTFOLIO,39,0,15.681652658006513,15.681652658006513,0.46153846153846156,1.1286129994802236,21.512859328000005,-2.0511080139935003,13443.533360000001,25,False,,,,,,,,,,,False,False
previously_viewed_2025_2026,cci_d_chop_h1,personal,cost2,BTCUSDT,14,0,-20.652995079115637,-20.652995079115637,0.35714285714285715,0.6785770570485975,8.978746928000001,-0.4737681511155001,5605.989460000001,9,False,,,,,,,,,,,False,False
previously_viewed_2025_2026,cci_d_chop_h1,personal,cost2,ETHUSDT,25,0,36.334647737122154,36.334647737122154,0.52,1.6299994025044757,12.534112400000001,-1.577339862878,7837.543900000001,19,False,,,,,,,,,,,False,False
previously_viewed_2025_2026,cci_d_chop_h1,public,cost1,PORTFOLIO,39,0,46.23992261639047,46.23992261639047,0.5128205128205128,1.401633256819209,18.316090722,-0.9117166616098001,15263.563510000002,25,False,,,,,,,,,,,False,False
previously_viewed_2025_2026,cci_d_chop_h1,public,cost1,BTCUSDT,14,0,-12.561006284913564,-12.561006284913564,0.35714285714285715,0.799880244997717,7.731500142000001,-0.13613614291380005,6437.428610000001,9,False,,,,,,,,,,,False,False
previously_viewed_2025_2026,cci_d_chop_h1,public,cost1,ETHUSDT,25,0,58.80092890130403,58.80092890130403,0.6,2.1229637574797753,10.584590579999999,-0.7755805186960001,8826.134900000001,19,False,,,,,,,,,,,False,False
previously_viewed_2025_2026,cci_d_chop_h1,public,cost2,PORTFOLIO,39,0,7.202957649970625,7.202957649970625,0.4358974358974359,1.0583151724792699,30.885858587999998,-2.0008937620294,12867.696750000001,25,False,,,,,,,,,,,False,False
previously_viewed_2025_2026,cci_d_chop_h1,public,cost2,BTCUSDT,14,0,-23.047995439445522,-23.047995439445522,0.2857142857142857,0.6411792846023338,12.841539828,-0.4580656114454,5345.744350000001,9,False,,,,,,,,,,,False,False
previously_viewed_2025_2026,cci_d_chop_h1,public,cost2,ETHUSDT,25,0,30.250953089416146,30.250953089416146,0.52,1.5102622714319849,18.04431876,-1.542828150584,7521.9524,19,False,,,,,,,,,,,False,False
previously_viewed_2025_2026,cci_d_chop_m30,personal,cost1,PORTFOLIO,42,1,53.330089696183336,53.39194105618338,0.30952380952380953,1.3549775875048569,11.833172048000002,-0.5621182558170001,14838.27691,25,False,,,,,,,,,,,False,False
previously_viewed_2025_2026,cci_d_chop_m30,personal,cost1,BTCUSDT,14,0,30.222467904260185,30.222467904260185,0.35714285714285715,1.566833758009128,5.016886608000001,-0.13482548774000003,6306.100310000001,12,False,,,,,,,,,,,False,False
previously_viewed_2025_2026,cci_d_chop_m30,personal,cost1,ETHUSDT,28,1,23.107621791923147,23.169473151923196,0.2857142857142857,1.2386359725199325,6.816285440000001,-0.42729276807700006,8532.1766,20,False,,,,,,,,,,,False,False
previously_viewed_2025_2026,cci_d_chop_m30,personal,cost2,PORTFOLIO,42,1,18.097074667506458,18.831160267506437,0.30952380952380953,1.1187232263832103,21.122287104,-1.5108582284938001,13240.211990000002,25,False,,,,,,,,,,,False,False
previously_viewed_2025_2026,cci_d_chop_m30,personal,cost2,BTCUSDT,14,0,13.359962098351112,13.359962098351112,0.35714285714285715,1.2363418052286659,8.671759664000001,-0.5605982376488,5450.54549,12,False,,,,,,,,,,,False,False
previously_viewed_2025_2026,cci_d_chop_m30,personal,cost2,ETHUSDT,28,1,4.737112569155347,5.471198169155327,0.2857142857142857,1.0535941074896555,12.450527440000002,-0.9502599908450001,7789.6665,20,False,,,,,,,,,,,False,False
previously_viewed_2025_2026,cci_d_chop_m30,public,cost1,PORTFOLIO,42,1,47.26202902398745,47.43892464398749,0.30952380952380953,1.3132545632205994,17.425665996,-0.5567449800129002,14566.95965,25,False,,,,,,,,,,,False,False
previously_viewed_2025_2026,cci_d_chop_m30,public,cost1,BTCUSDT,14,0,26.64008750124829,26.64008750124829,0.35714285714285715,1.4934082747149855,7.399520916,-0.13523158275190017,6199.98825,12,False,,,,,,,,,,,False,False
previously_viewed_2025_2026,cci_d_chop_m30,public,cost1,ETHUSDT,28,1,20.62194152273916,20.798837142739202,0.2857142857142857,1.2134376072477508,10.02614508,-0.42151339726100007,8366.9714,20,False,,,,,,,,,,,False,False
previously_viewed_2025_2026,cci_d_chop_m30,public,cost2,PORTFOLIO,42,1,5.037897627361567,5.990526027361547,0.2619047619047619,1.0369253292807428,30.601087919999998,-1.4852544526387002,12786.081030000001,25,False,,,,,,,,,,,False,False
previously_viewed_2025_2026,cci_d_chop_m30,public,cost2,BTCUSDT,14,0,8.291964837705217,8.291964837705217,0.21428571428571427,1.1453873089471627,12.36733188,-0.5410432822947,5182.251130000001,12,False,,,,,,,,,,,False,False
previously_viewed_2025_2026,cci_d_chop_m30,public,cost2,ETHUSDT,28,1,-3.254067210343649,-2.3014388103436696,0.2857142857142857,0.9781231833209232,18.23375604,-0.944211170344,7603.829900000001,20,False,,,,,,,,,,,False,False
previously_viewed_2025_2026,cci_d_chop_m15,personal,cost1,PORTFOLIO,67,1,22.83790285545734,17.708918689057356,0.26865671641791045,1.0644228980362977,19.615744824000004,-1.2749723205428,24578.674990000003,35,False,,,,,,,,,,,False,False
previously_viewed_2025_2026,cci_d_chop_m15,personal,cost1,BTCUSDT,22,0,19.053506098374246,19.053506098374246,0.2727272727272727,1.194650981547481,8.462588064000002,-0.4090258376258,10620.113290000001,17,False,,,,,,,,,,,False,False
previously_viewed_2025_2026,cci_d_chop_m15,personal,cost1,ETHUSDT,45,1,3.784396757083097,-1.3445874093168875,0.26666666666666666,0.9924034602959927,11.153156760000002,-0.865946482917,13958.5617,26,False,,,,,,,,,,,False,False
previously_viewed_2025_2026,cci_d_chop_m15,personal,cost2,PORTFOLIO,67,1,-33.79304669636236,-37.724787854762354,0.2537313432835821,0.8659717378083219,33.894442016000006,-2.9783446803625,21232.491820000003,35,False,,,,,,,,,,,False,False
previously_viewed_2025_2026,cci_d_chop_m15,personal,cost2,BTCUSDT,22,0,-8.176436679473689,-8.176436679473689,0.22727272727272727,0.9194543990184053,14.484352416000002,-1.1276242634735,9089.175120000002,17,False,,,,,,,,,,,False,False
previously_viewed_2025_2026,cci_d_chop_m15,personal,cost2,ETHUSDT,45,1,-25.61661001688867,-29.54835117528867,0.26666666666666666,0.8358021416543551,19.410089600000003,-1.8507204168890001,12143.316700000001,26,False,,,,,,,,,,,False,False
previously_viewed_2025_2026,cci_d_chop_m15,public,cost1,PORTFOLIO,67,1,15.60617887184673,10.607277105446745,0.26865671641791045,1.0384215283069334,28.778504771999998,-1.2547763561534,24039.254530000002,35,False,,,,,,,,,,,False,False
previously_viewed_2025_2026,cci_d_chop_m15,public,cost1,BTCUSDT,22,0,14.005590339386643,14.005590339386643,0.2727272727272727,1.1426476560589391,12.330203892,-0.3978657686134,10315.61793,17,False,,,,,,,,,,,False,False
previously_viewed_2025_2026,cci_d_chop_m15,public,cost1,ETHUSDT,45,1,1.6005885324600877,-3.3983132339398967,0.26666666666666666,0.9808969002298069,16.448300879999998,-0.85691058754,13723.6366,26,False,,,,,,,,,,,False,False
previously_viewed_2025_2026,cci_d_chop_m15,public,cost2,PORTFOLIO,67,1,-47.54794061333879,-50.905448357338784,0.22388059701492538,0.8207550376317887,48.813539868,-2.8833707453389,20385.4048,35,False,,,,,,,,,,,False,False
previously_viewed_2025_2026,cci_d_chop_m15,public,cost2,BTCUSDT,22,0,-15.739500068316083,-15.739500068316083,0.13636363636363635,0.8468855846932171,20.781393588,-1.0903764803159002,8693.043800000001,17,False,,,,,,,,,,,False,False
previously_viewed_2025_2026,cci_d_chop_m15,public,cost2,ETHUSDT,45,1,-31.808440545022705,-35.1659482890227,0.26666666666666666,0.8059313443676251,28.03214628,-1.7929942650230002,11692.361,26,False,,,,,,,,,,,False,False
previously_viewed_2025_2026,cci_d_chop_m5,personal,cost1,PORTFOLIO,152,1,12.278324360126588,7.149340193726603,0.29605263157894735,1.0088909197472713,80.47439874800001,-3.7441268918739006,100595.40207000001,46,True,,,,,,,,,,,False,False
previously_viewed_2025_2026,cci_d_chop_m5,personal,cost1,BTCUSDT,64,0,-166.45496494788148,-166.45496494788148,0.28125,0.5591514681489157,40.44170414800001,-1.9754107998819004,50594.58427000001,26,False,,,,,,,,,,,False,False
previously_viewed_2025_2026,cci_d_chop_m5,personal,cost1,ETHUSDT,88,1,178.73328930800807,173.60430514160808,0.3068181818181818,1.407007381234244,40.032694600000006,-1.7687160919920002,50000.817800000004,35,False,,,,,,,,,,,False,False
previously_viewed_2025_2026,cci_d_chop_m5,personal,cost2,PORTFOLIO,151,1,-172.47668424261843,-175.69356337221845,0.2185430463576159,0.7707702731392856,120.99342427200001,-8.099659970618701,75607.95506000001,46,True,,,,,,,,,,,False,False
previously_viewed_2025_2026,cci_d_chop_m5,personal,cost2,BTCUSDT,63,0,-218.5222667717449,-218.5222667717449,0.20634920634920634,0.3938199082453915,60.14521027200001,-4.0849564997447,37628.175460000006,26,False,,,,,,,,,,,False,False
previously_viewed_2025_2026,cci_d_chop_m5,personal,cost2,ETHUSDT,88,1,46.045582529126456,42.82870339952646,0.22727272727272727,1.105499487209592,60.848214000000006,-4.014703470874,37979.7796,35,False,,,,,,,,,,,False,False
previously_viewed_2025_2026,cci_d_chop_m5,public,cost1,PORTFOLIO,152,1,-27.338070343424803,-31.92039696262479,0.28289473684210525,0.9600088512006602,115.528362024,-3.6232483194253002,96271.84541000001,46,True,,,,,,,,,,,False,False
previously_viewed_2025_2026,cci_d_chop_m5,public,cost1,BTCUSDT,64,0,-180.5729153285209,-180.5729153285209,0.265625,0.5209450722761343,58.087398204,-1.9167571245213,48446.641910000006,26,False,,,,,,,,,,,False,False
previously_viewed_2025_2026,cci_d_chop_m5,public,cost1,ETHUSDT,88,1,153.2348449850961,148.6525183658961,0.29545454545454547,1.3528836261283874,57.44096381999999,-1.7064911949040003,47825.2035,35,False,,,,,,,,,,,False,False
previously_viewed_2025_2026,cci_d_chop_m5,public,cost2,PORTFOLIO,152,1,-218.778373598264,-221.46437979346402,0.21710526315789475,0.7112722409308957,170.128931496,-7.617622102264201,70868.54979,46,True,,,,,,,,,,,False,False
previously_viewed_2025_2026,cci_d_chop_m5,public,cost2,BTCUSDT,64,0,-239.52711569418145,-239.52711569418145,0.203125,0.3486270927708961,85.433312736,-3.8390829581812,35629.00639,26,False,,,,,,,,,,,False,False
previously_viewed_2025_2026,cci_d_chop_m5,public,cost2,ETHUSDT,88,1,20.748742095917425,18.062735900717428,0.22727272727272727,1.0452350135333552,84.69561876,-3.778539144083,35239.5434,35,False,,,,,,,,,,,False,False
previously_viewed_2025_2026,cci_d_chop_m3,personal,cost1,PORTFOLIO,158,1,68.46901505530374,62.912615541703765,0.3037974683544304,1.0758882110958161,91.22468378800001,-3.7750311566966004,114088.88272000001,50,True,,,,,,,,,,,False,False
previously_viewed_2025_2026,cci_d_chop_m3,personal,cost1,BTCUSDT,63,0,-114.37870244781939,-114.37870244781939,0.30158730158730157,0.6588949926565679,41.626334228000005,-1.9919982198196002,52113.331620000004,26,False,,,,,,,,,,,False,False
previously_viewed_2025_2026,cci_d_chop_m3,personal,cost1,ETHUSDT,95,1,182.84771750312314,177.29131798952315,0.30526315789473685,1.3591082456684676,49.59834956,-1.7830329368770002,61975.551100000004,37,False,,,,,,,,,,,False,False
previously_viewed_2025_2026,cci_d_chop_m3,personal,cost2,PORTFOLIO,158,1,-151.75368646604076,-154.97056559564075,0.21518987341772153,0.8062848601152903,136.305590896,-8.502855570041001,85220.86467000001,50,True,,,,,,,,,,,False,False
previously_viewed_2025_2026,cci_d_chop_m3,personal,cost2,BTCUSDT,63,0,-185.85244484957508,-185.85244484957508,0.20634920634920634,0.43891292133912674,62.38085097600001,-4.1222538735750005,39054.94107,26,False,,,,,,,,,,,False,False
previously_viewed_2025_2026,cci_d_chop_m3,personal,cost2,ETHUSDT,95,1,34.0987583835343,30.881879253934304,0.22105263157894736,1.065880548079652,73.92473992000001,-4.380601696466,46165.9236,37,False,,,,,,,,,,,False,False
previously_viewed_2025_2026,cci_d_chop_m3,public,cost1,PORTFOLIO,158,1,18.397705520166063,13.398803753766078,0.2911392405063291,1.0162244833267116,130.371921,-3.6371934798343006,108697.95580000001,50,True,,,,,,,,,,,False,False
previously_viewed_2025_2026,cci_d_chop_m3,public,cost1,BTCUSDT,63,0,-131.76190719320607,-131.76190719320607,0.2857142857142857,0.6075756380743225,59.59934556,-1.9185816332063002,49742.97320000001,26,False,,,,,,,,,,,False,False
previously_viewed_2025_2026,cci_d_chop_m3,public,cost1,ETHUSDT,95,1,150.15961271337216,145.16071094697216,0.29473684210526313,1.296201183067962,70.77257544,-1.7186118466280003,58954.9826,37,False,,,,,,,,,,,False,False
previously_viewed_2025_2026,cci_d_chop_m3,public,cost2,PORTFOLIO,158,1,-201.12026909098577,-203.80627528618575,0.2088607594936709,0.7423026825562161,187.927704576,-7.885044514986,78328.88813,50,True,,,,,,,,,,,False,False
previously_viewed_2025_2026,cci_d_chop_m3,public,cost2,BTCUSDT,63,0,-199.71274473555906,-199.71274473555906,0.19047619047619047,0.39415154360610577,86.107661856,-3.8337628795590004,35940.600430000006,26,False,,,,,,,,,,,False,False
previously_viewed_2025_2026,cci_d_chop_m3,public,cost2,ETHUSDT,95,1,-1.4075243554267058,-4.093530550626704,0.22105263157894736,0.991124814325573,101.82004271999999,-4.051281635427,42388.2877,37,False,,,,,,,,,,,False,False
previously_viewed_2025_2026,cci_d_chop_m1,personal,cost1,PORTFOLIO,208,1,-77.18998363396598,-158.00527571542582,0.2644230769230769,0.8498361418426124,120.98334728400002,-4.0843063499658,151192.56161,56,True,,,,,,,,,,,False,False
previously_viewed_2025_2026,cci_d_chop_m1,personal,cost1,BTCUSDT,81,0,-155.17900152539187,-155.17900152539187,0.2839506172839506,0.6089990424331385,54.09817064400001,-2.3323008813918005,67686.47591000001,28,False,,,,,,,,,,,False,False
previously_viewed_2025_2026,cci_d_chop_m1,personal,cost1,ETHUSDT,127,1,77.98901789142589,-2.8262741900339683,0.25196850393700787,0.9956873346686432,66.88517664000001,-1.7520054685740003,83506.08570000001,43,True,,,,,,,,,,,False,False
previously_viewed_2025_2026,cci_d_chop_m1,personal,cost2,PORTFOLIO,208,1,-322.96295414337175,-364.2838943167917,0.21634615384615385,0.630057054107762,172.98304724000002,-8.757996903372101,108080.58953000001,56,True,,,,,,,,,,,False,False
previously_viewed_2025_2026,cci_d_chop_m1,personal,cost2,BTCUSDT,81,0,-231.21142937662322,-231.21142937662322,0.20987654320987653,0.39626596567570965,77.35638100000001,-4.4891383766231,48402.39993000001,28,False,,,,,,,,,,,False,False
previously_viewed_2025_2026,cci_d_chop_m1,personal,cost2,ETHUSDT,127,1,-91.75152476674855,-133.07246494016852,0.2204724409448819,0.7788516369005535,95.62666624,-4.268858526749001,59678.189600000005,43,True,,,,,,,,,,,False,False
previously_viewed_2025_2026,cci_d_chop_m1,public,cost1,PORTFOLIO,208,1,-133.89712537838363,-205.2229002419035,0.2548076923076923,0.8025060998685275,171.188853714,-3.8350416643834,142626.86606,56,True,,,,,,,,,,,False,False
previously_viewed_2025_2026,cci_d_chop_m1,public,cost1,BTCUSDT,81,0,-171.88875467223846,-171.88875467223846,0.2716049382716049,0.5643209700775252,76.614289734,-2.2035349382384,63905.635760000005,28,False,,,,,,,,,,,False,False
previously_viewed_2025_2026,cci_d_chop_m1,public,cost1,ETHUSDT,127,1,37.99162929385482,-33.33414556966503,0.2440944881889764,0.9482874597277691,94.57456398,-1.631506726145,78721.23030000001,43,True,,,,,,,,,,,False,False
previously_viewed_2025_2026,cci_d_chop_m1,public,cost2,PORTFOLIO,208,1,-376.1069547227884,-411.19717587228837,0.20192307692307693,0.5743654234936256,236.373531888,-8.048782834788701,98456.44404,56,True,,,,,,,,,,,False,False
previously_viewed_2025_2026,cci_d_chop_m1,public,cost2,BTCUSDT,81,0,-244.7077761797868,-244.7077761797868,0.19753086419753085,0.3532379951473359,105.551207448,-4.1566287317867,44031.20564000001,28,False,,,,,,,,,,,False,False
previously_viewed_2025_2026,cci_d_chop_m1,public,cost2,ETHUSDT,127,1,-131.39917854300157,-166.48939969250156,0.2047244094488189,0.7167208245459571,130.82232444,-3.8921541030020004,54425.2384,43,True,,,,,,,,,,,False,False
previously_viewed_2025_2026,cci_h12_chop_w,personal,cost1,PORTFOLIO,15,1,70.26953065778197,-16.532079355637848,0.2,0.7679168444706012,11.703197432000001,-2.161771910218,14586.929540000001,8,False,,,,,,,,,,,False,False
previously_viewed_2025_2026,cci_h12_chop_w,personal,cost1,BTCUSDT,4,0,14.986044446000111,14.986044446000111,0.25,2.8406829765907564,2.9345853920000007,-0.9449701620000002,3658.79894,3,False,,,,,,,,,,,False,False
previously_viewed_2025_2026,cci_h12_chop_w,personal,cost1,ETHUSDT,11,1,55.28348621178186,-31.51812380163796,0.18181818181818182,0.5004407513421476,8.76861204,-1.216801748218,10928.1306,5,False,,,,,,,,,,,False,False
previously_viewed_2025_2026,cci_h12_chop_w,personal,cost2,PORTFOLIO,15,1,20.621842413411866,-42.071997849708104,0.13333333333333333,0.488449643278356,19.158423632,-3.5463139545880003,11952.351480000001,8,False,,,,,,,,,,,False,False
previously_viewed_2025_2026,cci_h12_chop_w,personal,cost2,BTCUSDT,4,0,4.482107092000016,4.482107092000016,0.25,1.3512780816890024,4.719137232000001,-1.522735676,2944.0987800000003,3,False,,,,,,,,,,,False,False
previously_viewed_2025_2026,cci_h12_chop_w,personal,cost2,ETHUSDT,11,1,16.139735321411848,-46.55410494170812,0.09090909090909091,0.33000899139761947,14.439286400000002,-2.0235782785880003,9008.252700000001,5,False,,,,,,,,,,,False,False
previously_viewed_2025_2026,cci_h12_chop_w,public,cost1,PORTFOLIO,15,1,64.25376301533198,-21.93154827808784,0.2,0.7025738238691336,17.164963764,-2.109733220668,14262.37224,8,False,,,,,,,,,,,False,False
previously_viewed_2025_2026,cci_h12_chop_w,public,cost1,BTCUSDT,4,0,13.30771803300011,13.30771803300011,0.25,2.488368493824899,4.240812564,-0.9113294030000001,3524.78054,3,False,,,,,,,,,,,False,False
previously_viewed_2025_2026,cci_h12_chop_w,public,cost1,ETHUSDT,11,1,50.94604498233188,-35.23926631108795,0.18181818181818182,0.4561559892362303,12.924151199999999,-1.198403817668,10737.5917,5,False,,,,,,,,,,,False,False
previously_viewed_2025_2026,cci_h12_chop_w,public,cost2,PORTFOLIO,15,1,9.83282523859188,-46.3115286006081,0.13333333333333333,0.44223294008164565,26.611288176,-3.3050465854080002,11068.162160000002,8,False,,,,,,,,,,,False,False
previously_viewed_2025_2026,cci_h12_chop_w,public,cost2,BTCUSDT,4,0,2.0733481800000106,2.0733481800000106,0.25,1.1518400803915123,6.632874936,-1.426236884,2758.63166,3,False,,,,,,,,,,,False,False
previously_viewed_2025_2026,cci_h12_chop_w,public,cost2,ETHUSDT,11,1,7.7594770585918695,-48.38487678060811,0.09090909090909091,0.3025645325065741,19.97841324,-1.878809701408,8309.5305,5,False,,,,,,,,,,,False,False
previously_viewed_2025_2026,cci_h12_chop_d,personal,cost1,PORTFOLIO,40,0,220.59441876881053,220.59441876881053,0.45,2.4901947692009387,22.902741380000002,-2.9907698511898,28608.21235,16,False,,,,,,,,,,,False,False
previously_viewed_2025_2026,cci_h12_chop_d,personal,cost1,BTCUSDT,16,0,-20.211331388891267,-20.211331388891267,0.3125,0.7129759566922612,11.658454100000002,-1.0590072888918003,14580.381850000002,9,False,,,,,,,,,,,False,False
previously_viewed_2025_2026,cci_h12_chop_d,personal,cost1,ETHUSDT,24,0,240.8057501577018,240.8057501577018,0.5416666666666666,4.102617649322203,11.24428728,-1.9317625622980001,14027.8305,11,False,,,,,,,,,,,False,False
previously_viewed_2025_2026,cci_h12_chop_d,personal,cost2,PORTFOLIO,40,0,120.81912828757635,120.81912828757635,0.4,1.7490743628770398,37.441135712000005,-5.373516000424201,23389.86246,16,False,,,,,,,,,,,False,False
previously_viewed_2025_2026,cci_h12_chop_d,personal,cost2,BTCUSDT,16,0,-45.68714657408592,-45.68714657408592,0.1875,0.42323963797637737,18.474942912000003,-2.1173836620862003,11556.04406,9,False,,,,,,,,,,,False,False
previously_viewed_2025_2026,cci_h12_chop_d,personal,cost2,ETHUSDT,24,0,166.50627486166226,166.50627486166226,0.5416666666666666,3.0286386403583854,18.9661928,-3.2561323383380003,11833.8184,11,False,,,,,,,,,,,False,False
previously_viewed_2025_2026,cci_h12_chop_d,public,cost1,PORTFOLIO,40,0,193.74211697284812,193.74211697284812,0.45,2.292655035445914,33.075857142,-2.8397158851522004,27544.68601,16,False,,,,,,,,,,,False,False
previously_viewed_2025_2026,cci_h12_chop_d,public,cost1,BTCUSDT,16,0,-24.74559224114369,-24.74559224114369,0.3125,0.6549697839332321,16.874367402,-1.0316148391442002,14069.145610000001,9,False,,,,,,,,,,,False,False
previously_viewed_2025_2026,cci_h12_chop_d,public,cost1,ETHUSDT,24,0,218.4877092139918,218.4877092139918,0.5416666666666666,3.7954211638542596,16.20148974,-1.808101046008,13475.5404,11,False,,,,,,,,,,,False,False
previously_viewed_2025_2026,cci_h12_chop_d,public,cost2,PORTFOLIO,40,0,101.41669455081022,101.41669455081022,0.375,1.6194966631088283,52.774710252,-5.0768051971903,21978.88709,16,False,,,,,,,,,,,False,False
previously_viewed_2025_2026,cci_h12_chop_d,public,cost2,BTCUSDT,16,0,-50.486662827969035,-50.486662827969035,0.1875,0.3790517371274777,25.838054411999998,-1.9670184159693003,10774.45439,9,False,,,,,,,,,,,False,False
previously_viewed_2025_2026,cci_h12_chop_d,public,cost2,ETHUSDT,24,0,151.90335737877925,151.90335737877925,0.5,2.8434320911334767,26.936655839999997,-3.109786781221,11204.432700000001,11,False,,,,,,,,,,,False,False
previously_viewed_2025_2026,cci_h12_chop_h12,personal,cost1,PORTFOLIO,66,0,350.029959336763,350.029959336763,0.3787878787878788,2.233573044153641,35.878165984000006,-3.7752346792371,44913.4737,25,False,,,,,,,,,,,False,False
previously_viewed_2025_2026,cci_h12_chop_h12,personal,cost1,BTCUSDT,26,0,130.45659533495518,130.45659533495518,0.3076923076923077,2.1047242342140318,18.246787384000005,-1.7304772810451001,22938.6595,13,False,,,,,,,,,,,False,False
previously_viewed_2025_2026,cci_h12_chop_h12,personal,cost1,ETHUSDT,40,0,219.5733640018078,219.5733640018078,0.425,2.32542037900487,17.6313786,-2.044757398192,21974.8142,17,False,,,,,,,,,,,False,False
previously_viewed_2025_2026,cci_h12_chop_h12,personal,cost2,PORTFOLIO,66,0,179.08484343082125,179.08484343082125,0.3484848484848485,1.6042096740496992,58.26016356000001,-6.803963009179,36460.098000000005,25,False,,,,,,,,,,,False,False
previously_viewed_2025_2026,cci_h12_chop_h12,personal,cost2,BTCUSDT,26,0,43.782029385907016,43.782029385907016,0.23076923076923078,1.3409950391714915,28.637153240000004,-3.1818873740930003,18002.0668,13,False,,,,,,,,,,,False,False
previously_viewed_2025_2026,cci_h12_chop_h12,personal,cost2,ETHUSDT,40,0,135.30281404491421,135.30281404491421,0.425,1.805372561072373,29.623010320000002,-3.622075635086,18458.0312,17,False,,,,,,,,,,,False,False
previously_viewed_2025_2026,cci_h12_chop_h12,public,cost1,PORTFOLIO,66,0,312.5605717387794,312.5605717387794,0.3787878787878788,2.0929616645685205,51.836441646,-3.6250566152207,43259.23346,25,False,,,,,,,,,,,False,False
previously_viewed_2025_2026,cci_h12_chop_h12,public,cost1,BTCUSDT,26,0,113.2609346610996,113.2609346610996,0.3076923076923077,1.9455713063617484,26.209654806000003,-1.6640805329007,21965.04156,13,False,,,,,,,,,,,False,False
previously_viewed_2025_2026,cci_h12_chop_h12,public,cost1,ETHUSDT,40,0,199.2996370776798,199.2996370776798,0.425,2.199188938533971,25.626786839999998,-1.96097608232,21294.1919,17,False,,,,,,,,,,,False,False
previously_viewed_2025_2026,cci_h12_chop_h12,public,cost2,PORTFOLIO,66,0,147.46712156545098,147.46712156545098,0.3181818181818182,1.4933486511036458,82.229839056,-6.4384793785493,34307.361110000005,25,False,,,,,,,,,,,False,False
previously_viewed_2025_2026,cci_h12_chop_h12,public,cost2,BTCUSDT,26,0,34.09803610287376,34.09803610287376,0.19230769230769232,1.260932644884453,40.203659976,-2.9720439211263003,16851.73281,13,False,,,,,,,,,,,False,False
previously_viewed_2025_2026,cci_h12_chop_h12,public,cost2,ETHUSDT,40,0,113.3690854625772,113.3690854625772,0.4,1.6738812950279003,42.02617908,-3.466435457423,17455.6283,17,False,,,,,,,,,,,False,False
previously_viewed_2025_2026,cci_h12_chop_h6,personal,cost1,PORTFOLIO,67,1,355.43519767983355,268.63358766641375,0.3880597014925373,1.9382245196879129,40.65115050000001,-3.5046418201666003,50929.13235000001,34,False,,,,,,,,,,,False,False
previously_viewed_2025_2026,cci_h12_chop_h6,personal,cost1,BTCUSDT,25,0,-25.50707177359139,-25.50707177359139,0.32,0.7921109820283678,18.092896740000004,-1.7879650335916002,22618.871150000003,14,False,,,,,,,,,,,False,False
previously_viewed_2025_2026,cci_h12_chop_h6,personal,cost1,ETHUSDT,42,1,380.94226945342496,294.14065944000515,0.42857142857142855,2.7976445047216125,22.558253760000003,-1.7166767865750001,28310.2612,23,False,,,,,,,,,,,False,False
previously_viewed_2025_2026,cci_h12_chop_h6,personal,cost2,PORTFOLIO,67,1,176.32436411953756,105.08136382053759,0.34328358208955223,1.3471044382441808,65.66450128800001,-6.547464592462401,41131.40093,34,False,,,,,,,,,,,False,False
previously_viewed_2025_2026,cci_h12_chop_h6,personal,cost2,BTCUSDT,25,0,-63.1604547497566,-63.1604547497566,0.2,0.5227246883588895,28.467456168000005,-3.0491285817564,17796.55283,14,False,,,,,,,,,,,False,False
previously_viewed_2025_2026,cci_h12_chop_h6,personal,cost2,ETHUSDT,42,1,239.48481886929414,168.24181857029419,0.42857142857142855,1.9873256508189483,37.197045120000006,-3.498336010706,23334.8481,23,False,,,,,,,,,,,False,False
previously_viewed_2025_2026,cci_h12_chop_h6,public,cost1,PORTFOLIO,67,1,325.453355393363,239.26804409994313,0.373134328358209,1.8232388381262796,59.301460788,-3.4165038186373002,49525.85188,34,False,,,,,,,,,,,False,False
previously_viewed_2025_2026,cci_h12_chop_h6,public,cost1,BTCUSDT,25,0,-32.8263083294651,-32.8263083294651,0.28,0.7378850403600381,26.343233208,-1.7286951214653001,21955.274980000002,14,False,,,,,,,,,,,False,False
previously_viewed_2025_2026,cci_h12_chop_h6,public,cost1,ETHUSDT,42,1,358.27966372282805,272.0943524294082,0.42857142857142855,2.645008807453931,32.95822758,-1.687808697172,27570.5769,23,False,,,,,,,,,,,False,False
previously_viewed_2025_2026,cci_h12_chop_h6,public,cost2,PORTFOLIO,67,1,132.37958476047848,69.2171866913785,0.31343283582089554,1.2282243921103313,91.156921176,-6.0597940635215,38068.35426,34,False,,,,,,,,,,,False,False
previously_viewed_2025_2026,cci_h12_chop_h6,public,cost2,BTCUSDT,25,0,-69.89203967201968,-69.89203967201968,0.16,0.47657274062807736,39.484603896,-2.8427357760195004,16455.91756,14,False,,,,,,,,,,,False,False
previously_viewed_2025_2026,cci_h12_chop_h6,public,cost2,ETHUSDT,42,1,202.27162443249816,139.10922636339816,0.40476190476190477,1.8194562670869603,51.67231728,-3.217058287502,21612.436700000002,23,False,,,,,,,,,,,False,False
previously_viewed_2025_2026,cci_h12_chop_h4,personal,cost1,PORTFOLIO,57,1,171.49501776806574,84.69340775464592,0.42105263157894735,1.3634434774930102,32.141143796,-2.9622884359345,40137.413550000005,33,False,,,,,,,,,,,False,False
previously_viewed_2025_2026,cci_h12_chop_h4,personal,cost1,BTCUSDT,18,0,-2.6415910379234075,-2.6415910379234075,0.3888888888888889,0.9655791667962355,10.836549276000001,-1.0233917619235,13550.877250000001,11,False,,,,,,,,,,,False,False
previously_viewed_2025_2026,cci_h12_chop_h4,personal,cost1,ETHUSDT,39,1,174.13660880598914,87.33499879256932,0.4358974358974359,1.5588133835838744,21.304594520000002,-1.938896674011,26586.5363,25,False,,,,,,,,,,,False,False
previously_viewed_2025_2026,cci_h12_chop_h4,personal,cost2,PORTFOLIO,57,1,63.57685841992532,-1.9667018551546582,0.38596491228070173,0.9920545100945284,52.36744524800001,-5.3601563320748005,32709.35985,33,False,,,,,,,,,,,False,False
previously_viewed_2025_2026,cci_h12_chop_h4,personal,cost2,BTCUSDT,18,0,-27.473969233500924,-27.473969233500924,0.3333333333333333,0.6664261890163089,17.485368608,-1.8392606255008002,10938.128050000001,11,False,,,,,,,,,,,False,False
previously_viewed_2025_2026,cci_h12_chop_h4,personal,cost2,ETHUSDT,39,1,91.05082765342625,25.507267378346267,0.41025641025641024,1.1544380424780432,34.88207664,-3.520895706574,21771.2318,25,False,,,,,,,,,,,False,False
previously_viewed_2025_2026,cci_h12_chop_h4,public,cost1,PORTFOLIO,57,1,155.50044460124687,69.31513330782703,0.40350877192982454,1.2925466605384301,47.092317294,-2.9159881047534,39204.953980000006,33,False,,,,,,,,,,,False,False
previously_viewed_2025_2026,cci_h12_chop_h4,public,cost1,BTCUSDT,18,0,-8.214445693391303,-8.214445693391303,0.3333333333333333,0.8956318418004027,15.938263194000001,-1.0064324993914,13287.046380000002,11,False,,,,,,,,,,,False,False
previously_viewed_2025_2026,cci_h12_chop_h4,public,cost1,ETHUSDT,39,1,163.71489029463817,77.52957900121834,0.4358974358974359,1.4899784719324523,31.1540541,-1.909555605362,25917.907600000002,25,False,,,,,,,,,,,False,False
previously_viewed_2025_2026,cci_h12_chop_h4,public,cost2,PORTFOLIO,57,1,39.19880014819051,-18.34916253698948,0.3684210526315789,0.9262404327325129,73.370187432,-5.0451924198096005,30553.41095,33,False,,,,,,,,,,,False,False
previously_viewed_2025_2026,cci_h12_chop_h4,public,cost2,BTCUSDT,18,0,-32.63685336920171,-32.63685336920171,0.2777777777777778,0.6067970546945235,24.478150872,-1.7214824972016003,10208.75185,11,False,,,,,,,,,,,False,False
previously_viewed_2025_2026,cci_h12_chop_h4,public,cost2,ETHUSDT,39,1,71.83565351739222,14.287690832212235,0.41025641025641024,1.0861912158100724,48.89203656,-3.3237099226080002,20344.6591,25,False,,,,,,,,,,,False,False
previously_viewed_2025_2026,cci_h12_chop_h1,personal,cost1,PORTFOLIO,41,0,104.49070680648633,104.49070680648633,0.4634146341463415,1.9229930852691652,13.363112048000001,-1.0507611455137,16666.64404,31,False,,,,,,,,,,,False,False
previously_viewed_2025_2026,cci_h12_chop_h1,personal,cost1,BTCUSDT,15,0,39.809733197339426,39.809733197339426,0.4666666666666667,1.8206682335924849,5.887002208000001,-0.2672445946607,7355.218040000001,12,False,,,,,,,,,,,False,False
previously_viewed_2025_2026,cci_h12_chop_h1,personal,cost1,ETHUSDT,26,0,64.6809736091469,64.6809736091469,0.46153846153846156,1.9997117462339067,7.47610984,-0.783516550853,9311.426,23,False,,,,,,,,,,,False,False
previously_viewed_2025_2026,cci_h12_chop_h1,personal,cost2,PORTFOLIO,41,0,53.978981969373905,53.978981969373905,0.4146341463414634,1.4464569488274601,22.796197112000005,-2.3490709186262,14214.849030000001,31,False,,,,,,,,,,,False,False
previously_viewed_2025_2026,cci_h12_chop_h1,personal,cost2,BTCUSDT,15,0,19.846846784539736,19.846846784539736,0.4666666666666667,1.391867370348781,10.029500712000003,-0.7512025034602,6265.996930000001,12,False,,,,,,,,,,,False,False
previously_viewed_2025_2026,cci_h12_chop_h1,personal,cost2,ETHUSDT,26,0,34.132135184834176,34.132135184834176,0.38461538461538464,1.485808692390061,12.766696400000002,-1.597868415166,7948.852100000001,23,False,,,,,,,,,,,False,False
previously_viewed_2025_2026,cci_h12_chop_h1,public,cost1,PORTFOLIO,41,0,92.79605714355864,92.79605714355864,0.4634146341463415,1.8144697118863198,19.421322984,-1.0016798724414002,16151.101050000001,31,False,,,,,,,,,,,False,False
previously_viewed_2025_2026,cci_h12_chop_h1,public,cost1,BTCUSDT,15,0,37.21933192070773,37.21933192070773,0.4666666666666667,1.765572828838632,8.587052124,-0.2599759552924001,7153.0220500000005,12,False,,,,,,,,,,,False,False
previously_viewed_2025_2026,cci_h12_chop_h1,public,cost1,ETHUSDT,26,0,55.576725222850904,55.576725222850904,0.46153846153846156,1.8508637553049576,10.834270859999998,-0.7417039171490001,8998.079,23,False,,,,,,,,,,,False,False
previously_viewed_2025_2026,cci_h12_chop_h1,public,cost2,PORTFOLIO,41,0,44.59087884711292,44.59087884711292,0.3902439024390244,1.3629513172804948,32.688926699999996,-2.2481044528872003,13588.690190000001,31,False,,,,,,,,,,,False,False
previously_viewed_2025_2026,cci_h12_chop_h1,public,cost2,BTCUSDT,15,0,14.774074492440747,14.774074492440747,0.4,1.2884314892754878,14.4526125,-0.7149230075592,6020.151690000001,12,False,,,,,,,,,,,False,False
previously_viewed_2025_2026,cci_h12_chop_h1,public,cost2,ETHUSDT,26,0,29.816804354672175,29.816804354672175,0.38461538461538464,1.4162367901312163,18.2363142,-1.5331814453280002,7568.538500000001,23,False,,,,,,,,,,,False,False
previously_viewed_2025_2026,cci_h12_chop_m30,personal,cost1,PORTFOLIO,39,1,82.75140773391067,82.81325909391072,0.3076923076923077,1.5694987809841496,10.667146676000002,-0.8232155900895001,13344.768370000002,25,False,,,,,,,,,,,False,False
previously_viewed_2025_2026,cci_h12_chop_m30,personal,cost1,BTCUSDT,13,0,-6.0629408230463095,-6.0629408230463095,0.3076923076923077,0.8933221818611836,4.357919036000001,-0.19249178704650002,5462.976570000001,12,False,,,,,,,,,,,False,False
previously_viewed_2025_2026,cci_h12_chop_m30,personal,cost1,ETHUSDT,26,1,88.81434855695697,88.87619991695702,0.3076923076923077,2.003342075360258,6.3092276400000005,-0.6307238030430001,7881.7918,18,False,,,,,,,,,,,False,False
previously_viewed_2025_2026,cci_h12_chop_m30,personal,cost2,PORTFOLIO,39,1,45.146064356920874,45.95355851692085,0.3076923076923077,1.3089482779485402,18.594755632000002,-1.8307400110793002,11625.84123,25,False,,,,,,,,,,,False,False
previously_viewed_2025_2026,cci_h12_chop_m30,personal,cost2,BTCUSDT,13,0,-16.025262245986355,-16.025262245986355,0.3076923076923077,0.7282498150924125,7.533726592000001,-0.5419956539863,4722.441030000001,12,False,,,,,,,,,,,False,False
previously_viewed_2025_2026,cci_h12_chop_m30,personal,cost2,ETHUSDT,26,1,61.17132660290723,61.978820762907205,0.3076923076923077,1.690407590960813,11.061029040000001,-1.2887443570930002,6903.4002,18,False,,,,,,,,,,,False,False
previously_viewed_2025_2026,cci_h12_chop_m30,public,cost1,PORTFOLIO,39,1,77.34255092412246,77.53552796412251,0.3076923076923077,1.528194707746113,15.698555628,-0.8004334478777001,13092.39134,25,False,,,,,,,,,,,False,False
previously_viewed_2025_2026,cci_h12_chop_m30,public,cost1,BTCUSDT,13,0,-7.573481872723509,-7.573481872723509,0.3076923076923077,0.8682466616152369,6.436508568000001,-0.18221330472370006,5379.054840000001,12,False,,,,,,,,,,,False,False
previously_viewed_2025_2026,cci_h12_chop_m30,public,cost1,ETHUSDT,26,1,84.91603279684597,85.10900983684603,0.3076923076923077,1.9529490951507764,9.262047059999999,-0.6182201431540001,7713.3365,18,False,,,,,,,,,,,False,False
previously_viewed_2025_2026,cci_h12_chop_m30,public,cost2,PORTFOLIO,39,1,34.80173938931567,35.75436778931565,0.28205128205128205,1.2372064987448663,26.729067372,-1.7854632386845002,11139.639200000001,25,False,,,,,,,,,,,False,False
previously_viewed_2025_2026,cci_h12_chop_m30,public,cost2,BTCUSDT,13,0,-19.100031945681554,-19.100031945681554,0.23076923076923078,0.6806295970251812,10.780288332,-0.5132136136815001,4505.2284,12,False,,,,,,,,,,,False,False
previously_viewed_2025_2026,cci_h12_chop_m30,public,cost2,ETHUSDT,26,1,53.90177133499722,54.8543997349972,0.3076923076923077,1.6032880907458706,15.948779039999998,-1.272249625003,6634.410800000001,18,False,,,,,,,,,,,False,False
previously_viewed_2025_2026,cci_h12_chop_m15,personal,cost1,PORTFOLIO,57,1,25.718597605153505,20.58961343875352,0.3333333333333333,1.0876318126267353,16.71845674,-1.8017356548466001,20846.79649,37,False,,,,,,,,,,,False,False
previously_viewed_2025_2026,cci_h12_chop_m15,personal,cost1,BTCUSDT,20,0,-69.06679222740954,-69.06679222740954,0.25,0.3267139872371206,8.121038460000001,-0.6860437674096,10141.81089,17,False,,,,,,,,,,,False,False
previously_viewed_2025_2026,cci_h12_chop_m15,personal,cost1,ETHUSDT,37,1,94.78538983256304,89.65640566616305,0.3783783783783784,1.6772948067419928,8.597418280000001,-1.115691887437,10704.9856,25,False,,,,,,,,,,,False,False
previously_viewed_2025_2026,cci_h12_chop_m15,personal,cost2,PORTFOLIO,57,1,-19.20346467445968,-23.135205832859675,0.3157894736842105,0.9030797132074566,28.987670688000005,-3.4613139864597002,18073.48847,37,False,,,,,,,,,,,False,False
previously_viewed_2025_2026,cci_h12_chop_m15,personal,cost2,BTCUSDT,20,0,-79.54737895026177,-79.54737895026177,0.2,0.24427960265333787,13.892983728000003,-1.3146152222617,8676.02907,17,False,,,,,,,,,,,False,False
previously_viewed_2025_2026,cci_h12_chop_m15,personal,cost2,ETHUSDT,37,1,60.34391427580209,56.41217311740209,0.3783783783783784,1.4227432465448862,15.094686960000002,-2.146698764198,9397.4594,25,False,,,,,,,,,,,False,False
previously_viewed_2025_2026,cci_h12_chop_m15,public,cost1,PORTFOLIO,57,1,18.29117588026099,13.292274113861005,0.3333333333333333,1.0563771584022617,24.50201988,-1.7612242397391,20368.90695,37,False,,,,,,,,,,,False,False
previously_viewed_2025_2026,cci_h12_chop_m15,public,cost1,BTCUSDT,20,0,-70.42279683049604,-70.42279683049604,0.25,0.31470728647871377,11.83664334,-0.6664734904961,9854.626650000002,17,False,,,,,,,,,,,False,False
previously_viewed_2025_2026,cci_h12_chop_m15,public,cost1,ETHUSDT,37,1,88.71397271075702,83.71507094435704,0.3783783783783784,1.6293844944171274,12.665376539999999,-1.094750749243,10514.2803,25,False,,,,,,,,,,,False,False
previously_viewed_2025_2026,cci_h12_chop_m15,public,cost2,PORTFOLIO,57,1,-30.235233851104685,-33.592741595104684,0.2982456140350877,0.8605323189207044,41.966449968,-3.3692038831047,17443.47174,37,False,,,,,,,,,,,False,False
previously_viewed_2025_2026,cci_h12_chop_m15,public,cost2,BTCUSDT,20,0,-82.19587825215078,-82.19587825215078,0.15,0.22527388092298428,19.924526568,-1.2676716841506999,8294.979340000002,17,False,,,,,,,,,,,False,False
previously_viewed_2025_2026,cci_h12_chop_m15,public,cost2,ETHUSDT,37,1,51.96064440104609,48.60313665704609,0.3783783783783784,1.3606448945847407,22.041923399999998,-2.101532198954,9148.492400000001,25,False,,,,,,,,,,,False,False
previously_viewed_2025_2026,cci_h12_chop_m5,personal,cost1,PORTFOLIO,125,1,189.9199615875632,183.9361467267632,0.32,1.3085704030078493,62.638296708000006,-3.9906717044372004,78306.77954,52,True,,,,,,,,,,,False,False
previously_viewed_2025_2026,cci_h12_chop_m5,personal,cost1,BTCUSDT,55,0,-86.35424339275096,-86.35424339275096,0.2909090909090909,0.6946309957053821,33.77335058800001,-1.8553228047512003,42247.294740000005,28,False,,,,,,,,,,,False,False
previously_viewed_2025_2026,cci_h12_chop_m5,personal,cost1,ETHUSDT,70,1,276.27420498031415,270.29039011951414,0.34285714285714286,1.8627074439844555,28.864946120000003,-2.1353488996860004,36059.4848,35,False,,,,,,,,,,,False,False
previously_viewed_2025_2026,cci_h12_chop_m5,personal,cost2,PORTFOLIO,125,1,-16.024780078071377,-19.95652123647137,0.264,0.9661424659896869,97.86221736800002,-8.1536527100717,61171.055250000005,52,True,,,,,,,,,,,False,False
previously_viewed_2025_2026,cci_h12_chop_m5,personal,cost2,BTCUSDT,55,0,-148.80915722748176,-148.80915722748176,0.21818181818181817,0.48612793379082936,52.71678424800001,-4.0580629794817,32978.75605,28,False,,,,,,,,,,,False,False
previously_viewed_2025_2026,cci_h12_chop_m5,personal,cost2,ETHUSDT,70,1,132.7843771494104,128.8526359910104,0.3,1.4297347541174568,45.14543312000001,-4.09558973059,28192.2992,35,False,,,,,,,,,,,False,False
previously_viewed_2025_2026,cci_h12_chop_m5,public,cost1,PORTFOLIO,125,1,144.06284747813572,138.64737056453575,0.304,1.2332767283497748,90.278490906,-3.8312116158646004,75242.45854,52,True,,,,,,,,,,,False,False
previously_viewed_2025_2026,cci_h12_chop_m5,public,cost1,BTCUSDT,55,0,-95.45356693778737,-95.45356693778737,0.2727272727272727,0.6631480346460974,48.721485726,-1.7977312117876,40631.76054,28,False,,,,,,,,,,,False,False
previously_viewed_2025_2026,cci_h12_chop_m5,public,cost1,ETHUSDT,70,1,239.5164144159231,234.10093750232312,0.32857142857142857,1.7527900655678927,41.55700518,-2.0334804040770003,34610.698000000004,35,False,,,,,,,,,,,False,False
previously_viewed_2025_2026,cci_h12_chop_m5,public,cost2,PORTFOLIO,125,1,-64.79097094430328,-68.14847868830329,0.264,0.8839049957034126,136.35408175199998,-7.6582891923036005,56819.20163,52,True,,,,,,,,,,,False,False
previously_viewed_2025_2026,cci_h12_chop_m5,public,cost2,BTCUSDT,55,0,-163.20646705992965,-163.20646705992965,0.21818181818181817,0.43823751200177413,73.546269672,-3.8339973879296005,30673.579230000003,28,False,,,,,,,,,,,False,False
previously_viewed_2025_2026,cci_h12_chop_m5,public,cost2,ETHUSDT,70,1,98.41549611562635,95.05798837162637,0.3,1.3206215167464233,62.80781208,-3.824291804374,26145.6224,35,False,,,,,,,,,,,False,False
previously_viewed_2025_2026,cci_h12_chop_m3,personal,cost1,PORTFOLIO,128,1,225.97913809204826,219.99532323124828,0.34375,1.350522665130111,72.75810754800001,-4.357384359951601,90985.59536,52,True,,,,,,,,,,,False,False
previously_viewed_2025_2026,cci_h12_chop_m3,personal,cost1,BTCUSDT,56,0,-32.57572083355651,-32.57572083355651,0.32142857142857145,0.8771533746657356,37.624579828,-2.1070710055566004,47081.02706000001,27,False,,,,,,,,,,,False,False
previously_viewed_2025_2026,cci_h12_chop_m3,personal,cost1,ETHUSDT,72,1,258.5548589256048,252.57104406480477,0.3611111111111111,1.6968497746149735,35.133527720000004,-2.2503133543950002,43904.5683,36,False,,,,,,,,,,,False,False
previously_viewed_2025_2026,cci_h12_chop_m3,personal,cost2,PORTFOLIO,128,1,-13.117645643691873,-17.04938680209187,0.265625,0.9726425697115254,111.88992833600001,-8.8631573076922,69961.22032000001,52,True,,,,,,,,,,,False,False
previously_viewed_2025_2026,cci_h12_chop_m3,personal,cost2,BTCUSDT,56,0,-114.80010133673723,-114.80010133673723,0.25,0.5825382861429448,57.87565497600001,-4.5471863607372,36219.404520000004,27,False,,,,,,,,,,,False,False
previously_viewed_2025_2026,cci_h12_chop_m3,personal,cost2,ETHUSDT,72,1,101.68245569304536,97.75071453464537,0.2777777777777778,1.280720944565418,54.014273360000004,-4.315970946955,33741.815800000004,36,False,,,,,,,,,,,False,False
previously_viewed_2025_2026,cci_h12_chop_m3,public,cost1,PORTFOLIO,128,1,182.78041814011786,177.36494122651789,0.328125,1.2809521083009474,105.3935016,-4.218120259882,87864.96844000001,52,True,,,,,,,,,,,False,False
previously_viewed_2025_2026,cci_h12_chop_m3,public,cost1,BTCUSDT,56,0,-47.04189102508193,-47.04189102508193,0.30357142857142855,0.8248027020852204,54.38416782,-2.029063205082,45369.18894000001,27,False,,,,,,,,,,,False,False
previously_viewed_2025_2026,cci_h12_chop_m3,public,cost1,ETHUSDT,72,1,229.82230916519978,224.4068322515998,0.3472222222222222,1.6185559761489452,51.00933378,-2.1890570548,42495.779500000004,36,False,,,,,,,,,,,False,False
previously_viewed_2025_2026,cci_h12_chop_m3,public,cost2,PORTFOLIO,128,1,-59.154597066246524,-62.51210481024652,0.25,0.8989558955412911,155.182565016,-8.2981120502468,64684.19215,52,True,,,,,,,,,,,False,False
previously_viewed_2025_2026,cci_h12_chop_m3,public,cost2,BTCUSDT,56,0,-132.94071200520582,-132.94071200520582,0.21428571428571427,0.5194087147827021,80.299237776,-4.2418542292058,33501.452750000004,27,False,,,,,,,,,,,False,False
previously_viewed_2025_2026,cci_h12_chop_m3,public,cost2,ETHUSDT,72,1,73.7861149389593,70.4286071949593,0.2777777777777778,1.2059060062735083,74.88332724,-4.056257821041,31182.739400000002,36,False,,,,,,,,,,,False,False
previously_viewed_2025_2026,cci_h12_chop_m1,personal,cost1,PORTFOLIO,164,1,302.2197434111199,215.41813339770007,0.2865853658536585,1.2541130975317885,105.01131600000001,-5.074000588879301,131194.36567,53,True,,,,,,,,,,,False,False
previously_viewed_2025_2026,cci_h12_chop_m1,personal,cost1,BTCUSDT,71,0,-87.4823876185244,-87.4823876185244,0.28169014084507044,0.7653298587917049,53.971863000000006,-2.2500846185243004,67519.17577,28,False,,,,,,,,,,,False,False
previously_viewed_2025_2026,cci_h12_chop_m1,personal,cost1,ETHUSDT,93,1,389.7021310296443,302.9005210162245,0.2903225806451613,1.6377703277083457,51.039453,-2.823915970355,63675.189900000005,39,False,,,,,,,,,,,False,False
previously_viewed_2025_2026,cci_h12_chop_m1,personal,cost2,PORTFOLIO,164,1,-35.548137948867506,-93.96739819404748,0.2621951219512195,0.8841905194891618,154.40524841600003,-10.1900095328676,96454.80315,53,True,,,,,,,,,,,False,False
previously_viewed_2025_2026,cci_h12_chop_m1,personal,cost2,BTCUSDT,71,0,-182.6945050242268,-182.6945050242268,0.23943661971830985,0.5095013455934608,79.85819465600001,-4.8718303682266,49959.59655,28,False,,,,,,,,,,,False,False
previously_viewed_2025_2026,cci_h12_chop_m1,personal,cost2,ETHUSDT,93,1,147.1463670753593,88.72710683017932,0.27956989247311825,1.2021443053144716,74.54705376000001,-5.318179164641,46495.206600000005,39,False,,,,,,,,,,,False,False
previously_viewed_2025_2026,cci_h12_chop_m1,public,cost1,PORTFOLIO,164,1,248.29679540980248,162.11148411638266,0.2804878048780488,1.1908642155620033,151.478490102,-4.960104488196801,126164.89660000001,53,True,,,,,,,,,,,False,False
previously_viewed_2025_2026,cci_h12_chop_m1,public,cost1,BTCUSDT,71,0,-105.2468023104179,-105.2468023104179,0.2676056338028169,0.7206328890739528,77.757332142,-2.1782601684178005,64851.26350000001,28,False,,,,,,,,,,,False,False
previously_viewed_2025_2026,cci_h12_chop_m1,public,cost1,ETHUSDT,93,1,353.5435977202204,267.3582864268006,0.2903225806451613,1.5656914968777018,73.72115796,-2.781844319779,61313.63310000001,39,False,,,,,,,,,,,False,False
previously_viewed_2025_2026,cci_h12_chop_m1,public,cost2,PORTFOLIO,164,1,-108.03673546253773,-157.16304507183773,0.24390243902439024,0.8031510929021307,210.83302974,-9.3710957225378,87804.90158,53,True,,,,,,,,,,,False,False
previously_viewed_2025_2026,cci_h12_chop_m1,public,cost2,BTCUSDT,71,0,-200.25280110027103,-200.25280110027103,0.22535211267605634,0.45670236274985887,108.80752254000001,-4.5312685602708,45381.37428,28,False,,,,,,,,,,,False,False
previously_viewed_2025_2026,cci_h12_chop_m1,public,cost2,ETHUSDT,93,1,92.2160656377333,43.08975602843331,0.25806451612903225,1.100253815313984,102.02550719999999,-4.839827162267,42423.5273,39,False,,,,,,,,,,,False,False
previously_viewed_2025_2026,cci_h6_chop_w,personal,cost1,PORTFOLIO,16,1,-6.048716397772526,-5.992019317772483,0.375,0.920611846432886,9.937488804000001,-1.4561575937728,12404.823520000002,9,False,,,,,,,,,,,False,False
previously_viewed_2025_2026,cci_h6_chop_w,personal,cost1,BTCUSDT,6,0,-11.09843306523172,-11.09843306523172,0.3333333333333333,0.6257969847799313,3.3090652840000008,-0.42049778123180004,4125.65102,3,False,,,,,,,,,,,False,False
previously_viewed_2025_2026,cci_h6_chop_w,personal,cost1,ETHUSDT,10,1,5.049716667459196,5.1064137474592375,0.4,1.1114483816930412,6.628423520000001,-1.035659812541,8279.1725,6,False,,,,,,,,,,,False,False
previously_viewed_2025_2026,cci_h6_chop_w,personal,cost2,PORTFOLIO,16,1,-31.054792879621623,-30.320707279621644,0.375,0.6128039443168439,16.321134976000003,-2.4712579036216002,10192.99964,9,False,,,,,,,,,,,False,False
previously_viewed_2025_2026,cci_h6_chop_w,personal,cost2,BTCUSDT,6,0,-17.62571913753768,-17.62571913753768,0.3333333333333333,0.4220898330187445,5.523258176000001,-0.7496609615376,3443.8718400000002,3,False,,,,,,,,,,,False,False
previously_viewed_2025_2026,cci_h6_chop_w,personal,cost2,ETHUSDT,10,1,-13.429073742083943,-12.694988142083965,0.4,0.7344663893911156,10.797876800000001,-1.721596942084,6749.1278,6,False,,,,,,,,,,,False,False
previously_viewed_2025_2026,cci_h6_chop_w,public,cost1,PORTFOLIO,16,1,-11.258313382377526,-11.081417762377486,0.375,0.8543255040123673,14.43036672,-1.4087866623778,12009.050780000001,9,False,,,,,,,,,,,False,False
previously_viewed_2025_2026,cci_h6_chop_w,public,cost1,BTCUSDT,6,0,-12.177731309739725,-12.177731309739725,0.3333333333333333,0.5905761007357139,4.80639906,-0.4114722497398,3994.84808,3,False,,,,,,,,,,,False,False
previously_viewed_2025_2026,cci_h6_chop_w,public,cost1,ETHUSDT,10,1,0.9194179273621975,1.0963135473622394,0.4,1.0236651172904314,9.62396766,-0.9973144126380001,8014.202700000001,6,False,,,,,,,,,,,False,False
previously_viewed_2025_2026,cci_h6_chop_w,public,cost2,PORTFOLIO,16,1,-36.31177734077121,-35.35914894077123,0.375,0.5470893551595569,22.953998879999997,-2.3288384607712,9556.58127,9,False,,,,,,,,,,,False,False
previously_viewed_2025_2026,cci_h6_chop_w,public,cost2,BTCUSDT,6,0,-19.17834869849327,-19.17834869849327,0.3333333333333333,0.3726686248700201,7.8519320399999994,-0.7201766584932001,3263.84207,3,False,,,,,,,,,,,False,False
previously_viewed_2025_2026,cci_h6_chop_w,public,cost2,ETHUSDT,10,1,-17.13342864227794,-16.18080024227796,0.4,0.6593486714974609,15.102066839999999,-1.6086618022780002,6292.7392,6,False,,,,,,,,,,,False,False
previously_viewed_2025_2026,cci_h6_chop_d,personal,cost1,PORTFOLIO,33,0,103.42522135304056,103.42522135304056,0.3333333333333333,1.686067740573878,15.574079616000002,-1.3500190309595,19449.43767,17,False,,,,,,,,,,,False,False
previously_viewed_2025_2026,cci_h6_chop_d,personal,cost1,BTCUSDT,11,0,-25.102679063042242,-25.102679063042242,0.18181818181818182,0.5772422171734072,6.622428536000001,0.14412947295750003,8296.33487,9,False,,,,,,,,,,,False,False
previously_viewed_2025_2026,cci_h6_chop_d,personal,cost1,ETHUSDT,22,0,128.52790041608282,128.52790041608282,0.4090909090909091,2.4066389372514823,8.951651080000001,-1.4941485039170002,11153.1028,13,False,,,,,,,,,,,False,False
previously_viewed_2025_2026,cci_h6_chop_d,personal,cost2,PORTFOLIO,33,0,53.957826655811395,53.957826655811395,0.2727272727272727,1.340431649890635,25.793633080000003,-2.9357302641886,16105.99825,17,False,,,,,,,,,,,False,False
previously_viewed_2025_2026,cci_h6_chop_d,personal,cost2,BTCUSDT,11,0,-36.13442864304359,-36.13442864304359,0.09090909090909091,0.4432590468193692,10.67435612,-0.2286625230436,6686.21735,9,False,,,,,,,,,,,False,False
previously_viewed_2025_2026,cci_h6_chop_d,personal,cost2,ETHUSDT,22,0,90.092255298855,90.092255298855,0.36363636363636365,1.9625777631802728,15.11927696,-2.707067741145,9419.7809,13,False,,,,,,,,,,,False,False
previously_viewed_2025_2026,cci_h6_chop_d,public,cost1,PORTFOLIO,33,0,96.16485310541736,96.16485310541736,0.30303030303030304,1.6362704505652523,22.620508014,-1.3328488805827001,18833.897380000002,17,False,,,,,,,,,,,False,False
previously_viewed_2025_2026,cci_h6_chop_d,public,cost1,BTCUSDT,11,0,-27.34239535767045,-27.34239535767045,0.18181818181818182,0.5451061463489901,9.551053854000001,0.13384849632930002,7976.615280000001,9,False,,,,,,,,,,,False,False
previously_viewed_2025_2026,cci_h6_chop_d,public,cost1,ETHUSDT,22,0,123.50724846308782,123.50724846308782,0.36363636363636365,2.356758369318407,13.06945416,-1.466697376912,10857.2821,13,False,,,,,,,,,,,False,False
previously_viewed_2025_2026,cci_h6_chop_d,public,cost2,PORTFOLIO,33,0,38.63243774235879,38.63243774235879,0.2727272727272727,1.2399569162928856,36.76548624,-2.8247960176412,15301.81811,17,False,,,,,,,,,,,False,False
previously_viewed_2025_2026,cci_h6_chop_d,public,cost2,BTCUSDT,11,0,-38.97378224156719,-38.97378224156719,0.09090909090909091,0.40976298409861467,15.01707864,-0.2202236015672,6270.79711,9,False,,,,,,,,,,,False,False
previously_viewed_2025_2026,cci_h6_chop_d,public,cost2,ETHUSDT,22,0,77.60621998392598,77.60621998392598,0.36363636363636365,1.8171943704392983,21.7484076,-2.6045724160740003,9031.021,13,False,,,,,,,,,,,False,False
previously_viewed_2025_2026,cci_h6_chop_h12,personal,cost1,PORTFOLIO,41,0,356.8984886951415,356.8984886951415,0.4146341463414634,3.482980586241563,18.947979244000003,-1.8368420608589002,23773.413350000003,24,False,,,,,,,,,,,False,False
previously_viewed_2025_2026,cci_h6_chop_h12,personal,cost1,BTCUSDT,15,0,157.40689143089338,157.40689143089338,0.26666666666666666,3.384585316186732,9.151894284000003,-0.27672428510690006,11560.123150000001,10,False,,,,,,,,,,,False,False
previously_viewed_2025_2026,cci_h6_chop_h12,personal,cost1,ETHUSDT,26,0,199.4915972642481,199.4915972642481,0.5,3.5665426141340535,9.796084960000002,-1.5601177757520002,12213.290200000001,18,False,,,,,,,,,,,False,False
previously_viewed_2025_2026,cci_h6_chop_h12,personal,cost2,PORTFOLIO,41,0,249.49944235731732,249.49944235731732,0.36585365853658536,2.639525572097547,31.548796000000003,-3.7947816426827004,19785.019780000002,24,False,,,,,,,,,,,False,False
previously_viewed_2025_2026,cci_h6_chop_h12,personal,cost2,BTCUSDT,15,0,102.47162682309629,102.47162682309629,0.2,2.4120783651925706,14.739153280000004,-0.8984398969037001,9310.555680000001,10,False,,,,,,,,,,,False,False
previously_viewed_2025_2026,cci_h6_chop_h12,personal,cost2,ETHUSDT,26,0,147.02781553422105,147.02781553422105,0.46153846153846156,2.8468538090412356,16.809642720000003,-2.896341745779,10474.464100000001,18,False,,,,,,,,,,,False,False
previously_viewed_2025_2026,cci_h6_chop_h12,public,cost1,PORTFOLIO,41,0,335.3227419138405,335.3227419138405,0.3902439024390244,3.3002742206362714,27.565309434,-1.7970786521599003,23054.638680000004,24,False,,,,,,,,,,,False,False
previously_viewed_2025_2026,cci_h6_chop_h12,public,cost1,BTCUSDT,15,0,147.0977571427624,147.0977571427624,0.26666666666666666,3.1844700466787863,13.248194394,-0.27277846323790006,11156.208180000001,10,False,,,,,,,,,,,False,False
previously_viewed_2025_2026,cci_h6_chop_h12,public,cost1,ETHUSDT,26,0,188.22498477107814,188.22498477107814,0.46153846153846156,3.399691604666171,14.31711504,-1.524300188922,11898.4305,18,False,,,,,,,,,,,False,False
previously_viewed_2025_2026,cci_h6_chop_h12,public,cost2,PORTFOLIO,41,0,219.59735704761385,219.59735704761385,0.34146341463414637,2.415067160067435,44.966682612,-3.6418103403862,18797.15968,24,False,,,,,,,,,,,False,False
previously_viewed_2025_2026,cci_h6_chop_h12,public,cost2,BTCUSDT,15,0,88.8601862448318,88.8601862448318,0.13333333333333333,2.1938451023037993,20.871764772000002,-0.8556989831682,8789.261680000001,10,False,,,,,,,,,,,False,False
previously_viewed_2025_2026,cci_h6_chop_h12,public,cost2,ETHUSDT,26,0,130.73717080278206,130.73717080278206,0.46153846153846156,2.6189722071630137,24.094917839999997,-2.786111357218,10007.898000000001,18,False,,,,,,,,,,,False,False
previously_viewed_2025_2026,cci_h6_chop_h6,personal,cost1,PORTFOLIO,52,1,333.2469106454062,333.31391628540626,0.40384615384615385,2.6590298459717627,26.799381216000004,-1.603788138594,33621.57318,29,False,,,,,,,,,,,False,False
previously_viewed_2025_2026,cci_h6_chop_h6,personal,cost1,BTCUSDT,22,0,-16.36233706070985,-16.36233706070985,0.3181818181818182,0.8456694556019899,13.933228976000002,-0.49578808470999997,17424.711180000002,13,False,,,,,,,,,,,False,False
previously_viewed_2025_2026,cci_h6_chop_h6,personal,cost1,ETHUSDT,30,1,349.6092477061161,349.67625334611614,0.4666666666666667,4.685164560373244,12.866152240000002,-1.108000053884,16196.862000000001,19,False,,,,,,,,,,,False,False
previously_viewed_2025_2026,cci_h6_chop_h6,personal,cost2,PORTFOLIO,52,1,189.1186911094618,189.99959382946176,0.34615384615384615,1.8825442796253695,44.49941624000001,-3.5265926505380003,27901.408730000003,29,False,,,,,,,,,,,False,False
previously_viewed_2025_2026,cci_h6_chop_h6,personal,cost2,BTCUSDT,22,0,-46.912698528030226,-46.912698528030226,0.18181818181818182,0.5958346649632524,22.784855040000004,-1.1236434880300001,14246.04613,13,False,,,,,,,,,,,False,False
previously_viewed_2025_2026,cci_h6_chop_h6,personal,cost2,ETHUSDT,30,1,236.03138963749203,236.912292357492,0.4666666666666667,3.3879122213784574,21.714561200000002,-2.402949162508,13655.3626,19,False,,,,,,,,,,,False,False
previously_viewed_2025_2026,cci_h6_chop_h6,public,cost1,PORTFOLIO,52,1,307.70592973436925,307.9149881943693,0.38461538461538464,2.5107691979988647,39.231534054,-1.568566211631,32810.402350000004,29,False,,,,,,,,,,,False,False
previously_viewed_2025_2026,cci_h6_chop_h6,public,cost1,BTCUSDT,22,0,-22.855541521890853,-22.855541521890853,0.2727272727272727,0.7894133441203792,20.413649094,-0.4841224278910001,17019.81115,13,False,,,,,,,,,,,False,False
previously_viewed_2025_2026,cci_h6_chop_h6,public,cost1,ETHUSDT,30,1,330.5614712562601,330.77052971626017,0.4666666666666667,4.471538569207941,18.81788496,-1.08444378374,15790.5912,19,False,,,,,,,,,,,False,False
previously_viewed_2025_2026,cci_h6_chop_h6,public,cost2,PORTFOLIO,52,1,160.0556637395058,161.1988178195058,0.3269230769230769,1.741020498656811,62.755535412,-3.360190848494,26231.10223,29,False,,,,,,,,,,,False,False
previously_viewed_2025_2026,cci_h6_chop_h6,public,cost2,BTCUSDT,22,0,-52.7561142873392,-52.7561142873392,0.13636363636363635,0.5507631121874588,31.874876292,-1.0678279953390002,13286.31103,13,False,,,,,,,,,,,False,False
previously_viewed_2025_2026,cci_h6_chop_h6,public,cost2,ETHUSDT,30,1,212.81177802684502,213.95493210684498,0.4666666666666667,3.137384361205461,30.880659119999997,-2.292362853155,12944.7912,19,False,,,,,,,,,,,False,False
previously_viewed_2025_2026,cci_h6_chop_h4,personal,cost1,PORTFOLIO,58,0,83.14081912856845,83.14081912856845,0.41379310344827586,1.3471623720724335,29.674623604000004,-2.0958072674320003,37073.66735,36,False,,,,,,,,,,,False,False
previously_viewed_2025_2026,cci_h6_chop_h4,personal,cost1,BTCUSDT,21,0,-4.298563149683972,-4.298563149683972,0.3333333333333333,0.9518910234085195,12.505987724000002,-0.777925425684,15624.868250000001,14,False,,,,,,,,,,,False,False
previously_viewed_2025_2026,cci_h6_chop_h4,personal,cost1,ETHUSDT,37,0,87.43938227825242,87.43938227825242,0.4594594594594595,1.582400020419035,17.16863588,-1.317881841748,21448.7991,27,False,,,,,,,,,,,False,False
previously_viewed_2025_2026,cci_h6_chop_h4,personal,cost2,PORTFOLIO,58,0,2.811980776219813,2.811980776219813,0.3620689655172414,1.011279070500542,48.095633584000005,-4.0165456397804,30048.298700000003,36,False,,,,,,,,,,,False,False
previously_viewed_2025_2026,cci_h6_chop_h4,personal,cost2,BTCUSDT,21,0,-30.912628129714346,-30.912628129714346,0.2857142857142857,0.682779700623263,20.335527744000004,-1.5081603857144001,12707.048400000001,14,False,,,,,,,,,,,False,False
previously_viewed_2025_2026,cci_h6_chop_h4,personal,cost2,ETHUSDT,37,0,33.72460890593416,33.72460890593416,0.40540540540540543,1.2220752687605527,27.76010584,-2.5083852540660003,17341.2503,27,False,,,,,,,,,,,False,False
previously_viewed_2025_2026,cci_h6_chop_h4,public,cost1,PORTFOLIO,58,0,66.94242654652885,66.94242654652885,0.39655172413793105,1.2749508489264771,43.463620452,-2.0568130014716,36201.69477,36,False,,,,,,,,,,,False,False
previously_viewed_2025_2026,cci_h6_chop_h4,public,cost1,BTCUSDT,21,0,-9.746780777525572,-9.746780777525572,0.2857142857142857,0.8939164362367439,18.461881452,-0.7721593255256001,15377.238870000003,14,False,,,,,,,,,,,False,False
previously_viewed_2025_2026,cci_h6_chop_h4,public,cost1,ETHUSDT,37,0,76.68920732405442,76.68920732405442,0.4594594594594595,1.5058915441974101,25.001739,-1.284653675946,20824.4559,27,False,,,,,,,,,,,False,False
previously_viewed_2025_2026,cci_h6_chop_h4,public,cost2,PORTFOLIO,58,0,-17.45371167157211,-17.45371167157211,0.3448275862068966,0.9305809035176236,67.505679552,-3.7983521195723005,28116.625030000003,36,False,,,,,,,,,,,False,False
previously_viewed_2025_2026,cci_h6_chop_h4,public,cost2,BTCUSDT,21,0,-37.34693529371625,-37.34693529371625,0.23809523809523808,0.6199751364357298,28.355611272,-1.4045440217163,11812.672330000001,14,False,,,,,,,,,,,False,False
previously_viewed_2025_2026,cci_h6_chop_h4,public,cost2,ETHUSDT,37,0,19.89322362214414,19.89322362214414,0.40540540540540543,1.1298935169961366,39.15006828,-2.393808097856,16303.952700000002,27,False,,,,,,,,,,,False,False
previously_viewed_2025_2026,cci_h6_chop_h1,personal,cost1,PORTFOLIO,57,0,107.599293230432,107.599293230432,0.42105263157894735,1.6824714121095505,16.191666192000003,-0.9812205775679003,20177.15719,37,False,,,,,,,,,,,False,False
previously_viewed_2025_2026,cci_h6_chop_h1,personal,cost1,BTCUSDT,23,0,7.128669869660229,7.128669869660229,0.30434782608695654,1.100257377845902,7.3004428720000005,-0.13896725833990012,9127.21749,17,False,,,,,,,,,,,False,False
previously_viewed_2025_2026,cci_h6_chop_h1,personal,cost1,ETHUSDT,34,0,100.47062336077177,100.47062336077177,0.5,2.160737803265711,8.89122332,-0.8422533192280001,11049.9397,27,False,,,,,,,,,,,False,False
previously_viewed_2025_2026,cci_h6_chop_h1,personal,cost2,PORTFOLIO,57,0,53.699111198986635,53.699111198986635,0.38596491228070173,1.316533195368297,28.195736664000005,-2.5954221370135,17567.07806,37,False,,,,,,,,,,,False,False
previously_viewed_2025_2026,cci_h6_chop_h1,personal,cost2,BTCUSDT,23,0,-12.638065865072566,-12.638065865072566,0.30434782608695654,0.8373485770117381,12.852306664000002,-0.6539292010725001,8034.0392600000005,17,False,,,,,,,,,,,False,False
previously_viewed_2025_2026,cci_h6_chop_h1,personal,cost2,ETHUSDT,34,0,66.3371770640592,66.3371770640592,0.4411764705882353,1.7214692674460697,15.343430000000001,-1.9414929359410003,9533.0388,27,False,,,,,,,,,,,False,False
previously_viewed_2025_2026,cci_h6_chop_h1,public,cost1,PORTFOLIO,57,0,96.0166154101271,96.0166154101271,0.42105263157894735,1.6005069608884535,23.68205157,-0.9574230198728001,19674.367550000003,37,False,,,,,,,,,,,False,False
previously_viewed_2025_2026,cci_h6_chop_h1,public,cost1,BTCUSDT,23,0,3.647958300206325,3.647958300206325,0.30434782608695654,1.050664319662997,10.70197419,-0.13485750979379998,8919.915850000001,17,False,,,,,,,,,,,False,False
previously_viewed_2025_2026,cci_h6_chop_h1,public,cost1,ETHUSDT,34,0,92.36865710992078,92.36865710992078,0.5,2.0509565564865406,12.980077379999999,-0.8225655100790001,10754.4517,27,False,,,,,,,,,,,False,False
previously_viewed_2025_2026,cci_h6_chop_h1,public,cost2,PORTFOLIO,57,0,44.70697443588164,44.70697443588164,0.3684210526315789,1.2603402005563997,40.535301839999995,-2.5168437241185004,16836.19671,37,False,,,,,,,,,,,False,False
previously_viewed_2025_2026,cci_h6_chop_h1,public,cost2,BTCUSDT,23,0,-18.061618057954547,-18.061618057954547,0.2608695652173913,0.7730785866443639,18.57365388,-0.6197841779545001,7740.341310000001,17,False,,,,,,,,,,,False,False
previously_viewed_2025_2026,cci_h6_chop_h1,public,cost2,ETHUSDT,34,0,62.76859249383619,62.76859249383619,0.4411764705882353,1.6812968255162322,21.961647959999997,-1.897059546164,9095.8554,27,False,,,,,,,,,,,False,False
previously_viewed_2025_2026,cci_h6_chop_m30,personal,cost1,PORTFOLIO,48,1,109.18043736381831,109.24228872381835,0.3958333333333333,1.7098115832141412,13.545748640000001,-0.8916139961820001,16914.15995,33,False,,,,,,,,,,,False,False
previously_viewed_2025_2026,cci_h6_chop_m30,personal,cost1,BTCUSDT,17,0,-1.7939248286486853,-1.7939248286486853,0.29411764705882354,0.9741041980507429,5.752351440000001,-0.15077338864900006,7195.713650000001,17,False,,,,,,,,,,,False,False
previously_viewed_2025_2026,cci_h6_chop_m30,personal,cost1,ETHUSDT,31,1,110.974362192467,111.03621355246703,0.45161290322580644,2.312043022322323,7.7933972,-0.7408406075330001,9718.4463,23,False,,,,,,,,,,,False,False
previously_viewed_2025_2026,cci_h6_chop_m30,personal,cost2,PORTFOLIO,48,1,56.80623837904444,57.61373253904441,0.3958333333333333,1.3617996822362795,23.461794728,-2.0799968929559003,14645.423710000001,33,False,,,,,,,,,,,False,False
previously_viewed_2025_2026,cci_h6_chop_m30,personal,cost2,BTCUSDT,17,0,-15.787113543018934,-15.787113543018934,0.29411764705882354,0.7826378453588608,9.996060648000002,-0.5942828950189001,6251.77461,17,False,,,,,,,,,,,False,False
previously_viewed_2025_2026,cci_h6_chop_m30,personal,cost2,ETHUSDT,31,1,72.59335192206338,73.40084608206335,0.45161290322580644,1.8474711638278118,13.46573408,-1.4857139979370002,8393.6491,23,False,,,,,,,,,,,False,False
previously_viewed_2025_2026,cci_h6_chop_m30,public,cost1,PORTFOLIO,48,1,99.5668036282083,99.75978066820835,0.3958333333333333,1.6438853039019485,19.864993452,-0.864322919792,16537.03975,33,False,,,,,,,,,,,False,False
previously_viewed_2025_2026,cci_h6_chop_m30,public,cost1,BTCUSDT,17,0,-4.837237402434693,-4.837237402434693,0.29411764705882354,0.9309166979127654,8.469663492,-0.15089391043500003,7063.277950000001,17,False,,,,,,,,,,,False,False
previously_viewed_2025_2026,cci_h6_chop_m30,public,cost1,ETHUSDT,31,1,104.404041030643,104.59701807064305,0.45161290322580644,2.2318033695943793,11.39532996,-0.713429009357,9473.7618,23,False,,,,,,,,,,,False,False
previously_viewed_2025_2026,cci_h6_chop_m30,public,cost2,PORTFOLIO,48,1,44.231286594518735,45.27917783451872,0.375,1.281145846916802,33.906452388,-2.0370110174816003,14107.696010000001,33,False,,,,,,,,,,,False,False
previously_viewed_2025_2026,cci_h6_chop_m30,public,cost2,BTCUSDT,17,0,-19.147177025171622,-19.147177025171622,0.23529411764705882,0.7380388786344924,14.345786028,-0.5716409971716001,5981.55601,17,False,,,,,,,,,,,False,False
previously_viewed_2025_2026,cci_h6_chop_m30,public,cost2,ETHUSDT,31,1,63.37846361969036,64.42635485969033,0.45161290322580644,1.7324456132960413,19.56066636,-1.4653700203100002,8126.14,23,False,,,,,,,,,,,False,False
previously_viewed_2025_2026,cci_h6_chop_m15,personal,cost1,PORTFOLIO,56,0,8.553443675313535,8.553443675313535,0.3392857142857143,1.04153743886822,15.348315352000002,-1.1892609726865002,19116.83552,37,False,,,,,,,,,,,False,False
previously_viewed_2025_2026,cci_h6_chop_m15,personal,cost1,BTCUSDT,22,0,-69.0688495866133,-69.0688495866133,0.18181818181818182,0.34762820615069984,8.345564112000002,-0.46620547461350015,10411.298420000001,18,False,,,,,,,,,,,False,False
previously_viewed_2025_2026,cci_h6_chop_m15,personal,cost1,ETHUSDT,34,0,77.62229326192683,77.62229326192683,0.4411764705882353,1.7758516035294198,7.00275124,-0.7230554980730001,8705.5371,25,False,,,,,,,,,,,False,False
previously_viewed_2025_2026,cci_h6_chop_m15,personal,cost2,PORTFOLIO,56,0,-33.908992860583176,-33.908992860583176,0.3392857142857143,0.8401874000065936,26.954317168000003,-2.5595756925830004,16784.43169,37,False,,,,,,,,,,,False,False
previously_viewed_2025_2026,cci_h6_chop_m15,personal,cost2,BTCUSDT,22,0,-81.02076880673607,-81.02076880673607,0.18181818181818182,0.26971554736828585,14.480258048000003,-1.0571107587360002,9031.27979,18,False,,,,,,,,,,,False,False
previously_viewed_2025_2026,cci_h6_chop_m15,personal,cost2,ETHUSDT,34,0,47.1117759461529,47.1117759461529,0.4411764705882353,1.4653676903824662,12.474059120000001,-1.502464933847,7753.1519,25,False,,,,,,,,,,,False,False
previously_viewed_2025_2026,cci_h6_chop_m15,public,cost1,PORTFOLIO,56,0,4.575576438987437,4.575576438987437,0.3392857142857143,1.0221290253214501,22.510334796,-1.1601487650126001,18690.624480000002,37,False,,,,,,,,,,,False,False
previously_viewed_2025_2026,cci_h6_chop_m15,public,cost1,BTCUSDT,22,0,-71.01382964732039,-71.01382964732039,0.18181818181818182,0.3356887982042001,12.224649456,-0.4531401913206,10167.09258,18,False,,,,,,,,,,,False,False
previously_viewed_2025_2026,cci_h6_chop_m15,public,cost1,ETHUSDT,34,0,75.58940608630783,75.58940608630783,0.4411764705882353,1.7568805898461848,10.285685339999999,-0.7070085736920001,8523.5319,25,False,,,,,,,,,,,False,False
previously_viewed_2025_2026,cci_h6_chop_m15,public,cost2,PORTFOLIO,56,0,-43.64870769537897,-43.64870769537897,0.32142857142857145,0.7959210868814407,39.068415948,-2.4959017473788,16219.16797,37,False,,,,,,,,,,,False,False
previously_viewed_2025_2026,cci_h6_chop_m15,public,cost2,BTCUSDT,22,0,-83.40939577726888,-83.40939577726888,0.13636363636363635,0.25470532800557755,20.810585628000002,-1.0192201492688,8653.26127,18,False,,,,,,,,,,,False,False
previously_viewed_2025_2026,cci_h6_chop_m15,public,cost2,ETHUSDT,34,0,39.76068808188992,39.76068808188992,0.4411764705882353,1.3899373464479812,18.25783032,-1.47668159811,7565.9067000000005,25,False,,,,,,,,,,,False,False
previously_viewed_2025_2026,cci_h6_chop_m5,personal,cost1,PORTFOLIO,124,0,146.93866292454447,146.93866292454447,0.3387096774193548,1.263735374265439,53.62829174400001,-3.0373653314566003,66985.0409,64,True,,,,,,,,,,,False,False
previously_viewed_2025_2026,cci_h6_chop_m5,personal,cost1,BTCUSDT,56,0,-182.89760427442482,-182.89760427442482,0.19642857142857142,0.36387664339936304,26.646084464000005,-0.6962398104256,33307.516200000005,34,False,,,,,,,,,,,False,False
previously_viewed_2025_2026,cci_h6_chop_m5,personal,cost1,ETHUSDT,68,0,329.8362671989693,329.8362671989693,0.45588235294117646,2.2233138270328268,26.982207280000004,-2.341125521031,33677.5247,47,False,,,,,,,,,,,False,False
previously_viewed_2025_2026,cci_h6_chop_m5,personal,cost2,PORTFOLIO,124,0,-33.364555623919635,-33.364555623919635,0.25806451612903225,0.9405793366404945,86.40282974400002,-6.79518587992,53960.93695,64,True,,,,,,,,,,,False,False
previously_viewed_2025_2026,cci_h6_chop_m5,personal,cost2,BTCUSDT,56,0,-211.47638069950486,-211.47638069950486,0.16071428571428573,0.2782946924403294,42.886322064000005,-2.321518635505,26807.450650000002,34,False,,,,,,,,,,,False,False
previously_viewed_2025_2026,cci_h6_chop_m5,personal,cost2,ETHUSDT,68,0,178.11182507558522,178.11182507558522,0.3382352941176471,1.6634221211393845,43.516507680000004,-4.473667244415,27153.4863,47,False,,,,,,,,,,,False,False
previously_viewed_2025_2026,cci_h6_chop_m5,public,cost1,PORTFOLIO,124,0,113.23193487952945,113.23193487952945,0.3225806451612903,1.2023594551837982,77.89517213399999,-2.9901229864716004,64863.43637,64,True,,,,,,,,,,,False,False
previously_viewed_2025_2026,cci_h6_chop_m5,public,cost1,BTCUSDT,56,0,-189.81028105219787,-189.81028105219787,0.17857142857142858,0.34422919963666493,38.624981454,-0.7015295981986001,32187.583670000004,34,False,,,,,,,,,,,False,False
previously_viewed_2025_2026,cci_h6_chop_m5,public,cost1,ETHUSDT,68,0,303.0422159317273,303.0422159317273,0.4411764705882353,2.121911781830282,39.27019068,-2.288593388273,32675.852700000003,47,False,,,,,,,,,,,False,False
previously_viewed_2025_2026,cci_h6_chop_m5,public,cost2,PORTFOLIO,124,0,-75.13405724088167,-75.13405724088167,0.25806451612903225,0.8660436942672354,121.568298576,-6.467858664882001,50612.685620000004,64,True,,,,,,,,,,,False,False
previously_viewed_2025_2026,cci_h6_chop_m5,public,cost2,BTCUSDT,56,0,-216.94320435987285,-216.94320435987285,0.16071428571428573,0.2600956054224796,60.446595696,-2.247108663873,25190.245420000003,34,False,,,,,,,,,,,False,False
previously_viewed_2025_2026,cci_h6_chop_m5,public,cost2,ETHUSDT,68,0,141.80914711899118,141.80914711899118,0.3382352941176471,1.5297703048466595,61.121702879999994,-4.220750001009001,25422.4402,47,False,,,,,,,,,,,False,False
previously_viewed_2025_2026,cci_h6_chop_m3,personal,cost1,PORTFOLIO,134,0,139.04806056382355,139.04806056382355,0.3358208955223881,1.2133182477280045,69.158994344,-3.5425450921772,86408.29411,66,True,0.14971921238613986,927.8197915489305,-283.22761314245054,-589.5176785734014,411.83097041606254,-101.91932401158242,-327.9692809814603,-629.9282112963677,394.5295001086104,-105.4524930320608,True,False
previously_viewed_2025_2026,cci_h6_chop_m3,personal,cost1,BTCUSDT,61,0,-160.2130791484088,-160.2130791484088,0.22950819672131148,0.5126891038140321,35.35878142400001,-1.0273977244092003,44202.836910000005,34,False,,,-305.15022376492465,-469.6544057480596,243.1865589322172,11.318192323268871,-302.4332910615553,-456.7703809067597,227.96637342519503,-1.024010337162184,True,False
previously_viewed_2025_2026,cci_h6_chop_m3,personal,cost1,ETHUSDT,73,0,299.26113971223236,299.26113971223236,0.4246575342465753,1.926321153361463,33.80021292,-2.515147367768,42205.457200000004,50,False,,,-51.19842229773595,-290.4238029016293,31.522158319235736,-428.65005415686596,-89.92199822110939,-303.46801889463404,23.584995037771254,-415.545736526002,True,False
previously_viewed_2025_2026,cci_h6_chop_m3,personal,cost2,PORTFOLIO,134,0,-68.72926917444765,-68.72926917444765,0.27611940298507465,0.8924633991939094,107.16155290400002,-7.4142862704481,66947.75934,66,True,0.21959419759220147,837.3322412326562,-386.0656479312769,-640.0705837940604,450.26534342784646,90.38642915062788,-412.72259645888596,-665.3854601715169,415.4919934070813,32.49569460384956,True,False
previously_viewed_2025_2026,cci_h6_chop_m3,personal,cost2,BTCUSDT,61,0,-200.73799366405683,-200.73799366405683,0.19672131147540983,0.3873015194789726,54.86658194400001,-2.8224817200571,34302.53794,34,False,,,-327.54539402022976,-477.0317666829951,220.71498058827837,44.20463123894398,-324.60202364780065,-463.7762966375965,189.2333995228995,5.588691203561866,True,False
previously_viewed_2025_2026,cci_h6_chop_m3,personal,cost2,ETHUSDT,73,0,132.0087244896092,132.0087244896092,0.3424657534246575,1.4237906897683401,52.29497096000001,-4.591804550391,32645.221400000002,50,False,,,-123.4989894313454,-316.97910078573665,135.65096036391134,-173.45770065991428,-143.90307915575204,-320.4784913391682,128.24742717891488,-171.1195548035799,True,False
previously_viewed_2025_2026,cci_h6_chop_m3,public,cost1,PORTFOLIO,134,0,99.42135193443495,99.42135193443495,0.3283582089552239,1.1524652591202917,99.661520532,-3.4327675335658,83013.12007,66,True,0.16237420319049836,912.7092034430538,-304.5906690084972,-599.1178774613437,446.5973662358292,-30.162002323323332,-345.3514122374138,-636.0581229442186,426.4528098513391,-42.8106288637368,True,False
previously_viewed_2025_2026,cci_h6_chop_m3,public,cost1,BTCUSDT,61,0,-167.5206572210774,-167.5206572210774,0.22950819672131148,0.4912706027438985,50.907047952,-1.0199492690778,42427.46117,34,False,,,-309.7522293768301,-471.52179647299386,253.0426266577122,33.45581930004141,-306.53803524764305,-457.9826548170187,234.2292901831914,24.404511360901918,True,False
previously_viewed_2025_2026,cci_h6_chop_m3,public,cost1,ETHUSDT,73,0,266.9420091555124,266.9420091555124,0.410958904109589,1.8269589847624075,48.75447258,-2.412818264488,40585.6589,50,False,,,-66.35159121520095,-297.84934816755776,67.45865787955104,-357.5045863782647,-101.7099931994901,-308.0860064193787,59.04220692800963,-346.7735125491504,True,False
previously_viewed_2025_2026,cci_h6_chop_m3,public,cost2,PORTFOLIO,134,0,-109.30114653862248,-109.30114653862248,0.26865671641791045,0.8274582480548829,149.15681934,-6.967477198622901,62121.27313,66,True,0.23104608270511984,820.0498129093052,-404.92750344794956,-649.3884449510119,440.13785235287696,101.78842818993182,-429.36571415438686,-670.2387791141047,399.71287915469884,37.28241465314281,True,False
previously_viewed_2025_2026,cci_h6_chop_m3,public,cost2,BTCUSDT,61,0,-210.68232215250165,-210.68232215250165,0.18032786885245902,0.35606992011695376,76.65714186,-2.6678302925019004,31951.203030000004,34,False,,,-333.17095920415545,-478.0830018308058,209.7470874105538,40.93049563260948,-330.8035893045614,-467.92710327862557,175.70305439736563,-4.12398870445123,True,False
previously_viewed_2025_2026,cci_h6_chop_m3,public,cost2,ETHUSDT,73,0,101.3811756138792,101.3811756138792,0.3424657534246575,1.330992453839781,72.49967748,-4.2996469061210005,30170.0701,50,False,,,-134.7663495866295,-317.84791296385384,141.88720777006773,-147.28380193460137,-151.73061775577955,-321.63773367109115,131.58113565871713,-151.56570235379124,True,False
previously_viewed_2025_2026,cci_h6_chop_m1,personal,cost1,PORTFOLIO,166,1,150.79435220714674,151.07589140714677,0.29518072289156627,1.180376404461547,95.26921890000001,-3.6126188928536997,119116.81869000001,67,True,,,,,,,,,,,False,False
previously_viewed_2025_2026,cci_h6_chop_m1,personal,cost1,BTCUSDT,77,0,-247.47488135362468,-247.47488135362468,0.19480519480519481,0.4328300931971016,48.17336714000001,-1.1825042136247,60256.56609000001,39,False,,,,,,,,,,,False,False
previously_viewed_2025_2026,cci_h6_chop_m1,personal,cost1,ETHUSDT,89,1,398.2692335607714,398.55077276077145,0.38202247191011235,1.9933319382762658,47.09585176,-2.430114679229,58860.2526,51,False,,,,,,,,,,,False,False
previously_viewed_2025_2026,cci_h6_chop_m1,personal,cost2,PORTFOLIO,166,1,-120.50999987982698,-119.68449107982701,0.25301204819277107,0.850588692403453,141.81515294400003,-7.938866935827301,88663.40096000001,67,True,,,,,,,,,,,False,False
previously_viewed_2025_2026,cci_h6_chop_m1,personal,cost2,BTCUSDT,77,0,-288.12979383939313,-288.12979383939313,0.15584415584415584,0.32547016678012325,72.62386286400002,-3.2055509753933,45430.94466,39,False,,,,,,,,,,,False,False
previously_viewed_2025_2026,cci_h6_chop_m1,personal,cost2,ETHUSDT,89,1,167.61979395956618,168.44530275956615,0.33707865168539325,1.450528371088289,69.19129008,-4.733315960434,43232.456300000005,51,False,,,,,,,,,,,False,False
previously_viewed_2025_2026,cci_h6_chop_m1,public,cost1,PORTFOLIO,166,1,90.61806297210755,91.03077177210758,0.2891566265060241,1.1089486655023588,136.571972238,-3.5053747898929,113840.9333,67,True,,,,,,,,,,,False,False
previously_viewed_2025_2026,cci_h6_chop_m1,public,cost1,BTCUSDT,77,0,-255.77404204305589,-255.77404204305589,0.19480519480519481,0.41396001945988703,69.217558098,-1.1841939450559,57719.793600000005,39,False,,,,,,,,,,,False,False
previously_viewed_2025_2026,cci_h6_chop_m1,public,cost1,ETHUSDT,89,1,346.39210501516345,346.80481381516347,0.3707865168539326,1.868981360040423,67.35441414,-2.3211808448370004,56121.1397,51,False,,,,,,,,,,,False,False
previously_viewed_2025_2026,cci_h6_chop_m1,public,cost2,PORTFOLIO,166,1,-172.84470715937488,-171.9360287593749,0.2469879518072289,0.7824661427698596,195.5338296,-7.4177775593752004,81497.82775000001,67,True,,,,,,,,,,,False,False
previously_viewed_2025_2026,cci_h6_chop_m1,public,cost2,BTCUSDT,77,0,-295.5057703219821,-295.5057703219821,0.14285714285714285,0.30202314678598835,100.48323648,-3.0298338419822,41906.94355,39,False,,,,,,,,,,,False,False
previously_viewed_2025_2026,cci_h6_chop_m1,public,cost2,ETHUSDT,89,1,122.66106316260719,123.56974156260716,0.33707865168539325,1.3366906430278525,95.05059312,-4.387943717393,39590.8842,51,False,,,,,,,,,,,False,False
previously_viewed_2025_2026,cci_h4_chop_w,personal,cost1,PORTFOLIO,17,1,-9.109088314057649,-17.186740374857607,0.29411764705882354,0.7658278336770159,9.780639812000002,-1.6081785020580002,12222.736060000001,10,False,,,,,,,,,,,False,False
previously_viewed_2025_2026,cci_h4_chop_w,personal,cost1,BTCUSDT,7,0,-6.708443329735813,-6.708443329735813,0.2857142857142857,0.728393185503328,3.877807772000001,-0.737065557736,4846.38266,4,False,,,,,,,,,,,False,False
previously_viewed_2025_2026,cci_h4_chop_w,personal,cost1,ETHUSDT,10,1,-2.4006449843218367,-10.478297045121794,0.3,0.784815642122309,5.902832040000001,-0.871112944322,7376.353400000001,6,False,,,,,,,,,,,False,False
previously_viewed_2025_2026,cci_h4_chop_w,personal,cost2,PORTFOLIO,17,1,-33.327212987812985,-39.92017201501298,0.29411764705882354,0.5036517549227719,16.512707616,-2.7820053718129003,10325.08674,10,False,,,,,,,,,,,False,False
previously_viewed_2025_2026,cci_h4_chop_w,personal,cost2,BTCUSDT,7,0,-15.611242059868989,-15.611242059868989,0.2857142857142857,0.451255179894557,6.509416496000001,-1.2726255638689001,4069.9281400000004,4,False,,,,,,,,,,,False,False
previously_viewed_2025_2026,cci_h4_chop_w,personal,cost2,ETHUSDT,10,1,-17.715970927943996,-24.308929955143995,0.3,0.5323294413679983,10.00329112,-1.5093798079440002,6255.158600000001,6,False,,,,,,,,,,,False,False
previously_viewed_2025_2026,cci_h4_chop_w,public,cost1,PORTFOLIO,17,1,-14.336150297044453,-22.26245815784441,0.29411764705882354,0.705386811703085,14.343348534,-1.5676717630448,11950.109230000002,10,False,,,,,,,,,,,False,False
previously_viewed_2025_2026,cci_h4_chop_w,public,cost1,BTCUSDT,7,0,-8.063285723272617,-8.063285723272617,0.2857142857142857,0.6812254474272502,5.643227514,-0.7180282092728001,4701.646830000001,4,False,,,,,,,,,,,False,False
previously_viewed_2025_2026,cci_h4_chop_w,public,cost1,ETHUSDT,10,1,-6.272864573771836,-14.199172434571793,0.3,0.7175441203840789,8.70012102,-0.8496435537720001,7248.4624,6,False,,,,,,,,,,,False,False
previously_viewed_2025_2026,cci_h4_chop_w,public,cost2,PORTFOLIO,17,1,-38.701345002743786,-44.52770853554379,0.29411764705882354,0.4496767717540885,23.201322347999998,-2.6097726547437,9671.374220000002,10,False,,,,,,,,,,,False,False
previously_viewed_2025_2026,cci_h4_chop_w,public,cost2,BTCUSDT,7,0,-17.751798709367787,-17.751798709367787,0.2857142857142857,0.39444081442544215,9.301621908,-1.2212268013677001,3877.0017200000007,4,False,,,,,,,,,,,False,False
previously_viewed_2025_2026,cci_h4_chop_w,public,cost2,ETHUSDT,10,1,-20.949546293376,-26.775909826175997,0.3,0.481058838154929,13.899700439999998,-1.388545853376,5794.3725,6,False,,,,,,,,,,,False,False
previously_viewed_2025_2026,cci_h4_chop_d,personal,cost1,PORTFOLIO,36,0,141.2298996715454,141.2298996715454,0.3888888888888889,1.985273025079928,17.229821108000003,-2.3736292204548,21522.15637,16,False,,,,,,,,,,,False,False
previously_viewed_2025_2026,cci_h4_chop_d,personal,cost1,BTCUSDT,14,0,-16.029980178739496,-16.029980178739496,0.2857142857142857,0.7112650180269666,8.372448948,-0.7386812307398001,10481.657770000002,10,False,,,,,,,,,,,False,False
previously_viewed_2025_2026,cci_h4_chop_d,personal,cost1,ETHUSDT,22,0,157.2598798502849,157.2598798502849,0.45454545454545453,2.790647629434513,8.85737216,-1.634947989715,11040.4986,12,False,,,,,,,,,,,False,False
previously_viewed_2025_2026,cci_h4_chop_d,personal,cost2,PORTFOLIO,36,0,80.62418526507416,80.62418526507416,0.3055555555555556,1.5246314231984424,28.538674272000005,-4.5907404629258,17828.167980000002,16,False,,,,,,,,,,,False,False
previously_viewed_2025_2026,cci_h4_chop_d,personal,cost2,BTCUSDT,14,0,-34.331968891079796,-34.331968891079796,0.07142857142857142,0.46393382658816107,13.547577632000003,-1.5993912590798,8483.20778,10,False,,,,,,,,,,,False,False
previously_viewed_2025_2026,cci_h4_chop_d,personal,cost2,ETHUSDT,22,0,114.95615415615396,114.95615415615396,0.45454545454545453,2.2825133904968706,14.991096640000002,-2.991349203846,9344.960200000001,12,False,,,,,,,,,,,False,False
previously_viewed_2025_2026,cci_h4_chop_d,public,cost1,PORTFOLIO,36,0,131.54617347126617,131.54617347126617,0.3888888888888889,1.90370542435159,25.149346368,-2.3275401607340003,20944.45519,16,False,,,,,,,,,,,False,False
previously_viewed_2025_2026,cci_h4_chop_d,public,cost1,BTCUSDT,14,0,-19.16062263991172,-19.16062263991172,0.2857142857142857,0.6618363857797304,12.117278268000002,-0.7163043719120001,10113.509590000001,10,False,,,,,,,,,,,False,False
previously_viewed_2025_2026,cci_h4_chop_d,public,cost1,ETHUSDT,22,0,150.7067961111779,150.7067961111779,0.45454545454545453,2.69519557122515,13.0320681,-1.6112357888220001,10830.945600000001,12,False,,,,,,,,,,,False,False
previously_viewed_2025_2026,cci_h4_chop_d,public,cost2,PORTFOLIO,36,0,65.48012290347776,65.48012290347776,0.3055555555555556,1.4181420659337365,40.600109496,-4.3722276005222,16908.05706,16,False,,,,,,,,,,,False,False
previously_viewed_2025_2026,cci_h4_chop_d,public,cost2,BTCUSDT,14,0,-38.44149059512719,-38.44149059512719,0.07142857142857142,0.42537106738300906,19.148979696,-1.5058708991272,7993.982260000001,10,False,,,,,,,,,,,False,False
previously_viewed_2025_2026,cci_h4_chop_d,public,cost2,ETHUSDT,22,0,103.92161349860496,103.92161349860496,0.45454545454545453,2.158548341138105,21.4511298,-2.866356701395,8914.0748,12,False,,,,,,,,,,,False,False
previously_viewed_2025_2026,cci_h4_chop_h12,personal,cost1,PORTFOLIO,42,0,297.4717463906901,297.4717463906901,0.4523809523809524,2.996441448539298,19.035538608000003,-2.6255950013100002,23843.89308,24,False,,,,,,,,,,,False,False
previously_viewed_2025_2026,cci_h4_chop_h12,personal,cost1,BTCUSDT,15,0,80.32149544546805,80.32149544546805,0.4,2.443818441347433,8.159853608,-0.9714309465320001,10268.051580000001,12,False,,,,,,,,,,,False,False
previously_viewed_2025_2026,cci_h4_chop_h12,personal,cost1,ETHUSDT,27,0,217.15025094522204,217.15025094522204,0.48148148148148145,3.3257039363391185,10.875685,-1.654164054778,13575.8415,19,False,,,,,,,,,,,False,False
previously_viewed_2025_2026,cci_h4_chop_h12,personal,cost2,PORTFOLIO,42,0,202.95354865765884,202.95354865765884,0.38095238095238093,2.2985420934695973,31.877060888000003,-4.903000454341201,19962.050310000002,24,False,,,,,,,,,,,False,False
previously_viewed_2025_2026,cci_h4_chop_h12,personal,cost2,BTCUSDT,15,0,46.102863470895805,46.102863470895805,0.2,1.7543602395253457,13.367503608000002,-1.8488429211042003,8413.81341,12,False,,,,,,,,,,,False,False
previously_viewed_2025_2026,cci_h4_chop_h12,personal,cost2,ETHUSDT,27,0,156.85068518676303,156.85068518676303,0.48148148148148145,2.647968429093343,18.509557280000003,-3.0541575332370003,11548.2369,19,False,,,,,,,,,,,False,False
previously_viewed_2025_2026,cci_h4_chop_h12,public,cost1,PORTFOLIO,42,0,281.8774201365535,281.8774201365535,0.4523809523809524,2.8972266499992103,27.626567892,-2.5623519714466,23069.422650000004,24,False,,,,,,,,,,,False,False
previously_viewed_2025_2026,cci_h4_chop_h12,public,cost1,BTCUSDT,15,0,74.53478974259845,74.53478974259845,0.4,2.329439591877684,11.841721512000001,-0.9391287454016001,9934.450350000001,12,False,,,,,,,,,,,False,False
previously_viewed_2025_2026,cci_h4_chop_h12,public,cost1,ETHUSDT,27,0,207.34263039395506,207.34263039395506,0.48148148148148145,3.241333941902337,15.78484638,-1.6232232260450001,13134.972300000001,19,False,,,,,,,,,,,False,False
previously_viewed_2025_2026,cci_h4_chop_h12,public,cost2,PORTFOLIO,42,0,170.61931615334345,170.61931615334345,0.35714285714285715,2.0833689485461164,45.027155604,-4.6000782426566005,18797.8448,24,False,,,,,,,,,,,False,False
previously_viewed_2025_2026,cci_h4_chop_h12,public,cost2,BTCUSDT,15,0,36.41115565941641,36.41115565941641,0.13333333333333333,1.576411508756897,18.917403204,-1.7433911365836001,7937.777000000001,12,False,,,,,,,,,,,False,False
previously_viewed_2025_2026,cci_h4_chop_h12,public,cost2,ETHUSDT,27,0,134.20816049392704,134.20816049392704,0.48148148148148145,2.422888990593049,26.109752399999998,-2.856687106073,10860.0678,19,False,,,,,,,,,,,False,False
previously_viewed_2025_2026,cci_h4_chop_h6,personal,cost1,PORTFOLIO,45,1,246.5085212417245,237.67707888652455,0.4444444444444444,2.578480193836021,20.095801116000004,-1.8478276422758002,25171.782870000003,28,False,,,,,,,,,,,False,False
previously_viewed_2025_2026,cci_h4_chop_h6,personal,cost1,BTCUSDT,20,0,-5.262653696858629,-5.262653696858629,0.4,0.9384431730332677,11.269355036000002,-0.8490486608588,14102.54627,14,False,,,,,,,,,,,False,False
previously_viewed_2025_2026,cci_h4_chop_h6,personal,cost1,ETHUSDT,25,1,251.77117493858313,242.93973258338318,0.48,4.7328963932450545,8.826446080000002,-0.9987789814170001,11069.2366,18,False,,,,,,,,,,,False,False
previously_viewed_2025_2026,cci_h4_chop_h6,personal,cost2,PORTFOLIO,45,1,142.1307547891991,135.3809250675991,0.35555555555555557,1.834465991596337,33.349137312,-3.6501278988007,20885.80366,28,False,,,,,,,,,,,False,False
previously_viewed_2025_2026,cci_h4_chop_h6,personal,cost2,BTCUSDT,20,0,-30.158059461316927,-30.158059461316927,0.2,0.6673853950082035,18.260164752,-1.6270147093167,11426.829660000001,14,False,,,,,,,,,,,False,False
previously_viewed_2025_2026,cci_h4_chop_h6,personal,cost2,ETHUSDT,25,1,172.28881425051603,165.53898452891605,0.48,3.313065628794012,15.08897256,-2.023113189484,9458.974,18,False,,,,,,,,,,,False,False
previously_viewed_2025_2026,cci_h4_chop_h6,public,cost1,PORTFOLIO,45,1,226.03165893160218,217.37326137640224,0.4222222222222222,2.4182501550894115,29.369485518,-1.7864855503981003,24523.122880000003,28,False,,,,,,,,,,,False,False
previously_viewed_2025_2026,cci_h4_chop_h6,public,cost1,BTCUSDT,20,0,-10.745197001271928,-10.745197001271928,0.35,0.8762484372139228,16.427448918,-0.8157780832721002,13705.026880000001,14,False,,,,,,,,,,,False,False
previously_viewed_2025_2026,cci_h4_chop_h6,public,cost1,ETHUSDT,25,1,236.7768559328741,228.11845837767416,0.48,4.433458154840483,12.9420366,-0.9707074671260001,10818.096000000001,18,False,,,,,,,,,,,False,False
previously_viewed_2025_2026,cci_h4_chop_h6,public,cost2,PORTFOLIO,45,1,116.46980967591793,110.02280555431793,0.3333333333333333,1.6684750343030679,47.019013632,-3.3880966920819,19629.55944,28,False,,,,,,,,,,,False,False
previously_viewed_2025_2026,cci_h4_chop_h6,public,cost2,BTCUSDT,20,0,-35.05072260291311,-35.05072260291311,0.15,0.6206258960711911,25.708906992,-1.5309356109129,10725.45014,14,False,,,,,,,,,,,False,False
previously_viewed_2025_2026,cci_h4_chop_h6,public,cost2,ETHUSDT,25,1,151.52053227883104,145.07352815723104,0.48,3.009416723307333,21.31010664,-1.8571610811689998,8904.1093,18,False,,,,,,,,,,,False,False
previously_viewed_2025_2026,cci_h4_chop_h4,personal,cost1,PORTFOLIO,50,0,101.60189866174895,101.60189866174895,0.44,1.5461889529259718,21.792766364000002,-1.9627849742515002,27193.64625,32,False,,,,,,,,,,,False,False
previously_viewed_2025_2026,cci_h4_chop_h4,personal,cost1,BTCUSDT,17,0,17.533852434588592,17.533852434588592,0.4117647058823529,1.2608602203430923,8.180592804000002,-0.5341047614115,10218.47075,13,False,,,,,,,,,,,False,False
previously_viewed_2025_2026,cci_h4_chop_h4,personal,cost1,ETHUSDT,33,0,84.06804622716035,84.06804622716035,0.45454545454545453,1.7076185932624424,13.61217356,-1.42868021284,16975.1755,25,False,,,,,,,,,,,False,False
previously_viewed_2025_2026,cci_h4_chop_h4,personal,cost2,PORTFOLIO,50,0,35.689801341149824,35.689801341149824,0.4,1.18357698570129,36.328977288000004,-3.6808713708503,22670.450530000002,32,False,,,,,,,,,,,False,False
previously_viewed_2025_2026,cci_h4_chop_h4,personal,cost2,BTCUSDT,17,0,-3.7791861195493244,-3.7791861195493244,0.35294117647058826,0.9464723126263381,13.732946248000003,-1.0922898715493001,8578.49543,13,False,,,,,,,,,,,False,False
previously_viewed_2025_2026,cci_h4_chop_h4,personal,cost2,ETHUSDT,33,0,39.46898746069915,39.46898746069915,0.42424242424242425,1.3187846606098743,22.59603104,-2.588581499301,14091.955100000001,25,False,,,,,,,,,,,False,False
previously_viewed_2025_2026,cci_h4_chop_h4,public,cost1,PORTFOLIO,50,0,91.39652770777144,91.39652770777144,0.42,1.4864143061201487,32.065673406,-1.9333688862290002,26677.140590000003,32,False,,,,,,,,,,,False,False
previously_viewed_2025_2026,cci_h4_chop_h4,public,cost1,BTCUSDT,17,0,13.333117581582089,13.333117581582089,0.35294117647058826,1.194016579875645,12.102283746000001,-0.5268686724180001,10077.849290000002,13,False,,,,,,,,,,,False,False
previously_viewed_2025_2026,cci_h4_chop_h4,public,cost1,ETHUSDT,33,0,78.06341012618934,78.06341012618934,0.45454545454545453,1.6550208680452052,19.96338966,-1.406500213811,16599.2913,25,False,,,,,,,,,,,False,False
previously_viewed_2025_2026,cci_h4_chop_h4,public,cost2,PORTFOLIO,50,0,17.57773421398853,17.57773421398853,0.38,1.0895665778595731,51.239139959999996,-3.4738258260116,21318.635870000002,32,False,,,,,,,,,,,False,False
previously_viewed_2025_2026,cci_h4_chop_h4,public,cost2,BTCUSDT,17,0,-9.926674307748609,-9.926674307748609,0.29411764705882354,0.8603630855783974,19.3516074,-1.0309669077486001,8059.007670000001,13,False,,,,,,,,,,,False,False
previously_viewed_2025_2026,cci_h4_chop_h4,public,cost2,ETHUSDT,33,0,27.50440852173714,27.50440852173714,0.42424242424242425,1.219746800883323,31.887532559999997,-2.442858918263,13259.628200000001,25,False,,,,,,,,,,,False,False
previously_viewed_2025_2026,cci_h4_chop_h1,personal,cost1,PORTFOLIO,67,0,131.9764957218073,131.9764957218073,0.417910447761194,1.7634976471061465,18.534148124,-1.1909061541928,23130.09373,43,False,,,,,,,,,,,False,False
previously_viewed_2025_2026,cci_h4_chop_h1,personal,cost1,BTCUSDT,28,0,1.6965376273703896,1.6965376273703896,0.2857142857142857,1.0197055774791892,10.185765444000001,-0.0433469286298,12744.18483,21,False,,,,,,,,,,,False,False
previously_viewed_2025_2026,cci_h4_chop_h1,personal,cost1,ETHUSDT,39,0,130.27995809443692,130.27995809443692,0.5128205128205128,2.501552982297276,8.34838268,-1.147559225563,10385.9089,31,False,,,,,,,,,,,False,False
previously_viewed_2025_2026,cci_h4_chop_h1,personal,cost2,PORTFOLIO,67,0,68.06032026988763,68.06032026988763,0.3880597014925373,1.3648033360330925,32.441560672,-3.0865790581124,20243.365670000003,43,False,,,,,,,,,,,False,False
previously_viewed_2025_2026,cci_h4_chop_h1,personal,cost2,BTCUSDT,28,0,-25.877665027393565,-25.877665027393565,0.2857142857142857,0.7292978801387976,17.509306112000004,-0.6450189153934001,10953.010470000001,21,False,,,,,,,,,,,False,False
previously_viewed_2025_2026,cci_h4_chop_h1,personal,cost2,ETHUSDT,39,0,93.93798529728119,93.93798529728119,0.46153846153846156,2.032597159940854,14.932254560000002,-2.441560142719,9290.3552,31,False,,,,,,,,,,,False,False
previously_viewed_2025_2026,cci_h4_chop_h1,public,cost1,PORTFOLIO,67,0,123.85541879643932,123.85541879643932,0.417910447761194,1.7055415921481423,27.258248064,-1.1890331395608003,22677.552020000003,43,False,,,,,,,,,,,False,False
previously_viewed_2025_2026,cci_h4_chop_h1,public,cost1,BTCUSDT,28,0,-2.425302540184606,-2.425302540184606,0.2857142857142857,0.9723148216796538,14.899318704,-0.03908383618480007,12428.036520000001,21,False,,,,,,,,,,,False,False
previously_viewed_2025_2026,cci_h4_chop_h1,public,cost1,ETHUSDT,39,0,126.28072133662394,126.28072133662394,0.5128205128205128,2.435927441892626,12.35892936,-1.1499493033760002,10249.5155,31,False,,,,,,,,,,,False,False
previously_viewed_2025_2026,cci_h4_chop_h1,public,cost2,PORTFOLIO,67,0,55.340888123656946,55.340888123656946,0.373134328358209,1.2923302696946108,46.834262267999996,-3.0159596083431004,19481.94206,43,False,,,,,,,,,,,False,False
previously_viewed_2025_2026,cci_h4_chop_h1,public,cost2,BTCUSDT,28,0,-32.676859885043235,-32.676859885043235,0.25,0.6649601329871635,25.151549028,-0.6175208570431,10489.472860000002,21,False,,,,,,,,,,,False,False
previously_viewed_2025_2026,cci_h4_chop_h1,public,cost2,ETHUSDT,39,0,88.01774800870018,88.01774800870018,0.46153846153846156,1.959026631342002,21.682713239999998,-2.3984387513,8992.4692,31,False,,,,,,,,,,,False,False
previously_viewed_2025_2026,cci_h4_chop_m30,personal,cost1,PORTFOLIO,58,1,183.54021430432698,183.60721994432703,0.3620689655172414,2.1986140995040713,14.143436820000002,-0.8515588756732002,17706.82457,38,False,,,,,,,,,,,False,False
previously_viewed_2025_2026,cci_h4_chop_m30,personal,cost1,BTCUSDT,24,0,31.046807285680092,31.046807285680092,0.20833333333333334,1.4012311692365131,6.912298500000001,-0.028704214320200067,8675.643370000002,23,False,,,,,,,,,,,False,False
previously_viewed_2025_2026,cci_h4_chop_m30,personal,cost1,ETHUSDT,34,1,152.49340701864688,152.56041265864692,0.47058823529411764,3.0125620730951077,7.23113832,-0.8228546613530001,9031.1812,25,False,,,,,,,,,,,False,False
previously_viewed_2025_2026,cci_h4_chop_m30,personal,cost2,PORTFOLIO,58,1,118.85487316346632,119.7357758834663,0.3448275862068966,1.7386212333567532,25.216521280000002,-2.2933655565338,15782.382160000001,38,False,,,,,,,,,,,False,False
previously_viewed_2025_2026,cci_h4_chop_m30,personal,cost2,BTCUSDT,24,0,4.904424798744169,4.904424798744169,0.20833333333333334,1.0574010242908258,12.428163920000003,-0.5444712812558,7798.152960000001,23,False,,,,,,,,,,,False,False
previously_viewed_2025_2026,cci_h4_chop_m30,personal,cost2,ETHUSDT,34,1,113.95044836472216,114.83135108472213,0.4411764705882353,2.4978186440738845,12.788357360000001,-1.7488942752780001,7984.229200000001,25,False,,,,,,,,,,,False,False
previously_viewed_2025_2026,cci_h4_chop_m30,public,cost1,PORTFOLIO,58,1,169.52300037916956,169.7320588391696,0.3620689655172414,2.099670840991247,20.74140774,-0.8226918808306001,17313.50026,38,False,,,,,,,,,,,False,False
previously_viewed_2025_2026,cci_h4_chop_m30,public,cost1,BTCUSDT,24,0,27.670568639969677,27.670568639969677,0.20833333333333334,1.352329752713677,10.16930094,-0.02983042003059999,8509.03636,23,False,,,,,,,,,,,False,False
previously_viewed_2025_2026,cci_h4_chop_m30,public,cost1,ETHUSDT,34,1,141.8524317391999,142.06149019919994,0.47058823529411764,2.873863992508521,10.5721068,-0.7928614608000001,8804.4639,25,False,,,,,,,,,,,False,False
previously_viewed_2025_2026,cci_h4_chop_m30,public,cost2,PORTFOLIO,58,1,105.26329185581504,106.31118309581503,0.3275862068965517,1.639888604196995,36.837379116,-2.2505990281851003,15369.662320000001,38,False,,,,,,,,,,,False,False
previously_viewed_2025_2026,cci_h4_chop_m30,public,cost2,BTCUSDT,24,0,-0.9930165601931253,-0.9930165601931253,0.16666666666666666,0.988627808097589,18.026837556,-0.5175490041931,7541.018120000001,23,False,,,,,,,,,,,False,False
previously_viewed_2025_2026,cci_h4_chop_m30,public,cost2,ETHUSDT,34,1,106.25630841600817,107.30419965600814,0.4411764705882353,2.3613755375350483,18.81054156,-1.7330500239920001,7828.6442,25,False,,,,,,,,,,,False,False
previously_viewed_2025_2026,cci_h4_chop_m15,personal,cost1,PORTFOLIO,72,0,43.51562630259407,43.51562630259407,0.3472222222222222,1.177295570446663,21.006260960000002,-1.6871527374064001,26205.250430000004,50,False,,,,,,,,,,,False,False
previously_viewed_2025_2026,cci_h4_chop_m15,personal,cost1,BTCUSDT,33,0,-91.0174928150319,-91.0174928150319,0.15151515151515152,0.37516445275998195,12.483266200000001,-0.5489666150324001,15603.703030000002,27,False,,,,,,,,,,,False,False
previously_viewed_2025_2026,cci_h4_chop_m15,personal,cost1,ETHUSDT,39,0,134.53311911762597,134.53311911762597,0.5128205128205128,2.34836745029424,8.522994760000001,-1.138186122374,10601.5474,31,False,,,,,,,,,,,False,False
previously_viewed_2025_2026,cci_h4_chop_m15,personal,cost2,PORTFOLIO,72,0,-18.094308536538932,-18.094308536538932,0.3333333333333333,0.9295234051850418,36.694668728,-3.5860498085389003,22892.309360000003,50,False,,,,,,,,,,,False,False
previously_viewed_2025_2026,cci_h4_chop_m15,personal,cost2,BTCUSDT,33,0,-112.63370177262695,-112.63370177262695,0.15151515151515152,0.272047424891627,21.572828168000004,-1.3031836046269,13484.964960000001,27,False,,,,,,,,,,,False,False
previously_viewed_2025_2026,cci_h4_chop_m15,personal,cost2,ETHUSDT,39,0,94.53939323608802,94.53939323608802,0.48717948717948717,1.9267169599432301,15.121840560000003,-2.282866203912,9407.3444,31,False,,,,,,,,,,,False,False
previously_viewed_2025_2026,cci_h4_chop_m15,public,cost1,PORTFOLIO,72,0,33.17895193059616,33.17895193059616,0.3472222222222222,1.1338120500646698,30.831768582,-1.6601094874043,25642.482030000003,50,False,,,,,,,,,,,False,False
previously_viewed_2025_2026,cci_h4_chop_m15,public,cost1,BTCUSDT,33,0,-94.83725757531882,-94.83725757531882,0.15151515151515152,0.35657092972308524,18.278759862,-0.5365277133193,15232.36813,27,False,,,,,,,,,,,False,False
previously_viewed_2025_2026,cci_h4_chop_m15,public,cost1,ETHUSDT,39,0,128.016209505915,128.016209505915,0.5128205128205128,2.2730532767355722,12.55300872,-1.123581774085,10410.1139,31,False,,,,,,,,,,,False,False
previously_viewed_2025_2026,cci_h4_chop_m15,public,cost2,PORTFOLIO,72,0,-34.979588281418025,-34.979588281418025,0.3194444444444444,0.865192566180816,52.590779568,-3.478008713418,21871.14728,50,False,,,,,,,,,,,False,False
previously_viewed_2025_2026,cci_h4_chop_m15,public,cost2,BTCUSDT,33,0,-118.31356997624404,-118.31356997624404,0.12121212121212122,0.24618556759463847,30.990565128,-1.2493048482440001,12914.669580000002,27,False,,,,,,,,,,,False,False
previously_viewed_2025_2026,cci_h4_chop_m15,public,cost2,ETHUSDT,39,0,83.33398169482602,83.33398169482602,0.48717948717948717,1.8128161419321092,21.60021444,-2.2287038651740003,8956.477700000001,31,False,,,,,,,,,,,False,False
previously_viewed_2025_2026,cci_h4_chop_m5,personal,cost1,PORTFOLIO,146,0,128.7102398379464,128.7102398379464,0.3356164383561644,1.2012462943015934,64.07896088400001,-3.6880892780544,80112.87318000001,67,True,,,,,,,,,,,False,False
previously_viewed_2025_2026,cci_h4_chop_m5,personal,cost1,BTCUSDT,73,0,-175.8262227677968,-175.8262227677968,0.2602739726027397,0.4801457378543309,35.208066124000005,-1.3933466437974003,44062.661080000005,43,False,,,,,,,,,,,False,False
previously_viewed_2025_2026,cci_h4_chop_m5,personal,cost1,ETHUSDT,73,0,304.5364626057432,304.5364626057432,0.410958904109589,2.0105953548594795,28.870894760000002,-2.294742634257,36050.212100000004,50,False,,,,,,,,,,,False,False
previously_viewed_2025_2026,cci_h4_chop_m5,personal,cost2,PORTFOLIO,146,0,-72.09877706308453,-72.09877706308453,0.2534246575342466,0.886747228762585,101.32047338400001,-8.142213679085101,63336.36269,67,True,,,,,,,,,,,False,False
previously_viewed_2025_2026,cci_h4_chop_m5,personal,cost2,BTCUSDT,73,0,-228.68331495352382,-228.68331495352382,0.2191780821917808,0.3275903269301141,55.56085370400001,-3.6817712495241,34776.23079,43,False,,,,,,,,,,,False,False
previously_viewed_2025_2026,cci_h4_chop_m5,personal,cost2,ETHUSDT,73,0,156.5845378904393,156.5845378904393,0.2876712328767123,1.528068783796209,45.75961968000001,-4.460442429561001,28560.1319,50,False,,,,,,,,,,,False,False
previously_viewed_2025_2026,cci_h4_chop_m5,public,cost1,PORTFOLIO,146,0,87.63786058071386,87.63786058071386,0.3219178082191781,1.136808126003894,92.737637106,-3.6122123132870003,77293.23801,67,True,,,,,,,,,,,False,False
previously_viewed_2025_2026,cci_h4_chop_m5,public,cost1,BTCUSDT,73,0,-185.1501327570564,-185.1501327570564,0.2465753424657534,0.4536629935646681,50.834910726,-1.373232031057,42413.218310000004,43,False,,,,,,,,,,,False,False
previously_viewed_2025_2026,cci_h4_chop_m5,public,cost1,ETHUSDT,73,0,272.7879933377703,272.7879933377703,0.3972602739726027,1.9041818152959755,41.90272638,-2.23898028223,34880.019700000004,50,False,,,,,,,,,,,False,False
previously_viewed_2025_2026,cci_h4_chop_m5,public,cost2,PORTFOLIO,146,0,-105.58139003101272,-105.58139003101272,0.2534246575342466,0.8338450458693772,142.370730396,-7.7394696350133,59328.74108000001,67,True,,,,,,,,,,,False,False
previously_viewed_2025_2026,cci_h4_chop_m5,public,cost2,BTCUSDT,73,0,-239.50906356872304,-239.50906356872304,0.2191780821917808,0.2983193796096676,78.395969436,-3.4919041327233002,32713.513880000002,43,False,,,,,,,,,,,False,False
previously_viewed_2025_2026,cci_h4_chop_m5,public,cost2,ETHUSDT,73,0,133.92767353771032,133.92767353771032,0.2876712328767123,1.4553767394713388,63.97476096,-4.2475655022900005,26615.2272,50,False,,,,,,,,,,,False,False
previously_viewed_2025_2026,cci_h4_chop_m3,personal,cost1,PORTFOLIO,156,0,96.58979473342943,96.58979473342943,0.3269230769230769,1.135962847405506,75.42927126800001,-4.259563998571,94283.58927000001,67,True,,,,,,,,,,,False,False
previously_viewed_2025_2026,cci_h4_chop_m3,personal,cost1,BTCUSDT,75,0,-115.05560639264762,-115.05560639264762,0.30666666666666664,0.6536833947536995,40.84423974800001,-1.8685966446480002,51103.48567000001,42,False,,,,,,,,,,,False,False
previously_viewed_2025_2026,cci_h4_chop_m3,personal,cost1,ETHUSDT,81,0,211.64540112607705,211.64540112607705,0.345679012345679,1.559632356794914,34.58503152,-2.390967353923,43180.1036,52,False,,,,,,,,,,,False,False
previously_viewed_2025_2026,cci_h4_chop_m3,personal,cost2,PORTFOLIO,156,0,-115.12391305308303,-115.12391305308303,0.2692307692307692,0.8341268925674916,116.94787225600001,-8.8468007970834,73095.90552,67,True,,,,,,,,,,,False,False
previously_viewed_2025_2026,cci_h4_chop_m3,personal,cost2,BTCUSDT,75,0,-184.69753849970817,-184.69753849970817,0.25333333333333335,0.44507849633257435,63.22131737600001,-4.3755811237084,39563.255820000006,42,False,,,,,,,,,,,False,False
previously_viewed_2025_2026,cci_h4_chop_m3,personal,cost2,ETHUSDT,81,0,69.57362544662513,69.57362544662513,0.2839506172839506,1.1926112619219809,53.72655488,-4.471219673375001,33532.6497,52,False,,,,,,,,,,,False,False
previously_viewed_2025_2026,cci_h4_chop_m3,public,cost1,PORTFOLIO,156,0,57.87274490381486,57.87274490381486,0.32051282051282054,1.0819707614181246,108.561452526,-4.1071925701856005,90466.58019000001,67,True,,,,,,,,,,,False,False
previously_viewed_2025_2026,cci_h4_chop_m3,public,cost1,BTCUSDT,75,0,-128.54886099953623,-128.54886099953623,0.30666666666666664,0.6136029592393832,58.746246666,-1.8233043335366002,49001.32119,42,False,,,,,,,,,,,False,False
previously_viewed_2025_2026,cci_h4_chop_m3,public,cost1,ETHUSDT,81,0,186.4216059033511,186.4216059033511,0.3333333333333333,1.4993467224745713,49.81520586,-2.283888236649,41465.259000000005,52,False,,,,,,,,,,,False,False
previously_viewed_2025_2026,cci_h4_chop_m3,public,cost2,PORTFOLIO,156,0,-154.82734316326946,-154.82734316326946,0.26282051282051283,0.7754459643410202,162.839782728,-8.347300435269801,67850.19286000001,67,True,,,,,,,,,,,False,False
previously_viewed_2025_2026,cci_h4_chop_m3,public,cost2,BTCUSDT,75,0,-200.33185970789359,-200.33185970789359,0.24,0.39966556147608084,88.309354008,-4.102645699893801,36843.625060000006,42,False,,,,,,,,,,,False,False
previously_viewed_2025_2026,cci_h4_chop_m3,public,cost2,ETHUSDT,81,0,45.504516544624124,45.504516544624124,0.2839506172839506,1.127897945417035,74.53042872,-4.244654735376001,31006.5678,52,False,,,,,,,,,,,False,False
previously_viewed_2025_2026,cci_h4_chop_m1,personal,cost1,PORTFOLIO,183,1,218.802175909999,208.99359840759905,0.2896174863387978,1.2462976146692173,95.05227112800002,-4.9812929620009,118837.60144000001,69,True,,,,,,,,,,,False,False
previously_viewed_2025_2026,cci_h4_chop_m1,personal,cost1,BTCUSDT,84,0,-142.12765225374585,-142.12765225374585,0.2857142857142857,0.6336496692152518,48.88030088800001,-2.2652913657459,61178.652440000005,44,False,,,,,,,,,,,False,False
previously_viewed_2025_2026,cci_h4_chop_m1,personal,cost1,ETHUSDT,99,1,360.92982816374484,351.1212506613449,0.29292929292929293,1.762337037937657,46.17197024000001,-2.716001596255,57658.949,55,False,,,,,,,,,,,False,False
previously_viewed_2025_2026,cci_h4_chop_m1,personal,cost2,PORTFOLIO,183,1,-76.86379996068638,-82.94960829348638,0.25136612021857924,0.8991894499243456,143.26824377600002,-10.100816184687,89570.15684000001,69,True,,,,,,,,,,,False,False
previously_viewed_2025_2026,cci_h4_chop_m1,personal,cost2,BTCUSDT,84,0,-212.42927290031352,-212.42927290031352,0.2261904761904762,0.44245802177922405,73.55517281600001,-4.9402600843140005,46047.94084,44,False,,,,,,,,,,,False,False
previously_viewed_2025_2026,cci_h4_chop_m1,personal,cost2,ETHUSDT,99,1,135.56547293962714,129.47966460682713,0.2727272727272727,1.293062220607748,69.71307096000001,-5.160556100373,43522.216,55,False,,,,,,,,,,,False,False
previously_viewed_2025_2026,cci_h4_chop_m1,public,cost1,PORTFOLIO,183,1,157.0477386190319,147.98910106383192,0.28415300546448086,1.174544191017928,136.5932349,-4.8496864809681,113845.24209000001,69,True,,,,,,,,,,,False,False
previously_viewed_2025_2026,cci_h4_chop_m1,public,cost1,BTCUSDT,84,0,-156.633994674439,-156.633994674439,0.2857142857142857,0.5961136469580857,70.04186412,-2.2028905544391004,58442.59809000001,44,False,,,,,,,,,,,False,False
previously_viewed_2025_2026,cci_h4_chop_m1,public,cost1,ETHUSDT,99,1,313.68173329347087,304.62309573827093,0.2828282828282828,1.6621617048699513,66.55137078,-2.646795926529,55402.644,55,False,,,,,,,,,,,False,False
previously_viewed_2025_2026,cci_h4_chop_m1,public,cost2,PORTFOLIO,183,1,-137.37677950364494,-142.71761274204493,0.2459016393442623,0.8236290447023391,197.41117212,-9.392607383645501,82279.19608000001,69,True,,,,,,,,,,,False,False
previously_viewed_2025_2026,cci_h4_chop_m1,public,cost2,BTCUSDT,84,0,-229.80523634246507,-229.80523634246507,0.21428571428571427,0.3946064951948169,101.87842164,-4.6224147024655,42519.981380000005,44,False,,,,,,,,,,,False,False
previously_viewed_2025_2026,cci_h4_chop_m1,public,cost2,ETHUSDT,99,1,92.42845683882013,87.08762360042013,0.2727272727272727,1.2027209858410628,95.53275047999999,-4.77019268118,39759.214700000004,55,False,,,,,,,,,,,False,False
previously_viewed_2025_2026,cci_h1_chop_w,personal,cost1,PORTFOLIO,28,1,-61.18126614458691,-74.58662623418685,0.25,0.40264165529443735,12.170120136000001,-2.0643660085867,15233.17876,12,False,,,,,,,,,,,False,False
previously_viewed_2025_2026,cci_h1_chop_w,personal,cost1,BTCUSDT,10,0,2.714990225901543,2.714990225901543,0.3,1.0783503598789197,4.894716976000001,-1.2056127980987001,6111.0437600000005,4,False,,,,,,,,,,,False,False
previously_viewed_2025_2026,cci_h1_chop_w,personal,cost1,ETHUSDT,18,1,-63.89625637048845,-77.3016164600884,0.2222222222222222,0.14308175167443257,7.275403160000001,-0.858753210488,9122.135,8,False,,,,,,,,,,,False,False
previously_viewed_2025_2026,cci_h1_chop_w,personal,cost2,PORTFOLIO,28,1,-87.89771171953788,-98.02398573553792,0.17857142857142858,0.2592438457431299,20.661206656,-3.5423050635379,12941.44477,12,False,,,,,,,,,,,False,False
previously_viewed_2025_2026,cci_h1_chop_w,personal,cost2,BTCUSDT,10,0,-12.337239164093928,-12.337239164093928,0.2,0.6787267688236721,8.295166256000002,-2.0567729080939,5181.815070000001,4,False,,,,,,,,,,,False,False
previously_viewed_2025_2026,cci_h1_chop_w,personal,cost2,ETHUSDT,18,1,-75.56047255544395,-85.68674657144399,0.16666666666666666,0.08774542513997201,12.366040400000001,-1.4855321554440002,7759.6297,8,False,,,,,,,,,,,False,False
previously_viewed_2025_2026,cci_h1_chop_w,public,cost1,PORTFOLIO,28,1,-68.3277805525005,-80.80519349490044,0.25,0.3667006174298191,17.810194512,-2.0045860405003,14863.199050000001,12,False,,,,,,,,,,,False,False
previously_viewed_2025_2026,cci_h1_chop_w,public,cost1,BTCUSDT,10,0,0.1005855233749382,0.1005855233749382,0.3,1.0028523690507734,7.131466392,-1.1713480846253,5935.80075,4,False,,,,,,,,,,,False,False
previously_viewed_2025_2026,cci_h1_chop_w,public,cost1,ETHUSDT,18,1,-68.42836607587543,-80.90577901827538,0.2222222222222222,0.12373376675370246,10.678728119999999,-0.833237955875,8927.3983,8,False,,,,,,,,,,,False,False
previously_viewed_2025_2026,cci_h1_chop_w,public,cost2,PORTFOLIO,28,1,-92.09941081901728,-101.90238563501731,0.17857142857142858,0.23044089634044346,29.44000914,-3.3613516790173,12292.786540000001,12,False,,,,,,,,,,,False,False
previously_viewed_2025_2026,cci_h1_chop_w,public,cost2,BTCUSDT,10,0,-15.70453634601133,-15.70453634601133,0.2,0.6022586468181392,11.8326171,-1.9545692460113002,4927.68284,4,False,,,,,,,,,,,False,False
previously_viewed_2025_2026,cci_h1_chop_w,public,cost2,ETHUSDT,18,1,-76.39487447300596,-86.19784928900599,0.16666666666666666,0.07246607877940216,17.60739204,-1.4067824330060001,7365.103700000001,8,False,,,,,,,,,,,False,False
previously_viewed_2025_2026,cci_h1_chop_d,personal,cost1,PORTFOLIO,48,0,46.63871941082275,46.63871941082275,0.3125,1.260396538811956,18.511446928,-2.5600136611771003,23099.778240000003,18,False,,,,,,,,,,,False,False
previously_viewed_2025_2026,cci_h1_chop_d,personal,cost1,BTCUSDT,20,0,-26.54185970426014,-26.54185970426014,0.35,0.6531210479371173,9.530013408000002,-1.0276262962601002,11906.797340000001,11,False,,,,,,,,,,,False,False
previously_viewed_2025_2026,cci_h1_chop_d,personal,cost1,ETHUSDT,28,0,73.18057911508289,73.18057911508289,0.2857142857142857,1.7133282733598745,8.981433520000001,-1.5323873649170001,11192.9809,15,False,,,,,,,,,,,False,False
previously_viewed_2025_2026,cci_h1_chop_d,personal,cost2,PORTFOLIO,48,0,-8.8954695719206,-8.8954695719206,0.2708333333333333,0.9534466208453161,31.335817480000003,-4.531822091920501,19552.131380000003,18,False,,,,,,,,,,,False,False
previously_viewed_2025_2026,cci_h1_chop_d,personal,cost2,BTCUSDT,20,0,-49.43080266870077,-49.43080266870077,0.25,0.40663697994610437,15.853133960000003,-1.7830387087005002,9905.47458,11,False,,,,,,,,,,,False,False
previously_viewed_2025_2026,cci_h1_chop_d,personal,cost2,ETHUSDT,28,0,40.53533309678017,40.53533309678017,0.2857142857142857,1.3761110780166403,15.48268352,-2.74878338322,9646.6568,15,False,,,,,,,,,,,False,False
previously_viewed_2025_2026,cci_h1_chop_d,public,cost1,PORTFOLIO,48,0,39.13886265854418,39.13886265854418,0.3125,1.215937946346753,27.08273409,-2.5027732514557,22530.42895,18,False,,,,,,,,,,,False,False
previously_viewed_2025_2026,cci_h1_chop_d,public,cost1,BTCUSDT,20,0,-30.41865038174674,-30.41865038174674,0.35,0.6067620066624615,13.85617683,-0.9885435517467,11541.242750000001,11,False,,,,,,,,,,,False,False
previously_viewed_2025_2026,cci_h1_chop_d,public,cost1,ETHUSDT,28,0,69.55751304029091,69.55751304029091,0.2857142857142857,1.6694903976514683,13.22655726,-1.5142296997090001,10989.1862,15,False,,,,,,,,,,,False,False
previously_viewed_2025_2026,cci_h1_chop_d,public,cost2,PORTFOLIO,48,0,-21.846280701593688,-21.846280701593688,0.2708333333333333,0.8876344358076975,44.775102924,-4.302407777593601,18626.33867,18,False,,,,,,,,,,,False,False
previously_viewed_2025_2026,cci_h1_chop_d,public,cost2,BTCUSDT,20,0,-55.43569659439185,-55.43569659439185,0.25,0.35121306263473073,22.574741604,-1.6904849903916002,9403.177070000002,11,False,,,,,,,,,,,False,False
previously_viewed_2025_2026,cci_h1_chop_d,public,cost2,ETHUSDT,28,0,33.589415892798165,33.589415892798165,0.2857142857142857,1.3082266740445414,22.20036132,-2.6119227872020003,9223.161600000001,15,False,,,,,,,,,,,False,False
previously_viewed_2025_2026,cci_h1_chop_h12,personal,cost1,PORTFOLIO,40,0,194.73503002680215,194.73503002680215,0.5,2.600279374328709,15.638645568000001,-2.5029244051979003,19579.285350000002,20,False,,,,,,,,,,,False,False
previously_viewed_2025_2026,cci_h1_chop_h12,personal,cost1,BTCUSDT,18,0,60.07904631537418,60.07904631537418,0.5,1.9348050644762855,9.362881728000001,-1.1090719566259,11760.99745,11,False,,,,,,,,,,,False,False
previously_viewed_2025_2026,cci_h1_chop_h12,personal,cost1,ETHUSDT,22,0,134.65598371142798,134.65598371142798,0.5,3.3451434381889817,6.275763840000001,-1.393852448572,7818.2879,15,False,,,,,,,,,,,False,False
previously_viewed_2025_2026,cci_h1_chop_h12,personal,cost2,PORTFOLIO,40,0,120.0755445906485,120.0755445906485,0.425,1.9239988962318946,26.510924568000004,-4.664040841351601,16600.38694,20,False,,,,,,,,,,,False,False
previously_viewed_2025_2026,cci_h1_chop_h12,personal,cost2,BTCUSDT,18,0,23.441651190569353,23.441651190569353,0.3333333333333333,1.3363327022628542,15.510568728000003,-2.1068900814306004,9748.270340000001,11,False,,,,,,,,,,,False,False
previously_viewed_2025_2026,cci_h1_chop_h12,personal,cost2,ETHUSDT,22,0,96.63389340007915,96.63389340007915,0.5,2.603769237462532,11.000355840000001,-2.5571507599210004,6852.1166,15,False,,,,,,,,,,,False,False
previously_viewed_2025_2026,cci_h1_chop_h12,public,cost1,PORTFOLIO,40,0,181.93940514559367,181.93940514559367,0.5,2.4814607830302164,22.85947956,-2.4457552944064003,19078.444430000003,20,False,,,,,,,,,,,False,False
previously_viewed_2025_2026,cci_h1_chop_h12,public,cost1,BTCUSDT,18,0,53.48619638040268,53.48619638040268,0.5,1.828438803471735,13.5699045,-1.0670391195974,11363.97153,11,False,,,,,,,,,,,False,False
previously_viewed_2025_2026,cci_h1_chop_h12,public,cost1,ETHUSDT,22,0,128.45320876519096,128.45320876519096,0.5,3.2052744256078554,9.28957506,-1.378716174809,7714.472900000001,15,False,,,,,,,,,,,False,False
previously_viewed_2025_2026,cci_h1_chop_h12,public,cost2,PORTFOLIO,40,0,105.0190609519746,105.0190609519746,0.4,1.7956519116284952,38.08965294,-4.4432761080255005,15900.843660000002,20,False,,,,,,,,,,,False,False
previously_viewed_2025_2026,cci_h1_chop_h12,public,cost2,BTCUSDT,18,0,15.700985531977462,15.700985531977462,0.2777777777777778,1.2196081068657774,22.12831794,-1.9961865280225002,9272.106060000002,11,False,,,,,,,,,,,False,False
previously_viewed_2025_2026,cci_h1_chop_h12,public,cost2,ETHUSDT,22,0,89.31807541999714,89.31807541999714,0.5,2.4764357917402373,15.961335,-2.4470895800030004,6628.7376,15,False,,,,,,,,,,,False,False
previously_viewed_2025_2026,cci_h1_chop_h6,personal,cost1,PORTFOLIO,41,1,114.1789824193027,114.25148137930273,0.5121951219512195,1.9555260808391584,13.628158524000002,-1.3654290566973002,17064.03138,28,False,,,,,,,,,,,False,False
previously_viewed_2025_2026,cci_h1_chop_h6,personal,cost1,BTCUSDT,17,0,49.088099227840836,49.088099227840836,0.5294117647058824,2.0531028820606867,7.080132564000001,-0.6432382081593001,8875.868980000001,11,False,,,,,,,,,,,False,False
previously_viewed_2025_2026,cci_h1_chop_h6,personal,cost1,ETHUSDT,24,1,65.09088319146186,65.16338215146189,0.5,1.8931829245258338,6.54802596,-0.722190848538,8188.1624,20,False,,,,,,,,,,,False,False
previously_viewed_2025_2026,cci_h1_chop_h6,personal,cost2,PORTFOLIO,41,1,63.882343784318046,64.49283082431803,0.4146341463414634,1.5059015656876842,23.659789272,-2.862876943682,14815.580170000001,28,False,,,,,,,,,,,False,False
previously_viewed_2025_2026,cci_h1_chop_h6,personal,cost2,BTCUSDT,17,0,21.702412616255042,21.702412616255042,0.35294117647058826,1.412652627657239,12.109513832000001,-1.4421835517450001,7592.969870000001,11,False,,,,,,,,,,,False,False
previously_viewed_2025_2026,cci_h1_chop_h6,personal,cost2,ETHUSDT,24,1,42.17993116806301,42.79041820806299,0.4583333333333333,1.5713880912925087,11.55027544,-1.420693391937,7222.6103,20,False,,,,,,,,,,,False,False
previously_viewed_2025_2026,cci_h1_chop_h6,public,cost1,PORTFOLIO,41,1,103.8909673647522,104.04283264475222,0.4634146341463415,1.8663651401752992,19.910727276,-1.3263653592478002,16618.858760000003,28,False,,,,,,,,,,,False,False
previously_viewed_2025_2026,cci_h1_chop_h6,public,cost1,BTCUSDT,17,0,44.17850905111033,44.17850905111033,0.47058823529411764,1.9345742643220094,10.350842076000001,-0.6251088728898001,8650.477560000001,11,False,,,,,,,,,,,False,False
previously_viewed_2025_2026,cci_h1_chop_h6,public,cost1,ETHUSDT,24,1,59.71245831364186,59.86432359364189,0.4583333333333333,1.8220869960869566,9.5598852,-0.701256486358,7968.381200000001,20,False,,,,,,,,,,,False,False
previously_viewed_2025_2026,cci_h1_chop_h6,public,cost2,PORTFOLIO,41,1,49.68327003862263,50.37043427862262,0.3902439024390244,1.3887150063129161,33.8966055,-2.7061944613774003,14153.54792,28,False,,,,,,,,,,,False,False
previously_viewed_2025_2026,cci_h1_chop_h6,public,cost2,BTCUSDT,17,0,15.694306605479637,15.694306605479637,0.29411764705882354,1.2901843051539412,17.29926762,-1.3599957745204,7231.70142,11,False,,,,,,,,,,,False,False
previously_viewed_2025_2026,cci_h1_chop_h6,public,cost2,ETHUSDT,24,1,33.988963433143,34.67612767314298,0.4583333333333333,1.4592987053543827,16.597337879999998,-1.346198686857,6921.846500000001,20,False,,,,,,,,,,,False,False
previously_viewed_2025_2026,cci_h1_chop_h4,personal,cost1,PORTFOLIO,47,0,12.287203315179541,12.287203315179541,0.44680851063829785,1.0875722987715328,13.827782052000002,-1.4980246328204,17253.85624,35,False,,,,,,,,,,,False,False
previously_viewed_2025_2026,cci_h1_chop_h4,personal,cost1,BTCUSDT,14,0,-5.7638939086233565,-5.7638939086233565,0.35714285714285715,0.8764347968742987,5.755760372000001,-0.39094353662340003,7197.90804,13,False,,,,,,,,,,,False,False
previously_viewed_2025_2026,cci_h1_chop_h4,personal,cost1,ETHUSDT,33,0,18.0510972238029,18.0510972238029,0.48484848484848486,1.1927245658917816,8.07202168,-1.1070810961970001,10055.9482,26,False,,,,,,,,,,,False,False
previously_viewed_2025_2026,cci_h1_chop_h4,personal,cost2,PORTFOLIO,47,0,-23.217645158079367,-23.217645158079367,0.3829787234042553,0.8456346183201442,24.206631240000004,-3.0340239180795003,15102.22578,35,False,,,,,,,,,,,False,False
previously_viewed_2025_2026,cci_h1_chop_h4,personal,cost2,BTCUSDT,14,0,-17.962582716586443,-17.962582716586443,0.2857142857142857,0.6530135720221696,9.750191960000002,-0.8721007565865,6098.161680000001,13,False,,,,,,,,,,,False,False
previously_viewed_2025_2026,cci_h1_chop_h4,personal,cost2,ETHUSDT,33,0,-5.255062441492925,-5.255062441492925,0.42424242424242425,0.9467246603345378,14.456439280000001,-2.161923161493,9004.0641,26,False,,,,,,,,,,,False,False
previously_viewed_2025_2026,cci_h1_chop_h4,public,cost1,PORTFOLIO,47,0,5.670833649763545,5.670833649763545,0.40425531914893614,1.0396911577528016,20.360703534,-1.4731728162364002,16936.69642,35,False,,,,,,,,,,,False,False
previously_viewed_2025_2026,cci_h1_chop_h4,public,cost1,BTCUSDT,14,0,-7.751534122761354,-7.751534122761354,0.2857142857142857,0.8379078756379976,8.418171654,-0.38027246876140014,7018.221020000001,13,False,,,,,,,,,,,False,False
previously_viewed_2025_2026,cci_h1_chop_h4,public,cost1,ETHUSDT,33,0,13.422367772524899,13.422367772524899,0.45454545454545453,1.1412104934012044,11.94253188,-1.092900347475,9918.475400000001,26,False,,,,,,,,,,,False,False
previously_viewed_2025_2026,cci_h1_chop_h4,public,cost2,PORTFOLIO,47,0,-37.089639839079865,-37.089639839079865,0.3617021276595745,0.7576809649017597,34.700338955999996,-2.83205088308,14434.702800000001,35,False,,,,,,,,,,,False,False
previously_viewed_2025_2026,cci_h1_chop_h4,public,cost2,BTCUSDT,14,0,-21.43736753924694,-21.43736753924694,0.21428571428571427,0.595333544314265,13.932064236,-0.833053303247,5809.008100000001,13,False,,,,,,,,,,,False,False
previously_viewed_2025_2026,cci_h1_chop_h4,public,cost2,ETHUSDT,33,0,-15.652272299832928,-15.652272299832928,0.42424242424242425,0.8436114418285133,20.768274719999997,-1.998997579833,8625.6947,26,False,,,,,,,,,,,False,False
previously_viewed_2025_2026,cci_h1_chop_h1,personal,cost1,PORTFOLIO,75,0,91.33435977684013,91.33435977684013,0.38666666666666666,1.436405647472327,17.977329,-1.6092712231602,22463.51046,48,False,,,,,,,,,,,False,False
previously_viewed_2025_2026,cci_h1_chop_h1,personal,cost1,BTCUSDT,30,0,-41.34378418695697,-41.34378418695697,0.26666666666666666,0.6129532124781557,9.174129800000001,-0.3472143869572,11456.799060000001,23,False,,,,,,,,,,,False,False
previously_viewed_2025_2026,cci_h1_chop_h1,personal,cost1,ETHUSDT,45,0,132.67814396379708,132.67814396379708,0.4666666666666667,2.2948101301990396,8.8031992,-1.262056836203,11006.7114,34,False,,,,,,,,,,,False,False
previously_viewed_2025_2026,cci_h1_chop_h1,personal,cost2,PORTFOLIO,75,0,33.07985624850983,33.07985624850983,0.3333333333333333,1.1500012205676797,32.02552712800001,-3.4819866234903003,20012.20967,48,False,,,,,,,,,,,False,False
previously_viewed_2025_2026,cci_h1_chop_h1,personal,cost2,BTCUSDT,30,0,-61.6299169412664,-61.6299169412664,0.2,0.46584294034656853,16.212610648000002,-1.0086762932663,10124.12857,23,False,,,,,,,,,,,False,False
previously_viewed_2025_2026,cci_h1_chop_h1,personal,cost2,ETHUSDT,45,0,94.70977318977623,94.70977318977623,0.4222222222222222,1.9006881031573002,15.812916480000002,-2.4733103302240003,9888.081100000001,34,False,,,,,,,,,,,False,False
previously_viewed_2025_2026,cci_h1_chop_h1,public,cost1,PORTFOLIO,75,0,78.71664897819764,78.71664897819764,0.37333333333333335,1.3706693439911584,26.476121862,-1.5755991598027,22057.9398,48,False,,,,,,,,,,,False,False
previously_viewed_2025_2026,cci_h1_chop_h1,public,cost1,BTCUSDT,30,0,-45.07677554907547,-45.07677554907547,0.23333333333333334,0.5836431789050214,13.485996522,-0.33984902707569997,11227.4822,23,False,,,,,,,,,,,False,False
previously_viewed_2025_2026,cci_h1_chop_h1,public,cost1,ETHUSDT,45,0,123.7934245272731,123.7934245272731,0.4666666666666667,2.189192158986351,12.99012534,-1.235750132727,10830.4576,34,False,,,,,,,,,,,False,False
previously_viewed_2025_2026,cci_h1_chop_h1,public,cost2,PORTFOLIO,75,0,17.101488942040234,17.101488942040234,0.32,1.075484784400662,46.567016628,-3.3762444299599004,19399.01479,48,False,,,,,,,,,,,False,False
previously_viewed_2025_2026,cci_h1_chop_h1,public,cost2,BTCUSDT,30,0,-67.32696764789098,-67.32696764789098,0.16666666666666666,0.4304380518447357,23.447411148,-0.9660064998909,9761.371790000001,23,False,,,,,,,,,,,False,False
previously_viewed_2025_2026,cci_h1_chop_h1,public,cost2,ETHUSDT,45,0,84.42845658993122,84.42845658993122,0.4222222222222222,1.7792404775542474,23.11960548,-2.410237930069,9637.643,34,False,,,,,,,,,,,False,False
previously_viewed_2025_2026,cci_h1_chop_m30,personal,cost1,PORTFOLIO,103,1,-21.990824816212815,-21.934127736212773,0.32038834951456313,0.9304700802681877,24.401760348000003,-1.6578544682131,30526.302280000004,63,True,,,,,,,,,,,False,False
previously_viewed_2025_2026,cci_h1_chop_m30,personal,cost1,BTCUSDT,43,0,-30.732925816980714,-30.732925816980714,0.3023255813953488,0.7803964245072659,12.372562668000002,-0.48135314898110004,15489.008880000001,34,False,,,,,,,,,,,False,False
previously_viewed_2025_2026,cci_h1_chop_m30,personal,cost1,ETHUSDT,60,1,8.7421010007679,8.798798080767941,0.3333333333333333,1.0501310709756972,12.029197680000001,-1.176501319232,15037.2934,45,False,,,,,,,,,,,False,False
previously_viewed_2025_2026,cci_h1_chop_m30,personal,cost2,PORTFOLIO,103,1,-84.86753269945442,-84.20685565945443,0.2815533980582524,0.7472889736870093,43.42630003200001,-3.8633726674544002,27162.240650000003,63,True,,,,,,,,,,,False,False
previously_viewed_2025_2026,cci_h1_chop_m30,personal,cost2,BTCUSDT,43,0,-62.17771011320455,-62.17771011320455,0.27906976744186046,0.5826427787905197,21.765712432000004,-1.4568376812044002,13623.965050000003,34,False,,,,,,,,,,,False,False
previously_viewed_2025_2026,cci_h1_chop_m30,personal,cost2,ETHUSDT,60,1,-22.68982258624986,-22.02914554624988,0.2833333333333333,0.8804287186668516,21.660587600000003,-2.40653498625,13538.2756,45,False,,,,,,,,,,,False,False
previously_viewed_2025_2026,cci_h1_chop_m30,public,cost1,PORTFOLIO,103,1,-31.64310355260693,-31.466207932606892,0.3106796116504854,0.9012915137614363,35.943030708,-1.6339928446072003,29977.085870000003,63,True,,,,,,,,,,,False,False
previously_viewed_2025_2026,cci_h1_chop_m30,public,cost1,BTCUSDT,43,0,-35.38458091201784,-35.38458091201784,0.3023255813953488,0.74952537387086,18.194800008,-0.4736009040182002,15185.515470000002,34,False,,,,,,,,,,,False,False
previously_viewed_2025_2026,cci_h1_chop_m30,public,cost1,ETHUSDT,60,1,3.7414773594109065,3.9183729794109485,0.31666666666666665,1.0220742172060986,17.7482307,-1.160391940589,14791.5704,45,False,,,,,,,,,,,False,False
previously_viewed_2025_2026,cci_h1_chop_m30,public,cost2,PORTFOLIO,103,1,-106.47434934339559,-105.61698378339561,0.2524271844660194,0.68602490730893,62.732130491999996,-3.7232688513956003,26158.178880000003,63,True,,,,,,,,,,,False,False
previously_viewed_2025_2026,cci_h1_chop_m30,public,cost2,BTCUSDT,43,0,-70.09864233854074,-70.09864233854074,0.20930232558139536,0.53680525347184,31.386819732000003,-1.4059726065406002,13097.380480000002,34,False,,,,,,,,,,,False,False
previously_viewed_2025_2026,cci_h1_chop_m30,public,cost2,ETHUSDT,60,1,-36.37570700485485,-35.51834144485487,0.2833333333333333,0.8080600149513208,31.345310759999997,-2.317296244855,13060.7984,45,False,,,,,,,,,,,False,False
previously_viewed_2025_2026,cci_h1_chop_m15,personal,cost1,PORTFOLIO,140,1,7.0632314086187105,1.9342472422187262,0.32142857142857145,1.0045075914040624,41.486915012000004,-2.6909235793814004,51883.10641,75,True,,,,,,,,,,,False,False
previously_viewed_2025_2026,cci_h1_chop_m15,personal,cost1,BTCUSDT,61,0,-15.994348824129093,-15.994348824129093,0.2786885245901639,0.9201105298909908,23.035850852000003,-0.9251679721294,28859.977010000002,45,False,,,,,,,,,,,False,False
previously_viewed_2025_2026,cci_h1_chop_m15,personal,cost1,ETHUSDT,79,1,23.057580232747803,17.92859606634782,0.35443037974683544,1.0783240391970212,18.45106416,-1.7657556072520002,23023.1294,52,False,,,,,,,,,,,False,False
previously_viewed_2025_2026,cci_h1_chop_m15,personal,cost2,PORTFOLIO,140,1,-111.43858897227017,-115.01289911627016,0.2857142857142857,0.7424517308650004,69.96493931200001,-5.9045696602701,43754.90234,75,True,,,,,,,,,,,False,False
previously_viewed_2025_2026,cci_h1_chop_m15,personal,cost2,BTCUSDT,61,0,-77.6057385929822,-77.6057385929822,0.2459016393442623,0.6394112426952941,38.38870523200001,-2.5167533609821002,24049.771740000004,45,False,,,,,,,,,,,False,False
previously_viewed_2025_2026,cci_h1_chop_m15,personal,cost2,ETHUSDT,79,1,-33.83285037928796,-37.407160523287956,0.31645569620253167,0.8383083921871998,31.576234080000003,-3.387816299288,19705.1306,52,False,,,,,,,,,,,False,False
previously_viewed_2025_2026,cci_h1_chop_m15,public,cost1,PORTFOLIO,140,1,-14.671855113100607,-19.254181732300594,0.30714285714285716,0.955420432871268,60.355502015999996,-2.6125930971007003,50321.16831,75,True,,,,,,,,,,,False,False
previously_viewed_2025_2026,cci_h1_chop_m15,public,cost1,BTCUSDT,61,0,-27.530884596974406,-27.530884596974406,0.26229508196721313,0.8642458454101284,33.485285916,-0.9049386809747001,27967.111610000004,45,False,,,,,,,,,,,False,False
previously_viewed_2025_2026,cci_h1_chop_m15,public,cost1,ETHUSDT,79,1,12.859029483873798,8.276702864673812,0.34177215189873417,1.0361260206233907,26.870216099999997,-1.707654416126,22354.0567,52,False,,,,,,,,,,,False,False
previously_viewed_2025_2026,cci_h1_chop_m15,public,cost2,PORTFOLIO,140,1,-147.38675283586437,-150.40850980546435,0.2571428571428571,0.6669288797658427,99.9185583,-5.6169645358643,41658.56287,75,True,,,,,,,,,,,False,False
previously_viewed_2025_2026,cci_h1_chop_m15,public,cost2,BTCUSDT,61,0,-93.29346695052938,-93.29346695052938,0.18032786885245902,0.5754328161873039,54.61558734,-2.4008496105293,22810.203970000002,45,False,,,,,,,,,,,False,False
previously_viewed_2025_2026,cci_h1_chop_m15,public,cost2,ETHUSDT,79,1,-54.093285885334986,-57.11504285493498,0.31645569620253167,0.7536476959761094,45.302970959999996,-3.216114925335,18848.3589,52,False,,,,,,,,,,,False,False
previously_viewed_2025_2026,cci_h1_chop_m5,personal,cost1,PORTFOLIO,203,1,41.10486372129455,35.97587955489456,0.32019704433497537,1.0463752487570974,78.398599028,-4.599407250706,98025.58847,76,True,,,,,,,,,,,False,False
previously_viewed_2025_2026,cci_h1_chop_m5,personal,cost1,BTCUSDT,96,0,-78.11165339117026,-78.11165339117026,0.23958333333333334,0.7971872234086924,44.44068086800001,-1.789042523171,55639.40477000001,51,False,,,,,,,,,,,False,False
previously_viewed_2025_2026,cci_h1_chop_m5,personal,cost1,ETHUSDT,107,1,119.21651711246481,114.08753294606483,0.3925233644859813,1.292072035880018,33.957918160000006,-2.810364727535,42386.1837,62,True,,,,,,,,,,,False,False
previously_viewed_2025_2026,cci_h1_chop_m5,personal,cost2,PORTFOLIO,203,1,-179.57364128742103,-182.790520417021,0.27586206896551724,0.7605581591334435,122.11757270400001,-9.730908583421,76360.37111000001,76,True,,,,,,,,,,,False,False
previously_viewed_2025_2026,cci_h1_chop_m5,personal,cost2,BTCUSDT,96,0,-181.91871290360078,-181.91871290360078,0.20833333333333334,0.536614557044015,68.84105742400001,-4.627795479601001,43104.963410000004,51,False,,,,,,,,,,,False,False
previously_viewed_2025_2026,cci_h1_chop_m5,personal,cost2,ETHUSDT,107,1,2.345071616179748,-0.8718075134202483,0.3364485981308411,0.9976489511801343,53.276515280000005,-5.10311310382,33255.4077,62,True,,,,,,,,,,,False,False
previously_viewed_2025_2026,cci_h1_chop_m5,public,cost1,PORTFOLIO,203,1,4.426049920327929,-0.5728518460720553,0.3103448275862069,0.9992635893837801,113.542447998,-4.4773720816726,94646.24093,76,True,,,,,,,,,,,False,False
previously_viewed_2025_2026,cci_h1_chop_m5,public,cost1,BTCUSDT,96,0,-96.83986776034189,-96.83986776034189,0.23958333333333334,0.7501971082200851,64.114567758,-1.7445700023426,53514.01913000001,51,False,,,,,,,,,,,False,False
previously_viewed_2025_2026,cci_h1_chop_m5,public,cost1,ETHUSDT,107,1,101.26591768066982,96.26701591426983,0.37383177570093457,1.246691624181145,49.42788023999999,-2.73280207933,41132.2218,62,True,,,,,,,,,,,False,False
previously_viewed_2025_2026,cci_h1_chop_m5,public,cost2,PORTFOLIO,203,1,-229.51533142384042,-232.20133761904043,0.27586206896551724,0.6946595704629704,171.001704936,-9.1793464878404,71289.21963,76,True,,,,,,,,,,,False,False
previously_viewed_2025_2026,cci_h1_chop_m5,public,cost2,BTCUSDT,96,0,-202.5251011717322,-202.5251011717322,0.20833333333333334,0.4841390511270179,96.047758296,-4.369862875732401,40093.95083,51,False,,,,,,,,,,,False,False
previously_viewed_2025_2026,cci_h1_chop_m5,public,cost2,ETHUSDT,107,1,-26.99023025210824,-29.676236447308238,0.3364485981308411,0.9193297207045653,74.95394664,-4.809483612108,31195.2688,62,True,,,,,,,,,,,False,False
previously_viewed_2025_2026,cci_h1_chop_m3,personal,cost1,PORTFOLIO,205,1,39.274310837354854,34.14532667095487,0.32682926829268294,1.0434593305351736,81.15528522000001,-5.4912139426452,101481.68957,74,True,,,,,,,,,,,False,False
previously_viewed_2025_2026,cci_h1_chop_m3,personal,cost1,BTCUSDT,100,0,-94.69365517359888,-94.69365517359888,0.28,0.7585376315920834,46.924469460000005,-2.4293957135992,58742.914670000006,51,True,,,,,,,,,,,False,False
previously_viewed_2025_2026,cci_h1_chop_m3,personal,cost1,ETHUSDT,105,1,133.96796601095375,128.83898184455376,0.37142857142857144,1.3274036388546355,34.230815760000006,-3.061818229046,42738.774900000004,59,True,,,,,,,,,,,False,False
previously_viewed_2025_2026,cci_h1_chop_m3,personal,cost2,PORTFOLIO,205,1,-181.77572940188222,-184.9926085314822,0.28780487804878047,0.7597727337884177,126.38797580000002,-11.003223601882802,79043.97901000001,74,True,,,,,,,,,,,False,False
previously_viewed_2025_2026,cci_h1_chop_m3,personal,cost2,BTCUSDT,100,0,-196.78196615591435,-196.78196615591435,0.22,0.5050407205355986,72.6575602,-5.596375955914801,45493.79251000001,51,True,,,,,,,,,,,False,False
previously_viewed_2025_2026,cci_h1_chop_m3,personal,cost2,ETHUSDT,105,1,15.006236754032132,11.789357624432135,0.3523809523809524,1.031649172691095,53.7304156,-5.406847645968,33550.1865,59,True,,,,,,,,,,,False,False
previously_viewed_2025_2026,cci_h1_chop_m3,public,cost1,PORTFOLIO,205,1,-8.743858386079818,-13.326185005279804,0.32195121951219513,0.9829603294120575,116.509195884,-5.259622502079901,97129.91997,74,True,,,,,,,,,,,False,False
previously_viewed_2025_2026,cci_h1_chop_m3,public,cost1,BTCUSDT,100,0,-113.70408827002159,-113.70408827002159,0.28,0.7105389174965443,67.370568144,-2.3467801260219,56226.856470000006,51,True,,,,,,,,,,,False,False
previously_viewed_2025_2026,cci_h1_chop_m3,public,cost1,ETHUSDT,105,1,104.96022988394176,100.37790326474179,0.3619047619047619,1.2578717161642183,49.13862774,-2.9128423760580002,40903.063500000004,59,True,,,,,,,,,,,False,False
previously_viewed_2025_2026,cci_h1_chop_m3,public,cost2,PORTFOLIO,205,1,-231.52103401479536,-234.20704020999534,0.28292682926829266,0.6920897598996327,176.255543136,-10.2653908787959,73494.43362000001,74,True,,,,,,,,,,,False,False
previously_viewed_2025_2026,cci_h1_chop_m3,public,cost2,BTCUSDT,100,0,-219.84630322958546,-219.84630322958546,0.21,0.4494363043558636,101.539988256,-5.284014973585901,42385.588220000005,51,True,,,,,,,,,,,False,False
previously_viewed_2025_2026,cci_h1_chop_m3,public,cost2,ETHUSDT,105,1,-11.674730785209908,-14.360736980409905,0.3523809523809524,0.9602551089495838,74.71555488,-4.98137590521,31108.845400000002,59,True,,,,,,,,,,,False,False
previously_viewed_2025_2026,cci_h1_chop_m1,personal,cost1,PORTFOLIO,253,1,39.93484643467912,25.04000189067919,0.308300395256917,1.0249904457151124,103.78382382000001,-7.0454797453204,129775.66238000001,79,True,,,,,,,,,,,False,False
previously_viewed_2025_2026,cci_h1_chop_m1,personal,cost1,BTCUSDT,112,0,-24.005695403907232,-24.005695403907232,0.32142857142857145,0.9416813599062616,54.86738178000001,-3.2543636239074005,68706.27828000001,54,True,,,,,,,,,,,False,False
previously_viewed_2025_2026,cci_h1_chop_m1,personal,cost1,ETHUSDT,141,1,63.940541838586356,49.045697294586425,0.2978723404255319,1.0830785779817969,48.91644204000001,-3.7911161214130003,61069.3841,63,True,,,,,,,,,,,False,False
previously_viewed_2025_2026,cci_h1_chop_m1,personal,cost2,PORTFOLIO,252,1,-234.3345995391337,-243.11070368633372,0.27380952380952384,0.7423300850853406,155.59829698400003,-13.434692555134301,97314.30200000001,79,True,,,,,,,,,,,False,False
previously_viewed_2025_2026,cci_h1_chop_m1,personal,cost2,BTCUSDT,112,0,-157.434819577957,-157.434819577957,0.26785714285714285,0.6154275508475546,82.13528402400001,-6.899925553957301,51443.0791,54,True,,,,,,,,,,,False,False
previously_viewed_2025_2026,cci_h1_chop_m1,personal,cost2,ETHUSDT,140,1,-76.8997799611767,-85.67588410837672,0.2785714285714286,0.8395944441881548,73.46301296,-6.534767001177,45871.2229,63,True,,,,,,,,,,,False,False
previously_viewed_2025_2026,cci_h1_chop_m1,public,cost1,PORTFOLIO,253,1,-20.134527868838237,-33.34590627843818,0.2964426877470356,0.9663033251228842,147.931781766,-6.6877161028378005,123325.79653,79,True,,,,,,,,,,,False,False
previously_viewed_2025_2026,cci_h1_chop_m1,public,cost1,BTCUSDT,112,0,-48.420706353873655,-48.420706353873655,0.3125,0.8820221965929658,78.262625706,-3.1115506478738,65335.698630000006,54,True,,,,,,,,,,,False,False
previously_viewed_2025_2026,cci_h1_chop_m1,public,cost1,ETHUSDT,141,1,28.28617848503542,15.07480007543548,0.28368794326241137,1.0260283612181167,69.66915605999999,-3.5761654549640003,57990.0979,63,True,,,,,,,,,,,False,False
previously_viewed_2025_2026,cci_h1_chop_m1,public,cost2,PORTFOLIO,253,1,-299.0133197306502,-306.20216792905023,0.2608695652173913,0.6708431011879902,215.409604776,-12.5618349546508,89810.29086000001,79,True,,,,,,,,,,,False,False
previously_viewed_2025_2026,cci_h1_chop_m1,public,cost2,BTCUSDT,112,0,-185.4338063522315,-185.4338063522315,0.25,0.5446822958333275,113.558159256,-6.485567096231801,47415.869060000005,54,True,,,,,,,,,,,False,False
previously_viewed_2025_2026,cci_h1_chop_m1,public,cost2,ETHUSDT,141,1,-113.57951337841874,-120.76836157681876,0.2695035460992908,0.7690851668232764,101.85144552,-6.076267858419,42394.421800000004,63,True,,,,,,,,,,,False,False
previously_viewed_2025_2026,cci_m30_chop_w,personal,cost1,PORTFOLIO,38,1,-110.20029574779122,-110.14390766779118,0.23684210526315788,0.38955663395778367,18.838859084000003,-2.2298266637908,23566.1467,13,False,,,,,,,,,,,False,False
previously_viewed_2025_2026,cci_m30_chop_w,personal,cost1,BTCUSDT,13,0,-18.10508478740263,-18.10508478740263,0.3076923076923077,0.6878709160815261,8.143151284000002,-1.3720235034028,10172.030400000001,4,False,,,,,,,,,,,False,False
previously_viewed_2025_2026,cci_m30_chop_w,personal,cost1,ETHUSDT,25,1,-92.09521096038858,-92.03882288038855,0.2,0.24821785997130782,10.695707800000001,-0.8578031603880001,13394.116300000002,9,False,,,,,,,,,,,False,False
previously_viewed_2025_2026,cci_m30_chop_w,personal,cost2,PORTFOLIO,38,1,-143.10318237752048,-142.6453170975205,0.18421052631578946,0.2496774555429285,31.060085600000004,-3.9418567775205005,19439.228020000002,13,False,,,,,,,,,,,False,False
previously_viewed_2025_2026,cci_m30_chop_w,personal,cost2,BTCUSDT,13,0,-34.899661122574585,-34.899661122574585,0.23076923076923078,0.43772694713598914,13.068404720000002,-2.2915164025745,8165.8148200000005,4,False,,,,,,,,,,,False,False
previously_viewed_2025_2026,cci_m30_chop_w,personal,cost2,ETHUSDT,25,1,-108.2035212549459,-107.74565597494592,0.16,0.1585204854658644,17.99168088,-1.6503403749460002,11273.4132,9,False,,,,,,,,,,,False,False
previously_viewed_2025_2026,cci_m30_chop_w,public,cost1,PORTFOLIO,38,1,-116.3853629638685,-116.25248084386847,0.23684210526315788,0.3633799229649092,27.351360768,-2.1551821958681,22810.062080000003,13,False,,,,,,,,,,,False,False
previously_viewed_2025_2026,cci_m30_chop_w,public,cost1,BTCUSDT,13,0,-21.400441580281942,-21.400441580281942,0.3076923076923077,0.6371129840131841,11.808052548000001,-1.3258690322821,9833.540780000001,4,False,,,,,,,,,,,False,False
previously_viewed_2025_2026,cci_m30_chop_w,public,cost1,ETHUSDT,25,1,-94.98492138358655,-94.85203926358653,0.2,0.23281301718603614,15.54330822,-0.829313163586,12976.5213,9,False,,,,,,,,,,,False,False
previously_viewed_2025_2026,cci_m30_chop_w,public,cost2,PORTFOLIO,38,1,-148.8845141514861,-148.2955162314861,0.18421052631578946,0.22184348074937438,43.830022968,-3.7331911834861002,18287.435390000002,13,False,,,,,,,,,,,False,False
previously_viewed_2025_2026,cci_m30_chop_w,public,cost2,BTCUSDT,13,0,-38.54419620654318,-38.54419620654318,0.23076923076923078,0.3893270455132765,18.425491728,-2.1699044785431,7675.2379900000005,4,False,,,,,,,,,,,False,False
previously_viewed_2025_2026,cci_m30_chop_w,public,cost2,ETHUSDT,25,1,-110.34031794494291,-109.75132002494291,0.16,0.138903363820364,25.404531239999997,-1.563286704943,10612.197400000001,9,False,,,,,,,,,,,False,False
previously_viewed_2025_2026,cci_m30_chop_d,personal,cost1,PORTFOLIO,60,0,147.91427776198475,147.91427776198475,0.35,1.6289758591391672,26.943700940000003,-3.4654912980152,33663.355740000006,21,False,,,,,,,,,,,False,False
previously_viewed_2025_2026,cci_m30_chop_d,personal,cost1,BTCUSDT,26,0,-81.40467083900103,-81.40467083900103,0.3076923076923077,0.39526706351006496,14.809997380000002,-1.3358434590012,18501.72084,13,False,,,,,,,,,,,False,False
previously_viewed_2025_2026,cci_m30_chop_d,personal,cost1,ETHUSDT,34,0,229.31894860098578,229.31894860098578,0.38235294117647056,3.280549238310283,12.13370356,-2.129647839014,15161.634900000001,16,False,,,,,,,,,,,False,False
previously_viewed_2025_2026,cci_m30_chop_d,personal,cost2,PORTFOLIO,60,0,53.02559002979929,53.02559002979929,0.31666666666666665,1.2154050837425887,44.73337258400001,-6.245787386201,27940.249740000003,21,False,,,,,,,,,,,False,False
previously_viewed_2025_2026,cci_m30_chop_d,personal,cost2,BTCUSDT,26,0,-103.90191249498007,-103.90191249498007,0.23076923076923078,0.24755960637612898,23.980095784000003,-2.4033667109800003,14980.188440000002,13,False,,,,,,,,,,,False,False
previously_viewed_2025_2026,cci_m30_chop_d,personal,cost2,ETHUSDT,34,0,156.92750252477936,156.92750252477936,0.38235294117647056,2.4519531917770063,20.753276800000002,-3.842420675221,12960.061300000001,16,False,,,,,,,,,,,False,False
previously_viewed_2025_2026,cci_m30_chop_d,public,cost1,PORTFOLIO,60,0,132.89699321541818,132.89699321541818,0.35,1.559353109514322,39.219733182,-3.3305436025818,32667.085010000003,21,False,,,,,,,,,,,False,False
previously_viewed_2025_2026,cci_m30_chop_d,public,cost1,BTCUSDT,26,0,-85.45543100254663,-85.45543100254663,0.3076923076923077,0.3678252007793916,21.438353562,-1.2810474405468002,17855.108510000002,13,False,,,,,,,,,,,False,False
previously_viewed_2025_2026,cci_m30_chop_d,public,cost1,ETHUSDT,34,0,218.3524242179648,218.3524242179648,0.38235294117647056,3.1320644665150787,17.78137962,-2.049496162035,14811.9765,16,False,,,,,,,,,,,False,False
previously_viewed_2025_2026,cci_m30_chop_d,public,cost2,PORTFOLIO,60,0,24.36904769210966,24.36904769210966,0.3,1.0974760291512156,63.489149796,-5.858572511890601,26436.94738,21,False,,,,,,,,,,,False,False
previously_viewed_2025_2026,cci_m30_chop_d,public,cost2,BTCUSDT,26,0,-108.60134456727766,-108.60134456727766,0.23076923076923078,0.21935327188127923,33.827458356,-2.2488562112776003,14087.983180000001,13,False,,,,,,,,,,,False,False
previously_viewed_2025_2026,cci_m30_chop_d,public,cost2,ETHUSDT,34,0,132.97039225938732,132.97039225938732,0.35294117647058826,2.19919257086887,29.66169144,-3.609716300613,12348.9642,16,False,,,,,,,,,,,False,False
previously_viewed_2025_2026,cci_m30_chop_h12,personal,cost1,PORTFOLIO,57,0,188.52539385574966,188.52539385574966,0.42105263157894735,1.8115060911392218,24.308300364,-3.0627757802502003,30386.898210000003,23,False,,,,,,,,,,,False,False
previously_viewed_2025_2026,cci_m30_chop_h12,personal,cost1,BTCUSDT,24,0,28.708271366754758,28.708271366754758,0.375,1.2720847375881918,12.247581244000001,-1.4348173892452,15368.212410000002,12,False,,,,,,,,,,,False,False
previously_viewed_2025_2026,cci_m30_chop_h12,personal,cost1,ETHUSDT,33,0,159.8171224889949,159.8171224889949,0.45454545454545453,2.260355648761276,12.060719120000002,-1.6279583910050002,15018.685800000001,19,False,,,,,,,,,,,False,False
previously_viewed_2025_2026,cci_m30_chop_h12,personal,cost2,PORTFOLIO,57,0,96.39903248386973,96.39903248386973,0.38596491228070173,1.4053027581004522,40.81659698400001,-5.8716005321307,25511.991250000003,23,False,,,,,,,,,,,False,False
previously_viewed_2025_2026,cci_m30_chop_h12,personal,cost2,BTCUSDT,24,0,-10.20585380645365,-10.20585380645365,0.2916666666666667,0.9077688756257326,20.401592104000002,-2.6883917024537003,12806.173850000001,12,False,,,,,,,,,,,False,False
previously_viewed_2025_2026,cci_m30_chop_h12,personal,cost2,ETHUSDT,33,0,106.60488629032339,106.60488629032339,0.45454545454545453,1.8381592448142197,20.41500488,-3.1832088296770005,12705.8174,19,False,,,,,,,,,,,False,False
previously_viewed_2025_2026,cci_m30_chop_h12,public,cost1,PORTFOLIO,57,0,171.61332000358544,171.61332000358544,0.42105263157894735,1.7367220288000749,35.38951434,-2.9660456564144,29491.120160000002,23,False,,,,,,,,,,,False,False
previously_viewed_2025_2026,cci_m30_chop_h12,public,cost1,BTCUSDT,24,0,22.251208429301556,22.251208429301556,0.375,1.2095824115802392,17.82693822,-1.3911333506984,14913.056960000002,12,False,,,,,,,,,,,False,False
previously_viewed_2025_2026,cci_m30_chop_h12,public,cost1,ETHUSDT,33,0,149.3621115742839,149.3621115742839,0.45454545454545453,2.1781901825291516,17.56257612,-1.5749123057160002,14578.0632,19,False,,,,,,,,,,,False,False
previously_viewed_2025_2026,cci_m30_chop_h12,public,cost2,PORTFOLIO,57,0,67.9618360507813,67.9618360507813,0.3684210526315789,1.283741987305603,57.848119331999996,-5.5221346172191,24104.766050000002,23,False,,,,,,,,,,,False,False
previously_viewed_2025_2026,cci_m30_chop_h12,public,cost2,BTCUSDT,24,0,-18.891314614623063,-18.891314614623063,0.2916666666666667,0.8315220542775713,28.927378692,-2.5266259226231003,12105.580350000002,12,False,,,,,,,,,,,False,False
previously_viewed_2025_2026,cci_m30_chop_h12,public,cost2,ETHUSDT,33,0,86.85315066540437,86.85315066540437,0.42424242424242425,1.681786505559046,28.920740639999998,-2.9955086945960003,11999.1857,19,False,,,,,,,,,,,False,False
previously_viewed_2025_2026,cci_m30_chop_h6,personal,cost1,PORTFOLIO,56,1,161.32968162702076,161.40218058702078,0.42857142857142855,1.8178705964262372,20.615732644,-1.4807957289791,25839.462160000003,31,False,,,,,,,,,,,False,False
previously_viewed_2025_2026,cci_m30_chop_h6,personal,cost1,BTCUSDT,19,0,31.085737427375022,31.085737427375022,0.42105263157894735,1.5043847210672725,8.738092484000001,-0.5533800886251001,10944.27496,12,False,,,,,,,,,,,False,False
previously_viewed_2025_2026,cci_m30_chop_h6,personal,cost1,ETHUSDT,37,1,130.24394419964574,130.31644315964576,0.43243243243243246,1.9602327410470717,11.87764016,-0.9274156403539999,14895.1872,24,False,,,,,,,,,,,False,False
previously_viewed_2025_2026,cci_m30_chop_h6,personal,cost2,PORTFOLIO,56,1,77.98090718447888,78.59139422447886,0.35714285714285715,1.3877833624015037,34.72665008800001,-3.3693527275215,21760.75086,31,False,,,,,,,,,,,False,False
previously_viewed_2025_2026,cci_m30_chop_h6,personal,cost2,BTCUSDT,19,0,4.184958207363604,4.184958207363604,0.2631578947368421,1.0620000544488957,14.426595128000002,-1.3668566646365001,9036.798560000001,12,False,,,,,,,,,,,False,False
previously_viewed_2025_2026,cci_m30_chop_h6,personal,cost2,ETHUSDT,37,1,73.79594897711527,74.40643601711525,0.40540540540540543,1.5504695493150273,20.30005496,-2.002496062885,12723.9523,24,False,,,,,,,,,,,False,False
previously_viewed_2025_2026,cci_m30_chop_h6,public,cost1,PORTFOLIO,56,1,147.65671191692368,147.82756035692373,0.4107142857142857,1.7495407335179898,30.035952287999997,-1.4271357950762,25098.9987,31,False,,,,,,,,,,,False,False
previously_viewed_2025_2026,cci_m30_chop_h6,public,cost1,BTCUSDT,19,0,26.320417084615926,26.320417084615926,0.3684210526315789,1.4223474315629476,12.662443488,-0.5307394273842001,10573.1787,12,False,,,,,,,,,,,False,False
previously_viewed_2025_2026,cci_m30_chop_h6,public,cost1,ETHUSDT,37,1,121.33629483230776,121.50714327230779,0.43243243243243246,1.9006878256262403,17.3735088,-0.896396367692,14525.82,24,False,,,,,,,,,,,False,False
previously_viewed_2025_2026,cci_m30_chop_h6,public,cost2,PORTFOLIO,56,1,52.704210822717464,53.39137506271745,0.32142857142857145,1.2579038348142881,49.668046344,-3.1498628332829,20747.08074,31,False,,,,,,,,,,,False,False
previously_viewed_2025_2026,cci_m30_chop_h6,public,cost2,BTCUSDT,19,0,-3.3111306632417916,-3.3111306632417916,0.2631578947368421,0.9523480259773692,20.541187464,-1.2894631992419001,8577.59764,12,False,,,,,,,,,,,False,False
previously_viewed_2025_2026,cci_m30_chop_h6,public,cost2,ETHUSDT,37,1,56.01534148595926,56.70250572595924,0.35135135135135137,1.412277576426837,29.126858879999997,-1.860399634041,12169.483100000001,24,False,,,,,,,,,,,False,False
previously_viewed_2025_2026,cci_m30_chop_h4,personal,cost1,PORTFOLIO,55,0,47.543768831260934,47.543768831260934,0.38181818181818183,1.2634257250872187,18.525470496,-1.6088406727391,23165.87554,36,False,,,,,,,,,,,False,False
previously_viewed_2025_2026,cci_m30_chop_h4,personal,cost1,BTCUSDT,17,0,-11.776018901572035,-11.776018901572035,0.35294117647058826,0.7898086408068011,7.195634216000001,-0.3671646855721,8997.042340000002,15,False,,,,,,,,,,,False,False
previously_viewed_2025_2026,cci_m30_chop_h4,personal,cost1,ETHUSDT,38,0,59.31978773283297,59.31978773283297,0.39473684210526316,1.4766272223594008,11.32983628,-1.241675987167,14168.833200000001,26,False,,,,,,,,,,,False,False
previously_viewed_2025_2026,cci_m30_chop_h4,personal,cost2,PORTFOLIO,55,0,-4.4996399248213095,-4.4996399248213095,0.32727272727272727,0.9763057461953477,31.348947056000004,-3.3448328688218,19599.50087,36,False,,,,,,,,,,,False,False
previously_viewed_2025_2026,cci_m30_chop_h4,personal,cost2,BTCUSDT,17,0,-27.261320909009644,-27.261320909009644,0.23529411764705882,0.5672150626885094,12.059041456000001,-0.8646194530098,7540.228570000001,15,False,,,,,,,,,,,False,False
previously_viewed_2025_2026,cci_m30_chop_h4,personal,cost2,ETHUSDT,38,0,22.761680984188335,22.761680984188335,0.3684210526315789,1.1793475491118095,19.2899056,-2.4802134158120004,12059.2723,26,False,,,,,,,,,,,False,False
previously_viewed_2025_2026,cci_m30_chop_h4,public,cost1,PORTFOLIO,55,0,35.27174287805615,35.27174287805615,0.34545454545454546,1.194163642329015,26.980405536,-1.5577115859439001,22490.15338,36,False,,,,,,,,,,,False,False
previously_viewed_2025_2026,cci_m30_chop_h4,public,cost1,BTCUSDT,17,0,-14.761046597911843,-14.761046597911843,0.23529411764705882,0.7410168866512018,10.465109316000001,-0.3602972819119001,8723.14198,15,False,,,,,,,,,,,False,False
previously_viewed_2025_2026,cci_m30_chop_h4,public,cost1,ETHUSDT,38,0,50.032789475967995,50.032789475967995,0.39473684210526316,1.401342085357436,16.51529622,-1.1974143040320002,13767.011400000001,26,False,,,,,,,,,,,False,False
previously_viewed_2025_2026,cci_m30_chop_h4,public,cost2,PORTFOLIO,55,0,-23.849680689406433,-23.849680689406433,0.32727272727272727,0.8767706631318226,44.92858272,-3.1688379694069,18726.51094,36,False,,,,,,,,,,,False,False
previously_viewed_2025_2026,cci_m30_chop_h4,public,cost2,BTCUSDT,17,0,-31.088690044961755,-31.088690044961755,0.23529411764705882,0.5174675131321874,17.1577794,-0.8283506449619,7152.17284,15,False,,,,,,,,,,,False,False
previously_viewed_2025_2026,cci_m30_chop_h4,public,cost2,ETHUSDT,38,0,7.239009355555323,7.239009355555323,0.3684210526315789,1.0560681920555035,27.77080332,-2.340487324445,11574.3381,26,False,,,,,,,,,,,False,False
previously_viewed_2025_2026,cci_m30_chop_h1,personal,cost1,PORTFOLIO,67,0,54.64346642348775,54.64346642348775,0.3582089552238806,1.2815165378186006,15.785429372000001,-1.0746942045125,19740.67884,45,False,,,,,,,,,,,False,False
previously_viewed_2025_2026,cci_m30_chop_h1,personal,cost1,BTCUSDT,27,0,-52.95392235396122,-52.95392235396122,0.18518518518518517,0.42206031664953986,7.8418769720000014,0.01956461803849998,9810.23884,22,False,,,,,,,,,,,False,False
previously_viewed_2025_2026,cci_m30_chop_h1,personal,cost1,ETHUSDT,40,0,107.59738877744897,107.59738877744897,0.475,2.049949973029298,7.943552400000001,-1.0942588225510002,9930.44,31,False,,,,,,,,,,,False,False
previously_viewed_2025_2026,cci_m30_chop_h1,personal,cost2,PORTFOLIO,67,0,6.941528607097861,6.941528607097861,0.2835820895522388,1.0331480290335826,28.266991296000004,-2.6732000969022,17674.840920000002,45,False,,,,,,,,,,,False,False
previously_viewed_2025_2026,cci_m30_chop_h1,personal,cost2,BTCUSDT,27,0,-68.87701486500225,-68.87701486500225,0.07407407407407407,0.32994708915386095,13.959394336000003,-0.3761405290022,8731.50092,22,False,,,,,,,,,,,False,False
previously_viewed_2025_2026,cci_m30_chop_h1,personal,cost2,ETHUSDT,40,0,75.81854347210012,75.81854347210012,0.425,1.7111326435660676,14.307596960000001,-2.2970595679000003,8943.34,31,False,,,,,,,,,,,False,False
previously_viewed_2025_2026,cci_m30_chop_h1,public,cost1,PORTFOLIO,67,0,46.509365098537245,46.509365098537245,0.3283582089552239,1.2357443031588817,23.236589268,-1.057725633463,19373.88766,45,False,,,,,,,,,,,False,False
previously_viewed_2025_2026,cci_m30_chop_h1,public,cost1,BTCUSDT,27,0,-55.48109884873973,-55.48109884873973,0.1111111111111111,0.40712361403743685,11.491403028,0.02342417925999997,9583.939160000002,22,False,,,,,,,,,,,False,False
previously_viewed_2025_2026,cci_m30_chop_h1,public,cost1,ETHUSDT,40,0,101.99046394727698,101.99046394727698,0.475,1.9834406738383057,11.745186239999999,-1.0811498127230001,9789.9485,31,False,,,,,,,,,,,False,False
previously_viewed_2025_2026,cci_m30_chop_h1,public,cost2,PORTFOLIO,67,0,-8.737302579806038,-8.737302579806038,0.2835820895522388,0.9594365845553088,41.192776728,-2.6017058518061003,17172.573510000002,45,False,,,,,,,,,,,False,False
previously_viewed_2025_2026,cci_m30_chop_h1,public,cost2,BTCUSDT,27,0,-73.19977644471915,-73.19977644471915,0.07407407407407407,0.30862825552219636,20.250186648,-0.3623697967191,8444.38011,22,False,,,,,,,,,,,False,False
previously_viewed_2025_2026,cci_m30_chop_h1,public,cost2,ETHUSDT,40,0,64.46247386491311,64.46247386491311,0.425,1.5885777455835564,20.94259008,-2.239336055087,8728.1934,31,False,,,,,,,,,,,False,False
previously_viewed_2025_2026,cci_m30_chop_m30,personal,cost1,PORTFOLIO,104,1,-47.389761075644564,-47.33306399564452,0.3173076923076923,0.8617679896789474,25.436232196000002,-1.4368388796448002,31817.741520000003,60,True,,,,,,,,,,,False,False
previously_viewed_2025_2026,cci_m30_chop_m30,personal,cost1,BTCUSDT,42,0,-20.861120268182425,-20.861120268182425,0.30952380952380953,0.8423077871499424,12.061081116000002,-0.19544915218280004,15105.681220000002,33,False,,,,,,,,,,,False,False
previously_viewed_2025_2026,cci_m30_chop_m30,personal,cost1,ETHUSDT,62,1,-26.528640807462136,-26.471943727462094,0.3225806451612903,0.8740195668877121,13.37515108,-1.241389727462,16712.0603,46,False,,,,,,,,,,,False,False
previously_viewed_2025_2026,cci_m30_chop_m30,personal,cost2,PORTFOLIO,104,1,-109.52669870709568,-108.8660216670957,0.27884615384615385,0.6954148597322701,44.91130176800001,-3.4620269390958,28089.85479,60,True,,,,,,,,,,,False,False
previously_viewed_2025_2026,cci_m30_chop_m30,personal,cost2,BTCUSDT,42,0,-52.46181805642191,-52.46181805642191,0.2857142857142857,0.6309067637350992,21.256905448000005,-0.9863426084218001,13310.794490000002,33,False,,,,,,,,,,,False,False
previously_viewed_2025_2026,cci_m30_chop_m30,personal,cost2,ETHUSDT,62,1,-57.06488065067377,-56.40420361067379,0.27419354838709675,0.7380044883844817,23.654396320000004,-2.475684330674,14779.060300000001,46,False,,,,,,,,,,,False,False
previously_viewed_2025_2026,cci_m30_chop_m30,public,cost1,PORTFOLIO,104,1,-59.07792339776735,-58.91710919776731,0.3076923076923077,0.8288611379821671,37.342727208,-1.4204561897676,31142.057060000003,60,True,,,,,,,,,,,False,False
previously_viewed_2025_2026,cci_m30_chop_m30,public,cost1,BTCUSDT,42,0,-26.218014407143237,-26.218014407143237,0.30952380952380953,0.8037143681309209,17.693808828,-0.20076557914359996,14773.18106,33,False,,,,,,,,,,,False,False
previously_viewed_2025_2026,cci_m30_chop_m30,public,cost1,ETHUSDT,62,1,-32.85990899062411,-32.69909479062408,0.3064516129032258,0.8448030679196309,19.648918379999998,-1.219690610624,16368.876,46,False,,,,,,,,,,,False,False
previously_viewed_2025_2026,cci_m30_chop_m30,public,cost2,PORTFOLIO,104,1,-126.68883228092946,-125.83146672092948,0.25961538461538464,0.6498866471668475,64.727275152,-3.3342171289296,26987.076780000003,60,True,,,,,,,,,,,False,False
previously_viewed_2025_2026,cci_m30_chop_m30,public,cost2,BTCUSDT,42,0,-60.3607273065587,-60.3607273065587,0.23809523809523808,0.5821908887560127,30.622992312,-0.9520949945586,12783.67668,33,False,,,,,,,,,,,False,False
previously_viewed_2025_2026,cci_m30_chop_m30,public,cost2,ETHUSDT,62,1,-66.32810497437076,-65.47073941437078,0.27419354838709675,0.6953892277604454,34.104282839999996,-2.382122134371,14203.4001,46,False,,,,,,,,,,,False,False
previously_viewed_2025_2026,cci_m30_chop_m15,personal,cost1,PORTFOLIO,183,0,-168.2569249300113,-168.2569249300113,0.2896174863387978,0.7355586907627413,57.03209555200001,-3.2135893780109,71349.19917,75,True,,,,,,,,,,,False,False
previously_viewed_2025_2026,cci_m30_chop_m15,personal,cost1,BTCUSDT,82,0,-102.18054074414387,-102.18054074414387,0.2682926829268293,0.6459025453877558,31.993268152000006,-1.3105325921439,40055.52917,51,False,,,,,,,,,,,False,False
previously_viewed_2025_2026,cci_m30_chop_m15,personal,cost1,ETHUSDT,101,0,-66.07638418586745,-66.07638418586745,0.3069306930693069,0.8099653715320766,25.038827400000002,-1.903056785867,31293.670000000002,55,True,,,,,,,,,,,False,False
previously_viewed_2025_2026,cci_m30_chop_m15,personal,cost2,PORTFOLIO,183,0,-291.9830481782553,-291.9830481782553,0.2459016393442623,0.5434507994384484,93.03112053600002,-6.8739576422553,58196.874220000005,75,True,,,,,,,,,,,False,False
previously_viewed_2025_2026,cci_m30_chop_m15,personal,cost2,BTCUSDT,82,0,-168.38828795523344,-168.38828795523344,0.21951219512195122,0.44427711548592963,51.84735533600001,-3.2490626192333,32460.899620000004,51,False,,,,,,,,,,,False,False
previously_viewed_2025_2026,cci_m30_chop_m15,personal,cost2,ETHUSDT,101,0,-123.59476022302185,-123.59476022302185,0.26732673267326734,0.6327440821678398,41.1837652,-3.6248950230220003,25735.9746,55,True,,,,,,,,,,,False,False
previously_viewed_2025_2026,cci_m30_chop_m15,public,cost1,PORTFOLIO,183,0,-189.55336483166568,-189.55336483166568,0.2786885245901639,0.7023052932376772,82.784579742,-3.1376950896653,69047.19224,75,True,,,,,,,,,,,False,False
previously_viewed_2025_2026,cci_m30_chop_m15,public,cost1,BTCUSDT,82,0,-115.15123006773526,-115.15123006773526,0.25609756097560976,0.6053264567140578,46.396012482,-1.2732275857353,38725.83694,51,False,,,,,,,,,,,False,False
previously_viewed_2025_2026,cci_m30_chop_m15,public,cost1,ETHUSDT,101,0,-74.40213476393042,-74.40213476393042,0.297029702970297,0.7843255109268475,36.388567259999995,-1.86446750393,30321.3553,55,True,,,,,,,,,,,False,False
previously_viewed_2025_2026,cci_m30_chop_m15,public,cost2,PORTFOLIO,183,0,-320.4466141931118,-320.4466141931118,0.22950819672131148,0.5012051902426166,132.330670464,-6.5884237291118,55188.909600000006,75,True,,,,,,,,,,,False,False
previously_viewed_2025_2026,cci_m30_chop_m15,public,cost2,BTCUSDT,82,0,-184.94867071161693,-184.94867071161693,0.18292682926829268,0.3977022307570491,73.448318184,-3.1145325276168,30656.513700000003,51,False,,,,,,,,,,,False,False
previously_viewed_2025_2026,cci_m30_chop_m15,public,cost2,ETHUSDT,101,0,-135.49794348149487,-135.49794348149487,0.26732673267326734,0.5959746913515045,58.88235228,-3.4738912014950003,24532.3959,55,True,,,,,,,,,,,False,False
previously_viewed_2025_2026,cci_m30_chop_m5,personal,cost1,PORTFOLIO,284,0,-254.51302397958878,-254.51302397958878,0.2887323943661972,0.7822442558861048,117.45129382000002,-6.2075001595887,146906.12188000002,81,True,,,,,,,,,,,False,False
previously_viewed_2025_2026,cci_m30_chop_m5,personal,cost1,BTCUSDT,129,0,-251.72728999243023,-251.72728999243023,0.24031007751937986,0.5364026260254264,63.83612314000001,-3.1956368524307,79876.48008000001,54,True,,,,,,,,,,,False,False
previously_viewed_2025_2026,cci_m30_chop_m5,personal,cost1,ETHUSDT,155,0,-2.7857339871585465,-2.7857339871585465,0.32903225806451614,0.9955486204617822,53.615170680000006,-3.0118633071580003,67029.6418,65,True,,,,,,,,,,,False,False
previously_viewed_2025_2026,cci_m30_chop_m5,personal,cost2,PORTFOLIO,284,0,-453.2031126659682,-453.2031126659682,0.24295774647887325,0.5831374514620347,172.903173056,-12.2898796099688,108151.39972,81,True,,,,,,,,,,,False,False
previously_viewed_2025_2026,cci_m30_chop_m5,personal,cost2,BTCUSDT,129,0,-342.1803396730557,-342.1803396730557,0.1937984496124031,0.348958494736496,93.70980345600002,-6.6724762170558005,58643.000420000004,54,True,,,,,,,,,,,False,False
previously_viewed_2025_2026,cci_m30_chop_m5,personal,cost2,ETHUSDT,155,0,-111.02277299291254,-111.02277299291254,0.2838709677419355,0.8023053849540142,79.19336960000001,-5.617403392913,49508.399300000005,65,True,,,,,,,,,,,False,False
previously_viewed_2025_2026,cci_m30_chop_m5,public,cost1,PORTFOLIO,284,0,-295.06475372036357,-295.06475372036357,0.27816901408450706,0.7442736666906195,167.203422,-5.914571720363501,139423.68239,81,True,,,,,,,,,,,False,False
previously_viewed_2025_2026,cci_m30_chop_m5,public,cost1,BTCUSDT,129,0,-269.39474722925604,-269.39474722925604,0.23255813953488372,0.5013678633722589,90.98196912,-3.0658181092565004,75897.78489000001,54,True,,,,,,,,,,,False,False
previously_viewed_2025_2026,cci_m30_chop_m5,public,cost1,ETHUSDT,155,0,-25.670006491107536,-25.670006491107536,0.3161290322580645,0.9581623698193414,76.22145288,-2.848753611107,63525.8975,65,True,,,,,,,,,,,False,False
previously_viewed_2025_2026,cci_m30_chop_m5,public,cost2,PORTFOLIO,284,0,-494.75024646890677,-494.75024646890677,0.23943661971830985,0.5367192101345634,239.00149104,-11.4630754289073,99662.55200000001,81,True,,,,,,,,,,,False,False
previously_viewed_2025_2026,cci_m30_chop_m5,public,cost2,BTCUSDT,129,0,-359.77706007582617,-359.77706007582617,0.1937984496124031,0.30909990414841615,129.2997798,-6.232300275826301,53944.8029,54,True,,,,,,,,,,,False,False
previously_viewed_2025_2026,cci_m30_chop_m5,public,cost2,ETHUSDT,155,0,-134.97318639308057,-134.97318639308057,0.27741935483870966,0.7533342643348419,109.70171124,-5.230775153081,45717.7491,65,True,,,,,,,,,,,False,False
previously_viewed_2025_2026,cci_m30_chop_m3,personal,cost1,PORTFOLIO,283,0,-230.5738146505235,-230.5738146505235,0.2826855123674912,0.8065492574852521,119.69378440800001,-6.380610242522801,149784.03368000002,81,True,,,,,,,,,,,False,False
previously_viewed_2025_2026,cci_m30_chop_m3,personal,cost1,BTCUSDT,131,0,-267.28877853482254,-267.28877853482254,0.25190839694656486,0.5192250426590915,65.50121464800002,-3.0775438868228004,81997.07638000001,53,True,,,,,,,,,,,False,False
previously_viewed_2025_2026,cci_m30_chop_m3,personal,cost1,ETHUSDT,152,0,36.71496388429903,36.71496388429903,0.3092105263157895,1.0577328946858386,54.192569760000005,-3.3030663557,67786.95730000001,69,True,,,,,,,,,,,False,False
previously_viewed_2025_2026,cci_m30_chop_m3,personal,cost2,PORTFOLIO,283,0,-436.21181615479423,-436.21181615479423,0.23674911660777384,0.6048341241732068,175.379470512,-12.681045642795,109757.01367000001,81,True,,,,,,,,,,,False,False
previously_viewed_2025_2026,cci_m30_chop_m3,personal,cost2,BTCUSDT,131,0,-361.0723053132819,-361.0723053132819,0.183206106870229,0.3314030810456993,95.95907515200001,-6.708530161282001,60081.327170000004,53,True,,,,,,,,,,,False,False
previously_viewed_2025_2026,cci_m30_chop_m3,personal,cost2,ETHUSDT,152,0,-75.13951084151236,-75.13951084151236,0.28289473684210525,0.8667326442459198,79.42039536,-5.972515481513,49675.6865,69,True,,,,,,,,,,,False,False
previously_viewed_2025_2026,cci_m30_chop_m3,public,cost1,PORTFOLIO,283,0,-278.33937764476224,-278.33937764476224,0.2756183745583039,0.7628143435849579,169.820413428,-6.0766242167616005,141673.61414000002,81,True,,,,,,,,,,,False,False
previously_viewed_2025_2026,cci_m30_chop_m3,public,cost1,BTCUSDT,131,0,-287.57229731182133,-287.57229731182133,0.24427480916030533,0.4792857127581358,93.207572988,-2.9671843238216002,77787.59114,53,True,,,,,,,,,,,False,False
previously_viewed_2025_2026,cci_m30_chop_m3,public,cost1,ETHUSDT,152,0,9.232919667059104,9.232919667059104,0.3026315789473684,1.0148619996355124,76.61284044,-3.1094398929400002,63886.023,69,True,,,,,,,,,,,False,False
previously_viewed_2025_2026,cci_m30_chop_m3,public,cost2,PORTFOLIO,283,0,-483.1902728700628,-483.1902728700628,0.23674911660777384,0.5557537648918212,242.898510264,-11.9107426060635,101342.46862,81,True,,,,,,,,,,,False,False
previously_viewed_2025_2026,cci_m30_chop_m3,public,cost2,BTCUSDT,131,0,-380.0172591214444,-380.0172591214444,0.183206106870229,0.2922355835014298,132.525258744,-6.3095803774445,55319.241420000006,53,True,,,,,,,,,,,False,False
previously_viewed_2025_2026,cci_m30_chop_m3,public,cost2,ETHUSDT,152,0,-103.17301374861843,-103.17301374861843,0.28289473684210525,0.812663725909833,110.37325152,-5.601162228619001,46023.2272,69,True,,,,,,,,,,,False,False
previously_viewed_2025_2026,cci_m30_chop_m1,personal,cost1,PORTFOLIO,347,1,-226.91322033576122,-226.86488769576118,0.2737752161383285,0.8431230344304693,154.03348402800003,-7.4707663077608,192732.99481,82,True,,,,,,,,,,,False,False
previously_viewed_2025_2026,cci_m30_chop_m1,personal,cost1,BTCUSDT,155,0,-221.36758187075125,-221.36758187075125,0.25806451612903225,0.6652228847801138,82.47833330800002,-3.6738785627518,103271.46381000002,56,True,,,,,,,,,,,False,False
previously_viewed_2025_2026,cci_m30_chop_m1,personal,cost1,ETHUSDT,192,1,-5.54563846500996,-5.497305825009939,0.2864583333333333,0.9929961157084131,71.55515072,-3.796887745009,89461.531,69,True,,,,,,,,,,,False,False
previously_viewed_2025_2026,cci_m30_chop_m1,personal,cost2,PORTFOLIO,347,1,-502.32871143946596,-502.099778799466,0.23631123919308358,0.6088807218604214,213.44583448000003,-14.543116959467001,133558.78314,82,True,,,,,,,,,,,False,False
previously_viewed_2025_2026,cci_m30_chop_m1,personal,cost2,BTCUSDT,155,0,-350.8700224772106,-350.8700224772106,0.2,0.4228831987828557,113.66764864000002,-7.739713837211001,71182.11054000001,56,True,,,,,,,,,,,False,False
previously_viewed_2025_2026,cci_m30_chop_m1,personal,cost2,ETHUSDT,192,1,-151.45868896225537,-151.22975632225535,0.265625,0.7762146723393059,99.77818584,-6.803403122256,62376.672600000005,69,True,,,,,,,,,,,False,False
previously_viewed_2025_2026,cci_m30_chop_m1,public,cost1,PORTFOLIO,347,1,-276.8573777669082,-276.7624619669082,0.2622478386167147,0.8048836348135101,217.461291402,-7.1310763649078,181401.51199,82,True,,,,,,,,,,,False,False
previously_viewed_2025_2026,cci_m30_chop_m1,public,cost1,BTCUSDT,155,0,-253.06344042409626,-253.06344042409626,0.23870967741935484,0.6132395074053362,116.521826922,-3.5482035020968,97264.31919000001,56,True,,,,,,,,,,,False,False
previously_viewed_2025_2026,cci_m30_chop_m1,public,cost1,ETHUSDT,192,1,-23.793937342811933,-23.699021542811916,0.28125,0.968985720427016,100.93946448,-3.5828728628110005,84137.1928,69,True,,,,,,,,,,,False,False
previously_viewed_2025_2026,cci_m30_chop_m1,public,cost2,PORTFOLIO,347,1,-551.0998480910131,-550.8053491310131,0.22478386167146974,0.5585197555939815,290.785808448,-13.370779643014101,121309.19122000001,82,True,,,,,,,,,,,False,False
previously_viewed_2025_2026,cci_m30_chop_m1,public,cost2,BTCUSDT,155,0,-372.33012961842076,-372.33012961842076,0.2,0.37485261168480644,154.690147488,-7.218522130421101,64582.668820000006,56,True,,,,,,,,,,,False,False
previously_viewed_2025_2026,cci_m30_chop_m1,public,cost2,ETHUSDT,192,1,-178.7697184725924,-178.4752195125924,0.24479166666666666,0.7262840210146954,136.09566096,-6.152257512593001,56726.5224,69,True,,,,,,,,,,,False,False
previously_viewed_2025_2026,cci_m15_chop_w,personal,cost1,PORTFOLIO,51,1,-35.35985932424902,-48.76521941384896,0.27450980392156865,0.8035295745321107,29.034502728000003,-3.4481365962490003,36259.43978,14,False,,,,,,,,,,,False,False
previously_viewed_2025_2026,cci_m15_chop_w,personal,cost1,BTCUSDT,17,0,-39.83548214022458,-39.83548214022458,0.29411764705882354,0.536789975478538,11.336802688000002,-1.6373594522250001,14172.241280000002,4,False,,,,,,,,,,,False,False
previously_viewed_2025_2026,cci_m15_chop_w,personal,cost1,ETHUSDT,34,1,4.475622815975559,-8.929737273624381,0.2647058823529412,0.9449487340026609,17.69770004,-1.810777144024,22087.198500000002,10,False,,,,,,,,,,,False,False
previously_viewed_2025_2026,cci_m15_chop_w,personal,cost2,PORTFOLIO,51,1,-108.15386924560185,-118.28014326160188,0.2549019607843137,0.5423692428454979,46.802632424,-5.847126821601901,29243.72981,14,False,,,,,,,,,,,False,False
previously_viewed_2025_2026,cci_m15_chop_w,personal,cost2,BTCUSDT,17,0,-61.70269390789193,-61.70269390789193,0.29411764705882354,0.32778063554365505,18.330631944000004,-2.7247519638919,11463.236410000001,4,False,,,,,,,,,,,False,False
previously_viewed_2025_2026,cci_m15_chop_w,personal,cost2,ETHUSDT,34,1,-46.45117533770992,-56.57744935370995,0.23529411764705882,0.6605470627753011,28.472000480000002,-3.12237485771,17780.4934,10,False,,,,,,,,,,,False,False
previously_viewed_2025_2026,cci_m15_chop_w,public,cost1,PORTFOLIO,51,1,-48.30646927676145,-61.517847686361385,0.27450980392156865,0.7548236874546811,42.211635462,-3.3507838147614,35143.99033,14,False,,,,,,,,,,,False,False
previously_viewed_2025_2026,cci_m15_chop_w,public,cost1,BTCUSDT,17,0,-44.401860112479,-44.401860112479,0.29411764705882354,0.49513628270711063,16.558296402,-1.5942137104794,13799.993830000001,4,False,,,,,,,,,,,False,False
previously_viewed_2025_2026,cci_m15_chop_w,public,cost1,ETHUSDT,34,1,-3.904609164282446,-17.115987573882386,0.2647058823529412,0.8949710530244847,25.653339059999997,-1.756570104282,21343.9965,10,False,,,,,,,,,,,False,False
previously_viewed_2025_2026,cci_m15_chop_w,public,cost2,PORTFOLIO,51,1,-120.64470729606685,-129.7941504576669,0.2549019607843137,0.49686377467710613,66.146222724,-5.5532145720669,27551.658020000003,14,False,,,,,,,,,,,False,False
previously_viewed_2025_2026,cci_m15_chop_w,public,cost2,BTCUSDT,17,0,-66.47847295439593,-66.47847295439593,0.29411764705882354,0.2828429626212912,25.838285724000002,-2.5724172303959003,10772.038320000001,4,False,,,,,,,,,,,False,False
previously_viewed_2025_2026,cci_m15_chop_w,public,cost2,ETHUSDT,34,1,-54.16623434167092,-63.315677503270955,0.23529411764705882,0.6169023868806125,40.307936999999995,-2.980797341671,16779.6197,10,False,,,,,,,,,,,False,False
previously_viewed_2025_2026,cci_m15_chop_d,personal,cost1,PORTFOLIO,78,0,16.876935453620774,16.876935453620774,0.2948717948717949,1.0481903196196272,36.19778048800001,-3.2756040583793,45156.00211,23,False,,,,,,,,,,,False,False
previously_viewed_2025_2026,cci_m15_chop_d,personal,cost1,BTCUSDT,33,0,-101.80726043734413,-101.80726043734413,0.2727272727272727,0.4217831427696986,18.924107008000004,-1.1423734293443002,23636.053910000002,14,False,,,,,,,,,,,False,False
previously_viewed_2025_2026,cci_m15_chop_d,personal,cost1,ETHUSDT,45,0,118.6841958909649,118.6841958909649,0.3111111111111111,1.681532359449862,17.273673480000003,-2.133230629035,21519.9482,17,False,,,,,,,,,,,False,False
previously_viewed_2025_2026,cci_m15_chop_d,personal,cost2,PORTFOLIO,78,0,-77.02385563925738,-77.02385563925738,0.28205128205128205,0.7866305804094699,59.68207326400001,-6.0927823752575,37228.643780000006,23,False,,,,,,,,,,,False,False
previously_viewed_2025_2026,cci_m15_chop_d,personal,cost2,BTCUSDT,33,0,-132.80028980220152,-132.80028980220152,0.2727272727272727,0.2652584505676538,30.623418304000005,-2.2479714982015,19125.81968,14,False,,,,,,,,,,,False,False
previously_viewed_2025_2026,cci_m15_chop_d,personal,cost2,ETHUSDT,45,0,55.776434162944135,55.776434162944135,0.28888888888888886,1.3094495365016172,29.058654960000002,-3.844810877056,18102.8241,17,False,,,,,,,,,,,False,False
previously_viewed_2025_2026,cci_m15_chop_d,public,cost1,PORTFOLIO,78,0,-3.6916469051767367,-3.6916469051767367,0.2948717948717949,0.9895001403609653,52.334632674,-3.1143642311768005,43525.98345,23,False,,,,,,,,,,,False,False
previously_viewed_2025_2026,cci_m15_chop_d,public,cost1,BTCUSDT,33,0,-107.65533325147362,-107.65533325147362,0.2727272727272727,0.3906525300844456,27.302345994,-1.0885372574738001,22733.610350000003,14,False,,,,,,,,,,,False,False
previously_viewed_2025_2026,cci_m15_chop_d,public,cost1,ETHUSDT,45,0,103.9636863462969,103.9636863462969,0.3111111111111111,1.5943601872022337,25.03228668,-2.025826973703,20792.3731,17,False,,,,,,,,,,,False,False
previously_viewed_2025_2026,cci_m15_chop_d,public,cost2,PORTFOLIO,78,0,-101.53012649480279,-101.53012649480279,0.28205128205128205,0.720107468122501,84.237635724,-5.7443407708029,35027.40681,23,False,,,,,,,,,,,False,False
previously_viewed_2025_2026,cci_m15_chop_d,public,cost2,BTCUSDT,33,0,-137.91802893166988,-137.91802893166988,0.2727272727272727,0.23346517969911118,42.917415684,-2.1089632476699003,17868.834410000003,14,False,,,,,,,,,,,False,False
previously_viewed_2025_2026,cci_m15_chop_d,public,cost2,ETHUSDT,45,0,36.38790243686711,36.38790243686711,0.28888888888888886,1.19903372376542,41.320220039999995,-3.635377523133,17158.5724,17,False,,,,,,,,,,,False,False
previously_viewed_2025_2026,cci_m15_chop_h12,personal,cost1,PORTFOLIO,74,0,233.34202164674306,233.34202164674306,0.3783783783783784,1.6678916100169596,37.63367112,-3.8772872332570003,47044.29761,28,False,,,,,,,,,,,False,False
previously_viewed_2025_2026,cci_m15_chop_h12,personal,cost1,BTCUSDT,31,0,6.543718359947989,6.543718359947989,0.3870967741935484,1.0412214050231163,18.598672880000002,-1.753388760052,23313.958010000002,16,False,,,,,,,,,,,False,False
previously_viewed_2025_2026,cci_m15_chop_h12,personal,cost1,ETHUSDT,43,0,226.79830328679506,226.79830328679506,0.37209302325581395,2.189758770814854,19.034998240000004,-2.123898473205,23730.3396,22,False,,,,,,,,,,,False,False
previously_viewed_2025_2026,cci_m15_chop_h12,personal,cost2,PORTFOLIO,74,0,97.86461372425369,97.86461372425369,0.35135135135135137,1.2780873351129354,61.174530184000005,-7.2278460917467005,38233.777850000006,28,False,,,,,,,,,,,False,False
previously_viewed_2025_2026,cci_m15_chop_h12,personal,cost2,BTCUSDT,31,0,-40.96768602664289,-40.96768602664289,0.3548387096774194,0.7439824503112873,29.955040664000006,-3.2239353626427003,18781.886150000002,16,False,,,,,,,,,,,False,False
previously_viewed_2025_2026,cci_m15_chop_h12,personal,cost2,ETHUSDT,43,0,138.83229975089657,138.83229975089657,0.3488372093023256,1.7234565200243994,31.219489520000003,-4.003910729104,19451.8917,22,False,,,,,,,,,,,False,False
previously_viewed_2025_2026,cci_m15_chop_h12,public,cost1,PORTFOLIO,74,0,210.89256658987898,210.89256658987898,0.36486486486486486,1.6015200718068587,54.669305226,-3.7750381841211005,45558.32765,28,False,,,,,,,,,,,False,False
previously_viewed_2025_2026,cci_m15_chop_h12,public,cost1,BTCUSDT,31,0,-2.281712802444084,-2.281712802444084,0.3548387096774194,0.9856892985785798,26.943698526,-1.6916242764441,22516.648650000003,16,False,,,,,,,,,,,False,False
previously_viewed_2025_2026,cci_m15_chop_h12,public,cost1,ETHUSDT,43,0,213.17427939232306,213.17427939232306,0.37209302325581395,2.115171069447804,27.7256067,-2.083413907677,23041.679,22,False,,,,,,,,,,,False,False
previously_viewed_2025_2026,cci_m15_chop_h12,public,cost2,PORTFOLIO,74,0,68.11300266800328,68.11300266800328,0.33783783783783783,1.1932414695413924,86.563105032,-6.8828322999971006,36065.333880000006,28,False,,,,,,,,,,,False,False
previously_viewed_2025_2026,cci_m15_chop_h12,public,cost2,BTCUSDT,31,0,-51.71441952202729,-51.71441952202729,0.3225806451612903,0.6777303916739357,42.304228752,-3.0316307700271,17683.599980000003,16,False,,,,,,,,,,,False,False
previously_viewed_2025_2026,cci_m15_chop_h12,public,cost2,ETHUSDT,43,0,119.82742219003057,119.82742219003057,0.3488372093023256,1.6240794160082925,44.258876279999996,-3.85120152997,18381.7339,22,False,,,,,,,,,,,False,False
previously_viewed_2025_2026,cci_m15_chop_h6,personal,cost1,PORTFOLIO,76,1,96.85879991976665,90.10743151976666,0.40789473684210525,1.2617887702081547,38.55714649200001,-2.1339035882334,48219.569220000005,39,False,,,,,,,,,,,False,False
previously_viewed_2025_2026,cci_m15_chop_h6,personal,cost1,BTCUSDT,29,0,-25.720437127922285,-25.720437127922285,0.41379310344827586,0.8128153957782783,18.470927212000003,-0.8921599159224001,23089.132620000004,18,False,,,,,,,,,,,False,False
previously_viewed_2025_2026,cci_m15_chop_h6,personal,cost1,ETHUSDT,47,1,122.57923704768893,115.82786864768896,0.40425531914893614,1.5601172123379257,20.08621928,-1.241743672311,25130.4366,28,False,,,,,,,,,,,False,False
previously_viewed_2025_2026,cci_m15_chop_h6,personal,cost2,PORTFOLIO,76,1,-17.79138721255475,-22.351783932554746,0.32894736842105265,0.936379527358228,62.77497400800001,-4.4510032045552,39252.623830000004,39,False,,,,,,,,,,,False,False
previously_viewed_2025_2026,cci_m15_chop_h6,personal,cost2,BTCUSDT,29,0,-65.79953460338317,-65.79953460338317,0.27586206896551724,0.5522350013024511,30.187077128000006,-1.9645474753832002,18872.679930000002,18,False,,,,,,,,,,,False,False
previously_viewed_2025_2026,cci_m15_chop_h6,personal,cost2,ETHUSDT,47,1,48.008147390828405,43.44775067082841,0.3617021276595745,1.2125842153124362,32.58789688,-2.486455729172,20379.943900000002,28,False,,,,,,,,,,,False,False
previously_viewed_2025_2026,cci_m15_chop_h6,public,cost1,PORTFOLIO,76,1,78.60022293112766,72.47188123112768,0.3684210526315789,1.2106477791302235,55.936449984,-2.0608070848724003,46636.379,39,False,,,,,,,,,,,False,False
previously_viewed_2025_2026,cci_m15_chop_h6,public,cost1,BTCUSDT,29,0,-32.369664866364296,-32.369664866364296,0.3448275862068966,0.7665240240949316,26.824642164,-0.8614027023644003,22354.615,18,False,,,,,,,,,,,False,False
previously_viewed_2025_2026,cci_m15_chop_h6,public,cost1,ETHUSDT,47,1,110.96988779749195,104.84154609749197,0.3829787234042553,1.510424829799624,29.11180782,-1.199404382508,24281.764,28,False,,,,,,,,,,,False,False
previously_viewed_2025_2026,cci_m15_chop_h6,public,cost2,PORTFOLIO,76,1,-43.55850513983719,-47.880650219837186,0.3026315789473684,0.8643824221949323,88.35636432,-4.2384208198376,36831.78463,39,False,,,,,,,,,,,False,False
previously_viewed_2025_2026,cci_m15_chop_h6,public,cost2,BTCUSDT,29,0,-73.20871774120656,-73.20871774120656,0.2413793103448276,0.5047538455483789,42.09145428,-1.8554434612066002,17543.22043,18,False,,,,,,,,,,,False,False
previously_viewed_2025_2026,cci_m15_chop_h6,public,cost2,ETHUSDT,47,1,29.650212601369372,25.328067521369377,0.3404255319148936,1.1234109905269816,46.26491004,-2.382977358631,19288.5642,28,False,,,,,,,,,,,False,False
previously_viewed_2025_2026,cci_m15_chop_h4,personal,cost1,PORTFOLIO,72,0,72.53524926097576,72.53524926097576,0.4444444444444444,1.260591492997989,34.867860480000004,-1.8319902590242,43572.798140000006,41,False,,,,,,,,,,,False,False
previously_viewed_2025_2026,cci_m15_chop_h4,personal,cost1,BTCUSDT,27,0,19.21836021114362,19.21836021114362,0.4444444444444444,1.1798960329331327,16.478301800000004,-0.5739379888562001,20610.670940000004,20,False,,,,,,,,,,,False,False
previously_viewed_2025_2026,cci_m15_chop_h4,personal,cost1,ETHUSDT,45,0,53.316889049832135,53.316889049832135,0.4444444444444444,1.31085280681036,18.38955868,-1.2580522701680001,22962.127200000003,30,False,,,,,,,,,,,False,False
previously_viewed_2025_2026,cci_m15_chop_h4,personal,cost2,PORTFOLIO,72,0,-20.208469825667173,-20.208469825667173,0.3611111111111111,0.9296474974952204,55.975486448000005,-3.9943033776674004,34974.10811,41,False,,,,,,,,,,,False,False
previously_viewed_2025_2026,cci_m15_chop_h4,personal,cost2,BTCUSDT,27,0,-20.701281939646417,-20.701281939646417,0.37037037037037035,0.8161696452534547,26.011099008000006,-1.5036029316464001,16267.805810000002,20,False,,,,,,,,,,,False,False
previously_viewed_2025_2026,cci_m15_chop_h4,personal,cost2,ETHUSDT,45,0,0.49281211397924213,0.49281211397924213,0.35555555555555557,1.002821952835574,29.964387440000003,-2.490700446021,18706.3023,30,False,,,,,,,,,,,False,False
previously_viewed_2025_2026,cci_m15_chop_h4,public,cost1,PORTFOLIO,72,0,55.24199615738696,55.24199615738696,0.3888888888888889,1.1972257933337342,50.412325116,-1.7680787266130003,41998.39907,41,False,,,,,,,,,,,False,False
previously_viewed_2025_2026,cci_m15_chop_h4,public,cost1,BTCUSDT,27,0,11.645144158192824,11.645144158192824,0.37037037037037035,1.1079472567956739,23.798425896,-0.557529945807,19843.856270000004,20,False,,,,,,,,,,,False,False
previously_viewed_2025_2026,cci_m15_chop_h4,public,cost1,ETHUSDT,45,0,43.59685199919413,43.59685199919413,0.4,1.2531505437806554,26.613899219999997,-1.210548780806,22154.5428,30,False,,,,,,,,,,,False,False
previously_viewed_2025_2026,cci_m15_chop_h4,public,cost2,PORTFOLIO,72,0,-40.92268335557478,-40.92268335557478,0.3472222222222222,0.8579948310424833,78.68716137599999,-3.7788019795750003,32776.883010000005,41,False,,,,,,,,,,,False,False
previously_viewed_2025_2026,cci_m15_chop_h4,public,cost2,BTCUSDT,27,0,-30.41378124637799,-30.41378124637799,0.3333333333333333,0.7338159190550031,36.614429016,-1.425132230378,15265.770110000001,20,False,,,,,,,,,,,False,False
previously_viewed_2025_2026,cci_m15_chop_h4,public,cost2,ETHUSDT,45,0,-10.508902109196791,-10.508902109196791,0.35555555555555557,0.9395758713450844,42.072732359999996,-2.353669749197,17511.1129,30,False,,,,,,,,,,,False,False
previously_viewed_2025_2026,cci_m15_chop_h1,personal,cost1,PORTFOLIO,77,0,124.33074436286418,124.33074436286418,0.4155844155844156,1.4541321291654596,24.972988828000002,-0.8754768091364,31212.059030000004,48,False,,,,,,,,,,,False,False
previously_viewed_2025_2026,cci_m15_chop_h1,personal,cost1,BTCUSDT,33,0,-0.6033214162128503,-0.6033214162128503,0.3333333333333333,0.9956139957250548,13.606643308000002,0.26111189178660005,17031.474430000002,25,False,,,,,,,,,,,False,False
previously_viewed_2025_2026,cci_m15_chop_h1,personal,cost1,ETHUSDT,44,0,124.93406577907703,124.93406577907703,0.4772727272727273,1.9171455865140117,11.366345520000001,-1.136588700923,14180.5846,33,False,,,,,,,,,,,False,False
previously_viewed_2025_2026,cci_m15_chop_h1,personal,cost2,PORTFOLIO,77,0,43.130233862853416,43.130233862853416,0.35064935064935066,1.153830353703773,42.37630952000001,-2.7867166171467,26475.30524,48,False,,,,,,,,,,,False,False
previously_viewed_2025_2026,cci_m15_chop_h1,personal,cost2,BTCUSDT,33,0,-42.1331908285958,-42.1331908285958,0.2727272727272727,0.7034257003613156,22.575739520000003,-0.2990113085957001,14121.582040000001,25,False,,,,,,,,,,,False,False
previously_viewed_2025_2026,cci_m15_chop_h1,personal,cost2,ETHUSDT,44,0,85.26342469144922,85.26342469144922,0.4090909090909091,1.6164701395346839,19.800570000000004,-2.4877053085510004,12353.7232,33,False,,,,,,,,,,,False,False
previously_viewed_2025_2026,cci_m15_chop_h1,public,cost1,PORTFOLIO,77,0,115.4715525124455,115.4715525124455,0.38961038961038963,1.4216310730470045,36.495893688,-0.8910737995551001,30407.51995,48,False,,,,,,,,,,,False,False
previously_viewed_2025_2026,cci_m15_chop_h1,public,cost1,BTCUSDT,33,0,-7.748264600238555,-7.748264600238555,0.30303030303030304,0.9441509954108863,19.818116688,0.24973208776089997,16537.18575,25,False,,,,,,,,,,,False,False
previously_viewed_2025_2026,cci_m15_chop_h1,public,cost1,ETHUSDT,44,0,123.21981711268405,123.21981711268405,0.45454545454545453,1.9118427490971195,16.677777,-1.140805887316,13870.3342,33,False,,,,,,,,,,,False,False
previously_viewed_2025_2026,cci_m15_chop_h1,public,cost2,PORTFOLIO,77,0,23.466955450596426,23.466955450596426,0.3246753246753247,1.0824136918194553,60.878363291999996,-2.7421312574037002,25354.913800000002,48,False,,,,,,,,,,,False,False
previously_viewed_2025_2026,cci_m15_chop_h1,public,cost2,BTCUSDT,33,0,-53.29774019860579,-53.29774019860579,0.24242424242424243,0.6310485866789194,32.238684132,-0.2984060666057,13443.224800000002,25,False,,,,,,,,,,,False,False
previously_viewed_2025_2026,cci_m15_chop_h1,public,cost2,ETHUSDT,44,0,76.76469564920221,76.76469564920221,0.38636363636363635,1.5471916751398243,28.63967916,-2.443725190798,11911.689,33,False,,,,,,,,,,,False,False
previously_viewed_2025_2026,cci_m15_chop_m30,personal,cost1,PORTFOLIO,102,0,-18.929732866951404,-18.929732866951404,0.3431372549019608,0.9425501799225612,25.044090620000002,-1.4899522469516002,31341.30755,59,True,,,,,,,,,,,False,False
previously_viewed_2025_2026,cci_m15_chop_m30,personal,cost1,BTCUSDT,40,0,-11.577192829853221,-11.577192829853221,0.35,0.9068327784523534,11.760931260000001,-0.35197156985360006,14732.643950000001,32,False,,,,,,,,,,,False,False
previously_viewed_2025_2026,cci_m15_chop_m30,personal,cost1,ETHUSDT,62,0,-7.352540037098184,-7.352540037098184,0.3387096774193548,0.9641755053932987,13.28315936,-1.137980677098,16608.6636,45,False,,,,,,,,,,,False,False
previously_viewed_2025_2026,cci_m15_chop_m30,personal,cost2,PORTFOLIO,102,0,-76.4371919380044,-76.4371919380044,0.30392156862745096,0.7755536358530121,44.178433496000004,-3.4816084420045,27641.65964,59,True,,,,,,,,,,,False,False
previously_viewed_2025_2026,cci_m15_chop_m30,personal,cost2,BTCUSDT,40,0,-42.652722826418604,-42.652722826418604,0.325,0.6785449740756935,20.731597256000004,-1.1638755704185002,12985.47664,32,False,,,,,,,,,,,False,False
previously_viewed_2025_2026,cci_m15_chop_m30,personal,cost2,ETHUSDT,62,0,-33.7844691115858,-33.7844691115858,0.2903225806451613,0.8374749601722519,23.446836240000003,-2.317732871586,14656.183,45,False,,,,,,,,,,,False,False
previously_viewed_2025_2026,cci_m15_chop_m30,public,cost1,PORTFOLIO,102,0,-28.662138211200425,-28.662138211200425,0.3333333333333333,0.9135951417783551,36.7153425,-1.4671357112006003,30631.262430000002,59,True,,,,,,,,,,,False,False
previously_viewed_2025_2026,cci_m15_chop_m30,public,cost1,BTCUSDT,40,0,-16.49584252851024,-16.49584252851024,0.35,0.8687563984388104,17.24811702,-0.34006550851060013,14404.733130000002,32,False,,,,,,,,,,,False,False
previously_viewed_2025_2026,cci_m15_chop_m30,public,cost1,ETHUSDT,62,0,-12.166295682690183,-12.166295682690183,0.3225806451612903,0.9409490039934529,19.46722548,-1.1270702026900001,16226.5293,45,False,,,,,,,,,,,False,False
previously_viewed_2025_2026,cci_m15_chop_m30,public,cost2,PORTFOLIO,102,0,-99.75942200131138,-99.75942200131138,0.27450980392156865,0.7097393375238905,63.601065827999996,-3.3495061733115,26529.00745,59,True,,,,,,,,,,,False,False
previously_viewed_2025_2026,cci_m15_chop_m30,public,cost2,BTCUSDT,40,0,-51.66132999500659,-51.66132999500659,0.25,0.6166610428391561,29.810670948000002,-1.1260090470065,12447.945650000001,32,False,,,,,,,,,,,False,False
previously_viewed_2025_2026,cci_m15_chop_m30,public,cost2,ETHUSDT,62,0,-48.098092006304796,-48.098092006304796,0.2903225806451613,0.7697800842961268,33.79039488,-2.2234971263050003,14081.061800000001,45,False,,,,,,,,,,,False,False
previously_viewed_2025_2026,cci_m15_chop_m15,personal,cost1,PORTFOLIO,196,1,-193.91279490381476,-197.75953302861475,0.29591836734693877,0.7166721248242742,62.378166152000006,-3.5921487518145003,78007.20724,74,True,,,,,,,,,,,False,False
previously_viewed_2025_2026,cci_m15_chop_m15,personal,cost1,BTCUSDT,88,0,-128.62709328986938,-128.62709328986938,0.2840909090909091,0.6018875640316741,34.94993435200001,-1.4677789378695,43749.36284,51,False,,,,,,,,,,,False,False
previously_viewed_2025_2026,cci_m15_chop_m15,personal,cost1,ETHUSDT,108,1,-65.28570161394538,-69.13243973874536,0.3055555555555556,0.8155956325115582,27.428231800000002,-2.124369813945,34257.8444,55,True,,,,,,,,,,,False,False
previously_viewed_2025_2026,cci_m15_chop_m15,personal,cost2,PORTFOLIO,196,1,-322.48843368946086,-324.99045079026087,0.24489795918367346,0.531290923523584,101.110355096,-7.6138885934610006,63228.45008,74,True,,,,,,,,,,,False,False
previously_viewed_2025_2026,cci_m15_chop_m15,personal,cost2,BTCUSDT,88,0,-194.57434707869916,-194.57434707869916,0.22727272727272727,0.4142307131069306,56.085291096000006,-3.5758659826990002,35108.46938,51,False,,,,,,,,,,,False,False
previously_viewed_2025_2026,cci_m15_chop_m15,personal,cost2,ETHUSDT,108,1,-127.91408661076174,-130.41610371156173,0.25925925925925924,0.638941171156326,45.02506400000001,-4.038022610762,28119.9807,55,True,,,,,,,,,,,False,False
previously_viewed_2025_2026,cci_m15_chop_m15,public,cost1,PORTFOLIO,196,1,-215.35748277877863,-219.1066591035786,0.2857142857142857,0.6853498044773844,90.492532782,-3.5330599967784004,75446.77217000001,74,True,,,,,,,,,,,False,False
previously_viewed_2025_2026,cci_m15_chop_m15,public,cost1,BTCUSDT,88,0,-141.86596151172228,-141.86596151172228,0.2727272727272727,0.5639373047110012,50.643559602,-1.4454119097224,42262.95657,51,False,,,,,,,,,,,False,False
previously_viewed_2025_2026,cci_m15_chop_m15,public,cost1,ETHUSDT,108,1,-73.49152126705636,-77.24069759185633,0.2962962962962963,0.7918130963526069,39.848973179999994,-2.087648087056,33183.8156,55,True,,,,,,,,,,,False,False
previously_viewed_2025_2026,cci_m15_chop_m15,public,cost2,PORTFOLIO,196,1,-352.962902615501,-355.313158036301,0.22448979591836735,0.4853189988674088,142.87861818,-7.2143144355011,59561.12318,74,True,,,,,,,,,,,False,False
previously_viewed_2025_2026,cci_m15_chop_m15,public,cost2,BTCUSDT,88,0,-211.84911072870423,-211.84911072870423,0.18181818181818182,0.3688577006369938,79.22074602,-3.4223947087041,33060.794680000006,51,False,,,,,,,,,,,False,False
previously_viewed_2025_2026,cci_m15_chop_m15,public,cost2,ETHUSDT,108,1,-141.11379188679675,-143.46404730759676,0.25925925925925924,0.5955298551193762,63.65787216,-3.791919726797,26500.3285,55,True,,,,,,,,,,,False,False
previously_viewed_2025_2026,cci_m15_chop_m5,personal,cost1,PORTFOLIO,373,1,-364.7924824355997,-367.7843898659997,0.2734584450402145,0.75688364444394,163.77950886000002,-7.046463575600001,204766.50454000002,82,True,,,,,,,,,,,False,False
previously_viewed_2025_2026,cci_m15_chop_m5,personal,cost1,BTCUSDT,170,0,-346.7492385608291,-346.7492385608291,0.2411764705882353,0.5209487754591553,89.57338078000001,-3.2105477808300003,112061.04234000001,56,True,,,,,,,,,,,False,False
previously_viewed_2025_2026,cci_m15_chop_m5,personal,cost1,ETHUSDT,203,1,-18.043243874770596,-21.035151305170587,0.30049261083743845,0.9733383523493127,74.20612808000001,-3.8359157947700004,92705.46220000001,68,True,,,,,,,,,,,False,False
previously_viewed_2025_2026,cci_m15_chop_m5,personal,cost2,PORTFOLIO,373,1,-598.9649200412796,-600.3946440988796,0.23056300268096513,0.5506351882939003,223.08428097600003,-13.9382590652803,139461.92812,82,True,,,,,,,,,,,False,False
previously_viewed_2025_2026,cci_m15_chop_m5,personal,cost2,BTCUSDT,170,0,-440.28803389534716,-440.28803389534716,0.2,0.32639889843259484,120.75464833600002,-7.1686055593473,75554.09142000001,56,True,,,,,,,,,,,False,False
previously_viewed_2025_2026,cci_m15_chop_m5,personal,cost2,ETHUSDT,203,1,-158.67688614593243,-160.10661020353243,0.2561576354679803,0.7653988672337516,102.32963264000001,-6.769653505933,63907.8367,68,True,,,,,,,,,,,False,False
previously_viewed_2025_2026,cci_m15_chop_m5,public,cost1,PORTFOLIO,373,1,-407.6990178622665,-410.61504389266645,0.26273458445040215,0.7224162856419544,229.941331884,-6.716545978266801,191657.51286000002,82,True,,,,,,,,,,,False,False
previously_viewed_2025_2026,cci_m15_chop_m5,public,cost1,BTCUSDT,170,0,-369.4006227564569,-369.4006227564569,0.22941176470588234,0.4819156422880213,125.721183744,-3.0935990124578003,104857.23136,56,True,,,,,,,,,,,False,False
previously_viewed_2025_2026,cci_m15_chop_m5,public,cost1,ETHUSDT,203,1,-38.29839510580954,-41.21442113620953,0.29064039408866993,0.9462117815038092,104.22014813999999,-3.622946965809,86800.2815,68,True,,,,,,,,,,,False,False
previously_viewed_2025_2026,cci_m15_chop_m5,public,cost2,PORTFOLIO,373,1,-638.3992376710404,-639.7422407686404,0.23056300268096513,0.5060832039674711,303.36412608,-12.781771591041101,126432.90873000001,82,True,,,,,,,,,,,False,False
previously_viewed_2025_2026,cci_m15_chop_m5,public,cost2,BTCUSDT,170,0,-454.7084637608529,-454.7084637608529,0.2,0.2877575434168787,164.00294244,-6.6840813208531005,68411.13303000001,56,True,,,,,,,,,,,False,False
previously_viewed_2025_2026,cci_m15_chop_m5,public,cost2,ETHUSDT,203,1,-183.6907739101875,-185.03377700778748,0.2561576354679803,0.7182905361870495,139.36118364,-6.097690270188,58021.775700000006,68,True,,,,,,,,,,,False,False
previously_viewed_2025_2026,cci_m15_chop_m3,personal,cost1,PORTFOLIO,387,1,-410.8633117998073,-413.8552192302073,0.26356589147286824,0.7293915878454964,168.65674484800002,-6.6640869518069,210889.05543,82,True,,,,,,,,,,,False,False
previously_viewed_2025_2026,cci_m15_chop_m3,personal,cost1,BTCUSDT,177,0,-355.8501236707087,-355.8501236707087,0.2542372881355932,0.5069693291300925,92.98470040800001,-3.1986432627089005,116324.61353000002,56,True,,,,,,,,,,,False,False
previously_viewed_2025_2026,cci_m15_chop_m3,personal,cost1,ETHUSDT,210,1,-55.01318812909865,-58.00509555949864,0.2714285714285714,0.928175094484968,75.67204444000001,-3.465443689098,94564.4419,70,True,,,,,,,,,,,False,False
previously_viewed_2025_2026,cci_m15_chop_m3,personal,cost2,PORTFOLIO,387,1,-641.799698763239,-643.229422820839,0.21963824289405684,0.5166402907018186,224.09255085600003,-12.9526379072395,140121.28562,82,True,,,,,,,,,,,False,False
previously_viewed_2025_2026,cci_m15_chop_m3,personal,cost2,BTCUSDT,177,0,-441.74242258032353,-441.74242258032353,0.1977401129943503,0.314960495997367,122.28253453600001,-7.049978044323501,76512.68812,56,True,,,,,,,,,,,False,False
previously_viewed_2025_2026,cci_m15_chop_m3,personal,cost2,ETHUSDT,210,1,-200.05727618291544,-201.48700024051544,0.23809523809523808,0.7062463263838644,101.81001632000002,-5.902659862916,63608.5975,70,True,,,,,,,,,,,False,False
previously_viewed_2025_2026,cci_m15_chop_m3,public,cost1,PORTFOLIO,387,1,-462.0720093889626,-464.5714602721626,0.2558139534883721,0.6865807639270322,233.78117645999998,-6.2906529289622,194880.12962000002,82,True,,,,,,,,,,,False,False
previously_viewed_2025_2026,cci_m15_chop_m3,public,cost1,BTCUSDT,177,0,-374.680833592083,-374.680833592083,0.24293785310734464,0.4669236570068312,128.70594222,-3.0945113720832,107342.42372,56,True,,,,,,,,,,,False,False
previously_viewed_2025_2026,cci_m15_chop_m3,public,cost1,ETHUSDT,210,1,-87.39117579687961,-89.8906266800796,0.26666666666666666,0.8846673706272206,105.07523424,-3.196141556879,87537.7059,70,True,,,,,,,,,,,False,False
previously_viewed_2025_2026,cci_m15_chop_m3,public,cost2,PORTFOLIO,387,1,-679.0358145993467,-680.0430669225467,0.2144702842377261,0.4760555422590806,305.99305734,-12.0006872593472,127550.36298,82,True,,,,,,,,,,,False,False
previously_viewed_2025_2026,cci_m15_chop_m3,public,cost2,BTCUSDT,177,0,-459.8095041033462,-459.8095041033462,0.1864406779661017,0.2746911955741773,166.41713406,-6.566500043346201,69419.67908,56,True,,,,,,,,,,,False,False
previously_viewed_2025_2026,cci_m15_chop_m3,public,cost2,ETHUSDT,210,1,-219.22631049600048,-220.23356281920047,0.23809523809523808,0.6683128100543099,139.57592327999998,-5.434187216001,58130.6839,70,True,,,,,,,,,,,False,False
previously_viewed_2025_2026,cci_m15_chop_m1,personal,cost1,PORTFOLIO,453,1,-493.952025809356,-501.3994480813559,0.2560706401766004,0.6949656409969243,184.79912348800002,-7.157262321356701,231075.53013000003,82,True,,,,,,,,,,,False,False
previously_viewed_2025_2026,cci_m15_chop_m1,personal,cost1,BTCUSDT,205,0,-391.783685444378,-391.783685444378,0.24390243902439024,0.4986305021847761,101.07817560800001,-3.4405698363787,126487.63523000001,56,True,,,,,,,,,,,False,False
previously_viewed_2025_2026,cci_m15_chop_m1,personal,cost1,ETHUSDT,248,1,-102.16834036497794,-109.6157626369779,0.2661290322580645,0.872882790681836,83.72094788000001,-3.716692484978,104587.8949,71,True,,,,,,,,,,,False,False
previously_viewed_2025_2026,cci_m15_chop_m1,personal,cost2,PORTFOLIO,454,1,-723.5596595067835,-726.9350841787837,0.21145374449339208,0.487103738809706,241.61109559200003,-13.7635339147839,151075.77298,82,True,,,,,,,,,,,False,False
previously_viewed_2025_2026,cci_m15_chop_m1,personal,cost2,BTCUSDT,206,0,-477.73733746168375,-477.73733746168375,0.18446601941747573,0.3056345978826408,130.348656792,-7.5895506696839,81585.30128000001,56,True,,,,,,,,,,,False,False
previously_viewed_2025_2026,cci_m15_chop_m1,personal,cost2,ETHUSDT,248,1,-245.82232204509984,-249.19774671709985,0.23387096774193547,0.6583027540419747,111.26243880000001,-6.1739832451000005,69490.47170000001,71,True,,,,,,,,,,,False,False
previously_viewed_2025_2026,cci_m15_chop_m1,public,cost1,PORTFOLIO,453,1,-548.6964950690162,-555.3021842738161,0.24061810154525387,0.6516914521967987,255.464834094,-6.7087309750169,212960.41065,82,True,,,,,,,,,,,False,False
previously_viewed_2025_2026,cci_m15_chop_m1,public,cost1,BTCUSDT,205,0,-412.11138060293524,-412.11138060293524,0.22926829268292684,0.4577815626478371,139.368838974,-3.3316116289359003,116270.04995000002,56,True,,,,,,,,,,,False,False
previously_viewed_2025_2026,cci_m15_chop_m1,public,cost1,ETHUSDT,248,1,-136.58511446608094,-143.19080367088088,0.25,0.8283568779990332,116.09599512,-3.3771193460810003,96690.3607,71,True,,,,,,,,,,,False,False
previously_viewed_2025_2026,cci_m15_chop_m1,public,cost2,PORTFOLIO,454,1,-760.9690839448456,-763.5832105624456,0.2026431718061674,0.44317977800528613,326.301847884,-12.630026060845902,136019.25306000002,82,True,,,,,,,,,,,False,False
previously_viewed_2025_2026,cci_m15_chop_m1,public,cost2,BTCUSDT,206,0,-492.21383961104476,-492.21383961104476,0.17475728155339806,0.2657505867811005,175.396364004,-7.0795656070449,73188.96836000001,56,True,,,,,,,,,,,False,False
previously_viewed_2025_2026,cci_m15_chop_m1,public,cost2,ETHUSDT,248,1,-268.7552443338008,-271.36937095140087,0.22580645161290322,0.6128630640223457,150.90548388,-5.5504604538010005,62830.284700000004,71,True,,,,,,,,,,,False,False
previously_viewed_2025_2026,cci_m5_chop_w,personal,cost1,PORTFOLIO,68,1,34.853413729057266,-51.94819628436255,0.23529411764705882,0.8556591006352089,48.262617904,-5.0901883669429004,60244.3383,14,False,,,,,,,,,,,False,False
previously_viewed_2025_2026,cci_m5_chop_w,personal,cost1,BTCUSDT,20,0,-34.11397884471164,-34.11397884471164,0.3,0.6383537118408937,15.044082544000002,-2.1685163007119,18804.336700000003,4,False,,,,,,,,,,,False,False
previously_viewed_2025_2026,cci_m5_chop_w,personal,cost1,ETHUSDT,48,1,68.9673925737689,-17.834217439650914,0.20833333333333334,0.9328454289188116,33.218535360000004,-2.921672066231,41440.0016,10,False,,,,,,,,,,,False,False
previously_viewed_2025_2026,cci_m5_chop_w,personal,cost2,PORTFOLIO,68,1,-107.27671652379179,-161.42139675103178,0.22058823529411764,0.5657464848619741,74.58037528000001,-8.284221243791901,46584.57993,14,False,,,,,,,,,,,False,False
previously_viewed_2025_2026,cci_m5_chop_w,personal,cost2,BTCUSDT,20,0,-67.7899448189991,-67.7899448189991,0.25,0.36004341883543484,24.374089520000002,-3.6383352989989004,15242.657630000002,4,False,,,,,,,,,,,False,False
previously_viewed_2025_2026,cci_m5_chop_w,personal,cost2,ETHUSDT,48,1,-39.486771704792694,-93.63145193203268,0.20833333333333334,0.6477273817105578,50.20628576,-4.645885944793,31341.922300000002,10,False,,,,,,,,,,,False,False
previously_viewed_2025_2026,cci_m5_chop_w,public,cost1,PORTFOLIO,68,1,12.95313811010277,-70.26026589733706,0.23529411764705882,0.8064958832128025,69.65909112,-4.9372107698974,57968.118650000004,14,False,,,,,,,,,,,False,False
previously_viewed_2025_2026,cci_m5_chop_w,public,cost1,BTCUSDT,20,0,-39.878476547368145,-39.878476547368145,0.3,0.5870996287472744,21.9020625,-2.1115540473684002,18250.89515,4,False,,,,,,,,,,,False,False
previously_viewed_2025_2026,cci_m5_chop_w,public,cost1,ETHUSDT,48,1,52.831614657470915,-30.38178934996892,0.20833333333333334,0.8860026294222616,47.75702862,-2.825656722529,39717.2235,10,False,,,,,,,,,,,False,False
previously_viewed_2025_2026,cci_m5_chop_w,public,cost2,PORTFOLIO,68,1,-134.83533617576867,-182.55803693908868,0.22058823529411764,0.511094485670714,103.701359328,-7.7008968477688,43182.90602,14,False,,,,,,,,,,,False,False
previously_viewed_2025_2026,cci_m5_chop_w,public,cost2,BTCUSDT,20,0,-73.44506972345899,-73.44506972345899,0.25,0.3136575785424809,33.934966488,-3.4153232354588003,14147.475520000002,4,False,,,,,,,,,,,False,False
previously_viewed_2025_2026,cci_m5_chop_w,public,cost2,ETHUSDT,48,1,-61.390266452309696,-109.11296721562968,0.20833333333333334,0.5904046416965455,69.76639284,-4.28557361231,29035.430500000002,10,False,,,,,,,,,,,False,False
previously_viewed_2025_2026,cci_m5_chop_d,personal,cost1,PORTFOLIO,108,0,-6.1823084482876,-6.1823084482876,0.2962962962962963,0.9887961791808741,68.08632948,-4.9192389682881,85035.75633,24,True,,,,,,,,,,,False,False
previously_viewed_2025_2026,cci_m5_chop_d,personal,cost1,BTCUSDT,45,0,-137.81506348290654,-137.81506348290654,0.26666666666666666,0.4436154199792249,34.17180604000001,-1.8753174429071002,42703.196330000006,14,False,,,,,,,,,,,False,False
previously_viewed_2025_2026,cci_m5_chop_d,personal,cost1,ETHUSDT,63,0,131.63275503461895,131.63275503461895,0.31746031746031744,1.4328514245286683,33.91452344,-3.043921525381,42332.56,18,False,,,,,,,,,,,False,False
previously_viewed_2025_2026,cci_m5_chop_d,personal,cost2,PORTFOLIO,108,0,-160.2409809068207,-160.2409809068207,0.26851851851851855,0.711944840740438,104.86268074400002,-8.6897701628204,65487.23449,24,True,,,,,,,,,,,False,False
previously_viewed_2025_2026,cci_m5_chop_d,personal,cost2,BTCUSDT,45,0,-185.39654045261162,-185.39654045261162,0.2,0.26583399186476325,51.83170010400001,-3.5151103486114,32390.762490000005,14,False,,,,,,,,,,,False,False
previously_viewed_2025_2026,cci_m5_chop_d,personal,cost2,ETHUSDT,63,0,25.1555595457909,25.1555595457909,0.31746031746031744,1.0828141968503255,53.03098064,-5.174659814209,33096.472,18,False,,,,,,,,,,,False,False
previously_viewed_2025_2026,cci_m5_chop_d,public,cost1,PORTFOLIO,108,0,-35.751114075101654,-35.751114075101654,0.2962962962962963,0.9354392496171778,97.84624644,-4.7157476351021,81467.26263000001,24,True,,,,,,,,,,,False,False
previously_viewed_2025_2026,cci_m5_chop_d,public,cost1,BTCUSDT,45,0,-146.94198843829358,-146.94198843829358,0.26666666666666666,0.4101157124002547,49.10265084,-1.8042175982941,40908.24773,14,False,,,,,,,,,,,False,False
previously_viewed_2025_2026,cci_m5_chop_d,public,cost1,ETHUSDT,63,0,111.19087436319191,111.19087436319191,0.31746031746031744,1.3649716462432833,48.7435956,-2.911530036808,40559.0149,18,False,,,,,,,,,,,False,False
previously_viewed_2025_2026,cci_m5_chop_d,public,cost2,PORTFOLIO,108,0,-185.60774027769057,-185.60774027769057,0.25925925925925924,0.6640852137111496,145.466792316,-8.1483979616903,60561.2346,24,True,,,,,,,,,,,False,False
previously_viewed_2025_2026,cci_m5_chop_d,public,cost2,BTCUSDT,45,0,-193.40402962324848,-193.40402962324848,0.2,0.23496131303130907,71.564842596,-3.2497370272483,29814.753900000003,14,False,,,,,,,,,,,False,False
previously_viewed_2025_2026,cci_m5_chop_d,public,cost2,ETHUSDT,63,0,7.796289345557929,7.796289345557929,0.30158730158730157,1.0260100708704127,73.90194971999999,-4.898660934442001,30746.4807,18,False,,,,,,,,,,,False,False
previously_viewed_2025_2026,cci_m5_chop_h12,personal,cost1,PORTFOLIO,102,0,173.91025770629233,173.91025770629233,0.3333333333333333,1.3438970873640501,61.25378869600001,-4.9647135977081005,76548.11721000001,32,True,,,,,,,,,,,False,False
previously_viewed_2025_2026,cci_m5_chop_h12,personal,cost1,BTCUSDT,42,0,-15.207044040927883,-15.207044040927883,0.3333333333333333,0.9291281422280407,28.907412256000004,-2.4814917849281004,36234.67081,17,False,,,,,,,,,,,False,False
previously_viewed_2025_2026,cci_m5_chop_h12,personal,cost1,ETHUSDT,60,0,189.1173017472202,189.1173017472202,0.3333333333333333,1.6495898890209861,32.34637644,-2.48322181278,40313.4464,25,False,,,,,,,,,,,False,False
previously_viewed_2025_2026,cci_m5_chop_h12,personal,cost2,PORTFOLIO,102,0,56.39599249284386,56.39599249284386,0.29411764705882354,1.1102539990901161,96.52237432000001,-8.8776131871561,60340.07901,32,True,,,,,,,,,,,False,False
previously_viewed_2025_2026,cci_m5_chop_h12,personal,cost2,BTCUSDT,42,0,-19.677834752565268,-19.677834752565268,0.23809523809523808,0.910281917714018,45.35500040000001,-4.2416143525651,28469.401010000005,17,False,,,,,,,,,,,False,False
previously_viewed_2025_2026,cci_m5_chop_h12,personal,cost2,ETHUSDT,60,0,76.07382724540912,76.07382724540912,0.3333333333333333,1.2603662328578682,51.16737392,-4.635998834591001,31870.678,25,False,,,,,,,,,,,False,False
previously_viewed_2025_2026,cci_m5_chop_h12,public,cost1,PORTFOLIO,102,0,224.95085949919581,224.95085949919581,0.3333333333333333,1.4390980625678076,89.721921372,-4.7033191288046,74790.1832,32,True,,,,,,,,,,,False,False
previously_viewed_2025_2026,cci_m5_chop_h12,public,cost1,BTCUSDT,42,0,54.2912705129556,54.2912705129556,0.3333333333333333,1.2490243030946906,42.468587952,-2.2595415350446,35528.8418,17,False,,,,,,,,,,,False,False
previously_viewed_2025_2026,cci_m5_chop_h12,public,cost1,ETHUSDT,60,0,170.65958898624024,170.65958898624024,0.3333333333333333,1.5799103703375845,47.25333342,-2.44377759376,39261.341400000005,25,False,,,,,,,,,,,False,False
previously_viewed_2025_2026,cci_m5_chop_h12,public,cost2,PORTFOLIO,102,0,7.849137730040023,7.849137730040023,0.27450980392156865,1.0154654995659822,134.102027628,-8.2896846419599,55888.6748,32,True,,,,,,,,,,,False,False
previously_viewed_2025_2026,cci_m5_chop_h12,public,cost2,BTCUSDT,42,0,-39.79656142489209,-39.79656142489209,0.21428571428571427,0.8188210689947667,62.977049148,-3.9485622768919004,26353.464000000004,17,False,,,,,,,,,,,False,False
previously_viewed_2025_2026,cci_m5_chop_h12,public,cost2,ETHUSDT,60,0,47.64569915493211,47.64569915493211,0.31666666666666665,1.1655098497782475,71.12497848,-4.341122365068,29535.2108,25,False,,,,,,,,,,,False,False
previously_viewed_2025_2026,cci_m5_chop_h6,personal,cost1,PORTFOLIO,100,1,280.13115463848055,193.32954462506075,0.37,1.4250879124503955,63.98983102400001,-3.4654143375198,80049.96743,47,True,,,,,,,,,,,False,False
previously_viewed_2025_2026,cci_m5_chop_h6,personal,cost1,BTCUSDT,38,0,-15.464461372148545,-15.464461372148545,0.3684210526315789,0.9059028051859968,27.854378464000003,-1.6434829081488003,34808.25783,22,False,,,,,,,,,,,False,False
previously_viewed_2025_2026,cci_m5_chop_h6,personal,cost1,ETHUSDT,62,1,295.5956160106291,208.7940059972093,0.3709677419354839,1.7188555503263407,36.135452560000004,-1.821931429371,45241.7096,33,False,,,,,,,,,,,False,False
previously_viewed_2025_2026,cci_m5_chop_h6,personal,cost2,PORTFOLIO,100,1,45.02522232842427,-19.0934779406757,0.33,0.9593849480912657,101.31531523200002,-6.9158424395757,63372.45674,47,True,,,,,,,,,,,False,False
previously_viewed_2025_2026,cci_m5_chop_h6,personal,cost2,BTCUSDT,38,0,-82.92452510787281,-82.92452510787281,0.2631578947368421,0.5498556042551467,45.47477699200001,-3.2267281158727,28421.207440000002,22,False,,,,,,,,,,,False,False
previously_viewed_2025_2026,cci_m5_chop_h6,personal,cost2,ETHUSDT,62,1,127.94974743629707,63.831047167197106,0.3709677419354839,1.2232707201126252,55.84053824000001,-3.689114323703,34951.2493,33,False,,,,,,,,,,,False,False
previously_viewed_2025_2026,cci_m5_chop_h6,public,cost1,PORTFOLIO,100,1,237.6054701481813,151.42015885476147,0.36,1.3283755390013159,93.10118960999999,-3.3705702418191,77641.25042000001,47,True,,,,,,,,,,,False,False
previously_viewed_2025_2026,cci_m5_chop_h6,public,cost1,BTCUSDT,38,0,-29.57191849067486,-29.57191849067486,0.34210526315789475,0.8256583690874341,40.84213929,-1.5846092006751002,34025.37892,22,False,,,,,,,,,,,False,False
previously_viewed_2025_2026,cci_m5_chop_h6,public,cost1,ETHUSDT,62,1,267.17738863885614,180.99207734543634,0.3709677419354839,1.6209025751329613,52.25905032,-1.7859610411440001,43615.8715,33,False,,,,,,,,,,,False,False
previously_viewed_2025_2026,cci_m5_chop_h6,public,cost2,PORTFOLIO,100,1,4.606966203454965,-51.53738763574501,0.29,0.8896186273528128,139.951092024,-6.4232617725450005,58361.225940000004,47,True,,,,,,,,,,,False,False
previously_viewed_2025_2026,cci_m5_chop_h6,public,cost2,BTCUSDT,38,0,-93.3741135124951,-93.3741135124951,0.21052631578947367,0.4979251096835206,62.561803704,-3.002429808495,26066.30944,22,False,,,,,,,,,,,False,False
previously_viewed_2025_2026,cci_m5_chop_h6,public,cost2,ETHUSDT,62,1,97.98107971595006,41.83672587675008,0.3387096774193548,1.1489241113550401,77.38928831999999,-3.42083196405,32294.916500000003,33,False,,,,,,,,,,,False,False
previously_viewed_2025_2026,cci_m5_chop_h4,personal,cost1,PORTFOLIO,103,1,57.00188121878484,-29.79972879463498,0.36893203883495146,0.937124040480232,60.14666134400001,-3.1706774372152,75130.69514000001,48,True,,,,,,,,,,,False,False
previously_viewed_2025_2026,cci_m5_chop_h4,personal,cost1,BTCUSDT,35,0,6.855045001784642,6.855045001784642,0.37142857142857144,1.045362854014816,24.194982424000003,-1.0314925742152001,30224.518640000006,23,False,,,,,,,,,,,False,False
previously_viewed_2025_2026,cci_m5_chop_h4,personal,cost1,ETHUSDT,68,1,50.14683621700019,-36.654773796419626,0.36764705882352944,0.8864575800986916,35.951678920000006,-2.139184863,44906.1765,39,False,,,,,,,,,,,False,False
previously_viewed_2025_2026,cci_m5_chop_h4,personal,cost2,PORTFOLIO,103,1,-94.75553507869357,-150.32507531191354,0.33980582524271846,0.6884243180446803,95.08636219200001,-6.3305328866938,59401.722100000006,48,True,,,,,,,,,,,False,False
previously_viewed_2025_2026,cci_m5_chop_h4,personal,cost2,BTCUSDT,35,0,-48.18027775452658,-48.18027775452658,0.3142857142857143,0.704818704178793,38.52475243200001,-2.3024853225268,24069.673800000004,23,False,,,,,,,,,,,False,False
previously_viewed_2025_2026,cci_m5_chop_h4,personal,cost2,ETHUSDT,68,1,-46.575257324166984,-102.14479755738697,0.35294117647058826,0.6800422336659371,56.56160976,-4.028047564167,35332.0483,39,False,,,,,,,,,,,False,False
previously_viewed_2025_2026,cci_m5_chop_h4,public,cost1,PORTFOLIO,103,1,33.75613254374439,-50.94322510668545,0.34951456310679613,0.893035863112317,87.341571696,-3.1200957602557002,72734.16365,48,True,,,,,,,,,,,False,False
previously_viewed_2025_2026,cci_m5_chop_h4,public,cost1,BTCUSDT,35,0,-2.5564938776858352,-2.5564938776858352,0.3142857142857143,0.9834132313319892,35.279485716,-1.0277081616857002,29381.333150000002,23,False,,,,,,,,,,,False,False
previously_viewed_2025_2026,cci_m5_chop_h4,public,cost1,ETHUSDT,68,1,36.31262642143023,-48.386731228999615,0.36764705882352944,0.8497941036152503,52.06208598,-2.0923875985700002,43352.830500000004,39,False,,,,,,,,,,,False,False
previously_viewed_2025_2026,cci_m5_chop_h4,public,cost2,PORTFOLIO,103,1,-134.02245563169828,-181.74515639501828,0.3300970873786408,0.6202362214645293,131.207223744,-5.7730118876985,54645.02579,48,True,,,,,,,,,,,False,False
previously_viewed_2025_2026,cci_m5_chop_h4,public,cost2,BTCUSDT,35,0,-59.073435787727306,-59.073435787727306,0.2857142857142857,0.6361021360917257,52.809732504,-2.1373832837275,21995.60219,23,False,,,,,,,,,,,False,False
previously_viewed_2025_2026,cci_m5_chop_h4,public,cost2,ETHUSDT,68,1,-74.94901984397099,-122.67172060729096,0.35294117647058826,0.6120917597510428,78.39749124,-3.6356286039710004,32649.423600000002,39,False,,,,,,,,,,,False,False
previously_viewed_2025_2026,cci_m5_chop_h1,personal,cost1,PORTFOLIO,100,0,83.99921233095894,83.99921233095894,0.36,1.2548088601553102,36.395582784000005,-1.1116648850418003,45491.811630000004,56,True,,,,,,,,,,,False,False
previously_viewed_2025_2026,cci_m5_chop_h1,personal,cost1,BTCUSDT,42,0,-28.470442422737953,-28.470442422737953,0.30952380952380953,0.8202202858073321,20.855225544000003,0.18182312126119995,26089.293030000004,29,False,,,,,,,,,,,False,False
previously_viewed_2025_2026,cci_m5_chop_h1,personal,cost1,ETHUSDT,58,0,112.46965475369689,112.46965475369689,0.39655172413793105,1.6565928370790932,15.54035724,-1.293488006303,19402.5186,42,False,,,,,,,,,,,False,False
previously_viewed_2025_2026,cci_m5_chop_h1,personal,cost2,PORTFOLIO,100,0,-22.78849067765173,-22.78849067765173,0.29,0.9352759927744254,60.94573170400001,-3.4778689736517,38084.42931000001,56,True,,,,,,,,,,,False,False
previously_viewed_2025_2026,cci_m5_chop_h1,personal,cost2,BTCUSDT,42,0,-79.98572473884906,-79.98572473884906,0.23809523809523808,0.5426814747618278,34.276617544000004,-0.6271171948487001,21434.93891,29,False,,,,,,,,,,,False,False
previously_viewed_2025_2026,cci_m5_chop_h1,personal,cost2,ETHUSDT,58,0,57.19723406119733,57.19723406119733,0.3275862068965517,1.3228097598506492,26.669114160000003,-2.850751778803,16649.490400000002,42,False,,,,,,,,,,,False,False
previously_viewed_2025_2026,cci_m5_chop_h1,public,cost1,PORTFOLIO,100,0,67.47869934197655,67.47869934197655,0.34,1.2030651394657927,53.026454928,-1.1252657300242002,44187.60832000001,56,True,,,,,,,,,,,False,False
previously_viewed_2025_2026,cci_m5_chop_h1,public,cost1,BTCUSDT,42,0,-39.09104438451737,-39.09104438451737,0.2619047619047619,0.7592130903739988,30.393685068,0.1675206834818,25347.139720000003,29,False,,,,,,,,,,,False,False
previously_viewed_2025_2026,cci_m5_chop_h1,public,cost1,ETHUSDT,58,0,106.56974372649391,106.56974372649391,0.39655172413793105,1.6270516019244474,22.63276986,-1.292786413506,18840.4686,42,False,,,,,,,,,,,False,False
previously_viewed_2025_2026,cci_m5_chop_h1,public,cost2,PORTFOLIO,100,0,-41.7258818826851,-41.7258818826851,0.28,0.8830971974841012,86.34865122,-3.3705006626851004,35970.69445,56,True,,,,,,,,,,,False,False
previously_viewed_2025_2026,cci_m5_chop_h1,public,cost2,BTCUSDT,42,0,-89.98613010512143,-89.98613010512143,0.21428571428571427,0.4921167037362018,48.02505378,-0.6069463251211,20021.75685,29,False,,,,,,,,,,,False,False
previously_viewed_2025_2026,cci_m5_chop_h1,public,cost2,ETHUSDT,58,0,48.26024822243633,48.26024822243633,0.3275862068965517,1.2684865347954022,38.32359744,-2.763554337564,15948.937600000001,42,False,,,,,,,,,,,False,False
previously_viewed_2025_2026,cci_m5_chop_m30,personal,cost1,PORTFOLIO,120,1,-42.91715690197526,-42.86045982197522,0.30833333333333335,0.8973010500517313,34.32584447600001,-1.7760024259758,42931.41429,66,True,,,,,,,,,,,False,False
previously_viewed_2025_2026,cci_m5_chop_m30,personal,cost1,BTCUSDT,47,0,-42.69823971926227,-42.69823971926227,0.2978723404255319,0.7284853017435975,15.379669076000003,-0.47876064326280005,19249.52729,36,False,,,,,,,,,,,False,False
previously_viewed_2025_2026,cci_m5_chop_m30,personal,cost1,ETHUSDT,73,1,-0.2189171827129902,-0.16222010271294818,0.3150684931506849,0.9993762717432673,18.9461754,-1.297241782713,23681.887000000002,50,False,,,,,,,,,,,False,False
previously_viewed_2025_2026,cci_m5_chop_m30,personal,cost2,PORTFOLIO,120,1,-132.71475189055644,-132.05407485055647,0.275,0.6928767685840982,58.83819814400001,-4.068113746556801,36789.019920000006,66,True,,,,,,,,,,,False,False
previously_viewed_2025_2026,cci_m5_chop_m30,personal,cost2,BTCUSDT,47,0,-77.86640495530793,-77.86640495530793,0.2765957446808511,0.5302973182860615,26.040503504000004,-1.4537614513078,16297.063620000003,36,False,,,,,,,,,,,False,False
previously_viewed_2025_2026,cci_m5_chop_m30,personal,cost2,ETHUSDT,73,1,-54.848346935248514,-54.18766989524853,0.273972602739726,0.794893543553889,32.79769464,-2.614352295249,20491.9563,50,False,,,,,,,,,,,False,False
previously_viewed_2025_2026,cci_m5_chop_m30,public,cost1,PORTFOLIO,120,1,-56.14844168153544,-55.9876274815354,0.3,0.8666101943298289,50.28631272,-1.7415289615360001,41927.580400000006,66,True,,,,,,,,,,,False,False
previously_viewed_2025_2026,cci_m5_chop_m30,public,cost1,BTCUSDT,47,0,-49.62665765703047,-49.62665765703047,0.2978723404255319,0.6888058703986881,22.499415,-0.466642657031,18774.0187,36,False,,,,,,,,,,,False,False
previously_viewed_2025_2026,cci_m5_chop_m30,public,cost1,ETHUSDT,73,1,-6.5217840245049645,-6.360969824504926,0.3013698630136986,0.9755589591281774,27.78689772,-1.274886304505,23153.561700000002,50,False,,,,,,,,,,,False,False
previously_viewed_2025_2026,cci_m5_chop_m30,public,cost2,PORTFOLIO,120,1,-152.57451910986074,-151.71715354986077,0.25,0.6498170267801815,84.361077972,-3.8988711378611005,35163.04757,66,True,,,,,,,,,,,False,False
previously_viewed_2025_2026,cci_m5_chop_m30,public,cost2,BTCUSDT,47,0,-85.94183805229822,-85.94183805229822,0.2127659574468085,0.4898505140749994,37.243086372,-1.4067816802981001,15539.430970000001,36,False,,,,,,,,,,,False,False
previously_viewed_2025_2026,cci_m5_chop_m30,public,cost2,ETHUSDT,73,1,-66.63268105756252,-65.77531549756254,0.273972602739726,0.7515916514334737,47.117991599999996,-2.4920894575630004,19623.6166,50,False,,,,,,,,,,,False,False
previously_viewed_2025_2026,cci_m5_chop_m15,personal,cost1,PORTFOLIO,212,1,-209.28725456887443,-213.1339926936744,0.3018867924528302,0.7217744968602078,70.566963924,-4.1001406448742,88276.28949000001,77,True,,,,,,,,,,,False,False
previously_viewed_2025_2026,cci_m5_chop_m15,personal,cost1,BTCUSDT,94,0,-155.26178240349506,-155.26178240349506,0.26595744680851063,0.566363266407784,38.09749688400001,-1.4521355194952001,47686.87879,51,False,,,,,,,,,,,False,False
previously_viewed_2025_2026,cci_m5_chop_m15,personal,cost1,ETHUSDT,118,1,-54.02547216537937,-57.87221029017935,0.3305084745762712,0.8581570133702621,32.469467040000005,-2.648005125379,40589.4107,58,True,,,,,,,,,,,False,False
previously_viewed_2025_2026,cci_m5_chop_m15,personal,cost2,PORTFOLIO,212,1,-348.67635329750107,-351.17837039830107,0.25471698113207547,0.5336245803528589,111.91783493600002,-8.279408361501101,70006.53281,77,True,,,,,,,,,,,False,False
previously_viewed_2025_2026,cci_m5_chop_m15,personal,cost2,BTCUSDT,94,0,-223.41574615133914,-223.41574615133914,0.22340425531914893,0.386715383730217,60.53882741600001,-3.5672087353391,37895.337810000005,51,False,,,,,,,,,,,False,False
previously_viewed_2025_2026,cci_m5_chop_m15,personal,cost2,ETHUSDT,118,1,-125.26060714616193,-127.76262424696192,0.2796610169491525,0.6713089736701576,51.37900752000001,-4.7121996261620005,32111.195,58,True,,,,,,,,,,,False,False
previously_viewed_2025_2026,cci_m5_chop_m15,public,cost1,PORTFOLIO,212,1,-231.43310957494268,-235.18228589974265,0.2971698113207547,0.6915616976617729,101.840487018,-3.9604925569425,84932.00847,77,True,,,,,,,,,,,False,False
previously_viewed_2025_2026,cci_m5_chop_m15,public,cost1,BTCUSDT,94,0,-168.4507652898143,-168.4507652898143,0.26595744680851063,0.5323262669726837,55.072025898,-1.4190093918145001,45955.558670000006,51,False,,,,,,,,,,,False,False
previously_viewed_2025_2026,cci_m5_chop_m15,public,cost1,ETHUSDT,118,1,-62.98234428512835,-66.73152060992834,0.3220338983050847,0.8341270980940393,46.76846112,-2.541483165128,38976.4498,58,True,,,,,,,,,,,False,False
previously_viewed_2025_2026,cci_m5_chop_m15,public,cost2,PORTFOLIO,212,1,-374.38591846170317,-376.7361738825032,0.2358490566037736,0.4980843094705842,157.776817416,-7.8686210457032,65797.18190000001,77,True,,,,,,,,,,,False,False
previously_viewed_2025_2026,cci_m5_chop_m15,public,cost2,BTCUSDT,94,0,-239.67160456143125,-239.67160456143125,0.18085106382978725,0.34813489477960624,85.542136176,-3.4086883854312,35698.6914,51,False,,,,,,,,,,,False,False
previously_viewed_2025_2026,cci_m5_chop_m15,public,cost2,ETHUSDT,118,1,-134.71431390027192,-137.06456932107193,0.2796610169491525,0.642059877659482,72.23468124,-4.459932660272,30098.4905,58,True,,,,,,,,,,,False,False
previously_viewed_2025_2026,cci_m5_chop_m5,personal,cost1,PORTFOLIO,490,1,-468.95986997185173,-471.5243620550517,0.24897959183673468,0.7669049498415335,230.41598513200003,-8.4095348398524,288023.06109000003,82,True,,,,,,,,,,,False,False
previously_viewed_2025_2026,cci_m5_chop_m5,personal,cost1,BTCUSDT,228,0,-558.9146715262257,-558.9146715262257,0.2149122807017544,0.4412566754266718,128.570674652,-3.7726468742264005,160832.25259000002,56,True,,,,,,,,,,,False,False
previously_viewed_2025_2026,cci_m5_chop_m5,personal,cost1,ETHUSDT,262,1,89.95480155437392,87.39030947117392,0.2786259541984733,1.0854607905430673,101.84531048000001,-4.636887965626,127190.8085,69,True,,,,,,,,,,,False,False
previously_viewed_2025_2026,cci_m5_chop_m5,personal,cost2,PORTFOLIO,490,1,-739.7696877967368,-740.8419808399368,0.20408163265306123,0.5430201029727879,281.18466208,-15.4588857167374,175749.83277,82,True,,,,,,,,,,,False,False
previously_viewed_2025_2026,cci_m5_chop_m5,personal,cost2,BTCUSDT,228,0,-609.4410609402452,-609.4410609402452,0.17105263157894737,0.26752130556649373,157.06160832000003,-8.3033126202454,98269.77277000001,56,True,,,,,,,,,,,False,False
previously_viewed_2025_2026,cci_m5_chop_m5,personal,cost2,ETHUSDT,262,1,-130.32862685649158,-131.4009198996916,0.23282442748091603,0.8334893191726725,124.12305376,-7.155573096492001,77480.06,69,True,,,,,,,,,,,False,False
previously_viewed_2025_2026,cci_m5_chop_m5,public,cost1,PORTFOLIO,490,1,-534.2719052032102,-536.3547809392102,0.24081632653061225,0.7222037512890758,314.526397764,-7.7763474392108005,262113.40221000003,82,True,,,,,,,,,,,False,False
previously_viewed_2025_2026,cci_m5_chop_m5,public,cost1,BTCUSDT,228,0,-576.6920852487121,-576.6920852487121,0.20614035087719298,0.40186972017248657,176.112671904,-3.6581533447128,146870.68911,56,True,,,,,,,,,,,False,False
previously_viewed_2025_2026,cci_m5_chop_m5,public,cost1,ETHUSDT,262,1,42.420180045501915,40.337304309501924,0.27099236641221375,1.0417315192833905,138.41372586,-4.1181940944980004,115242.71310000001,69,True,,,,,,,,,,,False,False
previously_viewed_2025_2026,cci_m5_chop_m5,public,cost2,PORTFOLIO,490,1,-785.2914320458219,-785.9629335946219,0.19795918367346937,0.49412762355923406,376.118945316,-14.2369167298225,156712.67931,82,True,,,,,,,,,,,False,False
previously_viewed_2025_2026,cci_m5_chop_m5,public,cost2,BTCUSDT,228,0,-625.6755807366193,-625.6755807366193,0.16228070175438597,0.22156344471139172,209.921518836,-7.778691900619501,87561.09541000001,56,True,,,,,,,,,,,False,False
previously_viewed_2025_2026,cci_m5_chop_m5,public,cost2,ETHUSDT,262,1,-159.6158513092026,-160.28735285800263,0.22900763358778625,0.7862604601684645,166.19742648,-6.458224829203,69151.5839,69,True,,,,,,,,,,,False,False
previously_viewed_2025_2026,cci_m5_chop_m3,personal,cost1,PORTFOLIO,528,1,-534.4374179345975,-536.5744946705975,0.24431818181818182,0.742573140319236,247.37907149600002,-8.5424664385972,309225.76924000005,82,True,,,,,,,,,,,False,False
previously_viewed_2025_2026,cci_m5_chop_m3,personal,cost1,BTCUSDT,239,0,-522.201084597041,-522.201084597041,0.23430962343096234,0.4650067442641758,132.55916425600003,-4.1557403410412,165805.74534000002,56,True,,,,,,,,,,,False,False
previously_viewed_2025_2026,cci_m5_chop_m3,personal,cost1,ETHUSDT,289,1,-12.23633333755643,-14.373410073556423,0.25259515570934254,0.9870309721482203,114.81990724,-4.386726097556,143420.0239,71,True,,,,,,,,,,,False,False
previously_viewed_2025_2026,cci_m5_chop_m3,personal,cost2,PORTFOLIO,528,1,-781.4225729181085,-782.1374349469086,0.19886363636363635,0.5272229617679025,295.78999576,-15.7258771581089,184877.27596,82,True,,,,,,,,,,,False,False
previously_viewed_2025_2026,cci_m5_chop_m3,personal,cost2,BTCUSDT,239,0,-574.9471188064811,-574.9471188064811,0.17573221757322174,0.2845882561060053,158.33437720000003,-8.8226416064809,99063.35136000002,56,True,,,,,,,,,,,False,False
previously_viewed_2025_2026,cci_m5_chop_m3,personal,cost2,ETHUSDT,289,1,-206.4754541116275,-207.1903161404275,0.2179930795847751,0.756443908213957,137.45561856,-6.903235551628001,85813.9246,71,True,,,,,,,,,,,False,False
previously_viewed_2025_2026,cci_m5_chop_m3,public,cost1,PORTFOLIO,526,1,-587.1850271403238,-589.2679028763238,0.23954372623574144,0.7056253512718148,340.32459078,-8.052576360323501,283600.68265000003,82,True,,,,,,,,,,,False,False
previously_viewed_2025_2026,cci_m5_chop_m3,public,cost1,BTCUSDT,239,0,-540.1285812952424,-540.1285812952424,0.22594142259414227,0.4304104527432623,183.37334988,-4.0292714152425,152909.84405,56,True,,,,,,,,,,,False,False
previously_viewed_2025_2026,cci_m5_chop_m3,public,cost1,ETHUSDT,287,1,-47.05644584508132,-49.13932158108132,0.2508710801393728,0.953355455787318,156.9512409,-4.023304945081001,130690.8386,71,True,,,,,,,,,,,False,False
previously_viewed_2025_2026,cci_m5_chop_m3,public,cost2,PORTFOLIO,528,1,-823.588214949209,-824.2597164980091,0.19128787878787878,0.47391961644259734,389.33045214,-14.0449928092094,162231.50846,82,True,,,,,,,,,,,False,False
previously_viewed_2025_2026,cci_m5_chop_m3,public,cost2,BTCUSDT,239,0,-578.3119129307045,-578.3119129307045,0.16317991631799164,0.24717831759303996,208.44242478,-8.1335181507044,86947.24806000001,56,True,,,,,,,,,,,False,False
previously_viewed_2025_2026,cci_m5_chop_m3,public,cost2,ETHUSDT,289,1,-245.2763020185046,-245.9478035673046,0.21453287197231835,0.6920269932280076,180.88802736,-5.911474658505,75284.2604,71,True,,,,,,,,,,,False,False
previously_viewed_2025_2026,cci_m5_chop_m1,personal,cost1,PORTFOLIO,652,1,-675.6329938089535,-705.5645834687535,0.2254601226993865,0.6762620566846772,272.68661729200005,-9.094686516954201,340869.70058,82,True,,,,,,,,,,,False,False
previously_viewed_2025_2026,cci_m5_chop_m1,personal,cost1,BTCUSDT,293,0,-614.7731792575657,-614.7731792575657,0.20136518771331058,0.41265187348330856,147.44753549200001,-5.023853765566201,184447.26428000003,57,True,,,,,,,,,,,False,False
previously_viewed_2025_2026,cci_m5_chop_m1,personal,cost1,ETHUSDT,359,1,-60.85981455138777,-90.79140421118771,0.24512534818941503,0.9198478493550902,125.23908180000001,-4.070832751388,156422.4363,71,True,,,,,,,,,,,False,False
previously_viewed_2025_2026,cci_m5_chop_m1,personal,cost2,PORTFOLIO,618,1,-868.075977883517,-869.426147752317,0.20064724919093851,0.46642177250896943,299.806343872,-14.9134140115169,187410.84484,82,True,,,,,,,,,,,False,False
previously_viewed_2025_2026,cci_m5_chop_m1,personal,cost2,BTCUSDT,280,0,-608.310739904725,-608.310739904725,0.16428571428571428,0.2535850437340235,163.69967443200002,-9.3448454727249,102441.79334,56,True,,,,,,,,,,,False,False
previously_viewed_2025_2026,cci_m5_chop_m1,personal,cost2,ETHUSDT,338,1,-259.765237978792,-261.11540784759205,0.23076923076923078,0.6793963276635839,136.10666944000002,-5.568568538792,84969.0515,71,True,,,,,,,,,,,False,False
previously_viewed_2025_2026,cci_m5_chop_m1,public,cost1,PORTFOLIO,652,1,-732.2580019548908,-756.0332602427308,0.21779141104294478,0.6326562486147584,365.843818122,-8.3507138328915,304881.17813,82,True,,,,,,,,,,,False,False
previously_viewed_2025_2026,cci_m5_chop_m1,public,cost1,BTCUSDT,293,0,-619.225063434216,-619.225063434216,0.19112627986348124,0.37950578254324485,198.237544482,-4.8202489522165,165325.63483000002,57,True,,,,,,,,,,,False,False
previously_viewed_2025_2026,cci_m5_chop_m1,public,cost1,ETHUSDT,359,1,-113.03293852067472,-136.80819680851468,0.2395543175487465,0.8709543861681854,167.60627363999998,-3.5304648806750003,139555.54330000002,71,True,,,,,,,,,,,False,False
previously_viewed_2025_2026,cci_m5_chop_m1,public,cost2,PORTFOLIO,579,1,-874.4732485795896,-875.7803118883896,0.19170984455958548,0.41602131231758976,383.175357516,-13.323361063589601,159682.62713,81,True,,,,,,,,,,,False,False
previously_viewed_2025_2026,cci_m5_chop_m1,public,cost2,BTCUSDT,267,0,-599.9470891955356,-599.9470891955356,0.149812734082397,0.21401077125722479,210.325468476,-8.5682907195356,87757.37603000001,55,True,,,,,,,,,,,False,False
previously_viewed_2025_2026,cci_m5_chop_m1,public,cost2,ETHUSDT,312,1,-274.5261593840541,-275.8332226928541,0.22756410256410256,0.6254182817455464,172.84988904,-4.755070344054,71925.25110000001,69,True,,,,,,,,,,,False,False
previously_viewed_2025_2026,cci_m3_chop_w,personal,cost1,PORTFOLIO,68,1,28.865160896458306,-57.93644911696151,0.23529411764705882,0.8409764388533734,48.104743584000005,-4.8948555195418,60050.84436,14,False,,,,,,,,,,,False,False
previously_viewed_2025_2026,cci_m3_chop_w,personal,cost1,BTCUSDT,20,0,-40.000014084383565,-40.000014084383565,0.3,0.6005290942209702,15.082032784000003,-1.9933413003838,18854.918960000003,4,False,,,,,,,,,,,False,False
previously_viewed_2025_2026,cci_m3_chop_w,personal,cost1,ETHUSDT,48,1,68.86517498084187,-17.936435032577943,0.20833333333333334,0.9321087739256929,33.022710800000006,-2.901514219158,41195.9254,10,False,,,,,,,,,,,False,False
previously_viewed_2025_2026,cci_m3_chop_w,personal,cost2,PORTFOLIO,68,1,-110.56772528703988,-164.71240551427985,0.22058823529411764,0.560179055035092,74.22611780800001,-7.9558474790399005,46365.31384,14,False,,,,,,,,,,,False,False
previously_viewed_2025_2026,cci_m3_chop_w,personal,cost2,BTCUSDT,20,0,-72.43083865699914,-72.43083865699914,0.25,0.344456670497319,24.405960928000002,-3.3472177289989,15265.185340000002,4,False,,,,,,,,,,,False,False
previously_viewed_2025_2026,cci_m3_chop_w,personal,cost2,ETHUSDT,48,1,-38.136886630040735,-92.28156685728071,0.20833333333333334,0.6504605203011388,49.820156880000006,-4.6086297500410005,31100.1285,10,False,,,,,,,,,,,False,False
previously_viewed_2025_2026,cci_m3_chop_w,public,cost1,PORTFOLIO,68,1,4.877823952604915,-78.33558005483492,0.23529411764705882,0.7867476474111295,69.340301724,-4.7366543233952,57706.96132,14,False,,,,,,,,,,,False,False
previously_viewed_2025_2026,cci_m3_chop_w,public,cost1,BTCUSDT,20,0,-45.839499098758964,-45.839499098758964,0.3,0.5521495591033302,21.966803544,-1.9417755547592002,18307.98182,4,False,,,,,,,,,,,False,False
previously_viewed_2025_2026,cci_m3_chop_w,public,cost1,ETHUSDT,48,1,50.717323051363884,-32.49608095607595,0.20833333333333334,0.8773654083838948,47.37349818,-2.794878768636,39398.9795,10,False,,,,,,,,,,,False,False
previously_viewed_2025_2026,cci_m3_chop_w,public,cost2,PORTFOLIO,68,1,-138.54799999810575,-186.27070076142576,0.22058823529411764,0.5051973095608259,103.220779368,-7.4254206301058,42985.98664,14,False,,,,,,,,,,,False,False
previously_viewed_2025_2026,cci_m3_chop_w,public,cost2,BTCUSDT,20,0,-77.99433173745904,-77.99433173745904,0.25,0.30042437320904236,33.981793368000005,-3.1387383694588005,14169.434340000002,4,False,,,,,,,,,,,False,False
previously_viewed_2025_2026,cci_m3_chop_w,public,cost2,ETHUSDT,48,1,-60.55366826064672,-108.27636902396671,0.20833333333333334,0.5913581763170098,69.238986,-4.286682260647,28816.5523,10,False,,,,,,,,,,,False,False
previously_viewed_2025_2026,cci_m3_chop_d,personal,cost1,PORTFOLIO,108,0,-18.841968981294276,-18.841968981294276,0.2962962962962963,0.9656460177000628,67.37090760000001,-4.911301381294701,84149.0791,24,True,,,,,,,,,,,False,False
previously_viewed_2025_2026,cci_m3_chop_d,personal,cost1,BTCUSDT,45,0,-149.60506656153024,-149.60506656153024,0.26666666666666666,0.3920079135676282,33.673415160000005,-1.9017914015307003,42086.9144,14,False,,,,,,,,,,,False,False
previously_viewed_2025_2026,cci_m3_chop_d,personal,cost1,ETHUSDT,63,0,130.76309758023595,130.76309758023595,0.31746031746031744,1.43241595743796,33.697492440000005,-3.009509979764,42062.1647,18,False,,,,,,,,,,,False,False
previously_viewed_2025_2026,cci_m3_chop_d,personal,cost2,PORTFOLIO,107,0,-159.28737663598113,-159.28737663598113,0.27102803738317754,0.7065050318168539,101.73129992800001,-8.6350467079809,63530.65817,24,True,,,,,,,,,,,False,False
previously_viewed_2025_2026,cci_m3_chop_d,personal,cost2,BTCUSDT,44,0,-184.11208828925504,-184.11208828925504,0.20454545454545456,0.24003847298416578,49.090441928000004,-3.5113163612549,30678.836170000002,14,False,,,,,,,,,,,False,False
previously_viewed_2025_2026,cci_m3_chop_d,personal,cost2,ETHUSDT,63,0,24.8247116532739,24.8247116532739,0.31746031746031744,1.0826220546306997,52.64085800000001,-5.123730346726,32851.822,18,False,,,,,,,,,,,False,False
previously_viewed_2025_2026,cci_m3_chop_d,public,cost1,PORTFOLIO,108,0,-45.89380367951252,-45.89380367951252,0.2962962962962963,0.9166318585749444,96.875114454,-4.7224592255129005,80664.53246,24,True,,,,,,,,,,,False,False
previously_viewed_2025_2026,cci_m3_chop_d,public,cost1,BTCUSDT,45,0,-158.49591435709644,-158.49591435709644,0.26666666666666666,0.3613673685913966,48.435671274,-1.8255130830969002,40358.30616000001,14,False,,,,,,,,,,,False,False
previously_viewed_2025_2026,cci_m3_chop_d,public,cost1,ETHUSDT,63,0,112.60211067758391,112.60211067758391,0.31746031746031744,1.3724654356317931,48.43944318,-2.896946142416,40306.2263,18,False,,,,,,,,,,,False,False
previously_viewed_2025_2026,cci_m3_chop_d,public,cost2,PORTFOLIO,108,0,-192.06537891565776,-192.06537891565776,0.25925925925925924,0.6509282705618209,144.260077284,-8.130011631657501,60062.589660000005,24,True,,,,,,,,,,,False,False
previously_viewed_2025_2026,cci_m3_chop_d,public,cost2,BTCUSDT,45,0,-201.1405013178347,-201.1405013178347,0.2,0.20104717368972708,70.604474364,-3.2470369538345003,29418.726960000004,14,False,,,,,,,,,,,False,False
previously_viewed_2025_2026,cci_m3_chop_d,public,cost2,ETHUSDT,63,0,9.075122402176932,9.075122402176932,0.30158730158730157,1.0304062555370392,73.65560291999999,-4.882974677823,30643.8627,18,False,,,,,,,,,,,False,False
previously_viewed_2025_2026,cci_m3_chop_h12,personal,cost1,PORTFOLIO,102,0,250.60910348355745,250.60910348355745,0.3333333333333333,1.4942595173706135,61.59448572400001,-4.8844207924429,77022.94652000001,32,True,,,,,,,,,,,False,False
previously_viewed_2025_2026,cci_m3_chop_h12,personal,cost1,BTCUSDT,42,0,58.14315707380124,58.14315707380124,0.3333333333333333,1.2685904378247015,29.113105644000004,-2.3837472821989003,36541.04022,17,False,,,,,,,,,,,False,False
previously_viewed_2025_2026,cci_m3_chop_h12,personal,cost1,ETHUSDT,60,0,192.4659464097562,192.4659464097562,0.3333333333333333,1.6623866422080837,32.48138008,-2.5006735102440003,40481.9063,25,False,,,,,,,,,,,False,False
previously_viewed_2025_2026,cci_m3_chop_h12,personal,cost2,PORTFOLIO,102,0,48.44263500916824,48.44263500916824,0.29411764705882354,1.0951434370196045,95.68556833600002,-8.880156654831701,59821.66988,32,True,,,,,,,,,,,False,False
previously_viewed_2025_2026,cci_m3_chop_h12,personal,cost2,BTCUSDT,42,0,-29.37064866329789,-29.37064866329789,0.23809523809523808,0.8658707902717195,44.76687873600001,-4.2459299272977,28105.675080000005,17,False,,,,,,,,,,,False,False
previously_viewed_2025_2026,cci_m3_chop_h12,personal,cost2,ETHUSDT,60,0,77.81328367246613,77.81328367246613,0.3333333333333333,1.2681543756810358,50.9186896,-4.634226727534,31715.9948,25,False,,,,,,,,,,,False,False
previously_viewed_2025_2026,cci_m3_chop_h12,public,cost1,PORTFOLIO,102,0,213.09635333520967,213.09635333520967,0.3333333333333333,1.4175025278609075,88.973303106,-4.7353935587907,74171.5991,32,True,,,,,,,,,,,False,False
previously_viewed_2025_2026,cci_m3_chop_h12,public,cost1,BTCUSDT,42,0,40.665306913027436,40.665306913027436,0.3333333333333333,1.1866300106763037,41.914171626,-2.2925714609727,35071.304500000006,17,False,,,,,,,,,,,False,False
previously_viewed_2025_2026,cci_m3_chop_h12,public,cost1,ETHUSDT,60,0,172.43104642218222,172.43104642218222,0.3333333333333333,1.5894782452695166,47.05913148,-2.4428220978180004,39100.2946,25,False,,,,,,,,,,,False,False
previously_viewed_2025_2026,cci_m3_chop_h12,public,cost2,PORTFOLIO,102,0,0.20920647187641683,0.20920647187641683,0.27450980392156865,1.0004137041698593,133.046644176,-8.2721493521235,55453.43329,32,True,,,,,,,,,,,False,False
previously_viewed_2025_2026,cci_m3_chop_h12,public,cost2,BTCUSDT,42,0,-46.99524988937169,-46.99524988937169,0.21428571428571427,0.7852666924613573,62.156460336,-3.9497895533715,26015.147890000004,17,False,,,,,,,,,,,False,False
previously_viewed_2025_2026,cci_m3_chop_h12,public,cost2,ETHUSDT,60,0,47.204456361248106,47.204456361248106,0.31666666666666665,1.164568946148071,70.89018383999999,-4.322359798752,29438.2854,25,False,,,,,,,,,,,False,False
previously_viewed_2025_2026,cci_m3_chop_h6,personal,cost1,PORTFOLIO,99,1,271.7149502604007,184.9133402469809,0.37373737373737376,1.4150123932787388,62.12110236400001,-3.5086773755997003,77715.76382000001,47,False,,,,,,,,,,,False,False
previously_viewed_2025_2026,cci_m3_chop_h6,personal,cost1,BTCUSDT,37,0,-21.649673620706373,-21.649673620706373,0.3783783783783784,0.862087529121936,26.158342004000005,-1.6795616167067002,32691.117720000002,22,False,,,,,,,,,,,False,False
previously_viewed_2025_2026,cci_m3_chop_h6,personal,cost1,ETHUSDT,62,1,293.3646238811071,206.56301386768726,0.3709677419354839,1.7157917915406733,35.962760360000004,-1.829115758893,45024.6461,33,False,,,,,,,,,,,False,False
previously_viewed_2025_2026,cci_m3_chop_h6,personal,cost2,PORTFOLIO,99,1,47.37403632293055,-16.744663946169425,0.3333333333333333,0.9633698395641145,98.01153128000001,-6.9307923970694,61307.217650000006,47,False,,,,,,,,,,,False,False
previously_viewed_2025_2026,cci_m3_chop_h6,personal,cost2,BTCUSDT,37,0,-80.97661775784053,-80.97661775784053,0.2702702702702703,0.5311178063020864,42.366174720000004,-3.2367030378404,26478.151550000002,22,False,,,,,,,,,,,False,False
previously_viewed_2025_2026,cci_m3_chop_h6,personal,cost2,ETHUSDT,62,1,128.35065408077108,64.2319538116711,0.3709677419354839,1.2258298149905769,55.64535656,-3.694089359229,34829.066100000004,33,False,,,,,,,,,,,False,False
previously_viewed_2025_2026,cci_m3_chop_h6,public,cost1,PORTFOLIO,99,1,227.16854793606308,140.98323664264325,0.36363636363636365,1.3119488801918555,90.26583285,-3.3811092139374,75279.60962,47,False,,,,,,,,,,,False,False
previously_viewed_2025_2026,cci_m3_chop_h6,public,cost1,BTCUSDT,37,0,-34.327878754624074,-34.327878754624074,0.35135135135135137,0.7873896172888923,38.311737390000005,-1.6177313646244003,31919.391020000003,22,False,,,,,,,,,,,False,False
previously_viewed_2025_2026,cci_m3_chop_h6,public,cost1,ETHUSDT,62,1,261.49642669068714,175.31111539726732,0.3709677419354839,1.603513204112021,51.95409546,-1.7633778493130001,43360.2186,33,False,,,,,,,,,,,False,False
previously_viewed_2025_2026,cci_m3_chop_h6,public,cost2,PORTFOLIO,99,1,3.771247845637046,-52.37310599356293,0.29292929292929293,0.8846936650785399,135.220059504,-6.3989526503629,56387.850340000005,47,False,,,,,,,,,,,False,False
previously_viewed_2025_2026,cci_m3_chop_h6,public,cost2,BTCUSDT,37,0,-90.87144429816101,-90.87144429816101,0.21621621621621623,0.47938797381953996,58.360939224,-3.0142650741609,24316.039640000003,22,False,,,,,,,,,,,False,False
previously_viewed_2025_2026,cci_m3_chop_h6,public,cost2,ETHUSDT,62,1,94.64269214379806,38.49833830459808,0.3387096774193548,1.137660703191344,76.85912028,-3.3846875762020003,32071.8107,33,False,,,,,,,,,,,False,False
previously_viewed_2025_2026,cci_m3_chop_h4,personal,cost1,PORTFOLIO,103,1,44.49923446518684,-42.30237554823298,0.36893203883495146,0.9099596141388593,59.58551355600001,-3.1909619788133003,74434.61711,48,True,,,,,,,,,,,False,False
previously_viewed_2025_2026,cci_m3_chop_h4,personal,cost1,BTCUSDT,35,0,-5.459724018413349,-5.459724018413349,0.37142857142857144,0.9636279422249093,23.875863836000004,-1.0622701824133,29831.806610000003,23,False,,,,,,,,,,,False,False
previously_viewed_2025_2026,cci_m3_chop_h4,personal,cost1,ETHUSDT,68,1,49.958958483600185,-36.84265152981963,0.36764705882352944,0.8847615324141243,35.70964972,-2.1286917964,44602.8105,39,False,,,,,,,,,,,False,False
previously_viewed_2025_2026,cci_m3_chop_h4,personal,cost2,PORTFOLIO,103,1,-104.8691788756232,-160.4387191088432,0.33980582524271846,0.6650265823281718,94.12413900800001,-6.2743598676234,58804.51138,48,True,,,,,,,,,,,False,False
previously_viewed_2025_2026,cci_m3_chop_h4,personal,cost2,BTCUSDT,35,0,-56.286015269704215,-56.286015269704215,0.3142857142857143,0.653181881748693,38.034635648000005,-2.3072996217044,23767.751580000004,23,False,,,,,,,,,,,False,False
previously_viewed_2025_2026,cci_m3_chop_h4,personal,cost2,ETHUSDT,68,1,-48.58316360591899,-104.15270383913898,0.35294117647058826,0.6710970209406328,56.08950336000001,-3.9670602459190003,35036.7598,39,False,,,,,,,,,,,False,False
previously_viewed_2025_2026,cci_m3_chop_h4,public,cost1,PORTFOLIO,103,1,20.02233221685679,-63.191071790583045,0.34951456310679613,0.8662262041179933,86.479291026,-3.1390467571434004,72022.26085,48,True,,,,,,,,,,,False,False
previously_viewed_2025_2026,cci_m3_chop_h4,public,cost1,BTCUSDT,35,0,-14.697935237058433,-14.697935237058433,0.3142857142857143,0.9040726088312565,34.837590186,-1.0568150510584002,29018.401050000004,23,False,,,,,,,,,,,False,False
previously_viewed_2025_2026,cci_m3_chop_h4,public,cost1,ETHUSDT,68,1,34.72026745391522,-48.493136553524614,0.36764705882352944,0.8480568649173413,51.64170084,-2.082231706085,43003.8598,39,False,,,,,,,,,,,False,False
previously_viewed_2025_2026,cci_m3_chop_h4,public,cost2,PORTFOLIO,103,1,-140.69454594029392,-188.4172467036139,0.3300970873786408,0.6042640385333468,130.048675896,-5.7679700442941,54165.598060000004,48,True,,,,,,,,,,,False,False
previously_viewed_2025_2026,cci_m3_chop_h4,public,cost2,BTCUSDT,35,0,-66.12256638720694,-66.12256638720694,0.2857142857142857,0.5901010107403556,52.161940296,-2.1429260912071,21729.561060000004,23,False,,,,,,,,,,,False,False
previously_viewed_2025_2026,cci_m3_chop_h4,public,cost2,ETHUSDT,68,1,-74.57197955308698,-122.29468031640697,0.35294117647058826,0.6115215597894963,77.8867356,-3.6250439530870002,32436.037,39,False,,,,,,,,,,,False,False
previously_viewed_2025_2026,cci_m3_chop_h1,personal,cost1,PORTFOLIO,101,0,67.95131292742653,67.95131292742653,0.3564356435643564,1.1985028765639711,36.33076414800001,-1.1103329245741003,45407.131680000006,57,True,,,,,,,,,,,False,False
previously_viewed_2025_2026,cci_m3_chop_h1,personal,cost1,BTCUSDT,43,0,-41.4628929970624,-41.4628929970624,0.3023255813953488,0.7579045301128058,20.815283828000002,0.17438083093689996,26034.13488,30,False,,,,,,,,,,,False,False
previously_viewed_2025_2026,cci_m3_chop_h1,personal,cost1,ETHUSDT,58,0,109.41420592448893,109.41420592448893,0.39655172413793105,1.6396534061630645,15.515480320000002,-1.2847137555110002,19372.9968,42,False,,,,,,,,,,,False,False
previously_viewed_2025_2026,cci_m3_chop_h1,personal,cost2,PORTFOLIO,101,0,-34.62960510485885,-34.62960510485885,0.2871287128712871,0.9047651570418104,60.97048837600001,-3.4767067288589004,38095.160280000004,57,True,,,,,,,,,,,False,False
previously_viewed_2025_2026,cci_m3_chop_h1,personal,cost2,BTCUSDT,43,0,-91.51993406652021,-91.51993406652021,0.23255813953488372,0.508957829584251,34.307836296000005,-0.6327877705199001,21449.58248,30,False,,,,,,,,,,,False,False
previously_viewed_2025_2026,cci_m3_chop_h1,personal,cost2,ETHUSDT,58,0,56.89032896166136,56.89032896166136,0.3275862068965517,1.320971273738052,26.662652080000004,-2.843918958339,16645.577800000003,42,False,,,,,,,,,,,False,False
previously_viewed_2025_2026,cci_m3_chop_h1,public,cost1,PORTFOLIO,101,0,54.57252516387885,54.57252516387885,0.33663366336633666,1.1581244813549145,53.02711356,-1.1325212761218002,44182.96575,57,True,,,,,,,,,,,False,False
previously_viewed_2025_2026,cci_m3_chop_h1,public,cost1,BTCUSDT,43,0,-51.7930158441991,-51.7930158441991,0.2558139534883721,0.7039822483485196,30.35762034,0.16054449580019997,25311.977950000004,30,False,,,,,,,,,,,False,False
previously_viewed_2025_2026,cci_m3_chop_h1,public,cost1,ETHUSDT,58,0,106.36554100807794,106.36554100807794,0.39655172413793105,1.625099013518622,22.66949322,-1.2930657719220002,18870.9878,42,False,,,,,,,,,,,False,False
previously_viewed_2025_2026,cci_m3_chop_h1,public,cost2,PORTFOLIO,101,0,-51.78019419580312,-51.78019419580312,0.27722772277227725,0.8588937522045411,86.43809192399999,-3.3676922718032003,36002.6745,57,True,,,,,,,,,,,False,False
previously_viewed_2025_2026,cci_m3_chop_h1,public,cost2,BTCUSDT,43,0,-101.24255081277948,-101.24255081277948,0.20930232558139536,0.46265276203546823,48.139366044,-0.6116747687792001,20064.7272,30,False,,,,,,,,,,,False,False
previously_viewed_2025_2026,cci_m3_chop_h1,public,cost2,ETHUSDT,58,0,49.46235661697636,49.46235661697636,0.3275862068965517,1.2770269037899107,38.29872588,-2.756017503024,15937.947300000002,42,False,,,,,,,,,,,False,False
previously_viewed_2025_2026,cci_m3_chop_m30,personal,cost1,PORTFOLIO,118,1,-15.772061598026475,-15.513983998026442,0.3135593220338983,0.9613662740810643,33.923620736000004,-1.7695208620270002,42441.78989,65,True,,,,,,,,,,,False,False
previously_viewed_2025_2026,cci_m3_chop_m30,personal,cost1,BTCUSDT,46,0,-26.4917736890565,-26.4917736890565,0.30434782608695654,0.823956421691894,15.144316216000002,-0.44943747305700016,18965.42579,35,False,,,,,,,,,,,False,False
previously_viewed_2025_2026,cci_m3_chop_m30,personal,cost1,ETHUSDT,72,1,10.719712091030026,10.977789691030061,0.3194444444444444,1.0437219923346353,18.77930452,-1.32008338897,23476.364100000003,49,False,,,,,,,,,,,False,False
previously_viewed_2025_2026,cci_m3_chop_m30,personal,cost2,PORTFOLIO,118,1,-112.82363255818954,-111.99812375818956,0.2796610169491525,0.7316672307178707,58.19799392800001,-4.018468630189901,36400.36437,65,True,,,,,,,,,,,False,False
previously_viewed_2025_2026,cci_m3_chop_m30,personal,cost2,BTCUSDT,46,0,-63.674672362001,-63.674672362001,0.2826086956521739,0.6014635078934598,25.722237448000005,-1.4058649140009,16106.902970000001,35,False,,,,,,,,,,,False,False
previously_viewed_2025_2026,cci_m3_chop_m30,personal,cost2,ETHUSDT,72,1,-49.14896019618854,-48.32345139618857,0.2777777777777778,0.8124191146413717,32.47575648,-2.612603716189,20293.4614,49,False,,,,,,,,,,,False,False
previously_viewed_2025_2026,cci_m3_chop_m30,public,cost1,PORTFOLIO,118,1,-30.570410346235974,-30.22648634623594,0.3050847457627119,0.925190567474244,49.697811066,-1.7453692802365002,41449.701030000004,65,True,,,,,,,,,,,False,False
previously_viewed_2025_2026,cci_m3_chop_m30,public,cost1,BTCUSDT,46,0,-33.618058688201025,-33.618058688201025,0.30434782608695654,0.7800972676250483,22.203519786,-0.44590890220150003,18537.018630000002,35,False,,,,,,,,,,,False,False
previously_viewed_2025_2026,cci_m3_chop_m30,public,cost1,ETHUSDT,72,1,3.04764834196505,3.391572341965081,0.3055555555555556,1.0135031211740313,27.49429128,-1.299460378035,22912.6824,49,False,,,,,,,,,,,False,False
previously_viewed_2025_2026,cci_m3_chop_m30,public,cost2,PORTFOLIO,118,1,-130.74828447329523,-129.72602127329523,0.2542372881355932,0.6899383422538646,83.309680812,-3.8840536612956003,34735.123700000004,65,True,,,,,,,,,,,False,False
previously_viewed_2025_2026,cci_m3_chop_m30,public,cost2,BTCUSDT,46,0,-71.18017590925368,-71.18017590925368,0.21739130434782608,0.5585757526505186,36.710861772,-1.3619641372536002,15325.791700000002,35,False,,,,,,,,,,,False,False
previously_viewed_2025_2026,cci_m3_chop_m30,public,cost2,ETHUSDT,72,1,-59.56810856404153,-58.54584536404156,0.2777777777777778,0.7723162179643713,46.598819039999995,-2.5220895240420003,19409.332000000002,49,False,,,,,,,,,,,False,False
previously_viewed_2025_2026,cci_m3_chop_m15,personal,cost1,PORTFOLIO,208,1,-183.40273614751555,-187.67688961951555,0.3125,0.7502600236867217,70.41199630800001,-4.127569839515401,88080.41396,76,True,,,,,,,,,,,False,False
previously_viewed_2025_2026,cci_m3_chop_m15,personal,cost1,BTCUSDT,93,0,-148.1730384884772,-148.1730384884772,0.27956989247311825,0.5833613305212542,38.272840188,-1.4669283004774,47910.903560000006,50,False,,,,,,,,,,,False,False
previously_viewed_2025_2026,cci_m3_chop_m15,personal,cost1,ETHUSDT,115,1,-35.22969765903835,-39.50385113103834,0.3391304347826087,0.9002049963901455,32.13915612,-2.660641539038,40169.5104,58,True,,,,,,,,,,,False,False
previously_viewed_2025_2026,cci_m3_chop_m15,personal,cost2,PORTFOLIO,208,1,-332.1589022404404,-334.6609193412404,0.25961538461538464,0.5475013539977487,111.63825691200002,-8.3495853284404,69830.12174,76,True,,,,,,,,,,,False,False
previously_viewed_2025_2026,cci_m3_chop_m15,personal,cost2,BTCUSDT,93,0,-219.3203939510574,-219.3203939510574,0.22580645161290322,0.3945542880797417,60.80416891200001,-3.6013650390574004,38065.105540000004,50,False,,,,,,,,,,,False,False
previously_viewed_2025_2026,cci_m3_chop_m15,personal,cost2,ETHUSDT,115,1,-112.83850828938296,-115.34052539018296,0.28695652173913044,0.6943311550262176,50.83408800000001,-4.748220289383,31765.016200000002,58,True,,,,,,,,,,,False,False
previously_viewed_2025_2026,cci_m3_chop_m15,public,cost1,PORTFOLIO,208,1,-206.76489712294753,-210.5140734477475,0.30288461538461536,0.7183197387309751,101.708097162,-3.9999299609474,84818.49615,76,True,,,,,,,,,,,False,False
previously_viewed_2025_2026,cci_m3_chop_m15,public,cost1,BTCUSDT,93,0,-162.6066969000212,-162.6066969000212,0.26881720430107525,0.545920689066523,55.439808522,-1.4354183780214,46266.70285000001,50,False,,,,,,,,,,,False,False
previously_viewed_2025_2026,cci_m3_chop_m15,public,cost1,ETHUSDT,115,1,-44.15820022292633,-47.907376547726315,0.33043478260869563,0.8769236350930807,46.268288639999994,-2.564511582926,38551.793300000005,58,True,,,,,,,,,,,False,False
previously_viewed_2025_2026,cci_m3_chop_m15,public,cost2,PORTFOLIO,208,1,-359.7696795390949,-362.11993495989486,0.2403846153846154,0.5088573331728485,157.32291654,-7.905612999094901,65606.46041,76,True,,,,,,,,,,,False,False
previously_viewed_2025_2026,cci_m3_chop_m15,public,cost2,BTCUSDT,93,0,-235.77745747993194,-235.77745747993194,0.1827956989247312,0.3556901004498794,85.84122894000001,-3.4316785399319003,35827.142510000005,50,False,,,,,,,,,,,False,False
previously_viewed_2025_2026,cci_m3_chop_m15,public,cost2,ETHUSDT,115,1,-123.99222205916296,-126.34247747996295,0.28695652173913044,0.6597870588371336,71.4816876,-4.473934459163,29779.317900000002,58,True,,,,,,,,,,,False,False
previously_viewed_2025_2026,cci_m3_chop_m5,personal,cost1,PORTFOLIO,483,1,-452.4137611938929,-454.9782532770929,0.2525879917184265,0.7733569075033975,227.70878326400003,-8.4174179298933,284630.36442,82,True,,,,,,,,,,,False,False
previously_viewed_2025_2026,cci_m3_chop_m5,personal,cost1,BTCUSDT,223,0,-529.6935652168967,-529.6935652168967,0.21973094170403587,0.4564406648726941,125.97954542400002,-3.7876597928973004,157587.16352,56,True,,,,,,,,,,,False,False
previously_viewed_2025_2026,cci_m3_chop_m5,personal,cost1,ETHUSDT,260,1,77.27980402300376,74.71531193980377,0.28076923076923077,1.0723302232014602,101.72923784000001,-4.629758136996,127043.20090000001,69,True,,,,,,,,,,,False,False
previously_viewed_2025_2026,cci_m3_chop_m5,personal,cost2,PORTFOLIO,484,1,-726.0503730500296,-727.1226660932297,0.2066115702479339,0.5489006566484101,278.73694891200006,-15.550964138030102,174212.43432,82,True,,,,,,,,,,,False,False
previously_viewed_2025_2026,cci_m3_chop_m5,personal,cost2,BTCUSDT,224,0,-592.565450453176,-592.565450453176,0.17410714285714285,0.2746363886815443,154.79296403200001,-8.2995264211761,96850.18482000001,56,True,,,,,,,,,,,False,False
previously_viewed_2025_2026,cci_m3_chop_m5,personal,cost2,ETHUSDT,260,1,-133.48492259685358,-134.55721564005358,0.23461538461538461,0.8307389085893149,123.94398488000002,-7.251437716854,77362.2495,69,True,,,,,,,,,,,False,False
previously_viewed_2025_2026,cci_m3_chop_m5,public,cost1,PORTFOLIO,484,1,-520.1574597901673,-522.6569106733673,0.24380165289256198,0.7271300587159066,310.47926184,-7.803577950167701,258735.11390000003,82,True,,,,,,,,,,,False,False
previously_viewed_2025_2026,cci_m3_chop_m5,public,cost1,BTCUSDT,224,0,-552.6691754775261,-552.6691754775261,0.20982142857142858,0.413766698191906,172.72502598,-3.6624294975267,144045.63410000002,56,True,,,,,,,,,,,False,False
previously_viewed_2025_2026,cci_m3_chop_m5,public,cost1,ETHUSDT,260,1,32.511715687358766,30.012264804158775,0.27307692307692305,1.0308558463481878,137.75423586,-4.1411484526410005,114689.4798,69,True,,,,,,,,,,,False,False
previously_viewed_2025_2026,cci_m3_chop_m5,public,cost2,PORTFOLIO,483,1,-764.8529519524565,-765.5244535012564,0.20082815734989648,0.5047860830092413,372.03303912,-14.272532832456902,155016.64097,82,True,,,,,,,,,,,False,False
previously_viewed_2025_2026,cci_m3_chop_m5,public,cost2,BTCUSDT,223,0,-595.1964273900578,-595.1964273900578,0.16591928251121077,0.2437753057032593,205.5645552,-7.723292190057901,85751.99197,56,True,,,,,,,,,,,False,False
previously_viewed_2025_2026,cci_m3_chop_m5,public,cost2,ETHUSDT,260,1,-169.65652456239863,-170.32802611119865,0.23076923076923078,0.7755247400620504,166.46848391999998,-6.549240642399,69264.649,69,True,,,,,,,,,,,False,False
previously_viewed_2025_2026,cci_m3_chop_m3,personal,cost1,PORTFOLIO,527,1,-532.263290885897,-534.4003676218971,0.24478178368121442,0.7439194561553659,246.71902718400003,-8.5635637018968,308402.11221000005,82,True,,,,,,,,,,,False,False
previously_viewed_2025_2026,cci_m3_chop_m3,personal,cost1,BTCUSDT,239,0,-523.1579656795636,-523.1579656795636,0.23430962343096234,0.4659029755869204,133.08925886400002,-4.170606815563801,166469.57691,56,True,,,,,,,,,,,False,False
previously_viewed_2025_2026,cci_m3_chop_m3,personal,cost1,ETHUSDT,288,1,-9.105325206333474,-11.242401942333467,0.2534722222222222,0.9898472543858309,113.62976832000001,-4.392956886333,141932.53530000002,71,True,,,,,,,,,,,False,False
previously_viewed_2025_2026,cci_m3_chop_m3,personal,cost2,PORTFOLIO,526,1,-777.5409068241637,-778.2557688529637,0.19961977186311788,0.5306632034470421,295.98061079200005,-15.786846032164002,184998.20231000002,82,True,,,,,,,,,,,False,False
previously_viewed_2025_2026,cci_m3_chop_m3,personal,cost2,BTCUSDT,239,0,-581.7335673627881,-581.7335673627881,0.17573221757322174,0.284910103419537,160.36491991200003,-8.873397450788001,100332.41841000001,56,True,,,,,,,,,,,False,False
previously_viewed_2025_2026,cci_m3_chop_m3,personal,cost2,ETHUSDT,287,1,-195.8073394613755,-196.52220149017552,0.21951219512195122,0.7673445677314682,135.61569088000002,-6.9134485813760005,84665.78390000001,71,True,,,,,,,,,,,False,False
previously_viewed_2025_2026,cci_m3_chop_m3,public,cost1,PORTFOLIO,528,1,-599.8421964947385,-601.9250722307385,0.23863636363636365,0.6974597744834529,335.800212432,-7.964204062738201,279838.01697,82,True,,,,,,,,,,,False,False
previously_viewed_2025_2026,cci_m3_chop_m3,public,cost1,BTCUSDT,240,0,-541.788544710386,-541.788544710386,0.225,0.4263753105721349,182.101063332,-4.0512013783862,151853.28407000002,56,True,,,,,,,,,,,False,False
previously_viewed_2025_2026,cci_m3_chop_m3,public,cost1,ETHUSDT,288,1,-58.05365178435242,-60.13652752035241,0.25,0.9424569568857556,153.6991491,-3.913002684352,127984.7329,71,True,,,,,,,,,,,False,False
previously_viewed_2025_2026,cci_m3_chop_m3,public,cost2,PORTFOLIO,526,1,-820.3931885149736,-821.0646900637736,0.1920152091254753,0.47629650541869406,388.195874184,-14.1421943309739,161762.91486000002,82,True,,,,,,,,,,,False,False
previously_viewed_2025_2026,cci_m3_chop_m3,public,cost2,BTCUSDT,238,0,-578.189713573558,-578.189713573558,0.1638655462184874,0.250041805032137,209.502855864,-8.1611377095579,87391.67416000001,56,True,,,,,,,,,,,False,False
previously_viewed_2025_2026,cci_m3_chop_m3,public,cost2,ETHUSDT,288,1,-242.2034749414156,-242.8749764902156,0.2152777777777778,0.6952030546181662,178.69301832,-5.981056621416,74371.24070000001,71,True,,,,,,,,,,,False,False
previously_viewed_2025_2026,cci_m3_chop_m1,personal,cost1,PORTFOLIO,643,1,-655.926584662198,-687.354753804988,0.22706065318818042,0.687839287828345,275.508965932,-9.2486887301984,344405.17446,82,True,,,,,,,,,,,False,False
previously_viewed_2025_2026,cci_m3_chop_m1,personal,cost1,BTCUSDT,289,0,-617.6477457682811,-617.6477457682811,0.2041522491349481,0.4164843893549505,149.35612761200002,-5.1166881562814,186838.17646000002,57,True,,,,,,,,,,,False,False
previously_viewed_2025_2026,cci_m3_chop_m1,personal,cost1,ETHUSDT,354,1,-38.27883889391694,-69.70700803670688,0.2457627118644068,0.9390370289149425,126.15283832000001,-4.132000573917,157566.998,71,True,,,,,,,,,,,False,False
previously_viewed_2025_2026,cci_m3_chop_m1,personal,cost2,PORTFOLIO,618,1,-853.8762644261074,-855.9015192293073,0.20064724919093851,0.48150020640207497,304.14890516,-15.4171492661072,190126.31315,82,True,,,,,,,,,,,False,False
previously_viewed_2025_2026,cci_m3_chop_m1,personal,cost2,BTCUSDT,279,0,-615.6701725953463,-615.6701725953463,0.16487455197132617,0.2564946624897453,165.98894484000002,-9.5524177553462,103877.06315000002,57,True,,,,,,,,,,,False,False
previously_viewed_2025_2026,cci_m3_chop_m1,personal,cost2,ETHUSDT,339,1,-238.20609183076098,-240.23134663396098,0.23008849557522124,0.7079831433190726,138.15996032,-5.8647315107610005,86249.25,71,True,,,,,,,,,,,False,False
previously_viewed_2025_2026,cci_m3_chop_m1,public,cost1,PORTFOLIO,640,1,-711.7624880164943,-737.0236999473242,0.2203125,0.6449029453763465,368.187137268,-8.5129707484946,306843.39917000005,82,True,,,,,,,,,,,False,False
previously_viewed_2025_2026,cci_m3_chop_m1,public,cost1,BTCUSDT,286,0,-610.9089960845444,-610.9089960845444,0.1958041958041958,0.38833506883914864,198.225153108,-4.890662976544601,165318.12527000002,57,True,,,,,,,,,,,False,False
previously_viewed_2025_2026,cci_m3_chop_m1,public,cost1,ETHUSDT,354,1,-100.8534919319499,-126.11470386277985,0.2401129943502825,0.8828791818006242,169.96198416,-3.62230777195,141525.2739,71,True,,,,,,,,,,,False,False
previously_viewed_2025_2026,cci_m3_chop_m1,public,cost2,PORTFOLIO,588,1,-873.8597917734546,-875.1668550822546,0.19387755102040816,0.42698408990231745,390.526393884,-13.6589478894545,162752.79567000002,82,True,,,,,,,,,,,False,False
previously_viewed_2025_2026,cci_m3_chop_m1,public,cost2,BTCUSDT,268,0,-603.2285735350166,-603.2285735350166,0.16044776119402984,0.22344132280610454,214.360898364,-8.7452251710165,89441.02927000001,56,True,,,,,,,,,,,False,False
previously_viewed_2025_2026,cci_m3_chop_m1,public,cost2,ETHUSDT,320,1,-270.63121823843807,-271.93828154723803,0.221875,0.6376582683682211,176.16549552,-4.913722718438001,73311.76640000001,71,True,,,,,,,,,,,False,False
previously_viewed_2025_2026,cci_m1_chop_w,personal,cost1,PORTFOLIO,65,1,64.46167299645322,-22.3399370169666,0.24615384615384617,0.9330638182694784,45.933283628000005,-5.0480933755471,57335.89237,14,False,,,,,,,,,,,False,False
previously_viewed_2025_2026,cci_m1_chop_w,personal,cost1,BTCUSDT,19,0,-24.765177201231825,-24.765177201231825,0.3157894736842105,0.7091513392900936,14.763448788000003,-2.1696784132321003,18458.07917,4,False,,,,,,,,,,,False,False
previously_viewed_2025_2026,cci_m1_chop_w,personal,cost1,ETHUSDT,46,1,89.22685019768504,2.4252401842652227,0.21739130434782608,1.0097555209474844,31.16983484,-2.878414962315,38877.813200000004,10,False,,,,,,,,,,,False,False
previously_viewed_2025_2026,cci_m1_chop_w,personal,cost2,PORTFOLIO,65,1,-78.11643604184249,-135.11083628104248,0.23076923076923078,0.6122876660874905,71.508395432,-8.275830609842801,44666.03808,14,False,,,,,,,,,,,False,False
previously_viewed_2025_2026,cci_m1_chop_w,personal,cost2,BTCUSDT,19,0,-59.18087039718497,-59.18087039718497,0.2631578947368421,0.3928368194662899,23.901266072000002,-3.6438943251848004,14951.213880000001,4,False,,,,,,,,,,,False,False
previously_viewed_2025_2026,cci_m1_chop_w,personal,cost2,ETHUSDT,46,1,-18.935565644657515,-75.92996588385749,0.21739130434782608,0.6975035049893848,47.60712936,-4.631936284658,29714.8242,10,False,,,,,,,,,,,False,False
previously_viewed_2025_2026,cci_m1_chop_w,public,cost1,PORTFOLIO,65,1,42.27938035804869,-43.90593093537114,0.24615384615384617,0.8703049304141897,66.558725274,-4.9070843679516,55387.10312000001,14,False,,,,,,,,,,,False,False
previously_viewed_2025_2026,cci_m1_chop_w,public,cost1,BTCUSDT,19,0,-30.643853513888327,-30.643853513888327,0.3157894736842105,0.6497965381994406,21.489327354,-2.1127161598886,17911.36072,4,False,,,,,,,,,,,False,False
previously_viewed_2025_2026,cci_m1_chop_w,public,cost1,ETHUSDT,46,1,72.92323387193701,-13.262077421482813,0.21739130434782608,0.9471691415406572,45.06939792,-2.794368208063,37475.7424,10,False,,,,,,,,,,,False,False
previously_viewed_2025_2026,cci_m1_chop_w,public,cost2,PORTFOLIO,65,1,-107.93929861446529,-157.06560822376528,0.23076923076923078,0.5506379519520124,99.0128652,-7.6638734144656,41232.488560000005,14,False,,,,,,,,,,,False,False
previously_viewed_2025_2026,cci_m1_chop_w,public,cost2,BTCUSDT,19,0,-65.16649318153176,-65.16649318153176,0.2631578947368421,0.3404279841395017,33.258182160000004,-3.4197510215316003,13869.285160000001,4,False,,,,,,,,,,,False,False
previously_viewed_2025_2026,cci_m1_chop_w,public,cost2,ETHUSDT,46,1,-42.772805432933524,-91.89911504223352,0.21739130434782608,0.6334723698832984,65.75468303999999,-4.244122392934,27363.203400000002,10,False,,,,,,,,,,,False,False
previously_viewed_2025_2026,cci_m1_chop_d,personal,cost1,PORTFOLIO,105,0,33.730575214629425,33.730575214629425,0.3047619047619048,1.0632443611648235,67.138853728,-5.088951057371,83857.36825,24,True,,,,,,,,,,,False,False
previously_viewed_2025_2026,cci_m1_chop_d,personal,cost1,BTCUSDT,43,0,-113.21893764780452,-113.21893764780452,0.27906976744186046,0.5124171046381275,33.481542688000005,-1.9523749598050002,41844.41455000001,14,False,,,,,,,,,,,False,False
previously_viewed_2025_2026,cci_m1_chop_d,personal,cost1,ETHUSDT,62,0,146.94951286243395,146.94951286243395,0.3225806451612903,1.4879890881929974,33.65731104,-3.136576097566,42012.9537,18,False,,,,,,,,,,,False,False
previously_viewed_2025_2026,cci_m1_chop_d,personal,cost2,PORTFOLIO,105,0,-123.49699510449057,-123.49699510449057,0.2761904761904762,0.7711195730887678,104.17634428000001,-9.0072208244903,65064.358640000006,24,True,,,,,,,,,,,False,False
previously_viewed_2025_2026,cci_m1_chop_d,personal,cost2,BTCUSDT,43,0,-166.34769570988354,-166.34769570988354,0.20930232558139536,0.3083732267302816,51.40593140000001,-3.6690343098833003,32127.357240000005,14,False,,,,,,,,,,,False,False
previously_viewed_2025_2026,cci_m1_chop_d,personal,cost2,ETHUSDT,62,0,42.85070060539297,42.85070060539297,0.3225806451612903,1.143287807873387,52.77041288,-5.338186514607,32937.0014,18,False,,,,,,,,,,,False,False
previously_viewed_2025_2026,cci_m1_chop_d,public,cost1,PORTFOLIO,105,0,3.252512887168426,3.252512887168426,0.3047619047619048,1.0060722058933702,96.879036588,-4.899410524832001,80669.65698,24,True,,,,,,,,,,,False,False
previously_viewed_2025_2026,cci_m1_chop_d,public,cost1,BTCUSDT,43,0,-123.05666510543149,-123.05666510543149,0.27906976744186046,0.4738962181134476,48.301136748000005,-1.8858883574320002,40243.46138000001,14,False,,,,,,,,,,,False,False
previously_viewed_2025_2026,cci_m1_chop_d,public,cost1,ETHUSDT,62,0,126.30917799259993,126.30917799259993,0.3225806451612903,1.4186061041275622,48.57789984,-3.0135221674,40426.1956,18,False,,,,,,,,,,,False,False
previously_viewed_2025_2026,cci_m1_chop_d,public,cost2,PORTFOLIO,105,0,-161.09939233129148,-161.09939233129148,0.26666666666666666,0.6991711019448067,143.811914724,-8.3602476072912,59877.90151,24,True,,,,,,,,,,,False,False
previously_viewed_2025_2026,cci_m1_chop_d,public,cost2,BTCUSDT,43,0,-174.1355657257404,-174.1355657257404,0.20930232558139536,0.2703566945957883,70.445201724,-3.3934340017402005,29350.718410000005,14,False,,,,,,,,,,,False,False
previously_viewed_2025_2026,cci_m1_chop_d,public,cost2,ETHUSDT,62,0,13.036173394448925,13.036173394448925,0.3064516129032258,1.043913561010989,73.36671299999999,-4.966813605551,30527.183100000002,18,False,,,,,,,,,,,False,False
previously_viewed_2025_2026,cci_m1_chop_h12,personal,cost1,PORTFOLIO,99,0,302.2318156033192,302.2318156033192,0.3434343434343434,1.6189967577738484,60.689662432000006,-4.896421964681201,75906.4611,32,False,,,,,,,,,,,False,False
previously_viewed_2025_2026,cci_m1_chop_h12,personal,cost1,BTCUSDT,42,0,76.96305560339812,76.96305560339812,0.3333333333333333,1.349919995642307,29.746621392000005,-2.3742230046022,37332.060000000005,17,False,,,,,,,,,,,False,False
previously_viewed_2025_2026,cci_m1_chop_h12,personal,cost1,ETHUSDT,57,0,225.26875999992106,225.26875999992106,0.3508771929824561,1.8395650752698463,30.943041040000004,-2.5221989600790002,38574.4011,25,False,,,,,,,,,,,False,False
previously_viewed_2025_2026,cci_m1_chop_h12,personal,cost2,PORTFOLIO,99,0,84.31357007922803,84.31357007922803,0.30303030303030304,1.1711648179272574,94.81958138400002,-9.0464385367721,59291.787000000004,32,False,,,,,,,,,,,False,False
previously_viewed_2025_2026,cci_m1_chop_h12,personal,cost2,BTCUSDT,42,0,-19.614392186795186,-19.614392186795186,0.23809523809523808,0.9123656818248056,46.07234442400001,-4.335437762795101,28920.5692,17,False,,,,,,,,,,,False,False
previously_viewed_2025_2026,cci_m1_chop_h12,personal,cost2,ETHUSDT,57,0,103.92796226602321,103.92796226602321,0.3508771929824561,1.3866854856016921,48.74723696,-4.711000773977,30371.217800000002,25,False,,,,,,,,,,,False,False
previously_viewed_2025_2026,cci_m1_chop_h12,public,cost1,PORTFOLIO,99,0,176.83931753311418,176.83931753311418,0.3434343434343434,1.3623421881540607,86.526607938,-4.8683645288862,72100.79794,32,False,,,,,,,,,,,False,False
previously_viewed_2025_2026,cci_m1_chop_h12,public,cost1,BTCUSDT,42,0,-26.333590431756864,-26.333590431756864,0.3333333333333333,0.8801026822540031,42.086948838,-2.4148315937572002,35171.438140000006,17,False,,,,,,,,,,,False,False
previously_viewed_2025_2026,cci_m1_chop_h12,public,cost1,ETHUSDT,57,0,203.17290796487106,203.17290796487106,0.3508771929824561,1.7569483164463644,44.4396591,-2.453532935129,36929.3598,25,False,,,,,,,,,,,False,False
previously_viewed_2025_2026,cci_m1_chop_h12,public,cost2,PORTFOLIO,99,0,44.98533387770996,44.98533387770996,0.2828282828282828,1.0912216946710391,132.511676364,-8.514959758290201,55238.27223,32,False,,,,,,,,,,,False,False
previously_viewed_2025_2026,cci_m1_chop_h12,public,cost2,BTCUSDT,42,0,-38.05163500506727,-38.05163500506727,0.21428571428571427,0.8306897205426084,63.994298004,-4.022807001067201,26780.906130000003,17,False,,,,,,,,,,,False,False
previously_viewed_2025_2026,cci_m1_chop_h12,public,cost2,ETHUSDT,57,0,83.03696888277723,83.03696888277723,0.3333333333333333,1.3093800377999785,68.51737836,-4.492152757223001,28457.3661,25,False,,,,,,,,,,,False,False
previously_viewed_2025_2026,cci_m1_chop_h6,personal,cost1,PORTFOLIO,99,1,158.33610996106518,71.53449994764536,0.37373737373737376,1.1621647309781629,62.21392557600001,-3.5868644629350004,77774.64080000001,47,False,,,,,,,,,,,False,False
previously_viewed_2025_2026,cci_m1_chop_h6,personal,cost1,BTCUSDT,39,0,-27.518104302606858,-27.518104302606858,0.358974358974359,0.8422504665161525,29.104064296000004,-1.6405400066070002,36376.174100000004,22,False,,,,,,,,,,,False,False
previously_viewed_2025_2026,cci_m1_chop_h6,personal,cost1,ETHUSDT,60,1,185.85421426367205,99.05260425025222,0.38333333333333336,1.3714277461314934,33.109861280000004,-1.946324456328,41398.466700000004,33,False,,,,,,,,,,,False,False
previously_viewed_2025_2026,cci_m1_chop_h6,personal,cost2,PORTFOLIO,99,1,-32.364136303509554,-92.20825655466953,0.32323232323232326,0.797432846060041,97.47340289600001,-6.831453407509501,60935.695620000006,47,False,,,,,,,,,,,False,False
previously_viewed_2025_2026,cci_m1_chop_h6,personal,cost2,BTCUSDT,39,0,-92.76010905513368,-92.76010905513368,0.23076923076923078,0.522348379553845,46.45650329600001,-3.1876257591335,29039.58232,22,False,,,,,,,,,,,False,False
previously_viewed_2025_2026,cci_m1_chop_h6,personal,cost2,ETHUSDT,60,1,60.39597275162412,0.5518525004641465,0.38333333333333336,1.0021143926584302,51.0168996,-3.6438276483760004,31896.1133,33,False,,,,,,,,,,,False,False
previously_viewed_2025_2026,cci_m1_chop_h6,public,cost1,PORTFOLIO,99,1,125.49815863808469,39.31284734466485,0.36363636363636365,1.0883388188088232,90.241168374,-3.4724429879155,75207.66847,47,False,,,,,,,,,,,False,False
previously_viewed_2025_2026,cci_m1_chop_h6,public,cost1,BTCUSDT,39,0,-41.56765932936737,-41.56765932936737,0.3333333333333333,0.7684028380897278,42.603136614,-1.5828927153675003,35498.76677,22,False,,,,,,,,,,,False,False
previously_viewed_2025_2026,cci_m1_chop_h6,public,cost1,ETHUSDT,60,1,167.06581796745206,80.88050667403223,0.38333333333333336,1.3045877869553586,47.63803176,-1.889550272548,39708.9017,33,False,,,,,,,,,,,False,False
previously_viewed_2025_2026,cci_m1_chop_h6,public,cost2,PORTFOLIO,99,1,-67.64694458070556,-119.58047188196555,0.29292929292929293,0.7371232275780337,134.93876532,-6.3519392607055005,56239.784620000006,47,False,,,,,,,,,,,False,False
previously_viewed_2025_2026,cci_m1_chop_h6,public,cost2,BTCUSDT,39,0,-102.56097346060967,-102.56097346060967,0.20512820512820512,0.47528255498318994,63.8819808,-2.9710526606095002,26620.395320000003,22,False,,,,,,,,,,,False,False
previously_viewed_2025_2026,cci_m1_chop_h6,public,cost2,ETHUSDT,60,1,34.91402887990411,-17.01949842135587,0.35,0.9343971510444387,71.05678452,-3.3808866000960003,29619.389300000003,33,False,,,,,,,,,,,False,False
previously_viewed_2025_2026,cci_m1_chop_h4,personal,cost1,PORTFOLIO,102,1,67.57816470729124,-19.223445306128585,0.37254901960784315,0.9587213842300873,59.776633372000006,-3.1719919207085,74670.67533000001,47,True,,,,,,,,,,,False,False
previously_viewed_2025_2026,cci_m1_chop_h4,personal,cost1,BTCUSDT,36,0,-3.030184962353842,-3.030184962353842,0.3611111111111111,0.9812480083851008,25.488797212000005,-1.0289777503535,31845.961930000005,23,False,,,,,,,,,,,False,False
previously_viewed_2025_2026,cci_m1_chop_h4,personal,cost1,ETHUSDT,66,1,70.60834966964508,-16.193260343774742,0.3787878787878788,0.9467514650979233,34.287836160000005,-2.143014170355,42824.7134,38,False,,,,,,,,,,,False,False
previously_viewed_2025_2026,cci_m1_chop_h4,personal,cost2,PORTFOLIO,102,1,-86.23666198868261,-141.8062022219026,0.3431372549019608,0.7015656947895796,94.80883740000002,-6.3460945886829006,59232.481210000005,47,True,,,,,,,,,,,False,False
previously_viewed_2025_2026,cci_m1_chop_h4,personal,cost2,BTCUSDT,36,0,-58.08915515456573,-58.08915515456573,0.3055555555555556,0.66679220322411,40.510185560000004,-2.2998395945659,25314.820410000004,23,False,,,,,,,,,,,False,False
previously_viewed_2025_2026,cci_m1_chop_h4,personal,cost2,ETHUSDT,66,1,-28.14750683411689,-83.71704706733688,0.36363636363636365,0.7217169047960961,54.298651840000005,-4.0462549941170005,33917.660800000005,38,False,,,,,,,,,,,False,False
previously_viewed_2025_2026,cci_m1_chop_h4,public,cost1,PORTFOLIO,102,1,43.3775347741909,-42.80777651922893,0.35294117647058826,0.9088316959189002,87.206948856,-3.1195963698089,72624.49447,47,True,,,,,,,,,,,False,False
previously_viewed_2025_2026,cci_m1_chop_h4,public,cost1,BTCUSDT,36,0,-13.383762048796203,-13.383762048796203,0.3055555555555556,0.9193706909954203,37.326071616,-1.0213704327959001,31090.599270000002,23,False,,,,,,,,,,,False,False
previously_viewed_2025_2026,cci_m1_chop_h4,public,cost1,ETHUSDT,66,1,56.7612968229871,-29.424014470432727,0.3787878787878788,0.9030687244047721,49.88087724,-2.098225937013,41533.8952,38,False,,,,,,,,,,,False,False
previously_viewed_2025_2026,cci_m1_chop_h4,public,cost2,PORTFOLIO,102,1,-123.77738440327414,-172.90369401257414,0.3333333333333333,0.633008014470064,130.89402504,-5.8118793632744,54517.54778,47,True,,,,,,,,,,,False,False
previously_viewed_2025_2026,cci_m1_chop_h4,public,cost2,BTCUSDT,36,0,-68.31582086932926,-68.31582086932926,0.2777777777777778,0.6057426068203261,55.54879896,-2.1319419093294,23140.981580000003,23,False,,,,,,,,,,,False,False
previously_viewed_2025_2026,cci_m1_chop_h4,public,cost2,ETHUSDT,66,1,-55.46156353394489,-104.58787314324488,0.36363636363636365,0.6488693883355978,75.34522608,-3.679937453945,31376.5662,38,False,,,,,,,,,,,False,False
previously_viewed_2025_2026,cci_m1_chop_h1,personal,cost1,PORTFOLIO,100,0,73.28872093186156,73.28872093186156,0.36,1.217939410295215,36.24482269600001,-1.1200363721391002,45301.910950000005,56,True,,,,,,,,,,,False,False
previously_viewed_2025_2026,cci_m1_chop_h1,personal,cost1,BTCUSDT,42,0,-35.900722591835326,-35.900722591835326,0.30952380952380953,0.7824240353786078,20.727840296000004,0.16453770416389993,25927.148250000002,29,False,,,,,,,,,,,False,False
previously_viewed_2025_2026,cci_m1_chop_h1,personal,cost1,ETHUSDT,58,0,109.1894435236969,109.1894435236969,0.39655172413793105,1.6375017323490224,15.516982400000002,-1.2845740763030002,19374.7627,42,False,,,,,,,,,,,False,False
previously_viewed_2025_2026,cci_m1_chop_h1,personal,cost2,PORTFOLIO,100,0,-29.17177259153777,-29.17177259153777,0.29,0.9184558092835824,60.75868411200001,-3.4803884795377003,37965.325600000004,56,True,,,,,,,,,,,False,False
previously_viewed_2025_2026,cci_m1_chop_h1,personal,cost2,BTCUSDT,42,0,-86.3690066527351,-86.3690066527351,0.23809523809523808,0.5216505709434492,34.089569952000005,-0.6296367007347001,21315.8352,29,False,,,,,,,,,,,False,False
previously_viewed_2025_2026,cci_m1_chop_h1,personal,cost2,ETHUSDT,58,0,57.19723406119733,57.19723406119733,0.3275862068965517,1.3228097598506492,26.669114160000003,-2.850751778803,16649.490400000002,42,False,,,,,,,,,,,False,False
previously_viewed_2025_2026,cci_m1_chop_h1,public,cost1,PORTFOLIO,100,0,60.19470889799088,60.19470889799088,0.34,1.1775802938515543,52.855974378,-1.1375267240098001,44042.88893,56,True,,,,,,,,,,,False,False
previously_viewed_2025_2026,cci_m1_chop_h1,public,cost1,BTCUSDT,42,0,-46.37503482850303,-46.37503482850303,0.2619047619047619,0.7256208589891106,30.223204518,0.15525968949619995,25202.42033,29,False,,,,,,,,,,,False,False
previously_viewed_2025_2026,cci_m1_chop_h1,public,cost1,ETHUSDT,58,0,106.56974372649391,106.56974372649391,0.39655172413793105,1.6270516019244474,22.63276986,-1.292786413506,18840.4686,42,False,,,,,,,,,,,False,False
previously_viewed_2025_2026,cci_m1_chop_h1,public,cost2,PORTFOLIO,100,0,-47.33964576333054,-47.33964576333054,0.28,0.8692060659758767,86.057198184,-3.3810875793305004,35846.98451,56,True,,,,,,,,,,,False,False
previously_viewed_2025_2026,cci_m1_chop_h1,public,cost2,BTCUSDT,42,0,-95.59989398576687,-95.59989398576687,0.21428571428571427,0.47527782861984735,47.733600744,-0.6175332417665,19898.04691,29,False,,,,,,,,,,,False,False
previously_viewed_2025_2026,cci_m1_chop_h1,public,cost2,ETHUSDT,58,0,48.26024822243633,48.26024822243633,0.3275862068965517,1.2684865347954022,38.32359744,-2.763554337564,15948.937600000001,42,False,,,,,,,,,,,False,False
previously_viewed_2025_2026,cci_m1_chop_m30,personal,cost1,PORTFOLIO,118,1,-26.74631246453965,-26.689615384539607,0.3135593220338983,0.9337845070734614,33.367030488000005,-1.8041019765401,41738.87921000001,65,True,,,,,,,,,,,False,False
previously_viewed_2025_2026,cci_m1_chop_m30,personal,cost1,BTCUSDT,46,0,-31.680966488131588,-31.680966488131588,0.30434782608695654,0.7851920579267819,14.884189648000001,-0.46809684013210007,18636.52821,36,False,,,,,,,,,,,False,False
previously_viewed_2025_2026,cci_m1_chop_m30,personal,cost1,ETHUSDT,72,1,4.934654023591939,4.991351103591981,0.3194444444444444,1.019528972202769,18.48284084,-1.3360051364080001,23102.351000000002,49,False,,,,,,,,,,,False,False
previously_viewed_2025_2026,cci_m1_chop_m30,personal,cost2,PORTFOLIO,118,1,-117.36469466708314,-116.70401762708316,0.2796610169491525,0.7200803301473421,57.32849866400001,-4.1004660030835005,35851.584930000005,65,True,,,,,,,,,,,False,False
previously_viewed_2025_2026,cci_m1_chop_m30,personal,cost2,BTCUSDT,46,0,-67.43047075895761,-67.43047075895761,0.2826086956521739,0.5722526794453007,25.378297384000003,-1.4458433749575001,15889.015330000002,36,False,,,,,,,,,,,False,False
previously_viewed_2025_2026,cci_m1_chop_m30,personal,cost2,ETHUSDT,72,1,-49.934223908125524,-49.27354686812554,0.2777777777777778,0.8099591986985063,31.950201280000005,-2.6546226281260004,19962.569600000003,49,False,,,,,,,,,,,False,False
previously_viewed_2025_2026,cci_m1_chop_m30,public,cost1,PORTFOLIO,118,1,-41.27810971650344,-41.1172955165034,0.3050847457627119,0.8989822299381431,48.935993466,-1.7870262505039,40808.914690000005,65,True,,,,,,,,,,,False,False
previously_viewed_2025_2026,cci_m1_chop_m30,public,cost1,BTCUSDT,46,0,-38.54193880326838,-38.54193880326838,0.30434782608695654,0.743133563417653,21.846599226000002,-0.4642495772689001,18235.86399,36,False,,,,,,,,,,,False,False
previously_viewed_2025_2026,cci_m1_chop_m30,public,cost1,ETHUSDT,72,1,-2.7361709132350507,-2.5753567132350126,0.3055555555555556,0.9899785215208158,27.089394239999997,-1.3227766732350001,22573.0507,49,False,,,,,,,,,,,False,False
previously_viewed_2025_2026,cci_m1_chop_m30,public,cost2,PORTFOLIO,118,1,-139.22631396938473,-138.36894840938476,0.2542372881355932,0.6713562988754191,82.212235176,-3.9439187933851003,34272.94419,65,True,,,,,,,,,,,False,False
previously_viewed_2025_2026,cci_m1_chop_m30,public,cost2,BTCUSDT,46,0,-76.44931292940922,-76.44931292940922,0.21739130434782608,0.5224869566440492,36.281859216,-1.4039937134091,15143.682190000001,36,False,,,,,,,,,,,False,False
previously_viewed_2025_2026,cci_m1_chop_m30,public,cost2,ETHUSDT,72,1,-62.777001039975524,-61.91963547997555,0.2777777777777778,0.7626976247653389,45.93037596,-2.5399250799760003,19129.262000000002,49,False,,,,,,,,,,,False,False
previously_viewed_2025_2026,cci_m1_chop_m15,personal,cost1,PORTFOLIO,207,1,-189.7269763961079,-194.00112986810785,0.30434782608695654,0.7439959917441775,68.365847212,-3.8296191841077003,85524.20776,77,True,,,,,,,,,,,False,False
previously_viewed_2025_2026,cci_m1_chop_m15,personal,cost1,BTCUSDT,90,0,-137.27759470513158,-137.27759470513158,0.2777777777777778,0.5990487137997591,35.75978809200001,-1.1758966131317001,44763.46426000001,50,False,,,,,,,,,,,False,False
previously_viewed_2025_2026,cci_m1_chop_m15,personal,cost1,ETHUSDT,117,1,-52.44938169097631,-56.7235351629763,0.3247863247863248,0.8634567196741763,32.606059120000005,-2.653722570976,40760.743500000004,58,True,,,,,,,,,,,False,False
previously_viewed_2025_2026,cci_m1_chop_m15,personal,cost2,PORTFOLIO,207,1,-331.2256245692284,-333.7276416700284,0.2560386473429952,0.553380328734038,109.19928704000002,-7.9442175292285,68310.05309,77,True,,,,,,,,,,,False,False
previously_viewed_2025_2026,cci_m1_chop_m15,personal,cost2,BTCUSDT,90,0,-204.65173280500653,-204.65173280500653,0.23333333333333334,0.4116801390752728,57.21866192000001,-3.1541508850065005,35818.59769,50,False,,,,,,,,,,,False,False
previously_viewed_2025_2026,cci_m1_chop_m15,personal,cost2,ETHUSDT,117,1,-126.57389176422188,-129.0759088650219,0.27350427350427353,0.6768029044335095,51.980625120000006,-4.790066644222001,32491.455400000003,58,True,,,,,,,,,,,False,False
previously_viewed_2025_2026,cci_m1_chop_m15,public,cost1,PORTFOLIO,207,1,-216.96835277193665,-220.71752909673665,0.2946859903381642,0.7067008704519333,98.578415376,-3.6932973959365003,82211.12644000001,77,True,,,,,,,,,,,False,False
previously_viewed_2025_2026,cci_m1_chop_m15,public,cost1,BTCUSDT,90,0,-149.48410126182034,-149.48410126182034,0.26666666666666666,0.5640564600423946,51.728256696,-1.1556045658205,43168.31614,50,False,,,,,,,,,,,False,False
previously_viewed_2025_2026,cci_m1_chop_m15,public,cost1,ETHUSDT,117,1,-67.48425151011631,-71.2334278349163,0.3162393162393162,0.826105557635589,46.85015868,-2.537692830116,39042.810300000005,58,True,,,,,,,,,,,False,False
previously_viewed_2025_2026,cci_m1_chop_m15,public,cost2,PORTFOLIO,207,1,-364.0566643441101,-366.40691976491007,0.23671497584541062,0.5049761231284472,153.579446796,-7.481007548110201,64044.43089,77,True,,,,,,,,,,,False,False
previously_viewed_2025_2026,cci_m1_chop_m15,public,cost2,BTCUSDT,90,0,-220.86354203161622,-220.86354203161622,0.18888888888888888,0.36896477872861205,80.784382476,-3.0137495556162,33713.915890000004,50,False,,,,,,,,,,,False,False
previously_viewed_2025_2026,cci_m1_chop_m15,public,cost2,ETHUSDT,117,1,-143.19312231249387,-145.54337773329388,0.27350427350427353,0.6269824561867081,72.79506432,-4.467257992494,30330.515,58,True,,,,,,,,,,,False,False
previously_viewed_2025_2026,cci_m1_chop_m5,personal,cost1,PORTFOLIO,476,1,-515.7379631960391,-518.3024552792391,0.25,0.7346438254368991,220.89776613600003,-8.1965570600395,276102.09905,82,True,,,,,,,,,,,False,False
previously_viewed_2025_2026,cci_m1_chop_m5,personal,cost1,BTCUSDT,220,0,-515.3343830401459,-515.3343830401459,0.21363636363636362,0.46543780824123115,123.92430909600002,-3.6590339441465,155021.73955000003,56,True,,,,,,,,,,,False,False
previously_viewed_2025_2026,cci_m1_chop_m5,personal,cost1,ETHUSDT,256,1,-0.40358015589325,-2.9680722390932424,0.28125,0.9969995296829165,96.97345704000001,-4.537523115893,121080.3595,68,True,,,,,,,,,,,False,False
previously_viewed_2025_2026,cci_m1_chop_m5,personal,cost2,PORTFOLIO,476,1,-748.7362057227858,-749.8084987659857,0.20378151260504201,0.5307366825973145,275.51527255200006,-15.532063170786401,172190.63686,82,True,,,,,,,,,,,False,False
previously_viewed_2025_2026,cci_m1_chop_m5,personal,cost2,BTCUSDT,220,0,-586.6496678104232,-586.6496678104232,0.17272727272727273,0.28189539498035476,154.37014375200002,-8.262254058423402,96584.46866000001,56,True,,,,,,,,,,,False,False
previously_viewed_2025_2026,cci_m1_chop_m5,personal,cost2,ETHUSDT,256,1,-162.08653791236253,-163.15883095556254,0.23046875,0.7910630672914377,121.14512880000001,-7.269809112363,75606.1682,68,True,,,,,,,,,,,False,False
previously_viewed_2025_2026,cci_m1_chop_m5,public,cost1,PORTFOLIO,476,1,-568.1324635129645,-570.2153392489645,0.24369747899159663,0.6971951667493324,304.978399788,-7.7217237249648,254133.40432000003,82,True,,,,,,,,,,,False,False
previously_viewed_2025_2026,cci_m1_chop_m5,public,cost1,BTCUSDT,220,0,-538.5939857045312,-538.5939857045312,0.20909090909090908,0.42616505633966206,171.462506928,-3.5486387765318,142993.98742000002,56,True,,,,,,,,,,,False,False
previously_viewed_2025_2026,cci_m1_chop_m5,public,cost1,ETHUSDT,256,1,-29.538477808433242,-31.621353544433237,0.2734375,0.9665214154873891,133.51589286,-4.173084948433001,111139.41690000001,68,True,,,,,,,,,,,False,False
previously_viewed_2025_2026,cci_m1_chop_m5,public,cost2,PORTFOLIO,476,1,-780.8528003670814,-781.5243019158814,0.19957983193277312,0.4916444662209244,369.71219868,-14.267201687082,154042.47428000002,82,True,,,,,,,,,,,False,False
previously_viewed_2025_2026,cci_m1_chop_m5,public,cost2,BTCUSDT,220,0,-595.4004724301309,-595.4004724301309,0.16818181818181818,0.24760273704315072,206.7595584,-7.682414030131,86245.51278,56,True,,,,,,,,,,,False,False
previously_viewed_2025_2026,cci_m1_chop_m5,public,cost2,ETHUSDT,256,1,-185.45232793695058,-186.12382948575058,0.2265625,0.750510875864142,162.95264028,-6.584787656951001,67796.9615,68,True,,,,,,,,,,,False,False
previously_viewed_2025_2026,cci_m1_chop_m3,personal,cost1,PORTFOLIO,510,1,-530.5130269103992,-533.0775189935993,0.25098039215686274,0.7340458256741095,239.49654449200003,-8.5583724183987,299377.92678000004,82,True,,,,,,,,,,,False,False
previously_viewed_2025_2026,cci_m1_chop_m3,personal,cost1,BTCUSDT,233,0,-498.83204325113655,-498.83204325113655,0.24034334763948498,0.47526365490056127,130.82682761200002,-4.1303056391367,163660.67708000002,56,True,,,,,,,,,,,False,False
previously_viewed_2025_2026,cci_m1_chop_m3,personal,cost1,ETHUSDT,277,1,-31.680983659262644,-34.24547574246264,0.259927797833935,0.9675017119623167,108.66971688000001,-4.428066779262,135717.24970000001,71,True,,,,,,,,,,,False,False
previously_viewed_2025_2026,cci_m1_chop_m3,personal,cost2,PORTFOLIO,510,1,-769.6797847686165,-770.3946467974165,0.1980392156862745,0.5234620658346154,289.848737968,-15.6913468006171,181178.79494000002,82,True,,,,,,,,,,,False,False
previously_viewed_2025_2026,cci_m1_chop_m3,personal,cost2,BTCUSDT,233,0,-568.4011800580171,-568.4011800580171,0.17167381974248927,0.2886614415940879,157.98507492800002,-8.842005130017101,98858.50084000001,56,True,,,,,,,,,,,False,False
previously_viewed_2025_2026,cci_m1_chop_m3,personal,cost2,ETHUSDT,277,1,-201.27860471059944,-201.99346673939942,0.22021660649819494,0.7529405616571455,131.86366304,-6.8493416706,82320.2941,71,True,,,,,,,,,,,False,False
previously_viewed_2025_2026,cci_m1_chop_m3,public,cost1,PORTFOLIO,510,1,-583.5791120410896,-585.6619877770896,0.2411764705882353,0.695813901256712,328.42354665,-8.0691753910892,273692.79753000004,82,True,,,,,,,,,,,False,False
previously_viewed_2025_2026,cci_m1_chop_m3,public,cost1,BTCUSDT,233,0,-520.1778639906321,-520.1778639906321,0.22746781115879827,0.4363011463498693,179.69464311000002,-4.0209308806322,149864.01193,56,True,,,,,,,,,,,False,False
previously_viewed_2025_2026,cci_m1_chop_m3,public,cost1,ETHUSDT,277,1,-63.40124805045757,-65.48412378645756,0.2527075812274368,0.9346822513495605,148.72890354,-4.048244510457,123828.7856,71,True,,,,,,,,,,,False,False
previously_viewed_2025_2026,cci_m1_chop_m3,public,cost2,PORTFOLIO,510,1,-814.06473215291,-814.73623370171,0.19215686274509805,0.46953863019202324,382.109916744,-14.1048554089105,159236.40696000002,82,True,,,,,,,,,,,False,False
previously_viewed_2025_2026,cci_m1_chop_m3,public,cost2,BTCUSDT,233,0,-574.9181022344785,-574.9181022344785,0.1630901287553648,0.24969732183622348,208.47815534400002,-8.131286890478501,86974.84436,56,True,,,,,,,,,,,False,False
previously_viewed_2025_2026,cci_m1_chop_m3,public,cost2,ETHUSDT,277,1,-239.1466299184315,-239.8181314672315,0.21660649819494585,0.6884074325749746,173.6317614,-5.973568518432001,72261.5626,71,True,,,,,,,,,,,False,False
previously_viewed_2025_2026,cci_m1_chop_m1,personal,cost1,PORTFOLIO,640,1,-677.9762371155351,-707.907826775335,0.225,0.6729500887285966,272.47009302000004,-9.346034095535801,340588.33737,82,True,,,,,,,,,,,False,False
previously_viewed_2025_2026,cci_m1_chop_m1,personal,cost1,BTCUSDT,289,0,-603.8527225082203,-603.8527225082203,0.20069204152249134,0.42526933162156627,149.71173286,-5.0892796482208,187284.64017000003,57,True,,,,,,,,,,,False,False
previously_viewed_2025_2026,cci_m1_chop_m1,personal,cost1,ETHUSDT,351,1,-74.12351460731479,-104.05510426711473,0.245014245014245,0.9065810684379687,122.75836016000001,-4.256754447315,153303.6972,71,True,,,,,,,,,,,False,False
previously_viewed_2025_2026,cci_m1_chop_m1,personal,cost2,PORTFOLIO,613,1,-855.3023427903572,-857.3275975935572,0.19738988580750408,0.48272048083572716,305.56757809600003,-15.626344694357401,191005.08248,82,True,,,,,,,,,,,False,False
previously_viewed_2025_2026,cci_m1_chop_m1,personal,cost2,BTCUSDT,279,0,-616.6060906372334,-616.6060906372334,0.16129032258064516,0.2632090267176325,168.68333241600004,-9.5772382212334,105559.44988000001,56,True,,,,,,,,,,,False,False
previously_viewed_2025_2026,cci_m1_chop_m1,personal,cost2,ETHUSDT,334,1,-238.69625215312385,-240.72150695632388,0.2275449101796407,0.706615073178853,136.88424568000002,-6.0491064731240005,85445.6326,71,True,,,,,,,,,,,False,False
previously_viewed_2025_2026,cci_m1_chop_m1,public,cost1,PORTFOLIO,638,1,-730.4129524243134,-754.1882107121534,0.21786833855799373,0.631482586731025,365.449465764,-8.620726660314,304550.13142000005,82,True,,,,,,,,,,,False,False
previously_viewed_2025_2026,cci_m1_chop_m1,public,cost1,BTCUSDT,288,0,-607.5490008566657,-607.5490008566657,0.1909722222222222,0.3926197418612633,200.267403444,-4.898237412666,167025.78582000002,57,True,,,,,,,,,,,False,False
previously_viewed_2025_2026,cci_m1_chop_m1,public,cost1,ETHUSDT,350,1,-122.86395156764776,-146.6392098554877,0.24,0.8598456198827873,165.18206232,-3.7224892476480003,137524.3456,71,True,,,,,,,,,,,False,False
previously_viewed_2025_2026,cci_m1_chop_m1,public,cost2,PORTFOLIO,588,1,-874.4984793022921,-875.8055426110922,0.18877551020408162,0.4289138975905867,391.31115168,-13.7424676222923,163080.24021000002,82,True,,,,,,,,,,,False,False
previously_viewed_2025_2026,cci_m1_chop_m1,public,cost2,BTCUSDT,269,0,-600.8057758495962,-600.8057758495962,0.15985130111524162,0.2291664575948714,215.63500212,-8.7936137295963,89970.94001,57,True,,,,,,,,,,,False,False
previously_viewed_2025_2026,cci_m1_chop_m1,public,cost2,ETHUSDT,319,1,-273.692703452696,-274.99976676149595,0.21316614420062696,0.6353539329913164,175.67614956,-4.948853892696,73109.3002,71,True,,,,,,,,,,,False,False
