symbol,side,event_id,state,entry_ms,exit_ms,entry_utc,exit_utc,entry,exit,qty,notional_usdt,margin_usdt,leverage,initial_guard,last_guard,planned_guard_risk_usdt,volume_ratio,reason,censored,gross_usdt,fees_usdt,funding_usdt,entry_fees_usdt,net_usdt,net_bps,cost_multiplier,exit_intraminute
BTCUSDT,long,7bcbab7c4709c13908bf32cd09dd68e30ef9e817d550077dcff827ecc3b61115,BTCUSDT|long|high_volume,1735692960000,1735719960000,2025-01-01T00:56:00+00:00,2025-01-01T08:26:00+00:00,94266.8,93422.40000000001,0.0081,763.56108,152.71221599999998,5,93145.0,93501.9,10.335057624,5.312424688713349,exchange_guard_proxy_touch,False,-6.839639999999952,0.608113008,-0.075865167,0.305424432,-7.523618174999952,-98.53328531359865,1,True
BTCUSDT,long,be22ff071a8985e579ce95e3bf97c3ff6e44ed308ba7c1797681e4ae1157ac4d,BTCUSDT|long|confirmed_volume,1735765560000,1735867020000,2025-01-01T21:06:00+00:00,2025-01-03T01:17:00+00:00,94870.40000000001,96560.40000000001,0.0079,749.4761600000002,149.89523200000002,5,93729.09999999999,96642.59999999999,10.241622568000002,1.9598958871672476,exchange_guard_proxy_touch,False,13.351,0.6049213280000001,-0.303195996,0.2997904640000001,12.442882676000002,166.02106030964347,1,True
BTCUSDT,long,91bc3978b374693d71a1d8a344e7427f3a3c50801750370f62153b30371fe990,BTCUSDT|long|high_volume,1735870860000,1735880880000,2025-01-03T02:21:00+00:00,2025-01-03T05:08:00+00:00,97324.20000000001,96560.40000000001,0.012400000000000001,1206.8200800000002,241.36401600000005,5,96642.59999999999,96642.59999999999,10.432787616000038,3.8630733069984373,exchange_guard_proxy_touch,False,-9.471120000000036,0.9616676160000004,0.0,0.4827280320000001,-10.432787616000036,-86.44857496902135,1,True
BTCUSDT,long,cb69773771d428dc5d4670cf300f46bef7b2edad45b2b74eb433d782d1599986,BTCUSDT|long|high_volume,1735921560000,1735982100000,2025-01-03T16:26:00+00:00,2025-01-04T09:15:00+00:00,98396.5,97678.90000000001,0.0048000000000000004,472.30320000000006,94.46064000000001,5,96422.4,97762.0,10.24317484799996,4.76497436385377,exchange_guard_proxy_touch,False,-3.4444799999999582,0.3764647680000001,-0.0834271557264,0.18892128000000002,-3.9043719237263583,-82.66664133815647,1,True
BTCUSDT,long,78539bba592434a032de646bf60ef3d33f7baf7a4d1a2f0fb2be0fae7c14e131,BTCUSDT|long|high_volume,1736013660000,1736064180000,2025-01-04T18:01:00+00:00,2025-01-05T08:03:00+00:00,98040.3,97917.6,0.014100000000000001,1382.3682300000003,276.47364600000003,5,97471.9,98001.0,10.285551252000042,4.258612524484082,exchange_guard_proxy_touch,False,-1.7300699999999591,1.1052025560000003,-0.27692188500000003,0.5529472920000001,-3.11219444099996,-22.513498020711598,1,True
BTCUSDT,long,50b3805fd90c1abfb4ee92e42c4185b23b1c48af867b04c10cc905c383699bc4,BTCUSDT|long|confirmed_volume,1736116260000,1736221560000,2025-01-05T22:31:00+00:00,2025-01-07T03:46:00+00:00,98591.20000000001,101464.70000000001,0.008400000000000001,828.1660800000002,165.63321600000003,5,97529.9,101551.09999999999,10.270808016000027,1.604500441825424,exchange_guard_proxy_touch,False,24.137400000000003,0.6721878240000001,-0.33760036800000004,0.33126643200000006,23.127611808,279.2629687030891,1,True
BTCUSDT,long,679caecc94db2db375c697706025e9109969232831611a441c2edc0ccd107fbf,BTCUSDT|long|high_volume,1736532060000,1736615700000,2025-01-10T18:01:00+00:00,2025-01-11T17:15:00+00:00,95496.3,93920.0,0.003,286.4889,57.29778,5,92173.5,93999.9,10.428709679999992,6.377031985380182,exchange_guard_proxy_touch,False,-4.728900000000009,0.22729956,-0.034976581086,0.11459556000000001,-4.991176141086009,-174.21883155284584,1,True
BTCUSDT,long,b60bf6131cf984220dbbff75391e380091197eb6d221ae04cd25268d07cd3a3f,BTCUSDT|long|confirmed_volume,1736742060000,1736750280000,2025-01-13T04:21:00+00:00,2025-01-13T06:38:00+00:00,94690.0,93772.1,0.009300000000000001,880.6170000000001,176.1234,5,93727.29999999999,93851.9,10.394935871999946,1.7102077465848053,exchange_guard_proxy_touch,False,-8.536469999999946,0.7010790120000002,0.0,0.3522468000000001,-9.237549011999947,-104.89859964093297,1,True
BTCUSDT,long,31396248ccc701038c2947117b5ab7a506ce2396481b54c88b98f1a9bd709d12,BTCUSDT|long|high_volume,1736814060000,1736870640000,2025-01-14T00:21:00+00:00,2025-01-14T16:04:00+00:00,94819.5,95634.3,0.0027,256.01265,51.20253,5,91207.7,95715.7,10.162205567999985,3.8684968785016807,exchange_guard_proxy_touch,False,2.199960000000008,0.20569010399999998,-0.0503228141856,0.10240506000000002,1.943947081814408,75.931680790555,1,True
BTCUSDT,long,d0a4c34ec0effbc1cdc7ca40b5a8e83fcc36a6a58a5ffc226af8a1f26f73b4f2,BTCUSDT|long|high_volume,1736895960000,1736935320000,2025-01-14T23:06:00+00:00,2025-01-15T10:02:00+00:00,96745.5,96606.90000000001,0.0129,1248.01695,249.60339,5,96100.0,96689.09999999999,10.375541207999962,2.040137107474569,exchange_guard_proxy_touch,False,-1.7879399999998873,0.9976983840000001,-0.17245482746039997,0.49920678,-2.9580932114602874,-23.70234804471436,1,True
BTCUSDT,long,00fc0222eec7457b3970b4bb56243088b79d0304103b2e9445fbcffce6f298e4,BTCUSDT|long|high_volume,1736945160000,1737016980000,2025-01-15T12:46:00+00:00,2025-01-16T08:43:00+00:00,97080.70000000001,99022.40000000001,0.0154,1495.0427800000002,299.00855600000006,5,96689.09999999999,99106.7,8.489635616000045,4.3790104376753405,exchange_guard_proxy_touch,False,29.902179999999955,1.2079950960000003,-0.21657277444880002,0.5980171120000001,28.477612129551154,190.48024919762597,1,True
BTCUSDT,long,3f6035ff66c05d6922e233aef985102d3886bf00dacda8bb862c1d0a7fd95c53,BTCUSDT|long|high_volume,1737077760000,1737171360000,2025-01-17T01:36:00+00:00,2025-01-18T03:36:00+00:00,100827.90000000001,103936.20000000001,0.0063,635.21577,127.043154,5,99326.2,104024.7,10.49723539199998,4.13997183406758,exchange_guard_proxy_touch,False,19.582290000000018,0.5160055320000001,-0.12640084274160002,0.25408630800000004,18.939883625258418,298.1645689504594,1,True
BTCUSDT,long,480156e27fa6a511970e91a0c84a7661938872c10cc0da30f0bddf41cd186a71,BTCUSDT|long|confirmed_volume,1737229560000,1737277680000,2025-01-18T19:46:00+00:00,2025-01-19T09:08:00+00:00,104442.70000000001,104125.90000000001,0.007200000000000001,751.9874400000001,150.397488,5,103109.9,104214.5,10.825098912000001,1.8904215105428535,exchange_guard_proxy_touch,False,-2.280960000000021,0.6006775680000002,-0.15096679200000002,0.30079497600000005,-3.0326043600000214,-40.32785919935074,1,True
BTCUSDT,long,e90545f397ec42cd3bfa480d94d3cf72f290120a2ee323d47ad521997866c6d3,BTCUSDT|long|high_volume,1737280560000,1737287820000,2025-01-19T09:56:00+00:00,2025-01-19T11:57:00+00:00,105397.70000000001,104125.90000000001,0.0079,832.6418300000001,166.52836600000003,5,104214.5,104214.5,10.709314576000024,2.4452432700496005,exchange_guard_proxy_touch,False,-10.047220000000024,0.6620945760000002,0.0,0.33305673200000013,-10.709314576000024,-128.6185030603137,1,True
BTCUSDT,long,7357bdcc508b333abbfab77214d4797c3d015d9b688cec5d92533620ea706e16,BTCUSDT|long|confirmed_volume,1737315360000,1737322080000,2025-01-19T19:36:00+00:00,2025-01-19T21:28:00+00:00,105467.1,104399.8,0.009300000000000001,980.8440300000002,196.16880600000005,5,104488.7,104488.7,10.706594868000028,1.6326585124637583,exchange_guard_proxy_touch,False,-9.925890000000027,0.7807048680000002,0.0,0.39233761200000006,-10.706594868000028,-109.15695605549055,1,True
BTCUSDT,long,7a1344cea5d4cbbd29bc8423a5c86f797fe021eedade0f4f675783662a63e119,BTCUSDT|long|confirmed_volume,1737450360000,1737520980000,2025-01-21T09:06:00+00:00,2025-01-22T04:43:00+00:00,102787.3,105310.5,0.0057,585.88761,117.177522,5,101102.7,105400.09999999999,10.557093119999951,1.9159623200539133,exchange_guard_proxy_touch,False,14.382239999999983,0.47446298400000003,-0.11972536500000001,0.23435504400000004,13.788051650999982,235.33611934548304,1,True
BTCUSDT,long,61724b717c41386f3a44d4eace0acca4f53ea6b9b69dba9c4d6e854c03bbf912,BTCUSDT|long|confirmed_volume,1737526260000,1737527220000,2025-01-22T06:11:00+00:00,2025-01-22T06:27:00+00:00,105987.0,105310.5,0.014100000000000001,1494.4167000000002,298.88334000000003,5,105400.09999999999,105400.09999999999,10.730367900000001,1.7588457687041468,exchange_guard_proxy_touch,False,-9.53865,1.1917179000000002,0.0,0.5977666800000001,-10.730367900000001,-71.80305131761442,1,True
BTCUSDT,long,33593c33f95565b0f336893f560fb8be127f256ea8d3ddc7e3f3e593aafc9560,BTCUSDT|long|confirmed_volume,1737648960000,1737759840000,2025-01-23T16:16:00+00:00,2025-01-24T23:04:00+00:00,106777.5,104533.90000000001,0.0018000000000000002,192.19950000000003,38.43990000000001,5,101279.7,104622.9,10.20075919199999,1.7206454175700159,exchange_guard_proxy_touch,False,-4.038479999999985,0.15214420800000003,-0.0330409804374,0.0768798,-4.223665188437385,-219.7542235248991,1,True
BTCUSDT,long,9cbfc6db83b0e1d2a46c7133bd2160e6c4090b2cbb7eec30e824c9ef8be99e15,BTCUSDT|long|high_volume,1737842760000,1737884040000,2025-01-25T22:06:00+00:00,2025-01-26T09:34:00+00:00,105257.5,104372.70000000001,0.0103,1084.15225,216.83045,5,104410.7,104461.5,10.500147127999911,2.9501547012345886,exchange_guard_proxy_touch,False,-9.11343999999988,0.8636764240000002,-0.198301762078,0.4336609,-10.175418186077879,-93.85598919411805,1,True
BTCUSDT,long,8765d13ad313a88868ac1ec8a5da0cec569cbf5bcc58a7ba2f1f94390b77ae15,BTCUSDT|long|high_volume,1738009560000,1738073040000,2025-01-27T20:26:00+00:00,2025-01-28T14:04:00+00:00,100366.20000000001,102265.20000000001,0.0045000000000000005,451.6479000000001,90.32958000000002,5,98199.9,102352.2,10.481368680000013,3.216663402891546,exchange_guard_proxy_touch,False,8.5455,0.3647365200000001,-0.06308291115900001,0.18065916000000004,8.117680568841,179.73471301075455,1,True
BTCUSDT,long,cde1778f75d007f68444a6a3ca56013fcaf51136c6a64d32445c18302925fd99,BTCUSDT|long|high_volume,1738076760000,1738080420000,2025-01-28T15:06:00+00:00,2025-01-28T16:07:00+00:00,103230.40000000001,102265.20000000001,0.01,1032.304,206.4608,5,102352.2,102352.2,10.47398239999997,3.106174089530918,exchange_guard_proxy_touch,False,-9.65199999999997,0.8219824000000001,-0.10116909488000002,0.41292160000000006,-10.57515149487997,-102.44222142779617,1,True
BTCUSDT,long,d335ae3600686a2148d6802f431ad72ea710534ba165711578118ed84dc90446,BTCUSDT|long|high_volume,1738206060000,1738245840000,2025-01-30T03:01:00+00:00,2025-01-30T14:04:00+00:00,104638.6,104673.70000000001,0.0066,690.61476,138.122952,5,103224.4,104762.79999999999,10.461726528,2.315832159221416,exchange_guard_proxy_touch,False,0.23166000000003842,0.552584472,-0.069356232,0.276245904,-0.3902807039999617,-5.6512071071281715,1,True
BTCUSDT,long,11b0161526e45b87c68f2aaf8a26097af47a4209c87a0acdb349a34c853c645b,BTCUSDT|long|high_volume,1738248660000,1738261620000,2025-01-30T14:51:00+00:00,2025-01-30T18:27:00+00:00,105856.40000000001,104673.70000000001,0.0082,868.0224800000002,173.60449600000004,5,104762.79999999999,104762.79999999999,10.388678727999977,7.0648050802710305,exchange_guard_proxy_touch,False,-9.698139999999977,0.6905387280000002,-0.0821909600092,0.3472089920000001,-10.470869688009177,-120.62901513805465,1,True
BTCUSDT,long,b711467996f9af8091bd499380b21aa46e4dad48c9d7727bbae64440d739eaa8,BTCUSDT|long|confirmed_volume,1738277160000,1738281300000,2025-01-30T22:46:00+00:00,2025-01-30T23:55:00+00:00,105339.5,104615.0,0.0128,1348.3456,269.66912,5,104704.0,104704.0,10.34856704,1.561009781851218,exchange_guard_proxy_touch,False,-9.2736,1.0749670400000002,0.0,0.5393382400000001,-10.34856704,-76.75010798418447,1,True
BTCUSDT,long,58aaa1b7ce14a07a574c5d3dd262ed6bf2ca99bb1ac4e801ca03bfd16d9d86e6,BTCUSDT|long|confirmed_volume,1738326360000,1738347960000,2025-01-31T12:26:00+00:00,2025-01-31T18:26:00+00:00,104839.1,103961.40000000001,0.0091,954.0358100000001,190.807162,5,103888.5,104049.9,10.214346688000001,1.7724926138038752,exchange_guard_proxy_touch,False,-7.9870699999999735,0.7600338200000001,-0.095920279,0.38161432400000006,-8.843024098999972,-92.69069364387876,1,True
ETHUSDT,short,8af1a0d9d8e396f5b13c786e929a274d85327bf0dec29f22a14218bc130d6688,ETHUSDT|short|high_volume,1738547160000,1738567560000,2025-02-03T01:46:00+00:00,2025-02-03T07:26:00+00:00,2694.79,2567.2000000000003,0.02,53.8958,10.779160000000001,5,3100.3700000000003,2565.01,8.210782400000005,2.9688353400938023,exchange_guard_proxy_touch,False,2.551799999999994,0.04209592,0.0,0.021558320000000002,2.509704079999994,465.6585633759948,1,True
BTCUSDT,long,4e9460a0b5de6ac0cae239478ff9b89aeef36707ee863ecbfae742fb46c852a9,BTCUSDT|long|high_volume,1738594860000,1738656240000,2025-02-03T15:01:00+00:00,2025-02-04T08:04:00+00:00,96371.90000000001,98099.40000000001,0.0056,539.68264,107.936528,5,94716.4,98182.9,10.150017248000033,2.8813086331511464,exchange_guard_proxy_touch,False,9.674,0.43561571200000004,-0.0790962552352,0.21587305600000004,9.159288032764799,169.7161878833975,1,True
BTCUSDT,long,cacf4d59b6978e321c39b802c7c98e108c9f2a12ceb442dc840290f138d74a98,BTCUSDT|long|confirmed_volume,1738665960000,1738699920000,2025-02-04T10:46:00+00:00,2025-02-04T20:12:00+00:00,98890.3,98132.1,0.0118,1166.90554,233.38110799999998,5,98182.9,98215.59999999999,10.26241138399993,1.7565034448119334,exchange_guard_proxy_touch,False,-8.946759999999966,0.9299457280000001,-0.048491728182,0.466762216,-9.925197456181966,-85.05570601868911,1,True
ETHUSDT,short,ea4718d68ba5f729489d586b7591e9921f6c38e9b2790b8482ba37a7bb97943a,ETHUSDT|short|high_volume,1738698960000,1738734900000,2025-02-04T19:56:00+00:00,2025-02-05T05:55:00+00:00,2792.69,2773.9500000000003,0.18,502.6842,100.53684,5,2844.69,2771.59,10.201665600000013,4.728645562359093,exchange_guard_proxy_touch,False,3.3731999999999607,0.40079808,-0.040929605531999994,0.20107368000000003,2.931472314467961,58.31638063157666,1,True
BTCUSDT,long,2374213d4f0554da11af436b2dd98276ad66fbfc97c46b0ce0ff3b4ada7731ca,BTCUSDT|long|high_volume,1738757160000,1738779120000,2025-02-05T12:06:00+00:00,2025-02-05T18:12:00+00:00,98305.5,97123.20000000001,0.0081,796.27455,159.25491,5,97205.9,97205.9,10.209818987999904,5.381104734677289,exchange_guard_proxy_touch,False,-9.576629999999906,0.633188988,-0.012788434953,0.31850982,-10.222607422952906,-128.38043640793123,1,True
ETHUSDT,short,d9d1264ff3801bcd49cbe6ff1369e1f8c97dd8bf65cf89aa06d8ddb37b40f9c7,ETHUSDT|short|high_volume,1738880160000,1738893180000,2025-02-06T22:16:00+00:00,2025-02-07T01:53:00+00:00,2666.63,2728.42,0.15,399.9945,79.9989,5,2726.1000000000004,2726.1000000000004,9.592202999999994,5.097600377283495,exchange_guard_proxy_touch,False,-9.268499999999994,0.323703,0.009824023710000001,0.15999780000000002,-9.582378976289995,-239.5627683953153,1,True
ETHUSDT,short,ed421b9890fa8d4e6e71d5286f0d92e6708f2278c44a4532c6acee73128c7fc7,ETHUSDT|short|confirmed_volume,1738899660000,1738901280000,2025-02-07T03:41:00+00:00,2025-02-07T04:08:00+00:00,2705.09,2728.42,0.39,1054.9851,210.99702000000002,5,2726.1000000000004,2726.1000000000004,9.946327559999972,1.7572704029191846,exchange_guard_proxy_touch,False,-9.098699999999972,0.8476275600000001,0.0,0.4219940400000001,-9.946327559999972,-94.27931787851763,1,True
BTCUSDT,long,0ce4e3550c210c33a3301090c3f488726d9b1270692767704db76c5a96e47056,BTCUSDT|long|confirmed_volume,1738920060000,1738948860000,2025-02-07T09:21:00+00:00,2025-02-07T17:21:00+00:00,97375.8,97067.3,0.0099,964.0204200000001,192.80408400000002,5,96536.4,97149.9,9.890417196000001,1.705449715138383,exchange_guard_proxy_touch,False,-3.0541500000000004,0.7699946760000002,-0.05026174913430001,0.3856081680000001,-3.8744064251343002,-40.19008669063566,1,True
BTCUSDT,long,87356eb148d6cab7afe2719761cb9e615fca9391dc2e5601c482d785fa215bf3,BTCUSDT|long|high_volume,1739022060000,1739028600000,2025-02-08T13:41:00+00:00,2025-02-08T15:30:00+00:00,96379.0,95723.40000000001,0.012,1156.548,231.3096,5,95714.29999999999,95804.9,9.874857119999895,5.219880882588074,exchange_guard_proxy_touch,False,-7.867199999999896,0.9220915200000002,0.0,0.4626192,-8.789291519999896,-75.99590782224254,1,True
ETHUSDT,short,10dadeac5ce7b3d6cbd4987b563be3ce1d68ca37d41e1fc577c26edf76e2646b,ETHUSDT|short|high_volume,1738990560000,1739039400000,2025-02-08T04:56:00+00:00,2025-02-08T18:30:00+00:00,2629.08,2637.94,0.23,604.6884,120.93768,5,2667.1600000000003,2635.69,9.767962919999981,2.9664096159579323,exchange_guard_proxy_touch,False,-2.0378000000000296,0.48456584000000014,0.09912856792800001,0.24187536000000004,-2.4232372720720297,-40.07414847170923,1,True
BTCUSDT,long,046fb3a2a8c09f1694292a240242ebbdd1e34a42fbb2d180fcfa5374d00c1458,BTCUSDT|long|confirmed_volume,1739034660000,1739060640000,2025-02-08T17:11:00+00:00,2025-02-09T00:24:00+00:00,96321.5,96229.6,0.0145,1396.66175,279.33235,5,95804.9,96311.5,9.786310419999873,1.64488047575073,exchange_guard_proxy_touch,False,-1.3325499999999157,1.1167963800000003,-0.054143533019999995,0.5586647000000001,-2.503489913019916,-17.924811881043613,1,True
BTCUSDT,long,9614ff807e614897e528c72dd5e3d5ac6310f7ecdc2ea8edd0b694df5dbf47ce,BTCUSDT|long|high_volume,1739063760000,1739095260000,2025-02-09T01:16:00+00:00,2025-02-09T10:01:00+00:00,96744.1,96655.90000000001,0.0155,1499.53355,299.90671000000003,5,96311.5,96738.2,9.17118694,3.6608652679814897,exchange_guard_proxy_touch,False,-1.367099999999955,1.19908,-0.14436576,0.5998134200000002,-2.7105457599999547,-18.075926077145485,1,True
ETHUSDT,short,59c15efb01310954f75bb0fedbe214862145e2287d2016533a312ebf9ef8a8ad,ETHUSDT|short|high_volume,1739104860000,1739145960000,2025-02-09T12:41:00+00:00,2025-02-10T00:06:00+00:00,2648.03,2652.07,0.33,873.8499000000002,174.76998000000003,5,2672.42,2649.8100000000004,9.503700360000025,3.9327827444975054,exchange_guard_proxy_touch,False,-1.333199999999988,0.6996132000000002,0.05182646096100001,0.34953996000000004,-1.9809867390389881,-22.669645428110567,1,True
ETHUSDT,short,3a50b3c09d8e6bd36efc575d50c815b53d597d69f881fb40fe80064b6ab5301e,ETHUSDT|short|high_volume,1739151960000,1739166300000,2025-02-10T01:46:00+00:00,2025-02-10T05:45:00+00:00,2559.85,2652.07,0.1,255.985,51.197,5,2649.8100000000004,2649.8100000000004,9.430476800000026,14.352502003835507,exchange_guard_proxy_touch,False,-9.222000000000026,0.20847680000000002,0.0,0.10239400000000001,-9.430476800000026,-368.39958591323807,1,True
BTCUSDT,long,768fcc77f5f5664e151f4cbbd6770a5a003b4fbbfbf3963093b9e2411072745a,BTCUSDT|long|high_volume,1739166660000,1739281620000,2025-02-10T05:51:00+00:00,2025-02-11T13:47:00+00:00,97523.5,97007.6,0.0046,448.6081,89.72162,5,95599.9,97090.2,9.577737463999973,5.91281241609563,exchange_guard_proxy_touch,False,-2.373139999999973,0.35793722400000005,-0.1253753018998,0.17944324,-2.856452525899773,-63.67367254179702,1,True
ETHUSDT,short,2ddd36c6f76a8207172a9e0abd4f976cb251724e6271a4b9a048fee60289806f,ETHUSDT|short|high_volume,1739276460000,1739347500000,2025-02-11T12:21:00+00:00,2025-02-12T08:05:00+00:00,2684.9,2625.64,0.22,590.678,118.1356,5,2724.0,2623.4100000000003,9.588587360000016,6.735241031233398,exchange_guard_proxy_touch,False,13.037200000000048,0.46732752000000005,0.04725063809400001,0.23627120000000001,12.61712311809405,213.6040807020754,1,True
BTCUSDT,long,ca2db284ad6d7ea488a9ce493a0b9bcf06532c02c6552e5dfd8ba51a3255784b,BTCUSDT|long|high_volume,1739344860000,1739365260000,2025-02-12T07:21:00+00:00,2025-02-12T13:01:00+00:00,96038.40000000001,95778.90000000001,0.008400000000000001,806.7225600000002,161.34451200000004,5,95049.9,95860.4,9.623905200000026,2.1938018717993994,exchange_guard_proxy_touch,False,-2.1798,0.6445061280000002,-0.039515865051600006,0.3226890240000001,-2.8638219930516002,-35.499465802116646,1,True
BTCUSDT,long,987f7fb08de7cae9ffaae5dcefc245c4758918ab4703082f9abb2b5da9df4c24,BTCUSDT|long|high_volume,1739366760000,1739367000000,2025-02-12T13:26:00+00:00,2025-02-12T13:30:00+00:00,96560.1,95778.90000000001,0.0112,1081.47312,216.29462400000003,5,95860.4,95860.4,9.611118719999968,7.082901618124967,exchange_guard_proxy_touch,False,-8.749439999999968,0.8616787200000001,0.0,0.432589248,-9.611118719999968,-88.87062047367361,1,True
BTCUSDT,long,ef26a4ea11a5833c7d0a264ec07fdcc58eab2f5d8e2191843aef47850635c8cd,BTCUSDT|long|confirmed_volume,1739399460000,1739428500000,2025-02-12T22:31:00+00:00,2025-02-13T06:35:00+00:00,98004.20000000001,96217.70000000001,0.0051,499.8214200000001,99.96428400000002,5,96299.59999999999,96299.59999999999,9.507362676000001,1.8418141742173444,exchange_guard_proxy_touch,False,-9.11115,0.3962126760000001,-0.04988631300000001,0.19992856800000003,-9.557248989,-191.21327351276778,1,True
ETHUSDT,short,d59704a3e47bb2462a25b95f1d8cc48d5ede235a97bbd1f652fa629f0e0cac65,ETHUSDT|short|high_volume,1739436660000,1739498700000,2025-02-13T08:51:00+00:00,2025-02-14T02:05:00+00:00,2662.18,2689.9,0.09,239.59619999999998,47.919239999999995,5,2756.5200000000004,2687.61,8.897257800000004,3.21965298948538,exchange_guard_proxy_touch,False,-2.4948000000000228,0.19267488,0.003021245856,0.09583848,-2.684453634144023,-112.04074330661436,1,True
BTCUSDT,long,23550b9d115e2fbe642c07334c47553b041068572150dc9cc100e499862ec694,BTCUSDT|long|high_volume,1739581560000,1739639940000,2025-02-15T01:06:00+00:00,2025-02-15T17:19:00+00:00,97605.40000000001,97294.1,0.0083,810.1248200000001,162.024964,5,96636.59999999999,97376.9,9.367910536,2.1149897836094635,exchange_guard_proxy_touch,False,-2.583790000000024,0.6470663400000001,-0.05688441854489999,0.32404992800000004,-3.2877407585449236,-40.58313826929686,1,True
BTCUSDT,long,9df2cb53d65ffe8cab84646989c233060ebe1541e55eaac606420842631b59d1,BTCUSDT|long|confirmed_volume,1739646360000,1739652480000,2025-02-15T19:06:00+00:00,2025-02-15T20:48:00+00:00,97683.0,97294.1,0.015300000000000001,1494.5499000000002,298.90998,5,97376.9,97376.9,7.143429851999912,1.694834925325103,exchange_guard_proxy_touch,False,-5.950169999999911,1.1932598520000002,0.0,0.59781996,-7.143429851999912,-47.79652959061394,1,True
ETHUSDT,short,544a3d9d962370f92447e551bbf32882fc2e10f73903c2286da0eca636eccd27,ETHUSDT|short|high_volume,1739601360000,1739684400000,2025-02-15T06:36:00+00:00,2025-02-16T05:40:00+00:00,2709.02,2707.31,0.28,758.5256,151.70512000000002,5,2738.01,2705.01,9.379928320000047,3.0287026605984564,exchange_guard_proxy_touch,False,0.4788000000000102,0.6066289600000001,0.06429680874400001,0.30341024000000005,-0.06353215125598988,-0.8375742526816481,1,True
BTCUSDT,long,95abf88cc0e86d745c834de95eafcc41eb5a407df1f13346948f5dd806393ff8,BTCUSDT|long|high_volume,1739685060000,1739689740000,2025-02-16T05:51:00+00:00,2025-02-16T07:09:00+00:00,97677.8,97293.1,0.015300000000000001,1494.47034,298.894068,5,97375.9,97375.9,7.079131907999956,4.134079561354291,exchange_guard_proxy_touch,False,-5.885909999999956,1.1932219080000004,0.0,0.597788136,-7.079131907999956,-47.368835088423076,1,True
ETHUSDT,short,fbabf5972e6a7ef70348c701e786d155f8c8ca2b276d5934f0b3359b42115aff,ETHUSDT|short|high_volume,1739714760000,1739773860000,2025-02-16T14:06:00+00:00,2025-02-17T06:31:00+00:00,2678.18,2685.5,0.24,642.7632,128.55264,5,2711.88,2683.21,9.160067520000052,12.514975583982507,exchange_guard_proxy_touch,False,-1.7568000000000392,0.51491328,0.047693521175999995,0.25710528,-2.2240197588240394,-34.60091926270887,1,True
BTCUSDT,long,66c07c7a78fe9567389e96d871ab5d342c756e811952104f0192497f0817383e,BTCUSDT|long|high_volume,1739873160000,1739890200000,2025-02-18T10:06:00+00:00,2025-02-18T14:50:00+00:00,95839.8,95427.5,0.015600000000000001,1495.1008800000002,299.02017600000005,5,95508.7,95508.7,7.625387952000046,2.1196190151922214,exchange_guard_proxy_touch,False,-6.431880000000046,1.193507952,0.0,0.598040352,-7.625387952000046,-51.00249791840163,1,True
ETHUSDT,short,10670426035977e573c0ed4e9f48f4ebde694fe88074a21925b049a08e2c9f8e,ETHUSDT|short|high_volume,1739838360000,1739947800000,2025-02-18T00:26:00+00:00,2025-02-19T06:50:00+00:00,2720.4,2701.43,0.15,408.06,81.612,5,2777.21,2699.13,9.206998799999976,6.853607587066346,exchange_guard_proxy_touch,False,2.845500000000038,0.3253098,0.03530525163,0.163224,2.5554954516300383,62.6254828120874,1,True
BTCUSDT,long,25967806b91bccd0d788b87a8e45c8880d6eba0202e0cea3a84ca74d6e7e870f,BTCUSDT|long|high_volume,1739947860000,1739992200000,2025-02-19T06:51:00+00:00,2025-02-19T19:10:00+00:00,95588.0,95413.1,0.0126,1204.4088,240.88175999999999,5,95019.9,95494.29999999999,9.136396583999927,2.1509351372861123,exchange_guard_proxy_touch,False,-2.2037399999999265,0.962645544,-0.20200448942099997,0.48176352,-3.3683900334209262,-27.967165578837736,1,True
ETHUSDT,short,95ec9be166650b23e0efe3a4e2911f19344debe4f3e303be81cbd287612bc5a2,ETHUSDT|short|high_volume,1739988960000,1740006120000,2025-02-19T18:16:00+00:00,2025-02-19T23:02:00+00:00,2697.36,2732.96,0.24,647.3664,129.47328,5,2730.63,2730.63,9.065310719999978,2.4342701145944483,exchange_guard_proxy_touch,False,-8.543999999999977,0.5213107199999999,0.0,0.25894656000000005,-9.065310719999978,-140.03369220274607,1,True
ETHUSDT,short,c4e2aa29c331dbe4b0df6bdc8a0012dfbb9a793f547049ef61493c5e9387755c,ETHUSDT|short|high_volume,1740126060000,1740129360000,2025-02-21T08:21:00+00:00,2025-02-21T09:16:00+00:00,2746.4,2769.94,0.35000000000000003,961.2400000000001,192.24800000000002,5,2767.5800000000004,2767.5800000000004,9.011287599999989,2.6393216915865003,exchange_guard_proxy_touch,False,-8.238999999999988,0.7722876000000002,0.0,0.384496,-9.011287599999989,-93.74648995048051,1,True
BTCUSDT,long,78cd189d8ab611ef1b651fb8d1a5c9c279da28c8d8f1b9c0b7b6df2d37e4bfc9,BTCUSDT|long|high_volume,1740042960000,1740151500000,2025-02-20T09:16:00+00:00,2025-02-21T15:25:00+00:00,97221.5,97974.0,0.0142,1380.5453,276.10906,5,96743.7,98057.4,9.054674871999877,2.126356932110178,exchange_guard_proxy_touch,False,10.685500000000001,1.1087104400000003,-0.13461957078880002,0.55221812,9.442169989211202,68.39449592281544,1,True
ETHUSDT,short,4ea0a31a70677ddd633269965d2e71b361673c68a6febfca3ee42577c7814c0c,ETHUSDT|short|high_volume,1740212160000,1740213840000,2025-02-22T08:16:00+00:00,2025-02-22T08:44:00+00:00,2675.04,2689.7400000000002,0.53,1417.7712000000001,283.55424000000005,5,2687.4500000000003,2687.4500000000003,8.928333360000144,3.162450704727694,exchange_guard_proxy_touch,False,-7.791000000000145,1.1373333600000004,0.0,0.56710848,-8.928333360000146,-62.9744302888939,1,True
BTCUSDT,long,a287753024410d1e12a62044a12454619decaae4b8d89612b3db7b8a0a74c753,BTCUSDT|long|high_volume,1740226260000,1740275460000,2025-02-22T12:11:00+00:00,2025-02-23T01:51:00+00:00,96684.0,96251.8,0.0122,1179.5448000000001,235.90896000000004,5,96106.9,96333.7,8.977780895999858,2.6978596591274915,exchange_guard_proxy_touch,False,-5.272839999999965,0.941526704,-0.07571683572200001,0.47181792000000006,-6.290083539721965,-53.32636403231114,1,True
BTCUSDT,long,fcc4e51aafefd5551f4f77efc09007100fc83cec889f196c86edffe64f860525,BTCUSDT|long|confirmed_volume,1740281160000,1740286920000,2025-02-23T03:26:00+00:00,2025-02-23T05:02:00+00:00,96591.1,96251.8,0.0155,1497.1620500000001,299.43241,5,96333.7,96333.7,6.454775980000045,1.7570750164086328,exchange_guard_proxy_touch,False,-5.259150000000045,1.1956259800000002,0.0,0.5988648200000001,-6.454775980000045,-43.11340899938016,1,True
ETHUSDT,short,5e9b710880af4428b8d5a7c2d97f149030e4e02ed403dcc5f532e4b231b1589c,ETHUSDT|short|high_volume,1740269460000,1740288120000,2025-02-23T00:11:00+00:00,2025-02-23T05:22:00+00:00,2754.87,2776.9700000000003,0.33,909.1071000000001,181.82142000000002,5,2777.3100000000004,2774.61,8.917860599999981,5.091170045424189,exchange_guard_proxy_touch,False,-7.29300000000012,0.73020288,0.0,0.36364283999999997,-8.02320288000012,-88.25365988231881,1,True
ETHUSDT,short,92f436ca279213332a364e2f12e1bf7d5fa103907ceb76e1bc5cef87c9011736,ETHUSDT|short|high_volume,1740341760000,1740352440000,2025-02-23T20:16:00+00:00,2025-02-23T23:14:00+00:00,2795.61,2825.65,0.27,754.8147000000001,150.96294000000003,5,2823.25,2823.25,8.71789607999999,4.168026817391055,exchange_guard_proxy_touch,False,-8.11079999999999,0.60709608,0.0,0.30192588000000004,-8.71789607999999,-115.49716877532975,1,True
BTCUSDT,long,2ce2c56f6e6ac35b80559e29f32db27ffb6a0147ca5c83ba57040cdde02fd580,BTCUSDT|long|high_volume,1740379860000,1740385380000,2025-02-24T06:51:00+00:00,2025-02-24T08:23:00+00:00,95874.1,95395.20000000001,0.015600000000000001,1495.6359600000003,299.12719200000004,5,95476.4,95476.4,8.66436043199991,2.0402203229178957,exchange_guard_proxy_touch,False,-7.470839999999909,1.1935204320000001,-0.10287188031120001,0.5982543840000001,-8.76723231231111,-58.61875848659796,1,True
ETHUSDT,short,1ad4e3187ce1547163b1c0b061d8c942ddb773fcb2773bc812a7d7e492126762,ETHUSDT|short|high_volume,1740359760000,1740512400000,2025-02-24T01:16:00+00:00,2025-02-25T19:40:00+00:00,2794.52,2450.1,0.26,726.5752,145.31504,5,2823.25,2448.01,8.67829768000003,2.823431701693838,exchange_guard_proxy_touch,False,89.54920000000003,0.54544048,0.02553213845,0.29063008000000007,89.02929165845003,1225.3279723619803,1,True
ETHUSDT,short,818421594f05c556cb11ba6c9b7af5ebb8051941f4bf6f3cc95e859cb4680380,ETHUSDT|short|high_volume,1740549660000,1740641820000,2025-02-26T06:01:00+00:00,2025-02-27T07:37:00+00:00,2476.08,2372.39,0.27,668.5416,133.70832000000001,5,2506.46,2370.3700000000003,9.318745439999997,2.4360169554174664,exchange_guard_proxy_touch,False,27.996300000000016,0.52363476,0.11710274808599999,0.26741664000000004,27.589767988086017,412.68588204662234,1,True
ETHUSDT,short,f87cba9f0bde9ae11b62cc1c8b1e628ee0aac696075c21c33fc6c96b916a4918,ETHUSDT|short|high_volume,1740715560000,1740749400000,2025-02-28T04:06:00+00:00,2025-02-28T13:30:00+00:00,2111.2400000000002,2152.9,0.04,84.44960000000002,16.889920000000004,5,2313.25,2151.07,8.23002336,4.4186784328296245,exchange_guard_proxy_touch,False,-1.666399999999994,0.06822624000000001,0.001026339488,0.033779840000000005,-1.7335999005119942,-205.28219204259034,1,True
ETHUSDT,short,827f9d4c0e043d343b4bfb259b0e55e5284746b221e65652c08e4d076d5e3d91,ETHUSDT|short|high_volume,1740882960000,1740907860000,2025-03-02T02:36:00+00:00,2025-03-02T09:31:00+00:00,2205.0,2236.68,0.28,617.4000000000001,123.48000000000002,5,2235.0,2234.78,9.429492800000027,3.458409489639507,exchange_guard_proxy_touch,False,-8.870399999999956,0.4974681600000001,0.038673742324000004,0.24696,-9.329194417675955,-151.10454191247092,1,True
ETHUSDT,short,be819dd63a259f4fe2d81f8bf328a923a5d0684e222730c4efcdee08c2733d23,ETHUSDT|short|high_volume,1741025460000,1741098960000,2025-03-03T18:11:00+00:00,2025-03-04T14:36:00+00:00,2253.96,2119.25,0.06,135.2376,27.04752,5,2388.4500000000003,2117.4500000000003,8.303266800000012,2.67893302705516,exchange_guard_proxy_touch,False,8.082600000000001,0.10495704,-0.010246924332000001,0.054095040000000004,7.967396035668001,589.1405966734105,1,True
ETHUSDT,short,79e0eb5c0fede8c44ba62891fe0c7e6b61557e1728941cf0f76829af21d70b0d,ETHUSDT|short|high_volume,1741105860000,1741108740000,2025-03-04T16:31:00+00:00,2025-03-04T17:19:00+00:00,2027.07,2119.25,0.1,202.707,40.541399999999996,5,2117.4500000000003,2117.4500000000003,9.383852800000007,2.23262258433457,exchange_guard_proxy_touch,False,-9.218000000000007,0.16585280000000002,0.0,0.08108280000000001,-9.383852800000007,-462.92692408254317,1,True
ETHUSDT,short,86cf3e65815f59cc86bb782e580fcdbc1664a0969f470304598c55c35f0f1a7c,ETHUSDT|short|high_volume,1741147260000,1741157820000,2025-03-05T04:01:00+00:00,2025-03-05T06:57:00+00:00,2158.46,2193.88,0.25,539.615,107.923,5,2192.01,2192.01,9.290234000000018,2.1697186284508905,exchange_guard_proxy_touch,False,-8.855000000000018,0.435234,0.0,0.215846,-9.290234000000018,-172.16411700934958,1,True
ETHUSDT,short,02c4a4978732fbc91c3bffaa0e1799b6bf64650ab246b439ccc0d3adab9c640a,ETHUSDT|short|confirmed_volume,1741280460000,1741354200000,2025-03-06T17:01:00+00:00,2025-03-07T13:30:00+00:00,2220.04,2211.83,0.1,222.00400000000002,44.400800000000004,5,2304.94,2209.9500000000003,8.867077600000014,1.966835682276981,exchange_guard_proxy_touch,False,0.8210000000000037,0.1772748,0.0008523093199999995,0.08880160000000001,0.6445775093200038,29.034499798202006,1,True
ETHUSDT,short,42be50de406733da1fa54a482e3ffc5facf2a5b10e4911da827fff6fd4d83d88,ETHUSDT|short|confirmed_volume,1741364760000,1741436280000,2025-03-07T16:26:00+00:00,2025-03-08T12:18:00+00:00,2165.15,2153.87,0.19,411.37850000000003,82.2757,5,2209.9500000000003,2152.0400000000004,9.201850479999969,1.5838314889817193,exchange_guard_proxy_touch,False,2.143200000000038,0.32824552000000007,0.027970685231999998,0.16455140000000001,1.842925165232038,44.79877206105904,1,True
ETHUSDT,short,407f04975ddd014a1f8b3b33445611fc74af91f39ff7f0f73142becafcf3823a,ETHUSDT|short|confirmed_volume,1741499760000,1741572960000,2025-03-09T05:56:00+00:00,2025-03-10T02:16:00+00:00,2179.81,2057.4,0.27,588.5487,117.70974000000001,5,2211.28,2055.65,9.478940759999976,1.6572130586762561,exchange_guard_proxy_touch,False,33.05069999999996,0.45761868000000006,-0.001792689624000001,0.23541948000000001,32.59128863037596,553.7568705933079,1,True
ETHUSDT,short,6526cc72e814a804dc7830d18e9f46298b82b7701fb24ab89185bf074b544f51,ETHUSDT|short|high_volume,1741651260000,1741669980000,2025-03-11T00:01:00+00:00,2025-03-11T05:13:00+00:00,1869.5,1904.63,0.27,504.76500000000004,100.953,5,1903.01,1903.01,9.89270604000003,3.0917992536686554,exchange_guard_proxy_touch,False,-9.48510000000003,0.40760604000000006,0.0,0.20190600000000003,-9.892706040000029,-195.9863706873501,1,True
ETHUSDT,short,3fe8ab48f31deb0568e9020aa7943d20f6cdb91eca3b86bd1cbf614232d3897d,ETHUSDT|short|high_volume,1741734360000,1741813200000,2025-03-11T23:06:00+00:00,2025-03-12T21:00:00+00:00,1929.29,1895.1200000000001,0.26,501.6154,100.32308,5,1962.46,1893.51,9.463315680000038,4.786104694019929,exchange_guard_proxy_touch,False,8.88419999999996,0.39773864000000003,-0.002724142564000002,0.20064616000000002,8.48373721743596,169.12832455773807,1,True
ETHUSDT,short,a90edd85a513b4d7bd6981db91bb16d969c52239e0f6f88ea8b9b95e70187748,ETHUSDT|short|confirmed_volume,1741947060000,1741948860000,2025-03-14T10:11:00+00:00,2025-03-14T10:41:00+00:00,1888.28,1906.57,0.49,925.2572,185.05144,5,1904.95,1904.95,9.705890599999982,1.830960623954015,exchange_guard_proxy_touch,False,-8.962099999999982,0.7437906,0.0,0.37010287999999997,-9.705890599999982,-104.89937932933655,1,True
ETHUSDT,short,f993f53e34677de9f7c507138b3e5cc2c116883092d255de54ac54f7141ff187,ETHUSDT|short|high_volume,1741956660000,1741959060000,2025-03-14T12:51:00+00:00,2025-03-14T13:31:00+00:00,1895.28,1906.57,0.76,1440.4128,288.08256,5,1904.95,1904.95,9.736162399999973,3.8420470595269767,exchange_guard_proxy_touch,False,-8.580399999999972,1.1557624,0.0,0.57616512,-9.736162399999973,-67.59286226837176,1,True
ETHUSDT,short,db4490fbddc73e9884efb950870adcacb3037143ab9a2e5806852a771035fd64,ETHUSDT|short|confirmed_volume,1742023560000,1742052060000,2025-03-15T07:26:00+00:00,2025-03-15T15:21:00+00:00,1916.49,1936.43,0.45,862.4205000000001,172.4841,5,1934.78,1934.78,9.666525600000025,1.9769812091980639,exchange_guard_proxy_touch,False,-8.973000000000026,0.6935256000000001,0.046967617125,0.34496820000000006,-9.619557982875024,-111.54138825404804,1,True
ETHUSDT,short,9a790f3d8fc94ff95e1239e4f7621fe38c3cfa5915054c18e57a89a4493d1fdd,ETHUSDT|short|high_volume,1742117460000,1742171580000,2025-03-16T09:31:00+00:00,2025-03-17T00:33:00+00:00,1914.83,1899.27,0.44,842.5251999999999,168.50503999999998,5,1933.23,1897.65,9.49954896000008,7.08619302371974,exchange_guard_proxy_touch,False,6.846399999999976,0.6712816,-0.007659085940000001,0.33701008000000005,6.167459314059975,73.20207530955722,1,True
ETHUSDT,short,2bf6c00042cd7c0ccd79f295959eba9b7c7013d5125710c7b46af187eaefd88e,ETHUSDT|short|high_volume,1742305260000,1742327400000,2025-03-18T13:41:00+00:00,2025-03-18T19:50:00+00:00,1879.93,1904.22,0.27,507.58110000000005,101.51622,5,1912.31,1902.6,9.592437959999998,14.475792677843495,exchange_guard_proxy_touch,False,-6.55829999999999,0.4086882,0.007436221335000001,0.20303244000000004,-6.95955197866499,-137.11211821450777,1,True
ETHUSDT,short,a0dd959dd4f531fc95fff6f7dae5e681bcd03b325f2ee6161d381c0a5e5f82a4,ETHUSDT|short|high_volume,1742560860000,1742581980000,2025-03-21T12:41:00+00:00,2025-03-21T18:33:00+00:00,1953.18,1974.69,0.3,585.954,117.1908,5,1981.8799999999999,1973.01,9.589409999999962,2.8277428043681514,exchange_guard_proxy_touch,False,-6.452999999999997,0.4713444,0.015282757619999997,0.23438160000000002,-6.9090616423799975,-117.9113316468528,1,True
ETHUSDT,short,9c69aa6a5538e9f27cc9c35dfe05ad2f71d895dc4de11ec4e2dd4e13016db9e0,ETHUSDT|short|high_volume,1742595060000,1742602560000,2025-03-21T22:11:00+00:00,2025-03-22T00:16:00+00:00,1966.0,1974.69,0.76,1494.16,298.832,5,1973.01,1973.01,7.802369760000041,2.371144688912486,exchange_guard_proxy_touch,False,-6.604400000000042,1.19796976,-0.020935443512,0.597664,-7.823305203512042,-52.35921991963406,1,True
ETHUSDT,short,1426ea85df6832d286cd3ac8005a02153fb5e27631d7fba258d16d03a6a2a5aa,ETHUSDT|short|high_volume,1742677560000,1742694960000,2025-03-22T21:06:00+00:00,2025-03-23T01:56:00+00:00,1987.94,1998.68,0.75,1490.955,298.191,5,1996.98,1996.98,9.250986000000006,4.784888022432843,exchange_guard_proxy_touch,False,-8.055000000000007,1.195986,0.023056808624999998,0.5963820000000001,-9.227929191375006,-61.89274117176579,1,True
ETHUSDT,short,d8a00cd88fc7a8502dab1b8eb2bffe6073af9b93a5bcc4e5f0ef9179ace85ef7,ETHUSDT|short|high_volume,1742747760000,1742773860000,2025-03-23T16:36:00+00:00,2025-03-23T23:51:00+00:00,1997.89,2001.41,0.37,739.2193,147.84386,5,2019.62,1999.71,9.271346040000017,2.9382240798174855,exchange_guard_proxy_touch,False,-1.3023999999999933,0.5918964000000001,0.0,0.29568772000000004,-1.8942963999999933,-25.625635044972356,1,True
ETHUSDT,short,e9cfda6cee83875274e67499094a864e63d6d4c488180600e22d42b9f2609499,ETHUSDT|short|high_volume,1742781660000,1742785560000,2025-03-24T02:01:00+00:00,2025-03-24T03:06:00+00:00,1978.31,2001.41,0.37,731.9747,146.39494,5,1999.71,1999.71,9.13599856000005,2.5724867114170036,exchange_guard_proxy_touch,False,-8.54700000000005,0.5889985600000001,0.0,0.29278988,-9.13599856000005,-124.81303739050067,1,True
ETHUSDT,short,a63c3d996ffe8b447ff31580bae65cc451f2d269e68127c11bc3e081f36d66dd,ETHUSDT|short|confirmed_volume,1742854560000,1742909400000,2025-03-24T22:16:00+00:00,2025-03-25T13:30:00+00:00,2075.23,2076.31,0.31,643.3213,128.66425999999998,5,2101.3100000000004,2074.5400000000004,9.157812919999966,1.51983072564099,exchange_guard_proxy_touch,False,-0.33479999999997745,0.51479096,0.05271662592,0.25732852,-0.7968743340799774,-12.386879372406565,1,True
ETHUSDT,short,573ce1916a388f635232927c0d3749e63626b7cb8dec4540e5135870d51772c6,ETHUSDT|short|high_volume,1742910660000,1742913060000,2025-03-25T13:51:00+00:00,2025-03-25T14:31:00+00:00,2052.94,2076.31,0.36,739.0584,147.81168,5,2074.5400000000004,2074.5400000000004,9.00781199999996,3.844243318055261,exchange_guard_proxy_touch,False,-8.41319999999996,0.594612,0.0,0.29562336,-9.00781199999996,-121.88227615030097,1,True
ETHUSDT,short,882918ec87d1f8fa09bfaa43bd24dc1235f83e0e4aed7b50396b399723cbdae5,ETHUSDT|short|confirmed_volume,1742920560000,1742922120000,2025-03-25T16:36:00+00:00,2025-03-25T17:02:00+00:00,2059.84,2076.31,0.5,1029.92,205.984,5,2074.5400000000004,2074.5400000000004,9.0622299999999,1.6844667714636439,exchange_guard_proxy_touch,False,-8.2349999999999,0.82723,0.0,0.41196800000000006,-9.0622299999999,-87.9896496815277,1,True
ETHUSDT,short,83fe4e76b17aaad20b6d234a49357386cae6c501c6ddf8e51ff412b4a7725627,ETHUSDT|short|high_volume,1742955060000,1743035700000,2025-03-26T02:11:00+00:00,2025-03-27T00:35:00+00:00,2059.73,2019.42,0.33,679.7109,135.94218,5,2083.0,2017.7,8.81357532000006,4.426048505277455,exchange_guard_proxy_touch,False,13.302299999999983,0.5384478,0.022604455962000003,0.27188436000000005,12.786456655961983,188.11610430201992,1,True
ETHUSDT,short,7dd0985b401bd3d5e1ff9493b628de9f2360319785d82d98e42bff3e29240424,ETHUSDT|short|high_volume,1743081960000,1743324900000,2025-03-27T13:26:00+00:00,2025-03-30T08:55:00+00:00,2000.29,1847.82,0.24,480.0696,96.01392,5,2035.01,1846.25,9.135554880000011,4.235712505500859,exchange_guard_proxy_touch,False,36.592800000000004,0.36941855999999995,0.05199139728,0.19202784,36.27537283728,755.6273681416195,1,True
ETHUSDT,short,953e6471c2bf267f4dbea88f72ce806cf92cd61c1c0242304ce8a6e2bf500483,ETHUSDT|short|confirmed_volume,1743330060000,1743425400000,2025-03-30T10:21:00+00:00,2025-03-31T12:50:00+00:00,1838.44,1824.57,0.81,1489.1364,297.82728000000003,5,1846.25,1823.02,8.792148239999905,1.8959742860763396,exchange_guard_proxy_touch,False,11.234700000000096,1.1868152400000003,0.051498063927,0.59565456,10.099382823927096,67.82040130055981,1,True
ETHUSDT,short,05a5fad31e814767d371ce6639d7dacc402ebf54c1984d88b8aae9b5d435a133,ETHUSDT|short|high_volume,1743454860000,1743484500000,2025-03-31T21:01:00+00:00,2025-04-01T05:15:00+00:00,1822.3,1844.15,0.35000000000000003,637.8050000000001,127.561,5,1846.41,1842.58,9.501839200000024,3.1502020477225416,exchange_guard_proxy_touch,False,-7.647500000000049,0.5133030000000001,-0.00415686838,0.255122,-8.16495986838005,-128.0165547209578,1,True
ETHUSDT,short,ee29ed30a7955b040ca7f8eb2bbacefcb66eab50c6050bbf6b8c33799748e731,ETHUSDT|short|confirmed_volume,1743552960000,1743601740000,2025-04-02T00:16:00+00:00,2025-04-02T13:49:00+00:00,1902.0,1888.8500000000001,0.41000000000000003,779.82,155.964,5,1921.99,1887.24,9.495703320000047,1.8218235956758608,exchange_guard_proxy_touch,False,5.391499999999945,0.6216994000000001,-0.00034391907000000003,0.31192800000000004,4.769456680929945,61.160994600419905,1,True
ETHUSDT,short,088e8a7fbda86d3634924f3cafb927d73bf0131dba90f5478f95bd427ef5187b,ETHUSDT|short|high_volume,1743660060000,1743754500000,2025-04-03T06:01:00+00:00,2025-04-04T08:15:00+00:00,1820.46,1824.25,0.5700000000000001,1037.6622000000002,207.53244000000004,5,1834.1299999999999,1822.7,9.514702200000011,2.1368363240866857,exchange_guard_proxy_touch,False,-2.1602999999999795,0.8309938800000002,0.10755141426900001,0.4150648800000001,-2.88374246573098,-27.790763369148255,1,True
ETHUSDT,short,471975df93a4e43291be6b6a8030661cec07e627ab48e4f1bfec086024243b6d,ETHUSDT|short|confirmed_volume,1743809160000,1743897000000,2025-04-04T23:26:00+00:00,2025-04-05T23:50:00+00:00,1808.22,1806.05,0.4,723.288,144.6576,5,1828.72,1804.51,9.406159999999979,1.8616528209919354,exchange_guard_proxy_touch,False,0.8680000000000292,0.5782832,0.05332637832,0.28931520000000005,0.3430431783200292,4.7428296656384346,1,True
ETHUSDT,short,52bde5268aedc90049adf6547eabb53eb30cf4fabf4a8745cf5d665fc1f79635,ETHUSDT|short|high_volume,1743908760000,1743908820000,2025-04-06T03:06:00+00:00,2025-04-06T03:07:00+00:00,1801.46,1806.05,0.8300000000000001,1495.2118000000003,299.04236000000003,5,1804.51,1804.51,5.007393319999933,2.7485107961435,exchange_guard_proxy_touch,False,-3.8096999999999324,1.1976933200000002,0.0,0.59808472,-5.007393319999933,-33.48952516292295,1,True
ETHUSDT,short,b40ad17f80c1de1ddece183105cbeb3e97de17ad3326eba01aad64acf86ec4cc,ETHUSDT|short|high_volume,1743928260000,1744035420000,2025-04-06T08:31:00+00:00,2025-04-07T14:17:00+00:00,1785.2,1614.9,0.31,553.412,110.6824,5,1812.61,1613.52,9.423920640000011,7.1378398541321415,exchange_guard_proxy_touch,False,52.792999999999985,0.42161240000000005,-0.035832729716999995,0.2213648,52.335554870282984,945.6888334601161,1,True
ETHUSDT,short,f35319eb3d3a8d9e5e47ab8cf96d308137098f3e44c254d6dec0d21cb37f60fd,ETHUSDT|short|confirmed_volume,1744074060000,1744076280000,2025-04-08T01:01:00+00:00,2025-04-08T01:38:00+00:00,1541.8,1585.94,0.22,339.19599999999997,67.83919999999999,5,1584.59,1584.59,9.98604112000002,1.5549177329364374,exchange_guard_proxy_touch,False,-9.710800000000022,0.27524112,0.0,0.1356784,-9.986041120000023,-294.40326890647367,1,True
ETHUSDT,short,1af668e13f5943bc5d93742c28ac8168240378fb630f5676077c1b3c4bf2e0ca,ETHUSDT|short|confirmed_volume,1744125060000,1744183920000,2025-04-08T15:11:00+00:00,2025-04-09T07:32:00+00:00,1528.3700000000001,1482.96,0.14,213.97180000000003,42.794360000000005,5,1592.8,1481.7,9.385461679999995,1.68442519891018,exchange_guard_proxy_touch,False,6.357400000000012,0.16863448,-0.013000063090000003,0.08558872000000002,6.175765456910012,288.6252046722985,1,True
ETHUSDT,short,02e8dda07cd93650d82b4aafe5dd3e85fc95f7176d5479fe1c7508dfabdb2b87,ETHUSDT|short|confirmed_volume,1744298160000,1744335120000,2025-04-10T15:16:00+00:00,2025-04-11T01:32:00+00:00,1535.24,1534.32,0.1,153.524,30.7048,5,1627.62,1533.01,9.503569999999998,1.8670012619494993,exchange_guard_proxy_touch,False,0.09200000000000728,0.12278240000000001,-0.0015134013,0.06140960000000001,-0.03229580129999273,-2.103632090096189,1,True
ETHUSDT,short,c6ff3a91577582820a5506f9d900c82804a27c86348dfa3245d235c470fbd84a,ETHUSDT|short|high_volume,1744420860000,1744445160000,2025-04-12T01:21:00+00:00,2025-04-12T08:06:00+00:00,1556.28,1587.67,0.3,466.88399999999996,93.37679999999999,5,1586.32,1586.32,9.794274000000028,2.1711922218289814,exchange_guard_proxy_touch,False,-9.41700000000003,0.37727399999999994,-0.0028462139999999997,0.18675360000000002,-9.79712021400003,-209.84056455136673,1,True
ETHUSDT,short,233bd84004776ac47615994a257082e9642942982ccc06a06b1d786b51479ba6,ETHUSDT|short|high_volume,1744502760000,1744564800000,2025-04-13T00:06:00+00:00,2025-04-13T17:20:00+00:00,1641.42,1628.8500000000001,0.47000000000000003,771.4674000000001,154.29348000000002,5,1659.69,1627.46,9.875175640000027,3.372446891243981,exchange_guard_proxy_touch,False,5.90789999999997,0.6148107600000001,0.07893689677400001,0.30858696,5.37202613677397,69.63387094223255,1,True
ETHUSDT,short,14391577b10ca56543304b6a594c46cfbf270e55395d6125ffdf03624cdea10f,ETHUSDT|short|high_volume,1744666860000,1744708500000,2025-04-14T21:41:00+00:00,2025-04-15T09:15:00+00:00,1611.3400000000001,1649.42,0.23,370.60820000000007,74.12164000000001,5,1650.81,1648.01,9.702647519999974,12.474403478241234,exchange_guard_proxy_touch,False,-8.758399999999984,0.29998992,0.016408626327999998,0.14824328000000003,-9.041981293671984,-243.97682764903698,1,True
ETHUSDT,short,3c4fecbbde3346d9e4256a3162d14c417c3bdcd9fee00802342fca0071365cad,ETHUSDT|short|high_volume,1744713360000,1744724820000,2025-04-15T10:36:00+00:00,2025-04-15T13:47:00+00:00,1627.56,1649.42,0.42,683.5752,136.71504,5,1648.01,1648.01,9.731732640000052,3.6878161529485016,exchange_guard_proxy_touch,False,-9.181200000000054,0.55053264,0.0,0.27343008,-9.731732640000054,-142.36520927031955,1,True
ETHUSDT,short,4cd69cf6db8b218c35e98858b39a7671050e493ec6e0128afb6788f0023d62a7,ETHUSDT|short|high_volume,1744781160000,1744801380000,2025-04-16T05:26:00+00:00,2025-04-16T11:03:00+00:00,1562.53,1584.1100000000001,0.22,343.7566,68.75131999999999,5,1603.82,1582.76,9.663959360000018,19.829555981167534,exchange_guard_proxy_touch,False,-4.747600000000034,0.27690432000000004,-0.010181121280000002,0.13750264,-5.0346854412800335,-146.460764426924,1,True
ETHUSDT,short,7a98a71c38ab9aa879aecd2cf5e2a26a8dc95d310b0b3ee011186245724bfb0e,ETHUSDT|short|high_volume,1744809660000,1744813500000,2025-04-16T13:21:00+00:00,2025-04-16T14:25:00+00:00,1571.4,1584.1100000000001,0.6900000000000001,1084.266,216.85320000000002,5,1582.76,1582.76,9.640820760000027,2.5758567506267838,exchange_guard_proxy_touch,False,-8.769900000000026,0.8709207600000002,0.0,0.4337064000000001,-9.640820760000027,-88.91564210258393,1,True
ETHUSDT,short,fed486047c98049bc0c92ce8ff194aab6ecb0f13eb2f69b905601f52d0403812,ETHUSDT|short|high_volume,1744860660000,1744867080000,2025-04-17T03:31:00+00:00,2025-04-17T05:18:00+00:00,1577.97,1599.38,0.42,662.7474,132.54948,5,1598.02,1598.02,9.525994800000033,4.4014013559368825,exchange_guard_proxy_touch,False,-8.992200000000034,0.5337948,0.0,0.26509896000000005,-9.525994800000035,-143.7349252520649,1,True
ETHUSDT,short,b66abc31aafc35b239785ae9ede63ec0deceb8ee2f11f6e179ae39ce3bdc38a5,ETHUSDT|short|high_volume,1744880760000,1744890600000,2025-04-17T09:06:00+00:00,2025-04-17T11:50:00+00:00,1592.01,1599.38,0.9400000000000001,1496.4894000000002,299.29788,5,1598.02,1598.02,8.12776264000011,2.2009785701749442,exchange_guard_proxy_touch,False,-6.927800000000111,1.1999626400000003,0.0,0.59859576,-8.127762640000112,-54.312196531429564,1,True
ETHUSDT,short,513f24f1bf790531ede2c964120847e13f0e17f3de8bd9b344f7726eb319725f,ETHUSDT|short|high_volume,1744953960000,1744965420000,2025-04-18T05:26:00+00:00,2025-04-18T08:37:00+00:00,1573.16,1590.06,0.52,818.0432000000001,163.60864,5,1588.7,1588.7,9.44594975999993,5.355870663214132,exchange_guard_proxy_touch,False,-8.78799999999993,0.6579497600000002,0.022618776024,0.32721728000000005,-9.42333098397593,-115.19356170891622,1,True
ETHUSDT,short,9a5831f16bb23e0283a7911631d42545b6694f7c19f27252cb7b132b046a61ad,ETHUSDT|short|high_volume,1745107260000,1745107980000,2025-04-20T00:01:00+00:00,2025-04-20T00:13:00+00:00,1609.95,1614.39,0.93,1497.2535,299.4507,5,1613.01,1613.01,5.3286544800000515,4.020156605130155,exchange_guard_proxy_touch,False,-4.129200000000051,1.1994544800000002,0.0,0.5989014,-5.328654480000051,-35.589527625081864,1,True
ETHUSDT,short,4ac5a11ae6aaaaf04e37dfc9e5015a0a65d8ebd48ccd28f8a73913fabf1e4f7f,ETHUSDT|short|confirmed_volume,1745119260000,1745119380000,2025-04-20T03:21:00+00:00,2025-04-20T03:23:00+00:00,1610.8700000000001,1614.39,0.93,1498.1091000000001,299.62182,5,1613.01,1613.01,4.473396719999983,1.7612183184860515,exchange_guard_proxy_touch,False,-3.273599999999983,1.1997967200000001,0.0,0.5992436400000001,-4.473396719999983,-29.860286677385396,1,True
ETHUSDT,short,3af28b0fac3ea6809494dc7313da632741e3efc80e9a8fbf6eec97a4961f9695,ETHUSDT|short|high_volume,1745128860000,1745178480000,2025-04-20T06:01:00+00:00,2025-04-20T19:48:00+00:00,1607.63,1584.75,0.68,1093.1884000000002,218.63768000000005,5,1618.47,1583.4,9.18747456000002,5.84445521307298,exchange_guard_proxy_touch,False,15.558400000000075,0.8683273600000001,0.02655609249600001,0.43727536000000006,14.716628732496075,134.6211570896295,1,True
ETHUSDT,short,50327dd9b79c0784a3281c08e2657c129e62bdb393ebd9f81b3537e38003656c,ETHUSDT|short|high_volume,1745244060000,1745245380000,2025-04-21T14:01:00+00:00,2025-04-21T14:23:00+00:00,1606.3400000000001,1633.69,0.32,514.0288,102.80576,5,1632.3,1632.3,9.166723839999971,4.782357932326398,exchange_guard_proxy_touch,False,-8.75199999999997,0.41472384000000007,0.0,0.20561152000000005,-9.166723839999971,-178.3309386555767,1,True
ETHUSDT,short,dd419478047fcc3ebc3c3191f13dea52d6ece17cc50b69d442691f77d0506604,ETHUSDT|short|high_volume,1745253060000,1745307000000,2025-04-21T16:31:00+00:00,2025-04-22T07:30:00+00:00,1613.6200000000001,1594.6000000000001,0.21,338.8602,67.77204,5,1654.65,1593.24,9.187053119999964,2.04025302030219,exchange_guard_proxy_touch,False,3.994199999999996,0.26949048000000003,-0.0119344428,0.13554408,3.7127750771999963,109.56657279904799,1,True
ETHUSDT,short,12eaadc71f1bf14bca20b71a09589ecc9e03a0ef51b0c59f3a3c602bfb0694a1,ETHUSDT|short|confirmed_volume,1745454360000,1745537400000,2025-04-24T00:26:00+00:00,2025-04-24T23:30:00+00:00,1786.1000000000001,1771.16,0.35000000000000003,625.1350000000001,125.02700000000002,5,1809.61,1769.65,9.271114999999986,1.6346891706145352,exchange_guard_proxy_touch,False,5.22900000000002,0.4980164000000001,0.0482468245,0.25005400000000005,4.779230424500019,76.45117333855917,1,True
ETHUSDT,short,fa4a91f20b611a096a33b31477ccf74f8ccdd68f14d578cbd87b0889f00640e1,ETHUSDT|short|confirmed_volume,1745547060000,1745556180000,2025-04-25T02:11:00+00:00,2025-04-25T04:43:00+00:00,1758.3,1771.16,0.65,1142.895,228.579,5,1769.65,1769.65,9.276659600000084,1.9817181978145313,exchange_guard_proxy_touch,False,-8.359000000000083,0.9176596000000001,0.0,0.45715800000000006,-9.276659600000084,-81.16808280725773,1,True
ETHUSDT,short,8de8aeee3bf560d47532461f7db377bfd1942ef8e7ba145f63ce7be0d75d89db,ETHUSDT|short|high_volume,1745625660000,1745631180000,2025-04-26T00:01:00+00:00,2025-04-26T01:33:00+00:00,1783.8600000000001,1810.42,0.33,588.6738,117.73476000000001,5,1808.8799999999999,1808.8799999999999,9.239244959999983,3.461724463770104,exchange_guard_proxy_touch,False,-8.764799999999983,0.4744449600000001,0.0,0.23546952000000004,-9.239244959999983,-156.95016425055746,1,True
ETHUSDT,short,7485bf245ecb2beae4610ac1df8be5d631b38f7f7e2c74c5b35437726104919a,ETHUSDT|short|high_volume,1745638260000,1745651460000,2025-04-26T03:31:00+00:00,2025-04-26T07:11:00+00:00,1793.27,1810.42,0.49,878.7022999999999,175.74045999999998,5,1808.8799999999999,1808.8799999999999,9.109823240000045,3.6856344743485483,exchange_guard_proxy_touch,False,-8.403500000000044,0.7063232400000001,0.0,0.35148092000000003,-9.109823240000043,-103.67360185582812,1,True
ETHUSDT,short,cef7f25f658baba52a2a9c36d7db82ea4ed2fee0f651ddf155bd6b1687da2e04,ETHUSDT|short|high_volume,1745756160000,1745825460000,2025-04-27T12:16:00+00:00,2025-04-28T07:31:00+00:00,1800.82,1809.32,0.53,954.4346,190.88692,5,1815.0,1807.78,9.103782440000009,2.5134065932420784,exchange_guard_proxy_touch,False,-4.505,0.76534968,-0.035350283016,0.38177384,-5.305699963016,-55.58997927166512,1,True
ETHUSDT,short,2b716ffdca8d7b804c2e44a4d635ec0c1ead8925100bba1b9edbe8950055e91d,ETHUSDT|short|high_volume,1745835960000,1745836620000,2025-04-28T10:26:00+00:00,2025-04-28T10:37:00+00:00,1790.3,1809.32,0.44,787.732,157.5464,5,1807.78,1807.78,9.002333119999992,11.80607106365221,exchange_guard_proxy_touch,False,-8.368799999999991,0.6335331200000001,0.0,0.3150928,-9.002333119999992,-114.28167346254808,1,True
ETHUSDT,short,222e91ebe2ad9409d3bf046ba12e1793c8978aaf110dc71e5e61304fcc929919,ETHUSDT|short|high_volume,1745847060000,1745877960000,2025-04-28T13:31:00+00:00,2025-04-28T22:06:00+00:00,1798.66,1806.55,0.74,1331.0084,266.20168,5,1807.78,1805.01,8.956362079999892,2.0964966036479264,exchange_guard_proxy_touch,False,-5.838599999999905,1.0671421600000002,-0.113194961952,0.5324033600000001,-7.018937121951906,-52.7339806567104,1,True
BTCUSDT,long,51f0d8d58a0e3eccd107c3692cbeab1bd7ddfe7df085eb318b9a5339607f1d34,BTCUSDT|long|confirmed_volume,1745914860000,1745931960000,2025-04-29T08:21:00+00:00,2025-04-29T13:06:00+00:00,95079.70000000001,94619.5,0.0082,779.6535400000001,155.93070800000004,5,94154.0,94700.0,8.867983808000025,1.6084101627029173,exchange_guard_proxy_touch,False,-3.773640000000096,0.6222133760000002,0.0,0.3118614160000001,-4.395853376000096,-56.382138353403676,1,True
BTCUSDT,long,dfcc544d2599d04074b222dafc76c19b8a0935605215a5423f2b8f5d489d4628,BTCUSDT|long|confirmed_volume,1745937660000,1745940000000,2025-04-29T14:41:00+00:00,2025-04-29T15:20:00+00:00,95205.20000000001,94619.5,0.0134,1275.7496800000001,255.14993600000003,5,94700.0,94700.0,8.865840392000157,1.6966047232343076,exchange_guard_proxy_touch,False,-7.848380000000156,1.0174603920000003,0.0,0.510299872,-8.865840392000155,-69.49514102171011,1,True
BTCUSDT,long,c0c80cbeb0fbcbcdcc71669480879ebb9e6a96a0bc46f13ac10fc848945f82f5,BTCUSDT|long|high_volume,1745944560000,1745946120000,2025-04-29T16:36:00+00:00,2025-04-29T17:02:00+00:00,95471.5,94619.5,0.0094,897.4321,179.48642,5,94700.0,94700.0,8.72354216,4.024487896966525,exchange_guard_proxy_touch,False,-8.0088,0.71474216,0.0,0.35897284,-8.723542160000001,-97.20559538710506,1,True
ETHUSDT,short,750d06834e9a0b24a5199973273a7ae4eac192a70e23d140488153b05632e830,ETHUSDT|short|high_volume,1745957460000,1746013080000,2025-04-29T20:11:00+00:00,2025-04-30T11:38:00+00:00,1813.6100000000001,1813.78,0.41000000000000003,743.5801000000001,148.71602000000001,5,1831.5,1812.23,8.572553879999926,2.115866702262716,exchange_guard_proxy_touch,False,-0.06969999999993662,0.5948919600000001,-0.047639332171,0.29743204000000006,-0.7122312921709367,-9.578407116744202,1,True
BTCUSDT,long,87654c2d62d162bc9d83505d44899f30527447353fefe4fdabd0397dcb88d801,BTCUSDT|long|high_volume,1746012660000,1746016560000,2025-04-30T11:31:00+00:00,2025-04-30T12:36:00+00:00,95126.90000000001,94361.90000000001,0.0103,979.8070700000001,195.96141400000002,5,94442.2,94442.2,8.660193856,7.454984360342825,exchange_guard_proxy_touch,False,-7.8795,0.7806938560000001,0.0,0.39192282800000006,-8.660193856,-88.38672552138247,1,True
ETHUSDT,short,4361104ac5fd605fe83bbc9e3049d92be90a69583c6b53599f3c0bfb441c0bb4,ETHUSDT|short|confirmed_volume,1746018960000,1746064500000,2025-04-30T13:16:00+00:00,2025-05-01T01:55:00+00:00,1762.5,1810.74,0.16,282.0,56.4,5,1812.23,1809.2,8.433681919999996,1.834063624537928,exchange_guard_proxy_touch,False,-7.718400000000002,0.22868735999999998,-0.0015513622079999997,0.11280000000000001,-7.948638722208002,-281.86662135489365,1,True
BTCUSDT,long,bbea1aef196d9d0a656ec837f7ba6939a7ece64675faf328f006bc856680c70a,BTCUSDT|long|confirmed_volume,1746061260000,1746140580000,2025-05-01T01:01:00+00:00,2025-05-01T23:03:00+00:00,94436.40000000001,96162.0,0.0095,897.1458,179.42916,5,93699.9,96243.9,8.468515079999971,1.9768332466550045,exchange_guard_proxy_touch,False,16.393199999999915,0.7242739200000001,0.021893660688999984,0.35885832000000006,15.690819740688916,174.89709856178246,1,True
ETHUSDT,short,74c76c01084c7347f25459c11dd3ecea8a38fb87c1378278f547336f9bc596ab,ETHUSDT|short|high_volume,1746161160000,1746196560000,2025-05-02T04:46:00+00:00,2025-05-02T14:36:00+00:00,1837.5900000000001,1852.08,0.54,992.2986000000002,198.45972000000003,5,1850.5,1850.5,8.621568719999884,2.9293916453967617,exchange_guard_proxy_touch,False,-7.824599999999883,0.7969687200000002,-0.056825475102000006,0.3969194400000001,-8.678394195101884,-87.45748704172193,1,True
BTCUSDT,long,0d54752b441677aff2e5c052e324f197037444379333b5c0e6317f33e1205439,BTCUSDT|long|high_volume,1746145560000,1746234900000,2025-05-02T00:26:00+00:00,2025-05-03T01:15:00+00:00,96768.6,96425.40000000001,0.012700000000000001,1228.9612200000001,245.79224400000004,5,96243.9,96507.5,8.683907448000074,3.6569450206485823,exchange_guard_proxy_touch,False,-4.358639999999964,0.9814255200000002,0.2952904173555,0.4915844880000001,-5.044775102644464,-41.04909919488316,1,True
ETHUSDT,short,8d4f43f1cc0d5ebdefefbe65a2ac096d38bfb48a11944cadb042174da541c116,ETHUSDT|short|high_volume,1746252360000,1746284760000,2025-05-03T06:06:00+00:00,2025-05-03T15:06:00+00:00,1829.83,1840.13,0.54,988.1082,197.62164,5,1842.45,1838.56,8.45615160000003,2.1697688453913004,exchange_guard_proxy_touch,False,-5.562000000000099,0.7927113600000002,0.01542797658,0.39524328000000003,-6.339283383420099,-64.15576131662604,1,True
ETHUSDT,short,c2da291756fb308d3b19fe627af505fb432ae6a5daacd234bc2fcd600ce95833,ETHUSDT|short|high_volume,1746288960000,1746301980000,2025-05-03T16:16:00+00:00,2025-05-03T19:53:00+00:00,1829.03,1840.13,0.67,1225.4501,245.09002,5,1838.56,1838.56,8.420334880000091,2.9433069546716366,exchange_guard_proxy_touch,False,-7.437000000000092,0.9833348800000001,0.0,0.49018004000000004,-8.420334880000091,-68.71218077341616,1,True
BTCUSDT,long,4650f6c8edae64eed1ed98c3e6d6a9398871c414db70c7dbcc9f9d06777f31fb,BTCUSDT|long|confirmed_volume,1746302760000,1746315240000,2025-05-03T20:06:00+00:00,2025-05-03T23:34:00+00:00,96412.0,95731.1,0.011000000000000001,1060.5320000000002,212.10640000000004,5,95812.59999999999,95812.59999999999,8.335329639999937,1.898795751335724,exchange_guard_proxy_touch,False,-7.4898999999999365,0.8454296400000001,0.0,0.4242128000000001,-8.335329639999937,-78.59573911961107,1,True
ETHUSDT,short,282711fc986c7e6b36bcbc2ec3e9feec4a488d16dc8ca08e5fd095e2d47c3852,ETHUSDT|short|confirmed_volume,1746377460000,1746390060000,2025-05-04T16:51:00+00:00,2025-05-04T20:21:00+00:00,1821.58,1834.33,0.49,892.5741999999999,178.51484,5,1835.37,1832.77,8.243469920000063,1.8007573372637364,exchange_guard_proxy_touch,False,-6.2475,0.71655836,0.0,0.35702968,-6.964058359999999,-78.02217854829324,1,True
ETHUSDT,short,3eb5152fdd80055a966ede4cfd33aa183540fcfa9b6726a41c51eb8ab844c4df,ETHUSDT|short|high_volume,1746459960000,1746466740000,2025-05-05T15:46:00+00:00,2025-05-05T17:39:00+00:00,1797.42,1816.42,0.22,395.43240000000003,79.08648000000001,5,1830.73,1814.87,7.990814479999976,2.737358131700668,exchange_guard_proxy_touch,False,-4.18,0.31801792,0.004728607752000001,0.15817296,-4.493289312248,-113.62977116311156,1,True
BTCUSDT,long,28eba574b3dfcc29b7b395de3d8fa84f4abd3c9c0218cda258ab152862d86e4c,BTCUSDT|long|high_volume,1746470460000,1746520140000,2025-05-05T18:41:00+00:00,2025-05-06T08:29:00+00:00,94875.70000000001,93881.0,0.0055000000000000005,521.8163500000002,104.36327000000003,5,93559.5,93960.9,8.091282320000017,5.2620385209792575,exchange_guard_proxy_touch,False,-5.470850000000064,0.41526474000000013,-0.033342323993,0.20872654000000004,-5.919457063993065,-113.43947087884584,1,True
ETHUSDT,short,252d67d88b160fa8a1416521241f38f1664a603a4bade01ff1732e57a5a00885,ETHUSDT|short|high_volume,1746519360000,1746557760000,2025-05-06T08:16:00+00:00,2025-05-06T18:56:00+00:00,1797.39,1780.6100000000001,0.59,1060.4601,212.09202,5,1808.05,1779.09,8.049247280000026,3.1269171072993354,exchange_guard_proxy_touch,False,9.900199999999984,0.8444079999999999,-0.03746531618099999,0.42418404,9.018326683818984,85.04164073517697,1,True
BTCUSDT,long,17779f6125eafc2975cb708548a0eea4646f935903fbdf225a3939ea2e44a6b8,BTCUSDT|long|high_volume,1746546060000,1746623340000,2025-05-06T15:41:00+00:00,2025-05-07T13:09:00+00:00,94756.8,96700.6,0.0086,814.90848,162.981696,5,93960.9,96782.9,8.180794032000025,2.52797379920358,exchange_guard_proxy_touch,False,16.716680000000025,0.6586134560000001,-0.0160840685236,0.325963392,16.041982475476424,196.85624667295673,1,True
BTCUSDT,long,e619a84fed41f336162ea8d2e3513cc8646e098b26779f5a44cf3893a4101488,BTCUSDT|long|high_volume,1746625560000,1746629640000,2025-05-07T13:46:00+00:00,2025-05-07T14:54:00+00:00,97269.90000000001,96700.6,0.0129,1254.7817100000002,250.95634200000003,5,96782.9,96782.9,8.344857780000037,5.56424384900681,exchange_guard_proxy_touch,False,-7.343970000000038,1.00088778,0.0,0.501912684,-8.344857780000037,-66.50445821369229,1,True
ETHUSDT,short,d794501210396652464e6c1e3ac751fa045dab42efeeacd3fd91c8f40b213b53,ETHUSDT|short|high_volume,1746623460000,1746671520000,2025-05-07T13:11:00+00:00,2025-05-08T02:32:00+00:00,1823.44,1848.08,0.32,583.5008,116.70016000000001,5,1846.51,1846.51,8.354754559999959,2.799307123685817,exchange_guard_proxy_touch,False,-7.884799999999959,0.4699545600000001,0.022669436032,0.23340032000000002,-8.332085123967959,-142.79475064932146,1,True
BTCUSDT,long,96f085bb60a43b72fa4d974a7fe820e45d0a0e43e7997bd081439ea396f0597d,BTCUSDT|long|high_volume,1746675960000,1746801600000,2025-05-08T03:46:00+00:00,2025-05-09T14:40:00+00:00,99083.5,102289.3,0.0034000000000000002,336.88390000000004,67.37678000000001,5,96831.4,102376.4,8.203632200000001,3.3895594971763505,exchange_guard_proxy_touch,False,10.899720000000011,0.273867008,-0.105481938368,0.13475356000000002,10.520371053632012,312.2847679462275,1,True
BTCUSDT,long,577f872b934bf4f6bf3d09208520b8baf83f03c7ae46bcf96002dc218e2d6e77,BTCUSDT|long|confirmed_volume,1746844860000,1746891360000,2025-05-10T02:41:00+00:00,2025-05-10T15:36:00+00:00,103214.3,103223.0,0.012100000000000001,1248.8930300000002,249.77860600000002,5,102699.9,103310.9,8.276772195999966,1.8946863373051386,exchange_guard_proxy_touch,False,0.1052699999999648,0.9991565320000002,-0.12550325700000003,0.49955721200000014,-1.0193897890000354,-8.162346690332921,1,True
BTCUSDT,long,ee6eeb5f3f57ae11322598991b46be83bb8f24fd5abb9f026ef59ff00aac7905,BTCUSDT|long|high_volume,1746954960000,1747002900000,2025-05-11T09:16:00+00:00,2025-05-11T22:35:00+00:00,104271.40000000001,103603.6,0.008,834.1712000000001,166.83424000000002,5,103406.2,103691.79999999999,8.289087040000046,2.0159125730062244,exchange_guard_proxy_touch,False,-5.342400000000024,0.6652,-0.08326632,0.33366848000000005,-6.090866320000023,-73.01698164597414,1,True
BTCUSDT,long,cda98671ad30576fb86cbb969f72b779fd9683a138addccc6383ceb241eabc7d,BTCUSDT|long|confirmed_volume,1747008660000,1747018560000,2025-05-12T00:11:00+00:00,2025-05-12T02:56:00+00:00,104228.20000000001,103603.6,0.011600000000000001,1209.0471200000002,241.80942400000004,5,103691.79999999999,103691.79999999999,8.20969955200007,1.8956208045536285,exchange_guard_proxy_touch,False,-7.245360000000068,0.9643395520000001,0.0,0.4836188480000001,-8.209699552000068,-67.9022299147453,1,True
BTCUSDT,long,738da79d6142cb492a8b0ca81ab8f24b6bc05a610cd33c5d101edb6ab9f93b21,BTCUSDT|long|high_volume,1747031460000,1747050720000,2025-05-12T06:31:00+00:00,2025-05-12T11:52:00+00:00,104274.90000000001,103576.5,0.010400000000000001,1084.4589600000002,216.89179200000004,5,103664.7,103664.7,8.128021824000092,2.345033897844839,exchange_guard_proxy_touch,False,-7.263360000000092,0.8646618240000001,-0.10860335200000003,0.43378358400000006,-8.236625176000091,-75.95146962500166,1,True
ETHUSDT,long,bbcb3222d631f44470c1925949e16fd203827b6f10c4d9c9f9b6954ebbda3655,ETHUSDT|long|high_volume,1747032660000,1747060020000,2025-05-12T06:51:00+00:00,2025-05-12T14:27:00+00:00,2518.42,2517.84,0.25,629.605,125.921,5,2489.99,2519.99,8.138129000000045,2.684437427328342,exchange_guard_proxy_touch,False,-0.1449999999999818,0.503626,-0.06383625,0.251842,-0.7124622499999819,-11.316019567823982,1,True
ETHUSDT,long,92150162b564ac6526c0d6850d353e56faca943810fbb7a11a1d80193701aeee,ETHUSDT|long|high_volume,1747120860000,1747188060000,2025-05-13T07:21:00+00:00,2025-05-14T02:01:00+00:00,2474.01,2653.73,0.12,296.88120000000004,59.37624000000001,5,2414.35,2655.99,7.64094240000003,6.465262808356738,exchange_guard_proxy_touch,False,21.566399999999977,0.24613151999999996,-0.0924402,0.11875248000000001,21.22782827999998,715.0277040108965,1,True
BTCUSDT,long,95307a8975e368b91802022997277224a8c8b0c91584b6cf29e8952559034a8f,BTCUSDT|long|high_volume,1747120860000,1747207440000,2025-05-13T07:21:00+00:00,2025-05-14T07:24:00+00:00,102928.6,103321.0,0.0047,483.76442000000003,96.75288400000001,5,101399.9,103408.9,7.974005523999973,3.1970594594594592,exchange_guard_proxy_touch,False,1.8442799999999726,0.38774924800000005,-0.13210753278999998,0.19350576800000002,1.3244232192099727,27.377441673159275,1,True
BTCUSDT,long,d3dff5d0a0f4df53c8a86eb37f650f5ad28f1aeb1169c72c394e30fce5d59f9b,BTCUSDT|long|high_volume,1747218660000,1747231860000,2025-05-14T10:31:00+00:00,2025-05-14T14:11:00+00:00,103889.1,103321.0,0.012700000000000001,1319.3915700000002,263.87831400000005,5,103408.9,103408.9,8.267497308000076,2.6212453981498025,exchange_guard_proxy_touch,False,-7.214870000000075,1.0526273080000004,0.0,0.5277566280000001,-8.267497308000076,-62.66143801419069,1,True
ETHUSDT,long,56ca316d0e05eef7deb571863d7a5c3bb2fdf4dca1ca0eaf9a228cc0fb766506,ETHUSDT|long|high_volume,1747267560000,1747273560000,2025-05-15T00:06:00+00:00,2025-05-15T01:46:00+00:00,2614.35,2580.1,0.22,575.157,115.0314,5,2582.2999999999997,2582.2999999999997,7.992111599999999,2.3578656375816625,exchange_guard_proxy_touch,False,-7.535,0.45711160000000006,0.0,0.23006280000000004,-7.9921116,-138.9553043777612,1,True
ETHUSDT,long,a37fce50f6130b43225d137eb4dcb79c0a02d8a9c46ea0b8db9efe38f3312572,ETHUSDT|long|confirmed_volume,1747328160000,1747333380000,2025-05-15T16:56:00+00:00,2025-05-15T18:23:00+00:00,2591.57,2542.82,0.16,414.6512,82.93024,5,2544.99,2544.99,8.12860096,1.7947400200262942,exchange_guard_proxy_touch,False,-7.8,0.32860096000000005,0.0,0.16586048000000003,-8.12860096,-196.03466624478597,1,True
BTCUSDT,long,c758aa00a3a4af632819c14c67c43a2d740e73d4b3b0fd9d6a8855f900bad413,BTCUSDT|long|high_volume,1747347060000,1747381860000,2025-05-15T22:11:00+00:00,2025-05-16T07:51:00+00:00,103638.1,103674.0,0.0063,652.92003,130.584006,5,102535.9,103762.2,8.012558735999963,4.140483507021763,exchange_guard_proxy_touch,False,0.22616999999996332,0.522426492,-0.029429111678400004,0.261168012,-0.3256856036784367,-4.988139262298887,1,True
ETHUSDT,long,bb7577a37b3c577ac92088bf7988a8dab4985a98a9f0ec6c93aa1b601ac28c2b,ETHUSDT|long|high_volume,1747361160000,1747427640000,2025-05-16T02:06:00+00:00,2025-05-16T20:34:00+00:00,2580.03,2566.07,0.11,283.80330000000004,56.76066000000001,5,2510.4799999999996,2568.2599999999998,8.109788280000005,3.1547187981876754,exchange_guard_proxy_touch,False,-1.535600000000004,0.2264284,-0.04915524224600001,0.11352132000000002,-1.8111836422460041,-63.818272805355114,1,True
BTCUSDT,long,15e240c585329f3617c7557a32168d962b23e8ba6f0bdfa19bcf89680d649fd7,BTCUSDT|long|high_volume,1747501860000,1747519860000,2025-05-17T17:11:00+00:00,2025-05-17T22:11:00+00:00,103174.0,102787.40000000001,0.010700000000000001,1103.9618,220.79236,5,102590.9,102874.9,8.053580127999938,2.0154838064496414,exchange_guard_proxy_touch,False,-4.136619999999907,0.8815147920000002,0.0,0.4415847200000001,-5.018134791999907,-45.45569232558506,1,True
ETHUSDT,long,eb07a5e558eecd32a0deea34fb386b97ed0ed5378dc7e01aeb9c85954ebb799c,ETHUSDT|long|high_volume,1747515360000,1747520760000,2025-05-17T20:56:00+00:00,2025-05-17T22:26:00+00:00,2493.12,2458.55,0.17,423.8304,84.76608,5,2450.6099999999997,2460.6499999999996,7.9180315199999844,3.934094450092375,exchange_guard_proxy_touch,False,-5.876899999999951,0.33671356,0.0,0.16953216000000002,-6.213613559999951,-146.60613207547053,1,True
ETHUSDT,long,9e7b03b7c307a12502a9c49bbbfc9b2a509723dbadc2addc5db82ace3fc4d812,ETHUSDT|long|high_volume,1747548060000,1747591080000,2025-05-18T06:01:00+00:00,2025-05-18T17:58:00+00:00,2509.91,2484.52,0.16,401.5856,80.31712,5,2466.7299999999996,2486.64,7.563170559999959,2.7969464324016866,exchange_guard_proxy_touch,False,-4.06239999999998,0.31964352,-0.0202378228,0.16063424,-4.40228134279998,-109.62249001956197,1,True
BTCUSDT,long,5213b6aa2990001c5ca9fff996efc6646f979961d1def1da6903cbc0bed44555,BTCUSDT|long|confirmed_volume,1747526760000,1747598400000,2025-05-18T00:06:00+00:00,2025-05-18T20:00:00+00:00,103230.5,103572.40000000001,0.0145,1496.8422500000001,299.36845000000005,5,102874.9,103660.59999999999,7.619853819999873,1.7256154987421244,exchange_guard_proxy_touch,False,4.9575500000001265,1.1994568200000002,-0.24187774495500003,0.5987369,3.5162154350451265,23.49088846900952,1,True
BTCUSDT,long,e26d6f054ded21a10dbd3156a57d270411901974a3b4f2cc59dc6e9a20591508,BTCUSDT|long|high_volume,1747607160000,1747626780000,2025-05-18T22:26:00+00:00,2025-05-19T03:53:00+00:00,104923.90000000001,103572.40000000001,0.0055000000000000005,577.0814500000001,115.41629000000003,5,103660.59999999999,103660.59999999999,7.89194186,2.254102085121422,exchange_guard_proxy_touch,False,-7.433250000000001,0.45869186000000006,-0.035055950875000005,0.23083258000000006,-7.926997810875001,-137.36358725228473,1,True
BTCUSDT,long,e1ac4339b29487f0aa9c902b3d751631a9c1f59f7cb9cd54b2fe8c1fcbe638de,BTCUSDT|long|confirmed_volume,1747674060000,1747722300000,2025-05-19T17:01:00+00:00,2025-05-20T06:25:00+00:00,105470.0,105390.3,0.0022,232.03400000000002,46.406800000000004,5,102088.79999999999,105480.0,7.81217536,1.6958763522051346,exchange_guard_proxy_touch,False,-0.1753399999999936,0.18555706400000002,-0.019451143954,0.09281360000000001,-0.38034820795399366,-16.391917044656974,1,True
ETHUSDT,long,1e38f7ad460db5d79430c66d68200aea2c82c243f9e2f68a97c9b5a62776cb15,ETHUSDT|long|confirmed_volume,1747655160000,1747735920000,2025-05-19T11:46:00+00:00,2025-05-20T10:12:00+00:00,2419.89,2518.5,0.1,241.989,48.397800000000004,5,2346.9799999999996,2520.6499999999996,7.681594799999985,1.5584237311542448,exchange_guard_proxy_touch,False,9.861000000000013,0.1975356,-0.06011433757000001,0.09679560000000001,9.603350062430012,396.85068587539155,1,True
BTCUSDT,long,7af2ab8bd1aa6999fad59a376adcf342c87f738ca664980121e9f427f3274e48,BTCUSDT|long|high_volume,1747783260000,1747819920000,2025-05-20T23:21:00+00:00,2025-05-21T09:32:00+00:00,107027.1,106056.5,0.0038,406.70298,81.340596,5,105156.7,106146.79999999999,7.769623488000011,2.047224984598522,exchange_guard_proxy_touch,False,-3.688280000000022,0.323887072,-0.0644940432282,0.16268119200000003,-4.076661115228222,-100.23681447399825,1,True
ETHUSDT,long,c99c48999ddc8f2d83bf15414ef023738c05e754056e89302c58aac31cf4dfde,ETHUSDT|long|high_volume,1747804560000,1747848120000,2025-05-21T05:16:00+00:00,2025-05-21T17:22:00+00:00,2571.38,2518.33,0.11,282.8518,56.57036000000001,5,2506.2999999999997,2520.4799999999996,7.617523760000028,4.548806337536414,exchange_guard_proxy_touch,False,-5.83550000000002,0.22394724000000002,-0.028026715013,0.11314072000000001,-6.08747395501302,-215.21779090721782,1,True
BTCUSDT,long,91f4dc3b3ca754bad1a775878cab1309bd7afb583812031da3853c981e95a62a,BTCUSDT|long|high_volume,1747826460000,1747850040000,2025-05-21T11:21:00+00:00,2025-05-21T17:54:00+00:00,106690.70000000001,106056.5,0.0109,1162.92863,232.58572600000002,5,106146.79999999999,106146.79999999999,7.840357792000127,2.8285463122229104,exchange_guard_proxy_touch,False,-6.912780000000127,0.9275777920000001,-0.06078346363860001,0.46517145200000004,-7.901141255638727,-67.94175542516935,1,True
ETHUSDT,long,9b8c946186c151c3cec4aa6c443ef08075f2e99f1643060c84075c6a4e53010f,ETHUSDT|long|confirmed_volume,1747905660000,1747943100000,2025-05-22T09:21:00+00:00,2025-05-22T19:45:00+00:00,2681.9900000000002,2632.2200000000003,0.09,241.37910000000002,48.27582,5,2601.64,2634.4599999999996,7.621430760000015,1.9791934614829205,exchange_guard_proxy_touch,False,-4.4792999999999985,0.19131156000000005,-0.02397186,0.09655164000000001,-4.694583419999998,-194.49005402704697,1,True
BTCUSDT,long,eeb8fafbc778bf4f782a90747ae149c93fb61d1e4938007cf48ab7dbbe17eac1,BTCUSDT|long|high_volume,1747866960000,1747974240000,2025-05-21T22:36:00+00:00,2025-05-23T04:24:00+00:00,108918.1,110609.90000000001,0.0025,272.29525,54.459050000000005,5,106085.2,110704.0,7.522663100000015,3.603107809184773,exchange_guard_proxy_touch,False,4.229500000000007,0.219528,-0.10898677736500001,0.10891810000000002,3.9009852226350064,143.26306546423436,1,True
ETHUSDT,long,1082d0e770044fa7a70c9812ebbe46aa491a01a412ba4aed7336852e8958bb9d,ETHUSDT|long|high_volume,1748082960000,1748121660000,2025-05-24T10:36:00+00:00,2025-05-24T21:21:00+00:00,2569.3,2540.05,0.19,488.16700000000003,97.63340000000001,5,2534.0899999999997,2542.22,7.487993480000066,7.490947100977732,exchange_guard_proxy_touch,False,-5.5575,0.3883106,-0.010259681712,0.19526680000000005,-5.956070281712,-122.00886749231306,1,True
BTCUSDT,long,58aa66b29f5b720f051d7417059880b267a98d62ec9194990a33845589c40f77,BTCUSDT|long|high_volume,1748082960000,1748125380000,2025-05-24T10:36:00+00:00,2025-05-24T22:23:00+00:00,108604.5,108403.40000000001,0.0061,662.4874500000001,132.49749000000003,5,107519.9,108495.7,7.70072052,6.438699808795411,exchange_guard_proxy_touch,False,-1.226709999999947,0.5294992760000001,-0.0520551964787,0.26499498000000005,-1.808264472478647,-27.295075136572724,1,True
ETHUSDT,long,1a9fb8b162c33f9ad1e02bd5ceb0866b171dbbd4aa4fd7b729ce974cd1c52031,ETHUSDT|long|high_volume,1748197860000,1748267640000,2025-05-25T18:31:00+00:00,2025-05-26T13:54:00+00:00,2521.15,2550.29,0.27,680.7105,136.1421,5,2496.99,2552.4599999999996,7.640029079999991,2.7596657022676063,exchange_guard_proxy_touch,False,7.867799999999966,0.5477155200000001,-0.05869964011499999,0.27228420000000003,7.2613848398849665,106.67361293655622,1,True
BTCUSDT,long,d72425123576f42a7d0ab25c30da73e97155ce3b51488180928666fb71d028ec,BTCUSDT|long|high_volume,1748221260000,1748276460000,2025-05-26T01:01:00+00:00,2025-05-26T16:21:00+00:00,109680.8,109319.70000000001,0.0028,307.10624,61.421248000000006,5,107118.7,109412.79999999999,7.671673407999991,2.309844401523825,exchange_guard_proxy_touch,False,-1.0110799999999756,0.24528056,-0.0609324526272,0.12284249600000001,-1.3172930126271756,-42.89372344330013,1,True
ETHUSDT,long,65e279b7269367d1c2aa219377d74b65bf53c13c830cf66af9c59f395b5adcca,ETHUSDT|long|high_volume,1748365860000,1748397540000,2025-05-27T17:11:00+00:00,2025-05-28T01:59:00+00:00,2686.94,2630.17,0.13,349.3022,69.86044000000001,5,2632.41,2632.41,7.656589719999998,4.151710779308183,exchange_guard_proxy_touch,False,-7.380099999999998,0.27648972000000005,-0.034577790000000004,0.13972088000000002,-7.691167509999998,-220.1866323773511,1,True
ETHUSDT,long,1d7f23198320d3f9ae042ee489d9e0ca9b68dce78a91941df0aed6d3f204c138,ETHUSDT|long|confirmed_volume,1748430360000,1748441820000,2025-05-28T11:06:00+00:00,2025-05-28T14:17:00+00:00,2646.48,2620.12,0.26,688.0848,137.61696,5,2622.35,2622.35,7.401326400000033,1.663640539551151,exchange_guard_proxy_touch,False,-6.853600000000033,0.5477264000000001,0.0,0.27523392,-7.401326400000033,-107.56416069647278,1,True
ETHUSDT,long,0a193f38f05bbc3dec987d3349468f866a33315c780b3f79ae22b19964678d66,ETHUSDT|long|high_volume,1748469360000,1748519100000,2025-05-28T21:56:00+00:00,2025-05-29T11:45:00+00:00,2649.94,2707.68,0.17,450.48980000000006,90.09796000000001,5,2611.99,2709.99,7.188259599999974,4.2622987084733355,exchange_guard_proxy_touch,False,9.815799999999964,0.36431816,-0.09197680000000003,0.18019592,9.359505039999965,207.7628625553778,1,True
BTCUSDT,long,a30814dd5f1f8e840f08ebc9534e921fc9ea45763ebb56a121152ce8ab8f6b7b,BTCUSDT|long|confirmed_volume,1748502960000,1748526540000,2025-05-29T07:16:00+00:00,2025-05-29T13:49:00+00:00,108037.3,107346.5,0.0099,1069.5692700000002,213.91385400000004,5,107437.9,107437.9,7.691839848000029,1.6389120847437717,exchange_guard_proxy_touch,False,-6.838920000000029,0.8529198480000001,-0.030021222726,0.4278277080000001,-7.721861070726029,-72.19598849101216,1,True
ETHUSDT,long,414cd88e05ae7bee6b8a8523ff0912860031684c427f717a5306fd150412b2f9,ETHUSDT|long|high_volume,1748696460000,1748736720000,2025-05-31T13:01:00+00:00,2025-06-01T00:12:00+00:00,2537.65,2518.89,0.21,532.9065,106.58130000000001,5,2506.2599999999998,2521.04,7.464808680000042,4.416962217496483,exchange_guard_proxy_touch,False,-3.9396000000000457,0.42474936,-0.054487851074999996,0.2131626,-4.418837211075045,-82.91955926743331,1,True
BTCUSDT,long,109438da818f858e95bdc9211c46e98b8d27c5a044ed955cc45d5ad0ae38bb65,BTCUSDT|long|confirmed_volume,1748696460000,1748741700000,2025-05-31T13:01:00+00:00,2025-06-01T01:35:00+00:00,104037.6,104126.3,0.0079,821.8970400000002,164.37940800000004,5,103249.79999999999,104214.9,7.571990736000047,1.558955077343767,exchange_guard_proxy_touch,False,0.7007299999999771,0.6577979240000001,-0.0338857030895,0.32875881600000006,0.009046372910476948,0.11006698491671105,1,True
BTCUSDT,long,a7085560693f54d1b03dd8cb711315aad9362a5a71302ff41804c65f2eea92f9,BTCUSDT|long|high_volume,1748752560000,1748758800000,2025-06-01T04:36:00+00:00,2025-06-01T06:20:00+00:00,104662.70000000001,104126.3,0.012100000000000001,1266.4186700000002,253.28373400000004,5,104214.9,104214.9,7.500978760000106,3.029748583931725,exchange_guard_proxy_touch,False,-6.490440000000106,1.0105387600000002,0.0,0.5065674680000001,-7.500978760000106,-59.22984979367135,1,True
BTCUSDT,long,276f16767de09d643ca89ddb8f43e5f43f90effbce976f1f7dc110e99a878a74,BTCUSDT|long|confirmed_volume,1748768460000,1748768940000,2025-06-01T09:01:00+00:00,2025-06-01T09:09:00+00:00,104476.90000000001,104049.3,0.0143,1494.0196700000001,298.803934,5,104137.9,104137.9,7.307449864000083,1.8559426905730938,exchange_guard_proxy_touch,False,-6.114680000000083,1.1927698640000002,0.0,0.5976078680000001,-7.307449864000084,-48.91133638153562,1,True
ETHUSDT,long,8b9eb4b1507f67a37a9f0277a6c9055aa16fcc0764661fdad677d7c5c3744eb5,ETHUSDT|long|high_volume,1748815560000,1748834220000,2025-06-01T22:06:00+00:00,2025-06-02T03:17:00+00:00,2542.7400000000002,2489.43,0.13,330.55620000000005,66.11124000000001,5,2491.5499999999997,2491.5499999999997,7.1919728400000515,3.1006495566445835,exchange_guard_proxy_touch,False,-6.930300000000052,0.26167284,-0.005232621602000001,0.13222248000000003,-7.197205461602053,-217.73016091067274,1,True
ETHUSDT,long,dfbc19e9a574889921d911b5a12c9933d3e1afea3491a9195f6cd298a9712139,ETHUSDT|long|high_volume,1748847960000,1748854320000,2025-06-02T07:06:00+00:00,2025-06-02T08:52:00+00:00,2504.56,2489.43,0.42,1051.9152,210.38304,5,2491.5499999999997,2491.5499999999997,7.193590320000046,2.3247096910759426,exchange_guard_proxy_touch,False,-6.354600000000046,0.83899032,-0.05659978220399999,0.42076608,-7.250190102204045,-68.92371269284868,1,True
BTCUSDT,long,a69bd55e93027a59904ee02699b3ff457abcac0fbd9a4eb648ad9dc85e0430a0,BTCUSDT|long|high_volume,1748794260000,1748857500000,2025-06-01T16:11:00+00:00,2025-06-02T09:45:00+00:00,105254.0,104431.0,0.0043,452.5922,90.51844,5,103708.5,104519.9,7.384173795999987,11.26851857713515,exchange_guard_proxy_touch,False,-3.5389,0.36065820000000004,-0.022420971273799998,0.18103688,-3.9219791712738,-86.65591610447107,1,True
BTCUSDT,long,98657320e0aec634d99034d0855ad2bcaa92a0fa1cb702f1a13cbe549aa8ec1e,BTCUSDT|long|high_volume,1748901960000,1748938200000,2025-06-02T22:06:00+00:00,2025-06-03T08:10:00+00:00,105141.0,104973.0,0.0054,567.7614,113.55228,5,103984.09999999999,105062.4,7.176139271999937,3.961501594625905,exchange_guard_proxy_touch,False,-0.9072,0.45384624000000007,-0.0630367024896,0.22710456000000004,-1.4240829424896,-25.082419172729953,1,True
ETHUSDT,long,8b933141da3148e608ed65113fa27d71f503c08afc890bd1b9f940069e34c1e2,ETHUSDT|long|high_volume,1748901960000,1748982600000,2025-06-02T22:06:00+00:00,2025-06-03T20:30:00+00:00,2566.83,2599.53,0.15,385.0245,77.00489999999999,5,2522.87,2601.75,7.221752999999951,9.059760288943306,exchange_guard_proxy_touch,False,4.905000000000041,0.3099816,-0.05772870217499999,0.1540098,4.537289697825041,117.84418128781522,1,True
BTCUSDT,long,8748b73d5a09db898234874225b371f2b8a43b9b3d7a118fa4cef5b90c9957e8,BTCUSDT|long|confirmed_volume,1748978760000,1748997060000,2025-06-03T19:26:00+00:00,2025-06-04T00:31:00+00:00,106330.5,105110.8,0.0047,499.75335,99.95067,5,104969.29999999999,105200.29999999999,7.214425740000001,1.5731063942771089,exchange_guard_proxy_touch,False,-5.732589999999987,0.39750964400000005,5.445566170000001e-05,0.19990134,-6.130045188338287,-122.66141264162185,1,True
BTCUSDT,long,4fd08c9e0dc240bf2cd2ad43b0a5ebb927dbecd55d988ee5c98c05d9bfb03a29,BTCUSDT|long|high_volume,1749003060000,1749018660000,2025-06-04T02:11:00+00:00,2025-06-04T06:31:00+00:00,105862.40000000001,105110.8,0.0086,910.41664,182.083328,5,105200.29999999999,105200.29999999999,7.18950780800005,2.737827026602224,exchange_guard_proxy_touch,False,-6.46376000000005,0.7257478080000002,0.0,0.3641666560000001,-7.189507808000051,-78.96942446043221,1,True
BTCUSDT,long,9fe26355d6ff2b9b41fafa5a8a213bdd4f4deb4ebe8a020aa070e0f1cf2da8cf,BTCUSDT|long|high_volume,1749030360000,1749036840000,2025-06-04T09:46:00+00:00,2025-06-04T11:34:00+00:00,105765.6,105110.40000000001,0.009600000000000001,1015.3497600000002,203.06995200000003,5,105199.9,105199.9,7.099683839999973,5.163875912361984,exchange_guard_proxy_touch,False,-6.289919999999973,0.8097638400000001,0.0,0.40613990400000005,-7.099683839999973,-69.92352901132288,1,True
BTCUSDT,long,afe78db4742eb8997143b88182c42979ce57ca9f95de035440b742c722dfff0a,BTCUSDT|long|confirmed_volume,1749085260000,1749105300000,2025-06-05T01:01:00+00:00,2025-06-05T06:35:00+00:00,105024.70000000001,104261.20000000001,0.0082,861.2025400000001,172.24050800000003,5,104349.9,104349.9,6.947157752000001,1.7948580304726225,exchange_guard_proxy_touch,False,-6.260700000000001,0.6864577520000001,0.0,0.3444810160000001,-6.947157752000001,-80.66810569323216,1,True
ETHUSDT,long,cdb0c111b8949ad47794557c85d74d1afe8d9be1930104452b94f78f474c7377,ETHUSDT|long|high_volume,1749006960000,1749111600000,2025-06-04T03:16:00+00:00,2025-06-05T08:20:00+00:00,2632.73,2594.73,0.13,342.2549,68.45098,5,2582.3999999999996,2596.9399999999996,7.099972359999967,4.812917894726554,exchange_guard_proxy_touch,False,-4.94,0.27182792000000006,-0.090191812022,0.13690196000000002,-5.302019732022,-154.9143557045348,1,True
ETHUSDT,long,dc03098dbd98e43ec349fbb495e1e7def99564259c737d23b9f9f95b937550f5,ETHUSDT|long|confirmed_volume,1749118260000,1749119880000,2025-06-05T10:11:00+00:00,2025-06-05T10:38:00+00:00,2613.83,2594.73,0.32,836.4256,167.28512,5,2596.9399999999996,2596.9399999999996,6.778695679999971,1.9353600189347815,exchange_guard_proxy_touch,False,-6.111999999999971,0.66669568,0.0,0.3345702400000001,-6.778695679999971,-81.04361798586713,1,True
ETHUSDT,long,b7aabc83b483a33ef38faf83946e50a4f30b82c20707a521d56ce48b9d372bce,ETHUSDT|long|high_volume,1749125460000,1749131220000,2025-06-05T12:11:00+00:00,2025-06-05T13:47:00+00:00,2616.54,2594.73,0.28,732.6312,146.52624,5,2596.9399999999996,2596.9399999999996,6.690462239999985,3.892651058198775,exchange_guard_proxy_touch,False,-6.106799999999986,0.5836622400000002,0.0,0.29305248,-6.690462239999986,-91.32101171776449,1,True
ETHUSDT,long,d3dcb15542c76d4f11f40c522fc9a2afb7ca72f00b7b55900e6fc81ada1aa324,ETHUSDT|long|high_volume,1749242760000,1749248280000,2025-06-06T20:46:00+00:00,2025-06-06T22:18:00+00:00,2504.38,2480.09,0.25,626.095,125.21900000000001,5,2482.2,2482.2,6.5709469999999905,2.875996243087502,exchange_guard_proxy_touch,False,-6.072499999999991,0.49844700000000003,0.0,0.25043800000000005,-6.5709469999999905,-104.95127736206152,1,True
ETHUSDT,long,6a6b738baa533c04e7408fcddae23ddb1aec3c7930a16cba4682ee5a352c9145,ETHUSDT|long|high_volume,1749295560000,1749374820000,2025-06-07T11:26:00+00:00,2025-06-08T09:27:00+00:00,2499.38,2503.4700000000003,0.28,699.8264000000001,139.96528000000004,5,2480.24,2505.6,6.5074811200000005,5.928940361064842,exchange_guard_proxy_touch,False,1.1452000000000409,0.5603192000000001,-0.18528915053600004,0.27993056000000005,0.3995916494640407,5.709868182509842,1,True
ETHUSDT,long,c5e408c83bcb6ecdd1486ef2079b0ea3339592750e02fabaed365a440d390d57,ETHUSDT|long|high_volume,1749486060000,1749631140000,2025-06-09T16:21:00+00:00,2025-06-11T08:39:00+00:00,2553.15,2768.77,0.13,331.90950000000004,66.3819,5,2507.97,2771.1299999999997,6.414666960000021,7.329494500584315,exchange_guard_proxy_touch,False,28.030599999999986,0.27673984,-0.17802512,0.13276380000000002,27.575835039999983,830.8239155552938,1,True
ETHUSDT,long,00f265b00d0f84261c5f514c5bca26e851eb5611c50edb080b9059cc02f9e96e,ETHUSDT|long|high_volume,1749710460000,1749713820000,2025-06-12T06:41:00+00:00,2025-06-12T07:37:00+00:00,2776.36,2750.65,0.25,694.09,138.818,5,2753.0,2753.0,6.980201000000009,3.140714042857464,exchange_guard_proxy_touch,False,-6.427500000000009,0.552701,0.0,0.27763600000000005,-6.980201000000009,-100.56622340042371,1,True
ETHUSDT,long,5508f887fd54b29e2fd17752184b991617681f7c122e3a031a71529b4f9086f0,ETHUSDT|long|high_volume,1749816060000,1749824640000,2025-06-13T12:01:00+00:00,2025-06-13T14:24:00+00:00,2545.94,2503.21,0.15,381.891,76.3782,5,2505.3399999999997,2505.3399999999997,6.712449000000003,3.067286837817632,exchange_guard_proxy_touch,False,-6.409500000000002,0.30294899999999997,0.0,0.15275640000000001,-6.712449000000002,-175.76871410952347,1,True
ETHUSDT,long,2a2289d7af85951584bc511854f5f8e9060e7fbb6f4ca0e041a7f74f72edec80,ETHUSDT|long|high_volume,1749831360000,1749881940000,2025-06-13T16:16:00+00:00,2025-06-14T06:19:00+00:00,2579.5,2543.65,0.08,206.36,41.272000000000006,5,2505.3399999999997,2545.8199999999997,6.265846719999997,3.252557412700881,exchange_guard_proxy_touch,False,-2.8679999999999928,0.1639408,-0.00942965856,0.082544,-3.041370458559993,-147.38178225237414,1,True
ETHUSDT,long,ab4e571a73892b8d8286fad56926f7f95775294496675f9365c18331aa37f59c,ETHUSDT|long|high_volume,1749962460000,1749972720000,2025-06-15T04:41:00+00:00,2025-06-15T07:32:00+00:00,2536.71,2521.62,0.4,1014.6840000000001,202.9368,5,2523.77,2523.77,6.845332800000058,2.9718009379411994,exchange_guard_proxy_touch,False,-6.036000000000058,0.8093328,0.0,0.40587360000000006,-6.845332800000058,-67.462705630522,1,True
ETHUSDT,long,c2b9482af2d49305c8c2e80e2516d942112c5847ec73364cd47cc57a0e044f72,ETHUSDT|long|high_volume,1750051260000,1750113600000,2025-06-16T05:21:00+00:00,2025-06-16T22:40:00+00:00,2581.09,2589.4,0.09,232.2981,46.45962,5,2513.37,2591.6099999999997,6.4707235200000115,2.561027257436895,exchange_guard_proxy_touch,False,0.747899999999995,0.18613764,-0.030802813919999998,0.09291924000000001,0.5309595460799951,22.856818289947057,1,True
ETHUSDT,long,be48daa0a12247f88f8d9508c1d31751d806eb0e732d8b789f9d83e34f996994,ETHUSDT|long|high_volume,1750169760000,1750172160000,2025-06-17T14:16:00+00:00,2025-06-17T14:56:00+00:00,2564.62,2538.48,0.24,615.5088,123.10175999999998,5,2540.64,2540.64,6.76349759999997,3.137693017022979,exchange_guard_proxy_touch,False,-6.273599999999969,0.48989760000000004,0.0,0.24620352,-6.763497599999969,-109.88466127535413,1,True
ETHUSDT,long,ed3d649a0058692e42abfe00d0bd8065989b20c6319b6cd4bba7f11667e01b69,ETHUSDT|long|confirmed_volume,1750221960000,1750242120000,2025-06-18T04:46:00+00:00,2025-06-18T10:22:00+00:00,2540.85,2514.25,0.12,304.902,60.980399999999996,5,2490.99,2516.39,6.479026560000002,1.9659014951785585,exchange_guard_proxy_touch,False,-3.191999999999989,0.2426448,-0.020609114472,0.1219608,-3.455253914471989,-113.32342570635775,1,True
ETHUSDT,long,ff074ed257e9b6f10d30c046f707b7aec590a0af82ba0211ea83ba424a4b7258,ETHUSDT|long|high_volume,1750309860000,1750344300000,2025-06-19T05:11:00+00:00,2025-06-19T14:45:00+00:00,2527.43,2503.38,0.25,631.8575,126.3715,5,2505.5099999999998,2505.5099999999998,6.515580999999932,2.83757244202739,exchange_guard_proxy_touch,False,-6.012499999999932,0.503081,-0.030166662699999996,0.252743,-6.545747662699932,-103.59531480911333,1,True
ETHUSDT,long,c7cb285c929ba2e7a235661f72739687e878d93f65495a89c4bcf8c3b115a9a2,ETHUSDT|long|confirmed_volume,1750403760000,1750431000000,2025-06-20T07:16:00+00:00,2025-06-20T14:50:00+00:00,2528.91,2500.3,0.21,531.0711,106.21422,5,2502.43,2502.43,6.430553639999931,1.7664013845361186,exchange_guard_proxy_touch,False,-6.008099999999931,0.42245364,-0.047970513779999994,0.21242843999999997,-6.478524153779931,-121.98977036746928,1,True
ETHUSDT,long,dc34263986b55e6b730976ea2b84063ff2a8be4eacd19ecaead3bf2e5c3272d4,ETHUSDT|long|high_volume,1750493160000,1750536240000,2025-06-21T08:06:00+00:00,2025-06-21T20:04:00+00:00,2431.4,2377.96,0.11,267.454,53.4908,5,2379.99,2379.99,6.090011840000006,4.124919663980513,exchange_guard_proxy_touch,False,-5.878400000000006,0.21161184000000005,-0.013352290556,0.10698160000000001,-6.103364130556006,-228.2023873472076,1,True
ETHUSDT,long,40243f5a430f6ed27721a5201ce218d434b840a06237e7b35a3f1e0c26e185a0,ETHUSDT|long|confirmed_volume,1750539360000,1750541040000,2025-06-21T20:56:00+00:00,2025-06-21T21:24:00+00:00,2406.88,2377.96,0.21,505.4448,101.08896,5,2379.99,2379.99,6.475126560000015,1.5367700895932466,exchange_guard_proxy_touch,False,-6.073200000000015,0.40192656,0.0,0.20217792,-6.475126560000015,-128.10749185667783,1,True
ETHUSDT,short,f3a06624eb16b4ab3966bda8cfcbb3bfa1f069c592aab862f348a21a6045165f,ETHUSDT|short|high_volume,1750764060000,1750773900000,2025-06-24T11:21:00+00:00,2025-06-24T14:05:00+00:00,2396.03,2436.18,0.15,359.40450000000004,71.88090000000001,5,2434.11,2434.11,6.312432599999945,2.4471049108882426,exchange_guard_proxy_touch,False,-6.022499999999945,0.2899326,0.0,0.14376180000000002,-6.312432599999945,-175.63588101985212,1,True
ETHUSDT,short,a20f8e96d719c628a00b17661bfb4a455d14846af08ec8c2420b67ace7547c28,ETHUSDT|short|high_volume,1750829160000,1750885320000,2025-06-25T05:26:00+00:00,2025-06-25T21:02:00+00:00,2425.07,2447.96,0.13,315.25910000000005,63.051820000000006,5,2467.8500000000004,2445.88,6.088941040000014,2.9813992010532506,exchange_guard_proxy_touch,False,-2.9756999999999834,0.2533975600000001,0.0036621488800000004,0.12610364000000002,-3.2254354111199834,-102.31062041095667,1,True
ETHUSDT,short,819d52126fd56ba33df8f8d97380c62fc1643a8226e1c8623d1926011927aec3,ETHUSDT|short|high_volume,1750889160000,1750901520000,2025-06-25T22:06:00+00:00,2025-06-26T01:32:00+00:00,2416.44,2447.96,0.18,434.9592,86.99184,5,2445.88,2445.88,6.023836799999996,2.2799236981334268,exchange_guard_proxy_touch,False,-5.673599999999997,0.35023679999999996,0.011995993728,0.17398368,-6.011840806271997,-138.21620065219903,1,True
ETHUSDT,short,ff8557d19984a3a141005715b45fb590c0fc3e04d189b7dd9a5eb38eb5a01a13,ETHUSDT|short|high_volume,1750940760000,1751008620000,2025-06-26T12:26:00+00:00,2025-06-27T07:17:00+00:00,2432.77,2454.42,0.08,194.6216,38.92432,5,2499.86,2452.3300000000004,5.695512320000021,4.467814345502643,exchange_guard_proxy_touch,False,-1.7320000000000073,0.15639008000000001,0.0024948172880000005,0.07784864000000001,-1.8858952627120074,-96.90061445964926,1,True
ETHUSDT,short,333e9e724f722eacc78e7132936d9703f827599d47d3422acd890fe74c3fd8d6,ETHUSDT|short|confirmed_volume,1751066760000,1751097360000,2025-06-27T23:26:00+00:00,2025-06-28T07:56:00+00:00,2415.2000000000003,2431.08,0.16,386.4320000000001,77.28640000000001,5,2448.7000000000003,2429.01,6.005823359999951,1.8308758732515689,exchange_guard_proxy_touch,False,-2.540799999999945,0.3101619200000001,0.032692132032,0.15457280000000004,-2.818269787967945,-72.93054891851463,1,True
ETHUSDT,short,de673f3e1d638367fcf35c021bee94eb569db19d5771cbf344d17563ed68b6c9,ETHUSDT|short|confirmed_volume,1751230860000,1751234520000,2025-06-29T21:01:00+00:00,2025-06-29T22:02:00+00:00,2429.12,2443.8,0.37,898.7743999999999,179.75487999999999,5,2441.7200000000003,2441.7200000000003,6.152792160000108,1.6599867748010615,exchange_guard_proxy_touch,False,-5.431600000000108,0.72119216,0.0,0.35950975999999996,-6.152792160000108,-68.45758134633239,1,True
ETHUSDT,short,b5f58f29b4e314138b5dc72eff51217ee7a8eeca082c2856f40f77965a08cd34,ETHUSDT|short|confirmed_volume,1751329860000,1751431080000,2025-07-01T00:31:00+00:00,2025-07-02T04:38:00+00:00,2475.76,2435.32,0.12,297.0912,59.418240000000004,5,2521.6000000000004,2433.25,5.998776479999973,1.9431552284774036,exchange_guard_proxy_touch,False,4.852800000000006,0.23573184,0.006032713115999999,0.11883648000000002,4.623100873116007,155.61217811621503,1,True
ETHUSDT,short,65b8139687e94f26ec0a502de8e5d19cec2cce081b3de5dfa75a5a832925c40d,ETHUSDT|short|high_volume,1751546460000,1751549820000,2025-07-03T12:41:00+00:00,2025-07-03T13:37:00+00:00,2573.96,2618.2400000000002,0.13,334.6148,66.92296,5,2616.01,2616.01,6.026394400000027,14.101888439579907,exchange_guard_proxy_touch,False,-5.756400000000026,0.2699944000000001,0.0,0.13384592,-6.026394400000026,-180.09945764503024,1,True
ETHUSDT,short,6ab503577c1ba00f0d0839cd74c73532c0347e456c4570ed23572bbe1494f844,ETHUSDT|short|confirmed_volume,1751555460000,1751684520000,2025-07-03T15:11:00+00:00,2025-07-05T03:02:00+00:00,2577.89,2521.76,0.14,360.9046,72.18092,5,2616.01,2519.61,5.939983280000051,1.8115075389525421,exchange_guard_proxy_touch,False,7.858199999999952,0.2855804,0.058556755796,0.14436184000000002,7.631176355795953,211.44580467513998,1,True
ETHUSDT,short,68f724c4dfeae1fecc47deea98ae425980d193ef48435349529c610c7b066b79,ETHUSDT|short|confirmed_volume,1751707260000,1751708880000,2025-07-05T09:21:00+00:00,2025-07-05T09:48:00+00:00,2506.91,2521.76,0.36,902.4875999999999,180.49751999999998,5,2519.61,2519.61,6.070128480000131,1.7305456607358862,exchange_guard_proxy_touch,False,-5.346000000000131,0.7241284800000001,0.0,0.36099504,-6.070128480000131,-67.2599654554825,1,True
ETHUSDT,short,117ca8583c0df5ce60fa64baff4f79b1135aa1ca7dd4f27c652e092c1e1e3383,ETHUSDT|short|high_volume,1751730660000,1751782620000,2025-07-05T15:51:00+00:00,2025-07-06T06:17:00+00:00,2504.15,2521.98,0.24,600.996,120.19919999999999,5,2524.7400000000002,2519.8300000000004,5.940579839999947,8.116921819007358,exchange_guard_proxy_touch,False,-4.279199999999983,0.4825084800000001,0.056940578904000005,0.24039839999999998,-4.704767901095982,-78.28284882255426,1,True
ETHUSDT,short,fa9f774ad49b3950b475e8570ce040b0b8d1b022a2da5708bc70aeedad7ad461,ETHUSDT|short|high_volume,1751789160000,1751805480000,2025-07-06T08:06:00+00:00,2025-07-06T12:38:00+00:00,2513.46,2521.98,0.58,1457.8067999999998,291.56136,5,2519.8300000000004,2519.8300000000004,6.109822079999989,3.1804163262759664,exchange_guard_proxy_touch,False,-4.941599999999989,1.16822208,0.0,0.58312272,-6.109822079999988,-41.91105488052319,1,True
ETHUSDT,short,48a79cba702083b29566ca79b6a4a36a4df0c78d8944270fecd03e099c8f192f,ETHUSDT|short|high_volume,1751881860000,1751954700000,2025-07-07T09:51:00+00:00,2025-07-08T06:05:00+00:00,2566.3,2556.01,0.21,538.923,107.7846,5,2589.8900000000003,2553.8300000000004,5.851305599999942,3.744035904292926,exchange_guard_proxy_touch,False,2.1608999999999923,0.4302740400000001,0.024487770047999995,0.21556920000000002,1.7551137300479922,32.56705930249761,1,True
ETHUSDT,short,0154b68dd0bc45e3af420982b659bf09f815dbe7b401402104ae6d4a38c9d968,ETHUSDT|short|high_volume,1752033660000,1752039480000,2025-07-09T04:01:00+00:00,2025-07-09T05:38:00+00:00,2589.6,2628.25,0.14,362.54400000000004,72.50880000000001,5,2626.01,2626.01,5.703199600000013,2.9372794194206233,exchange_guard_proxy_touch,False,-5.411000000000013,0.29219960000000006,0.0,0.14501760000000002,-5.703199600000013,-157.31054989187552,1,True
BTCUSDT,long,e23c0fa0c4b40eef9df73b2ddf1614cced72e89ec73497a159b7652c6aaa2dea,BTCUSDT|long|high_volume,1752128760000,1752144180000,2025-07-10T06:26:00+00:00,2025-07-10T10:43:00+00:00,111319.6,110799.8,0.009000000000000001,1001.8764000000002,200.37528000000003,5,110834.5,110894.09999999999,6.014015279999949,2.8864258294224148,exchange_guard_proxy_touch,False,-4.678200000000027,0.7996298400000001,-0.08528759843400001,0.4007505600000001,-5.563117438434027,-55.52698355240253,1,True
BTCUSDT,long,4f66d0e62e6e138e7893e56133127547aceac7794b0425097fddbaf55bd7f0bb,BTCUSDT|long|high_volume,1752206460000,1752323820000,2025-07-11T04:01:00+00:00,2025-07-12T12:37:00+00:00,116804.20000000001,117354.90000000001,0.0032,373.77344000000005,74.75468800000002,5,115186.59999999999,117454.79999999999,5.786742784000019,2.9582676617003036,exchange_guard_proxy_touch,False,1.7622399999999907,0.29972364800000006,-0.150279232,0.14950937600000003,1.3122371199999907,35.10782146532377,1,True
BTCUSDT,long,74f9c6f48ffff8a97b30de0e2a08cf13a3f2ecc2b5fda6bc0a51673d0dc34608,BTCUSDT|long|high_volume,1752370860000,1752444600000,2025-07-13T01:41:00+00:00,2025-07-13T22:10:00+00:00,117530.6,118224.70000000001,0.0078000000000000005,916.7386800000002,183.34773600000003,5,116959.9,118325.29999999999,5.958859919999978,2.4879227823019763,exchange_guard_proxy_touch,False,5.413980000000046,0.7355565360000001,-0.184517268,0.3666954720000001,4.4939061960000455,49.02058017231306,1,True
BTCUSDT,long,d2c8d96bef26cfdd637c76ac5955cc06805fb06e6e097cfa9aae397c6a5c2c3d,BTCUSDT|long|high_volume,1752450660000,1752540000000,2025-07-13T23:51:00+00:00,2025-07-15T00:40:00+00:00,119002.20000000001,119403.3,0.0068000000000000005,809.2149600000001,161.84299200000004,5,118325.29999999999,119504.9,5.9322571680000005,2.5296595430892954,exchange_guard_proxy_touch,False,2.727479999999941,0.64846296,-0.3116088680244,0.32368598400000004,1.7674081719755406,21.84102196992923,1,True
BTCUSDT,long,90b99685e37a733b3ea3099d5ea05e2df4f862ed3aa9133360c357598808ea4e,BTCUSDT|long|high_volume,1752582960000,1752583080000,2025-07-15T12:36:00+00:00,2025-07-15T12:38:00+00:00,117485.40000000001,116762.90000000001,0.0073,857.6434200000001,171.52868400000003,5,116862.29999999999,116862.29999999999,5.958255036000001,6.701201346220997,exchange_guard_proxy_touch,False,-5.27425,0.6840050360000001,0.0,0.3430573680000001,-5.958255036000001,-69.47240423065334,1,True
BTCUSDT,long,a178e45792c104ee5c21c825aa82d1d3c5dc6da1fc3b6938575484ce74ecb4cc,BTCUSDT|long|high_volume,1752585060000,1752590520000,2025-07-15T13:11:00+00:00,2025-07-15T14:42:00+00:00,117915.0,116762.90000000001,0.0048000000000000004,565.9920000000001,113.19840000000002,5,116862.29999999999,116862.29999999999,5.980661567999959,4.311142322097379,exchange_guard_proxy_touch,False,-5.530079999999959,0.4505815680000001,0.0,0.22639680000000004,-5.9806615679999595,-105.6668922528933,1,True
BTCUSDT,long,e94c2e7a8e472312f06110ef6f525986c85a16bf9687537c4e75e6c7e51e8e5d,BTCUSDT|long|high_volume,1752627060000,1752706020000,2025-07-16T00:51:00+00:00,2025-07-16T22:47:00+00:00,118250.5,118678.90000000001,0.0025,295.62625,59.12525000000001,5,116049.9,118779.9,5.982451699999971,4.8377512908143885,exchange_guard_proxy_touch,False,1.071000000000022,0.23692940000000004,-0.05930927500000001,0.11825050000000001,0.7747613250000218,26.20746043357184,1,True
BTCUSDT,long,dc331e7f621b940cf1ceeab79ab3006b086c8887db4919c4b8aacf0299c620e9,BTCUSDT|long|high_volume,1752760560000,1752823500000,2025-07-17T13:56:00+00:00,2025-07-18T07:25:00+00:00,118383.40000000001,119624.6,0.0082,970.7438800000001,194.14877600000003,5,117810.29999999999,119726.4,6.295446680000024,2.751387642206418,exchange_guard_proxy_touch,False,10.177839999999977,0.7806662400000002,-0.19520223000000003,0.3882975520000001,9.201971529999977,94.79299040237036,1,True
ETHUSDT,long,0b0f8e931eeb42e029c622ab36bc19e353ef8a54d77c3edc85650575a0e6e706,ETHUSDT|long|high_volume,1752582960000,1752848700000,2025-07-15T12:36:00+00:00,2025-07-18T14:25:00+00:00,3005.69,3586.9300000000003,0.11,330.6259,66.12518,5,2957.99,3589.99,5.786491039999978,15.059544219788945,exchange_guard_proxy_touch,False,63.93640000000003,0.29007528000000005,-0.32893641,0.13225036,63.31738831000003,1915.0764749525076,1,True
ETHUSDT,long,f977d9eab16e74d6a90f5c86a69410a7d9404ce7fa550e4c7d00e0aa1b0d498b,ETHUSDT|long|high_volume,1752892860000,1752923700000,2025-07-19T02:41:00+00:00,2025-07-19T11:15:00+00:00,3561.73,3542.75,0.1,356.173,71.2346,5,3504.89,3545.77,6.264545600000017,2.157687754078679,exchange_guard_proxy_touch,False,-1.898000000000002,0.2841792,-0.035705400000000005,0.14246920000000002,-2.217884600000002,-62.269868855865035,1,True
ETHUSDT,long,8cfeb30a598feb51c885067f2760600bd0dd07edb61ec9122b163d0df8847fcd,ETHUSDT|long|high_volume,1752924660000,1752926820000,2025-07-19T11:31:00+00:00,2025-07-19T12:07:00+00:00,3574.9700000000003,3542.75,0.18,643.4946,128.69892,5,3545.77,3545.77,6.312075840000046,6.127655530932899,exchange_guard_proxy_touch,False,-5.799600000000046,0.51247584,0.0,0.25739784000000004,-6.3120758400000465,-98.0905797810898,1,True
BTCUSDT,long,3a55c4199bda43d8fb328b680219035ffe3c52189cfa9295a742f06a6d5cb182,BTCUSDT|long|high_volume,1752921960000,1752934440000,2025-07-19T10:46:00+00:00,2025-07-19T14:14:00+00:00,118502.40000000001,117912.70000000001,0.0097,1149.4732800000002,229.89465600000003,5,118013.09999999999,118013.09999999999,6.6373805879999725,4.885500174276752,exchange_guard_proxy_touch,False,-5.720089999999972,0.9172905880000002,0.0,0.45978931200000006,-6.6373805879999725,-57.74280014581959,1,True
BTCUSDT,long,b87f8ac3c0edb3ba5312a7863f2ab8e2493e9573af3f9570f00e95a6117d788f,BTCUSDT|long|confirmed_volume,1752996360000,1753012860000,2025-07-20T07:26:00+00:00,2025-07-20T12:01:00+00:00,118012.5,117636.1,0.012700000000000001,1498.7587500000002,299.75175,5,117714.09999999999,117736.2,6.257932620000001,1.7573973986816995,exchange_guard_proxy_touch,False,-4.780279999999927,1.1970948880000003,-0.14984006100000002,0.5995035000000001,-6.127214948999927,-40.88192945662487,1,True
BTCUSDT,long,12ffa5f9880fe7ceb26a437156c7f8e509944377106fd1b722cb6d4b079b21d6,BTCUSDT|long|high_volume,1753016160000,1753041840000,2025-07-20T12:56:00+00:00,2025-07-20T20:04:00+00:00,118178.6,117812.40000000001,0.0102,1205.42172,241.08434400000002,5,117736.2,117912.7,6.495623976,2.0287012221778715,exchange_guard_proxy_touch,False,-3.7352399999999704,0.9628432800000001,-0.12104278800000001,0.48216868800000007,-4.819126067999971,-39.97875588304457,1,True
ETHUSDT,long,b09a3d5856497229e0d7948d651e21ba78a0142a7f03db866be0333d5b7c600c,ETHUSDT|long|high_volume,1752973860000,1753114500000,2025-07-20T01:11:00+00:00,2025-07-21T16:15:00+00:00,3617.9300000000003,3770.41,0.07,253.25510000000006,50.65102000000001,5,3536.0699999999997,3773.62,6.141127720000024,5.8693494790077825,exchange_guard_proxy_touch,False,10.67359999999997,0.20687352000000006,-0.13163003,0.10130204000000002,10.33509644999997,408.0903582988049,1,True
ETHUSDT,long,e1baf3cdb1feaca160af075acdfd95b290988f045cf5753dda002f46b5f935f2,ETHUSDT|long|high_volume,1753210560000,1753213260000,2025-07-22T18:56:00+00:00,2025-07-22T19:41:00+00:00,3721.85,3676.86,0.13,483.8405,96.7681,5,3679.99,3679.99,6.233432919999972,3.4141470428366087,exchange_guard_proxy_touch,False,-5.848699999999972,0.38473292000000003,0.0,0.1935362,-6.233432919999972,-128.83239249298006,1,True
ETHUSDT,long,a0b69fbaea3d5760436d593c19d440ba89e5bbdc2c3c0326aea0a5eb21d07430,ETHUSDT|long|high_volume,1753221960000,1753248540000,2025-07-22T22:06:00+00:00,2025-07-23T05:29:00+00:00,3722.2000000000003,3708.83,0.08,297.776,59.5552,5,3654.5299999999997,3711.99,5.898355840000017,2.388359102158522,exchange_guard_proxy_touch,False,-1.0696000000000276,0.23779296000000003,-0.029968160000000004,0.11911040000000002,-1.3373611200000275,-44.91164902477122,1,True
BTCUSDT,long,5f0c12ad27a18215b40c87cc80ddd64ec4f92d06f069a04905771f306bd80ee8,BTCUSDT|long|confirmed_volume,1753180860000,1753251180000,2025-07-22T10:41:00+00:00,2025-07-23T06:13:00+00:00,118800.90000000001,118421.1,0.0025,297.00225,59.40045,5,116484.09999999999,118521.9,6.274935900000022,1.6291185591560553,exchange_guard_proxy_touch,False,-0.9495000000000073,0.23722200000000002,-0.05972337500000001,0.11880090000000001,-1.2464453750000073,-41.96753980820036,1,True
BTCUSDT,long,d3cb8672054478cda98d3d34ed5672d76b7dda0fa62c827b0b7f1ad72ad24bc5,BTCUSDT|long|high_volume,1753315260000,1753340460000,2025-07-24T00:01:00+00:00,2025-07-24T07:01:00+00:00,118761.3,117219.1,0.0039000000000000003,463.16907000000003,92.633814,5,117318.9,117318.9,6.382709423999989,7.073959374572007,exchange_guard_proxy_touch,False,-6.014579999999989,0.3681294240000001,0.0,0.18526762800000005,-6.382709423999989,-137.8051739076616,1,True
BTCUSDT,long,74a1faa9304ffb565cbcbe69d0f190a61a839977bd2f561c27ac5b773eeffc59,BTCUSDT|long|high_volume,1753341360000,1753366140000,2025-07-24T07:16:00+00:00,2025-07-24T14:09:00+00:00,118070.8,117822.6,0.0067,791.0743600000001,158.214872,5,117318.9,117922.9,6.336966931999981,2.7087159781922163,exchange_guard_proxy_touch,False,-1.6629399999999805,0.6321943120000001,-0.079306627,0.316429744,-2.3744409389999803,-30.01539500028771,1,True
BTCUSDT,long,d5329e7d6d852a1380eb8b502cc4e272fdc19b9c29166ea37d9cda68a00e7057,BTCUSDT|long|confirmed_volume,1753368660000,1753402800000,2025-07-24T14:51:00+00:00,2025-07-25T00:20:00+00:00,118952.20000000001,117822.6,0.0051,606.6562200000001,121.33124400000001,5,117922.9,117922.9,6.24398059200003,1.6132406303869,exchange_guard_proxy_touch,False,-5.76096000000003,0.4830205920000001,-0.12105793500000003,0.24266248800000007,-6.36503852700003,-104.92002417777944,1,True
ETHUSDT,long,e36354d08fc945db50e86159130e24ef4dcdb0203f6335de1a5c6dc2e411efbc,ETHUSDT|long|high_volume,1753475460000,1753529400000,2025-07-25T20:31:00+00:00,2025-07-26T11:30:00+00:00,3662.12,3726.14,0.09,329.5908,65.91816,5,3599.99,3729.31,6.128425799999964,2.0205742536848015,exchange_guard_proxy_touch,False,5.761799999999998,0.26597736000000005,-0.06718698000000001,0.13183631999999998,5.4286356599999985,164.70834926217597,1,True
BTCUSDT,long,fc50fdf34b18c0d4c88fdce97e3121017c1ecb71dc279e19dd85df9ceaec6556,BTCUSDT|long|high_volume,1753472460000,1753574700000,2025-07-25T19:41:00+00:00,2025-07-27T00:05:00+00:00,116975.1,117745.8,0.0026000000000000003,304.1352600000001,60.827052000000016,5,114846.0,117846.0,6.030672336000008,2.498921954945151,exchange_guard_proxy_touch,False,2.0038199999999926,0.24410973600000008,-0.12242666800000003,0.12165410400000003,1.6372835959999925,53.83406041114707,1,True
BTCUSDT,long,8c7e7e12e63e6d2ce86ed2ac717600502d0b2d07e7bff418daf143cd984dce23,BTCUSDT|long|confirmed_volume,1753578960000,1753606920000,2025-07-27T01:16:00+00:00,2025-07-27T09:02:00+00:00,118203.70000000001,117745.8,0.0114,1347.5221800000002,269.50443600000006,5,117846.0,117846.0,6.2959897200001,1.5633792483630162,exchange_guard_proxy_touch,False,-5.2200600000001,1.07592972,-0.13461519000000002,0.5390088720000001,-6.430604910000099,-47.721699912947614,1,True
BTCUSDT,long,7e69a9866449bde223299ed66c8437c34724f0620f3180151a3f8aea7ef46629,BTCUSDT|long|confirmed_volume,1753625460000,1753686420000,2025-07-27T14:11:00+00:00,2025-07-28T07:07:00+00:00,118370.6,118848.6,0.008400000000000001,994.3130400000002,198.86260800000005,5,117822.09999999999,118949.79999999999,6.2423507999999766,1.916217369109307,exchange_guard_proxy_touch,False,4.015200000000001,0.7970565120000002,-0.19992369600000004,0.3977252160000001,3.018219792000001,30.354824593268937,1,True
ETHUSDT,long,68561bfd9404b81190199340188e485b80b7fd24f852e88abe17b49e7c8e3485,ETHUSDT|long|confirmed_volume,1753592160000,1753709100000,2025-07-27T04:56:00+00:00,2025-07-28T13:25:00+00:00,3791.38,3838.41,0.09,341.2242,68.24484,5,3728.35,3841.68,6.2285961599999835,1.7145243007355029,exchange_guard_proxy_touch,False,4.232699999999977,0.27467244,-0.13432882815,0.13648968,3.8236987318499773,112.05825178431007,1,True
BTCUSDT,long,e14ed67c82f8bdcc88076d6a70737f3b943678a85a878f3a08f0d6ff6e9cb0b8,BTCUSDT|long|confirmed_volume,1753768260000,1753797960000,2025-07-29T05:51:00+00:00,2025-07-29T14:06:00+00:00,118844.1,118018.5,0.0038,451.60758000000004,90.321516,5,117406.2,118119.0,6.202208759999989,1.5043954574193863,exchange_guard_proxy_touch,False,-3.1372800000000223,0.360031152,-0.045165356000000004,0.180643032,-3.5424765080000222,-78.44147584945368,1,True
ETHUSDT,long,c997107dceddd0611ecf638fd4b20a7e97cc449effa406fdd783b835e949140b,ETHUSDT|long|high_volume,1753840260000,1753867860000,2025-07-30T01:51:00+00:00,2025-07-30T09:31:00+00:00,3809.05,3781.87,0.08,304.72400000000005,60.94480000000001,5,3739.99,3785.0899999999997,6.020667520000019,3.5985602149199907,exchange_guard_proxy_touch,False,-2.1744000000000234,0.24290944,-0.015489405567999999,0.12188960000000001,-2.4327988455680236,-79.83614174032972,1,True
BTCUSDT,long,8bf007745c19522e0c302284895abf9ccca17c23633792cf43f1a89c48bfe8b7,BTCUSDT|long|high_volume,1753841760000,1753876140000,2025-07-30T02:16:00+00:00,2025-07-30T11:49:00+00:00,118178.90000000001,117516.0,0.0063,744.5270700000001,148.905414,5,117387.9,117616.0,6.2054168400000185,2.561806741947581,exchange_guard_proxy_touch,False,-4.176270000000055,0.593951148,-0.074392416,0.297810828,-4.844613564000055,-65.06967656662981,1,True
BTCUSDT,long,f3b39c44c7af1af4290678489cf21b447dd6327865c20c960b289d5b972d1467,BTCUSDT|long|high_volume,1753966560000,1753967640000,2025-07-31T12:56:00+00:00,2025-07-31T13:14:00+00:00,118651.20000000001,118138.0,0.0102,1210.2422400000003,242.04844800000006,5,118238.59999999999,118238.59999999999,6.20073993600012,3.0023206933812365,exchange_guard_proxy_touch,False,-5.234640000000119,0.9660999360000001,0.0,0.48409689600000005,-6.200739936000119,-51.23552732715822,1,True
ETHUSDT,long,043b17649ce168fdd5c0f5f6978ce9ae53d0bd1bd83a6f721c3133cea8d98a67,ETHUSDT|long|high_volume,1754134260000,1754145420000,2025-08-02T11:31:00+00:00,2025-08-02T14:37:00+00:00,3514.34,3469.04,0.09,316.2906,63.25812,5,3453.1299999999997,3472.0,6.0242230800000085,5.692098800894792,exchange_guard_proxy_touch,False,-4.077000000000016,0.25140168,0.0,0.12651624,-4.328401680000016,-136.8488877001092,1,True
ETHUSDT,long,67e1bc9332f757cfdedfa43b1a22f3532f2c0e0eb87795148df4fc283178832b,ETHUSDT|long|high_volume,1754249160000,1754364000000,2025-08-03T19:26:00+00:00,2025-08-05T03:20:00+00:00,3506.73,3655.77,0.1,350.673,70.1346,5,3452.7799999999997,3658.89,5.967262799999988,5.3748626232060905,exchange_guard_proxy_touch,False,14.903999999999996,0.28650000000000003,-0.023674443769999998,0.1402692,14.593825556229996,416.1662162821202,1,True
ETHUSDT,long,f1e4f71d21261d500dbfb79c75b3af1d4d7ffb75ecf1717ed97ea1ea46ef64e7,ETHUSDT|long|high_volume,1754373960000,1754376120000,2025-08-05T06:06:00+00:00,2025-08-05T06:42:00+00:00,3674.71,3655.77,0.28,1028.9188000000001,205.78376000000003,5,3658.89,3658.89,6.124213760000016,3.2132928277057333,exchange_guard_proxy_touch,False,-5.3032000000000155,0.8210137600000001,0.0,0.4115675200000001,-6.124213760000016,-59.5208655921149,1,True
ETHUSDT,long,e0016ce4c88de303037b14eb9137fbfa1f25f2f0d5814c3e6bc0e80b301d5e93,ETHUSDT|long|high_volume,1754435160000,1754482320000,2025-08-05T23:06:00+00:00,2025-08-06T12:12:00+00:00,3609.27,3604.92,0.1,360.927,72.1854,5,3557.99,3607.99,5.717569199999995,4.2745555532264845,exchange_guard_proxy_touch,False,-0.43499999999999095,0.28856760000000004,-0.03854618647000001,0.1443708,-0.762113786469991,-21.115455105048692,1,True
ETHUSDT,long,26b6e5817c8d593c3f6308f27ec7e46c64a1b888336328847712475fde79166d,ETHUSDT|long|high_volume,1754492460000,1754535240000,2025-08-06T15:01:00+00:00,2025-08-07T02:54:00+00:00,3637.59,3645.07,0.17,618.3903,123.67806,5,3607.99,3648.18,6.046390680000013,3.3160130045688754,exchange_guard_proxy_touch,False,1.2716000000000032,0.49522088000000003,-0.077859777351,0.24735612000000007,0.6985193426490032,11.295768103882017,1,True
ETHUSDT,long,0512d797402bf958b3730d7c3cadf934da23cca996a46779c657f26e8272754a,ETHUSDT|long|high_volume,1754544360000,1754794860000,2025-08-07T05:26:00+00:00,2025-08-10T03:01:00+00:00,3676.63,4235.12,0.17,625.0271,125.00542,5,3648.18,4238.73,5.863075599999991,4.995439355195083,exchange_guard_proxy_touch,False,94.94329999999997,0.5379990000000001,-0.5365791663920001,0.25001084,93.86872183360796,1501.8344297968513,1,True
ETHUSDT,long,d4d47ec7771684e1ef52dfce9ccad9b6dc0ffe619de3b9c5f08b6f07403c7e7d,ETHUSDT|long|high_volume,1754871660000,1754912940000,2025-08-11T00:21:00+00:00,2025-08-11T11:49:00+00:00,4259.9400000000005,4180.4800000000005,0.08,340.7952,68.15904,5,4184.04,4184.04,6.6268934400000035,2.4918956072414664,exchange_guard_proxy_touch,False,-6.356800000000003,0.2700934400000001,-0.031975189776,0.13631808000000004,-6.658868629776004,-195.3920897294329,1,True
ETHUSDT,long,26210fb748d3f3dcb41db6859790731c87bd6bb613073b746b8c1a455441325f,ETHUSDT|long|high_volume,1754958060000,1754997060000,2025-08-12T00:21:00+00:00,2025-08-12T11:11:00+00:00,4243.68,4262.36,0.1,424.36800000000005,84.87360000000001,5,4185.59,4265.99,6.5020284000000546,4.510569565228554,exchange_guard_proxy_touch,False,1.8679999999999382,0.3402416000000001,-0.0431423,0.16974720000000001,1.484616099999938,34.98416704369646,1,True
BTCUSDT,long,f6497b4fcd472b9b0053e5a18ddf5dc775c93064d3c91df2f572f831c772751f,BTCUSDT|long|high_volume,1755130260000,1755168120000,2025-08-14T00:11:00+00:00,2025-08-14T10:42:00+00:00,123884.6,121215.20000000001,0.0018000000000000002,222.99228000000002,44.598456000000006,5,120066.0,121318.4,7.232830919999996,2.9662393203351045,exchange_guard_proxy_touch,False,-4.80491999999999,0.17647185600000004,-0.021913614000000005,0.08919691200000002,-5.00330546999999,-224.37124146181156,1,True
ETHUSDT,long,1d5dd4c589d028bdc2df3eb94f36d1f2040373fe9f1221c003d3c2acff43205c,ETHUSDT|long|high_volume,1755001860000,1755168120000,2025-08-12T12:31:00+00:00,2025-08-14T10:42:00+00:00,4349.37,4712.9800000000005,0.07,304.45590000000004,60.891180000000006,5,4265.99,4716.99,6.331828440000016,4.266006573056931,exchange_guard_proxy_touch,False,25.452700000000043,0.2537458000000001,-0.19492704,0.12178236000000002,25.004027160000042,821.2692596858868,1,True
BTCUSDT,long,8e74fd02ec1b2f8fa0f7a8fe757859a5f798a32fdaf4b9e8a6738b4ce9460fa8,BTCUSDT|long|confirmed_volume,1755256260000,1755261000000,2025-08-15T11:11:00+00:00,2025-08-15T12:30:00+00:00,119077.6,118449.1,0.0036000000000000003,428.6793600000001,85.73587200000001,5,117254.9,118549.9,7.26081523199998,1.6986123102719068,exchange_guard_proxy_touch,False,-2.2626000000000004,0.34203844800000005,0.0,0.17147174400000004,-2.604638448,-60.75959542348854,1,True
BTCUSDT,long,b22d0732ed9613a1fe729e5fb6ccbcc8bf6f4b1f0a970769f83c997495a64281,BTCUSDT|long|confirmed_volume,1755305460000,1755326160000,2025-08-16T00:51:00+00:00,2025-08-16T06:36:00+00:00,117775.1,117237.3,0.007500000000000001,883.3132500000002,176.66265000000004,5,117003.9,117337.09999999999,7.234288499999979,1.7243940188763502,exchange_guard_proxy_touch,False,-4.033500000000022,0.7050372000000001,0.0,0.35332530000000006,-4.738537200000023,-53.645037023955226,1,True
BTCUSDT,long,92e856e9b39eb5c9c53c6af66870e0c3f556021c743be4513820eb7a247c2c2f,BTCUSDT|long|confirmed_volume,1755330060000,1755338340000,2025-08-16T07:41:00+00:00,2025-08-16T09:59:00+00:00,117712.0,117237.3,0.0126,1483.1712,296.63424,5,117337.09999999999,117337.09999999999,7.165364471999964,1.9474369258717077,exchange_guard_proxy_touch,False,-5.981219999999963,1.184144472,-0.12245982840000001,0.59326848,-7.287824300399963,-49.136770592632615,1,True
BTCUSDT,long,fd61df4555c05ac8c9dc6e455398308248d7feaed93e4fa32fb87bb78919f382,BTCUSDT|long|confirmed_volume,1755394860000,1755447180000,2025-08-17T01:41:00+00:00,2025-08-17T16:13:00+00:00,117493.0,117909.5,0.012700000000000001,1492.1611,298.43222000000003,5,117137.29999999999,118009.9,6.973725955999853,1.5570700631162453,exchange_guard_proxy_touch,False,5.28955,1.1958447,-0.098053860534,0.59686444,3.995651439466,26.777614290213037,1,True
ETHUSDT,long,bfdc427231fafbb8ea58f303cb2b29e7a60a7b8c4b410d9f3608857e1d8ec1b7,ETHUSDT|long|high_volume,1755399360000,1755448200000,2025-08-17T02:56:00+00:00,2025-08-17T16:30:00+00:00,4430.13,4512.150000000001,0.19,841.7247,168.34494,5,4399.99,4515.99,7.108004880000021,2.6683947719631624,exchange_guard_proxy_touch,False,15.583800000000084,0.6796132800000001,-0.040542554159999994,0.33668988000000005,14.863644165840084,176.58557680248762,1,True
BTCUSDT,long,57c4728665b148d3caf279a0361174b0731d2f920781291f26ea929873c12322,BTCUSDT|long|confirmed_volume,1755552060000,1755562980000,2025-08-18T21:21:00+00:00,2025-08-19T00:23:00+00:00,116661.20000000001,115831.20000000001,0.0035,408.3142,81.66284,5,114769.09999999999,115929.79999999999,7.287815780000042,1.6239412490565583,exchange_guard_proxy_touch,False,-2.9050000000000002,0.32548936000000006,-0.029022082362,0.16332568000000003,-3.2595114423620006,-79.82851055295163,1,True
ETHUSDT,long,17cca5bb8d6dd8ce5f5f30f322703a45fdb8e5c89374e5f904c851dbde5af14c,ETHUSDT|long|high_volume,1755565260000,1755567000000,2025-08-19T01:01:00+00:00,2025-08-19T01:30:00+00:00,4345.37,4310.77,0.19,825.6203,165.12406000000001,5,4314.44,4314.44,7.231866639999897,2.0170869353369305,exchange_guard_proxy_touch,False,-6.573999999999897,0.6578666400000001,0.0,0.33024812000000003,-7.231866639999897,-87.5931301592257,1,True
BTCUSDT,long,62c9d37c2535f220ea91e0b757e9e1f9edebdd431694b90f37cb20aa0bb70bbf,BTCUSDT|long|confirmed_volume,1755565560000,1755567180000,2025-08-19T01:06:00+00:00,2025-08-19T01:33:00+00:00,116766.70000000001,115831.20000000001,0.0071,829.0435700000002,165.80871400000004,5,115929.79999999999,115929.79999999999,7.302628036000001,1.8696679121618447,exchange_guard_proxy_touch,False,-6.64205,0.6605780360000001,0.0,0.33161742800000005,-7.302628036000001,-88.08497285613106,1,True
BTCUSDT,long,7ab104c9061d31e8d8693f7e2161d20f9b7d732347c827ba52b5c0fe956575ad,BTCUSDT|long|confirmed_volume,1755610260000,1755612960000,2025-08-19T13:31:00+00:00,2025-08-19T14:16:00+00:00,115910.40000000001,114507.40000000001,0.0047,544.7788800000001,108.95577600000001,5,114604.9,114604.9,7.027285464,1.712152930940782,exchange_guard_proxy_touch,False,-6.5941,0.4331854640000001,0.0,0.21791155200000004,-7.027285464,-128.9933534868312,1,True
ETHUSDT,long,2ffd50b7333ddcbe9f905def9172209e971d1818f06be3686dbb5cc16816cfef,ETHUSDT|long|high_volume,1755602760000,1755613680000,2025-08-19T11:26:00+00:00,2025-08-19T14:28:00+00:00,4308.66,4220.49,0.07,301.6062,60.32124,5,4224.09,4224.09,6.410716200000006,2.2028974907499452,exchange_guard_proxy_touch,False,-6.171900000000005,0.2388162,0.0,0.12064248000000002,-6.410716200000005,-212.55253373438626,1,True
BTCUSDT,long,4818a566e3c157f640095beed130fe5acf9e62c12379dc94efd31bc97605346a,BTCUSDT|long|confirmed_volume,1755703260000,1755705180000,2025-08-20T15:21:00+00:00,2025-08-20T15:53:00+00:00,114277.1,113240.20000000001,0.006200000000000001,708.5180200000001,141.703604,5,113336.59999999999,113336.59999999999,6.9930229039999645,1.791469874717264,exchange_guard_proxy_touch,False,-6.428779999999964,0.5642429040000001,0.0,0.2834072080000001,-6.9930229039999645,-98.69929495935705,1,True
ETHUSDT,long,64d117dd66c9c9eb3a44587b61ff55753905822d7d37614d839e806290cbd95f,ETHUSDT|long|high_volume,1755711960000,1755760860000,2025-08-20T17:46:00+00:00,2025-08-21T07:21:00+00:00,4361.62,4271.99,0.02,87.2324,17.44648,5,4104.32,4275.63,5.283499599999999,2.882321146442965,exchange_guard_proxy_touch,False,-1.7926000000000022,0.06906888,-0.0054025208,0.03489296,-1.867071400800002,-214.03416629600952,1,True
BTCUSDT,long,dff6fcdbc7c5dd940f1c9d00ac037679ac8257c893a4dd9a9235ce112489ea19,BTCUSDT|long|confirmed_volume,1755723660000,1755770580000,2025-08-20T21:01:00+00:00,2025-08-21T10:03:00+00:00,114455.5,113103.6,0.0048000000000000004,549.3864000000001,109.87728000000001,5,113199.9,113199.9,6.926033471999972,1.7148891365016408,exchange_guard_proxy_touch,False,-6.489119999999972,0.436913472,-0.04865213227680001,0.21975456000000004,-6.974685604276772,-126.95410014293711,1,True
ETHUSDT,long,2dba14a257377ccbef576b28f801ab96d383087c55260576b27488df43b078aa,ETHUSDT|long|high_volume,1755828660000,1755865920000,2025-08-22T02:11:00+00:00,2025-08-22T12:32:00+00:00,4278.54,4203.93,0.08,342.2832,68.45664000000001,5,4207.51,4207.51,6.240239039999974,2.7113636401039938,exchange_guard_proxy_touch,False,-5.968799999999974,0.2714390400000001,-0.023083535999999998,0.13691328,-6.2633225759999736,-182.98656130362147,1,True
ETHUSDT,long,ec646f566a403689064107ffcfc6101797f4bde165d7ae224af7a8bf5dcbdf4f,ETHUSDT|long|high_volume,1755870360000,1755911820000,2025-08-22T13:46:00+00:00,2025-08-23T01:17:00+00:00,4315.45,4791.2300000000005,0.05,215.7725,43.1545,5,4207.51,4795.3099999999995,5.746387599999977,5.264015809069435,exchange_guard_proxy_touch,False,23.789000000000033,0.1821336,-0.03800281786,0.08630900000000001,23.568863582140033,1092.3015482575413,1,True
BTCUSDT,long,862ec81af289903240268424f78830930bcec240bab1ee2e60f82974dbeaf326,BTCUSDT|long|high_volume,1755993660000,1756004340000,2025-08-24T00:01:00+00:00,2025-08-24T02:59:00+00:00,115435.0,114859.8,0.0105,1212.0675,242.41350000000003,5,114957.59999999999,114957.59999999999,7.00683815999997,3.1753890225201027,exchange_guard_proxy_touch,False,-6.03959999999997,0.9672381600000001,0.0,0.484827,-7.00683815999997,-57.808976480270026,1,True
ETHUSDT,long,ca373bfc93b5814d71f5b2fef26970c37dd9436ec2304ada04679c4dc0856356,ETHUSDT|long|high_volume,1755995760000,1756022460000,2025-08-24T00:36:00+00:00,2025-08-24T08:01:00+00:00,4805.55,4748.08,0.09,432.4995,86.4999,5,4735.99,4752.12,6.966450360000013,4.320752715319516,exchange_guard_proxy_touch,False,-5.172300000000023,0.34393068000000004,-0.04281894,0.1729998,-5.559049620000023,-128.53308778391704,1,True
ETHUSDT,long,260739b43aa10fb0ecccce41a304a9468001c06c6337c8617ed4ff882c665550,ETHUSDT|long|high_volume,1756028460000,1756030800000,2025-08-24T09:41:00+00:00,2025-08-24T10:20:00+00:00,4783.75,4748.08,0.17,813.2375000000001,162.6475,5,4752.12,4752.12,6.712064440000012,2.0023603021445378,exchange_guard_proxy_touch,False,-6.063900000000013,0.6481644400000001,0.0,0.32529500000000006,-6.712064440000013,-82.53510739482638,1,True
ETHUSDT,long,e7ee54eff6ceae68c84835c6f6271c136410fa2236854591eb9015216d51c376,ETHUSDT|long|high_volume,1756040760000,1756064220000,2025-08-24T13:06:00+00:00,2025-08-24T19:37:00+00:00,4765.53,4748.08,0.31,1477.3143,295.46286,5,4752.12,4752.12,6.589187639999944,2.024151415120023,exchange_guard_proxy_touch,False,-5.409499999999944,1.17968764,-0.14868467999999999,0.59092572,-6.737872319999943,-45.608929122258836,1,True
ETHUSDT,long,5ebbacf64378732c4bc14d8cb505a549d32e59a7be7b5083058833b87791c848,ETHUSDT|long|high_volume,1756212060000,1756321560000,2025-08-26T12:41:00+00:00,2025-08-27T19:06:00+00:00,4508.36,4569.0,0.05,225.418,45.083600000000004,5,4391.599999999999,4572.889999999999,6.202924400000001,18.592469660861163,exchange_guard_proxy_touch,False,3.0320000000000165,0.18154720000000002,-0.014530109365000002,0.0901672,2.8359226906350163,125.80728649154088,1,True
ETHUSDT,long,80652f4fa534e40b04e59402a61b5b37ffee2b9323d843cfebca92352e3c5349,ETHUSDT|long|high_volume,1756595160000,1756670460000,2025-08-30T23:06:00+00:00,2025-08-31T20:01:00+00:00,4366.85,4444.2,0.16,698.696,139.7392,5,4331.99,4447.99,6.724489600000029,4.350547267210329,exchange_guard_proxy_touch,False,12.375999999999912,0.5639071999999999,-0.021455472304000002,0.2794784,11.790637327695913,168.7520370475273,1,True
ETHUSDT,long,04cf2e699762cb25cfe9080986bc38349691897737a8f7bd7f01def0e91e4259,ETHUSDT|long|high_volume,1756676760000,1756680120000,2025-08-31T21:46:00+00:00,2025-08-31T22:42:00+00:00,4476.77,4444.2,0.19,850.5863,170.11726000000002,5,4447.99,4447.99,6.866293720000117,2.0021179070441666,exchange_guard_proxy_touch,False,-6.188300000000117,0.6779937200000001,0.0,0.34023452000000004,-6.866293720000117,-80.72424538227474,1,True
BTCUSDT,short,90bf70e3af0dfa41e6d1d2cf4ea4b904b82560705304f9dbfb15c2389b237f24,BTCUSDT|short|high_volume,1756693860000,1756713240000,2025-09-01T02:31:00+00:00,2025-09-01T07:54:00+00:00,107491.8,109285.3,0.0036000000000000003,386.97048000000007,77.39409600000002,5,109192.40000000001,109192.40000000001,6.768759024,3.6853031883858023,exchange_guard_proxy_touch,False,-6.456600000000001,0.31215902400000006,0.0,0.15478819200000002,-6.768759024000001,-174.91667643485366,1,True
ETHUSDT,long,210858dccc18db928fd436c9b9b524d798f0d197a229f0ea00c6af2c4da4ac19,ETHUSDT|long|high_volume,1756713660000,1756741920000,2025-09-01T08:01:00+00:00,2025-09-01T15:52:00+00:00,4481.02,4353.07,0.05,224.05100000000004,44.81020000000001,5,4356.78,4356.78,6.574181800000037,3.84922577989513,exchange_guard_proxy_touch,False,-6.397500000000036,0.17668180000000003,0.0,0.08962040000000002,-6.574181800000036,-293.42345269603953,1,True
BTCUSDT,short,f69fae276c5b7ed4933bdfbf43c6229cabf5424b823fbfba2d1fbc683dffaa59,BTCUSDT|short|high_volume,1756746960000,1756752720000,2025-09-01T17:16:00+00:00,2025-09-01T18:52:00+00:00,108450.1,109289.5,0.007200000000000001,780.8407200000001,156.16814400000004,5,109196.6,109196.6,6.670770047999959,4.672843295459975,exchange_guard_proxy_touch,False,-6.043679999999958,0.6270900480000001,0.0,0.312336288,-6.670770047999959,-85.43061186665517,1,True
BTCUSDT,short,19e3c9ccd6569cda8ab6a2278e2e6a40573e46d3200b4b36c2024474121e3a0f,BTCUSDT|short|high_volume,1756759260000,1756770300000,2025-09-01T20:41:00+00:00,2025-09-01T23:45:00+00:00,108587.5,109391.70000000001,0.0061,662.3837500000001,132.47675,5,109479.3,109298.70000000001,6.540200156000053,8.645634500529333,exchange_guard_proxy_touch,False,-4.905620000000071,0.531869248,0.0,0.2649535,-5.437489248000071,-82.0897138252572,1,True
BTCUSDT,short,406b08a9b7479f608aa78184a1977238db6ead904049443e2c1925489c6a83fc,BTCUSDT|short|confirmed_volume,1756862760000,1756897440000,2025-09-03T01:26:00+00:00,2025-09-03T11:04:00+00:00,110848.1,111582.8,0.008,886.7848,177.35696000000002,5,111488.0,111488.0,6.589378879999977,1.6900150194807122,exchange_guard_proxy_touch,False,-5.877599999999977,0.7117788800000001,0.045544740624,0.35471392,-6.543834139375977,-73.79280902622571,1,True
ETHUSDT,long,542e8d20551d8f463c14c1c5d10e8bd5758863ffaaa41df484c31d8a3f273dfa,ETHUSDT|long|high_volume,1756887660000,1756953000000,2025-09-03T08:21:00+00:00,2025-09-04T02:30:00+00:00,4329.07,4433.31,0.11,476.1977,95.23954,5,4280.99,4437.09,6.067882479999928,2.783596899070671,exchange_guard_proxy_touch,False,11.466400000000077,0.38554472000000006,-0.026938782948,0.19047908,11.053916497052077,232.1287250453347,1,True
BTCUSDT,short,242c5d031b8b13e7800a7b95c1b66e940c5d352509963cf16d99a35f922f7541,BTCUSDT|short|high_volume,1756953060000,1757026560000,2025-09-04T02:31:00+00:00,2025-09-04T22:56:00+00:00,111287.20000000001,111205.6,0.0105,1168.5156000000002,233.70312000000004,5,111733.0,111111.1,6.615483839999878,7.819582882991073,exchange_guard_proxy_touch,False,0.8568000000000612,0.9344697600000001,0.14209717499250002,0.4674062400000001,0.06442741499256105,0.5513611884390849,1,True
ETHUSDT,long,1f412a19deeea6c2ac861ed211795997350dfeb944376383802b26d4b1e5486f,ETHUSDT|long|high_volume,1757055960000,1757082720000,2025-09-05T07:06:00+00:00,2025-09-05T14:32:00+00:00,4354.2,4291.33,0.1,435.42,87.084,5,4294.99,4294.99,6.63282119999999,6.114585049284443,exchange_guard_proxy_touch,False,-6.286999999999989,0.3458212,0.015258240000000003,0.17416800000000002,-6.617562959999989,-151.9811437233014,1,True
ETHUSDT,long,a213fb0d2bd015f5d2024e49d2c3c1f809bee21bd339a2a34b4be222bf404fad,ETHUSDT|long|high_volume,1757118960000,1757154060000,2025-09-06T00:36:00+00:00,2025-09-06T10:21:00+00:00,4323.97,4284.74,0.14,605.3558,121.07116,5,4284.99,4288.389999999999,6.450097360000016,2.5626596576463636,exchange_guard_proxy_touch,False,-5.492200000000067,0.48208776000000003,-0.023872442440000006,0.24214232000000005,-5.998160202440067,-99.08487211058467,1,True
ETHUSDT,long,6bad1b74dd0fab5617ac14ed7adb309beafe859a70695c9c2aadaeff70e11c84,ETHUSDT|long|confirmed_volume,1757160660000,1757166420000,2025-09-06T12:11:00+00:00,2025-09-06T13:47:00+00:00,4307.67,4284.74,0.24,1033.8408,206.76816,5,4288.389999999999,4288.389999999999,6.328071360000069,1.8108286510665335,exchange_guard_proxy_touch,False,-5.50320000000007,0.82487136,0.0,0.41353632,-6.32807136000007,-61.20934054837138,1,True
BTCUSDT,short,bf7c97e7c3769ebfb9b1d486ebc6af9b80b863ca1c877c15b74c8242886a1817,BTCUSDT|short|high_volume,1757132760000,1757167320000,2025-09-06T04:26:00+00:00,2025-09-06T14:02:00+00:00,110666.0,111022.90000000001,0.0055000000000000005,608.663,121.7326,5,111655.6,110928.6,6.454616520000033,2.201657740372354,exchange_guard_proxy_touch,False,-1.9629500000000482,0.48771558000000015,0.03448578287,0.24346520000000005,-2.4161797971300483,-39.696511815734624,1,True
BTCUSDT,short,3ba03f889083c18309c26bd16eac1117a5e95f0ca767d3be8cd5f2ccfa4d7660,BTCUSDT|short|high_volume,1757170560000,1757230200000,2025-09-06T14:56:00+00:00,2025-09-07T07:30:00+00:00,110658.5,110794.20000000001,0.0135,1493.88975,298.77795000000003,5,110928.6,110700.1,6.116479560000118,2.0054618172728405,exchange_guard_proxy_touch,False,-1.8319500000001572,1.1958445800000002,0.10539760581,0.5975559,-2.9223969741901574,-19.56233366076819,1,True
ETHUSDT,long,ad5372f8ffa633936f43f052c2fcc8890e508c065af401a127bd31c93d8376e8,ETHUSDT|long|high_volume,1757196060000,1757261820000,2025-09-06T22:01:00+00:00,2025-09-07T16:17:00+00:00,4287.26,4282.86,0.15,643.089,128.61780000000002,5,4252.46,4286.51,6.27516600000001,5.181618340226649,exchange_guard_proxy_touch,False,-0.6600000000000819,0.5142071999999999,-0.11715195784500002,0.2572356,-1.2913591578450818,-20.080566730966968,1,True
BTCUSDT,short,506cedc5795846a7b1821dc0d0bf8a296595af5f26276062bc434867936c93dd,BTCUSDT|short|high_volume,1757289960000,1757298960000,2025-09-08T00:06:00+00:00,2025-09-08T02:36:00+00:00,110964.90000000001,111419.8,0.0117,1298.28933,259.657866,5,111325.1,111325.1,6.363090395999932,2.3363826371429437,exchange_guard_proxy_touch,False,-5.322329999999932,1.0407603960000003,0.0,0.519315732,-6.363090395999932,-49.0113432265513,1,True
ETHUSDT,long,1a3aa09959ae76eaa96acf4ea9d02c07eb6dfffc1fdbfda18c40c07c9a9b482e,ETHUSDT|long|high_volume,1757316660000,1757360040000,2025-09-08T07:31:00+00:00,2025-09-08T19:34:00+00:00,4308.02,4281.11,0.16,689.2832000000001,137.85664000000003,5,4276.2,4284.76,6.222757120000006,2.9658207852925407,exchange_guard_proxy_touch,False,-4.305600000000123,0.5497043200000001,-0.07765856624,0.27571328000000006,-4.932962886240123,-71.56656199135743,1,True
BTCUSDT,short,1ff8d7bfb723b06621cc1a8a4356728e4302e75755f0f1d096342e013686efd4,BTCUSDT|short|high_volume,1757380860000,1757397840000,2025-09-09T01:21:00+00:00,2025-09-09T06:04:00+00:00,111268.1,112556.1,0.0045000000000000005,500.7064500000001,100.14129000000001,5,112460.5,112460.5,6.198883560000001,2.4651067302925753,exchange_guard_proxy_touch,False,-5.796,0.4028835600000001,0.0,0.20028258000000004,-6.1988835600000005,-123.80275029410944,1,True
BTCUSDT,short,459d8af8eec35f0a4269518796eaa2831d39ce4d089c85ccbbb7fef3f574a937,BTCUSDT|short|high_volume,1757464260000,1757485740000,2025-09-10T00:31:00+00:00,2025-09-10T06:29:00+00:00,111016.40000000001,111787.40000000001,0.007200000000000001,799.3180800000001,159.86361600000004,5,111692.40000000001,111692.40000000001,6.192874944000001,10.38703138856135,exchange_guard_proxy_touch,False,-5.551200000000001,0.6416749440000001,0.0,0.3197272320000001,-6.192874944000001,-77.47697817619739,1,True
ETHUSDT,long,8134d69163949f27f50f6a4d052c16e332f689913af5c7c04b2897a6b69fa592,ETHUSDT|long|high_volume,1757489160000,1757532300000,2025-09-10T07:26:00+00:00,2025-09-10T19:25:00+00:00,4325.2,4301.9,0.12,519.024,103.8048,5,4282.99,4305.5599999999995,5.916217919999961,2.2063678209538464,exchange_guard_proxy_touch,False,-2.7960000000000216,0.41410079999999994,-0.09864593928000001,0.2076096,-3.3087467392800214,-63.74939770184079,1,True
BTCUSDT,short,b9c64828f1478688f3a699610d33daca16d17a7257f35667f5e206f7b127f72b,BTCUSDT|short|high_volume,1757582160000,1757592720000,2025-09-11T09:16:00+00:00,2025-09-11T12:12:00+00:00,113784.40000000001,114385.20000000001,0.0089,1012.6811600000001,202.536232,5,114288.0,114288.0,6.159403776000025,7.629509613307411,exchange_guard_proxy_touch,False,-5.347120000000026,0.8122837760000002,0.0,0.405072464,-6.159403776000026,-60.82273492675647,1,True
ETHUSDT,long,05e4e0c7861fe3edb476d08f462b6d0757f0f0bc18f2022a78648956bfc55974,ETHUSDT|long|confirmed_volume,1757539260000,1757593800000,2025-09-10T21:21:00+00:00,2025-09-11T12:30:00+00:00,4342.21,4401.01,0.13,564.4873,112.89746,5,4305.5599999999995,4404.76,5.689793720000052,1.604858992358242,exchange_guard_proxy_touch,False,7.644000000000024,0.45464744000000007,-0.065286572039,0.22579492,7.124065987961024,126.2041854256247,1,True
BTCUSDT,short,15a30f5d44dbaeb30734c2902bbcf7b3214cfe0758fee642157c2b7de8277592,BTCUSDT|short|high_volume,1757594160000,1757599020000,2025-09-11T12:36:00+00:00,2025-09-11T13:57:00+00:00,113790.5,114517.3,0.0074,842.0497,168.40994,5,114420.0,114420.0,6.054111088000022,46.16151406364365,exchange_guard_proxy_touch,False,-5.378320000000022,0.6757910880000001,0.0,0.33681988000000007,-6.054111088000022,-71.89731304458658,1,True
ETHUSDT,long,97049b5dd9cf5f1745ffb5260fe9891bbefa6b3442c87b7e98a8d43aa0d7c791,ETHUSDT|long|high_volume,1757656860000,1757678880000,2025-09-12T06:01:00+00:00,2025-09-12T12:08:00+00:00,4557.22,4498.46,0.07,319.00540000000007,63.80108000000001,5,4486.04,4502.29,5.50310432,4.4264468802065196,exchange_guard_proxy_touch,False,-4.113200000000016,0.25355904,-0.03167073000000001,0.12760216000000002,-4.398429770000016,-137.87947696183247,1,True
BTCUSDT,short,bc54c34489c72616771c0113f13bdc7d48b412bf80c64dc68e88f97d9762f6cd,BTCUSDT|short|high_volume,1757678760000,1757697420000,2025-09-12T12:06:00+00:00,2025-09-12T17:17:00+00:00,114682.5,115711.40000000001,0.0053,607.8172500000001,121.56345000000002,5,115613.1,115613.1,5.9416050680000465,3.35295352786784,exchange_guard_proxy_touch,False,-5.453170000000046,0.4884350680000001,0.042024311450400004,0.24312690000000003,-5.899580756549646,-97.06175263287847,1,True
ETHUSDT,long,7cbed99d9a9c0dde4674e6257da62af011edd20bbbea61da9e6ea89600dbab63,ETHUSDT|long|high_volume,1757685660000,1757771400000,2025-09-12T14:01:00+00:00,2025-09-13T13:50:00+00:00,4542.12,4695.02,0.12,545.0544,109.01088,5,4502.29,4699.0199999999995,5.673147839999982,6.3792667104664105,exchange_guard_proxy_touch,False,18.348000000000066,0.44338272,-0.16648248659999998,0.21802175999999998,17.738134793400068,325.4378791071142,1,True
BTCUSDT,short,d94153bd61bcdf3516dba30290f28f86e8c19161e9c85932fd11708fd2469168,BTCUSDT|short|high_volume,1757771460000,1757808540000,2025-09-13T13:51:00+00:00,2025-09-14T00:09:00+00:00,115601.70000000001,116045.1,0.0085,982.6144500000001,196.52289000000002,5,116126.1,115946.5,6.0854104399999756,2.135568153808233,exchange_guard_proxy_touch,False,-3.7688999999999506,0.7875991200000002,0.111435564672,0.39304578000000007,-4.445063555327951,-45.2371075484179,1,True
BTCUSDT,short,2c5b9303213ea42e8b9a647884f6ccc823cf8a9410c6bc6698176fbfb1f20043,BTCUSDT|short|confirmed_volume,1757812560000,1757814720000,2025-09-14T01:16:00+00:00,2025-09-14T01:52:00+00:00,115651.5,116045.1,0.0125,1445.6437500000002,289.12875,5,115946.5,115946.5,6.078483000000073,1.9415465487658328,exchange_guard_proxy_touch,False,-4.920000000000073,1.1584830000000002,0.0,0.5782575000000001,-6.078483000000073,-42.04689433340733,1,True
BTCUSDT,short,6a3fca5cb85289771aa9ecf4b7a70e162053d04329b89654fb639ebf7ef09d1a,BTCUSDT|short|high_volume,1757819460000,1757841660000,2025-09-14T03:11:00+00:00,2025-09-14T09:21:00+00:00,115572.0,116045.1,0.0106,1225.0632,245.01264,5,115946.5,115946.5,5.996916504000062,5.338481487233756,exchange_guard_proxy_touch,False,-5.014860000000062,0.9820565040000001,0.058646233948000004,0.49002528,-5.938270270052062,-48.47317485377131,1,True
ETHUSDT,long,8e41e9f2523215cae4920b3b992e5613a028846b47b2eea8b6454dfde9104d44,ETHUSDT|long|high_volume,1757909460000,1757923260000,2025-09-15T04:11:00+00:00,2025-09-15T08:01:00+00:00,4647.06,4574.1,0.07,325.29420000000005,65.05884,5,4578.0,4578.0,5.365392480000002,4.9970312256881035,exchange_guard_proxy_touch,False,-5.107200000000003,0.25819248000000006,-0.021238272174000004,0.13011768000000004,-5.386630752174003,-165.59258517901648,1,True
ETHUSDT,long,5236ebe92772384dff348d8e2f94f0b92d01c0703b5b935dfdd245dc9568ea27,ETHUSDT|long|high_volume,1758088860000,1758103980000,2025-09-17T06:01:00+00:00,2025-09-17T10:13:00+00:00,4515.63,4486.67,0.18,812.8134,162.56268,5,4490.49,4490.49,5.860965600000006,3.589750558951759,exchange_guard_proxy_touch,False,-5.212800000000007,0.6481656,-0.043808047451999996,0.32512536000000003,-5.904773647452007,-72.64611591605167,1,True
BTCUSDT,short,4dae227764db9775030925625c56ade886e16df0de96e44258e1182baa24c8c4,BTCUSDT|short|confirmed_volume,1758143160000,1758149040000,2025-09-17T21:06:00+00:00,2025-09-17T22:44:00+00:00,115178.8,116415.0,0.0044,506.78672000000006,101.35734400000001,5,116316.1,116316.1,5.846885087999987,1.840370435003801,exchange_guard_proxy_touch,False,-5.439279999999988,0.407605088,0.0,0.20271468800000003,-5.846885087999988,-115.37171076621715,1,True
BTCUSDT,short,118023d3e3bd043612cfad19d9c976c2df7ed2b0da8c77863d3ed89566241e15,BTCUSDT|short|confirmed_volume,1758196260000,1758201120000,2025-09-18T11:51:00+00:00,2025-09-18T13:12:00+00:00,116935.6,117366.20000000001,0.011000000000000001,1286.2916000000002,257.25832,5,117266.5,117266.5,5.767527920000065,1.509407097825317,exchange_guard_proxy_touch,False,-4.736600000000064,1.0309279200000003,0.0,0.5145166400000001,-5.767527920000065,-44.83841704322771,1,True
ETHUSDT,long,71ec6a6ae111f8655f09b86f3b56376f3d1028bd8910267092b470648ee1a898,ETHUSDT|long|high_volume,1758212760000,1758236580000,2025-09-18T16:26:00+00:00,2025-09-18T23:03:00+00:00,4617.91,4574.09,0.08,369.4328,73.88656,5,4555.16,4577.99,5.623814080000009,2.1240665951031805,exchange_guard_proxy_touch,False,-3.5055999999999767,0.294144,0.0,0.14777312,-3.799743999999977,-102.85345535101315,1,True
ETHUSDT,long,3420bad7de8f973599c56e56bd9f0bdcff87a8647345b46c4774cac1e05e8fcb,ETHUSDT|long|high_volume,1758242460000,1758252480000,2025-09-19T00:41:00+00:00,2025-09-19T03:28:00+00:00,4610.89,4574.09,0.14,645.5246000000001,129.10492000000002,5,4577.99,4577.99,5.6663588800000255,2.6950847343563487,exchange_guard_proxy_touch,False,-5.152000000000026,0.5143588800000001,0.0,0.2582098400000001,-5.6663588800000255,-87.77913157763507,1,True
BTCUSDT,short,67ca7b2840dd21f263e9966f9ec04d8de418ee9456a9e3f3311c3fe9e46e5652,BTCUSDT|short|high_volume,1758254760000,1758353040000,2025-09-19T04:06:00+00:00,2025-09-20T07:24:00+00:00,116622.3,115768.5,0.0057,664.74711,132.949422,5,117406.90000000001,115670.1,5.57489412000005,7.3475478688802776,exchange_guard_proxy_touch,False,4.866660000000016,0.5298510240000001,0.0735496330116,0.265898844,4.410358609011617,66.34641268333782,1,True
ETHUSDT,long,69073fd558b0f65e8bf10c39c2faa6f510ac1b794bbb14aca09d66ea180b500d,ETHUSDT|long|high_volume,1758343260000,1758421260000,2025-09-20T04:41:00+00:00,2025-09-21T02:21:00+00:00,4475.2,4463.46,0.14,626.528,125.3056,5,4443.26,4467.26,5.500022079999908,2.700896101274973,exchange_guard_proxy_touch,False,-1.6435999999999695,0.5005649600000001,-0.007752961272,0.25061120000000003,-2.15191792127197,-34.34671588934525,1,True
BTCUSDT,short,d3bcc237119fb2a994a1bf36f727517cc7d5da088d618de8afdd030cbae065a7,BTCUSDT|short|high_volume,1758414660000,1758434460000,2025-09-21T00:31:00+00:00,2025-09-21T06:01:00+00:00,115437.5,115760.6,0.0088,1015.85,203.17000000000002,5,115887.70000000001,115662.20000000001,5.644051776000026,3.748292083657938,exchange_guard_proxy_touch,False,-2.8432800000000515,0.8138173120000001,0.0,0.40634000000000003,-3.657097312000052,-36.00036729832211,1,True
BTCUSDT,short,7e570fcb39e606569688ee5464772826ce883e198bb1020be2f52d6fc8ba9ad7,BTCUSDT|short|high_volume,1758446460000,1758449160000,2025-09-21T09:21:00+00:00,2025-09-21T10:06:00+00:00,115351.90000000001,115760.6,0.0112,1291.94128,258.388256,5,115662.20000000001,115662.20000000001,5.612823999999967,3.320612395222422,exchange_guard_proxy_touch,False,-4.577439999999967,1.035384,0.0,0.5167765120000001,-5.612823999999968,-43.444884739652935,1,True
BTCUSDT,short,c854c162d3d355268b2084e6bdcf4d18031012f9c0edcdd0ffc4f96f3103267c,BTCUSDT|short|high_volume,1758471660000,1758609240000,2025-09-21T16:21:00+00:00,2025-09-23T06:34:00+00:00,115241.0,113038.6,0.0085,979.5485000000001,195.90970000000002,5,115704.0,112942.5,5.557447560000075,2.1888845705402256,exchange_guard_proxy_touch,False,18.72039999999995,0.7761506400000001,0.195882351165,0.39181940000000004,18.14013171116495,185.1887038892403,1,True
BTCUSDT,short,fd93a31dd62496a6942cb78f27db022faf27cbd9530c27b0fbe9c187e0385bfd,BTCUSDT|short|high_volume,1758625860000,1758627660000,2025-09-23T11:11:00+00:00,2025-09-23T11:41:00+00:00,112601.8,113038.6,0.0109,1227.35962,245.471924,5,112942.5,112942.5,5.744912144000032,3.395746679787958,exchange_guard_proxy_touch,False,-4.761120000000032,0.983792144,0.0,0.490943848,-5.744912144000032,-46.807081236712285,1,True
BTCUSDT,short,1ceedf47217bef1036d77c9df7672d52201c6dcac6e4a1e168bd10c52403dcfb,BTCUSDT|short|high_volume,1758686760000,1758692820000,2025-09-24T04:06:00+00:00,2025-09-24T05:47:00+00:00,111456.1,112562.3,0.0047,523.8436700000001,104.76873400000002,5,112466.70000000001,112466.70000000001,5.620294591999986,2.1260539338180946,exchange_guard_proxy_touch,False,-5.1991399999999865,0.4211545920000001,0.0,0.20953746800000003,-5.620294591999986,-107.28953911001702,1,True
BTCUSDT,short,63003ff90925830a6d2d96becbdbc824936c1254fdf710e0bf20d7b20f23aef7,BTCUSDT|short|high_volume,1758764160000,1758894540000,2025-09-25T01:36:00+00:00,2025-09-26T13:49:00+00:00,112755.3,109747.0,0.0082,924.59346,184.91869200000002,5,113254.90000000001,109653.70000000001,5.628009320000072,2.53017270318504,exchange_guard_proxy_touch,False,24.668060000000025,0.729807544,0.1704211347056,0.3698373840000001,24.108673590705624,260.7489089389149,1,True
BTCUSDT,short,b6a510e0f0eab2db39d8f0c90e11090f273a73e30bcb394f0b5d6d36960caccb,BTCUSDT|short|confirmed_volume,1758984660000,1758999420000,2025-09-27T14:51:00+00:00,2025-09-27T18:57:00+00:00,109127.5,109477.70000000001,0.0117,1276.79175,255.35835000000003,5,109449.3,109384.70000000001,5.877705132000102,1.8619822139012403,exchange_guard_proxy_touch,False,-4.097340000000137,1.023072336,0.10005306442560001,0.5107167,-5.020359271574537,-39.320110515865544,1,True
BTCUSDT,short,333735ae0f11ed0efd6f71ac6235f59ff6e76ef0f1db38ac2abcf1fbd59a7c30,BTCUSDT|short|confirmed_volume,1759057860000,1759066740000,2025-09-28T11:11:00+00:00,2025-09-28T13:39:00+00:00,109204.0,109638.1,0.0111,1212.1644000000001,242.43288,5,109544.90000000001,109544.90000000001,5.790168924000064,1.7275683055201283,exchange_guard_proxy_touch,False,-4.818510000000065,0.9716589240000002,0.0,0.48486576000000003,-5.790168924000065,-47.767191677961044,1,True
ETHUSDT,short,6e7e4bce818c59056652fe74f22ea312e59ab845362e6d41e9c10aa48b002c08,ETHUSDT|short|high_volume,1759151160000,1759153380000,2025-09-29T13:06:00+00:00,2025-09-29T13:43:00+00:00,4086.9900000000002,4141.53,0.09,367.8291,73.56582,5,4138.01,4138.01,5.204826719999955,3.339445580653953,exchange_guard_proxy_touch,False,-4.908599999999955,0.29622672,0.0,0.14713164,-5.204826719999955,-141.50122217083845,1,True
ETHUSDT,short,0e0aa53215cfe93b512f52b44cbe9a4f8027f3f5a5a9834ee46b1572ad0d3467,ETHUSDT|short|high_volume,1759237860000,1759265160000,2025-09-30T13:11:00+00:00,2025-09-30T20:46:00+00:00,4152.95,4177.56,0.09,373.7655,74.75309999999999,5,4206.18,4174.01,5.413957560000036,2.519139204662074,exchange_guard_proxy_touch,False,-2.2149000000000525,0.29989836000000003,0.0017493646319999999,0.1495062,-2.513048995368053,-67.2359807250282,1,True
ETHUSDT,short,e6ebb8f69d6df4f71ad55b01aaa09196dbeced559923b4bd12b8e22c4e00a750,ETHUSDT|short|high_volume,1759269660000,1759307280000,2025-09-30T22:01:00+00:00,2025-10-01T08:28:00+00:00,4149.4400000000005,4159.4800000000005,0.18,746.8992000000001,149.37984,5,4174.01,4155.9400000000005,5.66114399999998,3.0329447307955073,exchange_guard_proxy_touch,False,-1.8071999999999935,0.5982422400000001,0.007440266915999997,0.29875968,-2.3980019730839937,-32.10609909722749,1,True
ETHUSDT,short,9e3720ee242b05f906aaa6a7a8a8b98461ce220d70e1eff52f724f6d7cc74865,ETHUSDT|short|high_volume,1759497060000,1759498260000,2025-10-03T13:11:00+00:00,2025-10-03T13:31:00+00:00,4460.52,4496.91,0.14,624.4728000000001,124.89456000000003,5,4493.09,4493.09,5.596216079999919,8.620848068732991,exchange_guard_proxy_touch,False,-5.094599999999919,0.5016160800000001,0.0,0.24978912000000006,-5.596216079999919,-89.61504936644026,1,True
ETHUSDT,short,c03719ecabf509ada8867c1fac1a27098274c209b2d8adb65991c363c56d6ad3,ETHUSDT|short|high_volume,1759536360000,1759583280000,2025-10-04T00:06:00+00:00,2025-10-04T13:08:00+00:00,4505.52,4506.29,0.12,540.6624,108.13248000000002,5,4544.02,4502.46,5.518963679999986,6.26176123226532,exchange_guard_proxy_touch,False,-0.09239999999994325,0.43256688000000004,0.003911728799999999,0.21626496000000003,-0.5210551511999433,-9.637347653543936,1,True
ETHUSDT,short,731b3b8889036e41df6a093c5612592759e42d6f6397d7de32fd3d1324ffb011,ETHUSDT|short|high_volume,1759589460000,1759631400000,2025-10-04T14:51:00+00:00,2025-10-05T02:30:00+00:00,4476.59,4496.25,0.16,716.2544,143.25088,5,4502.46,4492.43,5.326904319999971,2.0866326214364683,exchange_guard_proxy_touch,False,-3.145599999999977,0.5742617600000001,0.075539115504,0.28650176000000005,-3.644322644495977,-50.88028282263923,1,True
ETHUSDT,short,6aeaf2625fa39acaf10d1dc9fcde9c30d4a5bc8855f2031f4283184a3149f1db,ETHUSDT|short|high_volume,1759726560000,1759731300000,2025-10-06T04:56:00+00:00,2025-10-06T06:15:00+00:00,4518.4800000000005,4555.62,0.13,587.4024000000001,117.48048000000001,5,4551.75,4551.75,5.300053199999925,2.4905428586941123,exchange_guard_proxy_touch,False,-4.828199999999924,0.47185320000000003,0.0,0.23496096000000005,-5.300053199999924,-90.22866096563315,1,True
BTCUSDT,long,fb43de5c897135e9120b1d5d6c71587f779ec9ac0c3a2ed6568bbe09db204b02,BTCUSDT|long|high_volume,1759710060000,1759800000000,2025-10-06T00:21:00+00:00,2025-10-07T01:20:00+00:00,124255.5,124357.1,0.0027,335.48985,67.09797,5,122425.59999999999,124462.9,5.48810316,15.03194713281455,exchange_guard_proxy_touch,False,0.2743200000000157,0.268501608,-0.0856482722478,0.13419594,-0.07982988024778429,-2.3795020996249003,1,True
BTCUSDT,long,73b772782906a0161110ba4e163dc2d185892ae09f2a39102f1f205a1ca2e422,BTCUSDT|long|confirmed_volume,1759942560000,1759971660000,2025-10-08T16:56:00+00:00,2025-10-09T01:01:00+00:00,123104.5,122635.20000000001,0.0032,393.93440000000004,78.78688000000001,5,121607.7,122739.59999999999,5.433739263999991,1.8894556991429583,exchange_guard_proxy_touch,False,-1.501759999999963,0.31454681600000006,-0.0053001940992,0.15757376000000003,-1.8216070100991628,-46.241379531697724,1,True
BTCUSDT,long,4102e4d3965638c602515ffae9c0ed1d386f3a12dce985c7ae54ed4e3ff9acd5,BTCUSDT|long|confirmed_volume,1760075760000,1760083140000,2025-10-10T05:56:00+00:00,2025-10-10T07:59:00+00:00,121619.3,120747.1,0.0056,681.06808,136.213616,5,120849.9,120849.9,5.427220735999984,1.5591480506933526,exchange_guard_proxy_touch,False,-4.884319999999984,0.5429007360000001,0.0,0.272427232,-5.427220735999984,-79.68690495669661,1,True
BTCUSDT,long,85c252733f8c0d976179d073aae686efeda07805bdfa38147687de43e0fb6c0b,BTCUSDT|long|confirmed_volume,1760086860000,1760108220000,2025-10-10T09:01:00+00:00,2025-10-10T14:57:00+00:00,121671.40000000001,120747.1,0.0053,644.85842,128.971684,5,120849.9,120849.9,5.412717220000015,1.8060863988056295,exchange_guard_proxy_touch,False,-4.898790000000015,0.51392722,0.0,0.25794336800000006,-5.412717220000015,-83.93652082576537,1,True
ETHUSDT,short,7b7d052a22dba1de045429dcb8e256033fc9bb70a7b94a9b5f4dfba68fa60546,ETHUSDT|short|high_volume,1760189760000,1760238540000,2025-10-11T13:36:00+00:00,2025-10-12T03:09:00+00:00,3790.32,3766.01,0.07,265.3224,53.06448,5,3856.01,3762.8100000000004,5.042089079999986,5.250669614935539,exchange_guard_proxy_touch,False,1.7016999999999964,0.21157724000000003,-0.018721613183,0.10612896000000002,1.4714011468169965,55.45710225812056,1,True
BTCUSDT,long,3c3f1be8a799e523acf0ceaf5696eda903ae45597f56a67799956c49b7920591,BTCUSDT|long|high_volume,1760238660000,1760353500000,2025-10-12T03:11:00+00:00,2025-10-13T11:05:00+00:00,110842.0,114259.8,0.0035,387.947,77.5894,5,109509.2,114357.09999999999,5.299011339999979,3.082507623994253,exchange_guard_proxy_touch,False,11.96230000000001,0.31514252,0.037720136587,0.1551788,11.68487761658701,301.19778259883464,1,True
BTCUSDT,long,6082b5b26bad002c890261dc281aeb6206445a16ad4bf48a99cd939d32246ac4,BTCUSDT|long|high_volume,1760362560000,1760365320000,2025-10-13T13:36:00+00:00,2025-10-13T14:22:00+00:00,114915.1,114259.8,0.0073,838.8802300000001,167.776046,5,114357.09999999999,114357.09999999999,5.452880708000022,7.702179691909472,exchange_guard_proxy_touch,False,-4.783690000000021,0.6691907080000001,0.0,0.335552092,-5.452880708000022,-65.00189792290159,1,True
ETHUSDT,short,61db718b4b95bf1f91e8538a8c023a14053262eb787d301089a90323b92fd9de,ETHUSDT|short|high_volume,1760354760000,1760375160000,2025-10-13T11:26:00+00:00,2025-10-13T17:06:00+00:00,4104.62,4183.46,0.05,205.231,41.0462,5,4196.56,4179.900000000001,4.941595000000011,3.337705018463723,exchange_guard_proxy_touch,False,-3.9420000000000073,0.1657616,0.01075110345,0.08209240000000001,-4.097010496550007,-199.6292225126812,1,True
BTCUSDT,long,3b841218bee373383e752e1942bb7ea28dbe22e5046b8479b0ecfd9af581143e,BTCUSDT|long|high_volume,1760378460000,1760409840000,2025-10-13T18:01:00+00:00,2025-10-14T02:44:00+00:00,115045.90000000001,113624.40000000001,0.0035,402.66065000000003,80.53213000000001,5,113721.09999999999,113721.09999999999,5.29538842,2.2353935144166264,exchange_guard_proxy_touch,False,-4.97525,0.32013842000000003,0.01628086572,0.16106426000000004,-5.27910755428,-131.1056234146545,1,True
ETHUSDT,short,df51eed81b2e7f5cca55c32bc35a7ef37ce9da4c30f16d16baf52983b45f408a,ETHUSDT|short|high_volume,1760470860000,1760495400000,2025-10-14T19:41:00+00:00,2025-10-15T02:30:00+00:00,4066.85,4146.53,0.05,203.3425,40.6685,5,4163.26,4143.0,5.1621730000000134,11.556710990398985,exchange_guard_proxy_touch,False,-3.983999999999992,0.1642676,0.0029273726000000003,0.081337,-4.145340227399991,-203.86000110158926,1,True
ETHUSDT,short,5f444a4ff82143ff3355b99df689d52ac22b257324129f17c0fdb960f6bd478a,ETHUSDT|short|confirmed_volume,1760499960000,1760516400000,2025-10-15T03:46:00+00:00,2025-10-15T08:20:00+00:00,4066.1800000000003,4146.53,0.06,243.9708,48.79416,5,4143.0,4143.0,5.018105039999967,1.8341972392093977,exchange_guard_proxy_touch,False,-4.820999999999967,0.19710503999999998,0.010525776,0.09758832,-5.0075792639999674,-205.25322145109035,1,True
BTCUSDT,long,11383c7faca722a7af74fb29eb2c8266a69d6e43270c5c5fe9553bd21b775ab7,BTCUSDT|long|confirmed_volume,1760515860000,1760527080000,2025-10-15T08:11:00+00:00,2025-10-15T11:18:00+00:00,112827.8,111597.70000000001,0.004,451.31120000000004,90.26224,5,111692.7,111692.7,5.279480799999965,1.7416772366449267,exchange_guard_proxy_touch,False,-4.920399999999965,0.35908080000000003,0.0,0.18052448000000001,-5.279480799999965,-116.98093909479678,1,True
BTCUSDT,long,301fa26b79902f97a20ff7abb4281c8fabe1878cd89bcc2a4e650e605f4ec825,BTCUSDT|long|confirmed_volume,1760580660000,1760601600000,2025-10-16T02:11:00+00:00,2025-10-16T08:00:00+00:00,111444.6,110335.8,0.0043,479.21178000000003,95.84235600000001,5,110429.7,110429.7,5.149302288000013,1.7366509504689867,exchange_guard_proxy_touch,False,-4.767840000000013,0.38146228800000004,0.0,0.191684712,-5.149302288000013,-107.45358321533776,1,True
ETHUSDT,short,7292c59fe6fc7e825250f7250374888ce4aa007920792729de95c5ae3cb38c1d,ETHUSDT|short|high_volume,1760676660000,1760716980000,2025-10-17T04:51:00+00:00,2025-10-17T16:03:00+00:00,3915.1800000000003,3820.66,0.13,508.9734000000001,101.79468000000001,5,3948.07,3817.4100000000003,5.12156372,2.547422381094153,exchange_guard_proxy_touch,False,12.287600000000058,0.40226368,0.042103162777000006,0.20358936000000002,11.927439482777057,234.34308124505242,1,True
BTCUSDT,long,f33930393689e89ce533b6c0eb46a80f745739fae8e2c3d46253a17a6d0cc69f,BTCUSDT|long|high_volume,1760735460000,1760805120000,2025-10-17T21:11:00+00:00,2025-10-18T16:32:00+00:00,107415.90000000001,106459.3,0.0017000000000000001,182.60703000000004,36.521406000000006,5,104489.4,106549.9,5.270215152000016,2.632200954081937,exchange_guard_proxy_touch,False,-1.62622000000001,0.14543513600000002,0.026963719584,0.07304281200000003,-1.7446914164160099,-95.54349667786664,1,True
ETHUSDT,short,1613538425489f65b9186228883d14e0d9f01e8f38dd3488155f8a4f89957b42,ETHUSDT|short|high_volume,1760821860000,1760845260000,2025-10-18T21:11:00+00:00,2025-10-19T03:41:00+00:00,3865.12,3901.33,0.13,502.4656,100.49312,5,3898.01,3898.01,5.111155400000005,4.656237489036636,exchange_guard_proxy_touch,False,-4.7073000000000045,0.40385540000000003,0.031526372007,0.20098624,-5.079629027993005,-101.09406550404655,1,True
BTCUSDT,long,46dde26ffcd2f295f1737852031060ebee6d58fffd29336fefbe57f1ca08a6e7,BTCUSDT|long|high_volume,1760862060000,1760862240000,2025-10-19T08:21:00+00:00,2025-10-19T08:24:00+00:00,107040.1,106576.1,0.0095,1016.88095,203.37619,5,106666.79999999999,106666.79999999999,5.21974156,7.794785187918438,exchange_guard_proxy_touch,False,-4.4079999999999995,0.8117415600000001,0.0,0.40675238,-5.219741559999999,-51.3309012229996,1,True
BTCUSDT,long,938e9bc5c70fe448d6ed9ad5a69cbf4e9cec900c32c4520f1cdd6454cf049a93,BTCUSDT|long|high_volume,1760892360000,1760976060000,2025-10-19T16:46:00+00:00,2025-10-20T16:01:00+00:00,108838.1,110428.8,0.003,326.51430000000005,65.30286000000001,5,107312.09999999999,110522.79999999999,5.111170680000009,9.578827312746235,exchange_guard_proxy_touch,False,4.772099999999991,0.26312028000000004,0.0094338669,0.13060572,4.5184135868999915,138.38332921100212,1,True
ETHUSDT,short,752f3292fbafe9a2c453b6bba518004ff3e824883b06ca9de780e8b9946d21f7,ETHUSDT|short|high_volume,1761005160000,1761043920000,2025-10-21T00:06:00+00:00,2025-10-21T10:52:00+00:00,3963.87,3898.33,0.11,436.0257,87.20514,5,4001.9700000000003,3895.01,4.916747000000024,3.0579575034721205,exchange_guard_proxy_touch,False,7.209399999999996,0.3459368,0.000201140401,0.17441028,6.863664340400996,157.41421527219603,1,True
ETHUSDT,short,ae7b403e4c812d0c6b9585c2fd5efcf376f6c5c2d4107dcac4f6c78909202813,ETHUSDT|short|high_volume,1761052260000,1761053880000,2025-10-21T13:11:00+00:00,2025-10-21T13:38:00+00:00,3871.71,3898.33,0.17,658.1907000000001,131.63814000000002,5,3895.01,3895.01,5.053762719999981,4.352830884608238,exchange_guard_proxy_touch,False,-4.525399999999982,0.5283627200000001,0.0,0.26327628000000003,-5.053762719999982,-76.78265159322338,1,True
ETHUSDT,short,a991779b01cd8d7b38539523ee979fd6db47c3b75ccd40aac641933389ce99c5,ETHUSDT|short|high_volume,1761054660000,1761055740000,2025-10-21T13:51:00+00:00,2025-10-21T14:09:00+00:00,3865.51,3898.33,0.14,541.1714000000001,108.23428000000001,5,3895.01,3895.01,5.02957503999996,3.331613698997896,exchange_guard_proxy_touch,False,-4.594799999999959,0.43477504000000006,0.0,0.21646856000000003,-5.029575039999959,-92.93867044710711,1,True
BTCUSDT,long,93a6b4a0df2693ce719e37d18d2ada1fe24c002b5484ebb872954e1b4204093e,BTCUSDT|long|high_volume,1761049560000,1761116700000,2025-10-21T12:26:00+00:00,2025-10-22T07:05:00+00:00,109197.5,107710.5,0.0027,294.83325,58.96665,5,107432.7,107802.2,5.245601903999993,10.564505902865427,exchange_guard_proxy_touch,False,-4.0149,0.23426064,0.019980894693600003,0.11793330000000002,-4.229179745306399,-143.44310708871535,1,True
ETHUSDT,short,998d32c32d64afede7527a629bb5ab60f1890b1b51b9c5466cde4d22028cbe6a,ETHUSDT|short|high_volume,1761124860000,1761194400000,2025-10-22T09:21:00+00:00,2025-10-23T04:40:00+00:00,3828.32,3838.6,0.08,306.2656,61.25312,5,3882.94,3835.3300000000004,4.881266239999987,5.527565804365659,exchange_guard_proxy_touch,False,-0.8223999999999796,0.24534144000000002,0.0089575156,0.12250624000000002,-1.0587839243999797,-34.570775313975176,1,True
BTCUSDT,long,b07a3942fab0ffdc7ca4ae3c4f252f2b0ba0e1fd026bd94ec13476a44f112565,BTCUSDT|long|high_volume,1761238560000,1761305580000,2025-10-23T16:56:00+00:00,2025-10-24T11:33:00+00:00,110473.6,110554.20000000001,0.0025,276.184,55.2368,5,108639.29999999999,110648.29999999999,5.035770499999993,6.051825980240241,exchange_guard_proxy_touch,False,0.20150000000001456,0.22102780000000002,-0.0142758898275,0.11047360000000002,-0.03380368982748547,-1.2239554002942048,1,True
BTCUSDT,long,b05865248081be3798b5eb23b313367da735c2f55ac0d85f77c626e5b85bef4c,BTCUSDT|long|high_volume,1761309360000,1761313140000,2025-10-24T12:36:00+00:00,2025-10-24T13:39:00+00:00,111527.6,110554.20000000001,0.0048000000000000004,535.33248,107.066496,5,110648.29999999999,110648.29999999999,5.098717055999973,34.41723253857314,exchange_guard_proxy_touch,False,-4.6723199999999725,0.4263970560000001,0.0,0.21413299200000002,-5.098717055999972,-95.24393244362778,1,True
ETHUSDT,short,6e254249bb6b8ca3b0f8add91e7a9e80378a1a8e734171d5ccf482539850d554,ETHUSDT|short|high_volume,1761351660000,1761377040000,2025-10-25T00:21:00+00:00,2025-10-25T07:24:00+00:00,3918.1,3941.39,0.15,587.7149999999999,117.54299999999998,5,3943.82,3938.0400000000004,4.833916800000058,2.9326683158701323,exchange_guard_proxy_touch,False,-3.4934999999999943,0.47156939999999997,0.0,0.235086,-3.965069399999994,-67.46585334728559,1,True
BTCUSDT,long,bfb55495937e86972ba802dd81499fd9c70ad58b2472bad25254a484c7ce8876,BTCUSDT|long|confirmed_volume,1761365460000,1761407640000,2025-10-25T04:11:00+00:00,2025-10-25T15:54:00+00:00,111180.8,111233.20000000001,0.0066,733.79328,146.758656,5,110600.4,111327.9,5.036953944,1.824881430134987,exchange_guard_proxy_touch,False,0.3458400000000576,0.5871729600000001,-0.010915418052000001,0.29351731200000003,-0.2522483780519425,-3.437594550497144,1,True
ETHUSDT,short,42ecc5576b43a7482b737cca5c0173905fe97ca42509a8faa5d9dbb9ba8140ca,ETHUSDT|short|high_volume,1761404760000,1761417060000,2025-10-25T15:06:00+00:00,2025-10-25T18:31:00+00:00,3928.65,3958.38,0.15,589.2975,117.8595,5,3955.01,3955.01,4.932721800000002,2.246156182630836,exchange_guard_proxy_touch,False,-4.459500000000003,0.4732218000000001,0.037818775665,0.235719,-4.894903024335003,-83.06335975182319,1,True
BTCUSDT,long,ea0e05dbd5e7f652006dfb6ef5eac2524352cdeb9722462bae1a959711599782,BTCUSDT|long|high_volume,1761438660000,1761449940000,2025-10-26T00:31:00+00:00,2025-10-26T03:39:00+00:00,111859.90000000001,111196.3,0.0066,738.27534,147.655068,5,111290.9,111290.9,4.968628368000038,2.704057772758363,exchange_guard_proxy_touch,False,-4.379760000000038,0.588868368,0.0,0.29531013600000006,-4.968628368000038,-67.30047854503766,1,True
ETHUSDT,short,3f36b9eeda7b48855ba9f038968c5b94e658cbc6283ce38275b678c30230a83d,ETHUSDT|short|high_volume,1761444060000,1761468840000,2025-10-26T02:01:00+00:00,2025-10-26T08:54:00+00:00,3927.29,3966.64,0.11,432.0019,86.40038,5,3963.2700000000004,3963.2700000000004,4.675832919999991,24.176572247817813,exchange_guard_proxy_touch,False,-4.32849999999999,0.34733292000000004,0.009032614668,0.17280076,-4.66680030533199,-108.0273097255357,1,True
BTCUSDT,long,6e65950a0d44b883384a274e012251ee4e093a07daf6adeb6a9545238d7e6676,BTCUSDT|long|high_volume,1761457260000,1761514080000,2025-10-26T05:41:00+00:00,2025-10-26T21:28:00+00:00,111674.90000000001,113134.8,0.0086,960.4041400000001,192.08082800000003,5,111290.9,113231.09999999999,4.882636928000051,3.7144650727928417,exchange_guard_proxy_touch,False,12.55513999999995,0.7733453680000001,-0.07261588824100002,0.384161656,11.709178743758951,121.9192864345519,1,True
BTCUSDT,long,a4aa03b87cb2d6cb2a19f54541f8358cc7099f50af9ba88be4f6beb1350bd41e,BTCUSDT|long|high_volume,1761516360000,1761572160000,2025-10-26T22:06:00+00:00,2025-10-27T13:36:00+00:00,114686.6,114682.5,0.003,344.05980000000005,68.81196000000001,5,113231.09999999999,114780.09999999999,4.928785680000009,59.11719774651246,exchange_guard_proxy_touch,False,-0.012300000000017462,0.27524292,-0.06900609,0.13762392,-0.3565490100000175,-10.362995328138231,1,True
BTCUSDT,long,1247edfd23934c6938b212d875413fe473e7e4cabe90ad97d3bd425380f1e5fa,BTCUSDT|long|high_volume,1761573360000,1761573960000,2025-10-27T13:56:00+00:00,2025-10-27T14:06:00+00:00,115362.90000000001,114682.5,0.0064,738.3225600000001,147.664512,5,114780.09999999999,114780.09999999999,4.943476224000056,6.379106446324594,exchange_guard_proxy_touch,False,-4.354560000000056,0.5889162240000001,0.0,0.29532902400000005,-4.943476224000056,-66.95550822664902,1,True
BTCUSDT,long,8d0da7653faf7ee7a267c1e995b86990ffc23d632fedb41c858bd40fdc967991,BTCUSDT|long|high_volume,1761581460000,1761593520000,2025-10-27T16:11:00+00:00,2025-10-27T19:32:00+00:00,115298.0,114682.5,0.007,807.086,161.4172,5,114780.09999999999,114780.09999999999,4.9524454,2.6023348255694216,exchange_guard_proxy_touch,False,-4.3085,0.6439454000000001,0.0,0.3228344,-4.9524454,-61.36205311453798,1,True
ETHUSDT,short,52d4b51891152b3fd8c6a0e184529ee509812140908419d4c0931f16baa00714,ETHUSDT|short|confirmed_volume,1761630360000,1761656940000,2025-10-28T05:46:00+00:00,2025-10-28T13:09:00+00:00,4066.33,4137.99,0.06,243.97979999999998,48.795959999999994,5,4140.27,4134.47,4.844642880000002,1.6230831448771261,exchange_guard_proxy_touch,False,-4.299599999999991,0.19690368,0.011395431839999998,0.09759192,-4.4851082481599915,-183.8311306165507,1,True
ETHUSDT,short,f3944c40ae49e25364f48984a457df4014a739f6ca7e217131096b05cb7c5970,ETHUSDT|short|high_volume,1761685860000,1761711420000,2025-10-28T21:11:00+00:00,2025-10-29T04:17:00+00:00,3940.55,4009.42,0.02,78.811,15.762200000000002,5,4149.88,4006.01,4.3219516799999935,2.1998712224200934,exchange_guard_proxy_touch,False,-1.3773999999999977,0.06359976,-0.004104046408,0.0315244,-1.4451038064079977,-183.3632115324,1,True
BTCUSDT,long,da2f971daa20e8247f3a88d3fabc0dd68dc316a8f5e420430da7d4bcd5ec8d5a,BTCUSDT|long|confirmed_volume,1761743760000,1761745860000,2025-10-29T13:16:00+00:00,2025-10-29T13:51:00+00:00,113376.3,112570.1,0.0054,612.23202,122.446404,5,112665.9,112665.9,4.8415242239999845,1.5167113429882164,exchange_guard_proxy_touch,False,-4.353479999999984,0.4880442240000001,0.0,0.24489280800000002,-4.8415242239999845,-79.07989235845561,1,True
BTCUSDT,long,165f23100f26a51933063c9a300549cd37cd179589d21cee8c552ba9e87e2180,BTCUSDT|long|high_volume,1761806760000,1761823020000,2025-10-30T06:46:00+00:00,2025-10-30T11:17:00+00:00,110901.90000000001,109577.20000000001,0.0034000000000000002,377.06646000000006,75.41329200000001,5,109670.5,109670.5,4.8038315759999906,2.6482156876385066,exchange_guard_proxy_touch,False,-4.5039799999999905,0.2998515760000001,-0.013053300617600001,0.15082658400000004,-4.816884876617591,-127.74630967224161,1,True
ETHUSDT,short,5e17f8d170d4f574cd4684f963ca680f839c8c632594cb7eff36109047752614,ETHUSDT|short|high_volume,1761754260000,1761883740000,2025-10-29T16:11:00+00:00,2025-10-31T04:09:00+00:00,3928.2000000000003,3863.3,0.04,157.12800000000001,31.425600000000003,5,4028.0200000000004,3860.01,4.2573544,3.801349705191486,exchange_guard_proxy_touch,False,2.5960000000000036,0.12466400000000001,-0.013570483652000004,0.06285120000000001,2.4577655163480037,156.41804874675447,1,True
ETHUSDT,short,37208ffa5731c25754fdb951d60057e22622930329b541820538ba368712ff18,ETHUSDT|short|high_volume,1761891060000,1761901320000,2025-10-31T06:11:00+00:00,2025-10-31T09:02:00+00:00,3833.65,3863.3,0.14,536.711,107.3422,5,3860.01,3860.01,4.582029200000013,2.548759325960167,exchange_guard_proxy_touch,False,-4.151000000000013,0.4310292000000001,0.041694067954000005,0.21468440000000003,-4.540335132046013,-84.59552966207163,1,True
BTCUSDT,long,e69f175b5638581cec399abb808bb10afd053597abc09744253d5c27d1b38940,BTCUSDT|long|high_volume,1761911760000,1761929400000,2025-10-31T11:56:00+00:00,2025-10-31T16:50:00+00:00,110251.70000000001,109215.0,0.0037,407.93129000000005,81.58625800000002,5,109158.9,109308.0,4.7113103440000215,4.8300326154995,exchange_guard_proxy_touch,False,-3.8357900000000433,0.32481071600000005,-0.04075923700000001,0.16317251600000002,-4.201359953000043,-102.99185318684535,1,True
BTCUSDT,long,cf158901cfd339048bd53ea168aba41675c5594993af5092ce55dfcc14777dc1,BTCUSDT|long|high_volume,1761939360000,1761945240000,2025-10-31T19:36:00+00:00,2025-10-31T21:14:00+00:00,110049.3,109215.0,0.005,550.2465000000001,110.04930000000002,5,109308.0,109308.0,4.610028600000015,2.597700459307736,exchange_guard_proxy_touch,False,-4.171500000000014,0.4385286,0.0,0.22009860000000003,-4.610028600000014,-83.78115262886749,1,True
BTCUSDT,long,8f56070e9621a2551a3fc733e2471d3748398183a34a397bd67fcdb60b76978b,BTCUSDT|long|high_volume,1761967260000,1761991860000,2025-11-01T03:21:00+00:00,2025-11-01T10:11:00+00:00,110160.70000000001,109791.90000000001,0.0047,517.7552900000001,103.55105800000001,5,109351.4,109885.4,4.653317908000014,7.505442891086921,exchange_guard_proxy_touch,False,-1.7333600000000138,0.41351088800000013,-0.05171189100000001,0.20710211600000003,-2.198582779000014,-42.463743422109964,1,True
ETHUSDT,short,689883feabbbcc81ab71816ef4bfff2245ff784aee8bef70ed1f9828753668bf,ETHUSDT|short|high_volume,1762042860000,1762058460000,2025-11-02T00:21:00+00:00,2025-11-02T04:41:00+00:00,3862.04,3893.32,0.13,502.0652,100.41304,5,3890.01,3890.01,4.469678720000027,3.3985290584041596,exchange_guard_proxy_touch,False,-4.066400000000026,0.4032787200000001,0.0,0.20082608,-4.469678720000027,-89.02586197967968,1,True
BTCUSDT,long,0e8dddc557a0dd271dbc11a0fec4c5bccdbeb8e2e6e671afffc70965220548ca,BTCUSDT|long|high_volume,1762050960000,1762089720000,2025-11-02T02:36:00+00:00,2025-11-02T13:22:00+00:00,110225.3,110208.20000000001,0.0076,837.71228,167.542456,5,109803.4,110302.0,4.584883312000022,5.718928700176005,exchange_guard_proxy_touch,False,-0.12995999999993366,0.67011784,-0.06865677360000001,0.33508491200000007,-0.8687346135999336,-10.370322058546565,1,True
ETHUSDT,short,925a695a54e6b82551e5b4409c67268a028f4fe0c3871037cc22204c6af59722,ETHUSDT|short|high_volume,1762122960000,1762124700000,2025-11-02T22:36:00+00:00,2025-11-02T23:05:00+00:00,3846.2000000000003,3869.19,0.17,653.854,130.7708,5,3865.9,3865.9,4.432946519999963,2.9268482082871627,exchange_guard_proxy_touch,False,-3.9082999999999632,0.5246465200000001,0.0,0.26154160000000004,-4.432946519999963,-67.79719203369503,1,True
ETHUSDT,short,2f2aca8e16c1f4177c3d72fa608ca3ec2e4d2a99774d560b1ac28981907f8d4b,ETHUSDT|short|high_volume,1762131660000,1762178820000,2025-11-03T01:01:00+00:00,2025-11-03T14:07:00+00:00,3856.4300000000003,3743.17,0.28,1079.8004,215.96008,5,3865.9,3739.9900000000002,4.438069439999935,2.165985865979188,exchange_guard_proxy_touch,False,31.712800000000065,0.8511552000000002,0.024671255196000004,0.4319201600000001,30.886316055196065,286.03727184390806,1,True
ETHUSDT,short,d1fa8be141b61f446bd303bd00919018b4cb9edbe5ce30eb860d83f81c70d5c2,ETHUSDT|short|high_volume,1762183560000,1762267680000,2025-11-03T15:26:00+00:00,2025-11-04T14:48:00+00:00,3688.9700000000003,3537.16,0.08,295.11760000000004,59.023520000000005,5,3739.9900000000002,3534.15,4.573828479999985,3.2241614121149436,exchange_guard_proxy_touch,False,12.144800000000032,0.23123616000000002,0.049343908911999995,0.11804704,11.962907748912032,405.36070193414525,1,True
ETHUSDT,short,85e320041e4e3a752d62cbae7a7eac1168a93e6f9f47359af52431a6db4c4be1,ETHUSDT|short|confirmed_volume,1762273560000,1762311240000,2025-11-04T16:26:00+00:00,2025-11-05T02:54:00+00:00,3473.2400000000002,3308.57,0.07,243.12680000000003,48.62536000000001,5,3534.15,3305.76,4.670691199999974,1.8193764692049033,exchange_guard_proxy_touch,False,11.526900000000007,0.18989068000000003,0.0026998431040000004,0.09725072000000001,11.339709163104008,466.4113196531195,1,True
ETHUSDT,short,2142233ad95976eebcf0bd7cc4634971e7a6fbbf7c9454d8727e9245bcf27d09,ETHUSDT|short|high_volume,1762413660000,1762484460000,2025-11-06T07:21:00+00:00,2025-11-07T03:01:00+00:00,3367.76,3354.67,0.05,168.38800000000003,33.677600000000005,5,3455.01,3351.82,4.646014200000002,5.0066719383299185,exchange_guard_proxy_touch,False,0.6545000000000073,0.1344486,0.021104616675,0.0673552,0.5411560166750072,32.13744546375081,1,True
ETHUSDT,short,f7c028b0d0c59b3dd5095d72f1f2de41f846b34db023b8c6726638b2c667ef07,ETHUSDT|short|confirmed_volume,1762490460000,1762492080000,2025-11-07T04:41:00+00:00,2025-11-07T05:08:00+00:00,3320.21,3354.67,0.13,431.6273,86.32545999999999,5,3351.82,3351.82,4.826893760000005,1.6604551864055783,exchange_guard_proxy_touch,False,-4.4798000000000044,0.34709376000000003,0.0,0.17265092,-4.826893760000004,-111.83013122663938,1,True
ETHUSDT,short,98fa1a09312ccd85d57ba6af1f45daab17cc7ad9059a6afb8d31fda54327fa2f,ETHUSDT|short|high_volume,1762500660000,1762501680000,2025-11-07T07:31:00+00:00,2025-11-07T07:48:00+00:00,3340.87,3354.67,0.3,1002.261,200.4522,5,3351.82,3351.82,4.943464800000054,3.533391514140144,exchange_guard_proxy_touch,False,-4.140000000000055,0.8034648,0.0,0.4009044,-4.943464800000054,-49.323128406673064,1,True
ETHUSDT,short,f4e5df07fa520dc5d62dd4e2c23b4bd34b9cf017dc1628671444ebef843ad7c0,ETHUSDT|short|high_volume,1762620960000,1762637760000,2025-11-08T16:56:00+00:00,2025-11-08T21:36:00+00:00,3358.89,3409.37,0.04,134.3556,26.87112,5,3468.44,3406.4700000000003,4.60928448,2.167979485375274,exchange_guard_proxy_touch,False,-2.0192000000000005,0.10829216000000001,0.0,0.05374224,-2.1274921600000005,-158.34785896531298,1,True
ETHUSDT,short,ddd2e0bf2a9400125415ac8bd04f3befcdd3f3af5a1768365d17b9da532f9100,ETHUSDT|short|high_volume,1762647360000,1762666140000,2025-11-09T00:16:00+00:00,2025-11-09T05:29:00+00:00,3381.41,3409.37,0.16,541.0255999999999,108.20512,5,3406.4700000000003,3406.4700000000003,4.908209920000005,4.747532977808681,exchange_guard_proxy_touch,False,-4.473600000000006,0.43460992,0.0,0.21641024000000003,-4.908209920000005,-90.72047459491762,1,True
ETHUSDT,short,d00c1e3df3f2d72962a985667085fb498d66b7a578d44698a50cf8503f71cdbf,ETHUSDT|short|high_volume,1762776360000,1762822560000,2025-11-10T12:06:00+00:00,2025-11-11T00:56:00+00:00,3587.1,3585.75,0.09,322.839,64.5678,5,3630.3100000000004,3582.7000000000003,4.426938000000016,3.182017857600713,exchange_guard_proxy_touch,False,0.12149999999999181,0.2582226,0.034223315543999995,0.12913560000000002,-0.10249928445600823,-3.174935012684596,1,True
ETHUSDT,short,d8aef99954ae304d9c36807782d8bc9f7323664378dd9574dfd47f78ee765062,ETHUSDT|short|high_volume,1762865160000,1762925100000,2025-11-11T12:46:00+00:00,2025-11-12T05:25:00+00:00,3548.26,3457.63,0.11,390.3086,78.06172000000001,5,3585.3,3454.69,4.723910839999966,2.8019355393954863,exchange_guard_proxy_touch,False,9.969300000000013,0.30825916000000003,0.024416884447999998,0.15612344,9.685457724448012,248.14871423401922,1,True
ETHUSDT,short,fa939e23e3e5d340d4107cfc588747e8386d3bcf17f3cd75ede2d7e997545ec6,ETHUSDT|short|confirmed_volume,1762930860000,1762936080000,2025-11-12T07:01:00+00:00,2025-11-12T08:28:00+00:00,3434.3,3457.63,0.19,652.517,130.5034,5,3454.69,3454.69,4.956486679999987,1.937519712440809,exchange_guard_proxy_touch,False,-4.432699999999986,0.5237866800000001,-0.025650853860000003,0.26100680000000004,-4.982137533859986,-76.3526089567013,1,True
ETHUSDT,short,aebbf17c4923d75cfe54794e5886784ef941c623be816d43836896bdab5c10f6,ETHUSDT|short|high_volume,1762985760000,1762998180000,2025-11-12T22:16:00+00:00,2025-11-13T01:43:00+00:00,3393.55,3457.9500000000003,0.07,237.54850000000005,47.50970000000001,5,3455.01,3455.01,4.6998420000000065,2.393544232062904,exchange_guard_proxy_touch,False,-4.508000000000007,0.19184200000000004,0.016647054305000002,0.09501940000000002,-4.683194945695007,-197.14689613678917,1,True
ETHUSDT,short,559161e05bc06d8a4f25fa3af7a89c970162e64f0ffa7d665fb49ee12db3997b,ETHUSDT|short|high_volume,1763003760000,1763004600000,2025-11-13T03:16:00+00:00,2025-11-13T03:30:00+00:00,3374.9900000000002,3457.9500000000003,0.05,168.7495,33.749900000000004,5,3455.01,3455.01,4.284658800000002,6.319881501675209,exchange_guard_proxy_touch,False,-4.148000000000002,0.13665880000000002,0.0,0.06749980000000001,-4.2846588000000025,-253.90645898210082,1,True
ETHUSDT,short,8a3230df9cf738feddb91eea44604db0645f017f83d33c88bd7177ede3ef385c,ETHUSDT|short|high_volume,1763094960000,1763137680000,2025-11-14T04:36:00+00:00,2025-11-14T16:28:00+00:00,3181.23,3242.44,0.05,159.06150000000002,31.812300000000004,5,3270.59,3239.6800000000003,4.736592200000005,6.060210509266259,exchange_guard_proxy_touch,False,-3.060500000000002,0.12847340000000002,0.018463690560000003,0.06362460000000002,-3.170509709440002,-199.32602857636834,1,True
ETHUSDT,short,3d58980f74e82c0d3f58efddd92c099c1b585b00b9e54eae745395d08a089582,ETHUSDT|short|high_volume,1763193960000,1763215020000,2025-11-15T08:06:00+00:00,2025-11-15T13:57:00+00:00,3161.81,3195.53,0.13,411.0353,82.20706,5,3192.8100000000004,3192.8100000000004,4.714181680000033,2.6312991517344306,exchange_guard_proxy_touch,False,-4.383600000000033,0.33058168000000004,0.0,0.16441412,-4.714181680000033,-114.69043364402116,1,True
ETHUSDT,short,e104b82b4a8861c33c1d4207dd77789b965c8309fa55777fe3c595faac187b31,ETHUSDT|short|high_volume,1763327160000,1763339400000,2025-11-16T21:06:00+00:00,2025-11-17T00:30:00+00:00,3073.92,3129.88,0.08,245.9136,49.18272,5,3127.2200000000003,3127.2200000000003,4.675321600000003,3.2838948586737864,exchange_guard_proxy_touch,False,-4.476800000000003,0.19852160000000002,0.024752320000000005,0.09836544,-4.650569280000004,-189.1139522173643,1,True
ETHUSDT,short,27e6767b2822d7a05b2397a03fa38e81c0c22ce2081bd3c1a5294e09a251f179,ETHUSDT|short|confirmed_volume,1763403960000,1763454900000,2025-11-17T18:26:00+00:00,2025-11-18T08:35:00+00:00,3038.4900000000002,3051.61,0.02,60.769800000000004,12.153960000000001,5,3210.23,3049.01,3.539411599999996,1.7238993130174134,exchange_guard_proxy_touch,False,-0.2623999999999978,0.04872080000000001,0.011533924672000002,0.024307920000000004,-0.2995868753279978,-49.298644281863325,1,True
ETHUSDT,short,78297c780b1683eeb9db88c94763c6ec562c694b2152f354255ecf1e573a30c6,ETHUSDT|short|high_volume,1763472360000,1763474040000,2025-11-18T13:26:00+00:00,2025-11-18T13:54:00+00:00,3031.66,3051.61,0.21,636.6486,127.32972,5,3049.01,3049.01,4.700494680000057,2.3017691152555457,exchange_guard_proxy_touch,False,-4.1895000000000575,0.51099468,0.0,0.25465943999999996,-4.700494680000057,-73.83185449555778,1,True
BTCUSDT,short,a902d3b1753ca81561761c004b718d2abdc8ef3e6d9393c3fdb3cdace2cb66aa,BTCUSDT|short|high_volume,1763395860000,1763476620000,2025-11-17T16:11:00+00:00,2025-11-18T14:37:00+00:00,93284.3,92449.6,0.0017000000000000001,158.58331,31.716662000000003,5,95909.20000000001,92371.0,4.7297570680000005,2.108723746440628,exchange_guard_proxy_touch,False,1.418989999999995,0.12629905200000002,0.03104693,0.06343332400000001,1.323737877999995,83.47271084201705,1,True
BTCUSDT,short,6652d0adb168fdc89ba98e34c0ce09b000d04cd9f265e97e488abeb3d570786d,BTCUSDT|short|confirmed_volume,1763523360000,1763564820000,2025-11-19T03:36:00+00:00,2025-11-19T15:07:00+00:00,91921.8,92065.5,0.0028,257.38104,51.476208,5,93400.1,91987.3,4.569209455999991,1.6484955177754341,exchange_guard_proxy_touch,False,-0.40235999999999184,0.206065776,0.0128865777376,0.102952416,-0.5955391982623918,-23.138425358075786,1,True
BTCUSDT,short,358b465044db771b07e49522200b3af9954c55a938496065e587d1981e4eeb49,BTCUSDT|short|high_volume,1763566560000,1763598600000,2025-11-19T15:36:00+00:00,2025-11-20T00:30:00+00:00,90650.40000000001,92065.5,0.0031000000000000003,281.01624000000004,56.20324800000001,5,91987.3,91987.3,4.613377715999974,2.9497837646589242,exchange_guard_proxy_touch,False,-4.386809999999973,0.22656771600000006,0.023173827141,0.11240649600000004,-4.590203888858973,-163.34301138108503,1,True
ETHUSDT,short,60630ae421a415411c32194ec0342084d9606954f9c5d2b702993812dcff23d1,ETHUSDT|short|high_volume,1763528460000,1763615220000,2025-11-19T05:01:00+00:00,2025-11-20T05:07:00+00:00,3047.76,3059.61,0.05,152.388,30.477600000000002,5,3125.0600000000004,3057.01,4.121509600000002,2.2687323652559557,exchange_guard_proxy_touch,False,-0.5924999999999955,0.12214740000000002,0.025863394335,0.060955200000000015,-0.6887840056649955,-45.19935990136989,1,True
ETHUSDT,short,ad13c4406865bd25fbcb1fc5f43be650ee933fd2a435ad268e59f4fd6c3505a0,ETHUSDT|short|high_volume,1763621160000,1763645460000,2025-11-20T06:46:00+00:00,2025-11-20T13:31:00+00:00,3012.88,3046.28,0.09,271.1592,54.23184,5,3057.01,3043.69,4.4243096400000015,3.398739820133855,exchange_guard_proxy_touch,False,-3.006000000000008,0.21812976,0.02143136502,0.10846367999999999,-3.202698394980008,-118.1113676017634,1,True
ETHUSDT,short,e78d834d5b6ef4674c9f40b2f2d34862a6fe3fa984ab946874d21b5a980191bf,ETHUSDT|short|high_volume,1763646360000,1763744760000,2025-11-20T13:46:00+00:00,2025-11-21T17:06:00+00:00,2999.38,2781.94,0.09,269.9442,53.98884,5,3043.69,2779.57,4.438643760000008,4.501000756033359,exchange_guard_proxy_touch,False,19.569600000000005,0.20812751999999998,0.044554074705,0.10797768,19.406026554705004,718.8902949092814,1,True
BTCUSDT,short,72a35cbd095b0a01bcc8e72e4710b21f8be2cd03ed19944a54c1cf2cfaee1f3e,BTCUSDT|short|confirmed_volume,1763654460000,1763744820000,2025-11-20T16:01:00+00:00,2025-11-21T17:07:00+00:00,89722.0,85522.0,0.0015,134.583,26.9166,5,92498.70000000001,85449.3,4.392479640000014,1.8462558916559355,exchange_guard_proxy_touch,False,6.3,0.1051464,0.014535637524,0.053833200000000005,6.209389237524,461.3799096114666,1,True
BTCUSDT,short,abfc07bea3ed685b4394d5fe6ef63c4f6d03909ba5bbe6412a98307cf188b2bf,BTCUSDT|short|confirmed_volume,1763778960000,1763820840000,2025-11-22T02:36:00+00:00,2025-11-22T14:14:00+00:00,84342.6,84400.3,0.0041,345.80466000000007,69.16093200000002,5,85374.6,84328.6,4.807315272000024,1.9218721315265208,exchange_guard_proxy_touch,False,-0.2365699999999881,0.2767383560000001,0.023343734948999998,0.13832186400000004,-0.48996462105098815,-14.16882644239057,1,True
ETHUSDT,short,6e4c96643963619f4c7b6240d24072f3a47e9ab694a6f26348f0ca7817e488e9,ETHUSDT|short|high_volume,1763784960000,1763820900000,2025-11-22T04:16:00+00:00,2025-11-22T14:15:00+00:00,2729.01,2744.4,0.08,218.32080000000002,43.66416,5,2783.3500000000004,2742.0600000000004,4.713271360000003,2.416468880462162,exchange_guard_proxy_touch,False,-1.2311999999999899,0.17514912,0.01585858584,0.08732832000000001,-1.3904905341599898,-63.69024546263983,1,True
ETHUSDT,short,433ac8e0845c9c5573626065abd4405912722f92c1abf7027cc7974830563a95,ETHUSDT|short|high_volume,1763942760000,1763949960000,2025-11-24T00:06:00+00:00,2025-11-24T02:06:00+00:00,2784.9,2846.42,0.07,194.943,38.988600000000005,5,2844.0,2844.0,4.464076959999999,3.175318848893419,exchange_guard_proxy_touch,False,-4.306399999999999,0.15767696,0.0,0.07797720000000001,-4.464076959999999,-228.9939602858271,1,True
BTCUSDT,short,c3219b9abe98fe20d1f908ef309a4a726b83c65752b14022dbb4ada54eb66095,BTCUSDT|short|high_volume,1763975460000,1764005640000,2025-11-24T09:11:00+00:00,2025-11-24T17:34:00+00:00,86508.40000000001,87870.70000000001,0.0033,285.47772000000003,57.095544000000004,5,87796.0,87796.0,4.725770412000009,3.3052924554219705,exchange_guard_proxy_touch,False,-4.49559000000001,0.23018041200000008,0.0144099327372,0.11419108800000001,-4.71136047926281,-165.03426184231853,1,True
ETHUSDT,short,c115a6d357f6418b6e74e79f51fb8a2c7febe592fade01486c9de984f54b646e,ETHUSDT|short|high_volume,1764057960000,1764088380000,2025-11-25T08:06:00+00:00,2025-11-25T16:33:00+00:00,2898.89,2936.01,0.1,289.889,57.9778,5,2941.4,2933.51,4.735711999999999,5.5243735247088885,exchange_guard_proxy_touch,False,-3.712000000000035,0.233396,0.0016091696400000002,0.1159556,-3.9437868303600347,-136.0447216127564,1,True
BTCUSDT,short,7ddc189814ae036de67bb7b83601b0a1303be3d7c2d703ec34c87906d1d6b478,BTCUSDT|short|high_volume,1764055860000,1764091980000,2025-11-25T07:31:00+00:00,2025-11-25T17:33:00+00:00,87615.40000000001,87807.40000000001,0.007500000000000001,657.1155000000001,131.42310000000003,5,88100.1,87732.8,4.7243711999999345,3.0798444150060607,exchange_guard_proxy_touch,False,-1.4400000000000002,0.5262684000000001,-0.006608762565000006,0.2628462000000001,-1.9728771625650001,-30.02329366093175,1,True
ETHUSDT,short,cc8c0b8f7ca9ed1c39a86f70480ac0e669b073719ba21ee0bdabfa1313a96551,ETHUSDT|short|confirmed_volume,1764097260000,1764101640000,2025-11-25T19:01:00+00:00,2025-11-25T20:14:00+00:00,2923.3,2936.01,0.31,906.2230000000001,181.24460000000002,5,2933.51,2933.51,4.666654440000011,1.56947134164472,exchange_guard_proxy_touch,False,-3.9401000000000113,0.7265544400000001,0.0,0.36248920000000007,-4.666654440000011,-51.49565217391316,1,True
BTCUSDT,short,4cd8744ab8ecb6242f9f7d1e46c1c24f58bb85e3708a6344ccfb4ff69030b60b,BTCUSDT|short|high_volume,1764097560000,1764112440000,2025-11-25T19:06:00+00:00,2025-11-25T23:14:00+00:00,86926.90000000001,87807.40000000001,0.0049,425.94181000000003,85.18836200000001,5,87732.8,87732.8,4.656929228,2.112366153692913,exchange_guard_proxy_touch,False,-4.31445,0.3424792280000001,0.0,0.170376724,-4.656929228,-109.33252192359328,1,True
ETHUSDT,short,6aee6fab73f3bedbe8b005ab65dbcd418a8ae2c8f6f1eee253b6ee3e4273f132,ETHUSDT|short|high_volume,1764148260000,1764173700000,2025-11-26T09:11:00+00:00,2025-11-26T16:15:00+00:00,2907.52,2956.34,0.09,261.6768,52.33536,5,2953.82,2953.82,4.604898960000015,2.2064048797123355,exchange_guard_proxy_touch,False,-4.393800000000015,0.21109896000000003,0.0049676617619999995,0.10467072,-4.599931298238015,-175.78674526125417,1,True
BTCUSDT,short,b28fc10ed0dafac5eaed2e0dbd46830fa91f252e3a1997d1502e462df51edf3c,BTCUSDT|short|confirmed_volume,1764153360000,1764177120000,2025-11-26T10:36:00+00:00,2025-11-26T17:12:00+00:00,86594.90000000001,88021.90000000001,0.003,259.78470000000004,51.95694000000001,5,87947.1,87947.1,4.49054016,1.5560523583233035,exchange_guard_proxy_touch,False,-4.281,0.20954016000000003,-0.001092663591,0.10391388000000003,-4.491632823591,-172.89828167675,1,True
ETHUSDT,short,3dc0fd9e277248776f9aec8b880be03778ea8f720fa05dc8ae220f7df1252866,ETHUSDT|short|high_volume,1764246060000,1764319800000,2025-11-27T12:21:00+00:00,2025-11-28T08:50:00+00:00,3015.41,3030.59,0.13,392.00329999999997,78.40065999999999,5,3044.01,3028.01,4.369924520000008,4.295284985752876,exchange_guard_proxy_touch,False,-1.973400000000038,0.314392,0.013586175629,0.15680132,-2.274205824371038,-58.01496631204477,1,True
BTCUSDT,short,19aff93b1af366e343b97f067b81da1a99e5e8a915325233bb8d5ce3fea9b26e,BTCUSDT|short|high_volume,1764277560000,1764320400000,2025-11-27T21:06:00+00:00,2025-11-28T09:00:00+00:00,91184.40000000001,91768.1,0.0058000000000000005,528.8695200000001,105.77390400000002,5,91800.1,91690.1,4.448745232000017,2.888528690192857,exchange_guard_proxy_touch,False,-3.3854599999999833,0.42444980000000004,0.041037075100800006,0.21154780800000006,-3.7688727248991833,-71.26280835581493,1,True
BTCUSDT,short,19f45375684824bf2d1cd2c58b0ab8112daa6b6aa42ee6735dbb5764f9f94859,BTCUSDT|short|confirmed_volume,1764375660000,1764429360000,2025-11-29T00:21:00+00:00,2025-11-29T15:16:00+00:00,90706.70000000001,90962.20000000001,0.0068000000000000005,616.8055600000001,123.36111200000002,5,91209.1,90884.90000000001,4.439022048000001,1.5973090229637434,exchange_guard_proxy_touch,False,-1.7374,0.4941394080000001,0.0109446411536,0.24672222400000007,-2.2205947668464003,-36.00153615422014,1,True
BTCUSDT,short,d759d1b29a7f14a14612a8ddf774e7241ddeb4146dbfa2459a7c131905f59899,BTCUSDT|short|high_volume,1764439260000,1764449400000,2025-11-29T18:01:00+00:00,2025-11-29T20:50:00+00:00,90339.3,90962.20000000001,0.0064,578.1715200000001,115.63430400000001,5,90884.90000000001,90884.90000000001,4.450691840000056,2.143858036949643,exchange_guard_proxy_touch,False,-3.9865600000000563,0.46413184,0.0,0.23126860800000004,-4.450691840000056,-76.97874568432661,1,True
BTCUSDT,short,6e9a37efeb01f7c0741030cbe5cae05c8dd05a6a6d816a4f2c605bf51ae03a2d,BTCUSDT|short|confirmed_volume,1764471360000,1764490860000,2025-11-30T02:56:00+00:00,2025-11-30T08:21:00+00:00,90647.40000000001,91093.5,0.008400000000000001,761.4381600000002,152.28763200000003,5,91020.1,91016.1,4.391502863999927,1.7980056219076326,exchange_guard_proxy_touch,False,-3.7472399999999273,0.6106494240000002,0.027159511848000004,0.30457526400000007,-4.330729912151928,-56.87566160529605,1,True
ETHUSDT,short,299fbdf6d0a7fcc6e7e8c2660366d1bc6e6fbc42eb758cc8cab8d082ddd02e0e,ETHUSDT|short|high_volume,1764383760000,1764490980000,2025-11-29T02:36:00+00:00,2025-11-30T08:23:00+00:00,3021.7000000000003,3014.55,0.1,302.17,60.434000000000005,5,3059.86,3011.98,4.320366799999998,4.495053283985004,exchange_guard_proxy_touch,False,0.7150000000000092,0.24145000000000005,0.03679864882,0.12086800000000003,0.5103486488200091,16.889454572591887,1,True
BTCUSDT,short,463c822c0fb04bce1b3c63312ed6387c6b1972bffad49c3c308176f784e4c6a5,BTCUSDT|short|high_volume,1764547260000,1764626700000,2025-12-01T00:01:00+00:00,2025-12-01T22:05:00+00:00,90299.90000000001,86698.8,0.003,270.89970000000005,54.17994000000001,5,91592.40000000001,86625.1,4.329564239999983,2.3135472964847605,exchange_guard_proxy_touch,False,10.803300000000018,0.21239844000000002,0.011967228207,0.10835988000000002,10.602868788207019,391.39463012351126,1,True
BTCUSDT,short,b8fb3926324352a78a234009b095c23e465de1ad3bb01ab1932564f19b158d2a,BTCUSDT|short|high_volume,1764663360000,1764672480000,2025-12-02T08:16:00+00:00,2025-12-02T10:48:00+00:00,86653.40000000001,87320.20000000001,0.0061,528.5857400000001,105.71714800000002,5,87246.0,87246.0,4.491975584000018,5.02117587670499,exchange_guard_proxy_touch,False,-4.067480000000018,0.4244955840000001,0.0,0.21143429600000002,-4.491975584000018,-84.98102094089819,1,True
ETHUSDT,short,7555c956060bbebf2d61f89086f798984876f4abea9524b84ea5103e56f846d1,ETHUSDT|short|high_volume,1764590760000,1764672480000,2025-12-01T12:06:00+00:00,2025-12-02T10:48:00+00:00,2822.94,2817.21,0.12,338.7528,67.75056,5,2854.57,2814.8100000000004,4.359837119999994,2.7809324420749046,exchange_guard_proxy_touch,False,0.6876000000000022,0.2707272,0.033660007884,0.13550112,0.4505328078840022,13.299751555824843,1,True
BTCUSDT,short,2ffffa3569236c18c6300776d93653544248d6dcf3049ac2145b7afc2e3d95c9,BTCUSDT|short|high_volume,1764807360000,1764810720000,2025-12-04T00:16:00+00:00,2025-12-04T01:12:00+00:00,92863.90000000001,93550.70000000001,0.0058000000000000005,538.61062,107.72212400000001,5,93471.20000000001,93471.20000000001,4.415921872000017,3.229300802895335,exchange_guard_proxy_touch,False,-3.983440000000017,0.43248187200000016,0.0,0.21544424800000003,-4.415921872000017,-81.9872781565283,1,True
ETHUSDT,short,c4e8013b29f1e55930fc9e07b02d2671600bc28b810834c0f459bf6f65d04fc7,ETHUSDT|short|confirmed_volume,1764853260000,1764862740000,2025-12-04T13:01:00+00:00,2025-12-04T15:39:00+00:00,3175.73,3210.33,0.11,349.3303,69.86606,5,3207.6000000000004,3207.6000000000004,4.0869866399999895,1.983181538772892,exchange_guard_proxy_touch,False,-3.80599999999999,0.28098664,0.0,0.13973212,-4.0869866399999895,-116.99490825731375,1,True
BTCUSDT,short,f848d88171a78bd7f61eb57208d53a21794ca83079ba12371d806f68fb5db2dd,BTCUSDT|short|high_volume,1764825060000,1765028640000,2025-12-04T05:11:00+00:00,2025-12-06T13:44:00+00:00,92937.20000000001,89808.8,0.0038,353.16136000000006,70.63227200000001,5,93932.8,89732.5,4.371063848,2.036959510605101,exchange_guard_proxy_touch,False,11.887920000000033,0.27777392,0.0948954265156,0.14126454400000002,11.705041506515634,331.43607518431895,1,True
ETHUSDT,short,69a049420e56ea4f7f5d76c91489b0275e8cd81fc58ef0a6244b30a060c16726,ETHUSDT|short|high_volume,1764942060000,1765030500000,2025-12-05T13:41:00+00:00,2025-12-06T14:15:00+00:00,3098.4300000000003,3047.4,0.05,154.92150000000004,30.984300000000008,5,3181.65,3044.8100000000004,4.422155799999992,2.282626508621294,exchange_guard_proxy_touch,False,2.55150000000001,0.1229166,0.01503870672,0.06196860000000001,2.44362210672001,157.73292323660755,1,True
ETHUSDT,short,09d9ffcd7d39ca553c60a19b090d00920ec5c0e0e34e08c55839dcc4ccb1504d,ETHUSDT|short|confirmed_volume,1765082160000,1765111680000,2025-12-07T04:36:00+00:00,2025-12-07T12:48:00+00:00,3044.68,3052.35,0.31,943.8507999999999,188.77015999999998,5,3054.0,3049.75,4.451758720000022,1.671717385962038,exchange_guard_proxy_touch,False,-2.3777000000000226,0.75603172,-0.009166596459999999,0.37754032000000004,-3.1428983164600224,-33.298677253439024,1,True
BTCUSDT,short,34b9147bc0afa74205ed190b1d7e1822a24bfb33fb1185935039790c1d16b89c,BTCUSDT|short|high_volume,1765092960000,1765123020000,2025-12-07T07:36:00+00:00,2025-12-07T15:57:00+00:00,89180.6,89634.20000000001,0.006200000000000001,552.9197200000001,110.58394400000002,5,89750.1,89558.0,4.4478973600000185,2.2962470223380826,exchange_guard_proxy_touch,False,-2.8123200000000366,0.44346070400000015,0.009227807733200002,0.22116788800000003,-3.2465528962668366,-58.71653295828979,1,True
ETHUSDT,short,29ec24df4e9d82a1a2fb873a35612911f9fab09536bfefa6f46a825d070d1660,ETHUSDT|short|high_volume,1765113960000,1765127760000,2025-12-07T13:26:00+00:00,2025-12-07T17:16:00+00:00,3027.81,3052.35,0.16,484.4496,96.88991999999999,5,3049.75,3049.75,4.315530239999994,9.3713202645829,exchange_guard_proxy_touch,False,-3.9263999999999943,0.38913024,0.0070102429439999996,0.19377984,-4.308519997055994,-88.93639290972672,1,True
ETHUSDT,short,73e277bd3f685e13275e0949f7559a0229d790c1a30ba38f6d93b2250942fabf,ETHUSDT|short|high_volume,1765220460000,1765229400000,2025-12-08T19:01:00+00:00,2025-12-08T21:30:00+00:00,3091.9700000000003,3152.69,0.06,185.5182,37.10364,5,3150.01,3150.01,3.7930718399999876,7.615107027721854,exchange_guard_proxy_touch,False,-3.643199999999988,0.14987183999999998,0.0,0.07420728000000001,-3.7930718399999876,-204.45820625685172,1,True
BTCUSDT,short,a598cbbff928d3461d36105ea4b15f6b29da30fa852cf58af59b83afdb5308f0,BTCUSDT|short|high_volume,1765240560000,1765265940000,2025-12-09T00:36:00+00:00,2025-12-09T07:39:00+00:00,90447.6,90550.0,0.0041,370.83516000000003,74.167032,5,91338.3,90473.0,4.268696303999977,2.8958986683861383,exchange_guard_proxy_touch,False,-0.4198399999999762,0.296836064,0.0,0.14833406400000002,-0.7166760639999762,-19.32600091102408,1,True
BTCUSDT,short,a7dbf125b3b33ac4651373b439523909983ad9b717ac61f30f84b3725ef19fcf,BTCUSDT|short|high_volume,1765276860000,1765282680000,2025-12-09T10:41:00+00:00,2025-12-09T12:18:00+00:00,89919.1,90550.0,0.0061,548.50651,109.70130200000001,5,90473.0,90473.0,4.288834603999964,2.1493949023931513,exchange_guard_proxy_touch,False,-3.848489999999965,0.44034460400000003,0.0,0.21940260400000003,-4.288834603999965,-78.19113403047787,1,True
ETHUSDT,short,33a20398fa54e8c66b3668dfd532e81056fa513c53280da1d5a4a7ec2119b496,ETHUSDT|short|confirmed_volume,1765236360000,1765282920000,2025-12-08T23:26:00+00:00,2025-12-09T12:22:00+00:00,3114.13,3132.28,0.06,186.8478,37.36956,5,3178.01,3129.61,4.146476400000008,1.8351067352248875,exchange_guard_proxy_touch,False,-1.0890000000000055,0.14991384,0.021538259742,0.07473912,-1.2173755802580055,-65.15332694620999,1,True
BTCUSDT,short,8125284a15cb7a2aa0ab93e1b10d09ab600bd4485a08f455e270b27c4286259a,BTCUSDT|short|high_volume,1765391160000,1765397280000,2025-12-10T18:26:00+00:00,2025-12-10T20:08:00+00:00,91964.70000000001,93358.3,0.0029000000000000002,266.69763000000006,53.33952600000001,5,93279.0,93279.0,4.256414679999975,3.367068893330922,exchange_guard_proxy_touch,False,-4.041439999999975,0.21497468,0.0,0.10667905200000002,-4.256414679999975,-159.59701929109656,1,True
BTCUSDT,short,15e87ca0ceb11bf50bebf8096dca2f6e20bb0fef9caaa449852d0187a0818317,BTCUSDT|short|confirmed_volume,1765401060000,1765466640000,2025-12-10T21:11:00+00:00,2025-12-11T15:24:00+00:00,91770.6,90571.8,0.0025,229.42650000000003,45.88530000000001,5,93279.0,90494.8,4.154378899999993,1.666357729762265,exchange_guard_proxy_touch,False,2.9970000000000074,0.18234240000000004,0.0023981741225,0.09177060000000001,2.8170557741225073,122.7868521780399,1,True
BTCUSDT,short,27f24ef0057a9a8bdb13226fa329c15cfa9fe2f437e66d1f174228cc603ab63e,BTCUSDT|short|high_volume,1765525260000,1765550760000,2025-12-12T07:41:00+00:00,2025-12-12T14:46:00+00:00,92235.6,92678.90000000001,0.0066,608.75496,121.750992,5,92719.1,92600.1,4.200328703999961,2.1786111449328303,exchange_guard_proxy_touch,False,-2.925780000000019,0.48817428,0.028647027486000003,0.24350198400000003,-3.385307252514019,-55.61034365147545,1,True
BTCUSDT,short,cd9db0923eb264620415d306963003eede2d9fbf172b31f3a9d65a5e46983e1c,BTCUSDT|short|high_volume,1765552860000,1765597140000,2025-12-12T15:21:00+00:00,2025-12-13T03:39:00+00:00,91711.20000000001,90475.0,0.004,366.8448000000001,73.36896000000002,5,92600.1,90398.1,4.165824159999988,4.789241447521932,exchange_guard_proxy_touch,False,4.944800000000047,0.29149792,0.012601303147999999,0.14673792000000002,4.665903383148047,127.19011917704833,1,True
BTCUSDT,short,7ad51f0ad17224f6d2a2af62fda50eed155ac23f41c34a51035be649017f4530,BTCUSDT|short|high_volume,1765710360000,1765789440000,2025-12-14T11:06:00+00:00,2025-12-15T09:04:00+00:00,89591.20000000001,89956.5,0.005200000000000001,465.8742400000001,93.17484800000003,5,90250.1,89880.1,4.199869647999986,17.521156939289522,exchange_guard_proxy_touch,False,-1.8995599999999397,0.3734592160000001,0.014163710178799999,0.18634969600000006,-2.2588555058211397,-48.48637919583489,1,True
BTCUSDT,short,b0f365700ba9cd1de849d1886d8ed7affd5fe11baaab7ad1ff48178afb3427cb,BTCUSDT|short|high_volume,1765799160000,1765867860000,2025-12-15T11:46:00+00:00,2025-12-16T06:51:00+00:00,89527.70000000001,86552.3,0.008400000000000001,752.0326800000003,150.40653600000005,5,89880.1,86478.70000000001,4.204986911999903,3.9744206880533732,exchange_guard_proxy_touch,False,24.993360000000077,0.5916288000000001,0.07670126910600002,0.30081307200000007,24.478432469106078,325.4969248026039,1,True
BTCUSDT,short,292bd931812b4759a6a3e596e04896e2c87923fb8a1527dcc7ce2f55368eb5ec,BTCUSDT|short|high_volume,1765871160000,1765881420000,2025-12-16T07:46:00+00:00,2025-12-16T10:37:00+00:00,85781.70000000001,86552.3,0.0053,454.64301000000006,90.92860200000001,5,86478.70000000001,86478.70000000001,4.449528079999953,2.1490183939289884,exchange_guard_proxy_touch,False,-4.084179999999954,0.36534808,0.006150788595,0.18185720400000005,-4.443377291404954,-97.73332468929752,1,True
BTCUSDT,short,f93dc76f4a615cff42d4220483ad53a1a1cea5b9cd72ab6f0ae28e817207a84d,BTCUSDT|short|confirmed_volume,1765937460000,1765973160000,2025-12-17T02:11:00+00:00,2025-12-17T12:06:00+00:00,87321.1,87238.40000000001,0.0061,532.65871,106.53174200000001,5,87900.1,87164.3,4.415902240000018,1.681861963802265,exchange_guard_proxy_touch,False,0.5044699999999823,0.42592518000000007,0.047699710352800004,0.21306348400000003,0.12624453035278227,2.370082906422055,1,True
BTCUSDT,short,8848c2d112d50472d64bc818174eba002a151de1c5093ae43a4da579e2bd2b70,BTCUSDT|short|high_volume,1766020260000,1766023980000,2025-12-18T01:11:00+00:00,2025-12-18T02:13:00+00:00,85777.1,86494.6,0.0056,480.35176,96.070352,5,86421.1,86421.1,4.403888608,2.7420226000414676,exchange_guard_proxy_touch,False,-4.018,0.385888608,0.0,0.19214070400000002,-4.403888608,-91.68049281218414,1,True
BTCUSDT,short,63216565c49ed0f9d23b4edc645034e605a62babc40a83fd5124b53bac1d107e,BTCUSDT|short|high_volume,1766154960000,1766155440000,2025-12-19T14:36:00+00:00,2025-12-19T14:44:00+00:00,87741.1,88420.3,0.0058000000000000005,508.8983800000001,101.77967600000002,5,88345.20000000001,88345.20000000001,4.348054447999983,5.383555739555036,exchange_guard_proxy_touch,False,-3.9393599999999833,0.40869444800000004,0.0,0.20355935200000003,-4.348054447999983,-85.44052445205234,1,True
BTCUSDT,short,cf598efeea43cf501bfa4277098b54308a1cdf447caba51153b32db1b882f746,BTCUSDT|short|high_volume,1766165460000,1766176500000,2025-12-19T17:31:00+00:00,2025-12-19T20:35:00+00:00,87370.40000000001,88420.3,0.0038,332.00752000000006,66.40150400000002,5,88345.20000000001,88345.20000000001,4.256821863999978,3.236136122700778,exchange_guard_proxy_touch,False,-3.9896199999999777,0.267201864,0.0,0.13280300800000003,-4.256821863999978,-128.21462188567227,1,True
BTCUSDT,short,901186845549dd7113f9cd0e2aa3123edcfe024b451db2923d98dd756ad7131c,BTCUSDT|short|high_volume,1766189160000,1766208060000,2025-12-20T00:06:00+00:00,2025-12-20T05:21:00+00:00,87973.8,88481.6,0.0074,651.00612,130.201224,5,88406.40000000001,88406.40000000001,4.280027984000022,3.6496685092692984,exchange_guard_proxy_touch,False,-3.7577200000000217,0.5223079840000001,0.0,0.260402448,-4.2800279840000215,-65.74481948034561,1,True
BTCUSDT,short,031582febfaba657604d17d7cfbd0feacff23b92cacad7d0b7411d209b9d1fd4,BTCUSDT|short|high_volume,1766215260000,1766256960000,2025-12-20T07:21:00+00:00,2025-12-20T18:56:00+00:00,88113.5,88395.20000000001,0.0097,854.70095,170.94019,5,88406.40000000001,88320.1,4.255758988000056,2.2452871162218337,exchange_guard_proxy_touch,False,-2.732490000000113,0.6848537560000001,0.07186736397150001,0.34188038000000004,-3.345476392028613,-39.14206942239403,1,True
BTCUSDT,short,9b89a855658a59fea68915fd4d5a020379751c6dce127c8536f90db111e1fd34,BTCUSDT|short|high_volume,1766303160000,1766306400000,2025-12-21T07:46:00+00:00,2025-12-21T08:40:00+00:00,87954.90000000001,88475.3,0.0071,624.4797900000001,124.89595800000002,5,88400.1,88400.1,4.195901767999959,5.2512964191796305,exchange_guard_proxy_touch,False,-3.694839999999959,0.5010617680000001,0.055525945640400004,0.24979191600000003,-4.140375822359559,-66.30119803171786,1,True
BTCUSDT,short,4ea7047fffeeea68900807d5321a3680596c22060508b9775081bf382633c088,BTCUSDT|short|high_volume,1766369160000,1766373000000,2025-12-22T02:06:00+00:00,2025-12-22T03:10:00+00:00,87892.70000000001,88663.40000000001,0.0049,430.67423,86.13484600000001,5,88588.1,88588.1,4.122479955999985,2.3993809735482703,exchange_guard_proxy_touch,False,-3.7764299999999857,0.34604995600000005,0.0,0.17226969200000003,-4.122479955999986,-95.72153773862871,1,True
BTCUSDT,short,8be96c9a5b5914904c3b154835adc86dc2f60cae67819c28078eb363e0609d8f,BTCUSDT|short|high_volume,1766433660000,1766505780000,2025-12-22T20:01:00+00:00,2025-12-23T16:03:00+00:00,87926.6,87988.90000000001,0.0032,281.36512000000005,56.27302400000001,5,89050.1,87914.1,4.0640670719999905,3.027431094298039,exchange_guard_proxy_touch,False,-0.19936000000000934,0.22517184000000004,0.027136116921600003,0.11254604800000002,-0.39739572307840937,-14.123844600155461,1,True
BTCUSDT,short,f68256a4eb6ab47ba6e283f3b108e9494b52fc2f097673502829a22d30c1d27b,BTCUSDT|short|high_volume,1766512860000,1766514720000,2025-12-23T18:01:00+00:00,2025-12-23T18:32:00+00:00,87127.3,87988.90000000001,0.0044,383.36012000000005,76.67202400000001,5,87914.1,87914.1,4.099244512000026,2.216362400437699,exchange_guard_proxy_touch,False,-3.791040000000026,0.30820451200000004,0.0,0.153344048,-4.099244512000026,-106.92934132011501,1,True
BTCUSDT,short,cceb0c9e064bd095cae6cd9680c43b83e695ea215aa38706cdaea07f7996dc38,BTCUSDT|short|high_volume,1766555160000,1766593980000,2025-12-24T05:46:00+00:00,2025-12-24T16:33:00+00:00,86763.8,87524.5,0.0033,286.32054,57.264108,5,87850.0,87450.1,4.0615588200000285,8.114350712660755,exchange_guard_proxy_touch,False,-2.5103099999999903,0.23006055600000003,0.0412562670135,0.114528216,-2.6991142889864905,-94.26897172611125,1,True
BTCUSDT,short,14a57964d5250ccb5eb0e2e0325a51df8a3656c237a929f59bc43e5b15d79b73,BTCUSDT|short|high_volume,1766639160000,1766676300000,2025-12-25T05:06:00+00:00,2025-12-25T15:25:00+00:00,87601.90000000001,87933.6,0.0085,744.6161500000002,148.92323000000005,5,87933.6,87858.90000000001,4.0523250200000005,2.3380236403723664,exchange_guard_proxy_touch,False,-2.8194499999999754,0.5968207000000001,0.059350467379500005,0.2978464600000001,-3.3569202326204755,-45.08256008979223,1,True
BTCUSDT,short,54ec784bd9fad7cfe87c3550964ad0383b88a167ef937dcf7c2c6716f9ff0537,BTCUSDT|short|high_volume,1766787960000,1766815740000,2025-12-26T22:26:00+00:00,2025-12-27T06:09:00+00:00,87303.90000000001,87567.90000000001,0.0021000000000000003,183.33819000000005,36.66763800000001,5,89037.1,87493.5,3.9468800279999883,2.6027488811100703,exchange_guard_proxy_touch,False,-0.5544000000000001,0.14689231200000005,0.003317134898700001,0.07333527600000002,-0.6979751771013002,-38.07036477786216,1,True
BTCUSDT,short,e08c57a62a13e26efd3543b82d93ff267739bbcded16fb5d0141ac2d06fd893a,BTCUSDT|short|confirmed_volume,1766817660000,1766819220000,2025-12-27T06:41:00+00:00,2025-12-27T07:07:00+00:00,87347.20000000001,87567.90000000001,0.013900000000000001,1214.1260800000002,242.82521600000004,5,87493.5,87493.5,4.0402579559999605,1.980072024331536,exchange_guard_proxy_touch,False,-3.0677299999999597,0.9725279560000003,0.0,0.4856504320000001,-4.04025795599996,-33.27708730216848,1,True
BTCUSDT,short,b8593d05929e20817a129c7c797ff23518aef50fe47beecbb3fe702fd99edbea,BTCUSDT|short|confirmed_volume,1767041160000,1767082380000,2025-12-29T20:46:00+00:00,2025-12-30T08:13:00+00:00,87117.8,88043.0,0.0034000000000000002,296.20052000000004,59.24010400000001,5,88150.1,87968.20000000001,4.00328634400001,1.9060014160176584,exchange_guard_proxy_touch,False,-3.1456799999999903,0.238218688,0.043366097215,0.11848020800000002,-3.3405325907849903,-112.77943032594912,1,True
BTCUSDT,short,4df9ded0a127e79aea6311ec60c1ed1dd3cbf718618b81e6ccddb648ee3b725d,BTCUSDT|short|high_volume,1767170760000,1767175800000,2025-12-31T08:46:00+00:00,2025-12-31T10:10:00+00:00,88306.20000000001,88855.6,0.0064,565.1596800000001,113.03193600000002,5,88780.1,88780.1,3.969694207999963,3.049055204486813,exchange_guard_proxy_touch,False,-3.516159999999963,0.45353420800000005,0.0,0.22606387200000005,-3.969694207999963,-70.24022322328378,1,True
BTCUSDT,short,8719e4105777b24b32ec9aef5dd2f35da7e622a5df12374f695a0cc22f1c6547,BTCUSDT|short|high_volume,1767194160000,1767229620000,2025-12-31T15:16:00+00:00,2026-01-01T01:07:00+00:00,88065.90000000001,87924.5,0.0045000000000000005,396.2965500000001,79.25931000000001,5,88780.1,87849.8,3.872108699999987,6.6242321096311185,exchange_guard_proxy_touch,False,0.6363000000000394,0.3167827200000001,0.05425837875000001,0.15851862000000005,0.3737756587500393,9.431716192079877,1,True
BTCUSDT,short,434168b61b918dddba93ed28402f73c3fd6404b00d339ee2bb4f189a1af9c1a4,BTCUSDT|short|high_volume,1767240660000,1767258960000,2026-01-01T04:11:00+00:00,2026-01-01T09:16:00+00:00,87621.40000000001,87924.5,0.0105,920.0247000000002,184.00494000000003,5,87849.8,87849.8,3.9198427799999087,3.688245609701879,exchange_guard_proxy_touch,False,-3.1825499999999085,0.7372927800000002,0.091983885,0.36800988000000007,-3.827858894999909,-41.60604487031607,1,True
BTCUSDT,short,8cb8a5b1d7bb68005c990bdf880efcdb06cf2f83288367ab5f144549ef5e9178,BTCUSDT|short|high_volume,1767415260000,1767444360000,2026-01-03T04:41:00+00:00,2026-01-03T12:46:00+00:00,90023.40000000001,90020.5,0.0078000000000000005,702.1825200000001,140.436504,5,90368.8,89944.0,3.857003592000023,8.46570329453541,exchange_guard_proxy_touch,False,0.022620000000068103,0.5617369680000002,0.007367909211,0.2808730080000001,-0.5317490587889321,-7.572803988184327,1,True
BTCUSDT,short,c2eb94b62c0e931e7949e03a9e6235dbd854091100755f4a5b1bd3664c03b5d1,BTCUSDT|short|confirmed_volume,1767550260000,1767567660000,2026-01-04T18:11:00+00:00,2026-01-04T23:01:00+00:00,91116.5,91507.3,0.0063,574.03395,114.80679,5,91581.8,91429.5,3.8827560240000736,1.6825008633232,exchange_guard_proxy_touch,False,-2.462040000000018,0.460211976,0.0,0.22961358,-2.9222519760000183,-50.90730219005371,1,True
ETHUSDT,short,34762cc78ba45b066288441a647d0cee37c5fbee3c44e25df746d607e22b5024,ETHUSDT|short|high_volume,1768981260000,1769008500000,2026-01-21T07:41:00+00:00,2026-01-21T15:15:00+00:00,2964.77,3003.58,0.02,59.2954,11.85908,5,3113.53,3001.0200000000004,3.076847600000006,3.091248861857868,exchange_guard_proxy_touch,False,-0.7761999999999989,0.04774680000000001,0.00031471612000000005,0.02371816,-0.8236320838799989,-138.90320056530504,1,True
ETHUSDT,short,d8a90a396611472f844654329e7dc511b62c9e696ae42ac5b728fca76429b5fc,ETHUSDT|short|high_volume,1769015760000,1769023980000,2026-01-21T17:16:00+00:00,2026-01-21T19:33:00+00:00,2865.65,3003.58,0.02,57.313,11.4626,5,3001.0200000000004,3001.0200000000004,2.805553839999997,2.9931248297261113,exchange_guard_proxy_touch,False,-2.758599999999997,0.04695384,0.0,0.022925200000000003,-2.805553839999997,-489.5143928951541,1,True
ETHUSDT,short,26f2db644f7d7342e8fb95a4767698beb1d1e296dab642f6f7c30e37d161ede5,ETHUSDT|short|high_volume,1769066460000,1769131800000,2026-01-22T07:21:00+00:00,2026-01-23T01:30:00+00:00,3004.48,2960.53,0.1,300.44800000000004,60.089600000000004,5,3037.5,2958.01,3.802782800000013,2.424804900388166,exchange_guard_proxy_touch,False,4.394999999999982,0.23860040000000005,0.019356013770000007,0.1201792,4.175755613769982,138.98430389851094,1,True
ETHUSDT,short,5fe47d9c0dd7ee2d6576e24fa4574d8aaa64d17cf5d9710bbe70e3f1f251e4c4,ETHUSDT|short|high_volume,1769178960000,1769183280000,2026-01-23T14:36:00+00:00,2026-01-23T15:48:00+00:00,2908.16,2948.86,0.08,232.65279999999998,46.530559999999994,5,2946.3500000000004,2946.3500000000004,3.4434246400000217,10.56063181184316,exchange_guard_proxy_touch,False,-3.256000000000022,0.18742464000000003,0.0,0.09306112000000001,-3.443424640000022,-148.00701474471927,1,True
ETHUSDT,short,0901ccfbe55a2acd70e07f5f347a80eef8a33a87deec6c8450ed159958ee5c5d,ETHUSDT|short|high_volume,1769239260000,1769267160000,2026-01-24T07:21:00+00:00,2026-01-24T15:06:00+00:00,2952.03,2966.11,0.17,501.84510000000006,100.36902,5,2968.76,2963.59,3.67698575999996,3.9456640813001203,exchange_guard_proxy_touch,False,-2.3935999999999877,0.40243352000000004,0.005884529107000001,0.20073804000000003,-2.790148990892988,-55.59781276917893,1,True
ETHUSDT,short,489077802371a7ee5b1bafc26320195c5d9d39066b378b0104a3d88a4f51b07a,ETHUSDT|short|high_volume,1769271660000,1769275320000,2026-01-24T16:21:00+00:00,2026-01-24T17:22:00+00:00,2950.69,2966.11,0.21,619.6449,123.92898,5,2963.59,2963.59,3.7352112000000153,3.115050491795108,exchange_guard_proxy_touch,False,-3.238200000000015,0.49701120000000004,0.0,0.24785796000000002,-3.7352112000000153,-60.27986674303323,1,True
ETHUSDT,short,2b19ab8eef1f2c7d204e9f26c3d9beef0e7fbab7ec764629915d3e05de3bb92e,ETHUSDT|short|high_volume,1769311260000,1769411820000,2026-01-25T03:21:00+00:00,2026-01-26T07:17:00+00:00,2943.26,2900.5,0.15,441.48900000000003,88.29780000000001,5,2963.03,2898.03,3.6980285999999944,9.867982426767032,exchange_guard_proxy_touch,False,6.414000000000033,0.3506256,-0.009954945585,0.17659560000000002,6.053419454415033,137.11370961484957,1,True
ETHUSDT,short,454eb125d67fc7a1eb48518e255a93d715bacb54af6bdac350ed25aab51d1958,ETHUSDT|short|high_volume,1769475960000,1769481600000,2026-01-27T01:06:00+00:00,2026-01-27T02:40:00+00:00,2908.66,2948.12,0.09,261.77939999999995,52.35587999999999,5,2945.61,2945.61,3.762244080000003,2.195167416867465,exchange_guard_proxy_touch,False,-3.551400000000003,0.21084408000000002,0.0,0.10471176,-3.7622440800000034,-143.7181107451543,1,True
ETHUSDT,short,6ccea07f547e5c8152d0f9c99ae55cc7b39bbd7a2af5796004a611c83f2ae537,ETHUSDT|short|high_volume,1769495760000,1769529840000,2026-01-27T06:36:00+00:00,2026-01-27T16:04:00+00:00,2926.59,2948.12,0.15,438.9885,87.79769999999999,5,2945.61,2945.61,3.5819825999999617,3.429907642903441,exchange_guard_proxy_touch,False,-3.2294999999999616,0.35248260000000003,0.07997069466000001,0.17559539999999998,-3.5020119053399617,-79.7745705261063,1,True
BTCUSDT,short,06b1e2dfb60664c8b7e951fd13529beeafe7892490c23642702ebc090afee249,BTCUSDT|short|high_volume,1769590860000,1769593080000,2026-01-28T09:01:00+00:00,2026-01-28T09:38:00+00:00,88846.20000000001,89442.1,0.0056,497.53872000000007,99.50774400000002,5,89366.1,89366.1,3.736405791999968,3.090157427341228,exchange_guard_proxy_touch,False,-3.3370399999999676,0.39936579200000005,0.0,0.19901548800000005,-3.736405791999968,-75.09778921326902,1,True
BTCUSDT,short,a1ea59d216417cbb178e93a067be03e7f43b4abda82ee71ea1d4bee6f823d682,BTCUSDT|short|high_volume,1769686260000,1769783880000,2026-01-29T11:31:00+00:00,2026-01-30T14:38:00+00:00,87700.40000000001,83371.0,0.0041,359.57164000000006,71.91432800000001,5,88461.3,83300.1,3.7170385159999646,2.973760359140294,exchange_guard_proxy_touch,False,17.750540000000036,0.2805570960000001,0.0353531540377,0.14382865600000003,17.505336058037738,486.8386188086951,1,True
BTCUSDT,short,e8dbb1a3005dd877efcc130ddd0117f47acc9e6c0bd2bea9c1c3fb117cc5223d,BTCUSDT|short|high_volume,1769787060000,1769787600000,2026-01-30T15:31:00+00:00,2026-01-30T15:40:00+00:00,82500.70000000001,83371.0,0.0043,354.7530100000001,70.95060200000002,5,83300.1,83300.1,4.02758932399995,2.235114033647906,exchange_guard_proxy_touch,False,-3.74228999999995,0.285299324,0.0,0.141901204,-4.02758932399995,-113.53221002973166,1,True
BTCUSDT,short,42b0598618cfe7262e9d7d35030b76d38cd51d704bd8155ec607342fb6bf4979,BTCUSDT|short|confirmed_volume,1769924460000,1769939940000,2026-02-01T05:41:00+00:00,2026-02-01T09:59:00+00:00,78616.1,79162.3,0.0047,369.49567,73.899134,5,79396.90000000001,79095.0,4.284201340000014,1.8812705221956,exchange_guard_proxy_touch,False,-2.5671399999999864,0.29662339200000004,0.0125929664696,0.147798268,-2.8511704255303862,-77.16383863254435,1,True
BTCUSDT,short,51eca68986523f2e3b4e5efabc389dc5513774e5f8ea6a250bfb735f97a03495,BTCUSDT|short|high_volume,1769942460000,1770035100000,2026-02-01T10:41:00+00:00,2026-02-02T12:25:00+00:00,78294.90000000001,78177.5,0.0046,360.15654,72.031308,5,79095.0,78111.1,4.279761247999973,10.565080829042094,exchange_guard_proxy_touch,False,0.5400400000000402,0.2879092160000001,-0.004339452752399999,0.14406261600000003,0.24779133124764008,6.8801008374758394,1,True
ETHUSDT,short,0891f69dcf979b4ce217a5c7c9bf15ed376d21bca0f12db7aeb02abae1713e5c,ETHUSDT|short|high_volume,1769684760000,1770038520000,2026-01-29T11:06:00+00:00,2026-02-02T13:22:00+00:00,2934.34,2319.4700000000003,0.09,264.0906,52.81812,5,2969.01,2317.5,3.5606116799999836,9.901060130638076,exchange_guard_proxy_touch,False,55.33829999999999,0.18913716000000003,-0.131633242983,0.10563624,55.01752959701699,2083.2823885824405,1,True
ETHUSDT,short,8f23e46968ab80424fe31fae17edab1466327c29b7831f4bf52d1e715ea1a178,ETHUSDT|short|high_volume,1770099060000,1770150660000,2026-02-03T06:11:00+00:00,2026-02-03T20:31:00+00:00,2300.65,2318.34,0.07,161.04550000000003,32.20910000000001,5,2358.61,2316.3700000000003,4.3284155599999865,5.344543681616525,exchange_guard_proxy_touch,False,-1.238300000000004,0.12933172,-0.004648077336,0.06441820000000001,-1.372279797336004,-85.21068873926957,1,True
BTCUSDT,short,caa47595e74502df1c1ea7c3ceb9ab7c1e49135e3dc31ff0bf82db1920434811,BTCUSDT|short|confirmed_volume,1770096060000,1770176460000,2026-02-03T05:21:00+00:00,2026-02-04T03:41:00+00:00,78194.3,76986.2,0.0039000000000000003,304.95777000000004,60.99155400000001,5,79163.1,76920.8,4.286372532000024,1.883937698891658,exchange_guard_proxy_touch,False,4.711590000000023,0.24208158000000002,0.0058301920014000004,0.12198310800000002,4.475338612001424,146.7527327472726,1,True
BTCUSDT,short,ba8f6ab7f70dd318c2b7a9ce0f7b775eee341550372f4ef933afa537f635cc31,BTCUSDT|short|high_volume,1770183960000,1770357000000,2026-02-04T05:46:00+00:00,2026-02-06T05:50:00+00:00,76162.7,66025.7,0.0049,373.19723,74.63944599999999,5,76920.8,65969.6,4.335321844,2.010587202396323,exchange_guard_proxy_touch,False,49.671299999999995,0.278689264,0.04267931680949999,0.149278892,49.43529005280949,1324.6424699564222,1,True
ETHUSDT,short,c4de6c6698fbcd966fbff741664deab498c7d964326a4a6b75ae43c4d3e5b72b,ETHUSDT|short|high_volume,1770159060000,1770357000000,2026-02-03T22:51:00+00:00,2026-02-06T05:50:00+00:00,2235.68,1949.17,0.05,111.78399999999999,22.3568,5,2316.3700000000003,1947.51,4.224080400000015,2.5450195466220458,exchange_guard_proxy_touch,False,14.32549999999999,0.08369700000000002,-0.034509673015000006,0.0447136,14.207293326984988,1270.959468885081,1,True
BTCUSDT,short,22d66269f3ea870175d5acf50383540f75ba7b34871fed04eab39a32cba410cd,BTCUSDT|short|confirmed_volume,1770361560000,1770370500000,2026-02-06T07:06:00+00:00,2026-02-06T09:35:00+00:00,64839.700000000004,66025.7,0.004,259.35880000000003,51.87176000000001,5,65969.6,65969.6,4.953384639999971,1.9004829092056517,exchange_guard_proxy_touch,False,-4.743999999999971,0.20938463999999998,-0.035485428224000005,0.10374352000000002,-4.988870068223971,-192.35399254715745,1,True
ETHUSDT,short,947d0e762bab39c7f8443690ec3cc120d9185c81467f86facb2325b1448203a3,ETHUSDT|short|high_volume,1770361560000,1770384000000,2026-02-06T07:06:00+00:00,2026-02-06T13:20:00+00:00,1900.48,1949.17,0.1,190.048,38.0096,5,1947.51,1947.51,5.022986000000006,2.020924577822521,exchange_guard_proxy_touch,False,-4.869000000000006,0.153986,-0.0160019103,0.07601920000000001,-5.038987910300006,-265.1429065446627,1,True
ETHUSDT,short,83c7829f9fe79854978bcd250e81484dce14f8c43d2d91c6fb612aaf10018e51,ETHUSDT|short|high_volume,1770445260000,1770480300000,2026-02-07T06:21:00+00:00,2026-02-07T16:05:00+00:00,2073.11,2077.39,0.27,559.7397000000001,111.94794000000002,5,2087.71,2075.6200000000003,4.87216080000003,2.875198356567121,exchange_guard_proxy_touch,False,-1.1555999999999313,0.44825400000000004,0.008060750558999998,0.22389588000000005,-1.5957932494409313,-28.509559880082314,1,True
BTCUSDT,short,ef0a031ed0acfbbb8df7b22094e5a54a50e4571d9142f8d0828867627340c76d,BTCUSDT|short|high_volume,1770447660000,1770537480000,2026-02-07T07:01:00+00:00,2026-02-08T07:58:00+00:00,68883.1,69725.40000000001,0.0017000000000000001,117.10127000000001,23.420254000000003,5,71690.1,69666.1,4.971231256,10.445506749602671,exchange_guard_proxy_touch,False,-1.4319100000000051,0.09425378000000001,-0.017054379440200003,0.04684050800000001,-1.5432181594402052,-131.78492081599157,1,True
ETHUSDT,short,4db2bebb942c19417e8198ccc165577794bbd6dfb5c289d9f60f695aba927e67,ETHUSDT|short|confirmed_volume,1770505560000,1770539280000,2026-02-07T23:06:00+00:00,2026-02-08T08:28:00+00:00,2083.38,2107.81,0.13,270.8394,54.167880000000004,5,2116.8,2106.01,4.7971029599999735,1.8817559245024897,exchange_guard_proxy_touch,False,-3.1758999999999786,0.21794188000000006,-0.0010234645719999986,0.10833576000000002,-3.3948653445719787,-125.3460665092294,1,True
ETHUSDT,short,42a0b974b4c020587f3511f59d59f12e1217defe6fe96e310358412f906e5dc4,ETHUSDT|short|high_volume,1770546360000,1770548700000,2026-02-08T10:26:00+00:00,2026-02-08T11:05:00+00:00,2084.06,2107.81,0.19,395.9714,79.19428,5,2106.01,2106.01,4.8310821200000005,6.309267844652544,exchange_guard_proxy_touch,False,-4.5125,0.31858212,0.0,0.15838856,-4.8310821200000005,-122.00583476483403,1,True
ETHUSDT,short,9ecb9ab581783015fe9cb2d7f631cb52d97c3321968655348aa58c906685c083,ETHUSDT|short|high_volume,1770601560000,1770655560000,2026-02-09T01:46:00+00:00,2026-02-09T16:46:00+00:00,2060.7200000000003,2104.2200000000003,0.07,144.25040000000004,28.85008000000001,5,2125.01,2102.4300000000003,4.744251119999994,6.948073333853352,exchange_guard_proxy_touch,False,-3.0450000000000004,0.11661832000000004,-0.007512075774,0.057700160000000014,-3.1691303957740007,-219.69647195252142,1,True
BTCUSDT,short,8b282eeb909962aa731d3b309d8d73b1576568e283c15509882587c90c58e91a,BTCUSDT|short|high_volume,1770593160000,1770732960000,2026-02-08T23:26:00+00:00,2026-02-10T14:16:00+00:00,70566.40000000001,69435.40000000001,0.0046,324.60544000000004,64.92108800000001,5,71480.1,69376.40000000001,4.744177432,20.011392242656978,exchange_guard_proxy_touch,False,5.2026,0.25760331200000003,-0.061341773913200004,0.12984217600000003,4.883654914086801,150.44895470904,1,True
ETHUSDT,short,13322721f3ff645197ddf0daf41c50fed7f07eead9aa1280747a8015c8b12103,ETHUSDT|short|high_volume,1770702360000,1770732960000,2026-02-10T05:46:00+00:00,2026-02-10T14:16:00+00:00,2054.83,2030.74,0.06,123.28979999999999,24.657959999999996,5,2123.71,2029.01,4.341728400000003,2.8237405048222395,exchange_guard_proxy_touch,False,1.4453999999999951,0.09805367999999999,-0.01830730356,0.04931592,1.329039016439995,107.79797002185056,1,True
BTCUSDT,short,8623d0a82a4f063cce51b679dcb7c0ea95729658db7f38e39dc3ca99079e2bf1,BTCUSDT|short|high_volume,1770734760000,1770737760000,2026-02-10T14:46:00+00:00,2026-02-10T15:36:00+00:00,67972.1,69435.40000000001,0.0032,217.51072000000002,43.502144,5,69376.40000000001,69376.40000000001,4.85844160000001,9.948541887416853,exchange_guard_proxy_touch,False,-4.682560000000009,0.1758816,0.0,0.08700428800000001,-4.85844160000001,-223.3656161866417,1,True
ETHUSDT,short,4bc05a52a36cf7af4731a62be2d6c8609d1bbb4d8dabca7ec04b5dc17c4f4d46,ETHUSDT|short|high_volume,1770790560000,1770877500000,2026-02-11T06:16:00+00:00,2026-02-12T06:25:00+00:00,1948.04,1978.7,0.05,97.402,19.4804,5,2031.01,1977.01,4.314615600000002,11.17048709716781,exchange_guard_proxy_touch,False,-1.5330000000000041,0.07853480000000002,-0.026996011935,0.038960800000000004,-1.6385308119350042,-168.22352846296835,1,True
ETHUSDT,short,2897df5dbba8e46d3c1f070125e36fa36753fc75b7c26cd6df6d56a929811dc5,ETHUSDT|short|high_volume,1770884460000,1770888780000,2026-02-12T08:21:00+00:00,2026-02-12T09:33:00+00:00,1959.98,1978.7,0.23,450.79540000000003,90.15908,5,1977.01,1977.01,4.667958560000007,2.5815085793117762,exchange_guard_proxy_touch,False,-4.305600000000006,0.36235856000000005,0.0,0.18031816,-4.667958560000006,-103.54938315697112,1,True
BTCUSDT,short,658b84922fd2113169598a9ccb096074fe15ca23edfad9227666530b4a6e9992,BTCUSDT|short|high_volume,1770783960000,1770894120000,2026-02-11T04:26:00+00:00,2026-02-12T11:02:00+00:00,67778.40000000001,68079.0,0.003,203.33520000000004,40.66704000000001,5,69262.8,68021.1,4.794420119999965,5.531782956182698,exchange_guard_proxy_touch,False,-0.9017999999999738,0.16302888000000004,-0.014975991567000002,0.08133408000000002,-1.079804871566974,-53.10467009976501,1,True
BTCUSDT,short,9b1bc2974f09811ceba8f4357823aae8191c9c4f279175c8d8362368b0842f55,BTCUSDT|short|high_volume,1770908760000,1770973800000,2026-02-12T15:06:00+00:00,2026-02-13T09:10:00+00:00,67165.40000000001,66835.40000000001,0.0048000000000000004,322.3939200000001,64.47878400000002,5,68021.1,66778.6,4.644949247999959,2.5268460434610573,exchange_guard_proxy_touch,False,1.584,0.2572815360000001,0.015258680428800003,0.12895756800000002,1.3419771444288,41.625386248872175,1,True
BTCUSDT,short,ade3598dada4785e71235605a7364f88313de4679453ae54e1ff0fc745027377,BTCUSDT|short|high_volume,1771044960000,1771055040000,2026-02-14T04:56:00+00:00,2026-02-14T07:44:00+00:00,68713.2,69177.0,0.0091,625.29012,125.058024,5,69118.20000000001,69118.20000000001,4.722500328000026,2.033525308945678,exchange_guard_proxy_touch,False,-4.220580000000027,0.5019203280000001,0.0,0.25011604800000004,-4.722500328000026,-75.52494717172289,1,True
ETHUSDT,short,0b092f9fadb36328aa350f511690a5ca5b6ac157c833e6382ebcac4894acc4d3,ETHUSDT|short|confirmed_volume,1771049460000,1771055400000,2026-02-14T06:11:00+00:00,2026-02-14T07:50:00+00:00,2046.3600000000001,2058.67,0.34,695.7624000000001,139.15248000000003,5,2056.92,2056.92,4.743684079999982,1.6203133297966572,exchange_guard_proxy_touch,False,-4.185399999999982,0.5582840800000001,0.0,0.27830496000000005,-4.743684079999982,-68.17965558357251,1,True
ETHUSDT,short,cd8a0f44ac25c043e811bb3373f92f368f5596e2fad70b053cd007c6ab479b8d,ETHUSDT|short|confirmed_volume,1771220460000,1771232520000,2026-02-16T05:41:00+00:00,2026-02-16T09:02:00+00:00,1952.9,1982.3400000000001,0.15,292.935,58.587,5,1980.65,1980.65,4.652114400000008,1.7280867456360587,exchange_guard_proxy_touch,False,-4.416000000000008,0.2361144,-0.017509441499999997,0.117174,-4.669623841500008,-159.40819094679733,1,True
BTCUSDT,short,cc9a3f2db6e5715fb0db874547ceea013bf81a6f79266891129b2171a1ba72a5,BTCUSDT|short|confirmed_volume,1771205760000,1771232640000,2026-02-16T01:36:00+00:00,2026-02-16T09:04:00+00:00,68460.3,68928.5,0.0066,451.83798,90.367596,5,69049.3,68869.90000000001,4.638000311999981,1.6171420958487943,exchange_guard_proxy_touch,False,-3.0901199999999807,0.362706432,-0.014826671805,0.18073519200000002,-3.4676531038049805,-76.74549854806318,1,True
BTCUSDT,short,75649cfa9a8299529f6e13d95cbcdced0aa83c908b9e13c5e04055fdf5cdef68,BTCUSDT|short|high_volume,1771240560000,1771242900000,2026-02-16T11:16:00+00:00,2026-02-16T11:55:00+00:00,68431.5,68928.5,0.0082,561.1383000000001,112.22766000000001,5,68869.90000000001,68869.90000000001,4.5259408,6.03252467037296,exchange_guard_proxy_touch,False,-4.0754,0.4505408000000001,0.0,0.22445532000000004,-4.5259408,-80.65642284620385,1,True
ETHUSDT,short,6aba6988aacbc854c7a32d9c31b4e7923c06058ea3ab8ecf211507c59f3c58a6,ETHUSDT|short|high_volume,1771240260000,1771244760000,2026-02-16T11:11:00+00:00,2026-02-16T12:26:00+00:00,1965.75,1982.3400000000001,0.25,491.4375,98.2875,5,1980.65,1980.65,4.542309000000037,3.702242665795671,exchange_guard_proxy_touch,False,-4.147500000000036,0.394809,0.0,0.196575,-4.542309000000037,-92.42902708889812,1,True
ETHUSDT,short,da72147f49ea876a59f4f39ac92bfe8cf408eabc5771f8bfb4205cbd14041dd7,ETHUSDT|short|high_volume,1771339560000,1771344120000,2026-02-17T14:46:00+00:00,2026-02-17T16:02:00+00:00,1948.19,1991.63,0.1,194.81900000000002,38.963800000000006,5,1989.93,1989.93,4.501592800000005,8.38485402875284,exchange_guard_proxy_touch,False,-4.344000000000006,0.15759280000000003,-0.00931284012,0.07792760000000001,-4.510905640120005,-231.54341414954416,1,True
ETHUSDT,short,473ae54a03732764f74e10e96c34c017ded1e70a73a0dd43c57b017fbe8ad9d6,ETHUSDT|short|high_volume,1771376760000,1771396020000,2026-02-18T01:06:00+00:00,2026-02-18T06:27:00+00:00,1974.6100000000001,2004.97,0.13,256.69930000000005,51.33986000000001,5,2003.26,2003.26,4.153738159999987,6.676723287989341,exchange_guard_proxy_touch,False,-3.946799999999987,0.20693816000000004,0.0,0.10267972000000002,-4.153738159999987,-161.81338087014598,1,True
BTCUSDT,short,dbde67bf3192e2ccfa2b97d4a1a0b23c35d2c69448dd2884c71b975bacd7e9e0,BTCUSDT|short|high_volume,1771305660000,1771402260000,2026-02-17T05:21:00+00:00,2026-02-18T08:11:00+00:00,68082.40000000001,68278.2,0.0035,238.28840000000002,47.657680000000006,5,69228.70000000001,68220.20000000001,4.41051799999999,3.395781506244481,exchange_guard_proxy_touch,False,-0.6852999999999593,0.19090484000000002,0.02561934312,0.09531536000000002,-0.8505854968799593,-35.69563171685903,1,True
BTCUSDT,short,2df1e8be0f83a3b686a694ce98e57458a8239440e297ff9f32a87ae5e73df43c,BTCUSDT|short|high_volume,1771410960000,1771429200000,2026-02-18T10:36:00+00:00,2026-02-18T15:40:00+00:00,67822.6,68278.2,0.0086,583.27436,116.654872,5,68220.20000000001,68220.20000000001,4.386346751999925,2.218015322191741,exchange_guard_proxy_touch,False,-3.918159999999925,0.468186752,0.0,0.23330974400000004,-4.386346751999925,-75.20211846788405,1,True
ETHUSDT,short,7035b9b74e65b2fb78f9b7036c0a79f2702d5761c8f39c6c36cb9b67ea1803fa,ETHUSDT|short|high_volume,1771438860000,1771473720000,2026-02-18T18:21:00+00:00,2026-02-19T04:02:00+00:00,1962.98,1975.26,0.08,157.0384,31.40768,5,2009.81,1973.58,4.010383999999997,3.8917920479908767,exchange_guard_proxy_touch,False,-0.9823999999999978,0.12602368,-0.016515460776,0.06281536,-1.1249391407759979,-71.6346537392127,1,True
BTCUSDT,short,7918221585ffd8008a995ec552d8365d15a690fde7ca02aeec2993d8f9fceb15,BTCUSDT|short|high_volume,1771438860000,1771546440000,2026-02-18T18:21:00+00:00,2026-02-20T00:14:00+00:00,66755.7,67231.2,0.0025,166.88925,33.37785,5,68336.1,67174.1,4.2313999,2.828054382023024,exchange_guard_proxy_touch,False,-1.18875,0.1339869,0.0017650438375,0.0667557,-1.3209718561625,-79.1526030683522,1,True
ETHUSDT,short,beb7bac4ec2480e3aab22d5aff7546ece9b2fc8048a3bc800cc5f636afa64e4d,ETHUSDT|short|high_volume,1771494660000,1771546440000,2026-02-19T09:51:00+00:00,2026-02-20T00:14:00+00:00,1962.44,1954.68,0.3,588.732,117.7464,5,1973.58,1953.01,4.3185239999999805,2.9835055192047744,exchange_guard_proxy_touch,False,2.327999999999997,0.4700544,-0.0725260446,0.2354928,1.7854195553999972,30.326524724322738,1,True
BTCUSDT,short,5d33051cedc4fd367e08daa148f867e804c47417786d067d2c474cab289df4a2,BTCUSDT|short|high_volume,1771719960000,1771741620000,2026-02-22T00:26:00+00:00,2026-02-22T06:27:00+00:00,67731.6,68256.6,0.004200000000000001,284.47272000000004,56.89454400000001,5,68632.6,68198.6,4.258669967999976,3.583975716539607,exchange_guard_proxy_touch,False,-2.2050000000000005,0.22846017600000007,0.0,0.11378908800000002,-2.4334601760000005,-85.54283082047375,1,True
ETHUSDT,short,64cc532ea4faf7a7db82fd2b90c3be5894d76536f94b2b4e7128d95a78d422bb,ETHUSDT|short|high_volume,1771719960000,1771755720000,2026-02-22T00:26:00+00:00,2026-02-22T10:22:00+00:00,1965.89,1980.29,0.13,255.56570000000002,51.11314,5,1994.6,1978.6,4.1593338799999815,4.802891731772788,exchange_guard_proxy_touch,False,-1.8719999999999823,0.20520136000000003,0.004066940592,0.10222628000000002,-2.073134419407982,-81.11943110550368,1,True
BTCUSDT,short,7072b6b48f4d32ebda7eddc9757e760c366d4426bb5c0d0c8e44be4d394112d5,BTCUSDT|short|high_volume,1771748760000,1771758420000,2026-02-22T08:26:00+00:00,2026-02-22T11:07:00+00:00,67857.7,68256.6,0.0095,644.64815,128.92963,5,68198.6,68198.6,4.306784340000083,2.9790695646925482,exchange_guard_proxy_touch,False,-3.789550000000083,0.51723434,0.0,0.25785926,-4.306784340000083,-66.80829441611029,1,True
ETHUSDT,short,ed9ff7e71bf0d5e5aabe330d409d1bb487f2e857fe8e86cf62a2200b89e9be78,ETHUSDT|short|high_volume,1771767660000,1771854120000,2026-02-22T13:41:00+00:00,2026-02-23T13:42:00+00:00,1946.03,1929.38,0.11,214.0633,42.81266,5,1978.6,1927.74,3.941358079999999,7.975413270711661,exchange_guard_proxy_touch,False,1.831499999999985,0.17051804,-0.092304672207,0.08562532,1.568677287792985,73.28100089053028,1,True
BTCUSDT,short,319145bd7bdc25f8d9e5ae7beefa0d8e4924f4ed5decffa41a68ad9c80695365,BTCUSDT|short|high_volume,1771808460000,1771944120000,2026-02-23T01:01:00+00:00,2026-02-24T14:42:00+00:00,66480.1,63486.5,0.0031000000000000003,206.08831000000004,41.217662000000004,5,67728.1,63432.5,4.213849591999973,6.559989406808584,exchange_guard_proxy_touch,False,9.280160000000018,0.16115858400000002,-0.005362567432200002,0.08243532400000002,9.113638848567817,442.2200778184757,1,True
ETHUSDT,short,3a53c63670024054e3f5e796dfdfc812275df892ecf6dcec84f2285977c05c38,ETHUSDT|short|confirmed_volume,1771856760000,1771944480000,2026-02-23T14:26:00+00:00,2026-02-24T14:48:00+00:00,1913.43,1837.13,0.24,459.2232,91.84464,5,1927.74,1835.56,4.19690976000001,1.8644899517693378,exchange_guard_proxy_touch,False,18.311999999999987,0.36005376000000006,-0.0003255476639999963,0.18368928,17.951620692335986,390.9127564185778,1,True
ETHUSDT,short,1610dddd2d8a247596a346348c94ec281e0c6557954e894ff559054174eb2669,ETHUSDT|short|high_volume,1772093460000,1772164560000,2026-02-26T08:11:00+00:00,2026-02-27T03:56:00+00:00,2045.44,2044.3500000000001,0.11,224.9984,44.99968,5,2083.1000000000004,2042.61,4.520134080000005,3.291181089544731,exchange_guard_proxy_touch,False,0.119899999999991,0.17995076000000002,0.011875644638000001,0.08999936,-0.04817511536200901,-2.1411314641352566,1,True
BTCUSDT,short,83d3d9e9a4553b9823fab4b0ca05e7cbb532f256ef31e8c4e7c14681f85fe5bd,BTCUSDT|short|high_volume,1772114460000,1772164620000,2026-02-26T14:01:00+00:00,2026-02-27T03:57:00+00:00,67746.6,67675.7,0.004200000000000001,284.5357200000001,56.90714400000002,5,68689.8,67618.20000000001,4.436031263999964,2.1826184387303598,exchange_guard_proxy_touch,False,0.29778000000003674,0.22750946400000002,0.008527831452000003,0.11381428800000003,0.07879836745203672,2.7693664420072355,1,True
ETHUSDT,short,f99b9ed8d3ae3ae4ad4e0605a89044d33b0d73586c0f4cd5dd078943e02a7592,ETHUSDT|short|high_volume,1772173260000,1772179800000,2026-02-27T06:21:00+00:00,2026-02-27T08:10:00+00:00,2030.79,2044.3500000000001,0.29,588.9291,117.78581999999999,5,2042.61,2042.61,4.40511624000005,2.256416298859516,exchange_guard_proxy_touch,False,-3.9324000000000496,0.47271624,0.001967749644,0.23557164,-4.40314849035605,-74.76534085946933,1,True
ETHUSDT,short,b42fe711cc81a61cf71eebe361c9221ed4e38231a41bb9e606c5aff90a789823,ETHUSDT|short|high_volume,1772191260000,1772237460000,2026-02-27T11:21:00+00:00,2026-02-28T00:11:00+00:00,1969.27,1934.51,0.05,98.46350000000001,19.692700000000002,5,2045.6,1932.86,3.9838322000000086,3.980616487801538,exchange_guard_proxy_touch,False,1.7379999999999995,0.07807560000000001,-0.019230943780000002,0.03938540000000001,1.6406934562199995,166.62960957309045,1,True
BTCUSDT,short,5f8fb237477d5abb6b0dba614667e235975d37d62a2747a20cec4c56ee6242f1,BTCUSDT|short|high_volume,1772196660000,1772301480000,2026-02-27T12:51:00+00:00,2026-02-28T17:58:00+00:00,65666.1,65391.5,0.0017000000000000001,111.63237000000002,22.326474000000005,5,68127.90000000001,65335.9,4.374679360000005,2.3377667648333604,exchange_guard_proxy_touch,False,0.46682000000000995,0.08911916800000001,-0.0049980060231,0.044652948000000005,0.3727028259769099,33.3866266546979,1,True
ETHUSDT,short,5b2f96e298a28b3327d2211e39a91f56ec04f4737554a9a1f36236d723bcd5f7,ETHUSDT|short|high_volume,1772242560000,1772303460000,2026-02-28T01:36:00+00:00,2026-02-28T18:31:00+00:00,1922.97,1916.63,0.34,653.8098000000001,130.76196000000002,5,1932.86,1915.0,4.448217279999988,2.8557866464038213,exchange_guard_proxy_touch,False,2.155599999999972,0.5221856000000001,-0.106339467396,0.2615239200000001,1.5270749326039719,23.356562299983445,1,True
ETHUSDT,short,40ee68876e622d329df2a14a7a29c84547d682965b79ef4e757fabe9fbf2b465,ETHUSDT|short|high_volume,1772394360000,1772413680000,2026-03-01T19:46:00+00:00,2026-03-02T01:08:00+00:00,1950.67,1976.5900000000001,0.05,97.5335,19.506700000000002,5,2027.78,1974.91,4.021603599999996,2.346407388214287,exchange_guard_proxy_touch,False,-1.2960000000000038,0.07854520000000001,-0.00738695909,0.039013400000000004,-1.3819321590900038,-141.68794917541192,1,True
BTCUSDT,short,d7e653ef68c2eb1a4496df2b69885d62baf5384a7588ff929a656f90bd7fe0fc,BTCUSDT|short|high_volume,1772383860000,1772413860000,2026-03-01T16:51:00+00:00,2026-03-02T01:11:00+00:00,65847.8,66945.0,0.0028,184.37384,36.874768,5,67333.1,66888.1,4.4685067840000166,13.925527240227899,exchange_guard_proxy_touch,False,-3.072159999999992,0.148727936,-0.0005504581628,0.073749536,-3.2214383941627918,-174.72318167060968,1,True
ETHUSDT,short,7edab48531d2a579ea6dfc1033bb0a249808796aa99fd8f6c7ca67be9341f953,ETHUSDT|short|high_volume,1772417760000,1772421600000,2026-03-02T02:16:00+00:00,2026-03-02T03:20:00+00:00,1945.67,1976.5900000000001,0.13,252.93710000000002,50.58742,5,1974.91,1974.91,4.22355752000001,2.3610815627546917,exchange_guard_proxy_touch,False,-4.019600000000009,0.20395752,0.0,0.10117484000000002,-4.22355752000001,-166.9805465469482,1,True
ETHUSDT,short,153c05aa2674e965b0dd942a353165c3782c747b95487ea7b2df16df01f233e2,ETHUSDT|short|high_volume,1772449860000,1772462760000,2026-03-02T11:11:00+00:00,2026-03-02T14:46:00+00:00,1935.9,1968.6200000000001,0.08,154.872,30.974400000000003,5,1984.46,1966.94,4.1455056,3.7517896510811735,exchange_guard_proxy_touch,False,-2.617600000000002,0.12494464000000002,0.0,0.061948800000000005,-2.742544640000002,-177.08460147734914,1,True
BTCUSDT,short,ece723859b3e3fa7ee0c80c793cc071031e6580ee6e7598d7460d6ab3b0c30e6,BTCUSDT|short|confirmed_volume,1772457060000,1772462820000,2026-03-02T13:11:00+00:00,2026-03-02T14:47:00+00:00,65862.40000000001,66764.40000000001,0.0046,302.96704000000005,60.59340800000001,5,66707.6,66707.6,4.393233312,1.7410702525913602,exchange_guard_proxy_touch,False,-4.1491999999999996,0.24403331200000006,0.0,0.12118681600000002,-4.393233312,-145.00697211155375,1,True
BTCUSDT,short,aacfa60c707bf795de0bd65ced6e1ea649888957d3ef8730ceb8b969f4b0c35c,BTCUSDT|short|high_volume,1772513160000,1772553900000,2026-03-03T04:46:00+00:00,2026-03-03T16:05:00+00:00,68116.1,68058.0,0.0029000000000000002,197.53669000000002,39.507338000000004,5,69500.1,68000.1,4.344693347999975,2.0631183134346878,exchange_guard_proxy_touch,False,0.1684900000000169,0.15796195600000004,0.0057468483911,0.07901467600000002,0.01627489239111686,0.823892128146769,1,True
ETHUSDT,short,fc85ad5501835342c05d42eb4dfed75277c33f9967b7b07e1feffc9867f53add,ETHUSDT|short|confirmed_volume,1772493960000,1772554140000,2026-03-02T23:26:00+00:00,2026-03-03T16:09:00+00:00,2037.5800000000002,1990.89,0.21,427.8918,85.57836,5,2054.6800000000003,1989.19,4.302396839999933,1.7073844847990318,exchange_guard_proxy_touch,False,9.80490000000001,0.33839148,-0.030183227781,0.17115672,9.43632529221901,220.5306409755693,1,True
ETHUSDT,short,e1ccf8de5965ea50b3107f1bad20fb700caf11ff471d5b7db459d3592ad5dbfc,ETHUSDT|short|high_volume,1772595060000,1772610420000,2026-03-04T03:31:00+00:00,2026-03-04T07:47:00+00:00,1960.46,2002.7,0.1,196.04600000000002,39.2092,5,2000.99,2000.99,4.3825264000000015,4.96464216604544,exchange_guard_proxy_touch,False,-4.224000000000001,0.1585264,0.0,0.07841840000000001,-4.3825264000000015,-223.54582087877338,1,True
ETHUSDT,short,5eaecf87cd1997adb529965ef38914867cf618798be5a1e6594763cc93783aa6,ETHUSDT|short|high_volume,1772760660000,1772853180000,2026-03-06T01:31:00+00:00,2026-03-07T03:13:00+00:00,2068.2400000000002,1990.6100000000001,0.12,248.18880000000001,49.63776,5,2099.3100000000004,1988.91,4.14332831999996,7.20646536858157,exchange_guard_proxy_touch,False,9.315600000000012,0.19482480000000002,-0.041187438756,0.09927552000000002,9.079587761244014,365.8339039168574,1,True
ETHUSDT,short,ca7e7bea987743151a539a5a4000763fa6c95b0a6d861cb832af8c183b17936b,ETHUSDT|short|high_volume,1772856360000,1772881920000,2026-03-07T04:06:00+00:00,2026-03-07T11:12:00+00:00,1967.03,1990.6100000000001,0.17,334.3951,66.87902,5,1988.91,1988.91,4.277719520000026,10.427796290038398,exchange_guard_proxy_touch,False,-4.008600000000026,0.26911952000000006,-0.0030866506960000005,0.13375804000000002,-4.280806170696026,-128.01641443597785,1,True
ETHUSDT,short,6a3708dd82d21d95a420697d3b4048dcb08e32fbf95e765c31e5817dc3464d4a,ETHUSDT|short|high_volume,1772892660000,1772965380000,2026-03-07T14:11:00+00:00,2026-03-08T10:23:00+00:00,1971.0900000000001,1978.02,0.17,335.0853000000001,67.01706000000001,5,1993.84,1976.34,4.4262308399999695,2.9115175384255787,exchange_guard_proxy_touch,False,-1.1780999999999722,0.26853948000000005,-0.05270474753900001,0.13403412000000003,-1.4993442275389723,-44.745150788141764,1,True
ETHUSDT,short,bf7b79672db054d50a5773004ac54cc083e015e9eab49ad839e9254545434470,ETHUSDT|short|high_volume,1772968260000,1773025320000,2026-03-08T11:11:00+00:00,2026-03-09T03:02:00+00:00,1954.3400000000001,1967.92,0.17,332.23780000000005,66.44756000000001,5,1976.34,1966.24,4.293000479999972,7.830515983024004,exchange_guard_proxy_touch,False,-2.3085999999999878,0.26671368,-0.09903259614400002,0.13289512000000003,-2.674346276143988,-80.49494296386466,1,True
ETHUSDT,short,e748a40fa84eace4be921b8938d708289ab01c399a5b4f66f2187c7944769069,ETHUSDT|short|high_volume,1773207960000,1773235200000,2026-03-11T05:46:00+00:00,2026-03-11T13:20:00+00:00,2013.5900000000001,2042.75,0.14,281.90260000000006,56.38052000000001,5,2041.01,2041.01,4.30955503999998,7.213030063196251,exchange_guard_proxy_touch,False,-4.08239999999998,0.22715504000000006,-0.00020840072400000003,0.11276104000000003,-4.309763440723981,-152.8812944869604,1,True
ETHUSDT,short,a41d31feb4f3e97b5f9047c844ae2d9718ae697ce943cd325862036724a61914,ETHUSDT|short|high_volume,1773282060000,1773324900000,2026-03-12T02:21:00+00:00,2026-03-12T14:15:00+00:00,2034.5800000000002,2085.64,0.08,162.7664,32.55328,5,2083.86,2083.86,4.216647039999978,2.613468012424311,exchange_guard_proxy_touch,False,-4.084799999999977,0.13184704000000003,-0.011114026336000001,0.06510656000000001,-4.227761066335978,-259.74409130729543,1,True
ETHUSDT,short,d97ddec5fa74ed4d44a5d4a210d1a06f03409790197c605be1399cf0da10f40d,ETHUSDT|short|high_volume,1773326160000,1773356640000,2026-03-12T14:36:00+00:00,2026-03-12T23:04:00+00:00,2050.07,2074.52,0.11,225.50770000000003,45.10154000000001,5,2083.86,2072.75,4.094671239999967,2.5417360689075172,exchange_guard_proxy_touch,False,-2.68949999999998,0.18148196,-0.003447414377,0.09020308,-2.8744293743769798,-127.46479940050736,1,True
ETHUSDT,short,db0801e0e76e6b2c2f405607f607f6609bcb906990d3bf6f294f3d81c28d7923,ETHUSDT|short|high_volume,1773449160000,1773520860000,2026-03-14T00:46:00+00:00,2026-03-14T20:41:00+00:00,2081.82,2081.33,0.11,229.0002,45.80004,5,2116.4,2079.5600000000004,4.186600879999962,2.5041133035660916,exchange_guard_proxy_touch,False,0.05390000000002601,0.1831786,-0.01475777281,0.09160008000000001,-0.144036372809974,-6.2897924460316625,1,True
BTCUSDT,long,203566b72430bd091ef2fbbac16ac69af825f3ccdb9e4d0a59cfe084128f295a,BTCUSDT|long|high_volume,1777437360000,1777469040000,2026-04-29T04:36:00+00:00,2026-04-29T13:24:00+00:00,77198.5,76853.0,0.0036000000000000003,277.9146,55.58292,5,76138.59999999999,76918.4,4.269632111999989,3.362700156563926,exchange_guard_proxy_touch,False,-1.2438,0.22183416000000003,0.007872868512000001,0.11116584000000002,-1.457761291488,-52.453569963146954,1,True
BTCUSDT,long,8a2fcbb3ecd89a4a53bd9c26e94c0b0e8ce5f08f318aafb2029fd928481b49eb,BTCUSDT|long|high_volume,1777551960000,1777666860000,2026-04-30T12:26:00+00:00,2026-05-01T20:21:00+00:00,76371.90000000001,78015.0,0.0035,267.30165000000005,53.46033000000001,5,75273.4,78081.4,4.28096382,5.022891466216403,exchange_guard_proxy_touch,False,5.75084999999997,0.21614166000000004,0.031280199355999995,0.10692066000000001,5.56598853935597,208.22873855645742,1,True
BTCUSDT,long,e3ff473cb6104ae43c5fd1eae04dcd872ffde589d732fe70611cd26e311dde9b,BTCUSDT|long|high_volume,1777727160000,1777770120000,2026-05-02T13:06:00+00:00,2026-05-03T01:02:00+00:00,78354.8,78210.3,0.0086,673.85128,134.770256,5,77979.2,78276.9,4.33790088799995,3.1851763635969945,exchange_guard_proxy_touch,False,-1.2427,0.538583944,0.0016466918799999987,0.269540512,-1.77963725212,-26.409940960860087,1,True
BTCUSDT,long,7455939e7ed0c4be609a838998116b3c92be723a48ca85ee927a267f6ef26403,BTCUSDT|long|high_volume,1777839960000,1777851900000,2026-05-03T20:26:00+00:00,2026-05-03T23:45:00+00:00,78930.1,78447.3,0.0079,623.5477900000001,124.70955800000002,5,78514.09999999999,78514.09999999999,4.311432584000023,16.631085917146212,exchange_guard_proxy_touch,False,-3.8141200000000235,0.4973125840000001,0.0,0.24941911600000005,-4.311432584000023,-69.14357893883358,1,True
BTCUSDT,long,c45feffae8542eea7afc61afcf05adf886b97f24fb828e5928673ee5b293a020,BTCUSDT|long|high_volume,1777860060000,1777888980000,2026-05-04T02:01:00+00:00,2026-05-04T10:03:00+00:00,79848.20000000001,79372.3,0.0029000000000000002,231.55978000000005,46.31195600000001,5,78514.09999999999,79439.9,4.2462327800000255,26.76305642950646,exchange_guard_proxy_touch,False,-1.3801100000000255,0.18469578000000003,0.0003650176988,0.09262391200000003,-1.5644407623012255,-67.56098845409272,1,True
BTCUSDT,long,924e01872fe6e7064b2d2d67fa6615360b90662111de5b7d004f78f771cbb9bf,BTCUSDT|long|high_volume,1777929960000,1777936740000,2026-05-04T21:26:00+00:00,2026-05-04T23:19:00+00:00,80298.3,79778.5,0.0021000000000000003,168.62643000000003,33.725286000000004,5,78449.9,79846.4,4.155002460000013,3.5249397036066306,exchange_guard_proxy_touch,False,-1.0915800000000062,0.13446451200000004,0.0,0.06745057200000001,-1.2260445120000063,-72.70773104785567,1,True
BTCUSDT,long,11328748e76f948259cedc4540c9e70f3ea45213e4a628e58276b64fdbc3a134,BTCUSDT|long|high_volume,1777984260000,1778108580000,2026-05-05T12:31:00+00:00,2026-05-06T23:03:00+00:00,81260.1,81068.70000000001,0.0046,373.79646,74.759292,5,80480.5,81137.7,4.198736664000027,4.0459387367558906,exchange_guard_proxy_touch,False,-0.8804399999999732,0.29868499200000004,0.10205089452659999,0.149518584,-1.0770740974733735,-28.814454194493266,1,True
BTCUSDT,long,1b90897d99bd03804d0102ee625c8c1e984f136968ee8a0a4b6ccff011cb9295,BTCUSDT|long|high_volume,1778250060000,1778445900000,2026-05-08T14:21:00+00:00,2026-05-10T20:45:00+00:00,80382.90000000001,80572.8,0.0032,257.22528000000005,51.44505600000001,5,79207.9,80641.4,4.179869952000028,3.6413197367414094,exchange_guard_proxy_touch,False,0.6076799999999815,0.20602329600000005,-0.0276157618144,0.10289011200000003,0.3740409421855814,14.54137564494366,1,True
BTCUSDT,long,c709d25e2e96c3ca29c8b25014d518dec171554c2bffa2e512adf5768a283ec7,BTCUSDT|long|high_volume,1778451360000,1778469240000,2026-05-10T22:16:00+00:00,2026-05-11T03:14:00+00:00,81304.20000000001,80572.8,0.0053,430.91226000000006,86.18245200000001,5,80641.4,80641.4,4.219599240000046,2.565280182471372,exchange_guard_proxy_touch,False,-3.876420000000046,0.34317924,-0.0252527141438,0.172364904,-4.244851954143846,-98.5084980906286,1,True
BTCUSDT,long,237d97d100e9895886b84a97958216fc82e283c4cb806b30185ea2195d4e977a,BTCUSDT|long|high_volume,1778481060000,1778509860000,2026-05-11T06:31:00+00:00,2026-05-11T14:31:00+00:00,81032.5,80511.40000000001,0.006,486.195,97.239,5,80470.0,80579.9,4.172841839999966,2.1244177241331834,exchange_guard_proxy_touch,False,-3.126599999999948,0.38770536000000005,-0.012551832576,0.19447800000000004,-3.5268571925759478,-72.53997249202374,1,True
BTCUSDT,long,4c3725231e9520853d48853653aecda628740a319de91ba766ce8ead9fda4218,BTCUSDT|long|high_volume,1778513460000,1778569320000,2026-05-11T15:31:00+00:00,2026-05-12T07:02:00+00:00,81402.0,80895.40000000001,0.0043,350.0286,70.00572,5,80579.9,80964.29999999999,4.108071047999962,3.634546470082364,exchange_guard_proxy_touch,False,-2.1783799999999625,0.27915152800000004,-0.015540074891500001,0.14001144000000001,-2.4730716028914626,-70.65341526068049,1,True
BTCUSDT,long,10b4c20e5cff7d4d231be8709fe7a6d8731eb679694072fb3331bbfa5c232bc3,BTCUSDT|long|high_volume,1778661960000,1778668980000,2026-05-13T08:46:00+00:00,2026-05-13T10:43:00+00:00,81189.8,80778.1,0.0043,349.11614000000003,69.823228,5,80364.4,80846.9,4.1210955760000125,3.46867079910837,exchange_guard_proxy_touch,False,-1.7703099999999874,0.2785847880000001,0.0,0.139646456,-2.0488947879999877,-58.68805687413901,1,True
BTCUSDT,long,a412850b24d32bd51f9399b8b6dcc415734d88e05352fbb99d06174362e06e70,BTCUSDT|long|high_volume,1778736360000,1778802360000,2026-05-14T05:26:00+00:00,2026-05-14T23:46:00+00:00,79603.8,81045.70000000001,0.007500000000000001,597.0285000000001,119.40570000000002,5,79187.9,81114.7,4.100922900000023,2.1571453631682984,exchange_guard_proxy_touch,False,10.814250000000067,0.4819485,-0.042448581480000004,0.23881140000000003,10.289852918520067,172.35111755167574,1,True
BTCUSDT,long,33131a20ffc793006b54f80eef36c60f6c4a307a691dd6731af0994294318865,BTCUSDT|long|high_volume,1778890260000,1778905920000,2026-05-16T00:11:00+00:00,2026-05-16T04:32:00+00:00,79197.6,78903.1,0.009000000000000001,712.7784000000001,142.55568000000002,5,78861.5,78970.29999999999,4.197571199999974,3.586744376691485,exchange_guard_proxy_touch,False,-2.6505000000000005,0.5691625200000001,0.0,0.2851113600000001,-3.219662520000001,-45.17059607866906,1,True
ETHUSDT,short,90930dafa7149fcff5c7467bb752995cdffa49901246d1253a6330b172b8b67c,ETHUSDT|short|high_volume,1778979660000,1778980380000,2026-05-17T01:01:00+00:00,2026-05-17T01:13:00+00:00,2174.46,2184.64,0.35000000000000003,761.061,152.2122,5,2182.78,2182.78,4.173273999999943,9.154988286691257,exchange_guard_proxy_touch,False,-3.562999999999943,0.6102740000000002,0.0,0.30442440000000004,-4.173273999999943,-54.83494752720141,1,True
ETHUSDT,short,66102003e43f480e1392b59391b2e8f607c4708cda9ff9c11c71304258ca73b4,ETHUSDT|short|high_volume,1778982360000,1778989800000,2026-05-17T01:46:00+00:00,2026-05-17T03:50:00+00:00,2169.14,2184.64,0.24,520.5935999999999,104.11871999999998,5,2182.78,2182.78,4.13796288,9.203386757346887,exchange_guard_proxy_touch,False,-3.7199999999999998,0.41796288,0.0,0.20823744,-4.13796288,-79.48547350562896,1,True
BTCUSDT,long,9a8bb5e817ddcaeee18ee47aa36cf012a3658353e2b03517bb7bafb562a0dc5b,BTCUSDT|long|confirmed_volume,1779044460000,1779058320000,2026-05-17T19:01:00+00:00,2026-05-17T22:52:00+00:00,78295.40000000001,77745.2,0.0066,516.74964,103.349928,5,77799.9,77811.4,4.119136824000077,1.6722094016933138,exchange_guard_proxy_touch,False,-3.631320000000077,0.411947184,0.0,0.20669985600000004,-4.043267184000077,-78.24421868973295,1,True
ETHUSDT,short,9aafd9c6b90b336e82b0f09d9a96a02056884a143234820a42e1430eb8f3db20,ETHUSDT|short|high_volume,1779084660000,1779104340000,2026-05-18T06:11:00+00:00,2026-05-18T11:39:00+00:00,2110.77,2124.82,0.04,84.4308,16.88616,5,2194.01,2123.01,3.4733064000000056,4.932421738586563,exchange_guard_proxy_touch,False,-0.5620000000000073,0.06776944,0.000552755168,0.03377232,-0.6292166848320072,-74.52454374849073,1,True
ETHUSDT,short,03d3e08f5d87d63a45e200884c4a33c3108cdf250d7241fe71f756b59236716d,ETHUSDT|short|high_volume,1779154260000,1779176640000,2026-05-19T01:31:00+00:00,2026-05-19T07:44:00+00:00,2122.36,2143.81,0.17,360.80120000000005,72.16024000000002,5,2141.98,2141.98,3.9365995599999697,3.6268572133479,exchange_guard_proxy_touch,False,-3.6464999999999694,0.29009956000000003,0.0,0.14432048000000003,-3.9365995599999692,-109.10716372340138,1,True
BTCUSDT,long,274d7d84dbbcd4d72c32537ae5a3d0b25ee0eb42659cd241135275ea61923f78,BTCUSDT|long|high_volume,1779150360000,1779200340000,2026-05-19T00:26:00+00:00,2026-05-19T14:19:00+00:00,77278.8,76386.2,0.0031000000000000003,239.56428000000002,47.912856000000005,5,76107.59999999999,76451.2,4.021408907999983,6.01647542478833,exchange_guard_proxy_touch,False,-2.7670600000000185,0.19054460000000004,-0.011508958431600002,0.09582571200000002,-2.9691135584316184,-123.9380745089217,1,True
ETHUSDT,short,80d18033580de64e125a604b28d962d49e835d6c722934398d2974e5fd59dbf9,ETHUSDT|short|high_volume,1779197460000,1779253740000,2026-05-19T13:31:00+00:00,2026-05-20T05:09:00+00:00,2107.08,2120.32,0.09,189.63719999999998,37.92744,5,2144.23,2118.51,3.6613130400000014,2.292488616763467,exchange_guard_proxy_touch,False,-1.1916000000000213,0.1521864,0.017304707888999998,0.07585488,-1.3264816921110212,-69.94839051151469,1,True
BTCUSDT,long,87f1e2b17c50356f4d1a8cd1a2be60d9099e6fc99344b0f81a4cb2c2232a62d2,BTCUSDT|long|confirmed_volume,1779208560000,1779359100000,2026-05-19T16:36:00+00:00,2026-05-21T10:25:00+00:00,76767.3,77419.1,0.009000000000000001,690.9057000000001,138.18114000000003,5,76451.2,77485.0,3.9812526000000528,1.688119771936856,exchange_guard_proxy_touch,False,5.866200000000027,0.5550710400000002,-0.167254753482,0.27636228000000007,5.143874206518026,74.45117628234975,1,True
ETHUSDT,short,5b928db37741f021aeae8688373dab880721b4596ce2808e3d63daaf7ad76703,ETHUSDT|short|confirmed_volume,1779347160000,1779384600000,2026-05-21T07:06:00+00:00,2026-05-21T17:30:00+00:00,2126.52,2149.35,0.16,340.2432,68.04864,5,2147.8100000000004,2147.5200000000004,3.972874239999983,1.8998421856055083,exchange_guard_proxy_touch,False,-3.6527999999999885,0.27365568,0.021730471968,0.13609728000000001,-3.9047252080319885,-114.76276992551178,1,True
BTCUSDT,long,a7888e006a2ebecd9e711d94e3d41e1c6b69a5866e767d523297e328b7b776dc,BTCUSDT|long|high_volume,1779423060000,1779433320000,2026-05-22T04:11:00+00:00,2026-05-22T07:02:00+00:00,77886.1,77222.2,0.0054,420.5849400000001,84.11698800000002,5,77287.9,77287.9,3.9200939280000475,2.7274638123456394,exchange_guard_proxy_touch,False,-3.5850600000000474,0.33503392800000004,0.0,0.16823397600000004,-3.9200939280000475,-93.20576071982147,1,True
ETHUSDT,short,22d2780b21c45febd7fb697d1756d6ea1657e47f82f79c18fa599d87caa3292e,ETHUSDT|short|high_volume,1779389760000,1779451920000,2026-05-21T18:56:00+00:00,2026-05-22T12:12:00+00:00,2119.51,2134.5,0.12,254.34120000000001,50.86824,5,2147.5200000000004,2132.6800000000003,3.7857052799999624,3.3360512333155348,exchange_guard_proxy_touch,False,-1.7987999999999738,0.20419248,0.020503643904,0.10173648,-1.9824888360959738,-77.94603611589368,1,True
BTCUSDT,long,47cf73338df4bc034e7b0aa1ebbbcdbaf8f80f9a86052dcef731e33fa3ef9094,BTCUSDT|long|high_volume,1779452160000,1779456540000,2026-05-22T12:16:00+00:00,2026-05-22T13:29:00+00:00,77572.7,77222.2,0.0095,736.94065,147.38813,5,77287.9,77287.9,3.9179706199999997,6.617936521408619,exchange_guard_proxy_touch,False,-3.3297499999999998,0.58822062,0.0,0.29477626,-3.9179706199999997,-53.16534811860358,1,True
ETHUSDT,short,d8b67d4a935a89e8bdfd68c0acfc63581e78c3484631e95e647bd664f1e94ff4,ETHUSDT|short|high_volume,1779459660000,1779559800000,2026-05-22T14:21:00+00:00,2026-05-23T18:10:00+00:00,2116.7200000000003,2069.61,0.2,423.34400000000005,84.6688,5,2132.6800000000003,2067.8500000000004,3.8960975999999494,3.1709754692624808,exchange_guard_proxy_touch,False,9.422000000000025,0.33490640000000005,0.09310949641999999,0.16933760000000003,9.180203096420026,216.84972732387905,1,True
ETHUSDT,short,7f30955fdb4f67870fa5bfc51a9e1a24b123562732163ed6208de2742c271a7b,ETHUSDT|short|confirmed_volume,1779848460000,1779850980000,2026-05-27T02:21:00+00:00,2026-05-27T03:03:00+00:00,2069.21,2079.68,0.32,662.1472,132.42944,5,2077.9100000000003,2077.9100000000003,3.881457919999936,1.8277684115884942,exchange_guard_proxy_touch,False,-3.350399999999936,0.53105792,0.0,0.26485888,-3.881457919999936,-58.61926049071771,1,True
ETHUSDT,short,726dcd758e2b0eb322daef5718492ce5ae77f4ca5ae0f203a2c1e45a5d901b94,ETHUSDT|short|high_volume,1779938160000,1779963000000,2026-05-28T03:16:00+00:00,2026-05-28T10:10:00+00:00,2009.71,1997.3,0.06,120.5826,24.11652,5,2066.0,1995.6,3.580859280000011,4.924866074909601,exchange_guard_proxy_touch,False,0.7446000000000049,0.09616824,0.0030428113919999996,0.04823304,0.6514745713920049,54.027245339875314,1,True
ETHUSDT,short,cdaaacc9b0762f27f0b46dc588ce5e4cdb199a3544211b0395ea5bb1b8da0a05,ETHUSDT|short|high_volume,1779970860000,1779977820000,2026-05-28T12:21:00+00:00,2026-05-28T14:17:00+00:00,1982.1100000000001,1997.3,0.23,455.88530000000003,91.17706000000001,5,1995.6,1995.6,3.8598057199999607,2.551395934068734,exchange_guard_proxy_touch,False,-3.4936999999999605,0.36610572,0.0,0.18235412000000004,-3.8598057199999607,-84.66615879037909,1,True
ETHUSDT,short,2f95c45bdfb4c27969d0d54bd7328594b5875d5551d01b94ff4a0fbf8ce10825,ETHUSDT|short|confirmed_volume,1780054860000,1780067520000,2026-05-29T11:41:00+00:00,2026-05-29T15:12:00+00:00,2004.77,2022.49,0.2,400.954,80.1908,5,2020.77,2020.77,3.8661808000000057,1.909459700020241,exchange_guard_proxy_touch,False,-3.544000000000006,0.32218080000000004,0.0,0.1603816,-3.8661808000000057,-96.42454745432158,1,True
ETHUSDT,short,891096ce4ce7ada41e6fc4cadff5e29e4b0cfd840b62f8faaa353bcc0b5f440b,ETHUSDT|short|confirmed_volume,1780112760000,1780149780000,2026-05-30T03:46:00+00:00,2026-05-30T14:03:00+00:00,2013.41,2023.6100000000001,0.29,583.8889,116.77778,5,2023.32,2021.89,3.8411601999999654,1.8645360318026833,exchange_guard_proxy_touch,False,-2.958000000000013,0.46829432000000004,0.039987774793999994,0.23355556,-3.386306545206013,-57.99573420912802,1,True
ETHUSDT,short,948241f0a0e30d1102c604ea1b63996fbd8c241b098fb37ae6439ec86c755f3b,ETHUSDT|short|high_volume,1780178760000,1780190100000,2026-05-30T22:06:00+00:00,2026-05-31T01:15:00+00:00,2020.21,2031.46,0.29,585.8609,117.17218,5,2029.73,2029.73,3.73249372,7.511673646403511,exchange_guard_proxy_touch,False,-3.2624999999999997,0.46999371999999995,0.05509095556699999,0.23434436,-3.677402764433,-62.769213040723486,1,True
BTCUSDT,short,50c2aea251a6b4aa30be7053b4f2d8a7bb1c0b9894169bea1273aa0ccf2adb38,BTCUSDT|short|high_volume,1780278360000,1780283040000,2026-06-01T01:46:00+00:00,2026-06-01T03:04:00+00:00,73385.40000000001,74060.8,0.005200000000000001,381.60408000000007,76.32081600000001,5,73997.90000000001,73997.90000000001,3.81876809599997,2.137107191530546,exchange_guard_proxy_touch,False,-3.5120799999999703,0.3066880960000001,0.0,0.15264163200000003,-3.8187680959999706,-100.07146925682686,1,True
ETHUSDT,short,ad4f375dab382df7af5debb46491b67f32bde7b4d9169b21f463b2ac60dcae1e,ETHUSDT|short|high_volume,1780244760000,1780335900000,2026-05-31T16:26:00+00:00,2026-06-01T17:45:00+00:00,2002.21,1995.3,0.14,280.30940000000004,56.06188000000001,5,2025.71,1993.6,3.757860400000003,2.7558362063427833,exchange_guard_proxy_touch,False,0.9674000000000116,0.22386056000000004,0.059236091558,0.11212376000000002,0.8027755315580115,28.638908704382064,1,True
ETHUSDT,short,dad7c5a743588dceb4165ac014bcdcd6989559bb8124742de64b549a9034fe4c,ETHUSDT|short|high_volume,1780383960000,1780480320000,2026-06-02T07:06:00+00:00,2026-06-03T09:52:00+00:00,1974.76,1885.26,0.11,217.2236,43.444720000000004,5,2005.93,1883.65,3.7920256000000117,2.1209745553107746,exchange_guard_proxy_touch,False,9.845,0.16984088,0.05828984606500001,0.08688944000000001,9.733448966065,448.0843226088233,1,True
BTCUSDT,short,47531bbad27f9b30c67a769438fbb9f7f22cb37402cf6081777106c551b6e3f0,BTCUSDT|short|high_volume,1780294260000,1780692600000,2026-06-01T06:11:00+00:00,2026-06-05T20:50:00+00:00,73164.6,61602.5,0.0039000000000000003,285.34194,57.068388000000006,5,73998.90000000001,61550.1,3.7287531839999892,2.6741412265145037,exchange_guard_proxy_touch,False,45.09219000000002,0.210236676,0.17010868449120004,0.11413677600000002,45.05206200849122,1578.879782218177,1,True
ETHUSDT,short,29d7d9f015c1b1e15b40e265e0755f8377f97521e4eb5b16a6f62e7932049fcf,ETHUSDT|short|high_volume,1780489260000,1780693440000,2026-06-03T12:21:00+00:00,2026-06-05T21:04:00+00:00,1868.8,1613.53,0.23,429.824,85.9648,5,1883.65,1612.15,4.131173520000009,4.168533545826723,exchange_guard_proxy_touch,False,58.7121,0.32037436,0.07745858655900001,0.1719296,58.469184226558994,1360.3052464859802,1,True
ETHUSDT,short,e38737b50143cb2f8de6c5ff91e546faa945187d1d392ec690576423e36ae657,ETHUSDT|short|high_volume,1780701660000,1780789260000,2026-06-05T23:21:00+00:00,2026-06-06T23:41:00+00:00,1580.92,1567.15,0.14,221.32880000000003,44.26576000000001,5,1612.15,1565.81,4.7442891999999866,4.191499747050251,exchange_guard_proxy_touch,False,1.9277999999999977,0.17629192000000005,-0.03206383908,0.08853152000000002,1.7194442409199975,77.68732496267984,1,True
BTCUSDT,short,7c5a62a9d60acbc7f5d9441635a5b2d94d8597fc989704364cd4872d81307ff7,BTCUSDT|short|high_volume,1780758360000,1780794180000,2026-06-06T15:06:00+00:00,2026-06-07T01:03:00+00:00,60480.600000000006,61021.200000000004,0.006200000000000001,374.9797200000001,74.99594400000002,5,61173.6,60969.299999999996,4.920831376000001,3.553131442595647,exchange_guard_proxy_touch,False,-3.3517199999999914,0.30132446400000007,-0.012593957563600003,0.14999188800000002,-3.665638421563591,-97.75564453361878,1,True
ETHUSDT,short,67a130cccc36f5a6197d6628f07a41025deef81f31d70ad770f3bd6fa1ed4094,ETHUSDT|short|high_volume,1780859160000,1780870320000,2026-06-07T19:06:00+00:00,2026-06-07T22:12:00+00:00,1615.8500000000001,1638.4,0.18,290.853,58.1706,5,1639.6,1637.0,4.7614931999999754,10.253181885014135,exchange_guard_proxy_touch,False,-4.058999999999991,0.23430600000000001,0.0,0.11634120000000002,-4.293305999999991,-147.6108549679732,1,True
BTCUSDT,short,bf3f555ef3803809d5f3de995013873cd98d74ebb304337233725ce0b44649df,BTCUSDT|short|high_volume,1780858860000,1780870380000,2026-06-07T19:01:00+00:00,2026-06-07T22:13:00+00:00,61901.8,62380.100000000006,0.0092,569.49656,113.89931200000001,5,62327.1,62327.1,4.857717392000026,2.403720764265092,exchange_guard_proxy_touch,False,-4.400360000000027,0.45735739200000003,0.0,0.22779862400000003,-4.857717392000026,-85.29845012584494,1,True
BTCUSDT,short,a113ad9d6f6bc99a02afac962de961fc30483ae3ea02df5abdd907cc659fc3e8,BTCUSDT|short|high_volume,1780949760000,1781094780000,2026-06-08T20:16:00+00:00,2026-06-10T12:33:00+00:00,63184.4,61836.100000000006,0.0043,271.69292,54.338584000000004,5,64179.6,61783.5,4.7332999920000125,3.019739492918712,exchange_guard_proxy_touch,False,5.797689999999982,0.21503526,-0.002396695730000002,0.10867716800000002,5.580258044269982,205.38842323421537,1,True
ETHUSDT,short,441120dc1f94b72979942755251214742cbb938d25b8e8a42a331effc920f4cd,ETHUSDT|short|high_volume,1780990260000,1781094780000,2026-06-09T07:31:00+00:00,2026-06-10T12:33:00+00:00,1676.31,1644.4,0.21,352.02509999999995,70.40502,5,1696.01,1643.0,4.724896680000019,14.110995675395264,exchange_guard_proxy_touch,False,6.701099999999969,0.27893964,-0.04750095319200001,0.14081004,6.374659406807969,181.08536598123175,1,True
ETHUSDT,short,69e083184fc2f6e382b09b2961502309899f35d06e95bba41dbac5743ed7f23b,ETHUSDT|short|confirmed_volume,1781173260000,1781176620000,2026-06-11T10:21:00+00:00,2026-06-11T11:17:00+00:00,1653.19,1663.5,0.42,694.3398,138.86795999999998,5,1662.08,1662.08,4.8874039199999775,1.852654153952444,exchange_guard_proxy_touch,False,-4.3301999999999765,0.5572039200000001,0.0,0.27773592,-4.887403919999977,-70.38922325927416,1,True
BTCUSDT,short,02bd9b32f485d2f7a6a763ba10e7859889c135c24b6be609a0e24ef88fcfa6ee,BTCUSDT|short|confirmed_volume,1781242860000,1781256720000,2026-06-12T05:41:00+00:00,2026-06-12T09:32:00+00:00,63288.8,63831.4,0.0082,518.96816,103.793632,5,63777.1,63777.1,4.866274255999988,1.7925966446381383,exchange_guard_proxy_touch,False,-4.449319999999989,0.41695425600000013,0.012649374038,0.20758726400000005,-4.853624881961989,-93.52452146509312,1,True
BTCUSDT,short,333fa62770bfcc9b4c6b3211cadb9ecdf6cde6b614a090e5b24db894fc28fb50,BTCUSDT|short|confirmed_volume,1781345160000,1781347380000,2026-06-13T10:06:00+00:00,2026-06-13T10:43:00+00:00,63682.600000000006,63882.8,0.019200000000000002,1222.7059200000003,244.54118400000007,5,63828.5,63828.5,4.823542271999945,1.94317127417016,exchange_guard_proxy_touch,False,-3.8438399999999446,0.9797022720000002,0.0,0.48908236800000016,-4.823542271999945,-39.449733522186136,1,True
ETHUSDT,short,78bd8656a0333f09eea353cb600076e5f01756a4ff325f50be8e5354be7b9645,ETHUSDT|short|high_volume,1781412060000,1781471700000,2026-06-14T04:41:00+00:00,2026-06-14T21:15:00+00:00,1677.08,1679.8400000000001,0.3,503.12399999999997,100.6248,5,1689.91,1678.41,4.685211600000063,2.87915237998873,exchange_guard_proxy_touch,False,-0.8280000000000655,0.40283040000000003,-0.014995162650000001,0.2012496,-1.2458255626500656,-24.761799529540745,1,True
BTCUSDT,short,d231ae4e79cd823831f1aaf4f84c7a289da1bb76275768d3b2125267b22ed2f0,BTCUSDT|short|high_volume,1781440560000,1781471880000,2026-06-14T12:36:00+00:00,2026-06-14T21:18:00+00:00,64282.600000000006,64695.700000000004,0.0094,604.2564400000001,120.85128800000003,5,64682.299999999996,64640.7,4.759294823999973,3.050555540463449,exchange_guard_proxy_touch,False,-3.8831399999999863,0.4849584080000001,-0.019640766832,0.24170257600000003,-4.387739174831987,-72.61385869270978,1,True
ETHUSDT,short,ae37dd2e84fd899c1149f7b622f9233f1977d8b484efbc22b778aa8389b03636,ETHUSDT|short|confirmed_volume,1781510460000,1781520840000,2026-06-15T08:01:00+00:00,2026-06-15T10:54:00+00:00,1713.89,1733.25,0.22,377.05580000000003,75.41116000000001,5,1731.77,1731.77,4.562548319999978,1.7719265152303507,exchange_guard_proxy_touch,False,-4.259199999999978,0.30334832000000006,0.0,0.15082232,-4.562548319999978,-121.00459189329479,1,True
ETHUSDT,short,e8a6e7a21fc710b6778c278992dcff73a648034d40bc2ee08a5474a8869a1aa7,ETHUSDT|short|high_volume,1781619660000,1781632980000,2026-06-16T14:21:00+00:00,2026-06-16T18:03:00+00:00,1779.66,1808.8700000000001,0.15,266.949,53.3898,5,1807.33,1807.33,4.5968118000000056,4.954442362882617,exchange_guard_proxy_touch,False,-4.381500000000005,0.21531180000000003,0.008443883400000001,0.1067796,-4.5883679166000055,-171.88181699875275,1,True
BTCUSDT,short,e8679aa632de3307e6adc351974c14589444871249e0e3b483624a5ddad9cbd9,BTCUSDT|short|high_volume,1781615460000,1781661420000,2026-06-16T13:11:00+00:00,2026-06-17T01:57:00+00:00,66049.8,65964.6,0.0046,303.82908000000003,60.76581600000001,5,66956.8,65908.5,4.679237024,4.532034144855174,exchange_guard_proxy_touch,False,0.3919199999999866,0.24290649600000006,0.0066545419944,0.121531632,0.15566804599438655,5.123540050688582,1,True
ETHUSDT,short,f14d6dfbd353bb6a3e15a22677283db08bfc4f7c26d6b6cb6b3850cfb0bf0b46,ETHUSDT|short|high_volume,1781659260000,1781662980000,2026-06-17T01:21:00+00:00,2026-06-17T02:23:00+00:00,1781.94,1809.26,0.16,285.1104,57.02208,5,1807.72,1807.72,4.6010367999999895,10.118382071482381,exchange_guard_proxy_touch,False,-4.37119999999999,0.2298368,0.0,0.11404416000000002,-4.60103679999999,-161.37737522026518,1,True
ETHUSDT,short,1f2e82a11ef5e5922bde7db3bc3f8fa2e4a4a5a7b0fc26229e57a7193ccde6f4,ETHUSDT|short|high_volume,1781733960000,1781830980000,2026-06-17T22:06:00+00:00,2026-06-19T01:03:00+00:00,1730.38,1718.1100000000001,0.06,103.8228,20.76456,5,1795.59,1716.65,4.089060000000001,6.822560488999195,exchange_guard_proxy_touch,False,0.7361999999999989,0.08276376,0.011606205905999999,0.04152912,0.6650424459059989,64.05552979750102,1,True
BTCUSDT,short,a32a85b2b89af5dd5d1274fa20c3fcc009fe3fc2535b5f170fa904287bb04fed,BTCUSDT|short|high_volume,1781755560000,1781874300000,2026-06-18T04:06:00+00:00,2026-06-19T13:05:00+00:00,64177.700000000004,62950.4,0.0064,410.73728000000006,82.147456,5,64780.1,62896.9,4.5382730239999995,2.4825108363864055,exchange_guard_proxy_touch,False,7.854720000000019,0.32544793600000005,0.0435696510464,0.16429491200000004,7.572841715046419,184.37191080016933,1,True
ETHUSDT,short,24422ca6fbc2140df036e4c51924d249b81ca80f3629ab9374678d758b6fea63,ETHUSDT|short|high_volume,1781832960000,1781876700000,2026-06-19T01:36:00+00:00,2026-06-19T13:45:00+00:00,1705.83,1704.3400000000001,0.34,579.9822,115.99644,5,1716.65,1702.89,4.640855840000069,3.777193032078163,exchange_guard_proxy_touch,False,0.5065999999999258,0.46378312000000005,-0.011913175170000002,0.23199288000000004,0.030903704829925726,0.5328388497082449,1,True
ETHUSDT,short,99ad65e9f2ea7e91dc340eaf058e42c9babcbffd9f69d1739f59ef51d05fc493,ETHUSDT|short|high_volume,1781888460000,1781891280000,2026-06-19T17:01:00+00:00,2026-06-19T17:48:00+00:00,1694.5,1704.3400000000001,0.41000000000000003,694.745,138.949,5,1702.89,1702.89,4.59180976000006,2.6163038074241394,exchange_guard_proxy_touch,False,-4.03440000000006,0.5574097600000001,0.0,0.27789800000000003,-4.591809760000061,-66.09345529654853,1,True
BTCUSDT,short,f3eed425820e066358f27223bdb1120ed7cb820bc4bf3bdd43d21b6571035791,BTCUSDT|short|high_volume,1781964660000,1781966760000,2026-06-20T14:11:00+00:00,2026-06-20T14:46:00+00:00,63191.9,63824.4,0.0067,423.38573,84.67714600000001,5,63770.1,63770.1,4.578153684,4.203299223842608,exchange_guard_proxy_touch,False,-4.23775,0.34040368400000004,0.0,0.16935429200000002,-4.578153684,-108.13197894033887,1,True
BTCUSDT,short,b8c245add134ecc79304920d2460d6927090f78463269d4dfb7f7915330472df,BTCUSDT|short|high_volume,1782005760000,1782012120000,2026-06-21T01:36:00+00:00,2026-06-21T03:22:00+00:00,64164.700000000004,64380.8,0.0171,1097.21637,219.44327400000003,5,64326.1,64326.1,4.574561219999976,10.28804459515002,exchange_guard_proxy_touch,False,-3.6953099999999752,0.8792512200000001,0.0,0.43888654800000004,-4.574561219999976,-41.69242589772859,1,True
ETHUSDT,short,37cd1fa5d288db4a7eaadbe23cab6f3b618b9bb3789c951e0a030854c08c9144,ETHUSDT|short|high_volume,1782017760000,1782066660000,2026-06-21T04:56:00+00:00,2026-06-21T18:31:00+00:00,1731.3700000000001,1733.3500000000001,0.26,450.15620000000007,90.03124000000001,5,1745.73,1731.87,4.482773359999976,5.10218707766662,exchange_guard_proxy_touch,False,-0.5148000000000047,0.3603308800000001,0.015118296310000001,0.18006248000000002,-0.8600125836900048,-19.104759274447506,1,True
ETHUSDT,short,3217082be7ead7b91b1d275ed959baeb2127a2288ce74ce9a7c85f11fdc63c06,ETHUSDT|short|high_volume,1782076260000,1782088620000,2026-06-21T21:11:00+00:00,2026-06-22T00:37:00+00:00,1704.3,1733.3500000000001,0.14,238.602,47.7204,5,1731.87,1731.87,4.259508400000026,26.852674217823758,exchange_guard_proxy_touch,False,-4.067000000000026,0.19250840000000005,0.0092686216,0.0954408,-4.250239778400026,-178.13093680690127,1,True
BTCUSDT,short,ca76bf64a4742905b0d9963fce2a44087d77993ab5fd397cca63355fdb769de3,BTCUSDT|short|high_volume,1782065160000,1782091380000,2026-06-21T18:06:00+00:00,2026-06-22T01:23:00+00:00,63884.5,64339.700000000004,0.0081,517.4644499999999,103.49288999999999,5,64337.4,64285.0,4.527176184000047,3.7346276821141027,exchange_guard_proxy_touch,False,-3.6871200000000353,0.415446408,0.0336898017504,0.20698578,-4.068876606249635,-78.63103651370902,1,True
BTCUSDT,short,304729f9225dd831d11bdbd55e1b4d254f173c43ed0aa4233fcc1fdd54f5ce00,BTCUSDT|short|high_volume,1782190860000,1782224040000,2026-06-23T05:01:00+00:00,2026-06-23T14:14:00+00:00,63592.200000000004,62653.4,0.0058000000000000005,368.8347600000001,73.76695200000002,5,64247.299999999996,62600.1,4.413554543999975,5.130875447722469,exchange_guard_proxy_touch,False,5.445040000000017,0.29288979200000004,0.0060329043070000005,0.14753390400000002,5.158183112307017,139.85078608933213,1,True
ETHUSDT,short,c93b7266b6124e1885c39514082138a628734194c5430fe838b2a55a17b23a9f,ETHUSDT|short|high_volume,1782164460000,1782261540000,2026-06-22T21:41:00+00:00,2026-06-24T00:39:00+00:00,1728.56,1675.04,0.2,345.712,69.1424,5,1747.0,1673.61,4.264164000000013,2.809602402020325,exchange_guard_proxy_touch,False,10.703999999999997,0.27228800000000003,0.011788506700000005,0.1382848,10.443500506699998,302.0867226680011,1,True
ETHUSDT,short,3fabe23bf21350d36e12c48cf67a287fb9b5da16288a40f5efe47d63b062b454,ETHUSDT|short|high_volume,1782267960000,1782279120000,2026-06-24T02:26:00+00:00,2026-06-24T05:32:00+00:00,1663.26,1675.04,0.35000000000000003,582.1410000000001,116.42820000000002,5,1673.61,1673.61,4.590361999999991,2.2299233925762234,exchange_guard_proxy_touch,False,-4.1229999999999905,0.46736200000000006,0.0,0.23285640000000002,-4.59036199999999,-78.85309572766718,1,True
BTCUSDT,short,445d8d7945f7f736a99dfaa5e5117e3e7bcfe05d96147a73bbd81de227c1f585,BTCUSDT|short|confirmed_volume,1782295560000,1782301740000,2026-06-24T10:06:00+00:00,2026-06-24T11:49:00+00:00,62538.9,63107.200000000004,0.0073,456.53397,91.306794,5,63053.6,63053.6,4.515476612000022,1.943022799008385,exchange_guard_proxy_touch,False,-4.148590000000021,0.36688661200000006,0.0,0.182613588,-4.515476612000021,-98.90779019138533,1,True
ETHUSDT,short,3f2a1362aee8c601fff87f8c4fb51dd73c13c57f04843b244633fb0c2117e3fc,ETHUSDT|short|confirmed_volume,1782296460000,1782301740000,2026-06-24T10:21:00+00:00,2026-06-24T11:49:00+00:00,1661.78,1680.42,0.22,365.59159999999997,73.11832,5,1678.99,1678.99,4.394913600000022,1.6815483412330532,exchange_guard_proxy_touch,False,-4.100800000000022,0.29411360000000003,0.0,0.14623664,-4.394913600000022,-120.21374670534067,1,True
ETHUSDT,short,3defca318b03c3019d54cf116e492f63ec6393806ef2247c19dd820ffa699628,ETHUSDT|short|high_volume,1782306960000,1782363120000,2026-06-24T13:16:00+00:00,2026-06-25T04:52:00+00:00,1655.5900000000001,1630.55,0.17,281.4503,56.290060000000004,5,1678.99,1629.16,4.447948679999988,4.2929864456707545,exchange_guard_proxy_touch,False,4.256800000000033,0.22345752000000008,0.001612332496,0.11258012000000002,4.034954812496033,143.36296008552958,1,True
BTCUSDT,short,f11520da2c72d44b3f98bdfc2018ad054c73d04d526b881cba7d759fa369fa89,BTCUSDT|short|high_volume,1782306660000,1782363300000,2026-06-24T13:11:00+00:00,2026-06-25T04:55:00+00:00,62010.700000000004,61308.200000000004,0.0038,235.64066000000003,47.12813200000001,5,63053.6,61256.1,4.3568792080000005,6.052846281635384,exchange_guard_proxy_touch,False,2.6695,0.18744472800000003,-0.0032394610613999996,0.094256264,2.4788158109386003,105.1947406249244,1,True
BTCUSDT,short,6153de8620884f027508babddf5db4006333fc104a41ce25e46603f9ceb691fb,BTCUSDT|short|confirmed_volume,1782435960000,1782455940000,2026-06-26T01:06:00+00:00,2026-06-26T06:39:00+00:00,59416.0,60296.4,0.0048000000000000004,285.19680000000005,57.03936000000001,5,60245.1,60245.1,4.455767808000007,1.611255407747176,exchange_guard_proxy_touch,False,-4.2259200000000074,0.22984780800000001,0.0,0.11407872000000001,-4.455767808000007,-156.23484583277255,1,True
ETHUSDT,short,e4b7feb97b97b8fc5e865c87af4023513fef29b1460feb35dccd282032f5f05b,ETHUSDT|short|high_volume,1782435960000,1782459120000,2026-06-26T01:06:00+00:00,2026-06-26T07:32:00+00:00,1558.27,1584.3600000000001,0.16,249.3232,49.86464,5,1583.01,1583.01,4.375528320000024,2.225759751200519,exchange_guard_proxy_touch,False,-4.174400000000023,0.20112832000000003,0.0,0.09972928,-4.375528320000024,-175.49623621067047,1,True
BTCUSDT,short,073758218bbc8905274f35cfbd52e1ded27cecb336f5b069236a0a69b91c12cc,BTCUSDT|short|high_volume,1782467160000,1782482400000,2026-06-26T09:46:00+00:00,2026-06-26T14:00:00+00:00,59930.8,60296.4,0.010700000000000001,641.2595600000001,128.251912,5,60245.1,60245.1,4.426492415999985,2.080124180014936,exchange_guard_proxy_touch,False,-3.9119199999999847,0.5145724160000001,0.0,0.25650382400000005,-4.426492415999985,-69.02809239990098,1,True
ETHUSDT,short,8ef4b1124e26c75aa3ac2f9becac6096eb59d3028e2e5ca887d5759d58e204b9,ETHUSDT|short|confirmed_volume,1782464760000,1782487560000,2026-06-26T09:06:00+00:00,2026-06-26T15:26:00+00:00,1559.72,1584.3600000000001,0.17,265.1524,53.03048,5,1583.01,1583.01,4.402597440000018,1.58409285835027,exchange_guard_proxy_touch,False,-4.188800000000017,0.21379744000000003,0.0,0.10606096000000001,-4.402597440000018,-166.04026363706376,1,True
ETHUSDT,short,59d2e12bb83f60d6df03b2aa5c65c8c472ffe0036485da9414e8d457910010e3,ETHUSDT|short|confirmed_volume,1782536760000,1782565080000,2026-06-27T05:06:00+00:00,2026-06-27T12:58:00+00:00,1577.01,1587.06,0.36,567.7235999999999,113.54471999999998,5,1586.43,1585.71,4.332929759999994,1.9861188715029126,exchange_guard_proxy_touch,False,-3.6179999999999835,0.45562608,-0.0034059446999999995,0.22708944,-4.077032024699983,-71.81367878136444,1,True
BTCUSDT,short,19ae3c400fe09c82812f110d033fa4e66d9f3df5a389e24cb8fca921fc28f1bb,BTCUSDT|short|high_volume,1782551760000,1782567480000,2026-06-27T09:16:00+00:00,2026-06-27T13:38:00+00:00,60217.600000000006,60609.4,0.0094,566.0454400000001,113.20908800000002,5,60580.1,60557.9,4.345992992,2.410542096452877,exchange_guard_proxy_touch,False,-3.682919999999959,0.4543095200000001,0.0,0.22641817600000003,-4.137229519999959,-73.09006004888863,1,True
BTCUSDT,short,013e2d8ed80f7e1237813f0b838a5aea9f88b07b503bab38ce4abcff2d06f63c,BTCUSDT|short|high_volume,1782623160000,1782635880000,2026-06-28T05:06:00+00:00,2026-06-28T08:38:00+00:00,59893.9,60365.700000000004,0.0082,491.12998000000005,98.22599600000001,5,60314.4,60314.4,4.2632114880000245,6.180977393391218,exchange_guard_proxy_touch,False,-3.8687600000000244,0.3944514880000001,0.0066879775640000015,0.19645199200000002,-4.256523510436025,-86.66796334518256,1,True
ETHUSDT,short,02d3a0edb7018704cc5f5094bd98d3ba004b89aa7cd7eebaff466feee58cb80c,ETHUSDT|short|high_volume,1782623160000,1782635880000,2026-06-28T05:06:00+00:00,2026-06-28T08:38:00+00:00,1567.3500000000001,1580.64,0.29,454.5315,90.9063,5,1579.29,1579.29,4.219266839999989,3.1520090289541596,exchange_guard_proxy_touch,False,-3.854099999999989,0.36516684000000005,-0.013460678888999999,0.1818126,-4.232727518888989,-93.1228642874914,1,True
ETHUSDT,short,816c518306cdf876595a8375ea854563a5bcec801f716cd226ff1f52d8cb3d6c,ETHUSDT|short|high_volume,1782642660000,1782644520000,2026-06-28T10:31:00+00:00,2026-06-28T11:02:00+00:00,1572.79,1580.64,0.45,707.7555,141.5511,5,1579.29,1579.29,4.1001174000000615,3.4155854030314403,exchange_guard_proxy_touch,False,-3.5325000000000615,0.5676174,0.0,0.2831022,-4.1001174000000615,-57.931268637263315,1,True
BTCUSDT,short,c6f5b0a0315f12fe60d272187ea1f2e03128ad495c9a1ee0f656d09d833e6497,BTCUSDT|short|high_volume,1782659460000,1782702120000,2026-06-28T15:11:00+00:00,2026-06-29T03:02:00+00:00,59868.8,59934.3,0.006200000000000001,371.18656000000004,74.237312,5,60435.9,59883.299999999996,4.133183128000001,3.6850771074092683,exchange_guard_proxy_touch,False,-0.4061,0.29711168800000004,0.027928254788799997,0.14847462400000003,-0.6752834332112001,-18.192561530546797,1,True
BTCUSDT,short,8704e9c2b7ec65027fdb9bcc7a1a6d2934e4417d350ad8b864a6431d0f6534e8,BTCUSDT|short|confirmed_volume,1782709560000,1782711840000,2026-06-29T05:06:00+00:00,2026-06-29T05:44:00+00:00,59413.5,59934.3,0.007200000000000001,427.77720000000005,85.55544,5,59883.299999999996,59883.299999999996,4.093481664000021,1.8108459468777025,exchange_guard_proxy_touch,False,-3.7497600000000215,0.3437216640000001,0.0,0.17111088000000002,-4.093481664000022,-95.691908404656,1,True
ETHUSDT,short,37353c24dac3aea88ad6f9c14cbd4e4be8b803f31434ce5bded6042b57992b4c,ETHUSDT|short|high_volume,1782709560000,1782712680000,2026-06-29T05:06:00+00:00,2026-06-29T05:58:00+00:00,1562.05,1583.3600000000001,0.18,281.169,56.233799999999995,5,1582.01,1582.01,4.062269520000031,3.7067199210071964,exchange_guard_proxy_touch,False,-3.835800000000031,0.22646952,0.0,0.1124676,-4.062269520000031,-144.47785922345747,1,True
ETHUSDT,short,c857f939f8240b5fb75a3116267bb645549090c1c771e0f738b642a29609e370,ETHUSDT|short|confirmed_volume,1782731760000,1782734820000,2026-06-29T11:16:00+00:00,2026-06-29T12:07:00+00:00,1570.65,1589.64,0.2,314.13000000000005,62.82600000000001,5,1588.28,1588.28,4.050823200000003,1.8926989648525931,exchange_guard_proxy_touch,False,-3.798000000000002,0.2528232,0.0,0.125652,-4.050823200000002,-128.95371979753608,1,True
BTCUSDT,short,e22f172927477afdca87df22c3abb2405d9aee09ccb92665b8664fb3324ecd4b,BTCUSDT|short|high_volume,1782775560000,1782869940000,2026-06-29T23:26:00+00:00,2026-07-01T01:39:00+00:00,60169.3,58900.200000000004,0.008400000000000001,505.4221200000001,101.08442400000003,5,60543.4,58850.1,3.9808077119999883,5.376934503027917,exchange_guard_proxy_touch,False,10.660439999999989,0.40007352000000007,0.11650715748,0.20216884800000004,10.376873637479989,205.3110306584917,1,True
ETHUSDT,short,61ca3b558f7d2371cf342521c9f7dad26d693e1cc15d6fd86e70f49116e8d2f4,ETHUSDT|short|high_volume,1782818460000,1782869940000,2026-06-30T11:21:00+00:00,2026-07-01T01:39:00+00:00,1579.65,1583.5900000000001,0.21,331.7265,66.3453,5,1595.8,1582.24,3.9439520399999983,2.6511771240108564,exchange_guard_proxy_touch,False,-0.8274000000000115,0.26571216000000003,0.030349541291999998,0.13269060000000002,-1.0627626187080115,-32.03731443547656,1,True
BTCUSDT,short,ec7f8339464e6c596055a9a945344fb1e538c9f572789fbd86ae230bc9644170,BTCUSDT|short|confirmed_volume,1782907560000,1782913500000,2026-07-01T12:06:00+00:00,2026-07-01T13:45:00+00:00,58465.3,59120.100000000006,0.0058000000000000005,339.09874,67.819748,5,59069.799999999996,59069.799999999996,4.0706381280000175,1.8420766257645689,exchange_guard_proxy_touch,False,-3.797840000000017,0.2727981280000001,0.0,0.13563949600000003,-4.0706381280000175,-120.04285618991145,1,True
ETHUSDT,short,aaf2c7e96cb37613dbdc2b878c7e134961bfde33eddda74127c64989a4f5da7f,ETHUSDT|short|high_volume,1782907260000,1782913560000,2026-07-01T12:01:00+00:00,2026-07-01T13:46:00+00:00,1568.6200000000001,1585.8500000000001,0.22,345.0964,69.01928000000001,5,1584.5,1584.5,4.068193360000004,4.307541386994735,exchange_guard_proxy_touch,False,-3.790600000000004,0.27759336,0.0,0.13803856000000003,-4.068193360000004,-117.88570845711529,1,True
BTCUSDT,short,d53e5eb746cee3877c052cbeb1b0e4ecd41d81c69af130f0a5e73e571c1051f8,BTCUSDT|short|high_volume,1783038660000,1783056840000,2026-07-03T00:31:00+00:00,2026-07-03T05:34:00+00:00,61187.0,61779.8,0.0049,299.8163,59.963260000000005,5,61900.1,61727.299999999996,3.9937740080000146,3.2958333123985715,exchange_guard_proxy_touch,False,-2.904720000000014,0.241014928,0.0,0.11992652000000001,-3.1457349280000138,-104.92207821923003,1,True
BTCUSDT,short,b5327d4331efa90b7df91d30594c68645d8f8b8f2debb2e2eb3df5999e4f1536,BTCUSDT|short|high_volume,1783069260000,1783072020000,2026-07-03T09:01:00+00:00,2026-07-03T09:47:00+00:00,61451.200000000004,61779.8,0.0105,645.2376,129.04752000000002,5,61727.299999999996,61727.299999999996,3.967870199999985,2.355040708110584,exchange_guard_proxy_touch,False,-3.450299999999985,0.5175702000000001,0.0,0.25809504000000005,-3.967870199999985,-61.49471450516809,1,True
BTCUSDT,short,b4264f013c3b4a1192131cbd1c32df34741275964701b5e881da0094aa31a173,BTCUSDT|short|high_volume,1783155960000,1783169880000,2026-07-04T09:06:00+00:00,2026-07-04T12:58:00+00:00,62421.100000000006,62707.5,0.0094,586.7583400000001,117.35166800000002,5,62735.299999999996,62654.2,3.9262288479999867,2.4854413610375117,exchange_guard_proxy_touch,False,-2.6921599999999453,0.4704835360000001,0.0,0.23470333600000004,-3.1626435359999454,-53.90027410603052,1,True
ETHUSDT,short,dd46ec6a2abf194cc7d528d26231997d9f5e243de89b7eef294fc6c5a535b003,ETHUSDT|short|high_volume,1783243560000,1783263480000,2026-07-05T09:26:00+00:00,2026-07-05T14:58:00+00:00,1760.72,1773.51,0.27,475.3944,95.07888,5,1772.0,1772.0,3.8349968399999907,3.088498981911995,exchange_guard_proxy_touch,False,-3.4532999999999903,0.3816968400000001,0.0,0.19015776,-3.8349968399999903,-80.66979417510998,1,True
BTCUSDT,short,aee37d39369346badc7753e66261b7e91add087965328d6a8f2f373ebe15d7dd,BTCUSDT|short|high_volume,1783243560000,1783286340000,2026-07-05T09:26:00+00:00,2026-07-05T21:19:00+00:00,62684.200000000004,62918.600000000006,0.0112,702.06304,140.412608,5,62928.1,62865.1,3.8938627840000164,3.4396908861147475,exchange_guard_proxy_touch,False,-2.6252800000000165,0.5627005440000001,0.06046029194240001,0.28082521600000004,-3.1275202520576166,-44.54757014494905,1,True
ETHUSDT,short,29460aa8625a916570095c866bd2840ef2da026cedcc8146645a861d9feb6d40,ETHUSDT|short|high_volume,1783339260000,1783352580000,2026-07-06T12:01:00+00:00,2026-07-06T15:43:00+00:00,1754.39,1776.29,0.14,245.61460000000002,49.12292000000001,5,1777.97,1774.78,3.7118972799999876,5.204268465073749,exchange_guard_proxy_touch,False,-3.065999999999981,0.19771808000000005,0.0,0.09824584000000001,-3.263718079999981,-132.87964477681624,1,True
BTCUSDT,short,80bac5f12cb04b8d509230ca414047a1fddf6095821ec30ca65b51d4db29f6dc,BTCUSDT|short|high_volume,1783339260000,1783353000000,2026-07-06T12:01:00+00:00,2026-07-06T15:50:00+00:00,62219.5,63280.3,0.0034000000000000002,211.5463,42.30926,5,63226.5,63226.5,3.7773997280000104,33.037637701301044,exchange_guard_proxy_touch,False,-3.6067200000000104,0.17067972800000003,0.0,0.08461852000000002,-3.7773997280000104,-178.5613706313942,1,True
ETHUSDT,short,5f3fe59da3764413711c286641446405c7833784d4389d21fd081a3e5b4071e0,ETHUSDT|short|high_volume,1783431660000,1783435860000,2026-07-07T13:41:00+00:00,2026-07-07T14:51:00+00:00,1767.25,1783.76,0.21,371.1225,74.2245,5,1782.24,1782.24,3.765384839999998,2.907697229155026,exchange_guard_proxy_touch,False,-3.467099999999998,0.29828484000000005,0.0,0.14844900000000003,-3.765384839999998,-101.4593521007214,1,True
BTCUSDT,short,500bf984bc94e8184bbd6ca4a59a9ece51ce8ac8892da8232191992e2efb34f5,BTCUSDT|short|high_volume,1783489560000,1783559340000,2026-07-08T05:46:00+00:00,2026-07-09T01:09:00+00:00,62550.0,62384.9,0.0028,175.14,35.028,5,63740.299999999996,62331.9,3.62610584,2.107109683925586,exchange_guard_proxy_touch,False,0.4622799999999959,0.139927088,0.024395457548000002,0.070056,0.3467483695479959,19.79835386250976,1,True
ETHUSDT,short,d990233dacd4f7294e0e971f6e3963ea764afa964bf61773ba65d3a9f94572a5,ETHUSDT|short|high_volume,1783498860000,1783559340000,2026-07-08T08:21:00+00:00,2026-07-09T01:09:00+00:00,1740.04,1747.3,0.07,121.8028,24.36056,5,1784.17,1745.81,3.2942204400000064,9.695694341162092,exchange_guard_proxy_touch,False,-0.5081999999999994,0.09764552000000003,0.014238792113000002,0.04872112,-0.5916067278869994,-48.57086437150865,1,True
BTCUSDT,short,40422aa1fa1f0a9f1790ae6b88b887e9a1d92102783ba294793de87a7efffe0e,BTCUSDT|short|high_volume,1783561860000,1783572600000,2026-07-09T01:51:00+00:00,2026-07-09T04:50:00+00:00,61823.3,62384.9,0.0061,377.12213,75.42442600000001,5,62331.9,62331.9,3.7288280079999914,3.0333600175438282,exchange_guard_proxy_touch,False,-3.4257599999999915,0.3030680080000001,0.0,0.150848852,-3.728828007999992,-98.87587365928357,1,True
ETHUSDT,short,b7998f1ea61c79a1b403cedd43a3ad8be77f1e6d74839c77a1bf0d90579d7bfa,ETHUSDT|short|high_volume,1783561560000,1783573860000,2026-07-09T01:46:00+00:00,2026-07-09T05:11:00+00:00,1732.19,1747.3,0.22,381.0818,76.21636,5,1745.81,1745.81,3.630395119999978,4.563939445560322,exchange_guard_proxy_touch,False,-3.324199999999978,0.30619512,0.0,0.15243272000000002,-3.630395119999978,-95.26550782535345,1,True
ETHUSDT,short,1df4586d66dfecb32058f3fd17c9925f026208412deb764a859129ce9af44d52,ETHUSDT|short|high_volume,1783627560000,1783646400000,2026-07-09T20:06:00+00:00,2026-07-10T01:20:00+00:00,1744.1000000000001,1751.8700000000001,0.35000000000000003,610.4350000000001,122.08700000000002,5,1751.53,1750.3799999999999,3.6115967999999468,2.740273759724819,exchange_guard_proxy_touch,False,-2.719499999999994,0.4894358000000001,0.01595212983,0.24417400000000003,-3.1929836701699936,-52.30669391777984,1,True
ETHUSDT,short,0796ae724dbea9bcc69eef994cce381a4ec18cf2d16ef9dfa80d88efdc7a2e31,ETHUSDT|short|high_volume,1783764060000,1783769580000,2026-07-11T10:01:00+00:00,2026-07-11T11:33:00+00:00,1793.8,1800.4,0.45,807.21,161.442,5,1798.87,1798.87,3.616956000000062,3.7450491588438735,exchange_guard_proxy_touch,False,-2.9700000000000615,0.6469560000000001,0.0,0.322884,-3.6169560000000613,-44.80811684691791,1,True
BTCUSDT,short,cb6c378b1177937af95dde4fd0324462c4363f6ec6bdcf15d027093f834c0af6,BTCUSDT|short|high_volume,1783773360000,1783779840000,2026-07-11T12:36:00+00:00,2026-07-11T14:24:00+00:00,64069.4,64334.8,0.011300000000000001,723.98422,144.79684400000002,5,64280.1,64280.1,3.5794069840000167,2.6534643084161753,exchange_guard_proxy_touch,False,-2.9990200000000167,0.5803869840000001,0.0,0.28959368800000007,-3.5794069840000167,-49.440400565636864,1,True
ETHUSDT,short,0d70f69ab66c3fb86d2f15977698a80f2c55db8ade28498e73ddf98fe6f2846d,ETHUSDT|short|high_volume,1783815060000,1783827180000,2026-07-12T00:11:00+00:00,2026-07-12T03:33:00+00:00,1783.38,1812.78,0.11,196.17180000000002,39.23436,5,1811.24,1811.24,3.392231039999985,2.4275034680544234,exchange_guard_proxy_touch,False,-3.233999999999985,0.15823104,0.0,0.07846872,-3.392231039999985,-172.92144130807714,1,True
BTCUSDT,short,42007a9547c0d8bafa6105dceb9f7db405f5431d50075a523b363a297506b0e7,BTCUSDT|short|high_volume,1783811460000,1783858320000,2026-07-11T23:11:00+00:00,2026-07-12T12:12:00+00:00,64010.600000000006,64138.3,0.0092,588.8975200000001,117.77950400000002,5,64288.799999999996,64083.799999999996,3.5350230879999462,2.445830683476114,exchange_guard_proxy_touch,False,-1.1748399999999732,0.4715879520000001,0.0643915694972,0.23555900800000004,-1.5820363825027735,-26.864375018980777,1,True
ETHUSDT,short,22d51b8abde2e47fcd09a5b4f4705011c933633404af99da8e6850d757a2df41,ETHUSDT|short|confirmed_volume,1783833660000,1783860540000,2026-07-12T05:21:00+00:00,2026-07-12T12:49:00+00:00,1801.42,1809.8500000000001,0.11,198.1562,39.631240000000005,5,1828.54,1808.31,3.3145868800000073,1.6525709171877818,exchange_guard_proxy_touch,False,-0.927300000000007,0.15889588000000004,0.0019698559319999997,0.07926248000000001,-1.084226024068007,-54.715725476568835,1,True
BTCUSDT,short,9785e5e12a6a81d48eb5fd45017d9e8a6c763f5f13f22ec3375f44fc414f28d5,BTCUSDT|short|high_volume,1783865760000,1783867560000,2026-07-12T14:16:00+00:00,2026-07-12T14:46:00+00:00,63887.5,64138.3,0.011600000000000001,741.095,148.219,5,64083.799999999996,64083.799999999996,3.5033197120000343,3.1045441201140744,exchange_guard_proxy_touch,False,-2.909280000000034,0.594039712,0.0,0.29643800000000003,-3.5033197120000343,-47.27220817843912,1,True
BTCUSDT,short,13815322653cd48d8b90345037eea180cea38eb431beb74d473201687eaf2fd4,BTCUSDT|short|high_volume,1783893960000,1783901460000,2026-07-12T22:06:00+00:00,2026-07-13T00:11:00+00:00,63624.5,64302.8,0.0047,299.03515,59.80703,5,64248.1,64248.1,3.428513324000014,23.872706823947905,exchange_guard_proxy_touch,False,-3.188010000000014,0.24050332400000002,0.0045572891013,0.11961406000000001,-3.423956034898714,-114.5001192969694,1,True
ETHUSDT,short,90bcb41acfc5bdd581070809f5c2938e93f0816ece06752c7702af64ede43967,ETHUSDT|short|confirmed_volume,1783908060000,1783986600000,2026-07-13T02:01:00+00:00,2026-07-13T23:50:00+00:00,1804.6100000000001,1777.96,0.15,270.6915,54.1383,5,1823.41,1776.45,3.270274199999986,1.5014291416068108,exchange_guard_proxy_touch,False,3.9975000000000134,0.2149542,0.0066977402699999996,0.1082766,3.789243540270013,139.98383917744047,1,True
BTCUSDT,short,81fe911245c96b73c4dacc1b3d62199fd4e0e3d66deaae1ab5ef3941abc69cda,BTCUSDT|short|high_volume,1783908060000,1783986840000,2026-07-13T02:01:00+00:00,2026-07-13T23:54:00+00:00,63343.200000000004,62352.100000000006,0.0034000000000000002,215.36688000000004,43.07337600000001,5,64248.1,62299.1,3.436238559999995,2.869804300984805,exchange_guard_proxy_touch,False,3.3697399999999953,0.17094560800000005,0.0316766370912,0.08614675200000002,3.230471029091195,149.99850622766112,1,True
ETHUSDT,long,fa1b91160a169630cdff691e48e3f6d01d52d2338360c64a5fa93d58727fea1e,ETHUSDT|long|high_volume,1784570160000,1784646240000,2026-07-20T17:56:00+00:00,2026-07-21T15:04:00+00:00,1907.65,1923.63,0.06,114.459,22.8918,5,1852.65,1925.27,3.485009280000009,5.355257118924738,exchange_guard_proxy_touch,False,0.9588000000000011,0.09195072,-0.007738396734,0.0457836,0.859110883266001,75.05839499436487,1,True
ETHUSDT,long,27fd3c52fe024bea856d7aecff916cb2a40ce536e18051fe5fb241ace435ba8f,ETHUSDT|long|confirmed_volume,1784695560000,1784701200000,2026-07-22T04:46:00+00:00,2026-07-22T06:20:00+00:00,1938.6200000000001,1913.8700000000001,0.13,252.02060000000003,50.404120000000006,5,1915.5,1915.5,3.41782948,1.726389530712169,exchange_guard_proxy_touch,False,-3.2175000000000002,0.20032948000000003,0.0,0.10080824000000002,-3.4178294800000004,-135.61706781112338,1,True
ETHUSDT,long,b269e6ef04ffdf05352c93ed4c89843fc9e536f77c3a4c6b98b33170040e0152,ETHUSDT|long|high_volume,1784711460000,1784724960000,2026-07-22T09:11:00+00:00,2026-07-22T12:56:00+00:00,1926.63,1913.8700000000001,0.24,462.3912,92.47824,5,1915.5,1915.5,3.4310879999999977,2.4871394234959494,exchange_guard_proxy_touch,False,-3.0623999999999976,0.368688,0.0,0.18495648000000003,-3.4310879999999977,-74.20314227433389,1,True
ETHUSDT,long,acc8f792d10be52f6b0765bf9e4db460e973528abf5983f0adf8ae186c1043f8,ETHUSDT|long|high_volume,1784738160000,1784773380000,2026-07-22T16:36:00+00:00,2026-07-23T02:23:00+00:00,1952.8500000000001,1920.72,0.07,136.69950000000003,27.339900000000007,5,1912.27,1922.36,3.0628777200000026,5.468109800015785,exchange_guard_proxy_touch,False,-2.249100000000008,0.10845996000000002,-0.000560273238,0.05467980000000001,-2.3581202332380076,-172.50393990014646,1,True
ETHUSDT,long,60b5bd78667093fc5474e4e49dab0c32ce9f38caa075c9d01399661798330cc0,ETHUSDT|long|confirmed_volume,1784955060000,1784960580000,2026-07-25T04:51:00+00:00,2026-07-25T06:23:00+00:00,1863.22,1854.16,0.32,596.2304,119.24608,5,1855.74,1855.74,3.3750246399999826,1.8897050250670397,exchange_guard_proxy_touch,False,-2.8991999999999827,0.47582464,0.0,0.23849216000000004,-3.3750246399999826,-56.60604759502338,1,True
ETHUSDT,long,003675ad08d985c76949fab43db2d500f570ed65aa96dba87bd40b59bfc01522,ETHUSDT|long|confirmed_volume,1785020160000,1785154380000,2026-07-25T22:56:00+00:00,2026-07-27T12:13:00+00:00,1877.3600000000001,1953.78,0.2,375.47200000000004,75.09440000000001,5,1863.53,1955.45,3.3831440000000144,1.573510419186255,exchange_guard_proxy_touch,False,15.28399999999997,0.3064912000000001,-0.08036778052,0.1501888,14.897141019479971,396.7577081508067,1,True
ETHUSDT,long,9dc0bd4acfbf85068a10c759116c25b00f81edbe868e5d91543ca4f28e0ab006,ETHUSDT|long|high_volume,1785159660000,1785161160000,2026-07-27T13:41:00+00:00,2026-07-27T14:06:00+00:00,1974.25,1953.78,0.16,315.88,63.176,5,1955.45,1955.45,3.5265939200000043,5.589268338332494,exchange_guard_proxy_touch,False,-3.2752000000000043,0.25139392,0.0,0.12635200000000002,-3.5265939200000043,-111.64346967202749,1,True
ETHUSDT,long,b9fd1168161fa3e62bef62125d0da59cc0dbee470ea8a99af423e8af9af12a4f,ETHUSDT|long|high_volume,1785306660000,1785327480000,2026-07-29T06:31:00+00:00,2026-07-29T12:18:00+00:00,1919.51,1901.4,0.17,326.3167,65.26334,5,1903.02,1903.02,3.338521879999983,3.899554097755112,exchange_guard_proxy_touch,False,-3.078699999999983,0.25982188,-0.022475185291,0.13052668,-3.360997065290983,-102.99800976447062,1,True
ETHUSDT,long,0c4f2d0011d6d737dcbd7c5c472ef0b85498590d1e808373d76bb9802a7e3cb3,ETHUSDT|long|high_volume,1785348060000,1785354420000,2026-07-29T18:01:00+00:00,2026-07-29T19:47:00+00:00,1924.49,1884.66,0.08,153.9592,30.79184,5,1886.27,1886.27,3.308292799999994,4.2187548405291535,exchange_guard_proxy_touch,False,-3.186399999999994,0.12189280000000001,0.0,0.06158368,-3.308292799999994,-214.88113734028195,1,True
ETHUSDT,long,4a81dd668ab8acf128f3eb0b9a2aba4b9f765716fe1fc885c7b245621d083ced,ETHUSDT|long|confirmed_volume,1785362460000,1785462420000,2026-07-29T22:01:00+00:00,2026-07-31T01:47:00+00:00,1901.8700000000001,1912.3600000000001,0.18,342.33660000000003,68.46732,5,1886.27,1913.99,3.3704301600000064,1.5443314565255863,exchange_guard_proxy_touch,False,1.8882000000000017,0.27462456,-0.055850320620000005,0.13693464000000002,1.5577251193800017,45.502733840904,1,True
ETHUSDT,long,cabd050c7d1acec5d19fd1d01bccb19e591c3b2ac1a8a654c1af3609c84dd5c2,ETHUSDT|long|high_volume,1785551160000,1785578580000,2026-08-01T02:26:00+00:00,2026-08-01T10:03:00+00:00,1869.96,1862.57,0.22,411.3912,82.27824000000001,5,1857.88,1864.16,3.3331108800000178,3.006997505949288,exchange_guard_proxy_touch,False,-1.6258000000000221,0.32846264000000003,-0.009489526639999999,0.16455648000000003,-1.9637521666400222,-47.73442326039113,1,True
ETHUSDT,long,2f7814629767088245494400dd5d5afd06180c8b83d75dd0829d07695b9479d4,ETHUSDT|long|high_volume,1785684960000,1785728760000,2026-08-02T15:36:00+00:00,2026-08-03T03:46:00+00:00,1860.89,1849.71,0.21,390.7869,78.15738,5,1848.17,1851.29,3.31442831999999,4.66700193949926,exchange_guard_proxy_touch,False,-2.347800000000013,0.31169040000000003,-0.045166468577999996,0.15631476000000002,-2.7046568685780135,-69.21053056225819,1,True
ETHUSDT,long,2ac6883d5d21e9da4c9e2f96e1a850decd16676e93713d98610e3c72ef0e21d1,ETHUSDT|long|high_volume,1785769260000,1785889380000,2026-08-03T15:01:00+00:00,2026-08-05T00:23:00+00:00,1872.27,1863.71,0.08,149.7816,29.956319999999998,5,1835.6,1865.3,3.177801600000001,2.072020087942372,exchange_guard_proxy_touch,False,-0.6847999999999956,0.11955136000000001,-0.03758090521600001,0.05991264,-0.8419322652159956,-56.21066040261258,1,True
ETHUSDT,long,65895a0197a389cc580115ebe4ac5be6d1c9e9ffd779bd907d842e462ffe9e4c,ETHUSDT|long|confirmed_volume,1785895560000,1785899940000,2026-08-05T02:06:00+00:00,2026-08-05T03:19:00+00:00,1874.9,1863.71,0.26,487.47400000000005,97.49480000000001,5,1865.3,1865.3,3.2982154400000145,1.9060878015850116,exchange_guard_proxy_touch,False,-2.9094000000000144,0.38881544000000007,0.0,0.1949896,-3.2982154400000145,-67.65930982985788,1,True
ETHUSDT,long,77ba44162211a461084f96485d34b69421835281d18a1956ea1596c8f24c3a40,ETHUSDT|long|high_volume,1785932460000,1785936660000,2026-08-05T12:21:00+00:00,2026-08-05T13:31:00+00:00,1880.9,1863.4,0.15,282.135,56.427,5,1862.49,1864.99,3.2245079999999997,12.591947654440926,exchange_guard_proxy_touch,False,-2.625,0.22465800000000002,0.0,0.112854,-2.849658,-101.00334946036472,1,True
ETHUSDT,long,4de799b1e55c3dd76fd1872d658873f944cd57faff606815850c7196f9dc4182,ETHUSDT|long|high_volume,1785993060000,1786021560000,2026-08-06T05:11:00+00:00,2026-08-06T13:06:00+00:00,1915.19,1892.0,0.13,248.9747,49.794940000000004,5,1893.61,1893.61,3.212673880000007,7.522203467504896,exchange_guard_proxy_touch,False,-3.014700000000007,0.19797388000000002,-0.002448834843,0.09958988000000002,-3.215122714843007,-129.1345150669127,1,True
ETHUSDT,long,4bd65b03a1a622ce6b65bbe5a48ca23e1582b58f05113c0643e5e78b1017d79a,ETHUSDT|long|high_volume,1786027560000,1786053660000,2026-08-06T14:46:00+00:00,2026-08-06T22:01:00+00:00,1915.23,1901.43,0.13,248.97990000000001,49.79598,5,1893.61,1903.05,3.2178759600000024,2.2710369974077556,exchange_guard_proxy_touch,False,-1.793999999999994,0.19846632,-0.002450567028,0.09959196000000001,-1.994916887027994,-80.12361186698179,1,True
ETHUSDT,long,0ac5415fbffa4a20ca9261b5a1ba1dae317d4b77f8b97ad78c58e222ea8007a4,ETHUSDT|long|high_volume,1786159860000,1786228920000,2026-08-08T03:31:00+00:00,2026-08-08T22:42:00+00:00,1917.89,1916.75,0.33,632.9037000000001,126.58074000000002,5,1911.25,1918.39,3.234331319999994,2.3737999854737892,exchange_guard_proxy_touch,False,-0.376200000000033,0.50617248,-0.062781806604,0.25316148000000005,-0.945154286604033,-14.93361923155186,1,True
ETHUSDT,long,8e4856cb17edf84e646a2652c3cec4935c4f936fa45417aca2e0e75cf7d2b8de,ETHUSDT|long|high_volume,1786281660000,1786315140000,2026-08-09T13:21:00+00:00,2026-08-09T22:39:00+00:00,1925.04,1913.95,0.2,385.00800000000004,77.00160000000001,5,1912.29,1915.58,3.1828559999999766,14.58624187007914,exchange_guard_proxy_touch,False,-2.2179999999999835,0.30711920000000004,-0.0307234155,0.1540032,-2.5558426154999836,-66.38414306975396,1,True
ETHUSDT,long,cb04e52bf2c94170ff5350fbb3e756e602da7f3f1aab7fc6054226611fc9fb87,ETHUSDT|long|confirmed_volume,1786347060000,1786365660000,2026-08-10T07:31:00+00:00,2026-08-10T12:41:00+00:00,1930.3500000000001,1909.83,0.14,270.249,54.049800000000005,5,1911.46,1911.46,3.0878500800000297,1.9770639850966212,exchange_guard_proxy_touch,False,-2.8728000000000296,0.21505008000000003,-0.009231774972000001,0.10809960000000002,-3.09708185497203,-114.60104773642195,1,True
ETHUSDT,long,60b9c644f592c202bcd7aea2a97cb4e5359ad91a93f19c4c7a9ecb6eaa5a0510,ETHUSDT|long|high_volume,1786434060000,1786460280000,2026-08-11T07:41:00+00:00,2026-08-11T14:58:00+00:00,1878.52,1868.0900000000001,0.26,488.4152,97.68304,5,1869.22,1869.68,3.220999599999967,3.8158171848884654,exchange_guard_proxy_touch,False,-2.7117999999999576,0.38964744,-0.030606168319999995,0.19536608000000003,-3.1320536083199575,-64.12686600089344,1,True
ETHUSDT,long,f037a7e88bad97ecfea01fdbbf6e21d6d2d85a82bc1b07dd17cca2513de41cca,ETHUSDT|long|confirmed_volume,1786500660000,1786546740000,2026-08-12T02:11:00+00:00,2026-08-12T14:59:00+00:00,1887.41,1882.82,0.25,471.8525,94.3705,5,1878.05,1884.43,3.116386000000009,1.9491504848319872,exchange_guard_proxy_touch,False,-1.1475000000000364,0.377023,-0.0344601945,0.18874100000000002,-1.5589831945000363,-33.03962985255003,1,True
ETHUSDT,long,373647cda7f20a7304c39e75037e1887316efd5d3bd08f630d1f7a556248f670,ETHUSDT|long|high_volume,1786597860000,1786639140000,2026-08-13T05:11:00+00:00,2026-08-13T16:39:00+00:00,1898.48,1872.82,0.1,189.848,37.9696,5,1872.28,1874.42,2.9307663999999956,9.707529383506738,exchange_guard_proxy_touch,False,-2.5660000000000083,0.150852,-0.02727828863,0.07593920000000001,-2.744130288630008,-144.5435447637061,1,True
ETHUSDT,long,deaa6aeb60c94c5a84cb2d6087dc72598418f22dbbcb27acddd6fa09c243f934,ETHUSDT|long|high_volume,1786647360000,1786676880000,2026-08-13T18:56:00+00:00,2026-08-14T03:08:00+00:00,1885.47,1880.8400000000001,0.22,414.8034,82.96068,5,1874.42,1882.45,3.11372952000002,4.910611116892817,exchange_guard_proxy_touch,False,-1.018599999999974,0.33143528000000005,-0.011186713692000002,0.16592136000000002,-1.361221993691974,-32.81607609031107,1,True
ETHUSDT,long,676e977140630e4823a248bf46027eec4ea0bd53e35ebc0fd8cf7ec761496257,ETHUSDT|long|high_volume,1786750860000,1786780920000,2026-08-14T23:41:00+00:00,2026-08-15T08:02:00+00:00,1881.77,1877.15,0.25,470.4425,94.0885,5,1872.69,1878.75,3.045285999999959,2.314140674184499,exchange_guard_proxy_touch,False,-1.1549999999999727,0.375892,-0.04465852475,0.188177,-1.5755505247499726,-33.490820339360766,1,True
ETHUSDT,long,32a4a9b822ddf4e86f9e5eebcc31356ab69ca64ee56675516b80af6e415bb837,ETHUSDT|long|high_volume,1786807260000,1786835580000,2026-08-15T15:21:00+00:00,2026-08-15T23:13:00+00:00,1885.26,1880.16,0.27,509.02020000000005,101.80404000000001,5,1877.22,1881.76,3.008975039999966,3.437641233798555,exchange_guard_proxy_touch,False,-1.3769999999999756,0.4066653600000001,-0.03024231012,0.20360808000000002,-1.8139076701199757,-35.635278720176046,1,True
ETHUSDT,long,ba8c09f022121a932e8c4f2f72a0e5ede7ce99de990e348fb6e721abecec5a64,ETHUSDT|long|confirmed_volume,1786887360000,1786915560000,2026-08-16T13:36:00+00:00,2026-08-16T21:26:00+00:00,1882.56,1876.79,0.41000000000000003,771.8496,154.36992,5,1878.22,1878.39,3.0519055199999294,1.9221427096951766,exchange_guard_proxy_touch,False,-2.365699999999993,0.6165334000000001,-0.030653334710000008,0.30873984000000004,-3.0128867347099932,-39.0346349173465,1,True
ETHUSDT,long,13c39dcd6fad8932199bcbafd94e18a13c4d8eaa71ab4faf9dec4e632a230b56,ETHUSDT|long|high_volume,1786981860000,1787005140000,2026-08-17T15:51:00+00:00,2026-08-17T22:19:00+00:00,1913.63,1901.76,0.11,210.4993,42.09986,5,1890.59,1903.38,2.87881484000001,2.6229939219701355,exchange_guard_proxy_touch,False,-1.305700000000013,0.16787716000000003,-0.013612939164,0.08419972000000002,-1.487190099164013,-70.65059594801563,1,True
ETHUSDT,long,c0b44f38a1cd4dbacacaa9944331aea55f42832ec3c75fdc4efceb5ee905b99c,ETHUSDT|long|confirmed_volume,1787008560000,1787017320000,2026-08-17T23:16:00+00:00,2026-08-18T01:42:00+00:00,1909.22,1901.76,0.33,630.0426,126.00852,5,1903.38,1903.38,2.9648493600000125,1.6226267552275833,exchange_guard_proxy_touch,False,-2.461800000000012,0.5030493600000001,-0.029243079029999997,0.25201704,-2.994092439030012,-47.522063413331296,1,True
ETHUSDT,long,56799c7a199e2a61cb9b024f3a21c55377244fb1cc3dc04424aff48b39da5054,ETHUSDT|long|high_volume,1787094360000,1787105400000,2026-08-18T23:06:00+00:00,2026-08-19T02:10:00+00:00,1916.71,1908.47,0.29,555.8459,111.16918000000001,5,1909.58,1910.1,2.984060559999997,2.328315807965468,exchange_guard_proxy_touch,False,-2.3896000000000024,0.44372088,-0.019986621794999996,0.22233835999999998,-2.8533075017950025,-51.3327075326993,1,True
ETHUSDT,long,e0d805bed6a5c6fd427ab59df91643210addb9622b016a47be5f82b06593b0fe,ETHUSDT|long|high_volume,1787137860000,1787263380000,2026-08-19T11:11:00+00:00,2026-08-20T22:03:00+00:00,1925.42,2306.52,0.12,231.0504,46.21008,5,1905.26,2308.49,2.7973948799999966,6.08261483195427,exchange_guard_proxy_touch,False,45.731999999999985,0.20313312000000003,-0.10696715999999999,0.09242016,45.421899719999985,1965.887084376395,1,True
ETHUSDT,long,87d4daa23dc2e8d7816c26cc387ce6beacce762c412d251915e4f190c33b1697,ETHUSDT|long|high_volume,1787268060000,1787375340000,2026-08-20T23:21:00+00:00,2026-08-22T05:09:00+00:00,2327.34,2486.75,0.15,349.101,69.8202,5,2308.49,2488.87,3.4010316000000245,2.9064566741339846,exchange_guard_proxy_touch,False,23.91149999999998,0.28884540000000003,-0.14071924736999997,0.1396404,23.48193535262998,672.6401629508359,1,True
ETHUSDT,long,048cd6bbd7b7bfd4cde1cc659d6f18cb567c1afa1a63bab2865e7df67ff17b13,ETHUSDT|long|high_volume,1787417160000,1787435760000,2026-08-22T16:46:00+00:00,2026-08-22T21:56:00+00:00,2428.91,2403.01,0.08,194.31279999999998,38.862559999999995,5,2386.99,2405.06,3.6700438399999853,3.058039908849065,exchange_guard_proxy_touch,False,-2.0719999999999708,0.15462144,0.0,0.07772512,-2.226621439999971,-114.58954016410505,1,True
BTCUSDT,long,59c3d9f76f1d2edcf640b20a9323d308ed305cb0238937fb5afefde5863cb315,BTCUSDT|long|high_volume,1787552160000,1787559360000,2026-08-24T06:16:00+00:00,2026-08-24T08:16:00+00:00,77454.3,77009.40000000001,0.007200000000000001,557.67096,111.534192,5,77075.0,77075.0,3.6481354559999586,4.419811658625993,exchange_guard_proxy_touch,False,-3.2032799999999586,0.4448554560000001,-0.05565729600000001,0.22306838400000004,-3.7037927519999587,-66.41537784215909,1,True
ETHUSDT,long,c1e75b86259808181546c49588db84901a6c6fc0f1c504a4a61a64d312791059,ETHUSDT|long|high_volume,1787519160000,1787644260000,2026-08-23T21:06:00+00:00,2026-08-25T07:51:00+00:00,2464.63,2466.84,0.04,98.5852,19.71704,5,2386.99,2468.9399999999996,3.2643934400000028,14.706829691420051,exchange_guard_proxy_touch,False,0.08840000000000146,0.07890352,-0.03884421642400001,0.03943408,-0.02934773642399855,-2.9768906919089835,1,True
BTCUSDT,long,074aec6d5035237670e7512fb2b585e6a0e6e7febaa846f8de8fb126ac9de3d2,BTCUSDT|long|high_volume,1787571360000,1787659560000,2026-08-24T11:36:00+00:00,2026-08-25T12:06:00+00:00,78318.2,78760.1,0.0022,172.30004,34.460008,5,76802.79999999999,78827.2,3.6139890159999934,2.3502977004481287,exchange_guard_proxy_touch,False,0.9721800000000193,0.138228904,-0.0450264533884,0.06892001600000001,0.7889246426116192,45.787838622186,1,True
BTCUSDT,long,44b7dc3604fc23823c8bb43c2bf90cfff1fd529dc6093a6543e6e59b2134bf6e,BTCUSDT|long|confirmed_volume,1787724660000,1787734680000,2026-08-26T06:11:00+00:00,2026-08-26T08:58:00+00:00,79155.40000000001,78533.0,0.0035,277.04390000000006,55.408780000000014,5,78252.7,78599.9,3.6128281000000104,1.9258308571999303,exchange_guard_proxy_touch,False,-2.1784000000000305,0.22076376000000003,-0.016364734459500003,0.11081756000000001,-2.4155284944595308,-87.18937664606693,1,True
ETHUSDT,long,61417aa67b4c1b03d43969a15367f2ea914f5152727d4b67d53a79ae0e0a4018,ETHUSDT|long|high_volume,1787717460000,1787735760000,2026-08-26T04:11:00+00:00,2026-08-26T09:16:00+00:00,2471.55,2448.12,0.08,197.72400000000002,39.5448,5,2434.62,2450.2099999999996,3.2769312000000004,3.3643861925855885,exchange_guard_proxy_touch,False,-1.8744000000000234,0.15742944,-0.019684160000000003,0.07908960000000001,-2.0515136000000234,-103.7564281523752,1,True
ETHUSDT,long,46a8a1bc9b5f2f063fec70d15954a8509f0699dc8bc6105e32c900b6b1be0af3,ETHUSDT|long|confirmed_volume,1787817360000,1787826360000,2026-08-27T07:56:00+00:00,2026-08-27T10:26:00+00:00,2499.14,2482.93,0.19,474.8366,94.96732,5,2485.0499999999997,2485.0499999999997,3.4585373200000067,1.8272704454579944,exchange_guard_proxy_touch,False,-3.079900000000007,0.37863732,-0.029528311692,0.18993464,-3.4880656316920073,-73.45823029842282,1,True
ETHUSDT,long,0499638616225e0c98508ebeafa36aa17a2ba8a17aa7ff7ee7caadb463dda3bd,ETHUSDT|long|confirmed_volume,1787841660000,1787885220000,2026-08-27T14:41:00+00:00,2026-08-28T02:47:00+00:00,2518.55,2485.27,0.09,226.6695,45.3339,5,2483.49,2487.39,3.526197120000026,1.7282721544487378,exchange_guard_proxy_touch,False,-2.995200000000018,0.18013752,-0.007132473566999999,0.09066780000000002,-3.182469993567018,-140.4013329348244,1,True
BTCUSDT,long,398bafcad4260fde35d83d5099cdd1d1ba5397e79569ca2cab2d4b69ca023b8e,BTCUSDT|long|high_volume,1787787960000,1787885460000,2026-08-26T23:46:00+00:00,2026-08-28T02:51:00+00:00,79098.20000000001,79639.1,0.0033,261.02406,52.204812000000004,5,78156.4,79706.9,3.53487829200001,2.8543970932850913,exchange_guard_proxy_touch,False,1.7849699999999808,0.209533236,-0.0722477656527,0.10440962400000002,1.5031889983472808,57.58813951278211,1,True
ETHUSDT,long,b45cba87aad20faaffcdfcbdfa014592e15b5f06d1a968f4f6ed30085e43060e,ETHUSDT|long|high_volume,1787897460000,1787906940000,2026-08-28T06:11:00+00:00,2026-08-28T08:49:00+00:00,2501.62,2485.27,0.19,475.3078,95.06156,5,2487.39,2487.39,3.4855036399999824,2.636697497735977,exchange_guard_proxy_touch,False,-3.1064999999999827,0.37900364,0.000630574945,0.19012312,-3.4848730650549826,-73.31823851943903,1,True
ETHUSDT,long,f003de68d1c9f3f8bd9b273ad350ddab25749c4e95e9c023afecca6e28886c9e,ETHUSDT|long|high_volume,1787925360000,1787925960000,2026-08-28T13:56:00+00:00,2026-08-28T14:06:00+00:00,2515.9,2478.39,0.08,201.27200000000002,40.254400000000004,5,2480.5,2480.5,3.160617280000017,3.238382787718509,exchange_guard_proxy_touch,False,-3.0008000000000177,0.15981728,0.0,0.08050880000000002,-3.1606172800000176,-157.0321395921945,1,True
BTCUSDT,long,a1ea5365b6e3d5f3f2609b6525f07d1bea6e0d5da733531f79a48eabe9ac1ad7,BTCUSDT|long|confirmed_volume,1787961660000,1787966040000,2026-08-29T00:01:00+00:00,2026-08-29T01:14:00+00:00,77849.8,77533.90000000001,0.0091,708.4331800000001,141.68663600000002,5,77599.9,77599.9,3.4402866679999473,1.8141618925044705,exchange_guard_proxy_touch,False,-2.8746899999999473,0.5655966680000001,0.0,0.28337327200000006,-3.4402866679999473,-48.56190767349359,1,True
BTCUSDT,long,53c66b1074889a53d012356c0321459c4b576f7979c67e9b458e3dbe0ace2aa6,BTCUSDT|long|high_volume,1788028860000,1788052500000,2026-08-29T18:41:00+00:00,2026-08-30T01:15:00+00:00,78242.40000000001,77949.5,0.0038,297.32112,59.464224,5,77472.29999999999,78015.9,3.4133861760000004,5.137514487143663,exchange_guard_proxy_touch,False,-1.1130200000000332,0.23741168800000004,-0.024613951652400004,0.11892844800000002,-1.3750456396524333,-46.24782927134249,1,True
ETHUSDT,long,fd65a1a8e0b0ccf4cc3bd8efeb3c21aecfb146b3df80273a2df220f9158cb8d4,ETHUSDT|long|confirmed_volume,1788030960000,1788131820000,2026-08-29T19:16:00+00:00,2026-08-30T23:17:00+00:00,2456.8,2448.4,0.11,270.24800000000005,54.04960000000001,5,2431.1899999999996,2450.49,3.259780480000032,1.8422336068552325,exchange_guard_proxy_touch,False,-0.92400000000001,0.21582880000000004,-0.027387891245,0.10809920000000002,-1.1672166912450102,-43.190576479567284,1,True
BTCUSDT,long,8dde1feae09c6045decf19ef137b7615a05da7268fc063fe43c76ca20bbcfcdd,BTCUSDT|long|high_volume,1788167460000,1788250680000,2026-08-31T09:11:00+00:00,2026-09-01T08:18:00+00:00,78689.3,78083.40000000001,0.0023,180.98539,36.197078,5,77350.59999999999,78149.9,3.3738461720000004,6.787895993211109,exchange_guard_proxy_touch,False,-1.3935699999999867,0.144230884,-0.051466909265600005,0.072394156,-1.5892677932655865,-87.81193848108882,1,True
ETHUSDT,long,a82697b2cac4d6cac10f1c88c1b12bf847a3e0e790014e5793582d8698e29b6a,ETHUSDT|long|high_volume,1788153660000,1788251160000,2026-08-31T05:21:00+00:00,2026-09-01T08:26:00+00:00,2432.9,2450.93,0.1,243.29000000000002,48.658,5,2403.77,2453.02,3.3113847999999835,3.635102756486048,exchange_guard_proxy_touch,False,1.8029999999999746,0.1953532,-0.06286291594,0.09731600000000001,1.5447838840599746,63.49557663940048,1,True
ETHUSDT,long,584aa722be8d5855880d8777e9bbc81c6bf08e8817d667d0946d2d1107961119,ETHUSDT|long|confirmed_volume,1788318960000,1788338520000,2026-09-02T03:16:00+00:00,2026-09-02T08:42:00+00:00,2416.06,2396.08,0.15,362.409,72.48179999999999,5,2398.12,2398.12,3.285728400000002,1.7048234718932394,exchange_guard_proxy_touch,False,-2.9970000000000026,0.2887284,-0.018472872600000002,0.1449636,-3.3042012726000025,-91.17326756785847,1,True
ETHUSDT,long,79bc7e2b58940af0982f5dc6360d108e2af79b5bb8c64dbdd958f66511f0f95c,ETHUSDT|long|high_volume,1788393360000,1788397260000,2026-09-02T23:56:00+00:00,2026-09-03T01:01:00+00:00,2392.23,2369.03,0.13,310.98990000000003,62.19798000000001,5,2371.0499999999997,2371.0499999999997,3.2635855199999764,2.5380867245207868,exchange_guard_proxy_touch,False,-3.0159999999999765,0.24758552000000003,-0.027886617876,0.12439596000000001,-3.2914721378759766,-105.83855417413801,1,True
BTCUSDT,long,be044c941e40e60e2195bbaece12a232826cebc64c5beea18d39c97d664f8210,BTCUSDT|long|high_volume,1788419160000,1788484980000,2026-09-03T07:06:00+00:00,2026-09-04T01:23:00+00:00,78211.2,80792.20000000001,0.0023,179.88575999999998,35.977152,5,76927.2,80861.0,3.2462871599999863,7.3290092998069065,exchange_guard_proxy_touch,False,5.936300000000033,0.14628312800000004,-0.043094733658299994,0.071954304,5.746922138341732,319.4762130333014,1,True
ETHUSDT,long,ed0f9e6c2fa76c7ab773afdeb6955359491d685a989617ba885ddb744e76645d,ETHUSDT|long|confirmed_volume,1788402660000,1788525000000,2026-09-03T02:31:00+00:00,2026-09-04T12:30:00+00:00,2399.75,2496.06,0.1,239.97500000000002,47.995000000000005,5,2371.0499999999997,2498.1899999999996,3.26275119999998,1.7379415400832978,exchange_guard_proxy_touch,False,9.630999999999995,0.19583240000000002,-0.08116839999000001,0.09599000000000002,9.353999200009994,389.79056985144257,1,True
ETHUSDT,long,51984e1792b5d3cd23eed4da45f61ea7786dc37189b32395c0f4c757aa8cc503,ETHUSDT|long|high_volume,1788590460000,1788616200000,2026-09-05T06:41:00+00:00,2026-09-05T13:50:00+00:00,2454.94,2446.19,0.32,785.5808000000001,157.11616,5,2448.2799999999997,2448.2799999999997,3.4273446400000003,3.911112775077424,exchange_guard_proxy_touch,False,-2.8000000000000003,0.62734464,-0.047977049344,0.31423232,-3.475321689344,-44.23888273929302,1,True
BTCUSDT,long,283b061334881daf21c8a0e7625884f4dbf62f2234d849314ed392a28a536b56,BTCUSDT|long|high_volume,1788658860000,1788677280000,2026-09-06T01:41:00+00:00,2026-09-06T06:48:00+00:00,80059.90000000001,79599.0,0.006500000000000001,520.3893500000001,104.07787000000003,5,79652.9,79666.79999999999,3.501277000000019,4.019294148629233,exchange_guard_proxy_touch,False,-2.995850000000057,0.4151131400000001,0.0,0.20815574000000003,-3.4109631400000575,-65.54636715759183,1,True
ETHUSDT,long,14533aff8c3eca44453a22caa1a4cacababc5dfdfbd1816ad8750fabb2d10516,ETHUSDT|long|high_volume,1788625560000,1788678780000,2026-09-05T16:26:00+00:00,2026-09-06T07:13:00+00:00,2462.54,2494.85,0.18,443.25719999999995,88.65144,5,2447.87,2496.9799999999996,3.3701990399999575,2.9269729367553237,exchange_guard_proxy_touch,False,5.81579999999999,0.35693208,-0.03132691847999999,0.17730288,5.42754100151999,122.44676457641276,1,True
BTCUSDT,long,125f679d4850aeb476e1d4ae8ba946f04acf19a6ab4c80a0d91900a43947b76b,BTCUSDT|long|confirmed_volume,1788682260000,1788704160000,2026-09-06T08:11:00+00:00,2026-09-06T14:16:00+00:00,79902.1,79599.0,0.0094,751.0797400000001,150.21594800000003,5,79666.79999999999,79666.79999999999,3.4488641360000547,1.7564381745881459,exchange_guard_proxy_touch,False,-2.849140000000055,0.5997241360000001,0.0,0.30043189600000003,-3.448864136000055,-45.91874806794888,1,True
BTCUSDT,long,c09a671083e9fae18c7628dd7c8bbcd55199818c8f11a284cb325e0666139dd9,BTCUSDT|long|high_volume,1788748860000,1788752460000,2026-09-07T02:41:00+00:00,2026-09-07T03:41:00+00:00,80378.70000000001,79532.20000000001,0.0037,297.40119000000004,59.48023800000001,5,79599.9,79599.9,3.368718132,4.978449832391639,exchange_guard_proxy_touch,False,-3.13205,0.23666813200000006,0.0,0.11896047600000002,-3.368718132,-113.27184440654052,1,True
BTCUSDT,long,922628d07cd2d535649f20121d1b5721c9004028025598fbdacca9085b689c23,BTCUSDT|long|high_volume,1788758460000,1788764460000,2026-09-07T05:21:00+00:00,2026-09-07T07:01:00+00:00,79852.6,79532.20000000001,0.0088,702.70288,140.54057600000002,5,79599.9,79599.9,3.3805544959999487,2.729569725984523,exchange_guard_proxy_touch,False,-2.8195199999999487,0.5610344960000001,0.0,0.28108115200000006,-3.3805544959999487,-48.107878766626776,1,True
ETHUSDT,long,6e9c384f2ca762872369512e4cedfce8fb149ea379fcf565036939bd56e90e3e,ETHUSDT|long|high_volume,1788748860000,1788766020000,2026-09-07T02:41:00+00:00,2026-09-07T07:27:00+00:00,2531.84,2488.1,0.06,151.9104,30.382080000000002,5,2485.56,2490.22,3.0243667200000055,10.441503522064652,exchange_guard_proxy_touch,False,-2.6244000000000143,0.12047856000000001,0.0,0.060764160000000005,-2.7448785600000143,-180.69062815975826,1,True
BTCUSDT,long,7c8ddade39ea8937a23adf203b7ee854c41d10a34348de999ad761c3eb2b375b,BTCUSDT|long|confirmed_volume,1788830760000,1788837660000,2026-09-08T01:26:00+00:00,2026-09-08T03:21:00+00:00,79432.20000000001,78670.8,0.004,317.72880000000004,63.54576000000001,5,78737.79999999999,78737.79999999999,3.2985648000000354,1.5576780931337875,exchange_guard_proxy_touch,False,-3.045600000000035,0.25296480000000005,0.0,0.12709152000000004,-3.298564800000035,-103.81699109429283,1,True
ETHUSDT,long,3e18bbf9ce86549b6d5012f1ca5a2828d7233ac93b0c210a93e8481d962f2cce,ETHUSDT|long|high_volume,1788829260000,1788843600000,2026-09-08T01:01:00+00:00,2026-09-08T05:00:00+00:00,2496.23,2472.32,0.12,299.5476,59.90952,5,2474.43,2474.43,3.1076903999999823,2.9659164082097216,exchange_guard_proxy_touch,False,-2.8691999999999824,0.23849040000000002,0.0,0.11981904,-3.1076903999999823,-103.74612916277688,1,True
ETHUSDT,long,480f3726fc6731dd38c581388b8e9609d8fece3b09d0aaede9deaf3ad9dc2e8f,ETHUSDT|long|high_volume,1788912660000,1788951060000,2026-09-09T00:11:00+00:00,2026-09-09T10:51:00+00:00,2494.41,2483.07,0.12,299.32919999999996,59.86583999999999,5,2473.2,2485.1899999999996,3.036743999999965,5.017330421601273,exchange_guard_proxy_touch,False,-1.360799999999963,0.23891903999999997,-0.0257113332,0.11973168,-1.6254303731999629,-54.30243267947006,1,True
BTCUSDT,long,6b531843ee1ab296a598f794e7951b6e7543c3ceb23c9405c179ac6807f1cf45,BTCUSDT|long|confirmed_volume,1788912660000,1788966060000,2026-09-09T00:11:00+00:00,2026-09-09T15:01:00+00:00,78681.1,78623.3,0.0056,440.61416,88.122832,5,78230.4,78690.2,3.247652799999984,1.6569822675724346,exchange_guard_proxy_touch,False,-0.3236800000000163,0.3523618560000001,-0.039993237311999996,0.17624566400000002,-0.7160350933120163,-16.250841627786457,1,True
ETHUSDT,long,3bb52490a18a7012d191ce1db0bd8fca63e8a19d4186ed7ab88bff6ce2380d54,ETHUSDT|long|confirmed_volume,1788954660000,1788966420000,2026-09-09T11:51:00+00:00,2026-09-09T15:07:00+00:00,2501.08,2483.07,0.16,400.1728,80.03456,5,2485.1899999999996,2485.1899999999996,3.200585599999962,1.5538248727506636,exchange_guard_proxy_touch,False,-2.8815999999999624,0.3189856,0.0,0.16006912,-3.2005855999999624,-79.98008860172311,1,True
ETHUSDT,long,66e63576749127f0436713d0eae1cb32f12ca76229b991a53b73611d8cccd98a,ETHUSDT|long|high_volume,1789100760000,1789129800000,2026-09-11T04:26:00+00:00,2026-09-11T12:30:00+00:00,2459.46,2436.92,0.1,245.94600000000003,49.18920000000001,5,2433.3399999999997,2439.0,3.0146292000000057,3.0277531781133087,exchange_guard_proxy_touch,False,-2.2539999999999965,0.1958552,-0.015070314999999999,0.09837840000000002,-2.4649255149999965,-100.22222418742311,1,True
BTCUSDT,long,8649b408e0613c7c929cfde6e6912150e113b5b5e9c20b889158bea3c639a568,BTCUSDT|long|high_volume,1789171560000,1789234680000,2026-09-12T00:06:00+00:00,2026-09-12T17:38:00+00:00,77292.5,77142.2,0.0055000000000000005,425.10875000000004,85.02175000000001,5,76837.7,77207.9,3.200042559999984,2.9290950643702893,exchange_guard_proxy_touch,False,-0.8266500000000161,0.33975634000000005,-0.040399363207500004,0.17004350000000001,-1.2068057032075161,-28.38816428049331,1,True
ETHUSDT,long,e6c14cce9e9c524876436803fc45cb5a214d455f310a870b6b464d29b34203a9,ETHUSDT|long|high_volume,1789130460000,1789282320000,2026-09-11T12:41:00+00:00,2026-09-13T06:52:00+00:00,2493.02,2511.36,0.05,124.65100000000001,24.930200000000003,5,2439.0,2513.5,2.9035987999999957,20.283956400481618,exchange_guard_proxy_touch,False,0.9170000000000074,0.10008760000000001,-0.019540482390000002,0.049860400000000006,0.7973719176100074,63.96835305051763,1,True
BTCUSDT,long,494fc8104a3466287a0fd3218c99546d78da7822e391a38a3c501ee8340b84db,BTCUSDT|long|confirmed_volume,1789277460000,1789282380000,2026-09-13T05:31:00+00:00,2026-09-13T06:53:00+00:00,77332.0,77085.2,0.0092,711.4544,142.29088,5,77110.59999999999,77150.79999999999,3.20850736,1.6535348784404043,exchange_guard_proxy_touch,False,-2.270560000000027,0.568255296,0.0,0.28458176,-2.8388152960000266,-39.901577613407504,1,True
ETHUSDT,long,26f4ce8d4b541416972fa61c4d62651d7679149433e24518679aa0fe8e17f116,ETHUSDT|long|high_volume,1789355460000,1789384080000,2026-09-14T03:11:00+00:00,2026-09-14T11:08:00+00:00,2518.75,2503.9900000000002,0.05,125.9375,25.1875,5,2461.0899999999997,2506.1299999999997,3.0875547999999884,2.344845723725902,exchange_guard_proxy_touch,False,-0.7379999999999882,0.10045480000000001,-0.009709623,0.050375,-0.8481644229999883,-67.34804351364672,1,True
BTCUSDT,long,0300c762384528fa1bba4f9e66eb0e5081a8825cfdc6cd706744ce4c3ac0730c,BTCUSDT|long|high_volume,1789379460000,1789449000000,2026-09-14T09:51:00+00:00,2026-09-15T05:10:00+00:00,78105.5,77375.6,0.0035,273.36925,54.67385,5,77334.4,77441.5,3.14667373999998,5.229026597170034,exchange_guard_proxy_touch,False,-2.5546499999999797,0.21767354000000003,-0.021346870965,0.1093477,-2.7936704109649795,-102.1940255154879,1,True
BTCUSDT,long,992e328783b33107b3c6818ebd18d2a572d573eb3fb004393e908fdfa1ada163,BTCUSDT|long|confirmed_volume,1789452360000,1789453380000,2026-09-15T06:06:00+00:00,2026-09-15T06:23:00+00:00,77702.5,77375.6,0.008,621.62,124.324,5,77441.5,77441.5,3.111449919999954,1.7014002550857552,exchange_guard_proxy_touch,False,-2.6151999999999536,0.49624992000000007,0.0,0.24864800000000004,-3.1114499199999535,-50.05389015797357,1,True
ETHUSDT,long,be54ab487ba8017c25dfc1a083896c7628506e97af1e9cda30f0ae8c1ac1357a,ETHUSDT|long|high_volume,1789542360000,1789545840000,2026-09-16T07:06:00+00:00,2026-09-16T08:04:00+00:00,2409.53,2389.7000000000003,0.11,265.04830000000004,53.00966000000001,5,2386.91,2391.74,2.9224540400000096,10.223744610940797,exchange_guard_proxy_touch,False,-2.181299999999992,0.21116612,0.010571908864000001,0.10601932000000001,-2.3818942111359918,-89.86642099330541,1,True
ETHUSDT,long,5143b9dac17b26b3894ba355296c7a9aaaa476af02df5764a5bae287044726ff,ETHUSDT|long|high_volume,1789549560000,1789565820000,2026-09-16T09:06:00+00:00,2026-09-16T13:37:00+00:00,2407.06,2389.7000000000003,0.15,361.05899999999997,72.2118,5,2391.74,2391.74,2.8918055999999512,2.28275114209544,exchange_guard_proxy_touch,False,-2.603999999999951,0.2878056,0.0,0.14442359999999999,-2.891805599999951,-80.09232840062015,1,True
ETHUSDT,long,3984353aa96feb499eaa747b93720e6043bd587d90e871f22fc19ed1787fe644,ETHUSDT|long|high_volume,1789608660000,1789682880000,2026-09-17T01:31:00+00:00,2026-09-17T22:08:00+00:00,2440.63,2441.53,0.05,122.03150000000001,24.4063,5,2386.77,2443.6099999999997,2.891007399999994,6.923005260713868,exchange_guard_proxy_touch,False,0.04500000000000455,0.0976432,-0.010165110355,0.04881260000000001,-0.06280831035499546,-5.1468932492836235,1,True
ETHUSDT,long,162519b8250bf823089478270268af7d478eeaeb788e4e58cf102a296163192e,ETHUSDT|long|high_volume,1789695660000,1789852260000,2026-09-18T01:41:00+00:00,2026-09-19T21:11:00+00:00,2456.32,2624.05,0.18,442.1376,88.42752,5,2443.6099999999997,2626.29,3.0148451999999937,3.2038374727649894,exchange_guard_proxy_touch,False,30.1914,0.36578664000000005,-0.201238265376,0.17685504000000002,29.624375094624003,670.0261433233455,1,True
ETHUSDT,long,eb1005e7b9f57b4e9242e59993d15b8336533ad97bb957585faa2bdd3556fd60,ETHUSDT|long|high_volume,1789859760000,1789862760000,2026-09-19T23:16:00+00:00,2026-09-20T00:06:00+00:00,2638.18,2624.05,0.2,527.636,105.5272,5,2626.29,2626.29,3.246978399999931,4.173792758214147,exchange_guard_proxy_touch,False,-2.8259999999999312,0.42097840000000003,-0.0526316,0.2110544,-3.299609999999931,-62.535725386439346,1,True
ETHUSDT,long,e6033117c7143da7a67fe145b048395918f1cc690941889d52e1caff331feb9d,ETHUSDT|long|high_volume,1789897260000,1789902120000,2026-09-20T09:41:00+00:00,2026-09-20T11:02:00+00:00,2585.4,2566.18,0.15,387.81,77.562,5,2568.37,2568.37,3.1920948000000378,2.7582900077113175,exchange_guard_proxy_touch,False,-2.883000000000038,0.3090948,0.0,0.155124,-3.192094800000038,-82.31079136690747,1,True
ETHUSDT,long,844785b687ddb4eec2327796b09a46d6faa674f55414104e14ff18b61e7e607e,ETHUSDT|long|confirmed_volume,1789905360000,1790002740000,2026-09-20T11:56:00+00:00,2026-09-21T14:59:00+00:00,2580.3,2732.62,0.2,516.0600000000001,103.21200000000002,5,2568.37,2645.37,3.2357184000000694,1.6698835382565271,administrative_period_end_mark,True,30.463999999999942,0.4250336,-0.10737674020000001,0.20642400000000005,29.931589659799943,580.0021249428349,1,False
