symbol,side,event_id,state,entry_ms,exit_ms,entry_utc,exit_utc,entry,exit,qty,notional_usdt,margin_usdt,leverage,initial_guard,last_guard,planned_guard_risk_usdt,volume_ratio,reason,censored,gross_usdt,fees_usdt,funding_usdt,entry_fees_usdt,net_usdt,net_bps,cost_multiplier,exit_intraminute
BTCUSDT,long,7bcbab7c4709c13908bf32cd09dd68e30ef9e817d550077dcff827ecc3b61115,BTCUSDT|long|high_volume,1735692960000,1735719960000,2025-01-01T00:56:00+00:00,2025-01-01T08:26:00+00:00,94266.8,93422.40000000001,0.0079,744.7077200000001,148.94154400000002,5,93145.0,93501.9,10.375856524000001,5.312424688713349,exchange_guard_proxy_touch,False,-6.670759999999954,0.8896468080000001,-0.07399195300000001,0.44682463200000005,-7.634398760999955,-102.51537020456767,1,True
BTCUSDT,long,be22ff071a8985e579ce95e3bf97c3ff6e44ed308ba7c1797681e4ae1157ac4d,BTCUSDT|long|confirmed_volume,1735765560000,1735867020000,2025-01-01T21:06:00+00:00,2025-01-03T01:17:00+00:00,94870.40000000001,96560.40000000001,0.0077,730.5020800000001,146.10041600000002,5,93729.09999999999,96642.59999999999,10.272661476,1.9598958871672476,exchange_guard_proxy_touch,False,13.013,0.884410296,-0.295520148,0.43830124800000003,11.833069556,161.98543275879513,1,True
BTCUSDT,long,91bc3978b374693d71a1d8a344e7427f3a3c50801750370f62153b30371fe990,BTCUSDT|long|high_volume,1735870860000,1735880880000,2025-01-03T02:21:00+00:00,2025-01-03T05:08:00+00:00,97324.20000000001,96560.40000000001,0.0118,1148.4255600000001,229.68511200000003,5,96642.59999999999,96642.59999999999,10.385542968000035,3.8630733069984373,exchange_guard_proxy_touch,False,-9.012840000000034,1.372702968,0.0,0.689055336,-10.385542968000035,-90.43287897563019,1,True
BTCUSDT,long,cb69773771d428dc5d4670cf300f46bef7b2edad45b2b74eb433d782d1599986,BTCUSDT|long|high_volume,1735921560000,1735982100000,2025-01-03T16:26:00+00:00,2025-01-04T09:15:00+00:00,98396.5,97678.90000000001,0.0047,462.46355,92.49271,5,96422.4,97762.0,10.21282805799996,4.76497436385377,exchange_guard_proxy_touch,False,-3.3727199999999593,0.552932628,-0.0816890899821,0.27747813,-4.007341717982059,-86.65205545349595,1,True
BTCUSDT,long,78539bba592434a032de646bf60ef3d33f7baf7a4d1a2f0fb2be0fae7c14e131,BTCUSDT|long|high_volume,1736013660000,1736064180000,2025-01-04T18:01:00+00:00,2025-01-05T08:03:00+00:00,98040.3,97917.6,0.0134,1313.7400200000002,262.74800400000004,5,97471.9,98001.0,10.298671572000039,4.258612524484082,exchange_guard_proxy_touch,False,-1.6441799999999611,1.575501516,-0.26317399,0.788244012,-3.4828555059999613,-26.51099496839535,1,True
BTCUSDT,long,50b3805fd90c1abfb4ee92e42c4185b23b1c48af867b04c10cc905c383699bc4,BTCUSDT|long|confirmed_volume,1736116260000,1736221560000,2025-01-05T22:31:00+00:00,2025-01-07T03:46:00+00:00,98591.20000000001,101464.70000000001,0.0081,798.5887200000001,159.717744,5,97529.9,101551.09999999999,10.221575166000022,1.604500441825424,exchange_guard_proxy_touch,False,23.27535,0.9722716739999999,-0.32554321199999997,0.479153232,21.977535114,275.20467749657166,1,True
BTCUSDT,long,679caecc94db2db375c697706025e9109969232831611a441c2edc0ccd107fbf,BTCUSDT|long|high_volume,1736532060000,1736615700000,2025-01-10T18:01:00+00:00,2025-01-11T17:15:00+00:00,95496.3,93920.0,0.0029000000000000002,276.93927,55.387854000000004,5,92173.5,93999.9,10.189889035999991,6.377031985380182,exchange_guard_proxy_touch,False,-4.571270000000009,0.32958436199999996,-0.0338106950498,0.16616356200000001,-4.934665057049809,-178.18581875549137,1,True
BTCUSDT,long,b60bf6131cf984220dbbff75391e380091197eb6d221ae04cd25268d07cd3a3f,BTCUSDT|long|confirmed_volume,1736742060000,1736750280000,2025-01-13T04:21:00+00:00,2025-01-13T06:38:00+00:00,94690.0,93772.1,0.009000000000000001,852.2100000000002,170.44200000000004,5,93727.29999999999,93851.9,10.398623039999947,1.7102077465848053,exchange_guard_proxy_touch,False,-8.26109999999995,1.0176953400000002,0.0,0.511326,-9.278795339999949,-108.8792121660148,1,True
BTCUSDT,long,31396248ccc701038c2947117b5ab7a506ce2396481b54c88b98f1a9bd709d12,BTCUSDT|long|high_volume,1736814060000,1736870640000,2025-01-14T00:21:00+00:00,2025-01-14T16:04:00+00:00,94819.5,95634.3,0.0027,256.01265,51.20253,5,91207.7,95715.7,10.262618351999985,3.8684968785016807,exchange_guard_proxy_touch,False,2.199960000000008,0.308535156,-0.0503228141856,0.15360759,1.8411020298144078,71.91449445230178,1,True
BTCUSDT,long,d0a4c34ec0effbc1cdc7ca40b5a8e83fcc36a6a58a5ffc226af8a1f26f73b4f2,BTCUSDT|long|high_volume,1736895960000,1736935320000,2025-01-14T23:06:00+00:00,2025-01-15T10:02:00+00:00,96745.5,96606.90000000001,0.0123,1189.96965,237.99393,5,96100.0,96689.09999999999,10.367156843999965,2.040137107474569,exchange_guard_proxy_touch,False,-1.7047799999998927,1.4269407120000002,-0.1644336726948,0.71398179,-3.296154384694693,-27.699482795167867,1,True
BTCUSDT,long,00fc0222eec7457b3970b4bb56243088b79d0304103b2e9445fbcffce6f298e4,BTCUSDT|long|high_volume,1736945160000,1737016980000,2025-01-15T12:46:00+00:00,2025-01-16T08:43:00+00:00,97080.70000000001,99022.40000000001,0.0154,1495.0427800000002,299.00855600000006,5,96689.09999999999,99106.7,9.086193424000045,4.3790104376753405,exchange_guard_proxy_touch,False,29.902179999999955,1.811992644,-0.21657277444880002,0.897025668,27.873614581551156,186.44024742590412,1,True
BTCUSDT,long,3f6035ff66c05d6922e233aef985102d3886bf00dacda8bb862c1d0a7fd95c53,BTCUSDT|long|high_volume,1737077760000,1737171360000,2025-01-17T01:36:00+00:00,2025-01-18T03:36:00+00:00,100827.90000000001,103936.20000000001,0.006200000000000001,625.1329800000001,125.02659600000001,5,99326.2,104024.7,10.578698911999984,4.13997183406758,exchange_guard_proxy_touch,False,19.27146000000002,0.7617224520000001,-0.12439448015840002,0.3750797880000001,18.385343067841617,294.1029133967882,1,True
BTCUSDT,long,480156e27fa6a511970e91a0c84a7661938872c10cc0da30f0bddf41cd186a71,BTCUSDT|long|confirmed_volume,1737229560000,1737277680000,2025-01-18T19:46:00+00:00,2025-01-19T09:08:00+00:00,104442.70000000001,104125.90000000001,0.006900000000000001,720.6546300000001,144.13092600000002,5,103109.9,104214.5,10.660354686000002,1.8904215105428535,exchange_guard_proxy_touch,False,-2.1859200000000203,0.8634740040000002,-0.144676509,0.4323927780000001,-3.19407051300002,-44.321792715048815,1,True
BTCUSDT,long,e90545f397ec42cd3bfa480d94d3cf72f290120a2ee323d47ad521997866c6d3,BTCUSDT|long|high_volume,1737280560000,1737287820000,2025-01-19T09:56:00+00:00,2025-01-19T11:57:00+00:00,105397.70000000001,104125.90000000001,0.0077,811.5622900000001,162.31245800000002,5,104214.5,104214.5,10.760859032000022,2.4452432700496005,exchange_guard_proxy_touch,False,-9.792860000000022,0.967999032,0.0,0.48693737400000003,-10.760859032000022,-132.59436970636008,1,True
BTCUSDT,long,7357bdcc508b333abbfab77214d4797c3d015d9b688cec5d92533620ea706e16,BTCUSDT|long|confirmed_volume,1737315360000,1737322080000,2025-01-19T19:36:00+00:00,2025-01-19T21:28:00+00:00,105467.1,104399.8,0.0089,938.65719,187.731438,5,104488.7,104488.7,10.619659246000026,1.6326585124637583,exchange_guard_proxy_touch,False,-9.498970000000027,1.120689246,0.0,0.563194314,-10.619659246000026,-113.13671656848467,1,True
BTCUSDT,long,7a1344cea5d4cbbd29bc8423a5c86f797fe021eedade0f4f675783662a63e119,BTCUSDT|long|confirmed_volume,1737450360000,1737520980000,2025-01-21T09:06:00+00:00,2025-01-22T04:43:00+00:00,102787.3,105310.5,0.0055000000000000005,565.3301500000001,113.06603000000003,5,101102.7,105400.09999999999,10.410853199999954,1.9159623200539133,exchange_guard_proxy_touch,False,13.877599999999985,0.68672274,-0.11552447500000002,0.33919809,13.075352784999984,231.28702378601213,1,True
BTCUSDT,long,61724b717c41386f3a44d4eace0acca4f53ea6b9b69dba9c4d6e854c03bbf912,BTCUSDT|long|confirmed_volume,1737526260000,1737527220000,2025-01-22T06:11:00+00:00,2025-01-22T06:27:00+00:00,105987.0,105310.5,0.013300000000000001,1409.6271000000002,281.92542000000003,5,105400.09999999999,105400.09999999999,10.683604050000001,1.7588457687041468,exchange_guard_proxy_touch,False,-8.99745,1.68615405,0.0,0.84577626,-10.683604050000001,-75.79028560106428,1,True
BTCUSDT,long,33593c33f95565b0f336893f560fb8be127f256ea8d3ddc7e3f3e593aafc9560,BTCUSDT|long|confirmed_volume,1737648960000,1737759840000,2025-01-23T16:16:00+00:00,2025-01-24T23:04:00+00:00,106777.5,104533.90000000001,0.0018000000000000002,192.19950000000003,38.43990000000001,5,101279.7,104622.9,10.27562878799999,1.7206454175700159,exchange_guard_proxy_touch,False,-4.038479999999985,0.228216312,-0.0330409804374,0.1153197,-4.299737292437385,-223.71219969028974,1,True
BTCUSDT,long,9cbfc6db83b0e1d2a46c7133bd2160e6c4090b2cbb7eec30e824c9ef8be99e15,BTCUSDT|long|high_volume,1737842760000,1737884040000,2025-01-25T22:06:00+00:00,2025-01-26T09:34:00+00:00,105257.5,104372.70000000001,0.0099,1042.04925,208.40985,5,104410.7,104461.5,10.507341635999914,2.9501547012345886,exchange_guard_proxy_touch,False,-8.759519999999885,1.2452033880000002,-0.190600722774,0.62522955,-10.195324110773885,-97.83917709046752,1,True
BTCUSDT,long,8765d13ad313a88868ac1ec8a5da0cec569cbf5bcc58a7ba2f1f94390b77ae15,BTCUSDT|long|high_volume,1738009560000,1738073040000,2025-01-27T20:26:00+00:00,2025-01-28T14:04:00+00:00,100366.20000000001,102265.20000000001,0.0044,441.6112800000001,88.32225600000001,5,98199.9,102352.2,10.423114064000012,3.216663402891546,exchange_guard_proxy_touch,False,8.3556,0.534946896,-0.06168106868880001,0.264966768,7.758972035311201,175.69687158605188,1,True
BTCUSDT,long,cde1778f75d007f68444a6a3ca56013fcaf51136c6a64d32445c18302925fd99,BTCUSDT|long|high_volume,1738076760000,1738080420000,2025-01-28T15:06:00+00:00,2025-01-28T16:07:00+00:00,103230.40000000001,102265.20000000001,0.009600000000000001,991.0118400000001,198.20236800000004,5,102352.2,102352.2,10.449574655999973,3.106174089530918,exchange_guard_proxy_touch,False,-9.265919999999973,1.1836546560000003,-0.09712233108480002,0.594607104,-10.546696987084772,-106.4235215099425,1,True
BTCUSDT,long,d335ae3600686a2148d6802f431ad72ea710534ba165711578118ed84dc90446,BTCUSDT|long|high_volume,1738206060000,1738245840000,2025-01-30T03:01:00+00:00,2025-01-30T14:04:00+00:00,104638.6,104673.70000000001,0.0064,669.68704,133.937408,5,103224.4,104762.79999999999,10.410656768,2.315832159221416,exchange_guard_proxy_touch,False,0.22464000000003725,0.803759232,-0.067254528,0.401812224,-0.6463737599999627,-9.651877987663651,1,True
BTCUSDT,long,11b0161526e45b87c68f2aaf8a26097af47a4209c87a0acdb349a34c853c645b,BTCUSDT|long|high_volume,1738248660000,1738261620000,2025-01-30T14:51:00+00:00,2025-01-30T18:27:00+00:00,105856.40000000001,104673.70000000001,0.0079,836.2655600000002,167.25311200000004,5,104762.79999999999,104762.79999999999,10.341242673999979,7.0648050802710305,exchange_guard_proxy_touch,False,-9.343329999999979,0.9979126740000003,-0.0791839736674,0.5017593360000001,-10.420426647667378,-124.6066697720683,1,True
BTCUSDT,long,b711467996f9af8091bd499380b21aa46e4dad48c9d7727bbae64440d739eaa8,BTCUSDT|long|confirmed_volume,1738277160000,1738281300000,2025-01-30T22:46:00+00:00,2025-01-30T23:55:00+00:00,105339.5,104615.0,0.012100000000000001,1274.60795,254.92159,5,104704.0,104704.0,10.290719670000001,1.561009781851218,exchange_guard_proxy_touch,False,-8.76645,1.52426967,0.0,0.7647647700000001,-10.290719670000001,-80.73635246037813,1,True
BTCUSDT,long,58aaa1b7ce14a07a574c5d3dd262ed6bf2ca99bb1ac4e801ca03bfd16d9d86e6,BTCUSDT|long|confirmed_volume,1738326360000,1738347960000,2025-01-31T12:26:00+00:00,2025-01-31T18:26:00+00:00,104839.1,103961.40000000001,0.008700000000000001,912.1001700000002,182.42003400000004,5,103888.5,104049.9,10.128396624000002,1.7724926138038752,exchange_guard_proxy_touch,False,-7.635989999999976,1.08993861,-0.091704003,0.5472601020000001,-8.817632612999976,-96.67394989083243,1,True
ETHUSDT,short,8af1a0d9d8e396f5b13c786e929a274d85327bf0dec29f22a14218bc130d6688,ETHUSDT|short|high_volume,1738547160000,1738567560000,2025-02-03T01:46:00+00:00,2025-02-03T07:26:00+00:00,2694.79,2567.2000000000003,0.02,53.8958,10.779160000000001,5,3100.3700000000003,2565.01,8.233973600000006,2.9688353400938023,exchange_guard_proxy_touch,False,2.551799999999994,0.06314388,0.0,0.03233748,2.4886561199999937,461.75325721113586,1,True
BTCUSDT,long,4e9460a0b5de6ac0cae239478ff9b89aeef36707ee863ecbfae742fb46c852a9,BTCUSDT|long|high_volume,1738594860000,1738656240000,2025-02-03T15:01:00+00:00,2025-02-04T08:04:00+00:00,96371.90000000001,98099.40000000001,0.0054,520.40826,104.081652,5,94716.4,98182.9,9.993804948000033,2.8813086331511464,exchange_guard_proxy_touch,False,9.3285,0.630087012,-0.0762713889768,0.312244956,8.6221415990232,165.6803371841792,1,True
BTCUSDT,long,cacf4d59b6978e321c39b802c7c98e108c9f2a12ceb442dc840290f138d74a98,BTCUSDT|long|confirmed_volume,1738665960000,1738699920000,2025-02-04T10:46:00+00:00,2025-02-04T20:12:00+00:00,98890.3,98132.1,0.0112,1107.57136,221.51427199999998,5,98182.9,98215.59999999999,10.181850783999934,1.7565034448119334,exchange_guard_proxy_touch,False,-8.491839999999968,1.323990528,-0.046026047088,0.664542816,-9.861856575087968,-89.04037185547999,1,True
ETHUSDT,short,ea4718d68ba5f729489d586b7591e9921f6c38e9b2790b8482ba37a7bb97943a,ETHUSDT|short|high_volume,1738698960000,1738734900000,2025-02-04T19:56:00+00:00,2025-02-05T05:55:00+00:00,2792.69,2773.9500000000003,0.17,474.75730000000004,94.95146000000001,5,2844.69,2771.59,9.826659600000013,4.728645562359093,exchange_guard_proxy_touch,False,3.185799999999963,0.56779728,-0.038655738558,0.28485438,2.5793469814419634,54.32980138361144,1,True
BTCUSDT,long,2374213d4f0554da11af436b2dd98276ad66fbfc97c46b0ce0ff3b4ada7731ca,BTCUSDT|long|high_volume,1738757160000,1738779120000,2025-02-05T12:06:00+00:00,2025-02-05T18:12:00+00:00,98305.5,97123.20000000001,0.0078000000000000005,766.7829,153.35658,5,97205.9,97205.9,10.13654631599991,5.381104734677289,exchange_guard_proxy_touch,False,-9.22193999999991,0.9146063160000001,-0.012314789214,0.46006973999999995,-10.14886110521391,-132.35638281988176,1,True
ETHUSDT,short,d9d1264ff3801bcd49cbe6ff1369e1f8c97dd8bf65cf89aa06d8ddb37b40f9c7,ETHUSDT|short|high_volume,1738880160000,1738893180000,2025-02-06T22:16:00+00:00,2025-02-07T01:53:00+00:00,2666.63,2728.42,0.15,399.9945,79.9989,5,2726.1000000000004,2726.1000000000004,9.754054499999995,5.097600377283495,exchange_guard_proxy_touch,False,-9.268499999999994,0.48555449999999994,0.009824023710000001,0.23999669999999998,-9.744230476289994,-243.60911153253343,1,True
ETHUSDT,short,ed421b9890fa8d4e6e71d5286f0d92e6708f2278c44a4532c6acee73128c7fc7,ETHUSDT|short|confirmed_volume,1738899660000,1738901280000,2025-02-07T03:41:00+00:00,2025-02-07T04:08:00+00:00,2705.09,2728.42,0.37,1000.8833000000001,200.17666000000003,5,2726.1000000000004,2726.1000000000004,9.838339219999973,1.7572704029191846,exchange_guard_proxy_touch,False,-8.632099999999973,1.20623922,0.0,0.60052998,-9.838339219999973,-98.29656684250773,1,True
BTCUSDT,long,0ce4e3550c210c33a3301090c3f488726d9b1270692767704db76c5a96e47056,BTCUSDT|long|confirmed_volume,1738920060000,1738948860000,2025-02-07T09:21:00+00:00,2025-02-07T17:21:00+00:00,97375.8,97067.3,0.0094,915.33252,183.066504,5,96536.4,97149.9,9.755301764,1.705449715138383,exchange_guard_proxy_touch,False,-2.8999,1.096659084,-0.047723276955800004,0.549199512,-4.0442823609558,-44.18375041406592,1,True
BTCUSDT,long,87356eb148d6cab7afe2719761cb9e615fca9391dc2e5601c482d785fa215bf3,BTCUSDT|long|high_volume,1739022060000,1739028600000,2025-02-08T13:41:00+00:00,2025-02-08T15:30:00+00:00,96379.0,95723.40000000001,0.0114,1098.7206,219.74412,5,95714.29999999999,95804.9,9.8189013959999,5.219880882588074,exchange_guard_proxy_touch,False,-7.473839999999901,1.3139804160000002,0.0,0.65923236,-8.787820415999901,-79.98230319882872,1,True
ETHUSDT,short,10dadeac5ce7b3d6cbd4987b563be3ce1d68ca37d41e1fc577c26edf76e2646b,ETHUSDT|short|high_volume,1738990560000,1739039400000,2025-02-08T04:56:00+00:00,2025-02-08T18:30:00+00:00,2629.08,2637.94,0.22,578.3976,115.67952,5,2667.1600000000003,2635.69,9.57640331999998,2.9664096159579323,exchange_guard_proxy_touch,False,-1.949200000000028,0.69524664,0.09481863019200001,0.34703855999999994,-2.549628009808028,-44.080888472013505,1,True
BTCUSDT,long,046fb3a2a8c09f1694292a240242ebbdd1e34a42fbb2d180fcfa5374d00c1458,BTCUSDT|long|confirmed_volume,1739034660000,1739060640000,2025-02-08T17:11:00+00:00,2025-02-09T00:24:00+00:00,96321.5,96229.6,0.013600000000000001,1309.9724,261.99448,5,95804.9,96311.5,9.701246383999882,1.64488047575073,exchange_guard_proxy_touch,False,-1.249839999999921,1.571216976,-0.050782899936,0.78598344,-2.871839875935921,-21.922903688168702,1,True
BTCUSDT,long,9614ff807e614897e528c72dd5e3d5ac6310f7ecdc2ea8edd0b694df5dbf47ce,BTCUSDT|long|high_volume,1739063760000,1739095260000,2025-02-09T01:16:00+00:00,2025-02-09T10:01:00+00:00,96744.1,96655.90000000001,0.015300000000000001,1480.1847300000002,296.03694600000006,5,96311.5,96738.2,9.643348566,3.6608652679814897,exchange_guard_proxy_touch,False,-1.3494599999999555,1.775412,-0.14250297600000003,0.888110838,-3.2673749759999553,-22.074102710139126,1,True
ETHUSDT,short,59c15efb01310954f75bb0fedbe214862145e2287d2016533a312ebf9ef8a8ad,ETHUSDT|short|high_volume,1739104860000,1739145960000,2025-02-09T12:41:00+00:00,2025-02-10T00:06:00+00:00,2648.03,2652.07,0.32,847.3696000000001,169.47392000000002,5,2672.42,2649.8100000000004,9.556364160000024,3.9327827444975054,exchange_guard_proxy_touch,False,-1.2927999999999884,1.0176192,0.05025596214400001,0.5084217600000001,-2.2601632378559886,-26.672696753057796,1,True
ETHUSDT,short,3a50b3c09d8e6bd36efc575d50c815b53d597d69f881fb40fe80064b6ab5301e,ETHUSDT|short|high_volume,1739151960000,1739166300000,2025-02-10T01:46:00+00:00,2025-02-10T05:45:00+00:00,2559.85,2652.07,0.1,255.985,51.197,5,2649.8100000000004,2649.8100000000004,9.534715200000026,14.352502003835507,exchange_guard_proxy_touch,False,-9.222000000000026,0.31271519999999997,0.0,0.153591,-9.534715200000026,-372.47163700998203,1,True
BTCUSDT,long,768fcc77f5f5664e151f4cbbd6770a5a003b4fbbfbf3963093b9e2411072745a,BTCUSDT|long|high_volume,1739166660000,1739281620000,2025-02-10T05:51:00+00:00,2025-02-11T13:47:00+00:00,97523.5,97007.6,0.0044,429.1034,85.82068000000001,5,95599.9,97090.2,9.331191143999975,5.91281241609563,exchange_guard_proxy_touch,False,-2.2699599999999744,0.513562104,-0.11992420181720001,0.25746204,-2.9034463058171744,-67.66309252774911,1,True
ETHUSDT,short,2ddd36c6f76a8207172a9e0abd4f976cb251724e6271a4b9a048fee60289806f,ETHUSDT|short|high_volume,1739276460000,1739347500000,2025-02-11T12:21:00+00:00,2025-02-12T08:05:00+00:00,2684.9,2625.64,0.21,563.829,112.76579999999998,5,2724.0,2623.4100000000003,9.380013720000015,6.735241031233398,exchange_guard_proxy_touch,False,12.444600000000046,0.6691280399999998,0.04510288181700001,0.33829739999999997,11.820574841817045,209.6482238731432,1,True
BTCUSDT,long,ca2db284ad6d7ea488a9ce493a0b9bcf06532c02c6552e5dfd8ba51a3255784b,BTCUSDT|long|high_volume,1739344860000,1739365260000,2025-02-12T07:21:00+00:00,2025-02-12T13:01:00+00:00,96038.40000000001,95778.90000000001,0.0081,777.9110400000001,155.582208,5,95049.9,95860.4,9.589626450000022,2.1938018717993994,exchange_guard_proxy_touch,False,-2.10195,0.932232078,-0.0381045841569,0.466746624,-3.0722866621568996,-39.49406171375199,1,True
BTCUSDT,long,987f7fb08de7cae9ffaae5dcefc245c4758918ab4703082f9abb2b5da9df4c24,BTCUSDT|long|high_volume,1739366760000,1739367000000,2025-02-12T13:26:00+00:00,2025-02-12T13:30:00+00:00,96560.1,95778.90000000001,0.0106,1023.5370600000001,204.70741200000003,5,95860.4,95860.4,9.50399603999997,7.082901618124967,exchange_guard_proxy_touch,False,-8.280719999999969,1.22327604,0.0,0.6141222359999999,-9.503996039999969,-92.85443987734033,1,True
BTCUSDT,long,ef26a4ea11a5833c7d0a264ec07fdcc58eab2f5d8e2191843aef47850635c8cd,BTCUSDT|long|confirmed_volume,1739399460000,1739428500000,2025-02-12T22:31:00+00:00,2025-02-13T06:35:00+00:00,98004.20000000001,96217.70000000001,0.0049,480.22058000000004,96.044116,5,96299.59999999999,96299.59999999999,9.324862386,1.8418141742173444,exchange_guard_proxy_touch,False,-8.75385,0.571012386,-0.047929987,0.288132348,-9.372792373,-195.1768158915638,1,True
ETHUSDT,short,d59704a3e47bb2462a25b95f1d8cc48d5ede235a97bbd1f652fa629f0e0cac65,ETHUSDT|short|high_volume,1739436660000,1739498700000,2025-02-13T08:51:00+00:00,2025-02-14T02:05:00+00:00,2662.18,2689.9,0.09,239.59619999999998,47.919239999999995,5,2756.5200000000004,2687.61,8.994836700000004,3.21965298948538,exchange_guard_proxy_touch,False,-2.4948000000000228,0.28901232,0.003021245856,0.14375771999999998,-2.7807910741440227,-116.06156834474099,1,True
BTCUSDT,long,23550b9d115e2fbe642c07334c47553b041068572150dc9cc100e499862ec694,BTCUSDT|long|high_volume,1739581560000,1739639940000,2025-02-15T01:06:00+00:00,2025-02-15T17:19:00+00:00,97605.40000000001,97294.1,0.008,780.8432000000001,156.16864000000004,5,96636.59999999999,97376.9,9.33996704,2.1149897836094635,exchange_guard_proxy_touch,False,-2.4904000000000233,0.9355176,-0.054828355223999994,0.46850592,-3.480745955224023,-44.5767595238586,1,True
BTCUSDT,long,9df2cb53d65ffe8cab84646989c233060ebe1541e55eaac606420842631b59d1,BTCUSDT|long|confirmed_volume,1739646360000,1739652480000,2025-02-15T19:06:00+00:00,2025-02-15T20:48:00+00:00,97683.0,97294.1,0.015300000000000001,1494.5499000000002,298.90998,5,97376.9,97376.9,7.740059777999912,1.694834925325103,exchange_guard_proxy_touch,False,-5.950169999999911,1.789889778,0.0,0.89672994,-7.740059777999911,-51.78856709969945,1,True
ETHUSDT,short,544a3d9d962370f92447e551bbf32882fc2e10f73903c2286da0eca636eccd27,ETHUSDT|short|high_volume,1739601360000,1739684400000,2025-02-15T06:36:00+00:00,2025-02-16T05:40:00+00:00,2709.02,2707.31,0.27,731.4354000000001,146.28708,5,2738.01,2705.01,9.339196320000045,3.0287026605984564,exchange_guard_proxy_touch,False,0.4617000000000099,0.87744546,0.06200049414600001,0.43886124,-0.3537449658539901,-4.836311803530292,1,True
BTCUSDT,long,95abf88cc0e86d745c834de95eafcc41eb5a407df1f13346948f5dd806393ff8,BTCUSDT|long|high_volume,1739685060000,1739689740000,2025-02-16T05:51:00+00:00,2025-02-16T07:09:00+00:00,97677.8,97293.1,0.015300000000000001,1494.47034,298.894068,5,97375.9,97375.9,7.6757428619999555,4.134079561354291,exchange_guard_proxy_touch,False,-5.885909999999956,1.7898328620000001,0.0,0.896682204,-7.6757428619999555,-51.36095817063826,1,True
ETHUSDT,short,fbabf5972e6a7ef70348c701e786d155f8c8ca2b276d5934f0b3359b42115aff,ETHUSDT|short|high_volume,1739714760000,1739773860000,2025-02-16T14:06:00+00:00,2025-02-17T06:31:00+00:00,2678.18,2685.5,0.23,615.9814,123.19628,5,2711.88,2683.21,9.02644706000005,12.514975583982507,exchange_guard_proxy_touch,False,-1.6836000000000377,0.7401878399999999,0.045706291127000004,0.36958884,-2.3780815488730376,-38.606385661531945,1,True
BTCUSDT,long,66c07c7a78fe9567389e96d871ab5d342c756e811952104f0192497f0817383e,BTCUSDT|long|high_volume,1739873160000,1739890200000,2025-02-18T10:06:00+00:00,2025-02-18T14:50:00+00:00,95839.8,95427.5,0.015600000000000001,1495.1008800000002,299.02017600000005,5,95508.7,95508.7,8.222141928000045,2.1196190151922214,exchange_guard_proxy_touch,False,-6.431880000000046,1.7902619279999998,0.0,0.897060528,-8.222141928000045,-54.993893977241484,1,True
ETHUSDT,short,10670426035977e573c0ed4e9f48f4ebde694fe88074a21925b049a08e2c9f8e,ETHUSDT|short|high_volume,1739838360000,1739947800000,2025-02-18T00:26:00+00:00,2025-02-19T06:50:00+00:00,2720.4,2701.43,0.14,380.85600000000005,76.17120000000001,5,2777.21,2699.13,8.747198319999978,6.853607587066346,exchange_guard_proxy_touch,False,2.6558000000000357,0.45543372,0.032951568188000005,0.2285136,2.233317848188036,58.639429290546445,1,True
BTCUSDT,long,25967806b91bccd0d788b87a8e45c8880d6eba0202e0cea3a84ca74d6e7e870f,BTCUSDT|long|high_volume,1739947860000,1739992200000,2025-02-19T06:51:00+00:00,2025-02-19T19:10:00+00:00,95588.0,95413.1,0.0119,1137.4972,227.49944,5,95019.9,95494.29999999999,9.082273493999931,2.1509351372861123,exchange_guard_proxy_touch,False,-2.081309999999931,1.363747854,-0.1907820177865,0.68249832,-3.635839871786431,-31.963506123676005,1,True
ETHUSDT,short,95ec9be166650b23e0efe3a4e2911f19344debe4f3e303be81cbd287612bc5a2,ETHUSDT|short|high_volume,1739988960000,1740006120000,2025-02-19T18:16:00+00:00,2025-02-19T23:02:00+00:00,2697.36,2732.96,0.23,620.3928000000001,124.07856000000001,5,2730.63,2730.63,8.93738415999998,2.4342701145944483,exchange_guard_proxy_touch,False,-8.18799999999998,0.74938416,0.0,0.37223567999999996,-8.93738415999998,-144.0600883827146,1,True
ETHUSDT,short,c4e2aa29c331dbe4b0df6bdc8a0012dfbb9a793f547049ef61493c5e9387755c,ETHUSDT|short|high_volume,1740126060000,1740129360000,2025-02-21T08:21:00+00:00,2025-02-21T09:16:00+00:00,2746.4,2769.94,0.33,906.3120000000001,181.2624,5,2767.5800000000004,2767.5800000000004,8.860435319999988,2.6393216915865003,exchange_guard_proxy_touch,False,-7.768199999999989,1.09223532,0.0,0.5437872,-8.860435319999988,-97.76363239149417,1,True
BTCUSDT,long,78cd189d8ab611ef1b651fb8d1a5c9c279da28c8d8f1b9c0b7b6df2d37e4bfc9,BTCUSDT|long|high_volume,1740042960000,1740151500000,2025-02-20T09:16:00+00:00,2025-02-21T15:25:00+00:00,97221.5,97974.0,0.0132,1283.3238,256.66476,5,96743.7,98057.4,8.928872567999885,2.126356932110178,exchange_guard_proxy_touch,False,9.933,1.54594836,-0.1251393193248,0.7699942799999999,8.261912320675199,64.37901580782028,1,True
ETHUSDT,short,4ea0a31a70677ddd633269965d2e71b361673c68a6febfca3ee42577c7814c0c,ETHUSDT|short|high_volume,1740212160000,1740213840000,2025-02-22T08:16:00+00:00,2025-02-22T08:44:00+00:00,2675.04,2689.7400000000002,0.49,1310.7695999999999,262.15391999999997,5,2687.4500000000003,2687.4500000000003,8.780245320000134,3.162450704727694,exchange_guard_proxy_touch,False,-7.2030000000001335,1.57724532,0.0,0.7864617599999999,-8.780245320000134,-66.98542077875574,1,True
BTCUSDT,long,a287753024410d1e12a62044a12454619decaae4b8d89612b3db7b8a0a74c753,BTCUSDT|long|high_volume,1740226260000,1740275460000,2025-02-22T12:11:00+00:00,2025-02-23T01:51:00+00:00,96684.0,96251.8,0.0114,1102.1976,220.43952,5,96106.9,96333.7,8.828450927999867,2.6978596591274915,exchange_guard_proxy_touch,False,-4.927079999999967,1.3196808719999997,-0.070751797314,0.66131856,-6.317512669313968,-57.31742356646365,1,True
BTCUSDT,long,fcc4e51aafefd5551f4f77efc09007100fc83cec889f196c86edffe64f860525,BTCUSDT|long|confirmed_volume,1740281160000,1740286920000,2025-02-23T03:26:00+00:00,2025-02-23T05:02:00+00:00,96591.1,96251.8,0.0155,1497.1620500000001,299.43241,5,96333.7,96333.7,7.052588970000045,1.7570750164086328,exchange_guard_proxy_touch,False,-5.259150000000045,1.7934389700000002,0.0,0.89829723,-7.052588970000046,-47.106383507383484,1,True
ETHUSDT,short,5e9b710880af4428b8d5a7c2d97f149030e4e02ed403dcc5f532e4b231b1589c,ETHUSDT|short|high_volume,1740269460000,1740288120000,2025-02-23T00:11:00+00:00,2025-02-23T05:22:00+00:00,2754.87,2776.9700000000003,0.31,854.0097,170.80194,5,2777.3100000000004,2774.61,8.720526299999982,5.091170045424189,exchange_guard_proxy_touch,False,-6.851000000000113,1.02892224,0.0,0.5124058199999999,-7.879922240000113,-92.26970419656958,1,True
ETHUSDT,short,92f436ca279213332a364e2f12e1bf7d5fa103907ceb76e1bc5cef87c9011736,ETHUSDT|short|high_volume,1740341760000,1740352440000,2025-02-23T20:16:00+00:00,2025-02-23T23:14:00+00:00,2795.61,2825.65,0.25,698.9025,139.78050000000002,5,2823.25,2823.25,8.353188999999992,4.168026817391055,exchange_guard_proxy_touch,False,-7.509999999999991,0.843189,0.0,0.4193415,-8.353188999999992,-119.51865961274986,1,True
BTCUSDT,long,2ce2c56f6e6ac35b80559e29f32db27ffb6a0147ca5c83ba57040cdde02fd580,BTCUSDT|long|high_volume,1740379860000,1740385380000,2025-02-24T06:51:00+00:00,2025-02-24T08:23:00+00:00,95874.1,95395.20000000001,0.0146,1399.76186,279.952372,5,95476.4,95476.4,8.667459067999914,2.0402203229178957,exchange_guard_proxy_touch,False,-6.991939999999915,1.6755190679999998,-0.09627752900919999,0.839857116,-8.763736597009114,-62.60876830155319,1,True
ETHUSDT,short,1ad4e3187ce1547163b1c0b061d8c942ddb773fcb2773bc812a7d7e492126762,ETHUSDT|short|high_volume,1740359760000,1740512400000,2025-02-24T01:16:00+00:00,2025-02-25T19:40:00+00:00,2794.52,2450.1,0.24,670.6848,134.13696,5,2823.25,2448.01,8.280504480000026,2.823431701693838,exchange_guard_proxy_touch,False,82.66080000000001,0.7552252799999999,0.0235681278,0.4024108799999999,81.92914284780001,1221.5744690769793,1,True
ETHUSDT,short,818421594f05c556cb11ba6c9b7af5ebb8051941f4bf6f3cc95e859cb4680380,ETHUSDT|short|high_volume,1740549660000,1740641820000,2025-02-26T06:01:00+00:00,2025-02-27T07:37:00+00:00,2476.08,2372.39,0.26,643.7808,128.75616,5,2506.46,2370.3700000000003,9.232810079999997,2.4360169554174664,exchange_guard_proxy_touch,False,26.959400000000016,0.7563613199999999,0.112765609268,0.38626847999999997,26.315804289268016,408.76963539869496,1,True
ETHUSDT,short,f87cba9f0bde9ae11b62cc1c8b1e628ee0aac696075c21c33fc6c96b916a4918,ETHUSDT|short|high_volume,1740715560000,1740749400000,2025-02-28T04:06:00+00:00,2025-02-28T13:30:00+00:00,2111.2400000000002,2152.9,0.04,84.44960000000002,16.889920000000004,5,2313.25,2151.07,8.265435040000002,4.4186784328296245,exchange_guard_proxy_touch,False,-1.666399999999994,0.10233936,0.001026339488,0.05066976000000001,-1.7677130205119942,-209.32165700157182,1,True
ETHUSDT,short,827f9d4c0e043d343b4bfb259b0e55e5284746b221e65652c08e4d076d5e3d91,ETHUSDT|short|high_volume,1740882960000,1740907860000,2025-03-02T02:36:00+00:00,2025-03-02T09:31:00+00:00,2205.0,2236.68,0.27,595.35,119.07000000000001,5,2235.0,2234.78,9.332587800000026,3.458409489639507,exchange_guard_proxy_touch,False,-8.553599999999957,0.71955216,0.037292537241000005,0.35721,-9.235859622758957,-155.1332766063485,1,True
ETHUSDT,short,be819dd63a259f4fe2d81f8bf328a923a5d0684e222730c4efcdee08c2733d23,ETHUSDT|short|high_volume,1741025460000,1741098960000,2025-03-03T18:11:00+00:00,2025-03-04T14:36:00+00:00,2253.96,2119.25,0.06,135.2376,27.04752,5,2388.4500000000003,2117.4500000000003,8.359000200000011,2.67893302705516,exchange_guard_proxy_touch,False,8.082600000000001,0.15743556,-0.010246924332000001,0.08114255999999999,7.914917515668002,585.2601285195834,1,True
ETHUSDT,short,79e0eb5c0fede8c44ba62891fe0c7e6b61557e1728941cf0f76829af21d70b0d,ETHUSDT|short|high_volume,1741105860000,1741108740000,2025-03-04T16:31:00+00:00,2025-03-04T17:19:00+00:00,2027.07,2119.25,0.1,202.707,40.541399999999996,5,2117.4500000000003,2117.4500000000003,9.466779200000007,2.23262258433457,exchange_guard_proxy_touch,False,-9.218000000000007,0.24877919999999998,0.0,0.12162419999999999,-9.466779200000007,-467.01787308775755,1,True
ETHUSDT,short,86cf3e65815f59cc86bb782e580fcdbc1664a0969f470304598c55c35f0f1a7c,ETHUSDT|short|high_volume,1741147260000,1741157820000,2025-03-05T04:01:00+00:00,2025-03-05T06:57:00+00:00,2158.46,2193.88,0.24,518.0304,103.60607999999999,5,2192.01,2192.01,9.127536960000016,2.1697186284508905,exchange_guard_proxy_touch,False,-8.500800000000018,0.6267369599999999,0.0,0.31081823999999997,-9.127536960000018,-176.19693670487328,1,True
ETHUSDT,short,02c4a4978732fbc91c3bffaa0e1799b6bf64650ab246b439ccc0d3adab9c640a,ETHUSDT|short|confirmed_volume,1741280460000,1741354200000,2025-03-06T17:01:00+00:00,2025-03-07T13:30:00+00:00,2220.04,2211.83,0.1,222.00400000000002,44.400800000000004,5,2304.94,2209.9500000000003,8.957616400000013,1.966835682276981,exchange_guard_proxy_touch,False,0.8210000000000037,0.2659122,0.0008523093199999995,0.1332024,0.5559401093200037,25.041896061332395,1,True
ETHUSDT,short,42be50de406733da1fa54a482e3ffc5facf2a5b10e4911da827fff6fd4d83d88,ETHUSDT|short|confirmed_volume,1741364760000,1741436280000,2025-03-07T16:26:00+00:00,2025-03-08T12:18:00+00:00,2165.15,2153.87,0.18,389.727,77.94539999999999,5,2209.9500000000003,2152.0400000000004,8.87511383999997,1.5838314889817193,exchange_guard_proxy_touch,False,2.0304000000000357,0.46645416,0.026498543904,0.23383619999999997,1.5904443839040356,40.80919166247234,1,True
ETHUSDT,short,407f04975ddd014a1f8b3b33445611fc74af91f39ff7f0f73142becafcf3823a,ETHUSDT|short|confirmed_volume,1741499760000,1741572960000,2025-03-09T05:56:00+00:00,2025-03-10T02:16:00+00:00,2179.81,2057.4,0.26,566.7506,113.35011999999999,5,2211.28,2055.65,9.356303319999977,1.6572130586762561,exchange_guard_proxy_touch,False,31.826599999999964,0.66100476,-0.001726293712000001,0.34005036,31.163868946287963,549.8691831343092,1,True
ETHUSDT,short,6526cc72e814a804dc7830d18e9f46298b82b7701fb24ab89185bf074b544f51,ETHUSDT|short|high_volume,1741651260000,1741669980000,2025-03-11T00:01:00+00:00,2025-03-11T05:13:00+00:00,1869.5,1904.63,0.25,467.375,93.475,5,1903.01,1903.01,9.348619500000027,3.0917992536686554,exchange_guard_proxy_touch,False,-8.782500000000027,0.5661195,0.0,0.280425,-9.348619500000027,-200.02395292859111,1,True
ETHUSDT,short,3fe8ab48f31deb0568e9020aa7943d20f6cdb91eca3b86bd1cbf614232d3897d,ETHUSDT|short|high_volume,1741734360000,1741813200000,2025-03-11T23:06:00+00:00,2025-03-12T21:00:00+00:00,1929.29,1895.1200000000001,0.25,482.3225,96.4645,5,1962.46,1893.51,9.294013000000037,4.786104694019929,exchange_guard_proxy_touch,False,8.542499999999961,0.5736614999999999,-0.00261936785,0.28939349999999997,7.966219132149961,165.1637469151856,1,True
ETHUSDT,short,a90edd85a513b4d7bd6981db91bb16d969c52239e0f6f88ea8b9b95e70187748,ETHUSDT|short|confirmed_volume,1741947060000,1741948860000,2025-03-14T10:11:00+00:00,2025-03-14T10:41:00+00:00,1888.28,1906.57,0.47000000000000003,887.4916000000001,177.49832,5,1904.95,1904.95,9.666447699999983,1.830960623954015,exchange_guard_proxy_touch,False,-8.596299999999983,1.0701477,0.0,0.5324949600000001,-9.666447699999983,-108.9187514563516,1,True
ETHUSDT,short,f993f53e34677de9f7c507138b3e5cc2c116883092d255de54ac54f7141ff187,ETHUSDT|short|high_volume,1741956660000,1741959060000,2025-03-14T12:51:00+00:00,2025-03-14T13:31:00+00:00,1895.28,1906.57,0.7000000000000001,1326.6960000000001,265.3392,5,1904.95,1904.95,9.499776999999975,3.8420470595269767,exchange_guard_proxy_touch,False,-7.902999999999976,1.596777,0.0,0.7960176,-9.499776999999975,-71.60477607530265,1,True
ETHUSDT,short,db4490fbddc73e9884efb950870adcacb3037143ab9a2e5806852a771035fd64,ETHUSDT|short|confirmed_volume,1742023560000,1742052060000,2025-03-15T07:26:00+00:00,2025-03-15T15:21:00+00:00,1916.49,1936.43,0.42,804.9258,160.98516,5,1934.78,1934.78,9.345735840000023,1.9769812091980639,exchange_guard_proxy_touch,False,-8.374800000000022,0.9709358399999999,0.04383644265,0.48295548,-9.30189939735002,-115.56219712860515,1,True
ETHUSDT,short,9a790f3d8fc94ff95e1239e4f7621fe38c3cfa5915054c18e57a89a4493d1fdd,ETHUSDT|short|high_volume,1742117460000,1742171580000,2025-03-16T09:31:00+00:00,2025-03-17T00:33:00+00:00,1914.83,1899.27,0.41000000000000003,785.0803000000001,157.01606,5,1933.23,1897.65,9.167528660000075,7.08619302371974,exchange_guard_proxy_touch,False,6.379599999999978,0.9382686,-0.0071368755349999966,0.4710481799999999,5.434194524464978,69.2183274050435,1,True
ETHUSDT,short,2bf6c00042cd7c0ccd79f295959eba9b7c7013d5125710c7b46af187eaefd88e,ETHUSDT|short|high_volume,1742305260000,1742327400000,2025-03-18T13:41:00+00:00,2025-03-18T19:50:00+00:00,1879.93,1904.22,0.26,488.78180000000003,97.75636,5,1912.31,1902.6,9.434443719999997,14.475792677843495,exchange_guard_proxy_touch,False,-6.315399999999991,0.5903274,0.007160805730000001,0.29326908,-6.89856659426999,-141.137959602219,1,True
ETHUSDT,short,a0dd959dd4f531fc95fff6f7dae5e681bcd03b325f2ee6161d381c0a5e5f82a4,ETHUSDT|short|high_volume,1742560860000,1742581980000,2025-03-21T12:41:00+00:00,2025-03-21T18:33:00+00:00,1953.18,1974.69,0.28,546.8904000000001,109.37808000000003,5,1981.8799999999999,1973.01,9.170573999999965,2.8277428043681514,exchange_guard_proxy_touch,False,-6.022799999999998,0.6598821599999999,0.014263907112,0.32813424,-6.668418252887998,-121.9333572666113,1,True
ETHUSDT,short,9c69aa6a5538e9f27cc9c35dfe05ad2f71d895dc4de11ec4e2dd4e13016db9e0,ETHUSDT|short|high_volume,1742595060000,1742602560000,2025-03-21T22:11:00+00:00,2025-03-22T00:16:00+00:00,1966.0,1974.69,0.76,1494.16,298.832,5,1973.01,1973.01,8.401354640000042,2.371144688912486,exchange_guard_proxy_touch,False,-6.604400000000042,1.79695464,-0.020935443512,0.896496,-8.422290083512042,-56.36806020447637,1,True
ETHUSDT,short,1426ea85df6832d286cd3ac8005a02153fb5e27631d7fba258d16d03a6a2a5aa,ETHUSDT|short|high_volume,1742677560000,1742694960000,2025-03-22T21:06:00+00:00,2025-03-23T01:56:00+00:00,1987.94,1998.68,0.7000000000000001,1391.5580000000002,278.31160000000006,5,1996.98,1996.98,9.192380400000006,4.784888022432843,exchange_guard_proxy_touch,False,-7.518000000000007,1.6743803999999998,0.02151968805,0.8349348000000001,-9.170860711950006,-65.90354632685094,1,True
ETHUSDT,short,d8a00cd88fc7a8502dab1b8eb2bffe6073af9b93a5bcc4e5f0ef9179ace85ef7,ETHUSDT|short|high_volume,1742747760000,1742773860000,2025-03-23T16:36:00+00:00,2025-03-23T23:51:00+00:00,1997.89,2001.41,0.35000000000000003,699.2615000000001,139.8523,5,2019.62,1999.71,9.051538300000017,2.9382240798174855,exchange_guard_proxy_touch,False,-1.2319999999999938,0.8398530000000001,0.0,0.4195569,-2.0718529999999937,-29.62915876249434,1,True
ETHUSDT,short,e9cfda6cee83875274e67499094a864e63d6d4c488180600e22d42b9f2609499,ETHUSDT|short|high_volume,1742781660000,1742785560000,2025-03-24T02:01:00+00:00,2025-03-24T03:06:00+00:00,1978.31,2001.41,0.35000000000000003,692.4085,138.4817,5,1999.71,1999.71,8.920741200000048,2.5724867114170036,exchange_guard_proxy_touch,False,-8.085000000000049,0.8357412000000001,0.0,0.4154451,-8.920741200000048,-128.83639065667228,1,True
ETHUSDT,short,a63c3d996ffe8b447ff31580bae65cc451f2d269e68127c11bc3e081f36d66dd,ETHUSDT|short|confirmed_volume,1742854560000,1742909400000,2025-03-24T22:16:00+00:00,2025-03-25T13:30:00+00:00,2075.23,2076.31,0.29,601.8167,120.36334,5,2101.3100000000004,2074.5400000000004,8.809329419999967,1.51983072564099,exchange_guard_proxy_touch,False,-0.3131999999999789,0.7223679599999998,0.04931555328000001,0.36109001999999996,-0.9862524067199787,-16.387920220890827,1,True
ETHUSDT,short,573ce1916a388f635232927c0d3749e63626b7cb8dec4540e5135870d51772c6,ETHUSDT|short|high_volume,1742910660000,1742913060000,2025-03-25T13:51:00+00:00,2025-03-25T14:31:00+00:00,2052.94,2076.31,0.34,697.9996000000001,139.59992000000003,5,2074.5400000000004,2074.5400000000004,8.788166999999964,3.844243318055261,exchange_guard_proxy_touch,False,-7.945799999999964,0.8423670000000001,0.0,0.41879975999999997,-8.788166999999964,-125.90504349859174,1,True
ETHUSDT,short,882918ec87d1f8fa09bfaa43bd24dc1235f83e0e4aed7b50396b399723cbdae5,ETHUSDT|short|confirmed_volume,1742920560000,1742922120000,2025-03-25T16:36:00+00:00,2025-03-25T17:02:00+00:00,2059.84,2076.31,0.47000000000000003,968.1248000000002,193.62496000000004,5,2074.5400000000004,2074.5400000000004,8.907294299999906,1.6844667714636439,exchange_guard_proxy_touch,False,-7.740899999999907,1.1663942999999999,0.0,0.58087488,-8.907294299999906,-92.00564121485064,1,True
ETHUSDT,short,83fe4e76b17aaad20b6d234a49357386cae6c501c6ddf8e51ff412b4a7725627,ETHUSDT|short|high_volume,1742955060000,1743035700000,2025-03-26T02:11:00+00:00,2025-03-27T00:35:00+00:00,2059.73,2019.42,0.32,659.1136,131.82272,5,2083.0,2017.7,8.811745920000059,4.426048505277455,exchange_guard_proxy_touch,False,12.899199999999983,0.7831967999999999,0.021919472448000004,0.39546816,12.137922672447981,184.15524535448793,1,True
ETHUSDT,short,7dd0985b401bd3d5e1ff9493b628de9f2360319785d82d98e42bff3e29240424,ETHUSDT|short|high_volume,1743081960000,1743324900000,2025-03-27T13:26:00+00:00,2025-03-30T08:55:00+00:00,2000.29,1847.82,0.23,460.0667,92.01334,5,2035.01,1846.25,8.940610140000011,4.235712505500859,exchange_guard_proxy_touch,False,35.06810000000001,0.5310391799999999,0.04982508906,0.27604002,34.58688590906001,751.7798160366748,1,True
ETHUSDT,short,953e6471c2bf267f4dbea88f72ce806cf92cd61c1c0242304ce8a6e2bf500483,ETHUSDT|short|confirmed_volume,1743330060000,1743425400000,2025-03-30T10:21:00+00:00,2025-03-31T12:50:00+00:00,1838.44,1824.57,0.8,1470.7520000000002,294.15040000000005,5,1846.25,1823.02,9.273404799999906,1.8959742860763396,exchange_guard_proxy_touch,False,11.096000000000096,1.7582448,0.05086228536000001,0.8824512000000001,9.388617485360095,63.83549018026216,1,True
ETHUSDT,short,05a5fad31e814767d371ce6639d7dacc402ebf54c1984d88b8aae9b5d435a133,ETHUSDT|short|high_volume,1743454860000,1743484500000,2025-03-31T21:01:00+00:00,2025-04-01T05:15:00+00:00,1822.3,1844.15,0.33,601.359,120.27180000000001,5,1846.41,1842.58,9.201115440000022,3.1502020477225416,exchange_guard_proxy_touch,False,-7.210500000000045,0.7259570999999999,-0.003919333044,0.36081539999999995,-7.940376433044045,-132.0405354047091,1,True
ETHUSDT,short,ee29ed30a7955b040ca7f8eb2bbacefcb66eab50c6050bbf6b8c33799748e731,ETHUSDT|short|confirmed_volume,1743552960000,1743601740000,2025-04-02T00:16:00+00:00,2025-04-02T13:49:00+00:00,1902.0,1888.8500000000001,0.38,722.76,144.552,5,1921.99,1887.24,9.091643640000042,1.8218235956758608,exchange_guard_proxy_touch,False,4.996999999999948,0.8643137999999999,-0.00031875425999999997,0.433656,4.132367445739948,57.17482215036732,1,True
ETHUSDT,short,088e8a7fbda86d3634924f3cafb927d73bf0131dba90f5478f95bd427ef5187b,ETHUSDT|short|high_volume,1743660060000,1743754500000,2025-04-03T06:01:00+00:00,2025-04-04T08:15:00+00:00,1820.46,1824.25,0.53,964.8438000000001,192.96876000000003,5,1834.1299999999999,1822.7,9.23455570000001,2.1368363240866857,exchange_guard_proxy_touch,False,-2.0086999999999806,1.15901778,0.100003946601,0.57890628,-3.067713833398981,-31.794927151928434,1,True
ETHUSDT,short,471975df93a4e43291be6b6a8030661cec07e627ab48e4f1bfec086024243b6d,ETHUSDT|short|confirmed_volume,1743809160000,1743897000000,2025-04-04T23:26:00+00:00,2025-04-05T23:50:00+00:00,1808.22,1806.05,0.38,687.1236,137.42472,5,1828.72,1804.51,9.21237799999998,1.8616528209919354,exchange_guard_proxy_touch,False,0.8246000000000276,0.8240535599999999,0.050660059403999994,0.41227416,0.051206499404027786,0.7452298160626092,1,True
ETHUSDT,short,52bde5268aedc90049adf6547eabb53eb30cf4fabf4a8745cf5d665fc1f79635,ETHUSDT|short|high_volume,1743908760000,1743908820000,2025-04-06T03:06:00+00:00,2025-04-06T03:07:00+00:00,1801.46,1806.05,0.8300000000000001,1495.2118000000003,299.04236000000003,5,1804.51,1804.51,5.606239979999932,2.7485107961435,exchange_guard_proxy_touch,False,-3.8096999999999324,1.79653998,0.0,0.8971270800000001,-5.606239979999932,-37.49462102960886,1,True
ETHUSDT,short,b40ad17f80c1de1ddece183105cbeb3e97de17ad3326eba01aad64acf86ec4cc,ETHUSDT|short|high_volume,1743928260000,1744035420000,2025-04-06T08:31:00+00:00,2025-04-07T14:17:00+00:00,1785.2,1614.9,0.29,517.708,103.54159999999999,5,1812.61,1613.52,9.02468864000001,7.1378398541321415,exchange_guard_proxy_touch,False,49.386999999999986,0.5916174,-0.033520940703,0.3106247999999999,48.76186165929699,941.8796244079093,1,True
ETHUSDT,short,f35319eb3d3a8d9e5e47ab8cf96d308137098f3e44c254d6dec0d21cb37f60fd,ETHUSDT|short|confirmed_volume,1744074060000,1744076280000,2025-04-08T01:01:00+00:00,2025-04-08T01:38:00+00:00,1541.8,1585.94,0.21,323.77799999999996,64.75559999999999,5,1584.59,1584.59,9.663495240000021,1.5549177329364374,exchange_guard_proxy_touch,False,-9.26940000000002,0.39409523999999996,0.0,0.19426679999999996,-9.663495240000021,-298.4605266571547,1,True
ETHUSDT,short,1af668e13f5943bc5d93742c28ac8168240378fb630f5676077c1b3c4bf2e0ca,ETHUSDT|short|confirmed_volume,1744125060000,1744183920000,2025-04-08T15:11:00+00:00,2025-04-09T07:32:00+00:00,1528.3700000000001,1482.96,0.14,213.97180000000003,42.794360000000005,5,1592.8,1481.7,9.472892519999997,1.68442519891018,exchange_guard_proxy_touch,False,6.357400000000012,0.25295172,-0.013000063090000003,0.12838308,6.091448216910012,284.6846274560485,1,True
ETHUSDT,short,02e8dda07cd93650d82b4aafe5dd3e85fc95f7176d5479fe1c7508dfabdb2b87,ETHUSDT|short|confirmed_volume,1744298160000,1744335120000,2025-04-10T15:16:00+00:00,2025-04-11T01:32:00+00:00,1535.24,1534.32,0.1,153.524,30.7048,5,1627.62,1533.01,9.566854999999999,1.8670012619494993,exchange_guard_proxy_touch,False,0.09200000000000728,0.1841736,-0.0015134013,0.0921144,-0.0936870012999927,-6.1024335804169185,1,True
ETHUSDT,short,c6ff3a91577582820a5506f9d900c82804a27c86348dfa3245d235c470fbd84a,ETHUSDT|short|high_volume,1744420860000,1744445160000,2025-04-12T01:21:00+00:00,2025-04-12T08:06:00+00:00,1556.28,1587.67,0.29,451.3212,90.26424,5,1586.32,1586.32,9.650147300000029,2.1711922218289814,exchange_guard_proxy_touch,False,-9.103100000000028,0.5470472999999999,-0.0027513401999999998,0.27079272,-9.652898640200027,-213.88090433598128,1,True
ETHUSDT,short,233bd84004776ac47615994a257082e9642942982ccc06a06b1d786b51479ba6,ETHUSDT|short|high_volume,1744502760000,1744564800000,2025-04-13T00:06:00+00:00,2025-04-13T17:20:00+00:00,1641.42,1628.8500000000001,0.44,722.2248000000001,144.44496,5,1659.69,1627.46,9.535467920000025,3.372446891243981,exchange_guard_proxy_touch,False,5.530799999999972,0.86335128,0.073898371448,0.43333488,4.741347091447972,65.64918694910465,1,True
ETHUSDT,short,14391577b10ca56543304b6a594c46cfbf270e55395d6125ffdf03624cdea10f,ETHUSDT|short|high_volume,1744666860000,1744708500000,2025-04-14T21:41:00+00:00,2025-04-15T09:15:00+00:00,1611.3400000000001,1649.42,0.22,354.49480000000005,70.89896000000002,5,1650.81,1648.01,9.424389919999975,12.474403478241234,exchange_guard_proxy_touch,False,-8.377599999999983,0.43042032,0.015695207792,0.21269688,-8.792325112207983,-248.0240926582839,1,True
ETHUSDT,short,3c4fecbbde3346d9e4256a3162d14c417c3bdcd9fee00802342fca0071365cad,ETHUSDT|short|high_volume,1744713360000,1744724820000,2025-04-15T10:36:00+00:00,2025-04-15T13:47:00+00:00,1627.56,1649.42,0.4,651.024,130.2048,5,1648.01,1648.01,9.530475200000051,3.6878161529485016,exchange_guard_proxy_touch,False,-8.744000000000051,0.7864751999999999,0.0,0.3906144,-9.530475200000051,-146.39207156725482,1,True
ETHUSDT,short,4cd69cf6db8b218c35e98858b39a7671050e493ec6e0128afb6788f0023d62a7,ETHUSDT|short|high_volume,1744781160000,1744801380000,2025-04-16T05:26:00+00:00,2025-04-16T11:03:00+00:00,1562.53,1584.1100000000001,0.21,328.1313,65.62626,5,1603.82,1582.76,9.357732720000017,19.829555981167534,exchange_guard_proxy_touch,False,-4.5318000000000325,0.39647664,-0.00971834304,0.19687877999999995,-4.937994983040033,-150.4883862965841,1,True
ETHUSDT,short,7a98a71c38ab9aa879aecd2cf5e2a26a8dc95d310b0b3ee011186245724bfb0e,ETHUSDT|short|high_volume,1744809660000,1744813500000,2025-04-16T13:21:00+00:00,2025-04-16T14:25:00+00:00,1571.4,1584.1100000000001,0.64,1005.696,201.13920000000002,5,1582.76,1582.76,9.346115840000023,2.5758567506267838,exchange_guard_proxy_touch,False,-8.134400000000024,1.2117158399999999,0.0,0.6034176,-9.346115840000024,-92.93181876034133,1,True
ETHUSDT,short,fed486047c98049bc0c92ce8ff194aab6ecb0f13eb2f69b905601f52d0403812,ETHUSDT|short|high_volume,1744860660000,1744867080000,2025-04-17T03:31:00+00:00,2025-04-17T05:18:00+00:00,1577.97,1599.38,0.4,631.1880000000001,126.23760000000001,5,1598.02,1598.02,9.326564000000033,4.4014013559368825,exchange_guard_proxy_touch,False,-8.564000000000034,0.7625640000000001,0.0,0.37871279999999996,-9.326564000000033,-147.76206138266303,1,True
ETHUSDT,short,b66abc31aafc35b239785ae9ede63ec0deceb8ee2f11f6e179ae39ce3bdc38a5,ETHUSDT|short|high_volume,1744880760000,1744890600000,2025-04-17T09:06:00+00:00,2025-04-17T11:50:00+00:00,1592.01,1599.38,0.9400000000000001,1496.4894000000002,299.29788,5,1598.02,1598.02,8.727743960000112,2.2009785701749442,exchange_guard_proxy_touch,False,-6.927800000000111,1.79994396,0.0,0.8978936399999999,-8.727743960000112,-58.321455267241525,1,True
ETHUSDT,short,513f24f1bf790531ede2c964120847e13f0e17f3de8bd9b344f7726eb319725f,ETHUSDT|short|high_volume,1744953960000,1744965420000,2025-04-18T05:26:00+00:00,2025-04-18T08:37:00+00:00,1573.16,1590.06,0.48,755.1168,151.02336,5,1588.7,1588.7,9.023007359999935,5.355870663214132,exchange_guard_proxy_touch,False,-8.111999999999934,0.9110073599999999,0.020878870176,0.45307008,-9.002128489823933,-119.21504712680122,1,True
ETHUSDT,short,9a5831f16bb23e0283a7911631d42545b6694f7c19f27252cb7b132b046a61ad,ETHUSDT|short|high_volume,1745107260000,1745107980000,2025-04-20T00:01:00+00:00,2025-04-20T00:13:00+00:00,1609.95,1614.39,0.93,1497.2535,299.4507,5,1613.01,1613.01,5.9283817200000515,4.020156605130155,exchange_guard_proxy_touch,False,-4.129200000000051,1.79918172,0.0,0.8983521000000001,-5.928381720000051,-39.59504332432718,1,True
ETHUSDT,short,4ac5a11ae6aaaaf04e37dfc9e5015a0a65d8ebd48ccd28f8a73913fabf1e4f7f,ETHUSDT|short|confirmed_volume,1745119260000,1745119380000,2025-04-20T03:21:00+00:00,2025-04-20T03:23:00+00:00,1610.8700000000001,1614.39,0.93,1498.1091000000001,299.62182,5,1613.01,1613.01,5.073295079999983,1.7612183184860515,exchange_guard_proxy_touch,False,-3.273599999999983,1.79969508,0.0,0.89886546,-5.073295079999983,-33.86465698659719,1,True
ETHUSDT,short,3af28b0fac3ea6809494dc7313da632741e3efc80e9a8fbf6eec97a4961f9695,ETHUSDT|short|high_volume,1745128860000,1745178480000,2025-04-20T06:01:00+00:00,2025-04-20T19:48:00+00:00,1607.63,1584.75,0.63,1012.8069,202.56138,5,1618.47,1583.4,8.918587440000017,5.84445521307298,exchange_guard_proxy_touch,False,14.414400000000068,1.20671964,0.024603438636000008,0.6076841399999999,13.232283798636068,130.64962135068458,1,True
ETHUSDT,short,50327dd9b79c0784a3281c08e2657c129e62bdb393ebd9f81b3537e38003656c,ETHUSDT|short|high_volume,1745244060000,1745245380000,2025-04-21T14:01:00+00:00,2025-04-21T14:23:00+00:00,1606.3400000000001,1633.69,0.31,497.96540000000005,99.59308000000001,5,1632.3,1632.3,9.081145579999971,4.782357932326398,exchange_guard_proxy_touch,False,-8.478499999999972,0.60264558,0.0,0.29877924,-9.081145579999973,-182.36499122228113,1,True
ETHUSDT,short,dd419478047fcc3ebc3c3191f13dea52d6ece17cc50b69d442691f77d0506604,ETHUSDT|short|high_volume,1745253060000,1745307000000,2025-04-21T16:31:00+00:00,2025-04-22T07:30:00+00:00,1613.6200000000001,1594.6000000000001,0.2,322.72400000000005,64.54480000000001,5,1654.65,1593.24,8.880361599999965,2.04025302030219,exchange_guard_proxy_touch,False,3.8039999999999967,0.38498640000000006,-0.011366136000000002,0.1936344,3.407647463999997,105.59014712261859,1,True
ETHUSDT,short,12eaadc71f1bf14bca20b71a09589ecc9e03a0ef51b0c59f3a3c602bfb0694a1,ETHUSDT|short|confirmed_volume,1745454360000,1745537400000,2025-04-24T00:26:00+00:00,2025-04-24T23:30:00+00:00,1786.1000000000001,1771.16,0.33,589.4130000000001,117.88260000000002,5,1809.61,1769.65,8.978755499999984,1.6346891706145352,exchange_guard_proxy_touch,False,4.930200000000018,0.70433748,0.0454898631,0.3536478,4.271352383100018,72.46790252505487,1,True
ETHUSDT,short,fa4a91f20b611a096a33b31477ccf74f8ccdd68f14d578cbd87b0889f00640e1,ETHUSDT|short|confirmed_volume,1745547060000,1745556180000,2025-04-25T02:11:00+00:00,2025-04-25T04:43:00+00:00,1758.3,1771.16,0.6,1054.98,210.996,5,1769.65,1769.65,8.986605600000075,1.9817181978145313,exchange_guard_proxy_touch,False,-7.716000000000076,1.2706056,0.0,0.6329879999999999,-8.986605600000075,-85.18271057271299,1,True
ETHUSDT,short,8de8aeee3bf560d47532461f7db377bfd1942ef8e7ba145f63ce7be0d75d89db,ETHUSDT|short|high_volume,1745625660000,1745631180000,2025-04-26T00:01:00+00:00,2025-04-26T01:33:00+00:00,1783.8600000000001,1810.42,0.31,552.9966000000001,110.59932,5,1808.8799999999999,1808.8799999999999,8.902136079999982,3.461724463770104,exchange_guard_proxy_touch,False,-8.233599999999983,0.66853608,0.0,0.33179796,-8.902136079999984,-160.97994237215894,1,True
ETHUSDT,short,7485bf245ecb2beae4610ac1df8be5d631b38f7f7e2c74c5b35437726104919a,ETHUSDT|short|high_volume,1745638260000,1745651460000,2025-04-26T03:31:00+00:00,2025-04-26T07:11:00+00:00,1793.27,1810.42,0.46,824.9042000000001,164.98084,5,1808.8799999999999,1808.8799999999999,8.883618440000042,3.6856344743485483,exchange_guard_proxy_touch,False,-7.889000000000042,0.9946184399999999,0.0,0.49494251999999994,-8.883618440000042,-107.69272892537147,1,True
ETHUSDT,short,cef7f25f658baba52a2a9c36d7db82ea4ed2fee0f651ddf155bd6b1687da2e04,ETHUSDT|short|high_volume,1745756160000,1745825460000,2025-04-27T12:16:00+00:00,2025-04-28T07:31:00+00:00,1800.82,1809.32,0.49,882.4018,176.48036,5,1815.0,1807.78,8.771206780000009,2.5134065932420784,exchange_guard_proxy_touch,False,-4.165,1.0613811599999998,-0.032682337128,0.5294410799999999,-5.2590634971279995,-59.599419415599556,1,True
ETHUSDT,short,2b716ffdca8d7b804c2e44a4d635ec0c1ead8925100bba1b9edbe8950055e91d,ETHUSDT|short|high_volume,1745835960000,1745836620000,2025-04-28T10:26:00+00:00,2025-04-28T10:37:00+00:00,1790.3,1809.32,0.41000000000000003,734.023,146.8046,5,1807.78,1807.78,8.683706519999994,11.80607106365221,exchange_guard_proxy_touch,False,-7.798199999999993,0.88550652,0.0,0.4404138,-8.683706519999994,-118.30292129810637,1,True
ETHUSDT,short,222e91ebe2ad9409d3bf046ba12e1793c8978aaf110dc71e5e61304fcc929919,ETHUSDT|short|high_volume,1745847060000,1745877960000,2025-04-28T13:31:00+00:00,2025-04-28T22:06:00+00:00,1798.66,1806.55,0.67,1205.1022,241.02044,5,1807.78,1805.01,8.592607959999903,2.0964966036479264,exchange_guard_proxy_touch,False,-5.286299999999915,1.4492944199999998,-0.102487330416,0.7230613200000001,-6.838081750415915,-56.742753854535444,1,True
BTCUSDT,long,51f0d8d58a0e3eccd107c3692cbeab1bd7ddfe7df085eb318b9a5339607f1d34,BTCUSDT|long|confirmed_volume,1745914860000,1745931960000,2025-04-29T08:21:00+00:00,2025-04-29T13:06:00+00:00,95079.70000000001,94619.5,0.0076,722.6057200000001,144.52114400000002,5,94154.0,94700.0,8.506620416000022,1.6084101627029173,exchange_guard_proxy_touch,False,-3.4975200000000886,0.865028352,0.0,0.433563432,-4.362548352000088,-60.37245805361307,1,True
BTCUSDT,long,dfcc544d2599d04074b222dafc76c19b8a0935605215a5423f2b8f5d489d4628,BTCUSDT|long|confirmed_volume,1745937660000,1745940000000,2025-04-29T14:41:00+00:00,2025-04-29T15:20:00+00:00,95205.20000000001,94619.5,0.0122,1161.5034400000002,232.30068800000004,5,94700.0,94700.0,8.535056804000142,1.6966047232343076,exchange_guard_proxy_touch,False,-7.1455400000001426,1.389516804,0.0,0.6969020640000001,-8.535056804000142,-73.48283707192586,1,True
BTCUSDT,long,c0c80cbeb0fbcbcdcc71669480879ebb9e6a96a0bc46f13ac10fc848945f82f5,BTCUSDT|long|high_volume,1745944560000,1745946120000,2025-04-29T16:36:00+00:00,2025-04-29T17:02:00+00:00,95471.5,94619.5,0.008700000000000001,830.6020500000001,166.12041000000002,5,94700.0,94700.0,8.40467502,4.024487896966525,exchange_guard_proxy_touch,False,-7.412400000000001,0.9922750200000001,0.0,0.49836123000000004,-8.40467502,-101.18774712872428,1,True
ETHUSDT,short,750d06834e9a0b24a5199973273a7ae4eac192a70e23d140488153b05632e830,ETHUSDT|short|high_volume,1745957460000,1746013080000,2025-04-29T20:11:00+00:00,2025-04-30T11:38:00+00:00,1813.6100000000001,1813.78,0.38,689.1718000000001,137.83436,5,1831.5,1812.23,8.222440759999932,2.115866702262716,exchange_guard_proxy_touch,False,-0.06459999999994125,0.82704492,-0.044153527378000004,0.41350307999999997,-0.9357984473779413,-13.57859458814103,1,True
BTCUSDT,long,87654c2d62d162bc9d83505d44899f30527447353fefe4fdabd0397dcb88d801,BTCUSDT|long|high_volume,1746012660000,1746016560000,2025-04-30T11:31:00+00:00,2025-04-30T12:36:00+00:00,95126.90000000001,94361.90000000001,0.0095,903.70555,180.74111,5,94442.2,94442.2,8.347586159999999,7.454984360342825,exchange_guard_proxy_touch,False,-7.2675,1.08008616,0.0,0.54222333,-8.34758616,-92.37064174276678,1,True
ETHUSDT,short,4361104ac5fd605fe83bbc9e3049d92be90a69583c6b53599f3c0bfb441c0bb4,ETHUSDT|short|confirmed_volume,1746018960000,1746064500000,2025-04-30T13:16:00+00:00,2025-05-01T01:55:00+00:00,1762.5,1810.74,0.15,264.375,52.875,5,1812.23,1809.2,8.013865199999994,1.834063624537928,exchange_guard_proxy_touch,False,-7.236000000000001,0.3215916,-0.001454402070000001,0.158625,-7.5590460020700005,-285.9213617804255,1,True
BTCUSDT,long,bbea1aef196d9d0a656ec837f7ba6939a7ece64675faf328f006bc856680c70a,BTCUSDT|long|confirmed_volume,1746061260000,1746140580000,2025-05-01T01:01:00+00:00,2025-05-01T23:03:00+00:00,94436.40000000001,96162.0,0.0088,831.0403200000002,166.20806400000004,5,93699.9,96243.9,8.175498847999975,1.9768332466550045,exchange_guard_proxy_touch,False,15.185279999999924,1.0063595520000002,0.020280443585599987,0.498624192,14.199200891585525,170.8605533313416,1,True
ETHUSDT,short,74c76c01084c7347f25459c11dd3ecea8a38fb87c1378278f547336f9bc596ab,ETHUSDT|short|high_volume,1746161160000,1746196560000,2025-05-02T04:46:00+00:00,2025-05-02T14:36:00+00:00,1837.5900000000001,1852.08,0.5,918.7950000000001,183.75900000000001,5,1850.5,1850.5,8.351900999999891,2.9293916453967617,exchange_guard_proxy_touch,False,-7.244999999999891,1.106901,-0.052616180650000004,0.551277,-8.404517180649892,-91.47325769785306,1,True
BTCUSDT,long,0d54752b441677aff2e5c052e324f197037444379333b5c0e6317f33e1205439,BTCUSDT|long|high_volume,1746145560000,1746234900000,2025-05-02T00:26:00+00:00,2025-05-03T01:15:00+00:00,96768.6,96425.40000000001,0.0115,1112.8389,222.56778,5,96243.9,96507.5,8.307121140000067,3.6569450206485823,exchange_guard_proxy_touch,False,-3.9467999999999663,1.3330385999999999,0.26738896059750006,0.66770334,-5.012449639402466,-45.042005984895624,1,True
ETHUSDT,short,8d4f43f1cc0d5ebdefefbe65a2ac096d38bfb48a11944cadb042174da541c116,ETHUSDT|short|high_volume,1746252360000,1746284760000,2025-05-03T06:06:00+00:00,2025-05-03T15:06:00+00:00,1829.83,1840.13,0.5,914.915,182.983,5,1842.45,1838.56,8.197155000000027,2.1697688453913004,exchange_guard_proxy_touch,False,-5.150000000000091,1.1009879999999999,0.0142851635,0.5489489999999999,-6.236702836500091,-68.16701919304079,1,True
ETHUSDT,short,c2da291756fb308d3b19fe627af505fb432ae6a5daacd234bc2fcd600ce95833,ETHUSDT|short|high_volume,1746288960000,1746301980000,2025-05-03T16:16:00+00:00,2025-05-03T19:53:00+00:00,1829.03,1840.13,0.61,1115.7083,223.14166,5,1838.56,1838.56,8.113912560000083,2.9433069546716366,exchange_guard_proxy_touch,False,-6.771000000000083,1.3429125599999998,0.0,0.6694249799999998,-8.113912560000083,-72.7243183545384,1,True
BTCUSDT,long,4650f6c8edae64eed1ed98c3e6d6a9398871c414db70c7dbcc9f9d06777f31fb,BTCUSDT|long|confirmed_volume,1746302760000,1746315240000,2025-05-03T20:06:00+00:00,2025-05-03T23:34:00+00:00,96412.0,95731.1,0.010100000000000001,973.7612000000001,194.75224000000003,5,95812.59999999999,95812.59999999999,8.041477185999941,1.898795751335724,exchange_guard_proxy_touch,False,-6.877089999999942,1.1643871860000001,0.0,0.5842567200000001,-8.041477185999943,-82.58161432186806,1,True
ETHUSDT,short,282711fc986c7e6b36bcbc2ec3e9feec4a488d16dc8ca08e5fd095e2d47c3852,ETHUSDT|short|confirmed_volume,1746377460000,1746390060000,2025-05-04T16:51:00+00:00,2025-05-04T20:21:00+00:00,1821.58,1834.33,0.45,819.711,163.9422,5,1835.37,1832.77,7.899800400000058,1.8007573372637364,exchange_guard_proxy_touch,False,-5.7375,0.9870956999999998,0.0,0.49182659999999995,-6.7245957,-82.03617738446843,1,True
ETHUSDT,short,3eb5152fdd80055a966ede4cfd33aa183540fcfa9b6726a41c51eb8ab844c4df,ETHUSDT|short|high_volume,1746459960000,1746466740000,2025-05-05T15:46:00+00:00,2025-05-05T17:39:00+00:00,1797.42,1816.42,0.21,377.4582,75.49163999999999,5,1830.73,1814.87,7.780043459999978,2.737358131700668,exchange_guard_proxy_touch,False,-3.9899999999999998,0.45534384,0.004513671036,0.22647492,-4.440830168963999,-117.65091257691579,1,True
BTCUSDT,long,28eba574b3dfcc29b7b395de3d8fa84f4abd3c9c0218cda258ab152862d86e4c,BTCUSDT|long|high_volume,1746470460000,1746520140000,2025-05-05T18:41:00+00:00,2025-05-06T08:29:00+00:00,94875.70000000001,93881.0,0.005200000000000001,493.3536400000001,98.67072800000003,5,93559.5,93960.9,7.845829472000015,5.2620385209792575,exchange_guard_proxy_touch,False,-5.172440000000061,0.5889209040000001,-0.0315236517752,0.29601218400000007,-5.792884555775261,-117.41850239060282,1,True
ETHUSDT,short,252d67d88b160fa8a1416521241f38f1664a603a4bade01ff1732e57a5a00885,ETHUSDT|short|high_volume,1746519360000,1746557760000,2025-05-06T08:16:00+00:00,2025-05-06T18:56:00+00:00,1797.39,1780.6100000000001,0.54,970.5906000000001,194.11812000000003,5,1808.05,1779.09,7.756661520000025,3.1269171072993354,exchange_guard_proxy_touch,False,9.061199999999985,1.159272,-0.034290289386,0.58235436,7.867637710613986,81.06031225332272,1,True
BTCUSDT,long,17779f6125eafc2975cb708548a0eea4646f935903fbdf225a3939ea2e44a6b8,BTCUSDT|long|high_volume,1746546060000,1746623340000,2025-05-06T15:41:00+00:00,2025-05-07T13:09:00+00:00,94756.8,96700.6,0.008,758.0544,151.61088,5,93960.9,96782.9,7.911861440000023,2.52797379920358,exchange_guard_proxy_touch,False,15.550400000000023,0.9189955200000001,-0.014961924208,0.45483263999999995,14.616442555792023,192.81521953822872,1,True
BTCUSDT,long,2f212ca53ae3fde9c98979498d0f38cc4d730448207932d466d86464a1e923b1,BTCUSDT|long|high_volume,1746628260000,1746629640000,2025-05-07T14:31:00+00:00,2025-05-07T14:54:00+00:00,97488.0,96700.6,0.0088,857.8944,171.57888,5,96782.9,96782.9,7.954435807999949,2.5715391695238936,exchange_guard_proxy_touch,False,-6.9291199999999495,1.025315808,0.0,0.51473664,-7.95443580799995,-92.7204537994414,1,True
ETHUSDT,short,d794501210396652464e6c1e3ac751fa045dab42efeeacd3fd91c8f40b213b53,ETHUSDT|short|high_volume,1746623460000,1746671520000,2025-05-07T13:11:00+00:00,2025-05-08T02:32:00+00:00,1823.44,1848.08,0.3,547.032,109.4064,5,1846.51,1846.51,8.052873599999963,2.799307123685817,exchange_guard_proxy_touch,False,-7.391999999999961,0.6608736,0.021252596279999997,0.3282192,-8.03162100371996,-146.8217764905885,1,True
BTCUSDT,long,96f085bb60a43b72fa4d974a7fe820e45d0a0e43e7997bd081439ea396f0597d,BTCUSDT|long|high_volume,1746675960000,1746801600000,2025-05-08T03:46:00+00:00,2025-05-09T14:40:00+00:00,99083.5,102289.3,0.0032,317.0672,63.41344,5,96831.4,102376.4,7.8463984,3.3895594971763505,exchange_guard_proxy_touch,False,10.25856000000001,0.386635776,-0.099277118464,0.19024032,9.77264710553601,308.2200588877061,1,True
BTCUSDT,long,577f872b934bf4f6bf3d09208520b8baf83f03c7ae46bcf96002dc218e2d6e77,BTCUSDT|long|confirmed_volume,1746844860000,1746891360000,2025-05-10T02:41:00+00:00,2025-05-10T15:36:00+00:00,103214.3,103223.0,0.011000000000000001,1135.3573000000001,227.07146000000003,5,102699.9,103310.9,7.977157539999968,1.8946863373051386,exchange_guard_proxy_touch,False,0.09569999999996799,1.36248618,-0.11409387000000003,0.68121438,-1.3808800500000322,-12.162515271624468,1,True
BTCUSDT,long,ee6eeb5f3f57ae11322598991b46be83bb8f24fd5abb9f026ef59ff00aac7905,BTCUSDT|long|high_volume,1746954960000,1747002900000,2025-05-11T09:16:00+00:00,2025-05-11T22:35:00+00:00,104271.40000000001,103603.6,0.0074,771.6083600000001,154.321672,5,103406.2,103691.79999999999,7.974638268000044,2.0159125730062244,exchange_guard_proxy_touch,False,-4.941720000000021,0.922965,-0.077021346,0.462965016,-5.9417063460000215,-77.0041727645359,1,True
BTCUSDT,long,cda98671ad30576fb86cbb969f72b779fd9683a138addccc6383ceb241eabc7d,BTCUSDT|long|confirmed_volume,1747008660000,1747018560000,2025-05-12T00:11:00+00:00,2025-05-12T02:56:00+00:00,104228.20000000001,103603.6,0.0105,1094.3961000000002,218.87922000000003,5,103691.79999999999,103691.79999999999,7.867640340000062,1.8956208045536285,exchange_guard_proxy_touch,False,-6.558300000000061,1.30934034,0.0,0.65663766,-7.867640340000062,-71.89024467466633,1,True
BTCUSDT,long,738da79d6142cb492a8b0ca81ab8f24b6bc05a610cd33c5d101edb6ab9f93b21,BTCUSDT|long|high_volume,1747031460000,1747050720000,2025-05-12T06:31:00+00:00,2025-05-12T11:52:00+00:00,104274.90000000001,103576.5,0.0095,990.6115500000001,198.12231000000003,5,103664.7,103664.7,7.819552980000083,2.345033897844839,exchange_guard_proxy_touch,False,-6.634800000000083,1.18475298,-0.09920498500000001,0.59436693,-7.918757965000083,-79.93807426331828,1,True
ETHUSDT,long,bbcb3222d631f44470c1925949e16fd203827b6f10c4d9c9f9b6954ebbda3655,ETHUSDT|long|high_volume,1747032660000,1747060020000,2025-05-12T06:51:00+00:00,2025-05-12T14:27:00+00:00,2518.42,2517.84,0.23,579.2366000000001,115.84732000000001,5,2489.99,2519.99,7.717368020000042,2.684437427328342,exchange_guard_proxy_touch,False,-0.13339999999998328,0.69500388,-0.05872935000000001,0.34754196,-0.8871332299999833,-15.315558961570854,1,True
ETHUSDT,long,92150162b564ac6526c0d6850d353e56faca943810fbb7a11a1d80193701aeee,ETHUSDT|long|high_volume,1747120860000,1747188060000,2025-05-13T07:21:00+00:00,2025-05-14T02:01:00+00:00,2474.01,2653.73,0.12,296.88120000000004,59.37624000000001,5,2414.35,2655.99,7.758213600000031,6.465262808356738,exchange_guard_proxy_touch,False,21.566399999999977,0.3691972799999999,-0.0924402,0.17812872,21.104762519999976,710.8824176135092,1,True
BTCUSDT,long,95307a8975e368b91802022997277224a8c8b0c91584b6cf29e8952559034a8f,BTCUSDT|long|high_volume,1747120860000,1747207440000,2025-05-13T07:21:00+00:00,2025-05-14T07:24:00+00:00,102928.6,103321.0,0.0044,452.88584000000003,90.577168,5,101399.9,103408.9,7.644759671999975,3.1970594594594592,exchange_guard_proxy_touch,False,1.7265599999999746,0.544498944,-0.12367513708,0.271731504,1.0583859189199745,23.369816970209854,1,True
BTCUSDT,long,d3dff5d0a0f4df53c8a86eb37f650f5ad28f1aeb1169c72c394e30fce5d59f9b,BTCUSDT|long|high_volume,1747218660000,1747231860000,2025-05-14T10:31:00+00:00,2025-05-14T14:11:00+00:00,103889.1,103321.0,0.0115,1194.72465,238.94493000000003,5,103408.9,103408.9,7.962899690000067,2.6212453981498025,exchange_guard_proxy_touch,False,-6.533150000000067,1.42974969,0.0,0.7168347899999999,-7.962899690000066,-66.65050135192294,1,True
ETHUSDT,long,56ca316d0e05eef7deb571863d7a5c3bb2fdf4dca1ca0eaf9a228cc0fb766506,ETHUSDT|long|high_volume,1747267560000,1747273560000,2025-05-15T00:06:00+00:00,2025-05-15T01:46:00+00:00,2614.35,2580.1,0.21,549.0134999999999,109.80269999999999,5,2582.2999999999997,2582.2999999999997,7.8470007,2.3578656375816625,exchange_guard_proxy_touch,False,-7.1925,0.6545006999999999,0.0,0.3294081,-7.8470007,-142.92910283626907,1,True
ETHUSDT,long,a37fce50f6130b43225d137eb4dcb79c0a02d8a9c46ea0b8db9efe38f3312572,ETHUSDT|long|confirmed_volume,1747328160000,1747333380000,2025-05-15T16:56:00+00:00,2025-05-15T18:23:00+00:00,2591.57,2542.82,0.15,388.7355,77.7471,5,2544.99,2544.99,7.7745951,1.7947400200262942,exchange_guard_proxy_touch,False,-7.3125,0.4620951,0.0,0.23324129999999998,-7.7745951,-199.99704426274423,1,True
BTCUSDT,long,c758aa00a3a4af632819c14c67c43a2d740e73d4b3b0fd9d6a8855f900bad413,BTCUSDT|long|high_volume,1747347060000,1747381860000,2025-05-15T22:11:00+00:00,2025-05-16T07:51:00+00:00,103638.1,103674.0,0.0059,611.46479,122.292958,5,102535.9,103762.2,7.747007271999966,4.140483507021763,exchange_guard_proxy_touch,False,0.21180999999996566,0.7338848339999999,-0.0275605966512,0.36687887399999997,-0.5496354306512343,-8.988832057709068,1,True
ETHUSDT,long,bb7577a37b3c577ac92088bf7988a8dab4985a98a9f0ec6c93aa1b601ac28c2b,ETHUSDT|long|high_volume,1747361160000,1747427640000,2025-05-16T02:06:00+00:00,2025-05-16T20:34:00+00:00,2580.03,2566.07,0.1,258.00300000000004,51.60060000000001,5,2510.4799999999996,2568.2599999999998,7.474302200000006,3.1547187981876754,exchange_guard_proxy_touch,False,-1.3960000000000037,0.30876600000000004,-0.044686583860000004,0.1548018,-1.7494525838600037,-67.80745122576107,1,True
BTCUSDT,long,15e240c585329f3617c7557a32168d962b23e8ba6f0bdfa19bcf89680d649fd7,BTCUSDT|long|high_volume,1747501860000,1747519860000,2025-05-17T17:11:00+00:00,2025-05-17T22:11:00+00:00,103174.0,102787.40000000001,0.0097,1000.7878000000001,200.15756000000002,5,102590.9,102874.9,7.699923631999944,2.0154838064496414,exchange_guard_proxy_touch,False,-3.7500199999999153,1.198695348,0.0,0.60047268,-4.948715347999915,-49.448198189465494,1,True
ETHUSDT,long,eb07a5e558eecd32a0deea34fb386b97ed0ed5378dc7e01aeb9c85954ebb799c,ETHUSDT|long|high_volume,1747515360000,1747520760000,2025-05-17T20:56:00+00:00,2025-05-17T22:26:00+00:00,2493.12,2458.55,0.16,398.8992,79.77984000000001,5,2450.6099999999997,2460.6499999999996,7.610397439999986,3.934094450092375,exchange_guard_proxy_touch,False,-5.531199999999954,0.47536032,0.0,0.23933951999999997,-6.006560319999954,-150.5783997561277,1,True
ETHUSDT,long,9e7b03b7c307a12502a9c49bbbfc9b2a509723dbadc2addc5db82ace3fc4d812,ETHUSDT|long|high_volume,1747548060000,1747591080000,2025-05-18T06:01:00+00:00,2025-05-18T17:58:00+00:00,2509.91,2484.52,0.15,376.4865,75.29729999999999,5,2466.7299999999996,2486.64,7.239708599999961,2.7969464324016866,exchange_guard_proxy_touch,False,-3.808499999999981,0.4494987,-0.018972958875,0.22589189999999995,-4.276971658874981,-113.60225821842167,1,True
BTCUSDT,long,5213b6aa2990001c5ca9fff996efc6646f979961d1def1da6903cbc0bed44555,BTCUSDT|long|confirmed_volume,1747526760000,1747598400000,2025-05-18T00:06:00+00:00,2025-05-18T20:00:00+00:00,103230.5,103572.40000000001,0.0134,1383.2887,276.65774,5,102874.9,103660.59999999999,7.593923915999882,1.7256154987421244,exchange_guard_proxy_touch,False,4.581460000000117,1.662695316,-0.223528398786,0.82997322,2.695236285214117,19.484264457695037,1,True
BTCUSDT,long,e26d6f054ded21a10dbd3156a57d270411901974a3b4f2cc59dc6e9a20591508,BTCUSDT|long|high_volume,1747607160000,1747626780000,2025-05-18T22:26:00+00:00,2025-05-19T03:53:00+00:00,104923.90000000001,103572.40000000001,0.0051,535.1118900000001,107.02237800000003,5,103660.59999999999,103660.59999999999,7.530648678000001,2.254102085121422,exchange_guard_proxy_touch,False,-6.892650000000001,0.6379986780000001,-0.032506427175000005,0.32106713400000003,-7.563155105175,-141.3378257241677,1,True
BTCUSDT,long,e1ac4339b29487f0aa9c902b3d751631a9c1f59f7cb9cd54b2fe8c1fcbe638de,BTCUSDT|long|confirmed_volume,1747674060000,1747722300000,2025-05-19T17:01:00+00:00,2025-05-20T06:25:00+00:00,105470.0,105390.3,0.0021000000000000003,221.48700000000002,44.2974,5,102088.79999999999,105480.0,7.544214720000001,1.6958763522051346,exchange_guard_proxy_touch,False,-0.1673699999999939,0.265683978,-0.018567001047,0.13289220000000002,-0.4516209790469939,-20.390405714420883,1,True
ETHUSDT,long,1e38f7ad460db5d79430c66d68200aea2c82c243f9e2f68a97c9b5a62776cb15,ETHUSDT|long|confirmed_volume,1747655160000,1747735920000,2025-05-19T11:46:00+00:00,2025-05-20T10:12:00+00:00,2419.89,2518.5,0.09,217.79009999999997,43.55801999999999,5,2346.9799999999996,2520.6499999999996,6.999202979999987,1.5584237311542448,exchange_guard_proxy_touch,False,8.874900000000011,0.26667305999999996,-0.054102903813,0.13067405999999998,8.55412403618701,392.76918630309694,1,True
BTCUSDT,long,7af2ab8bd1aa6999fad59a376adcf342c87f738ca664980121e9f427f3274e48,BTCUSDT|long|high_volume,1747783260000,1747819920000,2025-05-20T23:21:00+00:00,2025-05-21T09:32:00+00:00,107027.1,106056.5,0.0036000000000000003,385.29756000000003,77.05951200000001,5,105156.7,106146.79999999999,7.513403904000011,2.047224984598522,exchange_guard_proxy_touch,False,-3.4941600000000212,0.460260576,-0.06109961990040001,0.231178536,-4.015520195900422,-104.21867701161723,1,True
ETHUSDT,long,c99c48999ddc8f2d83bf15414ef023738c05e754056e89302c58aac31cf4dfde,ETHUSDT|long|high_volume,1747804560000,1747848120000,2025-05-21T05:16:00+00:00,2025-05-21T17:22:00+00:00,2571.38,2518.33,0.1,257.13800000000003,51.427600000000005,5,2506.2999999999997,2520.4799999999996,7.0265324000000255,4.548806337536414,exchange_guard_proxy_touch,False,-5.305000000000018,0.3053826,-0.02547883183,0.1542828,-5.635861431830018,-219.17652901671542,1,True
BTCUSDT,long,91f4dc3b3ca754bad1a775878cab1309bd7afb583812031da3853c981e95a62a,BTCUSDT|long|high_volume,1747826460000,1747850040000,2025-05-21T11:21:00+00:00,2025-05-21T17:54:00+00:00,106690.70000000001,106056.5,0.0098,1045.56886,209.113772,5,106146.79999999999,106146.79999999999,7.466113536000114,2.8285463122229104,exchange_guard_proxy_touch,False,-6.215160000000114,1.250953536,-0.0546493526292,0.627341316,-7.520762888629314,-71.92986685381308,1,True
ETHUSDT,long,9b8c946186c151c3cec4aa6c443ef08075f2e99f1643060c84075c6a4e53010f,ETHUSDT|long|confirmed_volume,1747905660000,1747943100000,2025-05-22T09:21:00+00:00,2025-05-22T19:45:00+00:00,2681.9900000000002,2632.2200000000003,0.08,214.55920000000003,42.911840000000005,5,2601.64,2634.4599999999996,6.8591076800000135,1.9791934614829205,exchange_guard_proxy_touch,False,-3.9815999999999985,0.25508208000000004,-0.021308320000000002,0.12873552,-4.257990399999999,-198.4529397947046,1,True
BTCUSDT,long,eeb8fafbc778bf4f782a90747ae149c93fb61d1e4938007cf48ab7dbbe17eac1,BTCUSDT|long|high_volume,1747866960000,1747974240000,2025-05-21T22:36:00+00:00,2025-05-23T04:24:00+00:00,108918.1,110609.90000000001,0.0024000000000000002,261.40344000000005,52.28068800000001,5,106085.2,110704.0,7.324914864000015,3.603107809184773,exchange_guard_proxy_touch,False,4.060320000000007,0.31612031999999995,-0.10462730627040001,0.156842064,3.639572373729607,139.23199992049095,1,True
ETHUSDT,long,1082d0e770044fa7a70c9812ebbe46aa491a01a412ba4aed7336852e8958bb9d,ETHUSDT|long|high_volume,1748082960000,1748121660000,2025-05-24T10:36:00+00:00,2025-05-24T21:21:00+00:00,2569.3,2540.05,0.18,462.474,92.4948,5,2534.0899999999997,2542.22,7.277532840000062,7.490947100977732,exchange_guard_proxy_touch,False,-5.265,0.5518098,-0.009719698464,0.27748439999999996,-5.826529498464,-125.98609864476705,1,True
BTCUSDT,long,58aa66b29f5b720f051d7417059880b267a98d62ec9194990a33845589c40f77,BTCUSDT|long|high_volume,1748082960000,1748125380000,2025-05-24T10:36:00+00:00,2025-05-24T22:23:00+00:00,108604.5,108403.40000000001,0.0056,608.1852,121.63704,5,107519.9,108495.7,7.31147088,6.438699808795411,exchange_guard_proxy_touch,False,-1.1261599999999512,0.7291465440000001,-0.0477883770952,0.36491112,-1.9030949210951513,-31.29137179094709,1,True
ETHUSDT,long,1a9fb8b162c33f9ad1e02bd5ceb0866b171dbbd4aa4fd7b729ce974cd1c52031,ETHUSDT|long|high_volume,1748197860000,1748267640000,2025-05-25T18:31:00+00:00,2025-05-26T13:54:00+00:00,2521.15,2550.29,0.25,630.2875,126.0575,5,2496.99,2552.4599999999996,7.32490149999999,2.7596657022676063,exchange_guard_proxy_touch,False,7.284999999999968,0.7607160000000001,-0.054351518625,0.37817249999999997,6.4699324813749675,102.65049650159598,1,True
BTCUSDT,long,d72425123576f42a7d0ab25c30da73e97155ce3b51488180928666fb71d028ec,BTCUSDT|long|high_volume,1748221260000,1748276460000,2025-05-26T01:01:00+00:00,2025-05-26T16:21:00+00:00,109680.8,109319.70000000001,0.0026000000000000003,285.17008000000004,57.03401600000001,5,107118.7,109412.79999999999,7.236385103999993,2.309844401523825,exchange_guard_proxy_touch,False,-0.9388599999999774,0.34164078000000003,-0.05658013458240001,0.17110204800000003,-1.3370809145823774,-46.887138881553675,1,True
ETHUSDT,long,65e279b7269367d1c2aa219377d74b65bf53c13c830cf66af9c59f395b5adcca,ETHUSDT|long|high_volume,1748365860000,1748397540000,2025-05-27T17:11:00+00:00,2025-05-28T01:59:00+00:00,2686.94,2630.17,0.12,322.4328,64.48656,5,2632.41,2632.41,7.195231919999998,4.151710779308183,exchange_guard_proxy_touch,False,-6.812399999999998,0.38283192,-0.03191796,0.19345968,-7.227149879999998,-224.14437613046806,1,True
ETHUSDT,long,1d7f23198320d3f9ae042ee489d9e0ca9b68dce78a91941df0aed6d3f204c138,ETHUSDT|long|confirmed_volume,1748430360000,1748441820000,2025-05-28T11:06:00+00:00,2025-05-28T14:17:00+00:00,2646.48,2620.12,0.24,635.1552,127.03104,5,2622.35,2622.35,7.0847904000000295,1.663640539551151,exchange_guard_proxy_touch,False,-6.326400000000031,0.7583903999999999,0.0,0.38109311999999995,-7.08479040000003,-111.54423989601328,1,True
ETHUSDT,long,0a193f38f05bbc3dec987d3349468f866a33315c780b3f79ae22b19964678d66,ETHUSDT|long|high_volume,1748469360000,1748519100000,2025-05-28T21:56:00+00:00,2025-05-29T11:45:00+00:00,2649.94,2707.68,0.16,423.9904,84.79808,5,2611.99,2709.99,6.933731199999974,4.2622987084733355,exchange_guard_proxy_touch,False,9.238399999999965,0.5143315199999999,-0.08656640000000002,0.25439424,8.637502079999964,203.7192842102077,1,True
BTCUSDT,long,a30814dd5f1f8e840f08ebc9534e921fc9ea45763ebb56a121152ce8ab8f6b7b,BTCUSDT|long|confirmed_volume,1748502960000,1748526540000,2025-05-29T07:16:00+00:00,2025-05-29T13:49:00+00:00,108037.3,107346.5,0.0089,961.53197,192.306394,5,107437.9,107437.9,7.298269492000026,1.6389120847437717,exchange_guard_proxy_touch,False,-6.148120000000026,1.150149492,-0.026988775985999996,0.5769191819999999,-7.325258267986026,-76.18320031507665,1,True
ETHUSDT,long,414cd88e05ae7bee6b8a8523ff0912860031684c427f717a5306fd150412b2f9,ETHUSDT|long|high_volume,1748696460000,1748736720000,2025-05-31T13:01:00+00:00,2025-06-01T00:12:00+00:00,2537.65,2518.89,0.19,482.1535,96.4307,5,2506.2599999999998,2521.04,6.945461780000038,4.416962217496483,exchange_guard_proxy_touch,False,-3.5644000000000413,0.57644556,-0.049298531925,0.2892921,-4.190144091925042,-86.90477393454661,1,True
BTCUSDT,long,109438da818f858e95bdc9211c46e98b8d27c5a044ed955cc45d5ad0ae38bb65,BTCUSDT|long|confirmed_volume,1748696460000,1748741700000,2025-05-31T13:01:00+00:00,2025-06-01T01:35:00+00:00,104037.6,104126.3,0.007200000000000001,749.0707200000002,149.81414400000003,5,103249.79999999999,104214.9,7.199422272000042,1.558955077343767,exchange_guard_proxy_touch,False,0.6386399999999791,0.8992680480000002,-0.030883172436,0.449442432,-0.29151122043602107,-3.8916381678357554,1,True
BTCUSDT,long,a7085560693f54d1b03dd8cb711315aad9362a5a71302ff41804c65f2eea92f9,BTCUSDT|long|high_volume,1748752560000,1748758800000,2025-06-01T04:36:00+00:00,2025-06-01T06:20:00+00:00,104662.70000000001,104126.3,0.0109,1140.8234300000001,228.16468600000002,5,104214.9,104214.9,7.212240060000096,3.029748583931725,exchange_guard_proxy_touch,False,-5.846760000000095,1.3654800599999999,0.0,0.6844940580000001,-7.212240060000095,-63.219599723684624,1,True
BTCUSDT,long,276f16767de09d643ca89ddb8f43e5f43f90effbce976f1f7dc110e99a878a74,BTCUSDT|long|confirmed_volume,1748768460000,1748768940000,2025-06-01T09:01:00+00:00,2025-06-01T09:09:00+00:00,104476.90000000001,104049.3,0.0129,1347.7520100000002,269.550402,5,104137.9,104137.9,7.130032788000075,1.8559426905730938,exchange_guard_proxy_touch,False,-5.516040000000075,1.613992788,0.0,0.8086512060000001,-7.130032788000075,-52.9031508400427,1,True
ETHUSDT,long,8b9eb4b1507f67a37a9f0277a6c9055aa16fcc0764661fdad677d7c5c3744eb5,ETHUSDT|long|high_volume,1748815560000,1748834220000,2025-06-01T22:06:00+00:00,2025-06-02T03:17:00+00:00,2542.7400000000002,2489.43,0.12,305.1288,61.025760000000005,5,2491.5499999999997,2491.5499999999997,6.759516240000047,3.1006495566445835,exchange_guard_proxy_touch,False,-6.397200000000048,0.36231623999999996,-0.004830112248,0.18307727999999998,-6.764346352248048,-221.6882297655301,1,True
ETHUSDT,long,dfbc19e9a574889921d911b5a12c9933d3e1afea3491a9195f6cd298a9712139,ETHUSDT|long|high_volume,1748847960000,1748854320000,2025-06-02T07:06:00+00:00,2025-06-02T08:52:00+00:00,2504.56,2489.43,0.38,951.7328,190.34656,5,2491.5499999999997,2491.5499999999997,6.888029720000041,2.3247096910759426,exchange_guard_proxy_touch,False,-5.749400000000041,1.1386297199999997,-0.051209326756,0.5710396799999999,-6.939239046756041,-72.91163073034828,1,True
BTCUSDT,long,a69bd55e93027a59904ee02699b3ff457abcac0fbd9a4eb648ad9dc85e0430a0,BTCUSDT|long|high_volume,1748794260000,1748857500000,2025-06-01T16:11:00+00:00,2025-06-02T09:45:00+00:00,105254.0,104431.0,0.004,421.016,84.20320000000001,5,103708.5,104519.9,7.036098319999988,11.26851857713515,exchange_guard_proxy_touch,False,-3.2920000000000003,0.503244,-0.020856717464000002,0.2526096,-3.8161007174640003,-90.64027774393372,1,True
BTCUSDT,long,98657320e0aec634d99034d0855ad2bcaa92a0fa1cb702f1a13cbe549aa8ec1e,BTCUSDT|long|high_volume,1748901960000,1748938200000,2025-06-02T22:06:00+00:00,2025-06-03T08:10:00+00:00,105141.0,104973.0,0.005,525.705,105.141,5,103984.09999999999,105062.4,6.853610099999941,3.961501594625905,exchange_guard_proxy_touch,False,-0.84,0.630342,-0.05836731712,0.31542299999999995,-1.5287093171200001,-29.0792234641101,1,True
ETHUSDT,long,8b933141da3148e608ed65113fa27d71f503c08afc890bd1b9f940069e34c1e2,ETHUSDT|long|high_volume,1748901960000,1748982600000,2025-06-02T22:06:00+00:00,2025-06-03T20:30:00+00:00,2566.83,2599.53,0.14,359.3562,71.87124,5,2522.87,2601.75,6.882754199999955,9.059760288943306,exchange_guard_proxy_touch,False,4.5780000000000385,0.43397424000000007,-0.053880122030000005,0.21561371999999998,4.090145637970038,113.81870238971912,1,True
BTCUSDT,long,8748b73d5a09db898234874225b371f2b8a43b9b3d7a118fa4cef5b90c9957e8,BTCUSDT|long|confirmed_volume,1748978760000,1748997060000,2025-06-03T19:26:00+00:00,2025-06-04T00:31:00+00:00,106330.5,105110.8,0.0044,467.85420000000005,93.57084,5,104969.29999999999,105200.29999999999,6.93979572,1.5731063942771089,exchange_guard_proxy_touch,False,-5.366679999999987,0.5582050319999999,5.0979768400000015e-05,0.28071252,-5.924834052231588,-126.6384709644925,1,True
BTCUSDT,long,4fd08c9e0dc240bf2cd2ad43b0a5ebb927dbecd55d988ee5c98c05d9bfb03a29,BTCUSDT|long|high_volume,1749003060000,1749018660000,2025-06-04T02:11:00+00:00,2025-06-04T06:31:00+00:00,105862.40000000001,105110.8,0.0078000000000000005,825.7267200000001,165.14534400000002,5,105200.29999999999,105200.29999999999,6.849834576000046,2.737827026602224,exchange_guard_proxy_touch,False,-5.862480000000046,0.987354576,0.0,0.495436032,-6.849834576000045,-82.95522489571421,1,True
BTCUSDT,long,9fe26355d6ff2b9b41fafa5a8a213bdd4f4deb4ebe8a020aa070e0f1cf2da8cf,BTCUSDT|long|high_volume,1749030360000,1749036840000,2025-06-04T09:46:00+00:00,2025-06-04T11:34:00+00:00,105765.6,105110.40000000001,0.008700000000000001,920.1607200000002,184.03214400000005,5,105199.9,105199.9,6.801012719999975,5.163875912361984,exchange_guard_proxy_touch,False,-5.700239999999975,1.10077272,0.0,0.552096432,-6.801012719999975,-73.91113934965594,1,True
BTCUSDT,long,db6048d910ea7cde6fbd4bf21796b05bf620268e69e001bd0d432d975dc10dcb,BTCUSDT|long|confirmed_volume,1749083760000,1749105300000,2025-06-05T00:36:00+00:00,2025-06-05T06:35:00+00:00,104922.8,104261.20000000001,0.0085,891.8438000000001,178.36876,5,104349.9,104349.9,6.690438399999926,1.902539647064864,exchange_guard_proxy_touch,False,-5.623599999999926,1.0668384,0.0,0.53510628,-6.690438399999926,-75.01805136729017,1,True
ETHUSDT,long,cdb0c111b8949ad47794557c85d74d1afe8d9be1930104452b94f78f474c7377,ETHUSDT|long|high_volume,1749006960000,1749111600000,2025-06-04T03:16:00+00:00,2025-06-05T08:20:00+00:00,2632.73,2594.73,0.12,315.9276,63.18552,5,2582.3999999999996,2596.9399999999996,6.6789309599999696,4.812917894726554,exchange_guard_proxy_touch,False,-4.56,0.37637711999999995,-0.083253980328,0.18955655999999999,-5.019631100328,-158.88548833112398,1,True
ETHUSDT,long,dc03098dbd98e43ec349fbb495e1e7def99564259c737d23b9f9f95b937550f5,ETHUSDT|long|confirmed_volume,1749118260000,1749119880000,2025-06-05T10:11:00+00:00,2025-06-05T10:38:00+00:00,2613.83,2594.73,0.29,758.0106999999999,151.60214,5,2596.9399999999996,2596.9399999999996,6.445289439999972,1.9353600189347815,exchange_guard_proxy_touch,False,-5.538999999999973,0.9062894399999998,0.0,0.4548064199999999,-6.445289439999973,-85.0290034164422,1,True
ETHUSDT,long,b7aabc83b483a33ef38faf83946e50a4f30b82c20707a521d56ce48b9d372bce,ETHUSDT|long|high_volume,1749125460000,1749131220000,2025-06-05T12:11:00+00:00,2025-06-05T13:47:00+00:00,2616.54,2594.73,0.26,680.3004,136.06008,5,2596.9399999999996,2596.9399999999996,6.483558119999985,3.892651058198775,exchange_guard_proxy_touch,False,-5.670599999999986,0.81295812,0.0,0.40818023999999997,-6.483558119999986,-95.30434084707267,1,True
ETHUSDT,long,d3dcb15542c76d4f11f40c522fc9a2afb7ca72f00b7b55900e6fc81ada1aa324,ETHUSDT|long|high_volume,1749242760000,1749248280000,2025-06-06T20:46:00+00:00,2025-06-06T22:18:00+00:00,2504.38,2480.09,0.23,576.0074000000001,115.20148000000002,5,2482.2,2482.2,6.274556859999992,2.875996243087502,exchange_guard_proxy_touch,False,-5.586699999999992,0.68785686,0.0,0.34560443999999996,-6.274556859999992,-108.93187934738322,1,True
ETHUSDT,long,6a6b738baa533c04e7408fcddae23ddb1aec3c7930a16cba4682ee5a352c9145,ETHUSDT|long|high_volume,1749295560000,1749374820000,2025-06-07T11:26:00+00:00,2025-06-08T09:27:00+00:00,2499.38,2503.4700000000003,0.26,649.8388000000001,129.96776000000003,5,2480.24,2505.6,6.30149156,5.928940361064842,exchange_guard_proxy_touch,False,1.0634000000000379,0.7804446,-0.17205421121199999,0.38990328,0.11090118878803784,1.7065953708525534,1,True
ETHUSDT,long,c5e408c83bcb6ecdd1486ef2079b0ea3339592750e02fabaed365a440d390d57,ETHUSDT|long|high_volume,1749486060000,1749631140000,2025-06-09T16:21:00+00:00,2025-06-11T08:39:00+00:00,2553.15,2768.77,0.12,306.378,61.2756,5,2507.97,2771.1299999999997,6.042646560000019,7.329494500584315,exchange_guard_proxy_touch,False,25.874399999999987,0.38317823999999995,-0.16433088,0.18382679999999998,25.326890879999986,826.6550104772531,1,True
ETHUSDT,long,00f265b00d0f84261c5f514c5bca26e851eb5611c50edb080b9059cc02f9e96e,ETHUSDT|long|high_volume,1749710460000,1749713820000,2025-06-12T06:41:00+00:00,2025-06-12T07:37:00+00:00,2776.36,2750.65,0.23,638.5628,127.71256000000001,5,2753.0,2753.0,6.676027380000009,3.140714042857464,exchange_guard_proxy_touch,False,-5.913300000000008,0.76272738,0.0,0.38313768,-6.676027380000009,-104.54770274748245,1,True
ETHUSDT,long,5508f887fd54b29e2fd17752184b991617681f7c122e3a031a71529b4f9086f0,ETHUSDT|long|high_volume,1749816060000,1749824640000,2025-06-13T12:01:00+00:00,2025-06-13T14:24:00+00:00,2545.94,2503.21,0.14,356.43160000000006,71.28632000000002,5,2505.3399999999997,2505.3399999999997,6.406328600000004,3.067286837817632,exchange_guard_proxy_touch,False,-5.982200000000003,0.42412859999999997,0.0,0.21385896000000001,-6.406328600000004,-179.7351469398337,1,True
ETHUSDT,long,2a2289d7af85951584bc511854f5f8e9060e7fbb6f4ca0e041a7f74f72edec80,ETHUSDT|long|high_volume,1749831360000,1749881940000,2025-06-13T16:16:00+00:00,2025-06-14T06:19:00+00:00,2579.5,2543.65,0.08,206.36,41.272000000000006,5,2505.3399999999997,2545.8199999999997,6.347170079999998,3.252557412700881,exchange_guard_proxy_touch,False,-2.8679999999999928,0.24591119999999997,-0.00942965856,0.123816,-3.123340858559993,-151.35398616786165,1,True
ETHUSDT,long,ab4e571a73892b8d8286fad56926f7f95775294496675f9365c18331aa37f59c,ETHUSDT|long|high_volume,1749962460000,1749972720000,2025-06-15T04:41:00+00:00,2025-06-15T07:32:00+00:00,2536.71,2521.62,0.35000000000000003,887.8485000000001,177.5697,5,2523.77,2523.77,6.343749300000052,2.9718009379411994,exchange_guard_proxy_touch,False,-5.281500000000052,1.0622493,0.0,0.5327091,-6.343749300000052,-71.45080833047588,1,True
ETHUSDT,long,c2b9482af2d49305c8c2e80e2516d942112c5847ec73364cd47cc57a0e044f72,ETHUSDT|long|high_volume,1750051260000,1750113600000,2025-06-16T05:21:00+00:00,2025-06-16T22:40:00+00:00,2581.09,2589.4,0.08,206.48720000000003,41.29744000000001,5,2513.37,2591.6099999999997,5.83323136000001,2.561027257436895,exchange_guard_proxy_touch,False,0.6647999999999956,0.24818352,-0.02738027904,0.12389232,0.3892362009599956,18.850379149893822,1,True
ETHUSDT,long,be48daa0a12247f88f8d9508c1d31751d806eb0e732d8b789f9d83e34f996994,ETHUSDT|long|high_volume,1750169760000,1750172160000,2025-06-17T14:16:00+00:00,2025-06-17T14:56:00+00:00,2564.62,2538.48,0.22,564.2164,112.84328000000001,5,2540.64,2540.64,6.424409199999972,3.137693017022979,exchange_guard_proxy_touch,False,-5.750799999999972,0.6736091999999999,0.0,0.33852983999999997,-6.424409199999972,-113.86427618906455,1,True
ETHUSDT,long,ed3d649a0058692e42abfe00d0bd8065989b20c6319b6cd4bba7f11667e01b69,ETHUSDT|long|confirmed_volume,1750221960000,1750242120000,2025-06-18T04:46:00+00:00,2025-06-18T10:22:00+00:00,2540.85,2514.25,0.11,279.4935,55.8987,5,2490.99,2516.39,6.0497615200000014,1.9659014951785585,exchange_guard_proxy_touch,False,-2.92599999999999,0.3336366,-0.018891688266,0.1676961,-3.2785282882659903,-117.30248783123724,1,True
ETHUSDT,long,ff074ed257e9b6f10d30c046f707b7aec590a0af82ba0211ea83ba424a4b7258,ETHUSDT|long|high_volume,1750309860000,1750344300000,2025-06-19T05:11:00+00:00,2025-06-19T14:45:00+00:00,2527.43,2503.38,0.23,581.3089,116.26178,5,2505.5099999999998,2505.5099999999998,6.225751779999937,2.83757244202739,exchange_guard_proxy_touch,False,-5.531499999999937,0.6942517799999999,-0.027753329684,0.34878534,-6.253505109683937,-107.57628361932765,1,True
ETHUSDT,long,c7cb285c929ba2e7a235661f72739687e878d93f65495a89c4bcf8c3b115a9a2,ETHUSDT|long|confirmed_volume,1750403760000,1750431000000,2025-06-20T07:16:00+00:00,2025-06-20T14:50:00+00:00,2528.91,2500.3,0.19,480.49289999999996,96.09858,5,2502.43,2502.43,6.009229939999938,1.7664013845361186,exchange_guard_proxy_touch,False,-5.435899999999938,0.5733299399999999,-0.04340189342,0.28829573999999997,-6.052631833419937,-125.96714401856796,1,True
ETHUSDT,long,dc34263986b55e6b730976ea2b84063ff2a8be4eacd19ecaead3bf2e5c3272d4,ETHUSDT|long|high_volume,1750493160000,1750536240000,2025-06-21T08:06:00+00:00,2025-06-21T20:04:00+00:00,2431.4,2377.96,0.11,267.454,53.4908,5,2379.99,2379.99,6.195817760000006,4.124919663980513,exchange_guard_proxy_touch,False,-5.878400000000006,0.31741776000000005,-0.013352290556,0.1604724,-6.209170050556006,-232.15842913383258,1,True
ETHUSDT,long,40243f5a430f6ed27721a5201ce218d434b840a06237e7b35a3f1e0c26e185a0,ETHUSDT|long|confirmed_volume,1750539360000,1750541040000,2025-06-21T20:56:00+00:00,2025-06-21T21:24:00+00:00,2406.88,2377.96,0.19,457.3072,91.46144000000001,5,2379.99,2379.99,6.040271760000014,1.5367700895932466,exchange_guard_proxy_touch,False,-5.494800000000014,0.54547176,0.0,0.27438431999999996,-6.040271760000014,-132.08346074586214,1,True
ETHUSDT,short,f3a06624eb16b4ab3966bda8cfcbb3bfa1f069c592aab862f348a21a6045165f,ETHUSDT|short|high_volume,1750764060000,1750773900000,2025-06-24T11:21:00+00:00,2025-06-24T14:05:00+00:00,2396.03,2436.18,0.14,335.4442000000001,67.08884000000002,5,2434.11,2434.11,6.02690563999995,2.4471049108882426,exchange_guard_proxy_touch,False,-5.62099999999995,0.40590564,0.0,0.20126652000000003,-6.02690563999995,-179.66939479054784,1,True
ETHUSDT,short,a20f8e96d719c628a00b17661bfb4a455d14846af08ec8c2420b67ace7547c28,ETHUSDT|short|high_volume,1750829160000,1750885320000,2025-06-25T05:26:00+00:00,2025-06-25T21:02:00+00:00,2425.07,2447.96,0.12,291.0084,58.201679999999996,5,2467.8500000000004,2445.88,5.738041440000013,2.9813992010532506,exchange_guard_proxy_touch,False,-2.746799999999985,0.35085816000000003,0.00338044512,0.17460504,-3.094277714879985,-106.3294982165458,1,True
ETHUSDT,short,819d52126fd56ba33df8f8d97380c62fc1643a8226e1c8623d1926011927aec3,ETHUSDT|short|high_volume,1750889160000,1750901520000,2025-06-25T22:06:00+00:00,2025-06-26T01:32:00+00:00,2416.44,2447.96,0.17,410.79480000000007,82.15896000000001,5,2445.88,2445.88,5.8545687999999965,2.2799236981334268,exchange_guard_proxy_touch,False,-5.358399999999997,0.49616879999999997,0.011329549632,0.24647687999999998,-5.843239250367997,-142.2422886163115,1,True
ETHUSDT,short,ff8557d19984a3a141005715b45fb590c0fc3e04d189b7dd9a5eb38eb5a01a13,ETHUSDT|short|high_volume,1750940760000,1751008620000,2025-06-26T12:26:00+00:00,2025-06-27T07:17:00+00:00,2432.77,2454.42,0.08,194.6216,38.92432,5,2499.86,2452.3300000000004,5.774468480000021,4.467814345502643,exchange_guard_proxy_touch,False,-1.7320000000000073,0.23458511999999998,0.0024948172880000005,0.11677295999999998,-1.9640903027120074,-100.91841310070451,1,True
ETHUSDT,short,333e9e724f722eacc78e7132936d9703f827599d47d3422acd890fe74c3fd8d6,ETHUSDT|short|confirmed_volume,1751066760000,1751097360000,2025-06-27T23:26:00+00:00,2025-06-28T07:56:00+00:00,2415.2000000000003,2431.08,0.15,362.28000000000003,72.456,5,2448.7000000000003,2429.01,5.776439099999953,1.8308758732515689,exchange_guard_proxy_touch,False,-2.381999999999948,0.43616520000000003,0.030648873780000002,0.21736799999999998,-2.787516326219948,-76.94369896819995,1,True
ETHUSDT,short,de673f3e1d638367fcf35c021bee94eb569db19d5771cbf344d17563ed68b6c9,ETHUSDT|short|confirmed_volume,1751230860000,1751234520000,2025-06-29T21:01:00+00:00,2025-06-29T22:02:00+00:00,2429.12,2443.8,0.33,801.6096,160.32192,5,2441.7200000000003,2441.7200000000003,5.809238160000096,1.6599867748010615,exchange_guard_proxy_touch,False,-4.844400000000096,0.96483816,0.0,0.48096575999999996,-5.809238160000096,-72.46966802792902,1,True
ETHUSDT,short,b5f58f29b4e314138b5dc72eff51217ee7a8eeca082c2856f40f77965a08cd34,ETHUSDT|short|confirmed_volume,1751329860000,1751431080000,2025-07-01T00:31:00+00:00,2025-07-02T04:38:00+00:00,2475.76,2435.32,0.11,272.33360000000005,54.46672000000001,5,2521.6000000000004,2433.25,5.6088676599999765,1.9431552284774036,exchange_guard_proxy_touch,False,4.448400000000006,0.32413127999999997,0.005529987023,0.16340016000000002,4.129798707023006,151.64484687247574,1,True
ETHUSDT,short,65b8139687e94f26ec0a502de8e5d19cec2cce081b3de5dfa75a5a832925c40d,ETHUSDT|short|high_volume,1751546460000,1751549820000,2025-07-03T12:41:00+00:00,2025-07-03T13:37:00+00:00,2573.96,2618.2400000000002,0.12,308.8752,61.775040000000004,5,2616.01,2616.01,5.6874384000000235,14.101888439579907,exchange_guard_proxy_touch,False,-5.313600000000024,0.3738384,0.0,0.18532511999999998,-5.687438400000024,-184.13386377410762,1,True
ETHUSDT,short,6ab503577c1ba00f0d0839cd74c73532c0347e456c4570ed23572bbe1494f844,ETHUSDT|short|confirmed_volume,1751555460000,1751684520000,2025-07-03T15:11:00+00:00,2025-07-05T03:02:00+00:00,2577.89,2521.76,0.13,335.1257,67.02514,5,2616.01,2519.61,5.650798140000047,1.8115075389525421,exchange_guard_proxy_touch,False,7.2968999999999555,0.3977727,0.054374130382,0.20107541999999998,6.953501430381955,207.48935191726432,1,True
ETHUSDT,short,68f724c4dfeae1fecc47deea98ae425980d193ef48435349529c610c7b066b79,ETHUSDT|short|confirmed_volume,1751707260000,1751708880000,2025-07-05T09:21:00+00:00,2025-07-05T09:48:00+00:00,2506.91,2521.76,0.33,827.2803,165.45606,5,2519.61,2519.61,5.896176660000121,1.7305456607358862,exchange_guard_proxy_touch,False,-4.90050000000012,0.99567666,0.0,0.49636817999999994,-5.89617666000012,-71.27181270967192,1,True
ETHUSDT,short,117ca8583c0df5ce60fa64baff4f79b1135aa1ca7dd4f27c652e092c1e1e3383,ETHUSDT|short|high_volume,1751730660000,1751782620000,2025-07-05T15:51:00+00:00,2025-07-06T06:17:00+00:00,2504.15,2521.98,0.22,550.913,110.18260000000001,5,2524.7400000000002,2519.8300000000004,5.666897279999952,8.116921819007358,exchange_guard_proxy_touch,False,-3.922599999999984,0.66344916,0.052195530662,0.3305478,-4.533853629337984,-82.29708918355502,1,True
ETHUSDT,short,fa9f774ad49b3950b475e8570ce040b0b8d1b022a2da5708bc70aeedad7ad461,ETHUSDT|short|high_volume,1751789160000,1751805480000,2025-07-06T08:06:00+00:00,2025-07-06T12:38:00+00:00,2513.46,2521.98,0.5,1256.73,251.346,5,2519.8300000000004,2519.8300000000004,5.770631999999991,3.1804163262759664,exchange_guard_proxy_touch,False,-4.259999999999991,1.510632,0.0,0.754038,-5.770631999999991,-45.91783437969963,1,True
ETHUSDT,short,48a79cba702083b29566ca79b6a4a36a4df0c78d8944270fecd03e099c8f192f,ETHUSDT|short|high_volume,1751881860000,1751954700000,2025-07-07T09:51:00+00:00,2025-07-08T06:05:00+00:00,2566.3,2556.01,0.19,487.59700000000004,97.5194,5,2589.8900000000003,2553.8300000000004,5.490057599999949,3.744035904292926,exchange_guard_proxy_touch,False,1.9550999999999932,0.58394334,0.022155601471999995,0.2925582,1.393312261471993,28.575078629934,1,True
ETHUSDT,short,0154b68dd0bc45e3af420982b659bf09f815dbe7b401402104ae6d4a38c9d968,ETHUSDT|short|high_volume,1752033660000,1752039480000,2025-07-09T04:01:00+00:00,2025-07-09T05:38:00+00:00,2589.6,2628.25,0.13,336.648,67.3296,5,2626.01,2626.01,5.431492300000012,2.9372794194206233,exchange_guard_proxy_touch,False,-5.024500000000012,0.40699230000000003,0.0,0.20198879999999997,-5.431492300000012,-161.34040006178594,1,True
BTCUSDT,long,e23c0fa0c4b40eef9df73b2ddf1614cced72e89ec73497a159b7652c6aaa2dea,BTCUSDT|long|high_volume,1752128760000,1752144180000,2025-07-10T06:26:00+00:00,2025-07-10T10:43:00+00:00,111319.6,110799.8,0.008,890.5568000000001,178.11136000000002,5,110834.5,110894.09999999999,5.701087039999953,2.8864258294224148,exchange_guard_proxy_touch,False,-4.158400000000023,1.06617312,-0.075811198608,0.5343340799999999,-5.300384318608024,-59.51764467587046,1,True
BTCUSDT,long,4f66d0e62e6e138e7893e56133127547aceac7794b0425097fddbaf55bd7f0bb,BTCUSDT|long|high_volume,1752206460000,1752323820000,2025-07-11T04:01:00+00:00,2025-07-12T12:37:00+00:00,116804.20000000001,117354.90000000001,0.003,350.41260000000005,70.08252000000002,5,115186.59999999999,117454.79999999999,5.564207040000018,2.9582676617003036,exchange_guard_proxy_touch,False,1.6520999999999912,0.42148638000000005,-0.14088678000000002,0.21024756,1.0897268399999913,31.098392009876104,1,True
BTCUSDT,long,74f9c6f48ffff8a97b30de0e2a08cf13a3f2ecc2b5fda6bc0a51673d0dc34608,BTCUSDT|long|high_volume,1752370860000,1752444600000,2025-07-13T01:41:00+00:00,2025-07-13T22:10:00+00:00,117530.6,118224.70000000001,0.006900000000000001,810.9611400000001,162.19222800000003,5,116959.9,118325.29999999999,5.59475873999998,2.4879227823019763,exchange_guard_proxy_touch,False,4.789290000000041,0.9760269420000002,-0.16322681400000003,0.48657668400000004,3.6500362440000407,45.00876878021603,1,True
BTCUSDT,long,d2c8d96bef26cfdd637c76ac5955cc06805fb06e6e097cfa9aae397c6a5c2c3d,BTCUSDT|long|high_volume,1752450660000,1752540000000,2025-07-13T23:51:00+00:00,2025-07-15T00:40:00+00:00,119002.20000000001,119403.3,0.006200000000000001,737.8136400000002,147.56272800000005,5,118325.29999999999,119504.9,5.702984068000001,2.5296595430892954,exchange_guard_proxy_touch,False,2.486819999999946,0.88686846,-0.28411396790460003,0.44268818400000004,1.315837572095346,17.83428091808313,1,True
BTCUSDT,long,90b99685e37a733b3ea3099d5ea05e2df4f862ed3aa9133360c357598808ea4e,BTCUSDT|long|high_volume,1752582960000,1752583080000,2025-07-15T12:36:00+00:00,2025-07-15T12:38:00+00:00,117485.40000000001,116762.90000000001,0.0066,775.4036400000001,155.08072800000002,5,116862.29999999999,116862.29999999999,5.696123268,6.701201346220997,exchange_guard_proxy_touch,False,-4.7685,0.927623268,0.0,0.465242184,-5.696123268,-73.46010483004696,1,True
BTCUSDT,long,a178e45792c104ee5c21c825aa82d1d3c5dc6da1fc3b6938575484ce74ecb4cc,BTCUSDT|long|high_volume,1752585060000,1752590520000,2025-07-15T13:11:00+00:00,2025-07-15T14:42:00+00:00,117915.0,116762.90000000001,0.0043,507.0345,101.4069,5,116862.29999999999,116862.29999999999,5.559498981999963,4.311142322097379,exchange_guard_proxy_touch,False,-4.954029999999962,0.605468982,0.0,0.30422069999999996,-5.559498981999962,-109.64735105796474,1,True
BTCUSDT,long,e94c2e7a8e472312f06110ef6f525986c85a16bf9687537c4e75e6c7e51e8e5d,BTCUSDT|long|high_volume,1752627060000,1752706020000,2025-07-16T00:51:00+00:00,2025-07-16T22:47:00+00:00,118250.5,118678.90000000001,0.0023,271.97615,54.395230000000005,5,116049.9,118779.9,5.611588345999974,4.8377512908143885,exchange_guard_proxy_touch,False,0.9853200000000201,0.326962572,-0.054564533,0.16318569,0.6037928950000201,22.200214798246833,1,True
BTCUSDT,long,dc331e7f621b940cf1ceeab79ab3006b086c8887db4919c4b8aacf0299c620e9,BTCUSDT|long|high_volume,1752760560000,1752823500000,2025-07-17T13:56:00+00:00,2025-07-18T07:25:00+00:00,118383.40000000001,119624.6,0.0073,864.1988200000001,172.839764,5,117810.29999999999,119726.4,5.949179530000021,2.751387642206418,exchange_guard_proxy_touch,False,9.060759999999979,1.04247504,-0.173777595,0.518519292,7.84450736499998,90.77202124622178,1,True
ETHUSDT,long,0b0f8e931eeb42e029c622ab36bc19e353ef8a54d77c3edc85650575a0e6e706,ETHUSDT|long|high_volume,1752582960000,1752848700000,2025-07-15T12:36:00+00:00,2025-07-18T14:25:00+00:00,3005.69,3586.9300000000003,0.1,300.569,60.113800000000005,5,2957.99,3589.99,5.37966959999998,15.059544219788945,exchange_guard_proxy_touch,False,58.124000000000024,0.39555720000000005,-0.29903310000000005,0.18034139999999999,57.42940970000002,1910.6897151735548,1,True
ETHUSDT,long,f977d9eab16e74d6a90f5c86a69410a7d9404ce7fa550e4c7d00e0aa1b0d498b,ETHUSDT|long|high_volume,1752892860000,1752923700000,2025-07-19T02:41:00+00:00,2025-07-19T11:15:00+00:00,3561.73,3542.75,0.09,320.5557,64.11114,5,3504.89,3545.77,5.765236560000015,2.157687754078679,exchange_guard_proxy_touch,False,-1.7082000000000015,0.3836419199999999,-0.03213486,0.19233342,-2.123976780000002,-66.25921111370043,1,True
ETHUSDT,long,8cfeb30a598feb51c885067f2760600bd0dd07edb61ec9122b163d0df8847fcd,ETHUSDT|long|high_volume,1752924660000,1752926820000,2025-07-19T11:31:00+00:00,2025-07-19T12:07:00+00:00,3574.9700000000003,3542.75,0.17,607.7449000000001,121.54898000000003,5,3545.77,3545.77,6.203407440000044,6.127655530932899,exchange_guard_proxy_touch,False,-5.477400000000044,0.7260074400000001,0.0,0.36464694000000003,-6.203407440000044,-102.07255445500311,1,True
BTCUSDT,long,3a55c4199bda43d8fb328b680219035ffe3c52189cfa9295a742f06a6d5cb182,BTCUSDT|long|high_volume,1752921960000,1752934440000,2025-07-19T10:46:00+00:00,2025-07-19T14:14:00+00:00,118502.40000000001,117912.70000000001,0.0085,1007.2704000000001,201.45408000000003,5,118013.09999999999,118013.09999999999,6.218167009999976,4.885500174276752,exchange_guard_proxy_touch,False,-5.012449999999975,1.20571701,0.0,0.60436224,-6.218167009999975,-61.732847604774,1,True
BTCUSDT,long,b87f8ac3c0edb3ba5312a7863f2ab8e2493e9573af3f9570f00e95a6117d788f,BTCUSDT|long|confirmed_volume,1752996360000,1753012860000,2025-07-20T07:26:00+00:00,2025-07-20T12:01:00+00:00,118012.5,117636.1,0.011300000000000001,1333.5412500000002,266.70825,5,117714.09999999999,117736.2,6.100597670000001,1.7573973986816995,exchange_guard_proxy_touch,False,-4.253319999999935,1.5976975080000002,-0.13332225900000003,0.8001247499999999,-5.984339766999935,-44.87555047134788,1,True
BTCUSDT,long,12ffa5f9880fe7ceb26a437156c7f8e509944377106fd1b722cb6d4b079b21d6,BTCUSDT|long|high_volume,1753016160000,1753041840000,2025-07-20T12:56:00+00:00,2025-07-20T20:04:00+00:00,118178.6,117812.40000000001,0.0089,1051.78954,210.357908,5,117736.2,117912.7,6.087500498,2.0287012221778715,exchange_guard_proxy_touch,False,-3.259179999999974,1.26019194,-0.105615766,0.631073724,-4.624987705999974,-43.972558483515385,1,True
ETHUSDT,long,b09a3d5856497229e0d7948d651e21ba78a0142a7f03db866be0333d5b7c600c,ETHUSDT|long|high_volume,1752973860000,1753114500000,2025-07-20T01:11:00+00:00,2025-07-21T16:15:00+00:00,3617.9300000000003,3770.41,0.06,217.07580000000002,43.41516,5,3536.0699999999997,3773.62,5.34963564000002,5.8693494790077825,exchange_guard_proxy_touch,False,9.148799999999973,0.26598024,-0.11282574000000001,0.13024548,8.769994019999974,404.0060670051647,1,True
ETHUSDT,long,e1baf3cdb1feaca160af075acdfd95b290988f045cf5753dda002f46b5f935f2,ETHUSDT|long|high_volume,1753210560000,1753213260000,2025-07-22T18:56:00+00:00,2025-07-22T19:41:00+00:00,3721.85,3676.86,0.12,446.62199999999996,89.3244,5,3679.99,3679.99,5.931507119999973,3.4141470428366087,exchange_guard_proxy_touch,False,-5.398799999999974,0.53270712,0.0,0.26797319999999997,-5.931507119999974,-132.8082163440219,1,True
ETHUSDT,long,a0b69fbaea3d5760436d593c19d440ba89e5bbdc2c3c0326aea0a5eb21d07430,ETHUSDT|long|high_volume,1753221960000,1753248540000,2025-07-22T22:06:00+00:00,2025-07-23T05:29:00+00:00,3722.2000000000003,3708.83,0.08,297.776,59.5552,5,3654.5299999999997,3711.99,6.016333760000016,2.388359102158522,exchange_guard_proxy_touch,False,-1.0696000000000276,0.35668944,-0.029968160000000004,0.1786656,-1.4562576000000276,-48.90446510128511,1,True
BTCUSDT,long,5f0c12ad27a18215b40c87cc80ddd64ec4f92d06f069a04905771f306bd80ee8,BTCUSDT|long|confirmed_volume,1753180860000,1753251180000,2025-07-22T10:41:00+00:00,2025-07-23T06:13:00+00:00,118800.90000000001,118421.1,0.0023,273.24207,54.648414,5,116484.09999999999,118521.9,5.88112654200002,1.6291185591560553,exchange_guard_proxy_touch,False,-0.8735400000000066,0.32736635999999997,-0.054945505,0.163945242,-1.2558518650000066,-45.96114591724498,1,True
BTCUSDT,long,d3cb8672054478cda98d3d34ed5672d76b7dda0fa62c827b0b7f1ad72ad24bc5,BTCUSDT|long|high_volume,1753315260000,1753340460000,2025-07-24T00:01:00+00:00,2025-07-24T07:01:00+00:00,118761.3,117219.1,0.0035,415.66455,83.13291000000001,5,117318.9,117318.9,5.89325883999999,7.073959374572007,exchange_guard_proxy_touch,False,-5.39769999999999,0.49555884000000006,0.0,0.24939872999999999,-5.89325883999999,-141.7792024843107,1,True
BTCUSDT,long,74a1faa9304ffb565cbcbe69d0f190a61a839977bd2f561c27ac5b773eeffc59,BTCUSDT|long|high_volume,1753341360000,1753366140000,2025-07-24T07:16:00+00:00,2025-07-24T14:09:00+00:00,118070.8,117822.6,0.006,708.4248,141.68496,5,117318.9,117922.9,5.957243639999983,2.7087159781922163,exchange_guard_proxy_touch,False,-1.4891999999999825,0.8492162400000001,-0.07102086000000002,0.42505487999999997,-2.4094370999999826,-34.01119074318097,1,True
BTCUSDT,long,d5329e7d6d852a1380eb8b502cc4e272fdc19b9c29166ea37d9cda68a00e7057,BTCUSDT|long|confirmed_volume,1753368660000,1753402800000,2025-07-24T14:51:00+00:00,2025-07-25T00:20:00+00:00,118952.20000000001,117822.6,0.0046,547.18012,109.436024,5,117922.9,117922.9,5.849658448000026,1.6132406303869,exchange_guard_proxy_touch,False,-5.1961600000000265,0.6534984479999999,-0.10918950999999999,0.328308072,-5.958847958000026,-108.90103167490857,1,True
ETHUSDT,long,e36354d08fc945db50e86159130e24ef4dcdb0203f6335de1a5c6dc2e411efbc,ETHUSDT|long|high_volume,1753475460000,1753529400000,2025-07-25T20:31:00+00:00,2025-07-26T11:30:00+00:00,3662.12,3726.14,0.08,292.9696,58.593920000000004,5,3599.99,3729.31,5.563634399999968,2.0205742536848015,exchange_guard_proxy_touch,False,5.121599999999999,0.35463648,-0.05972176000000001,0.17578175999999998,4.707241759999999,160.6733859076163,1,True
BTCUSDT,long,fc50fdf34b18c0d4c88fdce97e3121017c1ecb71dc279e19dd85df9ceaec6556,BTCUSDT|long|high_volume,1753472460000,1753574700000,2025-07-25T19:41:00+00:00,2025-07-27T00:05:00+00:00,116975.1,117745.8,0.0024000000000000002,280.74024000000003,56.148048,5,114846.0,117846.0,5.678001696000008,2.498921954945151,exchange_guard_proxy_touch,False,1.849679999999993,0.337998096,-0.11300923200000002,0.168444144,1.3986726719999931,49.82088324780206,1,True
BTCUSDT,long,8c7e7e12e63e6d2ce86ed2ac717600502d0b2d07e7bff418daf143cd984dce23,BTCUSDT|long|confirmed_volume,1753578960000,1753606920000,2025-07-27T01:16:00+00:00,2025-07-27T09:02:00+00:00,118203.70000000001,117745.8,0.0099,1170.2166300000001,234.04332600000004,5,117846.0,117846.0,5.934750030000087,1.5633792483630162,exchange_guard_proxy_touch,False,-4.533210000000087,1.40154003,-0.116902665,0.702129978,-6.051652695000087,-51.71395227053034,1,True
BTCUSDT,long,7e69a9866449bde223299ed66c8437c34724f0620f3180151a3f8aea7ef46629,BTCUSDT|long|confirmed_volume,1753625460000,1753686420000,2025-07-27T14:11:00+00:00,2025-07-28T07:07:00+00:00,118370.6,118848.6,0.0074,875.94244,175.188488,5,117822.09999999999,118949.79999999999,5.848630699999979,1.916217369109307,exchange_guard_proxy_touch,False,3.5372000000000003,1.0532532479999999,-0.176123256,0.5255654639999999,2.3078234960000006,26.346748263504626,1,True
ETHUSDT,long,68561bfd9404b81190199340188e485b80b7fd24f852e88abe17b49e7c8e3485,ETHUSDT|long|confirmed_volume,1753592160000,1753709100000,2025-07-27T04:56:00+00:00,2025-07-28T13:25:00+00:00,3791.38,3838.41,0.08,303.3104,60.66208,5,3728.35,3841.68,5.656794879999985,1.7145243007355029,exchange_guard_proxy_touch,False,3.7623999999999795,0.36622992,-0.1194034028,0.18198624,3.2767666771999795,108.03344287568046,1,True
BTCUSDT,long,e14ed67c82f8bdcc88076d6a70737f3b943678a85a878f3a08f0d6ff6e9cb0b8,BTCUSDT|long|confirmed_volume,1753768260000,1753797960000,2025-07-29T05:51:00+00:00,2025-07-29T14:06:00+00:00,118844.1,118018.5,0.0035,415.95435000000003,83.19087,5,117406.2,118119.0,5.87786604999999,1.5043954574193863,exchange_guard_proxy_touch,False,-2.8896000000000206,0.49741146,-0.041599670000000005,0.24957261,-3.4286111300000206,-82.42758201711365,1,True
ETHUSDT,long,c997107dceddd0611ecf638fd4b20a7e97cc449effa406fdd783b835e949140b,ETHUSDT|long|high_volume,1753840260000,1753867860000,2025-07-30T01:51:00+00:00,2025-07-30T09:31:00+00:00,3809.05,3781.87,0.07,266.6335,53.3267,5,3739.99,3785.0899999999997,5.3737261200000175,3.5985602149199907,exchange_guard_proxy_touch,False,-1.9026000000000205,0.31881864,-0.013553229872,0.15998010000000001,-2.2349718698720205,-83.82187046533988,1,True
BTCUSDT,long,8bf007745c19522e0c302284895abf9ccca17c23633792cf43f1a89c48bfe8b7,BTCUSDT|long|high_volume,1753841760000,1753876140000,2025-07-30T02:16:00+00:00,2025-07-30T11:49:00+00:00,118178.90000000001,117516.0,0.0057,673.6197300000001,134.723946,5,117387.9,117616.0,5.8828571400000165,2.561806741947581,exchange_guard_proxy_touch,False,-3.7785300000000497,0.8060765580000001,-0.067307424,0.40417183800000006,-4.65191398200005,-69.05845798192473,1,True
BTCUSDT,long,f3b39c44c7af1af4290678489cf21b447dd6327865c20c960b289d5b972d1467,BTCUSDT|long|high_volume,1753966560000,1753967640000,2025-07-31T12:56:00+00:00,2025-07-31T13:14:00+00:00,118651.20000000001,118138.0,0.0088,1044.13056,208.82611200000002,5,118238.59999999999,118238.59999999999,5.766406976000103,3.0023206933812365,exchange_guard_proxy_touch,False,-4.516160000000102,1.2502469760000001,0.0,0.626478336,-5.766406976000102,-55.22687676146651,1,True
ETHUSDT,long,043b17649ce168fdd5c0f5f6978ce9ae53d0bd1bd83a6f721c3133cea8d98a67,ETHUSDT|long|high_volume,1754134260000,1754145420000,2025-08-02T11:31:00+00:00,2025-08-02T14:37:00+00:00,3514.34,3469.04,0.08,281.1472,56.22944,5,3453.1299999999997,3472.0,5.466297440000008,5.692098800894792,exchange_guard_proxy_touch,False,-3.6240000000000148,0.33520224,0.0,0.16868831999999997,-3.959202240000015,-140.82310761053338,1,True
ETHUSDT,long,67e1bc9332f757cfdedfa43b1a22f3532f2c0e0eb87795148df4fc283178832b,ETHUSDT|long|high_volume,1754249160000,1754364000000,2025-08-03T19:26:00+00:00,2025-08-05T03:20:00+00:00,3506.73,3655.77,0.09,315.6057,63.121140000000004,5,3452.7799999999997,3658.89,5.495754779999988,5.3748626232060905,exchange_guard_proxy_touch,False,13.413599999999997,0.3867749999999999,-0.021306999393,0.18936341999999995,13.005518000606997,412.08121401505093,1,True
ETHUSDT,long,f1e4f71d21261d500dbfb79c75b3af1d4d7ffb75ecf1717ed97ea1ea46ef64e7,ETHUSDT|long|high_volume,1754373960000,1754376120000,2025-08-05T06:06:00+00:00,2025-08-05T06:42:00+00:00,3674.71,3655.77,0.25,918.6775,183.7355,5,3658.89,3658.89,5.834572000000014,3.2132928277057333,exchange_guard_proxy_touch,False,-4.735000000000014,1.0995719999999998,0.0,0.5512064999999999,-5.834572000000014,-63.510557295677906,1,True
ETHUSDT,long,e0016ce4c88de303037b14eb9137fbfa1f25f2f0d5814c3e6bc0e80b301d5e93,ETHUSDT|long|high_volume,1754435160000,1754482320000,2025-08-05T23:06:00+00:00,2025-08-06T12:12:00+00:00,3609.27,3604.92,0.09,324.8343,64.96686,5,3557.99,3607.99,5.274768419999995,4.2745555532264845,exchange_guard_proxy_touch,False,-0.3914999999999918,0.38956626,-0.034691567822999994,0.19490058,-0.8157578278229918,-25.113044645315835,1,True
ETHUSDT,long,26b6e5817c8d593c3f6308f27ec7e46c64a1b888336328847712475fde79166d,ETHUSDT|long|high_volume,1754492460000,1754535240000,2025-08-06T15:01:00+00:00,2025-08-07T02:54:00+00:00,3637.59,3645.07,0.15,545.6385,109.1277,5,3607.99,3648.18,5.552325900000011,3.3160130045688754,exchange_guard_proxy_touch,False,1.1220000000000028,0.6554393999999999,-0.068699803545,0.3273831,0.3978607964550029,7.2916554908607605,1,True
ETHUSDT,long,0512d797402bf958b3730d7c3cadf934da23cca996a46779c657f26e8272754a,ETHUSDT|long|high_volume,1754544360000,1754794860000,2025-08-07T05:26:00+00:00,2025-08-10T03:01:00+00:00,3676.63,4235.12,0.16,588.2608,117.65216000000001,5,3648.18,4238.73,5.7524831999999915,4.995439355195083,exchange_guard_proxy_touch,False,89.35839999999996,0.759528,-0.5050156860160001,0.35295648,88.09385631398396,1497.5306244098529,1,True
ETHUSDT,long,d4d47ec7771684e1ef52dfce9ccad9b6dc0ffe619de3b9c5f08b6f07403c7e7d,ETHUSDT|long|high_volume,1754871660000,1754912940000,2025-08-11T00:21:00+00:00,2025-08-11T11:49:00+00:00,4259.9400000000005,4180.4800000000005,0.07,298.1958000000001,59.63916000000002,5,4184.04,4184.04,5.916697640000002,2.4918956072414664,exchange_guard_proxy_touch,False,-5.562200000000003,0.35449764000000006,-0.027978291054000008,0.17891748000000002,-5.944675931054003,-199.35478403968136,1,True
ETHUSDT,long,26210fb748d3f3dcb41db6859790731c87bd6bb613073b746b8c1a455441325f,ETHUSDT|long|high_volume,1754958060000,1754997060000,2025-08-12T00:21:00+00:00,2025-08-12T11:11:00+00:00,4243.68,4262.36,0.09,381.9312,76.38624,5,4185.59,4265.99,6.0034883400000485,4.510569565228554,exchange_guard_proxy_touch,False,1.6811999999999443,0.45932616,-0.03882807,0.22915871999999998,1.1830457699999442,30.975363363871406,1,True
BTCUSDT,long,f6497b4fcd472b9b0053e5a18ddf5dc775c93064d3c91df2f572f831c772751f,BTCUSDT|long|high_volume,1755130260000,1755168120000,2025-08-14T00:11:00+00:00,2025-08-14T10:42:00+00:00,123884.6,121215.20000000001,0.0016,198.21536000000003,39.643072000000004,5,120066.0,121318.4,6.507214559999996,2.9662393203351045,exchange_guard_proxy_touch,False,-4.271039999999991,0.235295808,-0.019478768,0.118929216,-4.525814575999991,-228.32814651700002,1,True
ETHUSDT,long,1d5dd4c589d028bdc2df3eb94f36d1f2040373fe9f1221c003d3c2acff43205c,ETHUSDT|long|high_volume,1755001860000,1755168120000,2025-08-12T12:31:00+00:00,2025-08-14T10:42:00+00:00,4349.37,4712.9800000000005,0.07,304.45590000000004,60.891180000000006,5,4265.99,4716.99,6.452392660000016,4.266006573056931,exchange_guard_proxy_touch,False,25.452700000000043,0.38061870000000003,-0.19492704,0.18267354000000002,24.877154260000044,817.1020584590426,1,True
BTCUSDT,long,8e74fd02ec1b2f8fa0f7a8fe757859a5f798a32fdaf4b9e8a6738b4ce9460fa8,BTCUSDT|long|confirmed_volume,1755256260000,1755261000000,2025-08-15T11:11:00+00:00,2025-08-15T12:30:00+00:00,119077.6,118449.1,0.0033,392.95608000000004,78.591216,5,117254.9,118549.9,6.811660943999981,1.6986123102719068,exchange_guard_proxy_touch,False,-2.07405,0.470302866,0.0,0.23577364799999997,-2.544352866,-64.74903928194723,1,True
BTCUSDT,long,b22d0732ed9613a1fe729e5fb6ccbcc8bf6f4b1f0a970769f83c997495a64281,BTCUSDT|long|confirmed_volume,1755305460000,1755326160000,2025-08-16T00:51:00+00:00,2025-08-16T06:36:00+00:00,117775.1,117237.3,0.0067,789.0931700000001,157.81863400000003,5,117003.9,117337.09999999999,6.7771015899999805,1.7243940188763502,exchange_guard_proxy_touch,False,-3.6032600000000197,0.9447498480000001,0.0,0.473455902,-4.54800984800002,-57.63590436348625,1,True
BTCUSDT,long,92e856e9b39eb5c9c53c6af66870e0c3f556021c743be4513820eb7a247c2c2f,BTCUSDT|long|confirmed_volume,1755330060000,1755338340000,2025-08-16T07:41:00+00:00,2025-08-16T09:59:00+00:00,117712.0,117237.3,0.0109,1283.0608,256.61216,5,117337.09999999999,117337.09999999999,6.710798421999968,1.9474369258717077,exchange_guard_proxy_touch,False,-5.174229999999969,1.5365684219999998,-0.10593747060000001,0.7698364799999998,-6.816735892599968,-53.12870514475984,1,True
BTCUSDT,long,fd61df4555c05ac8c9dc6e455398308248d7feaed93e4fa32fb87bb78919f382,BTCUSDT|long|confirmed_volume,1755394860000,1755447180000,2025-08-17T01:41:00+00:00,2025-08-17T16:13:00+00:00,117493.0,117909.5,0.0112,1315.9216,263.18431999999996,5,117137.29999999999,118009.9,6.675406303999869,1.5570700631162453,exchange_guard_proxy_touch,False,4.6648,1.5819047999999998,-0.086472695904,0.7895529599999999,2.996422504096,22.770524506140795,1,True
ETHUSDT,long,bfdc427231fafbb8ea58f303cb2b29e7a60a7b8c4b410d9f3608857e1d8ec1b7,ETHUSDT|long|high_volume,1755399360000,1755448200000,2025-08-17T02:56:00+00:00,2025-08-17T16:30:00+00:00,4430.13,4512.150000000001,0.17,753.1221,150.62442000000001,5,4399.99,4515.99,6.659890760000019,2.6683947719631624,exchange_guard_proxy_touch,False,13.943400000000075,0.9121125600000001,-0.03627491688000001,0.45187326,12.995012523120074,172.54854854372317,1,True
BTCUSDT,long,57c4728665b148d3caf279a0361174b0731d2f920781291f26ea929873c12322,BTCUSDT|long|confirmed_volume,1755552060000,1755562980000,2025-08-18T21:21:00+00:00,2025-08-19T00:23:00+00:00,116661.20000000001,115831.20000000001,0.0032,373.31584000000004,74.66316800000001,5,114769.09999999999,115929.79999999999,6.8111987840000365,1.6239412490565583,exchange_guard_proxy_touch,False,-2.656,0.44638540800000004,-0.026534475302400003,0.223989504,-3.1289198833024,-83.8142813147816,1,True
ETHUSDT,long,17cca5bb8d6dd8ce5f5f30f322703a45fdb8e5c89374e5f904c851dbde5af14c,ETHUSDT|long|high_volume,1755565260000,1755567000000,2025-08-19T01:01:00+00:00,2025-08-19T01:30:00+00:00,4345.37,4310.77,0.17,738.7129,147.74258,5,4314.44,4314.44,6.764926279999908,2.0170869353369305,exchange_guard_proxy_touch,False,-5.881999999999907,0.88292628,0.0,0.44322774,-6.764926279999907,-91.57720516319544,1,True
BTCUSDT,long,62c9d37c2535f220ea91e0b757e9e1f9edebdd431694b90f37cb20aa0bb70bbf,BTCUSDT|long|confirmed_volume,1755565560000,1755567180000,2025-08-19T01:06:00+00:00,2025-08-19T01:33:00+00:00,116766.70000000001,115831.20000000001,0.0063,735.63021,147.126042,5,115929.79999999999,115929.79999999999,6.772870062,1.8696679121618447,exchange_guard_proxy_touch,False,-5.89365,0.879220062,0.0,0.441378126,-6.772870062,-92.06894945219827,1,True
BTCUSDT,long,7ab104c9061d31e8d8693f7e2161d20f9b7d732347c827ba52b5c0fe956575ad,BTCUSDT|long|confirmed_volume,1755610260000,1755612960000,2025-08-19T13:31:00+00:00,2025-08-19T14:16:00+00:00,115910.40000000001,114507.40000000001,0.0043,498.41472000000005,99.682944,5,114604.9,114604.9,6.627377924,1.712152930940782,exchange_guard_proxy_touch,False,-6.0329,0.594477924,0.0,0.299048832,-6.627377923999999,-132.9691451327922,1,True
ETHUSDT,long,2ffd50b7333ddcbe9f905def9172209e971d1818f06be3686dbb5cc16816cfef,ETHUSDT|long|high_volume,1755602760000,1755613680000,2025-08-19T11:26:00+00:00,2025-08-19T14:28:00+00:00,4308.66,4220.49,0.07,301.6062,60.32124,5,4224.09,4224.09,6.530124300000006,2.2028974907499452,exchange_guard_proxy_touch,False,-6.171900000000005,0.3582243,0.0,0.18096372,-6.530124300000005,-216.5116068568884,1,True
BTCUSDT,long,4818a566e3c157f640095beed130fe5acf9e62c12379dc94efd31bc97605346a,BTCUSDT|long|confirmed_volume,1755703260000,1755705180000,2025-08-20T15:21:00+00:00,2025-08-20T15:53:00+00:00,114277.1,113240.20000000001,0.0055000000000000005,628.5240500000001,125.70481000000002,5,113336.59999999999,113336.59999999999,6.453757089999968,1.791469874717264,exchange_guard_proxy_touch,False,-5.702949999999968,0.75080709,0.0,0.37711443000000006,-6.453757089999969,-102.68114784151804,1,True
ETHUSDT,long,64d117dd66c9c9eb3a44587b61ff55753905822d7d37614d839e806290cbd95f,ETHUSDT|long|high_volume,1755711960000,1755760860000,2025-08-20T17:46:00+00:00,2025-08-21T07:21:00+00:00,4361.62,4271.99,0.02,87.2324,17.44648,5,4104.32,4275.63,5.3173493999999994,2.882321146442965,exchange_guard_proxy_touch,False,-1.7926000000000022,0.10360332,-0.0054025208,0.052339439999999994,-1.901605840800002,-217.9930668879914,1,True
BTCUSDT,long,dff6fcdbc7c5dd940f1c9d00ac037679ac8257c893a4dd9a9235ce112489ea19,BTCUSDT|long|confirmed_volume,1755723660000,1755770580000,2025-08-20T21:01:00+00:00,2025-08-21T10:03:00+00:00,114455.5,113103.6,0.0043,492.15865,98.43173,5,113199.9,113199.9,6.400272477999975,1.7148891365016408,exchange_guard_proxy_touch,False,-5.813169999999975,0.587102478,-0.043584201831300004,0.29529519,-6.443856679831275,-130.93047698808658,1,True
ETHUSDT,long,2dba14a257377ccbef576b28f801ab96d383087c55260576b27488df43b078aa,ETHUSDT|long|high_volume,1755828660000,1755865920000,2025-08-22T02:11:00+00:00,2025-08-22T12:32:00+00:00,4278.54,4203.93,0.08,342.2832,68.45664000000001,5,4207.51,4207.51,6.375958559999974,2.7113636401039938,exchange_guard_proxy_touch,False,-5.968799999999974,0.40715856000000006,-0.023083535999999998,0.20536991999999998,-6.399042095999974,-186.95168492055623,1,True
ETHUSDT,long,ec646f566a403689064107ffcfc6101797f4bde165d7ae224af7a8bf5dcbdf4f,ETHUSDT|long|high_volume,1755870360000,1755911820000,2025-08-22T13:46:00+00:00,2025-08-23T01:17:00+00:00,4315.45,4791.2300000000005,0.05,215.7725,43.1545,5,4207.51,4795.3099999999995,5.831581399999976,5.264015809069435,exchange_guard_proxy_touch,False,23.789000000000033,0.2732004,-0.03800281786,0.12946349999999998,23.477796782140032,1088.0810474986401,1,True
BTCUSDT,long,862ec81af289903240268424f78830930bcec240bab1ee2e60f82974dbeaf326,BTCUSDT|long|high_volume,1755993660000,1756004340000,2025-08-24T00:01:00+00:00,2025-08-24T02:59:00+00:00,115435.0,114859.8,0.0092,1062.002,212.4004,5,114957.59999999999,114957.59999999999,6.563067295999973,3.1753890225201027,exchange_guard_proxy_touch,False,-5.291839999999973,1.2712272959999997,0.0,0.6372011999999999,-6.563067295999973,-61.799010698661334,1,True
ETHUSDT,long,ca373bfc93b5814d71f5b2fef26970c37dd9436ec2304ada04679c4dc0856356,ETHUSDT|long|high_volume,1755995760000,1756022460000,2025-08-24T00:36:00+00:00,2025-08-24T08:01:00+00:00,4805.55,4748.08,0.08,384.444,76.8888,5,4735.99,4752.12,6.345000480000011,4.320752715319516,exchange_guard_proxy_touch,False,-4.59760000000002,0.45857424,-0.03806128,0.2306664,-5.09423552000002,-132.50916960597695,1,True
ETHUSDT,long,260739b43aa10fb0ecccce41a304a9468001c06c6337c8617ed4ff882c665550,ETHUSDT|long|high_volume,1756028460000,1756030800000,2025-08-24T09:41:00+00:00,2025-08-24T10:20:00+00:00,4783.75,4748.08,0.15,717.5625,143.5125,5,4752.12,4752.12,6.208364700000011,2.0023603021445378,exchange_guard_proxy_touch,False,-5.350500000000011,0.8578646999999999,0.0,0.43053749999999996,-6.208364700000011,-86.52019440815275,1,True
ETHUSDT,long,e7ee54eff6ceae68c84835c6f6271c136410fa2236854591eb9015216d51c376,ETHUSDT|long|high_volume,1756040760000,1756064220000,2025-08-24T13:06:00+00:00,2025-08-24T19:37:00+00:00,4765.53,4748.08,0.27,1286.6931,257.33862,5,4752.12,4752.12,6.252704819999951,2.024151415120023,exchange_guard_proxy_touch,False,-4.711499999999951,1.54120482,-0.12949956,0.7720158599999999,-6.382204379999951,-49.60160569758205,1,True
ETHUSDT,long,5ebbacf64378732c4bc14d8cb505a549d32e59a7be7b5083058833b87791c848,ETHUSDT|long|high_volume,1756212060000,1756321560000,2025-08-26T12:41:00+00:00,2025-08-27T19:06:00+00:00,4508.36,4569.0,0.05,225.418,45.083600000000004,5,4391.599999999999,4572.889999999999,6.291886600000001,18.592469660861163,exchange_guard_proxy_touch,False,3.0320000000000165,0.27232080000000003,-0.014530109365000002,0.13525079999999998,2.7451490906350164,121.78038535676016,1,True
ETHUSDT,long,80652f4fa534e40b04e59402a61b5b37ffee2b9323d843cfebca92352e3c5349,ETHUSDT|long|high_volume,1756595160000,1756670460000,2025-08-30T23:06:00+00:00,2025-08-31T20:01:00+00:00,4366.85,4444.2,0.14,611.3590000000002,122.27180000000003,5,4331.99,4447.99,6.127392600000026,4.350547267210329,exchange_guard_proxy_touch,False,10.828999999999924,0.7401281999999999,-0.01877353826600001,0.3668154,10.070098261733925,164.7166110539621,1,True
ETHUSDT,long,04cf2e699762cb25cfe9080986bc38349691897737a8f7bd7f01def0e91e4259,ETHUSDT|long|high_volume,1756676760000,1756680120000,2025-08-31T21:46:00+00:00,2025-08-31T22:42:00+00:00,4476.77,4444.2,0.17,761.0509000000002,152.21018000000004,5,4447.99,4447.99,6.446838940000105,2.0021179070441666,exchange_guard_proxy_touch,False,-5.536900000000106,0.9099389400000001,0.0,0.4566305400000001,-6.446838940000106,-84.70969471293056,1,True
BTCUSDT,short,90bf70e3af0dfa41e6d1d2cf4ea4b904b82560705304f9dbfb15c2389b237f24,BTCUSDT|short|high_volume,1756693860000,1756713240000,2025-09-01T02:31:00+00:00,2025-09-01T07:54:00+00:00,107491.8,109285.3,0.0033,354.72294,70.944588,5,109192.40000000001,109192.40000000001,6.347768658000001,3.6853031883858023,exchange_guard_proxy_touch,False,-5.91855,0.429218658,0.0,0.212833764,-6.347768658,-178.95004642214568,1,True
ETHUSDT,long,210858dccc18db928fd436c9b9b524d798f0d197a229f0ea00c6af2c4da4ac19,ETHUSDT|long|high_volume,1756713660000,1756741920000,2025-09-01T08:01:00+00:00,2025-09-01T15:52:00+00:00,4481.02,4353.07,0.04,179.2408,35.84816,5,4356.78,4356.78,5.330018160000029,3.84922577989513,exchange_guard_proxy_touch,False,-5.11800000000003,0.21201815999999998,0.0,0.10754448,-5.33001816000003,-297.366345162487,1,True
BTCUSDT,short,f69fae276c5b7ed4933bdfbf43c6229cabf5424b823fbfba2d1fbc683dffaa59,BTCUSDT|short|high_volume,1756746960000,1756752720000,2025-09-01T17:16:00+00:00,2025-09-01T18:52:00+00:00,108450.1,109289.5,0.0064,694.08064,138.816128,5,109196.6,109196.6,6.208280063999963,4.672843295459975,exchange_guard_proxy_touch,False,-5.372159999999963,0.8361200639999999,0.0,0.416448384,-6.208280063999963,-89.44609179705637,1,True
BTCUSDT,short,19e3c9ccd6569cda8ab6a2278e2e6a40573e46d3200b4b36c2024474121e3a0f,BTCUSDT|short|high_volume,1756759260000,1756770300000,2025-09-01T20:41:00+00:00,2025-09-01T23:45:00+00:00,108587.5,109391.70000000001,0.0055000000000000005,597.23125,119.44625,5,109479.3,109298.70000000001,6.136877670000048,8.645634500529333,exchange_guard_proxy_touch,False,-4.423100000000065,0.7193313600000001,0.0,0.35833875,-5.142431360000065,-86.10452584321507,1,True
BTCUSDT,short,406b08a9b7479f608aa78184a1977238db6ead904049443e2c1925489c6a83fc,BTCUSDT|short|confirmed_volume,1756862760000,1756897440000,2025-09-03T01:26:00+00:00,2025-09-03T11:04:00+00:00,110848.1,111582.8,0.0071,787.02151,157.404302,5,111488.0,111488.0,6.1639256339999795,1.6900150194807122,exchange_guard_proxy_touch,False,-5.21636999999998,0.9475556340000001,0.0404209573038,0.47221290600000004,-6.1235046766961805,-77.8060650044518,1,True
ETHUSDT,long,542e8d20551d8f463c14c1c5d10e8bd5758863ffaaa41df484c31d8a3f273dfa,ETHUSDT|long|high_volume,1756887660000,1756953000000,2025-09-03T08:21:00+00:00,2025-09-04T02:30:00+00:00,4329.07,4433.31,0.1,432.907,86.5814,5,4280.99,4437.09,5.688385199999935,2.783596899070671,exchange_guard_proxy_touch,False,10.42400000000007,0.5257428000000001,-0.024489802680000002,0.2597442,9.873767397320071,228.0805668958938,1,True
BTCUSDT,short,242c5d031b8b13e7800a7b95c1b66e940c5d352509963cf16d99a35f922f7541,BTCUSDT|short|high_volume,1756953060000,1757026560000,2025-09-04T02:31:00+00:00,2025-09-04T22:56:00+00:00,111287.20000000001,111205.6,0.0092,1023.8422400000001,204.768448,5,111733.0,111111.1,6.206955903999893,7.819582882991073,exchange_guard_proxy_touch,False,0.7507200000000536,1.228160256,0.124504191422,0.614305344,-0.35293606457794646,-3.4471723356319663,1,True
ETHUSDT,long,1f412a19deeea6c2ac861ed211795997350dfeb944376383802b26d4b1e5486f,ETHUSDT|long|high_volume,1757055960000,1757082720000,2025-09-05T07:06:00+00:00,2025-09-05T14:32:00+00:00,4354.2,4291.33,0.09,391.878,78.37559999999999,5,4294.99,4294.99,6.125158619999991,6.114585049284443,exchange_guard_proxy_touch,False,-5.65829999999999,0.46685861999999984,0.013732415999999999,0.23512679999999994,-6.11142620399999,-155.95226585825156,1,True
ETHUSDT,long,a213fb0d2bd015f5d2024e49d2c3c1f809bee21bd339a2a34b4be222bf404fad,ETHUSDT|long|high_volume,1757118960000,1757154060000,2025-09-06T00:36:00+00:00,2025-09-06T10:21:00+00:00,4323.97,4284.74,0.12,518.8764,103.77528,5,4284.99,4288.389999999999,5.735182320000013,2.5626596576463636,exchange_guard_proxy_touch,False,-4.707600000000056,0.6198271199999998,-0.020462093520000002,0.31132583999999996,-5.347889213520056,-103.06672674879907,1,True
ETHUSDT,long,6bad1b74dd0fab5617ac14ed7adb309beafe859a70695c9c2aadaeff70e11c84,ETHUSDT|long|confirmed_volume,1757160660000,1757166420000,2025-09-06T12:11:00+00:00,2025-09-06T13:47:00+00:00,4307.67,4284.74,0.21,904.6107,180.92213999999998,5,4288.389999999999,4288.389999999999,5.8979436600000605,1.8108286510665335,exchange_guard_proxy_touch,False,-4.815300000000061,1.0826436599999998,0.0,0.54276642,-5.8979436600000605,-65.19869442181107,1,True
BTCUSDT,short,bf7c97e7c3769ebfb9b1d486ebc6af9b80b863ca1c877c15b74c8242886a1817,BTCUSDT|short|high_volume,1757132760000,1757167320000,2025-09-06T04:26:00+00:00,2025-09-06T14:02:00+00:00,110666.0,111022.90000000001,0.005,553.33,110.66600000000001,5,111655.6,110928.6,6.090249800000029,2.201657740372354,exchange_guard_proxy_touch,False,-1.7845000000000437,0.6650667,0.0313507117,0.33199799999999996,-2.4182159883000436,-43.702961854590264,1,True
BTCUSDT,short,3ba03f889083c18309c26bd16eac1117a5e95f0ca767d3be8cd5f2ccfa4d7660,BTCUSDT|short|high_volume,1757170560000,1757230200000,2025-09-06T14:56:00+00:00,2025-09-07T07:30:00+00:00,110658.5,110794.20000000001,0.012,1327.902,265.5804,5,110928.6,110700.1,5.968906080000105,2.0054618172728405,exchange_guard_proxy_touch,False,-1.6284000000001397,1.59445944,0.09368676072000001,0.7967412,-3.12917267928014,-23.564786251396114,1,True
ETHUSDT,long,ad5372f8ffa633936f43f052c2fcc8890e508c065af401a127bd31c93d8376e8,ETHUSDT|long|high_volume,1757196060000,1757261820000,2025-09-06T22:01:00+00:00,2025-09-07T16:17:00+00:00,4287.26,4282.86,0.13,557.3438000000001,111.46876000000002,5,4252.46,4286.51,5.66041580000001,5.181618340226649,exchange_guard_proxy_touch,False,-0.572000000000071,0.6684693599999999,-0.10153169679900001,0.33440628,-1.342001056799071,-24.078514137935525,1,True
BTCUSDT,short,506cedc5795846a7b1821dc0d0bf8a296595af5f26276062bc434867936c93dd,BTCUSDT|short|high_volume,1757289960000,1757298960000,2025-09-08T00:06:00+00:00,2025-09-08T02:36:00+00:00,110964.90000000001,111419.8,0.010100000000000001,1120.7454900000002,224.14909800000004,5,111325.1,111325.1,5.942141281999942,2.3363826371429437,exchange_guard_proxy_touch,False,-4.594489999999942,1.347651282,0.0,0.6724472940000001,-5.942141281999942,-53.01954221560098,1,True
ETHUSDT,long,1a3aa09959ae76eaa96acf4ea9d02c07eb6dfffc1fdbfda18c40c07c9a9b482e,ETHUSDT|long|high_volume,1757316660000,1757360040000,2025-09-08T07:31:00+00:00,2025-09-08T19:34:00+00:00,4308.02,4281.11,0.14,603.1228000000001,120.62456000000002,5,4276.2,4284.76,5.685168720000005,2.9658207852925407,exchange_guard_proxy_touch,False,-3.7674000000001073,0.72148692,-0.06795124546,0.36187368000000003,-4.556838165460107,-75.55406901314468,1,True
BTCUSDT,short,1ff8d7bfb723b06621cc1a8a4356728e4302e75755f0f1d096342e013686efd4,BTCUSDT|short|high_volume,1757380860000,1757397840000,2025-09-09T01:21:00+00:00,2025-09-09T06:04:00+00:00,111268.1,112556.1,0.0041,456.19921000000005,91.23984200000001,5,112460.5,112460.5,5.831407532,2.4651067302925753,exchange_guard_proxy_touch,False,-5.2808,0.5506075320000001,0.0,0.273719526,-5.831407532,-127.82590158365244,1,True
BTCUSDT,short,459d8af8eec35f0a4269518796eaa2831d39ce4d089c85ccbbb7fef3f574a937,BTCUSDT|short|high_volume,1757464260000,1757485740000,2025-09-10T00:31:00+00:00,2025-09-10T06:29:00+00:00,111016.40000000001,111787.40000000001,0.0064,710.5049600000001,142.10099200000002,5,111692.40000000001,111692.40000000001,5.789966592,10.38703138856135,exchange_guard_proxy_touch,False,-4.9344,0.855566592,0.0,0.42630297600000006,-5.789966592,-81.49086801589672,1,True
ETHUSDT,long,8134d69163949f27f50f6a4d052c16e332f689913af5c7c04b2897a6b69fa592,ETHUSDT|long|high_volume,1757489160000,1757532300000,2025-09-10T07:26:00+00:00,2025-09-10T19:25:00+00:00,4325.2,4301.9,0.11,475.772,95.1544,5,4282.99,4305.5599999999995,5.612499639999964,2.2063678209538464,exchange_guard_proxy_touch,False,-2.56300000000002,0.5693885999999998,-0.09042544434,0.2854632,-3.22281404434002,-67.73862363358963,1,True
BTCUSDT,short,b9c64828f1478688f3a699610d33daca16d17a7257f35667f5e206f7b127f72b,BTCUSDT|short|high_volume,1757582160000,1757592720000,2025-09-11T09:16:00+00:00,2025-09-11T12:12:00+00:00,113784.40000000001,114385.20000000001,0.0078000000000000005,887.5183200000001,177.50366400000001,5,114288.0,114288.0,5.754073728000023,7.629509613307411,exchange_guard_proxy_touch,False,-4.686240000000023,1.067833728,0.0,0.5325109920000001,-5.754073728000023,-64.83329524961268,1,True
ETHUSDT,long,05e4e0c7861fe3edb476d08f462b6d0757f0f0bc18f2022a78648956bfc55974,ETHUSDT|long|confirmed_volume,1757539260000,1757593800000,2025-09-10T21:21:00+00:00,2025-09-11T12:30:00+00:00,4342.21,4401.01,0.12,521.0652,104.21304,5,4305.5599999999995,4404.76,5.459575920000048,1.604858992358242,exchange_guard_proxy_touch,False,7.056000000000021,0.6295118399999999,-0.060264528036000006,0.31263912,6.366223631964021,122.17710244253543,1,True
BTCUSDT,short,15a30f5d44dbaeb30734c2902bbcf7b3214cfe0758fee642157c2b7de8277592,BTCUSDT|short|high_volume,1757594160000,1757599020000,2025-09-11T12:36:00+00:00,2025-09-11T13:57:00+00:00,113790.5,114517.3,0.0066,751.0173,150.20346,5,114420.0,114420.0,5.700978888000019,46.16151406364365,exchange_guard_proxy_touch,False,-4.796880000000019,0.9040988879999998,0.0,0.45061038,-5.700978888000019,-75.91008739745436,1,True
ETHUSDT,long,97049b5dd9cf5f1745ffb5260fe9891bbefa6b3442c87b7e98a8d43aa0d7c791,ETHUSDT|long|high_volume,1757656860000,1757678880000,2025-09-12T06:01:00+00:00,2025-09-12T12:08:00+00:00,4557.22,4498.46,0.07,319.00540000000007,63.80108000000001,5,4486.04,4502.29,5.62965648,4.4264468802065196,exchange_guard_proxy_touch,False,-4.113200000000016,0.38033856000000005,-0.03167073000000001,0.19140324,-4.525209290000016,-141.85368931058895,1,True
BTCUSDT,short,bc54c34489c72616771c0113f13bdc7d48b412bf80c64dc68e88f97d9762f6cd,BTCUSDT|short|high_volume,1757678760000,1757697420000,2025-09-12T12:06:00+00:00,2025-09-12T17:17:00+00:00,114682.5,115711.40000000001,0.0048000000000000004,550.476,110.0952,5,115613.1,115613.1,5.602254432000042,3.35295352786784,exchange_guard_proxy_touch,False,-4.938720000000043,0.6635344320000002,0.03805975376640001,0.3302856,-5.564194678233643,-101.0796960854541,1,True
ETHUSDT,long,7cbed99d9a9c0dde4674e6257da62af011edd20bbbea61da9e6ea89600dbab63,ETHUSDT|long|high_volume,1757685660000,1757771400000,2025-09-12T14:01:00+00:00,2025-09-13T13:50:00+00:00,4542.12,4695.02,0.11,499.6332,99.92663999999999,5,4502.29,4699.0199999999995,5.399278279999984,6.3792667104664105,exchange_guard_proxy_touch,False,16.81900000000006,0.6096512399999999,-0.15260894605,0.29977992,16.056739813950056,321.37055371720805,1,True
BTCUSDT,short,d94153bd61bcdf3516dba30290f28f86e8c19161e9c85932fd11708fd2469168,BTCUSDT|short|high_volume,1757771460000,1757808540000,2025-09-13T13:51:00+00:00,2025-09-14T00:09:00+00:00,115601.70000000001,116045.1,0.007500000000000001,867.0127500000002,173.40255000000005,5,116126.1,115946.5,5.717219699999979,2.135568153808233,exchange_guard_proxy_touch,False,-3.325499999999957,1.0424106,0.09832549824,0.52020765,-4.269585101759956,-49.24477871588342,1,True
BTCUSDT,short,2c5b9303213ea42e8b9a647884f6ccc823cf8a9410c6bc6698176fbfb1f20043,BTCUSDT|short|confirmed_volume,1757812560000,1757814720000,2025-09-14T01:16:00+00:00,2025-09-14T01:52:00+00:00,115651.5,116045.1,0.0106,1225.9059,245.18117999999998,5,115946.5,115946.5,5.645750376000062,1.9415465487658328,exchange_guard_proxy_touch,False,-4.172160000000062,1.473590376,0.0,0.7355435399999999,-5.645750376000062,-46.053700989611535,1,True
BTCUSDT,short,6a3fca5cb85289771aa9ecf4b7a70e162053d04329b89654fb639ebf7ef09d1a,BTCUSDT|short|high_volume,1757819460000,1757841660000,2025-09-14T03:11:00+00:00,2025-09-14T09:21:00+00:00,115572.0,116045.1,0.0091,1051.7052,210.34104000000002,5,115946.5,115946.5,5.569839366000053,5.338481487233756,exchange_guard_proxy_touch,False,-4.305210000000053,1.264629366,0.05034723857800001,0.63102312,-5.519492127422053,-52.48136195791418,1,True
ETHUSDT,long,8e41e9f2523215cae4920b3b992e5613a028846b47b2eea8b6454dfde9104d44,ETHUSDT|long|high_volume,1757909460000,1757923260000,2025-09-15T04:11:00+00:00,2025-09-15T08:01:00+00:00,4647.06,4574.1,0.07,325.29420000000005,65.05884,5,4578.0,4578.0,5.494488720000003,4.9970312256881035,exchange_guard_proxy_touch,False,-5.107200000000003,0.38728872000000003,-0.021238272174000004,0.19517652000000002,-5.515726992174003,-169.56118468063687,1,True
ETHUSDT,long,5236ebe92772384dff348d8e2f94f0b92d01c0703b5b935dfdd245dc9568ea27,ETHUSDT|long|high_volume,1758088860000,1758103980000,2025-09-17T06:01:00+00:00,2025-09-17T10:13:00+00:00,4515.63,4486.67,0.16,722.5008,144.50016,5,4490.49,4490.49,5.497820800000006,3.589750558951759,exchange_guard_proxy_touch,False,-4.633600000000006,0.8642207999999998,-0.038940486624,0.43350047999999997,-5.536761286624006,-76.63328935585962,1,True
BTCUSDT,short,4dae227764db9775030925625c56ade886e16df0de96e44258e1182baa24c8c4,BTCUSDT|short|confirmed_volume,1758143160000,1758149040000,2025-09-17T21:06:00+00:00,2025-09-17T22:44:00+00:00,115178.8,116415.0,0.0039000000000000003,449.19732000000005,89.839464,5,116316.1,116316.1,5.363109491999989,1.840370435003801,exchange_guard_proxy_touch,False,-4.821179999999989,0.541929492,0.0,0.269518392,-5.363109491999989,-119.39317652206803,1,True
BTCUSDT,short,118023d3e3bd043612cfad19d9c976c2df7ed2b0da8c77863d3ed89566241e15,BTCUSDT|short|confirmed_volume,1758196260000,1758201120000,2025-09-18T11:51:00+00:00,2025-09-18T13:12:00+00:00,116935.6,117366.20000000001,0.0094,1099.1946400000002,219.83892800000004,5,117266.5,117266.5,5.369102152000054,1.509407097825317,exchange_guard_proxy_touch,False,-4.0476400000000545,1.3214621519999998,0.0,0.659516784,-5.369102152000054,-48.84578178074134,1,True
ETHUSDT,long,71ec6a6ae111f8655f09b86f3b56376f3d1028bd8910267092b470648ee1a898,ETHUSDT|long|high_volume,1758212760000,1758236580000,2025-09-18T16:26:00+00:00,2025-09-18T23:03:00+00:00,4617.91,4574.09,0.07,323.25370000000004,64.65074000000001,5,4555.16,4577.99,5.049205980000008,2.1240665951031805,exchange_guard_proxy_touch,False,-3.0673999999999797,0.38606399999999996,0.0,0.19395221999999998,-3.45346399999998,-106.83447706862998,1,True
ETHUSDT,long,3420bad7de8f973599c56e56bd9f0bdcff87a8647345b46c4774cac1e05e8fcb,ETHUSDT|long|high_volume,1758242460000,1758252480000,2025-09-19T00:41:00+00:00,2025-09-19T03:28:00+00:00,4610.89,4574.09,0.12,553.3068000000001,110.66136000000002,5,4577.99,4577.99,5.0773185600000215,2.6950847343563487,exchange_guard_proxy_touch,False,-4.416000000000022,0.6613185599999999,0.0,0.33198408,-5.0773185600000215,-91.76316936643506,1,True
BTCUSDT,short,67ca7b2840dd21f263e9966f9ec04d8de418ee9456a9e3f3311c3fe9e46e5652,BTCUSDT|short|high_volume,1758254760000,1758353040000,2025-09-19T04:06:00+00:00,2025-09-20T07:24:00+00:00,116622.3,115768.5,0.0051,594.7737300000001,118.95474600000003,5,117406.90000000001,115670.1,5.226874740000045,7.3475478688802776,exchange_guard_proxy_touch,False,4.354380000000015,0.7111158479999999,0.0658075663788,0.356864238,3.709071718378815,62.36105482296291,1,True
ETHUSDT,long,69073fd558b0f65e8bf10c39c2faa6f510ac1b794bbb14aca09d66ea180b500d,ETHUSDT|long|high_volume,1758343260000,1758421260000,2025-09-20T04:41:00+00:00,2025-09-21T02:21:00+00:00,4475.2,4463.46,0.12,537.024,107.4048,5,4443.26,4467.26,4.928256959999921,2.700896101274973,exchange_guard_proxy_touch,False,-1.4087999999999739,0.6435835199999999,-0.006645395375999997,0.32221439999999996,-2.0590289153759738,-38.341469196460004,1,True
BTCUSDT,short,d3bcc237119fb2a994a1bf36f727517cc7d5da088d618de8afdd030cbae065a7,BTCUSDT|short|high_volume,1758414660000,1758434460000,2025-09-21T00:31:00+00:00,2025-09-21T06:01:00+00:00,115437.5,115760.6,0.0076,877.325,175.465,5,115887.70000000001,115662.20000000001,5.226172528000022,3.748292083657938,exchange_guard_proxy_touch,False,-2.455560000000044,1.0542633359999998,0.0,0.526395,-3.5098233360000437,-40.005965132648036,1,True
BTCUSDT,short,7e570fcb39e606569688ee5464772826ce883e198bb1020be2f52d6fc8ba9ad7,BTCUSDT|short|high_volume,1758446460000,1758449160000,2025-09-21T09:21:00+00:00,2025-09-21T10:06:00+00:00,115351.90000000001,115760.6,0.0095,1095.84305,219.16861,5,115662.20000000001,115662.20000000001,5.1999912499999725,3.320612395222422,exchange_guard_proxy_touch,False,-3.8826499999999724,1.31734125,0.0,0.65750583,-5.1999912499999725,-47.45197088214387,1,True
BTCUSDT,short,c854c162d3d355268b2084e6bdcf4d18031012f9c0edcdd0ffc4f96f3103267c,BTCUSDT|short|high_volume,1758471660000,1758609240000,2025-09-21T16:21:00+00:00,2025-09-23T06:34:00+00:00,115241.0,113038.6,0.0074,852.7834,170.55668,5,115704.0,112942.5,5.180192696000065,2.1888845705402256,exchange_guard_proxy_touch,False,16.297759999999958,1.013561424,0.170532870426,0.51167004,15.454731446425956,181.22692639685476,1,True
BTCUSDT,short,fd93a31dd62496a6942cb78f27db022faf27cbd9530c27b0fbe9c187e0385bfd,BTCUSDT|short|high_volume,1758625860000,1758627660000,2025-09-23T11:11:00+00:00,2025-09-23T11:41:00+00:00,112601.8,113038.6,0.009300000000000001,1047.19674,209.43934800000002,5,112942.5,112942.5,5.321313432000028,3.395746679787958,exchange_guard_proxy_touch,False,-4.062240000000028,1.259073432,0.0,0.628318044,-5.321313432000028,-50.814839549634456,1,True
BTCUSDT,short,1ceedf47217bef1036d77c9df7672d52201c6dcac6e4a1e168bd10c52403dcfb,BTCUSDT|short|high_volume,1758686760000,1758692820000,2025-09-24T04:06:00+00:00,2025-09-24T05:47:00+00:00,111456.1,112562.3,0.004200000000000001,468.1156200000001,93.62312400000002,5,112466.70000000001,112466.70000000001,5.210566367999989,2.1260539338180946,exchange_guard_proxy_touch,False,-4.646039999999989,0.5645263680000001,0.0,0.28086937200000006,-5.210566367999989,-111.3093890778519,1,True
BTCUSDT,short,63003ff90925830a6d2d96becbdbc824936c1254fdf710e0bf20d7b20f23aef7,BTCUSDT|short|high_volume,1758764160000,1758894540000,2025-09-25T01:36:00+00:00,2025-09-26T13:49:00+00:00,112755.3,109747.0,0.0071,800.56263,160.112526,5,113254.90000000001,109653.70000000001,5.194103690000063,2.53017270318504,exchange_guard_proxy_touch,False,21.358930000000022,0.947859798,0.1475597629768,0.480337578,20.558629964976824,256.80226873663617,1,True
BTCUSDT,short,b6a510e0f0eab2db39d8f0c90e11090f273a73e30bcb394f0b5d6d36960caccb,BTCUSDT|short|confirmed_volume,1758984660000,1758999420000,2025-09-27T14:51:00+00:00,2025-09-27T18:57:00+00:00,109127.5,109477.70000000001,0.0099,1080.3622500000001,216.07245000000003,5,109449.3,109384.70000000001,5.406409206000087,1.8619822139012403,exchange_guard_proxy_touch,False,-3.4669800000001154,1.298514888,0.0846602852832,0.6482173499999999,-4.680834602716915,-43.32652869643413,1,True
BTCUSDT,short,333735ae0f11ed0efd6f71ac6235f59ff6e76ef0f1db38ac2abcf1fbd59a7c30,BTCUSDT|short|confirmed_volume,1759057860000,1759066740000,2025-09-28T11:11:00+00:00,2025-09-28T13:39:00+00:00,109204.0,109638.1,0.0095,1037.4379999999999,207.4876,5,109544.90000000001,109544.90000000001,5.371349970000055,1.7275683055201283,exchange_guard_proxy_touch,False,-4.123950000000055,1.24739997,0.0,0.6224627999999999,-5.371349970000055,-51.77514193619335,1,True
ETHUSDT,short,6e7e4bce818c59056652fe74f22ea312e59ab845362e6d41e9c10aa48b002c08,ETHUSDT|short|high_volume,1759151160000,1759153380000,2025-09-29T13:06:00+00:00,2025-09-29T13:43:00+00:00,4086.9900000000002,4141.53,0.08,326.9592,65.39184,5,4138.01,4138.01,4.758168959999961,3.339445580653953,exchange_guard_proxy_touch,False,-4.363199999999961,0.39496896,0.0,0.19617552,-4.758168959999961,-145.5279117394452,1,True
ETHUSDT,short,0e0aa53215cfe93b512f52b44cbe9a4f8027f3f5a5a9834ee46b1572ad0d3467,ETHUSDT|short|high_volume,1759237860000,1759265160000,2025-09-30T13:11:00+00:00,2025-09-30T20:46:00+00:00,4152.95,4177.56,0.08,332.236,66.4472,5,4206.18,4174.01,4.946210080000032,2.519139204662074,exchange_guard_proxy_touch,False,-1.9688000000000465,0.39986447999999997,0.001554990784,0.19934159999999998,-2.367109489216047,-71.24783254120706,1,True
ETHUSDT,short,e6ebb8f69d6df4f71ad55b01aaa09196dbeced559923b4bd12b8e22c4e00a750,ETHUSDT|short|high_volume,1759269660000,1759307280000,2025-09-30T22:01:00+00:00,2025-10-01T08:28:00+00:00,4149.4400000000005,4159.4800000000005,0.15,622.416,124.48320000000001,5,4174.01,4155.9400000000005,4.967429999999983,3.0329447307955073,exchange_guard_proxy_touch,False,-1.5059999999999945,0.7478028000000001,0.0062002224299999974,0.3734496,-2.2476025775699946,-36.11093830444581,1,True
ETHUSDT,short,9e3720ee242b05f906aaa6a7a8a8b98461ce220d70e1eff52f724f6d7cc74865,ETHUSDT|short|high_volume,1759497060000,1759498260000,2025-10-03T13:11:00+00:00,2025-10-03T13:31:00+00:00,4460.52,4496.91,0.12,535.2624000000001,107.05248000000002,5,4493.09,4493.09,5.01173495999993,8.620848068732991,exchange_guard_proxy_touch,False,-4.36679999999993,0.64493496,0.0,0.32115744,-5.01173495999993,-93.63136584972024,1,True
ETHUSDT,short,c03719ecabf509ada8867c1fac1a27098274c209b2d8adb65991c363c56d6ad3,ETHUSDT|short|high_volume,1759536360000,1759583280000,2025-10-04T00:06:00+00:00,2025-10-04T13:08:00+00:00,4505.52,4506.29,0.1,450.5520000000001,90.11040000000001,5,4544.02,4502.46,4.78020459999999,6.26176123226532,exchange_guard_proxy_touch,False,-0.07699999999995272,0.5407086000000001,0.003259774,0.2703312,-0.6144488259999528,-13.637689456487879,1,True
ETHUSDT,short,731b3b8889036e41df6a093c5612592759e42d6f6397d7de32fd3d1324ffb011,ETHUSDT|short|high_volume,1759589460000,1759631400000,2025-10-04T14:51:00+00:00,2025-10-05T02:30:00+00:00,4476.59,4496.25,0.14,626.7226,125.34452000000002,5,4502.46,4492.43,4.912561919999975,2.0866326214364683,exchange_guard_proxy_touch,False,-2.7523999999999798,0.75371856,0.066096726066,0.37603356,-3.4400218339339794,-54.889066293986836,1,True
ETHUSDT,short,6aeaf2625fa39acaf10d1dc9fcde9c30d4a5bc8855f2031f4283184a3149f1db,ETHUSDT|short|high_volume,1759726560000,1759731300000,2025-10-06T04:56:00+00:00,2025-10-06T06:15:00+00:00,4518.4800000000005,4555.62,0.12,542.2176000000001,108.44352,5,4551.75,4551.75,5.11013519999993,2.4905428586941123,exchange_guard_proxy_touch,False,-4.45679999999993,0.6533351999999999,0.0,0.32533056,-5.11013519999993,-94.24510012216368,1,True
BTCUSDT,long,fb43de5c897135e9120b1d5d6c71587f779ec9ac0c3a2ed6568bbe09db204b02,BTCUSDT|long|high_volume,1759710060000,1759800000000,2025-10-06T00:21:00+00:00,2025-10-07T01:20:00+00:00,124255.5,124357.1,0.0024000000000000002,298.21320000000003,59.64264000000001,5,122425.59999999999,124462.9,4.99667088,15.03194713281455,exchange_guard_proxy_touch,False,0.243840000000014,0.35800214399999997,-0.07613179755360001,0.17892792,-0.19029394155358598,-6.3811374397104474,1,True
BTCUSDT,long,73b772782906a0161110ba4e163dc2d185892ae09f2a39102f1f205a1ca2e422,BTCUSDT|long|confirmed_volume,1759942560000,1759971660000,2025-10-08T16:56:00+00:00,2025-10-09T01:01:00+00:00,123104.5,122635.20000000001,0.0029000000000000002,357.00305000000003,71.40061,5,121607.7,122739.59999999999,5.066199311999992,1.8894556991429583,exchange_guard_proxy_touch,False,-1.3609699999999663,0.427587078,-0.0048033009024,0.21420182999999998,-1.7933603789023662,-50.233755115043586,1,True
BTCUSDT,long,4102e4d3965638c602515ffae9c0ed1d386f3a12dce985c7ae54ed4e3ff9acd5,BTCUSDT|long|confirmed_volume,1760075760000,1760083140000,2025-10-10T05:56:00+00:00,2025-10-10T07:59:00+00:00,121619.3,120747.1,0.005,608.0965,121.6193,5,120849.9,120849.9,5.088099199999986,1.5591480506933526,exchange_guard_proxy_touch,False,-4.3609999999999856,0.7270992,0.0,0.36485789999999996,-5.088099199999985,-83.67256183845797,1,True
BTCUSDT,long,85c252733f8c0d976179d073aae686efeda07805bdfa38147687de43e0fb6c0b,BTCUSDT|long|confirmed_volume,1760086860000,1760108220000,2025-10-10T09:01:00+00:00,2025-10-10T14:57:00+00:00,121671.40000000001,120747.1,0.0047,571.85558,114.371116,5,120849.9,120849.9,5.027830170000014,1.8060863988056295,exchange_guard_proxy_touch,False,-4.344210000000014,0.68362017,0.0,0.343113348,-5.027830170000014,-87.92132744424761,1,True
ETHUSDT,short,7b7d052a22dba1de045429dcb8e256033fc9bb70a7b94a9b5f4dfba68fa60546,ETHUSDT|short|high_volume,1760189760000,1760238540000,2025-10-11T13:36:00+00:00,2025-10-12T03:09:00+00:00,3790.32,3766.01,0.06,227.4192,45.48384,5,3856.01,3762.8100000000004,4.413585959999987,5.250669614935539,exchange_guard_proxy_touch,False,1.4585999999999966,0.27202788,-0.016047097014,0.13645152,1.1705250229859965,51.46992967110941,1,True
BTCUSDT,long,3c3f1be8a799e523acf0ceaf5696eda903ae45597f56a67799956c49b7920591,BTCUSDT|long|high_volume,1760238660000,1760353500000,2025-10-12T03:11:00+00:00,2025-10-13T11:05:00+00:00,110842.0,114259.8,0.0032,354.69440000000003,70.93888000000001,5,109509.2,114357.09999999999,4.985775551999982,3.082507623994253,exchange_guard_proxy_touch,False,10.93696000000001,0.4321954559999999,0.0344869820224,0.21281663999999997,10.53925152602241,297.1361128346658,1,True
BTCUSDT,long,6082b5b26bad002c890261dc281aeb6206445a16ad4bf48a99cd939d32246ac4,BTCUSDT|long|high_volume,1760362560000,1760365320000,2025-10-13T13:36:00+00:00,2025-10-13T14:22:00+00:00,114915.1,114259.8,0.0064,735.4566400000001,147.09132800000003,5,114357.09999999999,114357.09999999999,5.073951616000019,7.702179691909472,exchange_guard_proxy_touch,False,-4.193920000000019,0.8800316160000001,0.0,0.44127398400000006,-5.073951616000019,-68.99049298134038,1,True
ETHUSDT,short,61db718b4b95bf1f91e8538a8c023a14053262eb787d301089a90323b92fd9de,ETHUSDT|short|high_volume,1760354760000,1760375160000,2025-10-13T11:26:00+00:00,2025-10-13T17:06:00+00:00,4104.62,4183.46,0.05,205.231,41.0462,5,4196.56,4179.900000000001,5.024642500000011,3.337705018463723,exchange_guard_proxy_touch,False,-3.9420000000000073,0.2486424,0.01075110345,0.12313859999999999,-4.179891296550007,-203.66763776183947,1,True
BTCUSDT,long,3b841218bee373383e752e1942bb7ea28dbe22e5046b8479b0ecfd9af581143e,BTCUSDT|long|high_volume,1760378460000,1760409840000,2025-10-13T18:01:00+00:00,2025-10-14T02:44:00+00:00,115045.90000000001,113624.40000000001,0.0032,368.14688000000007,73.62937600000001,5,113721.09999999999,113721.09999999999,4.987846976,2.2353935144166264,exchange_guard_proxy_touch,False,-4.5488,0.43904697600000003,0.014885362944000002,0.22088812800000002,-4.972961613056,-135.0809115387858,1,True
ETHUSDT,short,df51eed81b2e7f5cca55c32bc35a7ef37ce9da4c30f16d16baf52983b45f408a,ETHUSDT|short|high_volume,1760470860000,1760495400000,2025-10-14T19:41:00+00:00,2025-10-15T02:30:00+00:00,4066.85,4146.53,0.04,162.674,32.534800000000004,5,4163.26,4143.0,4.195607600000011,11.556710990398985,exchange_guard_proxy_touch,False,-3.1871999999999936,0.19712111999999998,0.0023418980800000004,0.0976044,-3.3819792219199933,-207.89918622029293,1,True
ETHUSDT,short,5f444a4ff82143ff3355b99df689d52ac22b257324129f17c0fdb960f6bd478a,ETHUSDT|short|confirmed_volume,1760499960000,1760516400000,2025-10-15T03:46:00+00:00,2025-10-15T08:20:00+00:00,4066.1800000000003,4146.53,0.05,203.30900000000003,40.66180000000001,5,4143.0,4143.0,4.263881299999973,1.8341972392093977,exchange_guard_proxy_touch,False,-4.0174999999999725,0.24638129999999997,0.008771480000000002,0.12198540000000001,-4.255109819999973,-209.29274257410995,1,True
BTCUSDT,long,11383c7faca722a7af74fb29eb2c8266a69d6e43270c5c5fe9553bd21b775ab7,BTCUSDT|long|confirmed_volume,1760515860000,1760527080000,2025-10-15T08:11:00+00:00,2025-10-15T11:18:00+00:00,112827.8,111597.70000000001,0.0035,394.89730000000003,78.97946,5,111692.7,111692.7,4.776643549999969,1.7416772366449267,exchange_guard_proxy_touch,False,-4.30534999999997,0.47129354999999995,0.0,0.23693838,-4.776643549999969,-120.9591341850139,1,True
BTCUSDT,long,301fa26b79902f97a20ff7abb4281c8fabe1878cd89bcc2a4e650e605f4ec825,BTCUSDT|long|confirmed_volume,1760580660000,1760601600000,2025-10-16T02:11:00+00:00,2025-10-16T08:00:00+00:00,111444.6,110335.8,0.0038,423.48948,84.697896,5,110429.7,110429.7,4.7190993120000115,1.7366509504689867,exchange_guard_proxy_touch,False,-4.213440000000011,0.505659312,0.0,0.254093688,-4.719099312000011,-111.43368453922423,1,True
ETHUSDT,short,7292c59fe6fc7e825250f7250374888ce4aa007920792729de95c5ae3cb38c1d,ETHUSDT|short|high_volume,1760676660000,1760716980000,2025-10-17T04:51:00+00:00,2025-10-17T16:03:00+00:00,3915.1800000000003,3820.66,0.11,430.6698,86.13396,5,3948.07,3817.4100000000003,4.50669626,2.547422381094153,exchange_guard_proxy_touch,False,10.397200000000048,0.5105654399999999,0.035625753119,0.25840188,9.922260313119047,230.39136510428747,1,True
BTCUSDT,long,f33930393689e89ce533b6c0eb46a80f745739fae8e2c3d46253a17a6d0cc69f,BTCUSDT|long|high_volume,1760735460000,1760805120000,2025-10-17T21:11:00+00:00,2025-10-18T16:32:00+00:00,107415.90000000001,106459.3,0.0015,161.12385,32.22477,5,104489.4,106549.9,4.713734760000014,2.632200954081937,exchange_guard_proxy_touch,False,-1.4349000000000087,0.19248768,0.02379151728,0.09667431,-1.6035961627200086,-99.5256855344512,1,True
ETHUSDT,short,1613538425489f65b9186228883d14e0d9f01e8f38dd3488155f8a4f89957b42,ETHUSDT|short|high_volume,1760821860000,1760845260000,2025-10-18T21:11:00+00:00,2025-10-19T03:41:00+00:00,3865.12,3901.33,0.11,425.1632,85.03264,5,3898.01,3898.01,4.495685700000004,4.656237489036636,exchange_guard_proxy_touch,False,-3.983100000000004,0.5125856999999999,0.026676160929000006,0.25509792,-4.469009539071004,-105.11280230911338,1,True
BTCUSDT,long,46dde26ffcd2f295f1737852031060ebee6d58fffd29336fefbe57f1ca08a6e7,BTCUSDT|long|high_volume,1760862060000,1760862240000,2025-10-19T08:21:00+00:00,2025-10-19T08:24:00+00:00,107040.1,106576.1,0.0081,867.02481,173.404962,5,106666.79999999999,106666.79999999999,4.796574732,7.794785187918438,exchange_guard_proxy_touch,False,-3.7584,1.0381747319999999,0.0,0.5202148859999999,-4.796574732,-55.32223157489576,1,True
BTCUSDT,long,938e9bc5c70fe448d6ed9ad5a69cbf4e9cec900c32c4520f1cdd6454cf049a93,BTCUSDT|long|high_volume,1760892360000,1760976060000,2025-10-19T16:46:00+00:00,2025-10-20T16:01:00+00:00,108838.1,110428.8,0.0027,293.86287000000004,58.772574000000006,5,107312.09999999999,110522.79999999999,4.716725418000008,9.578827312746235,exchange_guard_proxy_touch,False,4.2948899999999925,0.355212378,0.008490480210000002,0.176317722,3.9481681022099924,134.3540986382523,1,True
ETHUSDT,short,752f3292fbafe9a2c453b6bba518004ff3e824883b06ca9de780e8b9946d21f7,ETHUSDT|short|high_volume,1761005160000,1761043920000,2025-10-21T00:06:00+00:00,2025-10-21T10:52:00+00:00,3963.87,3898.33,0.1,396.387,79.2774,5,4001.9700000000003,3895.01,4.629155000000021,3.0579575034721205,exchange_guard_proxy_touch,False,6.553999999999997,0.47173199999999993,0.00018285491000000003,0.2378322,6.082450854909997,153.44728396516527,1,True
ETHUSDT,short,ae7b403e4c812d0c6b9585c2fd5efcf376f6c5c2d4107dcac4f6c78909202813,ETHUSDT|short|high_volume,1761052260000,1761053880000,2025-10-21T13:11:00+00:00,2025-10-21T13:38:00+00:00,3871.71,3898.33,0.15,580.7565,116.15129999999999,5,3895.01,3895.01,4.692303599999983,4.352830884608238,exchange_guard_proxy_touch,False,-3.9929999999999835,0.6993035999999999,0.0,0.3484539,-4.692303599999983,-80.79640262313005,1,True
ETHUSDT,short,a991779b01cd8d7b38539523ee979fd6db47c3b75ccd40aac641933389ce99c5,ETHUSDT|short|high_volume,1761054660000,1761055740000,2025-10-21T13:51:00+00:00,2025-10-21T14:09:00+00:00,3865.51,3898.33,0.12,463.8612,92.77224,5,3895.01,3895.01,4.497396479999965,3.331613698997896,exchange_guard_proxy_touch,False,-3.938399999999965,0.5589964799999999,0.0,0.27831672,-4.497396479999965,-96.95565138881987,1,True
BTCUSDT,long,93a6b4a0df2693ce719e37d18d2ada1fe24c002b5484ebb872954e1b4204093e,BTCUSDT|long|high_volume,1761049560000,1761116700000,2025-10-21T12:26:00+00:00,2025-10-22T07:05:00+00:00,109197.5,107710.5,0.0024000000000000002,262.074,52.4148,5,107432.7,107802.2,4.7666958719999935,10.564505902865427,exchange_guard_proxy_touch,False,-3.5688000000000004,0.31234752,0.0177607952832,0.15724439999999998,-3.8633867247168,-147.4158720329678,1,True
ETHUSDT,short,998d32c32d64afede7527a629bb5ab60f1890b1b51b9c5466cde4d22028cbe6a,ETHUSDT|short|high_volume,1761124860000,1761194400000,2025-10-22T09:21:00+00:00,2025-10-23T04:40:00+00:00,3828.32,3838.6,0.07,267.98240000000004,53.59648000000001,5,3882.94,3835.3300000000004,4.379111939999989,5.527565804365659,exchange_guard_proxy_touch,False,-0.7195999999999823,0.32201064,0.007837826150000001,0.16078944,-1.0337728138499822,-38.576145815918586,1,True
BTCUSDT,long,b07a3942fab0ffdc7ca4ae3c4f252f2b0ba0e1fd026bd94ec13476a44f112565,BTCUSDT|long|high_volume,1761238560000,1761305580000,2025-10-23T16:56:00+00:00,2025-10-24T11:33:00+00:00,110473.6,110554.20000000001,0.0023,254.08928,50.817856,5,108639.29999999999,110648.29999999999,4.733658289999993,6.051825980240241,exchange_guard_proxy_touch,False,0.1853800000000134,0.305018364,-0.0131338186413,0.15245356799999998,-0.1327721826412866,-5.225414572440309,1,True
BTCUSDT,long,b05865248081be3798b5eb23b313367da735c2f55ac0d85f77c626e5b85bef4c,BTCUSDT|long|high_volume,1761309360000,1761313140000,2025-10-24T12:36:00+00:00,2025-10-24T13:39:00+00:00,111527.6,110554.20000000001,0.004200000000000001,468.4159200000001,93.68318400000001,5,110648.29999999999,110648.29999999999,4.647926135999977,34.41723253857314,exchange_guard_proxy_touch,False,-4.088279999999976,0.559646136,0.0,0.28104955200000004,-4.647926135999976,-99.22647667483152,1,True
ETHUSDT,short,6e254249bb6b8ca3b0f8add91e7a9e80378a1a8e734171d5ccf482539850d554,ETHUSDT|short|high_volume,1761351660000,1761377040000,2025-10-25T00:21:00+00:00,2025-10-25T07:24:00+00:00,3918.1,3941.39,0.13,509.353,101.8706,5,3943.82,3938.0400000000004,4.393891840000049,2.9326683158701323,exchange_guard_proxy_touch,False,-3.0276999999999954,0.6130402199999999,0.0,0.3056118,-3.640740219999995,-71.4777417625889,1,True
BTCUSDT,long,bfb55495937e86972ba802dd81499fd9c70ad58b2472bad25254a484c7ce8876,BTCUSDT|long|confirmed_volume,1761365460000,1761407640000,2025-10-25T04:11:00+00:00,2025-10-25T15:54:00+00:00,111180.8,111233.20000000001,0.0057,633.7305600000001,126.74611200000001,5,110600.4,111327.9,4.602819882,1.824881430134987,exchange_guard_proxy_touch,False,0.2986800000000498,0.76065588,-0.009426951954,0.38023833599999995,-0.47140283195395016,-7.438537159292904,1,True
ETHUSDT,short,42ecc5576b43a7482b737cca5c0173905fe97ca42509a8faa5d9dbb9ba8140ca,ETHUSDT|short|high_volume,1761404760000,1761417060000,2025-10-25T15:06:00+00:00,2025-10-25T18:31:00+00:00,3928.65,3958.38,0.13,510.72450000000003,102.1449,5,3955.01,3955.01,4.480088340000003,2.246156182630836,exchange_guard_proxy_touch,False,-3.8649000000000027,0.61518834,0.032776272243,0.30643469999999995,-4.447312067757003,-87.07849472185107,1,True
BTCUSDT,long,ea0e05dbd5e7f652006dfb6ef5eac2524352cdeb9722462bae1a959711599782,BTCUSDT|long|high_volume,1761438660000,1761449940000,2025-10-26T00:31:00+00:00,2025-10-26T03:39:00+00:00,111859.90000000001,111196.3,0.0057,637.60143,127.52028600000001,5,111290.9,111290.9,4.545372204000033,2.704057772758363,exchange_guard_proxy_touch,False,-3.782520000000033,0.762852204,0.0,0.382560858,-4.545372204000033,-71.28861370339199,1,True
ETHUSDT,short,3f36b9eeda7b48855ba9f038968c5b94e658cbc6283ce38275b678c30230a83d,ETHUSDT|short|high_volume,1761444060000,1761468840000,2025-10-26T02:01:00+00:00,2025-10-26T08:54:00+00:00,3927.29,3966.64,0.1,392.72900000000004,78.54580000000001,5,3963.2700000000004,3963.2700000000004,4.408635799999991,24.176572247817813,exchange_guard_proxy_touch,False,-3.934999999999991,0.47363580000000005,0.00821146788,0.2356374,-4.400424332119991,-112.04734898925189,1,True
BTCUSDT,long,6e65950a0d44b883384a274e012251ee4e093a07daf6adeb6a9545238d7e6676,BTCUSDT|long|high_volume,1761457260000,1761514080000,2025-10-26T05:41:00+00:00,2025-10-26T21:28:00+00:00,111674.90000000001,113134.8,0.0074,826.3942600000001,165.27885200000003,5,111290.9,113231.09999999999,4.531188128000043,3.7144650727928417,exchange_guard_proxy_touch,False,10.803259999999957,0.998155068,-0.062483438719,0.49583655600000004,9.742621493280957,117.89314089961074,1,True
BTCUSDT,long,a4aa03b87cb2d6cb2a19f54541f8358cc7099f50af9ba88be4f6beb1350bd41e,BTCUSDT|long|high_volume,1761516360000,1761572160000,2025-10-26T22:06:00+00:00,2025-10-27T13:36:00+00:00,114686.6,114682.5,0.0027,309.65382000000005,61.93076400000001,5,113231.09999999999,114780.09999999999,4.558930668000008,59.11719774651246,exchange_guard_proxy_touch,False,-0.011070000000015717,0.371577942,-0.062105481,0.185792292,-0.44475342300001575,-14.362923828939545,1,True
BTCUSDT,long,1247edfd23934c6938b212d875413fe473e7e4cabe90ad97d3bd425380f1e5fa,BTCUSDT|long|high_volume,1761573360000,1761573960000,2025-10-27T13:56:00+00:00,2025-10-27T14:06:00+00:00,115362.90000000001,114682.5,0.0056,646.03224,129.206448,5,114780.09999999999,114780.09999999999,4.583192544000049,6.379106446324594,exchange_guard_proxy_touch,False,-3.8102400000000487,0.772952544,0.0,0.38761934400000003,-4.583192544000049,-70.9437124066757,1,True
BTCUSDT,long,8d0da7653faf7ee7a267c1e995b86990ffc23d632fedb41c858bd40fdc967991,BTCUSDT|long|high_volume,1761581460000,1761593520000,2025-10-27T16:11:00+00:00,2025-10-27T19:32:00+00:00,115298.0,114682.5,0.006,691.788,138.3576,5,114780.09999999999,114780.09999999999,4.5209298,2.6023348255694216,exchange_guard_proxy_touch,False,-3.693,0.8279297999999999,0.0,0.41507279999999996,-4.5209298,-65.35137643324256,1,True
ETHUSDT,short,52d4b51891152b3fd8c6a0e184529ee509812140908419d4c0931f16baa00714,ETHUSDT|short|confirmed_volume,1761630360000,1761656940000,2025-10-28T05:46:00+00:00,2025-10-28T13:09:00+00:00,4066.33,4137.99,0.05,203.31650000000002,40.66330000000001,5,4140.27,4134.47,4.119303600000002,1.6230831448771261,exchange_guard_proxy_touch,False,-3.582999999999993,0.24612959999999995,0.0094961932,0.12198989999999998,-3.819633406799993,-187.86637615737004,1,True
ETHUSDT,short,f3944c40ae49e25364f48984a457df4014a739f6ca7e217131096b05cb7c5970,ETHUSDT|short|high_volume,1761685860000,1761711420000,2025-10-28T21:11:00+00:00,2025-10-29T04:17:00+00:00,3940.55,4009.42,0.02,78.811,15.762200000000002,5,4149.88,4006.01,4.354327519999994,2.1998712224200934,exchange_guard_proxy_touch,False,-1.3773999999999977,0.09539964,-0.004104046408,0.0472866,-1.4769036864079976,-187.39816604382605,1,True
BTCUSDT,long,da2f971daa20e8247f3a88d3fabc0dd68dc316a8f5e420430da7d4bcd5ec8d5a,BTCUSDT|long|confirmed_volume,1761743760000,1761745860000,2025-10-29T13:16:00+00:00,2025-10-29T13:51:00+00:00,113376.3,112570.1,0.0047,532.86861,106.573722,5,112665.9,112665.9,4.426308847999986,1.5167113429882164,exchange_guard_proxy_touch,False,-3.7891399999999864,0.637168848,0.0,0.319721166,-4.426308847999986,-83.06567069131707,1,True
BTCUSDT,long,165f23100f26a51933063c9a300549cd37cd179589d21cee8c552ba9e87e2180,BTCUSDT|long|high_volume,1761806760000,1761823020000,2025-10-30T06:46:00+00:00,2025-10-30T11:17:00+00:00,110901.90000000001,109577.20000000001,0.003,332.70570000000004,66.54114000000001,5,109670.5,109670.5,4.370962379999991,2.6482156876385066,exchange_guard_proxy_touch,False,-3.9740999999999915,0.39686238,-0.011517618192,0.19962342,-4.382479998191992,-131.72242009054824,1,True
ETHUSDT,short,5e17f8d170d4f574cd4684f963ca680f839c8c632594cb7eff36109047752614,ETHUSDT|short|high_volume,1761754260000,1761883740000,2025-10-29T16:11:00+00:00,2025-10-31T04:09:00+00:00,3928.2000000000003,3863.3,0.04,157.12800000000001,31.425600000000003,5,4028.0200000000004,3860.01,4.3210316,3.801349705191486,exchange_guard_proxy_touch,False,2.5960000000000036,0.18699599999999997,-0.013570483652000004,0.09427680000000001,2.3954335163480036,152.45109187083165,1,True
ETHUSDT,short,37208ffa5731c25754fdb951d60057e22622930329b541820538ba368712ff18,ETHUSDT|short|high_volume,1761891060000,1761901320000,2025-10-31T06:11:00+00:00,2025-10-31T09:02:00+00:00,3833.65,3863.3,0.12,460.038,92.0076,5,3860.01,3860.01,4.11218040000001,2.548759325960167,exchange_guard_proxy_touch,False,-3.558000000000011,0.5541804,0.035737772531999994,0.27602279999999996,-4.076442627468011,-88.61099794947397,1,True
BTCUSDT,long,e69f175b5638581cec399abb808bb10afd053597abc09744253d5c27d1b38940,BTCUSDT|long|high_volume,1761911760000,1761929400000,2025-10-31T11:56:00+00:00,2025-10-31T16:50:00+00:00,110251.70000000001,109215.0,0.0033,363.83061000000004,72.76612200000001,5,109158.9,109308.0,4.346729244000019,4.8300326154995,exchange_guard_proxy_touch,False,-3.4211100000000383,0.43454406599999995,-0.036352833,0.218298366,-3.8920068990000383,-106.97304712761903,1,True
BTCUSDT,long,cf158901cfd339048bd53ea168aba41675c5594993af5092ce55dfcc14777dc1,BTCUSDT|long|high_volume,1761939360000,1761945240000,2025-10-31T19:36:00+00:00,2025-10-31T21:14:00+00:00,110049.3,109215.0,0.0044,484.21692,96.843384,5,109308.0,109308.0,4.249777752000013,2.597700459307736,exchange_guard_proxy_touch,False,-3.670920000000013,0.5788577519999999,0.0,0.290530152,-4.249777752000013,-87.76599033342356,1,True
BTCUSDT,long,8f56070e9621a2551a3fc733e2471d3748398183a34a397bd67fcdb60b76978b,BTCUSDT|long|high_volume,1761967260000,1761991860000,2025-11-01T03:21:00+00:00,2025-11-01T10:11:00+00:00,110160.70000000001,109791.90000000001,0.0041,451.6588700000001,90.33177400000002,5,109351.4,109885.4,4.239200986000013,7.505442891086921,exchange_guard_proxy_touch,False,-1.512080000000012,0.5410833960000001,-0.04511037300000001,0.270995322,-2.098273769000012,-46.45704774933373,1,True
ETHUSDT,short,689883feabbbcc81ab71816ef4bfff2245ff784aee8bef70ed1f9828753668bf,ETHUSDT|short|high_volume,1762042860000,1762058460000,2025-11-02T00:21:00+00:00,2025-11-02T04:41:00+00:00,3862.04,3893.32,0.11,424.8244,84.96488000000001,5,3890.01,3890.01,3.952653760000022,3.3985290584041596,exchange_guard_proxy_touch,False,-3.440800000000022,0.5118537599999999,0.0,0.25489464,-3.9526537600000218,-93.04206067259841,1,True
BTCUSDT,long,0e8dddc557a0dd271dbc11a0fec4c5bccdbeb8e2e6e671afffc70965220548ca,BTCUSDT|long|high_volume,1762050960000,1762089720000,2025-11-02T02:36:00+00:00,2025-11-02T13:22:00+00:00,110225.3,110208.20000000001,0.006500000000000001,716.46445,143.29289,5,109803.4,110302.0,4.20719767000002,5.718928700176005,exchange_guard_proxy_touch,False,-0.11114999999994325,0.85969065,-0.05871960900000001,0.42987866999999996,-1.0295602589999433,-14.370011784952391,1,True
ETHUSDT,short,925a695a54e6b82551e5b4409c67268a028f4fe0c3871037cc22204c6af59722,ETHUSDT|short|high_volume,1762122960000,1762124700000,2025-11-02T22:36:00+00:00,2025-11-02T23:05:00+00:00,3846.2000000000003,3869.19,0.15,576.9300000000001,115.38600000000001,5,3865.9,3865.9,4.142885099999967,2.9268482082871627,exchange_guard_proxy_touch,False,-3.4484999999999673,0.6943850999999999,0.0,0.34615799999999997,-4.142885099999967,-71.80914669023913,1,True
ETHUSDT,short,2f2aca8e16c1f4177c3d72fa608ca3ec2e4d2a99774d560b1ac28981907f8d4b,ETHUSDT|short|high_volume,1762131660000,1762178820000,2025-11-03T01:01:00+00:00,2025-11-03T14:07:00+00:00,3856.4300000000003,3743.17,0.23,886.9789000000001,177.39578,5,3865.9,3739.9900000000002,4.000935559999946,2.165985865979188,exchange_guard_proxy_touch,False,26.04980000000005,1.0487448,0.020265673911000003,0.5321873400000001,25.021320873911048,282.0960101070166,1,True
ETHUSDT,short,d1fa8be141b61f446bd303bd00919018b4cb9edbe5ce30eb860d83f81c70d5c2,ETHUSDT|short|high_volume,1762183560000,1762267680000,2025-11-03T15:26:00+00:00,2025-11-04T14:48:00+00:00,3688.9700000000003,3537.16,0.07,258.22790000000003,51.64558000000001,5,3739.9900000000002,3534.15,4.106149879999988,3.2241614121149436,exchange_guard_proxy_touch,False,10.62670000000003,0.30349746,0.043175920298,0.15493674,10.366378460298028,401.44300675093695,1,True
ETHUSDT,short,85e320041e4e3a752d62cbae7a7eac1168a93e6f9f47359af52431a6db4c4be1,ETHUSDT|short|confirmed_volume,1762273560000,1762311240000,2025-11-04T16:26:00+00:00,2025-11-05T02:54:00+00:00,3473.2400000000002,3308.57,0.06,208.39440000000002,41.67888000000001,5,3534.15,3305.76,4.087574399999976,1.8193764692049033,exchange_guard_proxy_touch,False,9.880200000000004,0.24414515999999997,0.002314151232,0.12503663999999998,9.638368991232003,462.50614177885785,1,True
ETHUSDT,short,2142233ad95976eebcf0bd7cc4634971e7a6fbbf7c9454d8727e9245bcf27d09,ETHUSDT|short|high_volume,1762413660000,1762484460000,2025-11-06T07:21:00+00:00,2025-11-07T03:01:00+00:00,3367.76,3354.67,0.04,134.71040000000002,26.942080000000004,5,3455.01,3351.82,3.7714170400000024,5.0066719383299185,exchange_guard_proxy_touch,False,0.5236000000000058,0.16133831999999998,0.01688369334,0.08082624,0.37914537334000586,28.145219176842012,1,True
ETHUSDT,short,f7c028b0d0c59b3dd5095d72f1f2de41f846b34db023b8c6726638b2c667ef07,ETHUSDT|short|confirmed_volume,1762490460000,1762492080000,2025-11-07T04:41:00+00:00,2025-11-07T05:08:00+00:00,3320.21,3354.67,0.12,398.4252,79.68504,5,3351.82,3351.82,4.615791360000004,1.6604551864055783,exchange_guard_proxy_touch,False,-4.135200000000005,0.4805913599999999,0.0,0.23905511999999998,-4.615791360000005,-115.85088894979546,1,True
ETHUSDT,short,98fa1a09312ccd85d57ba6af1f45daab17cc7ad9059a6afb8d31fda54327fa2f,ETHUSDT|short|high_volume,1762500660000,1762501680000,2025-11-07T07:31:00+00:00,2025-11-07T07:48:00+00:00,3340.87,3354.67,0.25,835.2175,167.0435,5,3351.82,3351.82,4.454331000000045,3.533391514140144,exchange_guard_proxy_touch,False,-3.4500000000000455,1.0043309999999999,0.0,0.5011304999999999,-4.454331000000045,-53.33138972782593,1,True
ETHUSDT,short,f4e5df07fa520dc5d62dd4e2c23b4bd34b9cf017dc1628671444ebef843ad7c0,ETHUSDT|short|high_volume,1762620960000,1762637760000,2025-11-08T16:56:00+00:00,2025-11-08T21:36:00+00:00,3358.89,3409.37,0.03,100.76669999999999,20.153339999999996,5,3468.44,3406.4700000000003,3.49794504,2.167979485375274,exchange_guard_proxy_touch,False,-1.5144000000000004,0.12182868,0.0,0.06046001999999999,-1.6362286800000003,-162.37791651408654,1,True
ETHUSDT,short,ddd2e0bf2a9400125415ac8bd04f3befcdd3f3af5a1768365d17b9da532f9100,ETHUSDT|short|high_volume,1762647360000,1762666140000,2025-11-09T00:16:00+00:00,2025-11-09T05:29:00+00:00,3381.41,3409.37,0.14,473.3974,94.67948,5,3406.4700000000003,3406.4700000000003,4.484825520000005,4.747532977808681,exchange_guard_proxy_touch,False,-3.9144000000000054,0.57042552,0.0,0.28403844,-4.484825520000006,-94.73701207484463,1,True
ETHUSDT,short,d00c1e3df3f2d72962a985667085fb498d66b7a578d44698a50cf8503f71cdbf,ETHUSDT|short|high_volume,1762776360000,1762822560000,2025-11-10T12:06:00+00:00,2025-11-11T00:56:00+00:00,3587.1,3585.75,0.08,286.968,57.393600000000006,5,3630.3100000000004,3582.7000000000003,4.050584000000015,3.182017857600713,exchange_guard_proxy_touch,False,0.10799999999999273,0.34429679999999996,0.030420724928,0.17218079999999997,-0.20587607507200725,-7.174182315519753,1,True
ETHUSDT,short,d8aef99954ae304d9c36807782d8bc9f7323664378dd9574dfd47f78ee765062,ETHUSDT|short|high_volume,1762865160000,1762925100000,2025-11-11T12:46:00+00:00,2025-11-12T05:25:00+00:00,3548.26,3457.63,0.1,354.826,70.96520000000001,5,3585.3,3454.69,4.437196599999969,2.8019355393954863,exchange_guard_proxy_touch,False,9.063000000000011,0.4203534,0.02219716768,0.21289560000000002,8.664843767680011,244.19979842739852,1,True
ETHUSDT,short,fa939e23e3e5d340d4107cfc588747e8386d3bcf17f3cd75ede2d7e997545ec6,ETHUSDT|short|confirmed_volume,1762930860000,1762936080000,2025-11-12T07:01:00+00:00,2025-11-12T08:28:00+00:00,3434.3,3457.63,0.16,549.488,109.89760000000001,5,3454.69,3454.69,4.3944252799999886,1.937519712440809,exchange_guard_proxy_touch,False,-3.7327999999999886,0.66162528,-0.02160071904,0.3296928,-4.416025999039989,-80.36619542264778,1,True
ETHUSDT,short,aebbf17c4923d75cfe54794e5886784ef941c623be816d43836896bdab5c10f6,ETHUSDT|short|high_volume,1762985760000,1762998180000,2025-11-12T22:16:00+00:00,2025-11-13T01:43:00+00:00,3393.55,3457.9500000000003,0.06,203.613,40.7226,5,3455.01,3455.01,4.110654000000006,2.393544232062904,exchange_guard_proxy_touch,False,-3.864000000000005,0.24665399999999998,0.01426890369,0.1221678,-4.096385096310006,-201.18485049137362,1,True
ETHUSDT,short,559161e05bc06d8a4f25fa3af7a89c970162e64f0ffa7d665fb49ee12db3997b,ETHUSDT|short|high_volume,1763003760000,1763004600000,2025-11-13T03:16:00+00:00,2025-11-13T03:30:00+00:00,3374.9900000000002,3457.9500000000003,0.05,168.7495,33.749900000000004,5,3455.01,3455.01,4.352988200000001,6.319881501675209,exchange_guard_proxy_touch,False,-4.148000000000002,0.20498819999999998,0.0,0.1012497,-4.352988200000002,-257.95562060924635,1,True
ETHUSDT,short,8a3230df9cf738feddb91eea44604db0645f017f83d33c88bd7177ede3ef385c,ETHUSDT|short|high_volume,1763094960000,1763137680000,2025-11-14T04:36:00+00:00,2025-11-14T16:28:00+00:00,3181.23,3242.44,0.04,127.2492,25.449840000000002,5,3270.59,3239.6800000000003,3.8409106400000037,6.060210509266259,exchange_guard_proxy_touch,False,-2.4484000000000017,0.15416808,0.014770952448000002,0.07634951999999999,-2.5877971275520015,-203.3645105471784,1,True
ETHUSDT,short,3d58980f74e82c0d3f58efddd92c099c1b585b00b9e54eae745395d08a089582,ETHUSDT|short|high_volume,1763193960000,1763215020000,2025-11-15T08:06:00+00:00,2025-11-15T13:57:00+00:00,3161.81,3195.53,0.11,347.7991,69.55982,5,3192.8100000000004,3192.8100000000004,4.128784440000028,2.6312991517344306,exchange_guard_proxy_touch,False,-3.709200000000028,0.41958443999999995,0.0,0.20867945999999998,-4.128784440000028,-118.711763198928,1,True
ETHUSDT,short,e104b82b4a8861c33c1d4207dd77789b965c8309fa55777fe3c595faac187b31,ETHUSDT|short|high_volume,1763327160000,1763339400000,2025-11-16T21:06:00+00:00,2025-11-17T00:30:00+00:00,3073.92,3129.88,0.07,215.17440000000002,43.03488,5,3127.2200000000003,3127.2200000000003,4.177759600000003,3.2838948586737864,exchange_guard_proxy_touch,False,-3.917200000000003,0.2605596,0.021658280000000002,0.12910464000000002,-4.156101320000003,-193.15036175307114,1,True
ETHUSDT,short,27e6767b2822d7a05b2397a03fa38e81c0c22ce2081bd3c1a5294e09a251f179,ETHUSDT|short|confirmed_volume,1763403960000,1763454900000,2025-11-17T18:26:00+00:00,2025-11-18T08:35:00+00:00,3038.4900000000002,3051.61,0.02,60.769800000000004,12.153960000000001,5,3210.23,3049.01,3.564417399999996,1.7238993130174134,exchange_guard_proxy_touch,False,-0.2623999999999978,0.0730812,0.011533924672000002,0.03646188,-0.32394727532799783,-53.307280150337476,1,True
ETHUSDT,short,78297c780b1683eeb9db88c94763c6ec562c694b2152f354255ecf1e573a30c6,ETHUSDT|short|high_volume,1763472360000,1763474040000,2025-11-18T13:26:00+00:00,2025-11-18T13:54:00+00:00,3031.66,3051.61,0.18,545.6988,109.13976,5,3049.01,3049.01,4.247993160000049,2.3017691152555457,exchange_guard_proxy_touch,False,-3.591000000000049,0.65699316,0.0,0.32741928,-4.247993160000049,-77.84501560201431,1,True
BTCUSDT,short,a902d3b1753ca81561761c004b718d2abdc8ef3e6d9393c3fdb3cdace2cb66aa,BTCUSDT|short|high_volume,1763395860000,1763476620000,2025-11-17T16:11:00+00:00,2025-11-18T14:37:00+00:00,93284.3,92449.6,0.0015,139.92645000000002,27.985290000000003,5,95909.20000000001,92371.0,4.23009759,2.108723746440628,exchange_guard_proxy_touch,False,1.2520499999999957,0.16716051,0.027394350000000005,0.08395587,1.1122838399999957,79.49060667229074,1,True
BTCUSDT,short,6652d0adb168fdc89ba98e34c0ce09b000d04cd9f265e97e488abeb3d570786d,BTCUSDT|short|confirmed_volume,1763523360000,1763564820000,2025-11-19T03:36:00+00:00,2025-11-19T15:07:00+00:00,91921.8,92065.5,0.0025,229.80450000000002,45.9609,5,93400.1,91987.3,4.172351949999993,1.6484955177754341,exchange_guard_proxy_touch,False,-0.35924999999999274,0.27598095,0.011505872980000002,0.1378827,-0.6237250770199927,-27.141551928704295,1,True
BTCUSDT,short,358b465044db771b07e49522200b3af9954c55a938496065e587d1981e4eeb49,BTCUSDT|short|high_volume,1763566560000,1763598600000,2025-11-19T15:36:00+00:00,2025-11-20T00:30:00+00:00,90650.40000000001,92065.5,0.0028,253.82112000000004,50.764224000000006,5,91987.3,91987.3,4.269242711999976,2.9497837646589242,exchange_guard_proxy_touch,False,-3.9622799999999754,0.306962712,0.020931198707999997,0.152292672,-4.248311513291975,-167.37423242368385,1,True
ETHUSDT,short,60630ae421a415411c32194ec0342084d9606954f9c5d2b702993812dcff23d1,ETHUSDT|short|high_volume,1763528460000,1763615220000,2025-11-19T05:01:00+00:00,2025-11-20T05:07:00+00:00,3047.76,3059.61,0.05,152.388,30.477600000000002,5,3125.0600000000004,3057.01,4.183264400000001,2.2687323652559557,exchange_guard_proxy_touch,False,-0.5924999999999955,0.18322110000000003,0.025863394335,0.09143280000000001,-0.7498577056649955,-49.20713610422051,1,True
ETHUSDT,short,ad13c4406865bd25fbcb1fc5f43be650ee933fd2a435ad268e59f4fd6c3505a0,ETHUSDT|short|high_volume,1763621160000,1763645460000,2025-11-20T06:46:00+00:00,2025-11-20T13:31:00+00:00,3012.88,3046.28,0.08,241.03040000000001,48.20608,5,3057.01,3043.69,4.0298795200000015,3.398739820133855,exchange_guard_proxy_touch,False,-2.6720000000000073,0.29083967999999993,0.01905010224,0.14461824,-2.943789577760007,-122.13353907888826,1,True
ETHUSDT,short,e78d834d5b6ef4674c9f40b2f2d34862a6fe3fa984ab946874d21b5a980191bf,ETHUSDT|short|high_volume,1763646360000,1763744760000,2025-11-20T13:46:00+00:00,2025-11-21T17:06:00+00:00,2999.38,2781.94,0.08,239.9504,47.99008,5,3043.69,2779.57,4.042191680000007,4.501000756033359,exchange_guard_proxy_touch,False,17.395200000000006,0.27750336,0.03960362196,0.14397024,17.157300261960007,715.0352848738742,1,True
BTCUSDT,short,72a35cbd095b0a01bcc8e72e4710b21f8be2cd03ed19944a54c1cf2cfaee1f3e,BTCUSDT|short|confirmed_volume,1763654460000,1763744820000,2025-11-20T16:01:00+00:00,2025-11-21T17:07:00+00:00,89722.0,85522.0,0.0014,125.6108,25.12216,5,92498.70000000001,85449.3,4.150691496000013,1.8462558916559355,exchange_guard_proxy_touch,False,5.88,0.14720495999999997,0.0135665950224,0.07536648,5.7463616350224,457.47353213437066,1,True
BTCUSDT,short,abfc07bea3ed685b4394d5fe6ef63c4f6d03909ba5bbe6412a98307cf188b2bf,BTCUSDT|short|confirmed_volume,1763778960000,1763820840000,2025-11-22T02:36:00+00:00,2025-11-22T14:14:00+00:00,84342.6,84400.3,0.0036000000000000003,303.63336000000004,60.72667200000001,5,85374.6,84328.6,4.3433059680000214,1.9218721315265208,exchange_guard_proxy_touch,False,-0.20771999999998955,0.36448466400000007,0.020496938004,0.182180016,-0.5517077259959896,-18.17019467149425,1,True
ETHUSDT,short,6e4c96643963619f4c7b6240d24072f3a47e9ab694a6f26348f0ca7817e488e9,ETHUSDT|short|high_volume,1763784960000,1763820900000,2025-11-22T04:16:00+00:00,2025-11-22T14:15:00+00:00,2729.01,2744.4,0.07,191.03070000000002,38.206140000000005,5,2783.3500000000004,2742.0600000000004,4.201318660000003,2.416468880462162,exchange_guard_proxy_touch,False,-1.0772999999999913,0.22988322,0.013876262610000002,0.11461842,-1.2933069573899914,-67.70152427803443,1,True
ETHUSDT,short,433ac8e0845c9c5573626065abd4405912722f92c1abf7027cc7974830563a95,ETHUSDT|short|high_volume,1763942760000,1763949960000,2025-11-24T00:06:00+00:00,2025-11-24T02:06:00+00:00,2784.9,2846.42,0.06,167.094,33.4188,5,2844.0,2844.0,3.893927519999999,3.175318848893419,exchange_guard_proxy_touch,False,-3.691199999999999,0.20272751999999997,0.0,0.10025639999999998,-3.8939275199999988,-233.0381414054364,1,True
BTCUSDT,short,c3219b9abe98fe20d1f908ef309a4a726b83c65752b14022dbb4ada54eb66095,BTCUSDT|short|high_volume,1763975460000,1764005640000,2025-11-24T09:11:00+00:00,2025-11-24T17:34:00+00:00,86508.40000000001,87870.70000000001,0.0029000000000000002,250.87436000000005,50.17487200000001,5,87796.0,87796.0,4.2540896340000085,3.3052924554219705,exchange_guard_proxy_touch,False,-3.9506700000000086,0.30341963400000005,0.012663274223600002,0.150524616,-4.241426359776408,-169.06575704972033,1,True
ETHUSDT,short,c115a6d357f6418b6e74e79f51fb8a2c7febe592fade01486c9de984f54b646e,ETHUSDT|short|high_volume,1764057960000,1764088380000,2025-11-25T08:06:00+00:00,2025-11-25T16:33:00+00:00,2898.89,2936.01,0.08,231.9112,46.38224,5,2941.4,2933.51,3.8820543999999986,5.5243735247088885,exchange_guard_proxy_touch,False,-2.9696000000000278,0.28007519999999997,0.001287335712,0.13914671999999997,-3.248387864288028,-140.07033141512906,1,True
BTCUSDT,short,7ddc189814ae036de67bb7b83601b0a1303be3d7c2d703ec34c87906d1d6b478,BTCUSDT|short|high_volume,1764055860000,1764091980000,2025-11-25T07:31:00+00:00,2025-11-25T17:33:00+00:00,87615.40000000001,87807.40000000001,0.006500000000000001,569.5001000000001,113.90002000000001,5,88100.1,87732.8,4.322982559999944,3.0798444150060607,exchange_guard_proxy_touch,False,-1.2480000000000002,0.68414892,-0.005727594223000001,0.34170006,-1.9378765142230003,-34.02767645208491,1,True
ETHUSDT,short,cc8c0b8f7ca9ed1c39a86f70480ac0e669b073719ba21ee0bdabfa1313a96551,ETHUSDT|short|confirmed_volume,1764097260000,1764101640000,2025-11-25T19:01:00+00:00,2025-11-25T20:14:00+00:00,2923.3,2936.01,0.26,760.0580000000001,152.01160000000002,5,2933.51,2933.51,4.218652360000009,1.56947134164472,exchange_guard_proxy_touch,False,-3.3046000000000095,0.91405236,0.0,0.45603479999999996,-4.21865236000001,-55.50434782608708,1,True
BTCUSDT,short,4cd8744ab8ecb6242f9f7d1e46c1c24f58bb85e3708a6344ccfb4ff69030b60b,BTCUSDT|short|high_volume,1764097560000,1764112440000,2025-11-25T19:06:00+00:00,2025-11-25T23:14:00+00:00,86926.90000000001,87807.40000000001,0.0043,373.78567000000004,74.75713400000001,5,87732.8,87732.8,4.236964494,2.112366153692913,exchange_guard_proxy_touch,False,-3.78615,0.450814494,0.0,0.224271402,-4.236964494,-113.35278032461758,1,True
ETHUSDT,short,6aee6fab73f3bedbe8b005ab65dbcd418a8ae2c8f6f1eee253b6ee3e4273f132,ETHUSDT|short|high_volume,1764148260000,1764173700000,2025-11-26T09:11:00+00:00,2025-11-26T16:15:00+00:00,2907.52,2956.34,0.08,232.6016,46.52032,5,2953.82,2953.82,4.187065280000013,2.2064048797123355,exchange_guard_proxy_touch,False,-3.905600000000013,0.28146528,0.004415699344,0.13956095999999998,-4.182649580656013,-179.8203271454716,1,True
BTCUSDT,short,b28fc10ed0dafac5eaed2e0dbd46830fa91f252e3a1997d1502e462df51edf3c,BTCUSDT|short|confirmed_volume,1764153360000,1764177120000,2025-11-26T10:36:00+00:00,2025-11-26T17:12:00+00:00,86594.90000000001,88021.90000000001,0.0027,233.80623000000003,46.76124600000001,5,87947.1,87947.1,4.135779216,1.5560523583233035,exchange_guard_proxy_touch,False,-3.8529,0.28287921600000004,-0.0009833972319,0.14028373800000002,-4.136762613231901,-176.93123973779058,1,True
ETHUSDT,short,3dc0fd9e277248776f9aec8b880be03778ea8f720fa05dc8ae220f7df1252866,ETHUSDT|short|high_volume,1764246060000,1764319800000,2025-11-27T12:21:00+00:00,2025-11-28T08:50:00+00:00,3015.41,3030.59,0.11,331.69509999999997,66.33901999999999,5,3044.01,3028.01,3.830992660000006,4.295284985752876,exchange_guard_proxy_touch,False,-1.669800000000032,0.39903599999999995,0.011495994763,0.19901705999999997,-2.057340005237032,-62.02503459463321,1,True
BTCUSDT,short,19aff93b1af366e343b97f067b81da1a99e5e8a915325233bb8d5ce3fea9b26e,BTCUSDT|short|high_volume,1764277560000,1764320400000,2025-11-27T21:06:00+00:00,2025-11-28T09:00:00+00:00,91184.40000000001,91768.1,0.005,455.922,91.18440000000001,5,91800.1,91690.1,4.018187800000015,2.888528690192857,exchange_guard_proxy_touch,False,-2.9184999999999857,0.5488575,0.035376788879999996,0.2735532,-3.431980711119986,-75.27561098433473,1,True
BTCUSDT,short,19f45375684824bf2d1cd2c58b0ab8112daa6b6aa42ee6735dbb5764f9f94859,BTCUSDT|short|confirmed_volume,1764375660000,1764429360000,2025-11-29T00:21:00+00:00,2025-11-29T15:16:00+00:00,90706.70000000001,90962.20000000001,0.0058000000000000005,526.0988600000001,105.219772,5,91209.1,90884.90000000001,3.9973370320000003,1.5973090229637434,exchange_guard_proxy_touch,False,-1.4819000000000002,0.632207772,0.0093351351016,0.315659316,-2.1047726368984003,-40.0071696961746,1,True
BTCUSDT,short,d759d1b29a7f14a14612a8ddf774e7241ddeb4146dbfa2459a7c131905f59899,BTCUSDT|short|high_volume,1764439260000,1764449400000,2025-11-29T18:01:00+00:00,2025-11-29T20:50:00+00:00,90339.3,90962.20000000001,0.0055000000000000005,496.86615000000006,99.37323,5,90884.90000000001,90884.90000000001,4.024244950000048,2.143858036949643,exchange_guard_proxy_touch,False,-3.4259500000000482,0.59829495,0.0,0.29811969,-4.024244950000048,-80.99253591737025,1,True
BTCUSDT,short,6e9a37efeb01f7c0741030cbe5cae05c8dd05a6a6d816a4f2c605bf51ae03a2d,BTCUSDT|short|confirmed_volume,1764471360000,1764490860000,2025-11-30T02:56:00+00:00,2025-11-30T08:21:00+00:00,90647.40000000001,91093.5,0.0071,643.5965400000001,128.719308,5,91020.1,91016.1,3.969943273999938,1.7980056219076326,exchange_guard_proxy_touch,False,-3.1673099999999383,0.7742162340000001,0.022956254061999998,0.38615792400000004,-3.918569979937938,-60.8855041380107,1,True
ETHUSDT,short,299fbdf6d0a7fcc6e7e8c2660366d1bc6e6fbc42eb758cc8cab8d082ddd02e0e,ETHUSDT|short|high_volume,1764383760000,1764490980000,2025-11-29T02:36:00+00:00,2025-11-30T08:23:00+00:00,3021.7000000000003,3014.55,0.09,271.95300000000003,54.390600000000006,5,3059.86,3011.98,3.9978451799999983,4.495053283985004,exchange_guard_proxy_touch,False,0.6435000000000082,0.32595749999999996,0.033118783937999996,0.1631718,0.3506612839380082,12.894187007975942,1,True
BTCUSDT,short,463c822c0fb04bce1b3c63312ed6387c6b1972bffad49c3c308176f784e4c6a5,BTCUSDT|short|high_volume,1764547260000,1764626700000,2025-12-01T00:01:00+00:00,2025-12-01T22:05:00+00:00,90299.90000000001,86698.8,0.0026000000000000003,234.77974000000006,46.955948000000014,5,91592.40000000001,86625.1,3.8469135119999853,2.3135472964847605,exchange_guard_proxy_touch,False,9.362860000000016,0.27611797200000004,0.010371597779400003,0.14086784400000002,9.097113625779416,387.47438879434037,1,True
BTCUSDT,short,b8fb3926324352a78a234009b095c23e465de1ad3bb01ab1932564f19b158d2a,BTCUSDT|short|high_volume,1764663360000,1764672480000,2025-12-02T08:16:00+00:00,2025-12-02T10:48:00+00:00,86653.40000000001,87320.20000000001,0.005200000000000001,450.5976800000001,90.11953600000001,5,87246.0,87246.0,4.010157632000016,5.02117587670499,exchange_guard_proxy_touch,False,-3.4673600000000158,0.5427976320000001,0.0,0.27035860800000006,-4.010157632000016,-88.99641098906713,1,True
ETHUSDT,short,7555c956060bbebf2d61f89086f798984876f4abea9524b84ea5103e56f846d1,ETHUSDT|short|high_volume,1764590760000,1764672480000,2025-12-01T12:06:00+00:00,2025-12-02T10:48:00+00:00,2822.94,2817.21,0.1,282.29400000000004,56.45880000000001,5,2854.57,2814.8100000000004,3.7467963999999947,2.7809324420749046,exchange_guard_proxy_touch,False,0.5730000000000018,0.33840899999999996,0.02805000657,0.16937639999999998,0.2626410065700019,9.30381115326581,1,True
BTCUSDT,short,2ffffa3569236c18c6300776d93653544248d6dcf3049ac2145b7afc2e3d95c9,BTCUSDT|short|high_volume,1764807360000,1764810720000,2025-12-04T00:16:00+00:00,2025-12-04T01:12:00+00:00,92863.90000000001,93550.70000000001,0.005,464.31950000000006,92.86390000000002,5,93471.20000000001,93471.20000000001,3.9932438000000143,3.229300802895335,exchange_guard_proxy_touch,False,-3.434000000000015,0.5592438000000001,0.0,0.2785917,-3.9932438000000148,-86.002069695544,1,True
ETHUSDT,short,c4e8013b29f1e55930fc9e07b02d2671600bc28b810834c0f459bf6f65d04fc7,ETHUSDT|short|confirmed_volume,1764853260000,1764862740000,2025-12-04T13:01:00+00:00,2025-12-04T15:39:00+00:00,3175.73,3210.33,0.1,317.57300000000004,63.51460000000001,5,3207.6000000000004,3207.6000000000004,3.8431635999999907,1.983181538772892,exchange_guard_proxy_touch,False,-3.459999999999991,0.38316359999999994,0.0,0.19054379999999999,-3.843163599999991,-121.01669852285902,1,True
BTCUSDT,short,f848d88171a78bd7f61eb57208d53a21794ca83079ba12371d806f68fb5db2dd,BTCUSDT|short|high_volume,1764825060000,1765028640000,2025-12-04T05:11:00+00:00,2025-12-06T13:44:00+00:00,92937.20000000001,89808.8,0.0033,306.69276,61.33855200000001,5,93932.8,89732.5,3.919310802,2.036959510605101,exchange_guard_proxy_touch,False,10.323720000000028,0.36183708,0.0824091861846,0.184015656,10.044292106184628,327.5033980647155,1,True
ETHUSDT,short,69a049420e56ea4f7f5d76c91489b0275e8cd81fc58ef0a6244b30a060c16726,ETHUSDT|short|high_volume,1764942060000,1765030500000,2025-12-05T13:41:00+00:00,2025-12-06T14:15:00+00:00,3098.4300000000003,3047.4,0.04,123.93720000000002,24.787440000000004,5,3181.65,3044.8100000000004,3.587986959999993,2.282626508621294,exchange_guard_proxy_touch,False,2.041200000000008,0.14749991999999998,0.012030965376000001,0.07436232000000001,1.905731045376008,153.76586249939547,1,True
ETHUSDT,short,09d9ffcd7d39ca553c60a19b090d00920ec5c0e0e34e08c55839dcc4ccb1504d,ETHUSDT|short|confirmed_volume,1765082160000,1765111680000,2025-12-07T04:36:00+00:00,2025-12-07T12:48:00+00:00,3044.68,3052.35,0.25,761.17,152.23399999999998,5,3054.0,3049.75,3.895192000000018,1.671717385962038,exchange_guard_proxy_touch,False,-1.9175000000000182,0.9145544999999999,-0.0073924165,0.45670199999999994,-2.8394469165000182,-37.30371554974603,1,True
BTCUSDT,short,34b9147bc0afa74205ed190b1d7e1822a24bfb33fb1185935039790c1d16b89c,BTCUSDT|short|high_volume,1765092960000,1765123020000,2025-12-07T07:36:00+00:00,2025-12-07T15:57:00+00:00,89180.6,89634.20000000001,0.0054,481.57524000000006,96.31504800000002,5,89750.1,89558.0,4.067302680000016,2.2962470223380826,exchange_guard_proxy_touch,False,-2.4494400000000316,0.579359952,0.0080371228644,0.288945144,-3.0207628291356317,-62.726705574307175,1,True
ETHUSDT,short,29ec24df4e9d82a1a2fb873a35612911f9fab09536bfefa6f46a825d070d1660,ETHUSDT|short|high_volume,1765113960000,1765127760000,2025-12-07T13:26:00+00:00,2025-12-07T17:16:00+00:00,3027.81,3052.35,0.14,423.89340000000004,84.77868000000001,5,3049.75,3049.75,3.946333439999995,9.3713202645829,exchange_guard_proxy_touch,False,-3.435599999999995,0.51073344,0.006133962576000001,0.25433604,-3.9401994774239952,-92.95260264547632,1,True
ETHUSDT,short,73e277bd3f685e13275e0949f7559a0229d790c1a30ba38f6d93b2250942fabf,ETHUSDT|short|high_volume,1765220460000,1765229400000,2025-12-08T19:01:00+00:00,2025-12-08T21:30:00+00:00,3091.9700000000003,3152.69,0.06,185.5182,37.10364,5,3150.01,3150.01,3.8680077599999882,7.615107027721854,exchange_guard_proxy_touch,False,-3.643199999999988,0.22480775999999997,0.0,0.11131092,-3.868007759999988,-208.49748218773078,1,True
BTCUSDT,short,a598cbbff928d3461d36105ea4b15f6b29da30fa852cf58af59b83afdb5308f0,BTCUSDT|short|high_volume,1765240560000,1765265940000,2025-12-09T00:36:00+00:00,2025-12-09T07:39:00+00:00,90447.6,90550.0,0.0036000000000000003,325.61136000000005,65.12227200000001,5,91338.3,90473.0,3.8790653759999794,2.8958986683861383,exchange_guard_proxy_touch,False,-0.3686399999999791,0.390954816,0.0,0.19536681600000003,-0.759594815999979,-23.3282652054885,1,True
BTCUSDT,short,a7dbf125b3b33ac4651373b439523909983ad9b717ac61f30f84b3725ef19fcf,BTCUSDT|short|high_volume,1765276860000,1765282680000,2025-12-09T10:41:00+00:00,2025-12-09T12:18:00+00:00,89919.1,90550.0,0.005200000000000001,467.5793200000001,93.51586400000002,5,90473.0,90473.0,3.8437435919999703,2.1493949023931513,exchange_guard_proxy_touch,False,-3.28067999999997,0.563063592,0.0,0.280547592,-3.84374359199997,-82.20516664423843,1,True
ETHUSDT,short,33a20398fa54e8c66b3668dfd532e81056fa513c53280da1d5a4a7ec2119b496,ETHUSDT|short|confirmed_volume,1765236360000,1765282920000,2025-12-08T23:26:00+00:00,2025-12-09T12:22:00+00:00,3114.13,3132.28,0.05,155.7065,31.1413,5,3178.01,3129.61,3.5183455000000077,1.8351067352248875,exchange_guard_proxy_touch,False,-0.9075000000000046,0.18739229999999998,0.017948549785,0.0934239,-1.0769437502150045,-69.16498349234004,1,True
BTCUSDT,short,8125284a15cb7a2aa0ab93e1b10d09ab600bd4485a08f455e270b27c4286259a,BTCUSDT|short|high_volume,1765391160000,1765397280000,2025-12-10T18:26:00+00:00,2025-12-10T20:08:00+00:00,91964.70000000001,93358.3,0.0025,229.91175000000004,45.98235000000001,5,93279.0,93279.0,3.7619844999999783,3.367068893330922,exchange_guard_proxy_touch,False,-3.4839999999999782,0.2779845,0.0,0.13794705000000002,-3.7619844999999783,-163.62732657204245,1,True
BTCUSDT,short,15e87ca0ceb11bf50bebf8096dca2f6e20bb0fef9caaa449852d0187a0818317,BTCUSDT|short|confirmed_volume,1765401060000,1765466640000,2025-12-10T21:11:00+00:00,2025-12-11T15:24:00+00:00,91770.6,90571.8,0.0022,201.89532000000003,40.37906400000001,5,93279.0,90494.8,3.737310147999994,1.666357729762265,exchange_guard_proxy_touch,False,2.6373600000000064,0.240691968,0.0021103932278,0.121137192,2.3987784252278064,118.81297819225358,1,True
BTCUSDT,short,27f24ef0057a9a8bdb13226fa329c15cfa9fe2f437e66d1f174228cc603ab63e,BTCUSDT|short|high_volume,1765525260000,1765550760000,2025-12-12T07:41:00+00:00,2025-12-12T14:46:00+00:00,92235.6,92678.90000000001,0.0057,525.74292,105.148584,5,92719.1,92600.1,3.838494911999967,2.1786111449328303,exchange_guard_proxy_touch,False,-2.5268100000000167,0.6324075899999999,0.024740614647000003,0.315445752,-3.134476975353017,-59.619955992046776,1,True
BTCUSDT,short,cd9db0923eb264620415d306963003eede2d9fbf172b31f3a9d65a5e46983e1c,BTCUSDT|short|high_volume,1765552860000,1765597140000,2025-12-12T15:21:00+00:00,2025-12-13T03:39:00+00:00,91711.20000000001,90475.0,0.0035,320.98920000000004,64.19784000000001,5,92600.1,90398.1,3.7741692099999904,4.789241447521932,exchange_guard_proxy_touch,False,4.326700000000041,0.38259102,0.0110261402545,0.19259352000000002,3.955135120254541,123.21707771646336,1,True
BTCUSDT,short,7ad51f0ad17224f6d2a2af62fda50eed155ac23f41c34a51035be649017f4530,BTCUSDT|short|high_volume,1765710360000,1765789440000,2025-12-14T11:06:00+00:00,2025-12-15T09:04:00+00:00,89591.20000000001,89956.5,0.0045000000000000005,403.1604000000001,80.63208000000002,5,90250.1,89880.1,3.7964288699999873,17.521156939289522,exchange_guard_proxy_touch,False,-1.6438499999999479,0.48477879,0.0122570568855,0.24189624,-2.1163717331144483,-52.494534014611745,1,True
BTCUSDT,short,b0f365700ba9cd1de849d1886d8ed7affd5fe11baaab7ad1ff48178afb3427cb,BTCUSDT|short|high_volume,1765799160000,1765867860000,2025-12-15T11:46:00+00:00,2025-12-16T06:51:00+00:00,89527.70000000001,86552.3,0.0071,635.6466700000001,127.12933400000001,5,89880.1,86478.70000000001,3.8090826919999174,3.9744206880533732,exchange_guard_proxy_touch,False,21.12534000000006,0.7501008,0.06483083460149999,0.381388002,20.440070034601565,321.5633936161667,1,True
BTCUSDT,short,292bd931812b4759a6a3e596e04896e2c87923fb8a1527dcc7ce2f55368eb5ec,BTCUSDT|short|high_volume,1765871160000,1765881420000,2025-12-16T07:46:00+00:00,2025-12-16T10:37:00+00:00,85781.70000000001,86552.3,0.0046,394.59582000000006,78.91916400000001,5,86478.70000000001,86478.70000000001,4.02040183999996,2.1490183939289884,exchange_guard_proxy_touch,False,-3.5447599999999597,0.4756418399999999,0.005338420289999999,0.23675749199999999,-4.01506341970996,-101.75129122528361,1,True
BTCUSDT,short,f93dc76f4a615cff42d4220483ad53a1a1cea5b9cd72ab6f0ae28e817207a84d,BTCUSDT|short|confirmed_volume,1765937460000,1765973160000,2025-12-17T02:11:00+00:00,2025-12-17T12:06:00+00:00,87321.1,87238.40000000001,0.005200000000000001,454.0697200000001,90.81394400000002,5,87900.1,87164.3,3.9466835200000157,1.681861963802265,exchange_guard_proxy_touch,False,0.43003999999998493,0.54462564,0.04066204816960001,0.27244183200000005,-0.07392359183041508,-1.6280229351213964,1,True
BTCUSDT,short,8848c2d112d50472d64bc818174eba002a151de1c5093ae43a4da579e2bd2b70,BTCUSDT|short|high_volume,1766020260000,1766023980000,2025-12-18T01:11:00+00:00,2025-12-18T02:13:00+00:00,85777.1,86494.6,0.0048000000000000004,411.73008000000004,82.346016,5,86421.1,86421.1,3.9401424960000004,2.7420226000414676,exchange_guard_proxy_touch,False,-3.4440000000000004,0.496142496,0.0,0.247038048,-3.9401424960000004,-95.69722221898387,1,True
BTCUSDT,short,63216565c49ed0f9d23b4edc645034e605a62babc40a83fd5124b53bac1d107e,BTCUSDT|short|high_volume,1766154960000,1766155440000,2025-12-19T14:36:00+00:00,2025-12-19T14:44:00+00:00,87741.1,88420.3,0.005,438.70550000000003,87.7411,5,88345.20000000001,88345.20000000001,3.924484199999986,5.383555739555036,exchange_guard_proxy_touch,False,-3.3959999999999857,0.5284842000000001,0.0,0.2632233,-3.924484199999986,-89.45600636417791,1,True
BTCUSDT,short,cf598efeea43cf501bfa4277098b54308a1cdf447caba51153b32db1b882f746,BTCUSDT|short|high_volume,1766165460000,1766176500000,2025-12-19T17:31:00+00:00,2025-12-19T20:35:00+00:00,87370.40000000001,88420.3,0.0033,288.32232000000005,57.66446400000001,5,88345.20000000001,88345.20000000001,3.812735585999981,3.236136122700778,exchange_guard_proxy_touch,False,-3.464669999999981,0.348065586,0.0,0.172993392,-3.812735585999981,-132.23865519672498,1,True
BTCUSDT,short,901186845549dd7113f9cd0e2aa3123edcfe024b451db2923d98dd756ad7131c,BTCUSDT|short|high_volume,1766189160000,1766208060000,2025-12-20T00:06:00+00:00,2025-12-20T05:21:00+00:00,87973.8,88481.6,0.0063,554.23494,110.84698800000001,5,88406.40000000001,88406.40000000001,3.8661414120000184,3.6496685092692984,exchange_guard_proxy_touch,False,-3.1991400000000185,0.6670014120000001,0.0,0.332540964,-3.866141412000019,-69.75636382650322,1,True
BTCUSDT,short,031582febfaba657604d17d7cfbd0feacff23b92cacad7d0b7411d209b9d1fd4,BTCUSDT|short|high_volume,1766215260000,1766256960000,2025-12-20T07:21:00+00:00,2025-12-20T18:56:00+00:00,88113.5,88395.20000000001,0.008,704.908,140.98160000000001,5,88406.40000000001,88320.1,3.792456480000047,2.2452871162218337,exchange_guard_proxy_touch,False,-2.2536000000000933,0.8472417600000001,0.05927205276,0.4229448,-3.0415697072400936,-43.148463448281106,1,True
BTCUSDT,short,9b89a855658a59fea68915fd4d5a020379751c6dce127c8536f90db111e1fd34,BTCUSDT|short|high_volume,1766303160000,1766306400000,2025-12-21T07:46:00+00:00,2025-12-21T08:40:00+00:00,87954.90000000001,88475.3,0.006,527.7294,105.54588000000001,5,88400.1,88400.1,3.757548719999965,5.2512964191796305,exchange_guard_proxy_touch,False,-3.122399999999965,0.63514872,0.046923334344,0.31663764,-3.7106253856559652,-70.31303136903051,1,True
BTCUSDT,short,4ea7047fffeeea68900807d5321a3680596c22060508b9775081bf382633c088,BTCUSDT|short|high_volume,1766369160000,1766373000000,2025-12-22T02:06:00+00:00,2025-12-22T03:10:00+00:00,87892.70000000001,88663.40000000001,0.0043,377.93861000000004,75.58772200000001,5,88588.1,88588.1,3.7695247379999874,2.3993809735482703,exchange_guard_proxy_touch,False,-3.3140099999999877,0.4555147380000001,0.0,0.22676316600000002,-3.769524737999988,-99.73907503125938,1,True
BTCUSDT,short,8be96c9a5b5914904c3b154835adc86dc2f60cae67819c28078eb363e0609d8f,BTCUSDT|short|high_volume,1766433660000,1766505780000,2025-12-22T20:01:00+00:00,2025-12-23T16:03:00+00:00,87926.6,87988.90000000001,0.0028,246.19448000000003,49.238896000000004,5,89050.1,87914.1,3.655208031999992,3.027431094298039,exchange_guard_proxy_touch,False,-0.17444000000000814,0.29553803999999995,0.0237441023064,0.147716688,-0.4462339376936081,-18.12526169122915,1,True
BTCUSDT,short,f68256a4eb6ab47ba6e283f3b108e9494b52fc2f097673502829a22d30c1d27b,BTCUSDT|short|high_volume,1766512860000,1766514720000,2025-12-23T18:01:00+00:00,2025-12-23T18:32:00+00:00,87127.3,87988.90000000001,0.0038,331.08374000000003,66.21674800000001,5,87914.1,87914.1,3.673344936000022,2.216362400437699,exchange_guard_proxy_touch,False,-3.2740800000000223,0.399264936,0.0,0.19865024399999998,-3.6733449360000225,-110.94911927719622,1,True
BTCUSDT,short,cceb0c9e064bd095cae6cd9680c43b83e695ea215aa38706cdaea07f7996dc38,BTCUSDT|short|high_volume,1766555160000,1766593980000,2025-12-24T05:46:00+00:00,2025-12-24T16:33:00+00:00,86763.8,87524.5,0.0029000000000000002,251.61502000000002,50.323004000000005,5,87850.0,87450.1,3.6705679900000256,8.114350712660755,exchange_guard_proxy_touch,False,-2.2060299999999917,0.303261642,0.036255507375500005,0.150969012,-2.4730361346244916,-98.28650668884916,1,True
BTCUSDT,short,14a57964d5250ccb5eb0e2e0325a51df8a3656c237a929f59bc43e5b15d79b73,BTCUSDT|short|high_volume,1766639160000,1766676300000,2025-12-25T05:06:00+00:00,2025-12-25T15:25:00+00:00,87601.90000000001,87933.6,0.0071,621.9734900000001,124.39469800000002,5,87933.6,87858.90000000001,3.6342498780000003,2.3380236403723664,exchange_guard_proxy_touch,False,-2.3550699999999796,0.74778123,0.04957509628170001,0.373184094,-3.0532761337182794,-49.09013298490067,1,True
BTCUSDT,short,54ec784bd9fad7cfe87c3550964ad0383b88a167ef937dcf7c2c6716f9ff0537,BTCUSDT|short|high_volume,1766787960000,1766815740000,2025-12-26T22:26:00+00:00,2025-12-27T06:09:00+00:00,87303.90000000001,87567.90000000001,0.0018000000000000002,157.14702000000003,31.429404000000005,5,89037.1,87493.5,3.44655003599999,2.6027488811100703,exchange_guard_proxy_touch,False,-0.47520000000000007,0.18886154400000002,0.0028432584846000003,0.09428821200000001,-0.6612182855154001,-42.07641261764938,1,True
BTCUSDT,short,e08c57a62a13e26efd3543b82d93ff267739bbcded16fb5d0141ac2d06fd893a,BTCUSDT|short|confirmed_volume,1766817660000,1766819220000,2025-12-27T06:41:00+00:00,2025-12-27T07:07:00+00:00,87347.20000000001,87567.90000000001,0.0111,969.5539200000002,193.91078400000004,5,87493.5,87493.5,3.6147045659999684,1.980072024331536,exchange_guard_proxy_touch,False,-2.4497699999999676,1.1649345660000003,0.0,0.5817323520000001,-3.614704565999968,-37.28214069827047,1,True
BTCUSDT,short,b8593d05929e20817a129c7c797ff23518aef50fe47beecbb3fe702fd99edbea,BTCUSDT|short|confirmed_volume,1767041160000,1767082380000,2025-12-29T20:46:00+00:00,2025-12-30T08:13:00+00:00,87117.8,88043.0,0.0029000000000000002,252.64162000000002,50.528324000000005,5,88150.1,87968.20000000001,3.516266646000009,1.9060014160176584,exchange_guard_proxy_touch,False,-2.683079999999992,0.304779792,0.0369887299775,0.151584972,-2.9508710620224923,-116.80067053173947,1,True
BTCUSDT,short,4df9ded0a127e79aea6311ec60c1ed1dd3cbf718618b81e6ccddb648ee3b725d,BTCUSDT|short|high_volume,1767170760000,1767175800000,2025-12-31T08:46:00+00:00,2025-12-31T10:10:00+00:00,88306.20000000001,88855.6,0.0054,476.8534800000001,95.37069600000002,5,88780.1,88780.1,3.540764231999969,3.049055204486813,exchange_guard_proxy_touch,False,-2.9667599999999688,0.5740042320000001,0.0,0.28611208800000004,-3.540764231999969,-74.25266629070146,1,True
BTCUSDT,short,8719e4105777b24b32ec9aef5dd2f35da7e622a5df12374f695a0cc22f1c6547,BTCUSDT|short|high_volume,1767194160000,1767229620000,2025-12-31T15:16:00+00:00,2026-01-01T01:07:00+00:00,88065.90000000001,87924.5,0.0039000000000000003,343.4570100000001,68.69140200000001,5,88780.1,87849.8,3.493826309999989,6.6242321096311185,exchange_guard_proxy_touch,False,0.551460000000034,0.41181753600000004,0.04702392825,0.206074206,0.186666392250034,5.434927423668946,1,True
BTCUSDT,short,434168b61b918dddba93ed28402f73c3fd6404b00d339ee2bb4f189a1af9c1a4,BTCUSDT|short|high_volume,1767240660000,1767258960000,2026-01-01T04:11:00+00:00,2026-01-01T09:16:00+00:00,87621.40000000001,87924.5,0.0086,753.5440400000001,150.70880800000003,5,87849.8,87849.8,3.512476843999925,3.688245609701879,exchange_guard_proxy_touch,False,-2.6066599999999247,0.905816844,0.075339182,0.45212642399999997,-3.4371376619999245,-45.61296327152854,1,True
BTCUSDT,short,8cb8a5b1d7bb68005c990bdf880efcdb06cf2f83288367ab5f144549ef5e9178,BTCUSDT|short|high_volume,1767415260000,1767444360000,2026-01-03T04:41:00+00:00,2026-01-03T12:46:00+00:00,90023.40000000001,90020.5,0.006500000000000001,585.1521000000001,117.03042000000002,5,90368.8,89944.0,3.4487794900000193,8.46570329453541,exchange_guard_proxy_touch,False,0.018850000000056755,0.70217121,0.0061399243425,0.35109126,-0.6771812856574433,-11.572739560491078,1,True
BTCUSDT,short,c2eb94b62c0e931e7949e03a9e6235dbd854091100755f4a5b1bd3664c03b5d1,BTCUSDT|short|confirmed_volume,1767550260000,1767567660000,2026-01-04T18:11:00+00:00,2026-01-04T23:01:00+00:00,91116.5,91507.3,0.0053,482.91745,96.58349,5,91581.8,91429.5,3.4601883160000617,1.6825008633232,exchange_guard_proxy_touch,False,-2.0712400000000155,0.580743684,0.0,0.28975047,-2.6519836840000153,-54.915880219280034,1,True
ETHUSDT,short,34762cc78ba45b066288441a647d0cee37c5fbee3c44e25df746d607e22b5024,ETHUSDT|short|high_volume,1768981260000,1769008500000,2026-01-21T07:41:00+00:00,2026-01-21T15:15:00+00:00,2964.77,3003.58,0.02,59.2954,11.85908,5,3113.53,3001.0200000000004,3.1011714000000064,3.091248861857868,exchange_guard_proxy_touch,False,-0.7761999999999989,0.07162020000000001,0.00031471612000000005,0.03557724,-0.8475054838799989,-142.9293813483,1,True
ETHUSDT,short,d8a90a396611472f844654329e7dc511b62c9e696ae42ac5b728fca76429b5fc,ETHUSDT|short|high_volume,1769015760000,1769023980000,2026-01-21T17:16:00+00:00,2026-01-21T19:33:00+00:00,2865.65,3003.58,0.02,57.313,11.4626,5,3001.0200000000004,3001.0200000000004,2.8290307599999966,2.9931248297261113,exchange_guard_proxy_touch,False,-2.758599999999997,0.07043076,0.0,0.0343878,-2.8290307599999966,-493.6106572679839,1,True
ETHUSDT,short,26f2db644f7d7342e8fb95a4767698beb1d1e296dab642f6f7c30e37d161ede5,ETHUSDT|short|high_volume,1769066460000,1769131800000,2026-01-22T07:21:00+00:00,2026-01-23T01:30:00+00:00,3004.48,2960.53,0.08,240.35840000000002,48.07168,5,3037.5,2958.01,3.1389393600000104,2.424804900388166,exchange_guard_proxy_touch,False,3.5159999999999854,0.28632048,0.015484811016000001,0.14421504,3.2451643310159852,135.01356020908713,1,True
ETHUSDT,short,5fe47d9c0dd7ee2d6576e24fa4574d8aaa64d17cf5d9710bbe70e3f1f251e4c4,ETHUSDT|short|high_volume,1769178960000,1769183280000,2026-01-23T14:36:00+00:00,2026-01-23T15:48:00+00:00,2908.16,2948.86,0.07,203.5712,40.714240000000004,5,2946.3500000000004,2946.3500000000004,3.0949948400000196,10.56063181184316,exchange_guard_proxy_touch,False,-2.8490000000000193,0.24599484000000002,0.0,0.12214272,-3.094994840000019,-152.03500495158545,1,True
ETHUSDT,short,0901ccfbe55a2acd70e07f5f347a80eef8a33a87deec6c8450ed159958ee5c5d,ETHUSDT|short|high_volume,1769239260000,1769267160000,2026-01-24T07:21:00+00:00,2026-01-24T15:06:00+00:00,2952.03,2966.11,0.15,442.8045,88.5609,5,2968.76,2963.59,3.4220987999999646,3.9456640813001203,exchange_guard_proxy_touch,False,-2.111999999999989,0.5326326,0.005192231565,0.2656827,-2.6394403684349887,-59.6073519676288,1,True
ETHUSDT,short,489077802371a7ee5b1bafc26320195c5d9d39066b378b0104a3d88a4f51b07a,ETHUSDT|short|high_volume,1769271660000,1769275320000,2026-01-24T16:21:00+00:00,2026-01-24T17:22:00+00:00,2950.69,2966.11,0.17,501.61730000000006,100.32346000000001,5,2963.59,2963.59,3.2249136000000127,3.115050491795108,exchange_guard_proxy_touch,False,-2.6214000000000124,0.6035136,0.0,0.30097038000000004,-3.2249136000000123,-64.29031853566478,1,True
ETHUSDT,short,2b19ab8eef1f2c7d204e9f26c3d9beef0e7fbab7ec764629915d3e05de3bb92e,ETHUSDT|short|high_volume,1769311260000,1769411820000,2026-01-25T03:21:00+00:00,2026-01-26T07:17:00+00:00,2943.26,2900.5,0.13,382.6238,76.52476,5,2963.03,2898.03,3.3585871799999953,9.867982426767032,exchange_guard_proxy_touch,False,5.558800000000028,0.45581328000000004,-0.008627619506999994,0.22957428000000002,5.094359100493028,133.14276583142575,1,True
ETHUSDT,short,454eb125d67fc7a1eb48518e255a93d715bacb54af6bdac350ed25aab51d1958,ETHUSDT|short|high_volume,1769475960000,1769481600000,2026-01-27T01:06:00+00:00,2026-01-27T02:40:00+00:00,2908.66,2948.12,0.07,203.6062,40.72124,5,2945.61,2945.61,3.008184760000003,2.195167416867465,exchange_guard_proxy_touch,False,-2.7622000000000027,0.24598476,0.0,0.12216371999999999,-3.0081847600000025,-147.74524351419566,1,True
ETHUSDT,short,6ccea07f547e5c8152d0f9c99ae55cc7b39bbd7a2af5796004a611c83f2ae537,ETHUSDT|short|high_volume,1769495760000,1769529840000,2026-01-27T06:36:00+00:00,2026-01-27T16:04:00+00:00,2926.59,2948.12,0.13,380.4567,76.09134,5,2945.61,2945.61,3.257127379999967,3.429907642903441,exchange_guard_proxy_touch,False,-2.798899999999967,0.45822737999999996,0.069307935372,0.22827402000000002,-3.1878194446279666,-83.78928389559093,1,True
BTCUSDT,short,06b1e2dfb60664c8b7e951fd13529beeafe7892490c23642702ebc090afee249,BTCUSDT|short|high_volume,1769590860000,1769593080000,2026-01-28T09:01:00+00:00,2026-01-28T09:38:00+00:00,88846.20000000001,89442.1,0.0047,417.5771400000001,83.51542800000001,5,89366.1,89366.1,3.3035030059999726,3.090157427341228,exchange_guard_proxy_touch,False,-2.8007299999999726,0.5027730060000001,0.0,0.250546284,-3.3035030059999726,-79.11120340543478,1,True
BTCUSDT,short,a1ea59d216417cbb178e93a067be03e7f43b4abda82ee71ea1d4bee6f823d682,BTCUSDT|short|high_volume,1769686260000,1769783880000,2026-01-29T11:31:00+00:00,2026-01-30T14:38:00+00:00,87700.40000000001,83371.0,0.0035,306.95140000000004,61.390280000000004,5,88461.3,83300.1,3.2964474899999696,2.973760359140294,exchange_guard_proxy_touch,False,15.152900000000031,0.35924994000000005,0.0301795217395,0.18417084,14.823829581739531,482.937350399429,1,True
BTCUSDT,short,e8dbb1a3005dd877efcc130ddd0117f47acc9e6c0bd2bea9c1c3fb117cc5223d,BTCUSDT|short|high_volume,1769787060000,1769787600000,2026-01-30T15:31:00+00:00,2026-01-30T15:40:00+00:00,82500.70000000001,83371.0,0.0037,305.25259000000005,61.05051800000001,5,83300.1,83300.1,3.588345173999957,2.235114033647906,exchange_guard_proxy_touch,False,-3.220109999999957,0.368235174,0.0,0.18315155400000002,-3.588345173999957,-117.55330803253648,1,True
BTCUSDT,short,42b0598618cfe7262e9d7d35030b76d38cd51d704bd8155ec607342fb6bf4979,BTCUSDT|short|confirmed_volume,1769924460000,1769939940000,2026-02-01T05:41:00+00:00,2026-02-01T09:59:00+00:00,78616.1,79162.3,0.004,314.4644,62.892880000000005,5,79396.90000000001,79095.0,3.7725932000000117,1.8812705221956,exchange_guard_proxy_touch,False,-2.1847999999999885,0.37866816000000003,0.010717418272,0.18867864,-2.552750741727989,-81.17773400512073,1,True
BTCUSDT,short,51eca68986523f2e3b4e5efabc389dc5513774e5f8ea6a250bfb735f97a03495,BTCUSDT|short|high_volume,1769942460000,1770035100000,2026-02-01T10:41:00+00:00,2026-02-02T12:25:00+00:00,78294.90000000001,78177.5,0.0039000000000000003,305.35011000000003,61.07002200000001,5,79095.0,78111.1,3.751309847999978,10.565080829042094,exchange_guard_proxy_touch,False,0.4578600000000341,0.36614541600000006,-0.0036791012465999997,0.183210066,0.08803548275343402,2.883099755668469,1,True
ETHUSDT,short,0891f69dcf979b4ce217a5c7c9bf15ed376d21bca0f12db7aeb02abae1713e5c,ETHUSDT|short|high_volume,1769684760000,1770038520000,2026-01-29T11:06:00+00:00,2026-02-02T13:22:00+00:00,2934.34,2319.4700000000003,0.08,234.74720000000002,46.94944,5,2969.01,2317.5,3.259482239999986,9.901060130638076,exchange_guard_proxy_touch,False,49.18959999999999,0.25218288,-0.11700732709599998,0.14084832,48.820409792903995,2079.701474305295,1,True
ETHUSDT,short,8f23e46968ab80424fe31fae17edab1466327c29b7831f4bf52d1e715ea1a178,ETHUSDT|short|high_volume,1770099060000,1770150660000,2026-02-03T06:11:00+00:00,2026-02-03T20:31:00+00:00,2300.65,2318.34,0.06,138.039,27.607799999999997,5,2358.61,2316.3700000000003,3.766005719999988,5.344543681616525,exchange_guard_proxy_touch,False,-1.0614000000000032,0.16628363999999995,-0.0039840662879999985,0.08282339999999999,-1.231667706288003,-89.22606700193447,1,True
BTCUSDT,short,caa47595e74502df1c1ea7c3ceb9ab7c1e49135e3dc31ff0bf82db1920434811,BTCUSDT|short|confirmed_volume,1770096060000,1770176460000,2026-02-03T05:21:00+00:00,2026-02-04T03:41:00+00:00,78194.3,76986.2,0.0034000000000000002,265.86062000000004,53.17212400000001,5,79163.1,76920.8,3.84388638800002,1.883937698891658,exchange_guard_proxy_touch,False,4.10754000000002,0.31656821999999996,0.0050827314884,0.159516372,3.79605451148842,142.7836326977805,1,True
BTCUSDT,short,ba8f6ab7f70dd318c2b7a9ce0f7b775eee341550372f4ef933afa537f635cc31,BTCUSDT|short|high_volume,1770183960000,1770357000000,2026-02-04T05:46:00+00:00,2026-02-06T05:50:00+00:00,76162.7,66025.7,0.004200000000000001,319.88334000000003,63.976668000000004,5,76920.8,65969.6,3.8446352280000005,2.010587202396323,exchange_guard_proxy_touch,False,42.57540000000001,0.358314768,0.036582271550999995,0.191930004,42.25366750355101,1320.9086632505152,1,True
ETHUSDT,short,c4de6c6698fbcd966fbff741664deab498c7d964326a4a6b75ae43c4d3e5b72b,ETHUSDT|short|high_volume,1770159060000,1770357000000,2026-02-03T22:51:00+00:00,2026-02-06T05:50:00+00:00,2235.68,1949.17,0.04,89.4272,17.88544,5,2316.3700000000003,1947.51,3.4156964800000122,2.5450195466220458,exchange_guard_proxy_touch,False,11.460399999999991,0.1004364,-0.027607738412000003,0.053656319999999987,11.332355861587992,1267.215775691064,1,True
BTCUSDT,short,22d66269f3ea870175d5acf50383540f75ba7b34871fed04eab39a32cba410cd,BTCUSDT|short|confirmed_volume,1770361560000,1770370500000,2026-02-06T07:06:00+00:00,2026-02-06T09:35:00+00:00,64839.700000000004,66025.7,0.0035,226.93895000000003,45.38779000000001,5,65969.6,65969.6,4.425817339999975,1.9004829092056517,exchange_guard_proxy_touch,False,-4.150999999999975,0.27481733999999997,-0.031049749695999995,0.13616336999999998,-4.456867089695975,-196.39057507298656,1,True
ETHUSDT,short,947d0e762bab39c7f8443690ec3cc120d9185c81467f86facb2325b1448203a3,ETHUSDT|short|high_volume,1770361560000,1770384000000,2026-02-06T07:06:00+00:00,2026-02-06T13:20:00+00:00,1900.48,1949.17,0.08,152.0384,30.40768,5,1947.51,1947.51,4.0799832000000045,2.020924577822521,exchange_guard_proxy_touch,False,-3.8952000000000044,0.1847832,-0.01280152824,0.09122304,-4.092784728240004,-269.19414623147867,1,True
ETHUSDT,short,83c7829f9fe79854978bcd250e81484dce14f8c43d2d91c6fb612aaf10018e51,ETHUSDT|short|high_volume,1770445260000,1770480300000,2026-02-07T06:21:00+00:00,2026-02-07T16:05:00+00:00,2073.11,2077.39,0.23,476.81530000000004,95.36306,5,2087.71,2075.6200000000003,4.341838800000025,2.875198356567121,exchange_guard_proxy_touch,False,-0.9843999999999414,0.572769,0.006866565290999999,0.28608918,-1.5503024347089414,-32.513688942216014,1,True
BTCUSDT,short,ef0a031ed0acfbbb8df7b22094e5a54a50e4571d9142f8d0828867627340c76d,BTCUSDT|short|high_volume,1770447660000,1770537480000,2026-02-07T07:01:00+00:00,2026-02-08T07:58:00+00:00,68883.1,69725.40000000001,0.0014,96.43634,19.287268,5,71690.1,69666.1,4.133332728,10.445506749602671,exchange_guard_proxy_touch,False,-1.1792200000000042,0.11643113999999999,-0.0140447830684,0.057861803999999996,-1.3096959230684042,-135.80937674204603,1,True
ETHUSDT,short,4db2bebb942c19417e8198ccc165577794bbd6dfb5c289d9f60f695aba927e67,ETHUSDT|short|confirmed_volume,1770505560000,1770539280000,2026-02-07T23:06:00+00:00,2026-02-08T08:28:00+00:00,2083.38,2107.81,0.11,229.17180000000002,45.834360000000004,5,2116.8,2106.01,4.151530679999978,1.8817559245024897,exchange_guard_proxy_touch,False,-2.687299999999982,0.27661854,-0.0008660084839999986,0.13750308,-2.9647845484839817,-129.36951878389843,1,True
ETHUSDT,short,42a0b974b4c020587f3511f59d59f12e1217defe6fe96e310358412f906e5dc4,ETHUSDT|short|high_volume,1770546360000,1770548700000,2026-02-08T10:26:00+00:00,2026-02-08T11:05:00+00:00,2084.06,2107.81,0.16,333.4496,66.68992,5,2106.01,2106.01,4.202419519999999,6.309267844652544,exchange_guard_proxy_touch,False,-3.8000000000000003,0.40241952,0.0,0.20006975999999999,-4.20241952,-126.02862681496696,1,True
ETHUSDT,short,9ecb9ab581783015fe9cb2d7f631cb52d97c3321968655348aa58c906685c083,ETHUSDT|short|high_volume,1770601560000,1770655560000,2026-02-09T01:46:00+00:00,2026-02-09T16:46:00+00:00,2060.7200000000003,2104.2200000000003,0.06,123.64320000000001,24.728640000000002,5,2125.01,2102.4300000000003,4.1167514399999945,6.948073333853352,exchange_guard_proxy_touch,False,-2.61,0.14993784,-0.006438922091999999,0.07418592,-2.766376762092,-223.73869020633563,1,True
BTCUSDT,short,8b282eeb909962aa731d3b309d8d73b1576568e283c15509882587c90c58e91a,BTCUSDT|short|high_volume,1770593160000,1770732960000,2026-02-08T23:26:00+00:00,2026-02-10T14:16:00+00:00,70566.40000000001,69435.40000000001,0.004,282.26560000000006,56.45312000000001,5,71480.1,69376.40000000001,4.23905752,20.011392242656978,exchange_guard_proxy_touch,False,4.524,0.33600432,-0.053340672968000005,0.16935936000000001,4.134655007032,146.48100962469388,1,True
ETHUSDT,short,13322721f3ff645197ddf0daf41c50fed7f07eead9aa1280747a8015c8b12103,ETHUSDT|short|high_volume,1770702360000,1770732960000,2026-02-10T05:46:00+00:00,2026-02-10T14:16:00+00:00,2054.83,2030.74,0.05,102.7415,20.5483,5,2123.71,2029.01,3.659910500000003,2.8237405048222395,exchange_guard_proxy_touch,False,1.204499999999996,0.12256709999999998,-0.0152560863,0.061644899999999996,1.066676813699996,103.82141721699566,1,True
BTCUSDT,short,8623d0a82a4f063cce51b679dcb7c0ea95729658db7f38e39dc3ca99079e2bf1,BTCUSDT|short|high_volume,1770734760000,1770737760000,2026-02-10T14:46:00+00:00,2026-02-10T15:36:00+00:00,67972.1,69435.40000000001,0.0027,183.52467000000001,36.704934,5,69376.40000000001,69376.40000000001,4.173510150000008,9.948541887416853,exchange_guard_proxy_touch,False,-3.950910000000008,0.22260015,0.0,0.110114802,-4.173510150000008,-227.40867208751868,1,True
ETHUSDT,short,4bc05a52a36cf7af4731a62be2d6c8609d1bbb4d8dabca7ec04b5dc17c4f4d46,ETHUSDT|short|high_volume,1770790560000,1770877500000,2026-02-11T06:16:00+00:00,2026-02-12T06:25:00+00:00,1948.04,1978.7,0.04,77.9216,15.58432,5,2031.01,1977.01,3.483538720000002,11.17048709716781,exchange_guard_proxy_touch,False,-1.2264000000000033,0.09424176,-0.021596809548,0.046752959999999996,-1.3422385695480032,-172.25500625603212,1,True
ETHUSDT,short,2897df5dbba8e46d3c1f070125e36fa36753fc75b7c26cd6df6d56a929811dc5,ETHUSDT|short|high_volume,1770884460000,1770888780000,2026-02-12T08:21:00+00:00,2026-02-12T09:33:00+00:00,1959.98,1978.7,0.2,391.99600000000004,78.39920000000001,5,1977.01,1977.01,4.216641600000005,2.5815085793117762,exchange_guard_proxy_touch,False,-3.7440000000000055,0.4726416,0.0,0.23519759999999998,-4.216641600000005,-107.56848539270821,1,True
BTCUSDT,short,658b84922fd2113169598a9ccb096074fe15ca23edfad9227666530b4a6e9992,BTCUSDT|short|high_volume,1770783960000,1770894120000,2026-02-11T04:26:00+00:00,2026-02-12T11:02:00+00:00,67778.40000000001,68079.0,0.0026000000000000003,176.22384000000005,35.24476800000001,5,69262.8,68021.1,4.22645615599997,5.531782956182698,exchange_guard_proxy_touch,False,-0.7815599999999774,0.21193754400000003,-0.012979192691400004,0.10573430400000002,-1.0064767366913774,-57.113540182269155,1,True
BTCUSDT,short,9b1bc2974f09811ceba8f4357823aae8191c9c4f279175c8d8362368b0842f55,BTCUSDT|short|high_volume,1770908760000,1770973800000,2026-02-12T15:06:00+00:00,2026-02-13T09:10:00+00:00,67165.40000000001,66835.40000000001,0.004200000000000001,282.0946800000001,56.418936000000016,5,68021.1,66778.6,4.177935887999964,2.5268460434610573,exchange_guard_proxy_touch,False,1.3860000000000001,0.33768201600000003,0.0133513453752,0.16925680800000004,1.0616693293752002,37.63521273691513,1,True
BTCUSDT,short,ade3598dada4785e71235605a7364f88313de4679453ae54e1ff0fc745027377,BTCUSDT|short|high_volume,1771044960000,1771055040000,2026-02-14T04:56:00+00:00,2026-02-14T07:44:00+00:00,68713.2,69177.0,0.0076,522.22032,104.444064,5,69118.20000000001,69118.20000000001,4.153659312000022,2.033525308945678,exchange_guard_proxy_touch,False,-3.524880000000022,0.628779312,0.0,0.31333219199999995,-4.1536593120000225,-79.5384467613214,1,True
ETHUSDT,short,0b092f9fadb36328aa350f511690a5ca5b6ac157c833e6382ebcac4894acc4d3,ETHUSDT|short|confirmed_volume,1771049460000,1771055400000,2026-02-14T06:11:00+00:00,2026-02-14T07:50:00+00:00,2046.3600000000001,2058.67,0.28,572.9808,114.59616000000001,5,2056.92,2056.92,4.136445039999985,1.6203133297966572,exchange_guard_proxy_touch,False,-3.446799999999985,0.6896450400000002,0.0,0.34378848000000006,-4.136445039999985,-72.19168670224177,1,True
ETHUSDT,short,cd8a0f44ac25c043e811bb3373f92f368f5596e2fad70b053cd007c6ab479b8d,ETHUSDT|short|confirmed_volume,1771220460000,1771232520000,2026-02-16T05:41:00+00:00,2026-02-16T09:02:00+00:00,1952.9,1982.3400000000001,0.12,234.348,46.869600000000005,5,1980.65,1980.65,3.816137280000006,1.7280867456360587,exchange_guard_proxy_touch,False,-3.5328000000000066,0.28333727999999997,-0.014007553199999998,0.1406088,-3.8301448332000065,-163.43834098008116,1,True
BTCUSDT,short,cc9a3f2db6e5715fb0db874547ceea013bf81a6f79266891129b2171a1ba72a5,BTCUSDT|short|confirmed_volume,1771205760000,1771232640000,2026-02-16T01:36:00+00:00,2026-02-16T09:04:00+00:00,68460.3,68928.5,0.0056,383.37768,76.675536,5,69049.3,68869.90000000001,4.089349487999984,1.6171420958487943,exchange_guard_proxy_touch,False,-2.621919999999984,0.4616263679999999,-0.01258020638,0.230026608,-3.0961265743799835,-80.75917654830566,1,True
BTCUSDT,short,75649cfa9a8299529f6e13d95cbcdced0aa83c908b9e13c5e04055fdf5cdef68,BTCUSDT|short|high_volume,1771240560000,1771242900000,2026-02-16T11:16:00+00:00,2026-02-16T11:55:00+00:00,68431.5,68928.5,0.006900000000000001,472.17735000000005,94.43547000000001,5,68869.90000000001,68869.90000000001,3.9979704,6.03252467037296,exchange_guard_proxy_touch,False,-3.4293000000000005,0.5686704,0.0,0.28330641,-3.9979704000000007,-84.67094832058336,1,True
ETHUSDT,short,6aba6988aacbc854c7a32d9c31b4e7923c06058ea3ab8ecf211507c59f3c58a6,ETHUSDT|short|high_volume,1771240260000,1771244760000,2026-02-16T11:11:00+00:00,2026-02-16T12:26:00+00:00,1965.75,1982.3400000000001,0.21,412.8075,82.5615,5,1980.65,1980.65,3.9813593400000302,3.702242665795671,exchange_guard_proxy_touch,False,-3.4839000000000304,0.4974593399999999,0.0,0.24768449999999997,-3.9813593400000302,-96.44590614269435,1,True
ETHUSDT,short,da72147f49ea876a59f4f39ac92bfe8cf408eabc5771f8bfb4205cbd14041dd7,ETHUSDT|short|high_volume,1771339560000,1771344120000,2026-02-17T14:46:00+00:00,2026-02-17T16:02:00+00:00,1948.19,1991.63,0.08,155.8552,31.171039999999998,5,1989.93,1989.93,3.6643113600000046,8.38485402875284,exchange_guard_proxy_touch,False,-3.4752000000000045,0.18911136,-0.007450272096000001,0.09351312,-3.6717616320960045,-235.58800938922823,1,True
ETHUSDT,short,473ae54a03732764f74e10e96c34c017ded1e70a73a0dd43c57b017fbe8ad9d6,ETHUSDT|short|high_volume,1771376760000,1771396020000,2026-02-18T01:06:00+00:00,2026-02-18T06:27:00+00:00,1974.6100000000001,2004.97,0.12,236.9532,47.390640000000005,5,2003.26,2003.26,3.9297297599999883,6.676723287989341,exchange_guard_proxy_touch,False,-3.643199999999988,0.28652975999999997,0.0,0.14217191999999998,-3.929729759999988,-165.8441312461696,1,True
BTCUSDT,short,dbde67bf3192e2ccfa2b97d4a1a0b23c35d2c69448dd2884c71b975bacd7e9e0,BTCUSDT|short|high_volume,1771305660000,1771402260000,2026-02-17T05:21:00+00:00,2026-02-18T08:11:00+00:00,68082.40000000001,68278.2,0.003,204.24720000000002,40.84944,5,69228.70000000001,68220.20000000001,3.8628659999999915,3.395781506244481,exchange_guard_proxy_touch,False,-0.5873999999999651,0.24544908000000001,0.021959436960000002,0.12254832,-0.810889643039965,-39.70138357049521,1,True
BTCUSDT,short,2df1e8be0f83a3b686a694ce98e57458a8239440e297ff9f32a87ae5e73df43c,BTCUSDT|short|high_volume,1771410960000,1771429200000,2026-02-18T10:36:00+00:00,2026-02-18T15:40:00+00:00,67822.6,68278.2,0.007200000000000001,488.32272000000006,97.664544,5,68220.20000000001,68220.20000000001,3.8682754559999375,2.218015322191741,exchange_guard_proxy_touch,False,-3.2803199999999375,0.587955456,0.0,0.292993632,-3.8682754559999375,-79.21555351755775,1,True
ETHUSDT,short,7035b9b74e65b2fb78f9b7036c0a79f2702d5761c8f39c6c36cb9b67ea1803fa,ETHUSDT|short|high_volume,1771438860000,1771473720000,2026-02-18T18:21:00+00:00,2026-02-19T04:02:00+00:00,1962.98,1975.26,0.07,137.4086,27.481720000000003,5,2009.81,1973.58,3.564728999999998,3.8917920479908767,exchange_guard_proxy_touch,False,-0.8595999999999981,0.16540607999999998,-0.014451028179,0.08244515999999999,-1.039457108178998,-75.64716532873473,1,True
BTCUSDT,short,7918221585ffd8008a995ec552d8365d15a690fde7ca02aeec2993d8f9fceb15,BTCUSDT|short|high_volume,1771438860000,1771546440000,2026-02-18T18:21:00+00:00,2026-02-20T00:14:00+00:00,66755.7,67231.2,0.0022,146.86254,29.372508,5,68336.1,67174.1,3.7830978680000005,2.828054382023024,exchange_guard_proxy_touch,False,-1.0461,0.17686270799999998,0.001553238577,0.08811752399999999,-1.221409469423,-83.16684904285327,1,True
ETHUSDT,short,beb7bac4ec2480e3aab22d5aff7546ece9b2fc8048a3bc800cc5f636afa64e4d,ETHUSDT|short|high_volume,1771494660000,1771546440000,2026-02-19T09:51:00+00:00,2026-02-20T00:14:00+00:00,1962.44,1954.68,0.25,490.61,98.122,5,1973.58,1953.01,3.795654999999984,2.9835055192047744,exchange_guard_proxy_touch,False,1.9399999999999977,0.587568,-0.0604383705,0.29436599999999996,1.2919936294999976,26.334433246366718,1,True
BTCUSDT,short,5d33051cedc4fd367e08daa148f867e804c47417786d067d2c474cab289df4a2,BTCUSDT|short|high_volume,1771719960000,1771741620000,2026-02-22T00:26:00+00:00,2026-02-22T06:27:00+00:00,67731.6,68256.6,0.0036000000000000003,243.83376000000004,48.76675200000001,5,68632.6,68198.6,3.7485128159999794,3.583975716539607,exchange_guard_proxy_touch,False,-1.8900000000000001,0.29373451200000006,0.0,0.14630025600000002,-2.183734512,-89.55833318569174,1,True
ETHUSDT,short,64cc532ea4faf7a7db82fd2b90c3be5894d76536f94b2b4e7128d95a78d422bb,ETHUSDT|short|high_volume,1771719960000,1771755720000,2026-02-22T00:26:00+00:00,2026-02-22T10:22:00+00:00,1965.89,1980.29,0.11,216.24790000000002,43.24958,5,1994.6,1978.6,3.6066045399999838,4.802891731772788,exchange_guard_proxy_touch,False,-1.583999999999985,0.26044788,0.003441257424,0.12974873999999997,-1.8410066225759851,-85.1340809587508,1,True
BTCUSDT,short,7072b6b48f4d32ebda7eddc9757e760c366d4426bb5c0d0c8e44be4d394112d5,BTCUSDT|short|high_volume,1771748760000,1771758420000,2026-02-22T08:26:00+00:00,2026-02-22T11:07:00+00:00,67857.7,68256.6,0.0079,536.07583,107.215166,5,68198.6,68198.6,3.7964917820000696,2.9790695646925482,exchange_guard_proxy_touch,False,-3.1513100000000693,0.645181782,0.0,0.32164549800000003,-3.796491782000069,-70.82005137221107,1,True
ETHUSDT,short,ed9ff7e71bf0d5e5aabe330d409d1bb487f2e857fe8e86cf62a2200b89e9be78,ETHUSDT|short|high_volume,1771767660000,1771854120000,2026-02-22T13:41:00+00:00,2026-02-23T13:42:00+00:00,1946.03,1929.38,0.1,194.603,38.9206,5,1978.6,1927.74,3.6615791999999994,7.975413270711661,exchange_guard_proxy_touch,False,1.6649999999999865,0.2325246,-0.08391333837,0.11676179999999999,1.3485620616299865,69.29811265139728,1,True
BTCUSDT,short,319145bd7bdc25f8d9e5ae7beefa0d8e4924f4ed5decffa41a68ad9c80695365,BTCUSDT|short|high_volume,1771808460000,1771944120000,2026-02-23T01:01:00+00:00,2026-02-24T14:42:00+00:00,66480.1,63486.5,0.0027,179.49627000000004,35.899254000000006,5,67728.1,63432.5,3.742630595999976,6.559989406808584,exchange_guard_proxy_touch,False,8.082720000000016,0.21054589199999998,-0.004670623247400002,0.10769776200000002,7.867503484752616,438.31013785147815,1,True
ETHUSDT,short,3a53c63670024054e3f5e796dfdfc812275df892ecf6dcec84f2285977c05c38,ETHUSDT|short|confirmed_volume,1771856760000,1771944480000,2026-02-23T14:26:00+00:00,2026-02-24T14:48:00+00:00,1913.43,1837.13,0.2,382.68600000000004,76.53720000000001,5,1927.74,1835.56,3.6511372000000097,1.8644899517693378,exchange_guard_proxy_touch,False,15.259999999999991,0.4500672,-0.00027128971999999807,0.22961160000000003,14.809661510279991,386.9925084868532,1,True
ETHUSDT,short,1610dddd2d8a247596a346348c94ec281e0c6557954e894ff559054174eb2669,ETHUSDT|short|high_volume,1772093460000,1772164560000,2026-02-26T08:11:00+00:00,2026-02-27T03:56:00+00:00,2045.44,2044.3500000000001,0.09,184.0896,36.81792,5,2083.1000000000004,2042.61,3.772637280000005,3.291181089544731,exchange_guard_proxy_touch,False,0.09809999999999262,0.22084865999999997,0.009716436521999999,0.11045375999999998,-0.11303222347800736,-6.14006567877856,1,True
BTCUSDT,short,83d3d9e9a4553b9823fab4b0ca05e7cbb532f256ef31e8c4e7c14681f85fe5bd,BTCUSDT|short|high_volume,1772114460000,1772164620000,2026-02-26T14:01:00+00:00,2026-02-27T03:57:00+00:00,67746.6,67675.7,0.0036000000000000003,243.88776000000004,48.77755200000001,5,68689.8,67618.20000000001,3.900588767999969,2.1826184387303598,exchange_guard_proxy_touch,False,0.25524000000003144,0.292512168,0.007309569816,0.146332656,-0.029962598183968576,-1.2285404640219981,1,True
ETHUSDT,short,f99b9ed8d3ae3ae4ad4e0605a89044d33b0d73586c0f4cd5dd078943e02a7592,ETHUSDT|short|high_volume,1772173260000,1772179800000,2026-02-27T06:21:00+00:00,2026-02-27T08:10:00+00:00,2030.79,2044.3500000000001,0.24,487.3896,97.47792,5,2042.61,2042.61,3.8412201600000415,2.256416298859516,exchange_guard_proxy_touch,False,-3.2544000000000413,0.58682016,0.001628482464,0.29243375999999993,-3.8395916775360415,-78.7786952683447,1,True
ETHUSDT,short,b42fe711cc81a61cf71eebe361c9221ed4e38231a41bb9e606c5aff90a789823,ETHUSDT|short|high_volume,1772191260000,1772237460000,2026-02-27T11:21:00+00:00,2026-02-28T00:11:00+00:00,1969.27,1934.51,0.04,78.7708,15.754159999999999,5,2045.6,1932.86,3.2191986400000063,3.980616487801538,exchange_guard_proxy_touch,False,1.3903999999999996,0.09369071999999999,-0.015384755024,0.047262479999999996,1.2813245249759997,162.66491199480006,1,True
BTCUSDT,short,5f8fb237477d5abb6b0dba614667e235975d37d62a2747a20cec4c56ee6242f1,BTCUSDT|short|high_volume,1772196660000,1772301480000,2026-02-27T12:51:00+00:00,2026-02-28T17:58:00+00:00,65666.1,65391.5,0.0015,98.49915000000001,19.699830000000002,5,68127.90000000001,65335.9,3.9001668000000045,2.3377667648333604,exchange_guard_proxy_touch,False,0.41190000000000876,0.11795183999999999,-0.0044100053145000005,0.05909949,0.2895381546855088,29.394990178647102,1,True
ETHUSDT,short,5b2f96e298a28b3327d2211e39a91f56ec04f4737554a9a1f36236d723bcd5f7,ETHUSDT|short|high_volume,1772242560000,1772303460000,2026-02-28T01:36:00+00:00,2026-02-28T18:31:00+00:00,1922.97,1916.63,0.28,538.4316,107.68632,5,1932.86,1915.0,3.8792566399999906,2.8557866464038213,exchange_guard_proxy_touch,False,1.7751999999999772,0.6450528000000001,-0.087573679032,0.32305896,1.042573520967977,19.363156266607994,1,True
ETHUSDT,short,40ee68876e622d329df2a14a7a29c84547d682965b79ef4e757fabe9fbf2b465,ETHUSDT|short|high_volume,1772394360000,1772413680000,2026-03-01T19:46:00+00:00,2026-03-02T01:08:00+00:00,1950.67,1976.5900000000001,0.04,78.02680000000001,15.605360000000001,5,2027.78,1974.91,3.249124319999997,2.346407388214287,exchange_guard_proxy_touch,False,-1.0368000000000028,0.09425424,-0.005909567272000001,0.046816079999999996,-1.1369638072720027,-145.71452465973263,1,True
BTCUSDT,short,d7e653ef68c2eb1a4496df2b69885d62baf5384a7588ff929a656f90bd7fe0fc,BTCUSDT|short|high_volume,1772383860000,1772413860000,2026-03-01T16:51:00+00:00,2026-03-02T01:11:00+00:00,65847.8,66945.0,0.0024000000000000002,158.03472000000002,31.606944000000006,5,67333.1,66888.1,3.8941030080000143,13.925527240227899,exchange_guard_proxy_touch,False,-2.6332799999999934,0.19122163199999997,-0.0004718212824,0.09482083200000001,-2.8249734532823934,-178.75650700570057,1,True
ETHUSDT,short,7edab48531d2a579ea6dfc1033bb0a249808796aa99fd8f6c7ca67be9341f953,ETHUSDT|short|high_volume,1772417760000,1772421600000,2026-03-02T02:16:00+00:00,2026-03-02T03:20:00+00:00,1945.67,1976.5900000000001,0.11,214.02370000000002,42.80474,5,1974.91,1974.91,3.660069160000008,2.3610815627546917,exchange_guard_proxy_touch,False,-3.401200000000008,0.25886916,0.0,0.12841422,-3.6600691600000084,-171.0123299428992,1,True
ETHUSDT,short,153c05aa2674e965b0dd942a353165c3782c747b95487ea7b2df16df01f233e2,ETHUSDT|short|high_volume,1772449860000,1772462760000,2026-03-02T11:11:00+00:00,2026-03-02T14:46:00+00:00,1935.9,1968.6200000000001,0.07,135.513,27.102600000000002,5,1984.46,1966.94,3.6822261000000003,3.7517896510811735,exchange_guard_proxy_touch,False,-2.290400000000002,0.16398984000000003,0.0,0.08130780000000001,-2.4543898400000024,-181.1184048762851,1,True
BTCUSDT,short,ece723859b3e3fa7ee0c80c793cc071031e6580ee6e7598d7460d6ab3b0c30e6,BTCUSDT|short|confirmed_volume,1772457060000,1772462820000,2026-03-02T13:11:00+00:00,2026-03-02T14:47:00+00:00,65862.40000000001,66764.40000000001,0.0039000000000000003,256.86336000000006,51.37267200000001,5,66707.6,66707.6,3.8281467120000006,1.7410702525913602,exchange_guard_proxy_touch,False,-3.5178000000000003,0.310346712,0.0,0.15411801600000002,-3.828146712,-149.03436254980076,1,True
BTCUSDT,short,aacfa60c707bf795de0bd65ced6e1ea649888957d3ef8730ceb8b969f4b0c35c,BTCUSDT|short|high_volume,1772513160000,1772553900000,2026-03-03T04:46:00+00:00,2026-03-03T16:05:00+00:00,68116.1,68058.0,0.0025,170.29025000000001,34.05805,5,69500.1,68000.1,3.8142629499999785,2.0631183134346878,exchange_guard_proxy_touch,False,0.14525000000001456,0.20426115,0.004954179647499999,0.10217415,-0.05405697035248544,-3.1744019609158736,1,True
ETHUSDT,short,fc85ad5501835342c05d42eb4dfed75277c33f9967b7b07e1feffc9867f53add,ETHUSDT|short|confirmed_volume,1772493960000,1772554140000,2026-03-02T23:26:00+00:00,2026-03-03T16:09:00+00:00,2037.5800000000002,1990.89,0.18,366.7644,73.35288,5,2054.6800000000003,1989.19,3.8351530799999427,1.7073844847990318,exchange_guard_proxy_touch,False,8.40420000000001,0.43507475999999995,-0.025871338097999998,0.22005864,7.94325390190201,216.57646985099998,1,True
ETHUSDT,short,e1ccf8de5965ea50b3107f1bad20fb700caf11ff471d5b7db459d3592ad5dbfc,ETHUSDT|short|high_volume,1772595060000,1772610420000,2026-03-04T03:31:00+00:00,2026-03-04T07:47:00+00:00,1960.46,2002.7,0.08,156.8368,31.36736,5,2000.99,2000.99,3.569431680000001,4.96464216604544,exchange_guard_proxy_touch,False,-3.379200000000001,0.19023168,0.0,0.09410207999999999,-3.569431680000001,-227.5889128061782,1,True
ETHUSDT,short,5eaecf87cd1997adb529965ef38914867cf618798be5a1e6594763cc93783aa6,ETHUSDT|short|high_volume,1772760660000,1772853180000,2026-03-06T01:31:00+00:00,2026-03-07T03:13:00+00:00,2068.2400000000002,1990.6100000000001,0.11,227.5064,45.50128,5,2099.3100000000004,1988.91,3.889776439999964,7.20646536858157,exchange_guard_proxy_touch,False,8.539300000000011,0.2678841,-0.037755152193,0.13650384000000002,8.233660747807011,361.9089725742665,1,True
ETHUSDT,short,ca7e7bea987743151a539a5a4000763fa6c95b0a6d861cb832af8c183b17936b,ETHUSDT|short|high_volume,1772856360000,1772881920000,2026-03-07T04:06:00+00:00,2026-03-07T11:12:00+00:00,1967.03,1990.6100000000001,0.15,295.05449999999996,59.01089999999999,5,1988.91,1988.91,3.8931876000000227,10.427796290038398,exchange_guard_proxy_touch,False,-3.537000000000023,0.3561876,-0.00272351532,0.1770327,-3.895911115320023,-132.04038966767237,1,True
ETHUSDT,short,6a3708dd82d21d95a420697d3b4048dcb08e32fbf95e765c31e5817dc3464d4a,ETHUSDT|short|high_volume,1772892660000,1772965380000,2026-03-07T14:11:00+00:00,2026-03-08T10:23:00+00:00,1971.0900000000001,1978.02,0.14,275.9526000000001,55.190520000000014,5,1993.84,1976.34,3.756196919999975,2.9115175384255787,exchange_guard_proxy_touch,False,-0.9701999999999772,0.33172524000000003,-0.043403909738000006,0.16557156000000003,-1.3453291497379771,-48.752182430532514,1,True
ETHUSDT,short,bf7b79672db054d50a5773004ac54cc083e015e9eab49ad839e9254545434470,ETHUSDT|short|high_volume,1772968260000,1773025320000,2026-03-08T11:11:00+00:00,2026-03-09T03:02:00+00:00,1954.3400000000001,1967.92,0.15,293.151,58.6302,5,1976.34,1966.24,3.905912399999975,7.830515983024004,exchange_guard_proxy_touch,False,-2.036999999999989,0.35300339999999997,-0.08738170247999999,0.17589059999999998,-2.477385102479989,-84.50884023864796,1,True
ETHUSDT,short,e748a40fa84eace4be921b8938d708289ab01c399a5b4f66f2187c7944769069,ETHUSDT|short|high_volume,1773207960000,1773235200000,2026-03-11T05:46:00+00:00,2026-03-11T13:20:00+00:00,2013.5900000000001,2042.75,0.12,241.63080000000002,48.32616,5,2041.01,2041.01,3.791256479999982,7.213030063196251,exchange_guard_proxy_touch,False,-3.4991999999999823,0.29205647999999995,-0.000178629192,0.14497848,-3.791435109191982,-156.9102576820497,1,True
ETHUSDT,short,a41d31feb4f3e97b5f9047c844ae2d9718ae697ce943cd325862036724a61914,ETHUSDT|short|high_volume,1773282060000,1773324900000,2026-03-12T02:21:00+00:00,2026-03-12T14:15:00+00:00,2034.5800000000002,2085.64,0.07,142.42060000000004,28.484120000000008,5,2083.86,2083.86,3.747249239999981,2.613468012424311,exchange_guard_proxy_touch,False,-3.5741999999999807,0.17304924,-0.009724773044,0.08545236,-3.756974013043981,-263.7942834845507,1,True
ETHUSDT,short,d97ddec5fa74ed4d44a5d4a210d1a06f03409790197c605be1399cf0da10f40d,ETHUSDT|short|high_volume,1773326160000,1773356640000,2026-03-12T14:36:00+00:00,2026-03-12T23:04:00+00:00,2050.07,2074.52,0.1,205.00700000000003,41.001400000000004,5,2083.86,2072.75,3.805142599999971,2.5417360689075172,exchange_guard_proxy_touch,False,-2.444999999999982,0.2474754,-0.0031340130700000003,0.12300420000000001,-2.695609413069982,-131.4886522445566,1,True
ETHUSDT,short,db0801e0e76e6b2c2f405607f607f6609bcb906990d3bf6f294f3d81c28d7923,ETHUSDT|short|high_volume,1773449160000,1773520860000,2026-03-14T00:46:00+00:00,2026-03-14T20:41:00+00:00,2081.82,2081.33,0.09,187.3638,37.47276,5,2116.4,2079.5600000000004,3.501001079999969,2.5041133035660916,exchange_guard_proxy_touch,False,0.04410000000002128,0.22481009999999996,-0.01207454139,0.11241828000000001,-0.19278464138997867,-10.28932170408471,1,True
BTCUSDT,long,203566b72430bd091ef2fbbac16ac69af825f3ccdb9e4d0a59cfe084128f295a,BTCUSDT|long|high_volume,1777437360000,1777469040000,2026-04-29T04:36:00+00:00,2026-04-29T13:24:00+00:00,77198.5,76853.0,0.0031000000000000003,239.31535000000002,47.86307000000001,5,76138.59999999999,76918.4,3.7716564779999913,3.362700156563926,exchange_guard_proxy_touch,False,-1.07105,0.28653579,0.006779414552000001,0.14358921000000002,-1.3508063754480002,-56.44461901202743,1,True
BTCUSDT,long,8a2fcbb3ecd89a4a53bd9c26e94c0b0e8ce5f08f318aafb2029fd928481b49eb,BTCUSDT|long|high_volume,1777551960000,1777666860000,2026-04-30T12:26:00+00:00,2026-05-01T20:21:00+00:00,76371.90000000001,78015.0,0.003,229.11570000000003,45.82314000000001,5,75273.4,78081.4,3.76034634,5.022891466216403,exchange_guard_proxy_touch,False,4.929299999999974,0.27789642000000003,0.026811599447999997,0.13746942,4.678215179447974,204.18570964137214,1,True
BTCUSDT,long,e3ff473cb6104ae43c5fd1eae04dcd872ffde589d732fe70611cd26e311dde9b,BTCUSDT|long|high_volume,1777727160000,1777770120000,2026-05-02T13:06:00+00:00,2026-05-03T01:02:00+00:00,78354.8,78210.3,0.0071,556.3190800000001,111.26381600000002,5,77979.2,78276.9,3.803190401999959,3.1851763635969945,exchange_guard_proxy_touch,False,-1.0259500000000001,0.666967326,0.0013594781799999983,0.333791448,-1.6915578478200002,-30.406252609923065,1,True
BTCUSDT,long,7455939e7ed0c4be609a838998116b3c92be723a48ca85ee927a267f6ef26403,BTCUSDT|long|high_volume,1777839960000,1777851900000,2026-05-03T20:26:00+00:00,2026-05-03T23:45:00+00:00,78930.1,78447.3,0.0066,520.93866,104.18773200000001,5,78514.09999999999,78514.09999999999,3.809694504000019,16.631085917146212,exchange_guard_proxy_touch,False,-3.186480000000019,0.623214504,0.0,0.312563196,-3.809694504000019,-73.13134532960213,1,True
BTCUSDT,long,c45feffae8542eea7afc61afcf05adf886b97f24fb828e5928673ee5b293a020,BTCUSDT|long|high_volume,1777860060000,1777888980000,2026-05-04T02:01:00+00:00,2026-05-04T10:03:00+00:00,79848.20000000001,79372.3,0.0025,199.62050000000002,39.9241,5,78514.09999999999,79439.9,3.739693250000022,26.76305642950646,exchange_guard_proxy_touch,False,-1.1897500000000218,0.23883074999999998,0.00031467043,0.11977230000000001,-1.4282660795700217,-71.54906833566801,1,True
BTCUSDT,long,924e01872fe6e7064b2d2d67fa6615360b90662111de5b7d004f78f771cbb9bf,BTCUSDT|long|high_volume,1777929960000,1777936740000,2026-05-04T21:26:00+00:00,2026-05-04T23:19:00+00:00,80298.3,79778.5,0.0018000000000000002,144.53694000000002,28.907388000000005,5,78449.9,79846.4,3.618556020000011,3.5249397036066306,exchange_guard_proxy_touch,False,-0.9356400000000054,0.17288294399999998,0.0,0.086722164,-1.1085229440000053,-76.69478432295614,1,True
BTCUSDT,long,11328748e76f948259cedc4540c9e70f3ea45213e4a628e58276b64fdbc3a134,BTCUSDT|long|high_volume,1777984260000,1778108580000,2026-05-05T12:31:00+00:00,2026-05-06T23:03:00+00:00,81260.1,81068.70000000001,0.0039000000000000003,316.91439,63.382878000000005,5,80480.5,81137.7,3.6859027140000227,4.0459387367558906,exchange_guard_proxy_touch,False,-0.7464599999999774,0.379849392,0.0865214105769,0.190148634,-1.0397879814230773,-32.80974339546643,1,True
BTCUSDT,long,1b90897d99bd03804d0102ee625c8c1e984f136968ee8a0a4b6ccff011cb9295,BTCUSDT|long|high_volume,1778250060000,1778445900000,2026-05-08T14:21:00+00:00,2026-05-10T20:45:00+00:00,80382.90000000001,80572.8,0.0027,217.03383000000002,43.406766000000005,5,79207.9,80641.4,3.612907908000024,3.6413197367414094,exchange_guard_proxy_touch,False,0.5127299999999844,0.260748234,-0.023300799030900002,0.130220298,0.22868096696908435,10.536650759426966,1,True
BTCUSDT,long,c709d25e2e96c3ca29c8b25014d518dec171554c2bffa2e512adf5768a283ec7,BTCUSDT|long|high_volume,1778451360000,1778469240000,2026-05-10T22:16:00+00:00,2026-05-11T03:14:00+00:00,81304.20000000001,80572.8,0.0045000000000000005,365.8689000000001,73.17378000000002,5,80641.4,80641.4,3.72836790000004,2.565280182471372,exchange_guard_proxy_touch,False,-3.2913000000000396,0.43706790000000006,-0.021440983707,0.21952134000000004,-3.74980888370704,-102.49050640016242,1,True
BTCUSDT,long,237d97d100e9895886b84a97958216fc82e283c4cb806b30185ea2195d4e977a,BTCUSDT|long|high_volume,1778481060000,1778509860000,2026-05-11T06:31:00+00:00,2026-05-11T14:31:00+00:00,81032.5,80511.40000000001,0.005,405.1625,81.0325,5,80470.0,80579.9,3.6388022999999707,2.1244177241331834,exchange_guard_proxy_touch,False,-2.605499999999956,0.48463170000000005,-0.01045986048,0.2430975,-3.1005915604799563,-76.52711098583794,1,True
BTCUSDT,long,4c3725231e9520853d48853653aecda628740a319de91ba766ce8ead9fda4218,BTCUSDT|long|high_volume,1778513460000,1778569320000,2026-05-11T15:31:00+00:00,2026-05-12T07:02:00+00:00,81402.0,80895.40000000001,0.0037,301.1874,60.237480000000005,5,80579.9,80964.29999999999,3.654667747999968,3.634546470082364,exchange_guard_proxy_touch,False,-1.8744199999999678,0.36030022800000006,-0.0133716923485,0.18071243999999997,-2.2480919203484677,-74.64096839205317,1,True
BTCUSDT,long,10b4c20e5cff7d4d231be8709fe7a6d8731eb679694072fb3331bbfa5c232bc3,BTCUSDT|long|high_volume,1778661960000,1778668980000,2026-05-13T08:46:00+00:00,2026-05-13T10:43:00+00:00,81189.8,80778.1,0.0036000000000000003,292.28328000000005,58.45665600000001,5,80364.4,80846.9,3.566489328000011,3.46867079910837,exchange_guard_proxy_touch,False,-1.4821199999999897,0.34985066400000003,0.0,0.17536996800000001,-1.8319706639999898,-62.67791520609696,1,True
BTCUSDT,long,a412850b24d32bd51f9399b8b6dcc415734d88e05352fbb99d06174362e06e70,BTCUSDT|long|high_volume,1778736360000,1778802360000,2026-05-14T05:26:00+00:00,2026-05-14T23:46:00+00:00,79603.8,81045.70000000001,0.006200000000000001,493.54356000000007,98.70871200000002,5,79187.9,81114.7,3.586914396000018,2.1571453631682984,exchange_guard_proxy_touch,False,8.939780000000056,0.59761614,-0.035090827356800004,0.29612613600000004,8.307073032643256,168.31489063788524,1,True
BTCUSDT,long,33131a20ffc793006b54f80eef36c60f6c4a307a691dd6731af0994294318865,BTCUSDT|long|high_volume,1778890260000,1778905920000,2026-05-16T00:11:00+00:00,2026-05-16T04:32:00+00:00,79197.6,78903.1,0.0074,586.0622400000001,117.21244800000002,5,78861.5,78970.29999999999,3.6851644799999788,3.586744376691485,exchange_guard_proxy_touch,False,-2.1793,0.7019671080000001,0.0,0.351637344,-2.8812671080000003,-49.16315898461569,1,True
ETHUSDT,short,90930dafa7149fcff5c7467bb752995cdffa49901246d1253a6330b172b8b67c,ETHUSDT|short|high_volume,1778979660000,1778980380000,2026-05-17T01:01:00+00:00,2026-05-17T01:13:00+00:00,2174.46,2184.64,0.28,608.8488000000001,121.76976000000002,5,2182.78,2182.78,3.5827287999999546,9.154988286691257,exchange_guard_proxy_touch,False,-2.8503999999999543,0.7323288000000001,0.0,0.36530928,-3.5827287999999546,-58.84431077140916,1,True
ETHUSDT,short,66102003e43f480e1392b59391b2e8f607c4708cda9ff9c11c71304258ca73b4,ETHUSDT|short|high_volume,1778982360000,1778989800000,2026-05-17T01:46:00+00:00,2026-05-17T03:50:00+00:00,2169.14,2184.64,0.2,433.828,86.76559999999999,5,2182.78,2182.78,3.6224536,9.203386757346887,exchange_guard_proxy_touch,False,-3.1,0.5224536,0.0,0.2602968,-3.6224536,-83.49976488377884,1,True
BTCUSDT,long,9a8bb5e817ddcaeee18ee47aa36cf012a3658353e2b03517bb7bafb562a0dc5b,BTCUSDT|long|confirmed_volume,1779044460000,1779058320000,2026-05-17T19:01:00+00:00,2026-05-17T22:52:00+00:00,78295.40000000001,77745.2,0.0055000000000000005,430.6247000000001,86.12494000000001,5,77799.9,77811.4,3.604246030000064,1.6722094016933138,exchange_guard_proxy_touch,False,-3.0261000000000644,0.51493398,0.0,0.25837482000000006,-3.5410339800000643,-82.23016422420878,1,True
ETHUSDT,short,9aafd9c6b90b336e82b0f09d9a96a02056884a143234820a42e1430eb8f3db20,ETHUSDT|short|high_volume,1779084660000,1779104340000,2026-05-18T06:11:00+00:00,2026-05-18T11:39:00+00:00,2110.77,2124.82,0.04,84.4308,16.88616,5,2194.01,2123.01,3.5077596000000053,4.932421738586563,exchange_guard_proxy_touch,False,-0.5620000000000073,0.10165416,0.000552755168,0.05065848,-0.6631014048320072,-78.53785642585493,1,True
ETHUSDT,short,03d3e08f5d87d63a45e200884c4a33c3108cdf250d7241fe71f756b59236716d,ETHUSDT|short|high_volume,1779154260000,1779176640000,2026-05-19T01:31:00+00:00,2026-05-19T07:44:00+00:00,2122.36,2143.81,0.14,297.13040000000007,59.42608000000001,5,2141.98,2141.98,3.3613582799999753,3.6268572133479,exchange_guard_proxy_touch,False,-3.002999999999975,0.35835828,0.0,0.17827824,-3.361358279999975,-113.1273770708071,1,True
BTCUSDT,long,274d7d84dbbcd4d72c32537ae5a3d0b25ee0eb42659cd241135275ea61923f78,BTCUSDT|long|high_volume,1779150360000,1779200340000,2026-05-19T00:26:00+00:00,2026-05-19T14:19:00+00:00,77278.8,76386.2,0.0026000000000000003,200.92488000000003,40.184976000000006,5,76107.59999999999,76451.2,3.452521851999985,6.01647542478833,exchange_guard_proxy_touch,False,-2.3207600000000155,0.23971740000000002,-0.009652674813600002,0.12055492800000002,-2.5701300748136156,-127.91497373613537,1,True
ETHUSDT,short,80d18033580de64e125a604b28d962d49e835d6c722934398d2974e5fd59dbf9,ETHUSDT|short|high_volume,1779197460000,1779253740000,2026-05-19T13:31:00+00:00,2026-05-20T05:09:00+00:00,2107.08,2120.32,0.08,168.5664,33.71328,5,2144.23,2118.51,3.3225507200000015,2.292488616763467,exchange_guard_proxy_touch,False,-1.059200000000019,0.20291519999999996,0.015381962568,0.10113983999999998,-1.2467332374320188,-73.96095766606031,1,True
BTCUSDT,long,87f1e2b17c50356f4d1a8cd1a2be60d9099e6fc99344b0f81a4cb2c2232a62d2,BTCUSDT|long|confirmed_volume,1779208560000,1779359100000,2026-05-19T16:36:00+00:00,2026-05-21T10:25:00+00:00,76767.3,77419.1,0.0074,568.07802,113.615604,5,76451.2,77485.0,3.500141540000043,1.688119771936856,exchange_guard_proxy_touch,False,4.823320000000022,0.6845876160000001,-0.13752057508520002,0.340846812,4.001211808914822,70.43419509374472,1,True
ETHUSDT,short,5b928db37741f021aeae8688373dab880721b4596ce2808e3d63daaf7ad76703,ETHUSDT|short|confirmed_volume,1779347160000,1779384600000,2026-05-21T07:06:00+00:00,2026-05-21T17:30:00+00:00,2126.52,2149.35,0.13,276.4476,55.28952,5,2147.8100000000004,2147.5200000000004,3.339140479999986,1.8998421856055083,exchange_guard_proxy_touch,False,-2.9678999999999904,0.33351785999999994,0.017656008474000003,0.16586856,-3.2837618515259903,-118.78424162575439,1,True
BTCUSDT,long,a7888e006a2ebecd9e711d94e3d41e1c6b69a5866e767d523297e328b7b776dc,BTCUSDT|long|high_volume,1779423060000,1779433320000,2026-05-22T04:11:00+00:00,2026-05-22T07:02:00+00:00,77886.1,77222.2,0.0046,358.27606000000003,71.655212,5,77287.9,77287.9,3.4820389080000402,2.7274638123456394,exchange_guard_proxy_touch,False,-3.0539400000000403,0.42809890799999994,0.0,0.214965636,-3.4820389080000402,-97.18871274848898,1,True
ETHUSDT,short,22d2780b21c45febd7fb697d1756d6ea1657e47f82f79c18fa599d87caa3292e,ETHUSDT|short|high_volume,1779389760000,1779451920000,2026-05-21T18:56:00+00:00,2026-05-22T12:12:00+00:00,2119.51,2134.5,0.1,211.95100000000002,42.39020000000001,5,2147.5200000000004,2132.6800000000003,3.240131599999969,3.3360512333155348,exchange_guard_proxy_touch,False,-1.4989999999999783,0.2552406,0.01708636992,0.1271706,-1.7371542300799785,-81.96018089463972,1,True
BTCUSDT,long,47cf73338df4bc034e7b0aa1ebbbcdbaf8f80f9a86052dcef731e33fa3ef9094,BTCUSDT|long|high_volume,1779452160000,1779456540000,2026-05-22T12:16:00+00:00,2026-05-22T13:29:00+00:00,77572.7,77222.2,0.0077,597.30979,119.46195800000001,5,77287.9,77287.9,3.4140024380000003,6.617936521408619,exchange_guard_proxy_touch,False,-2.69885,0.715152438,0.0,0.358385874,-3.4140024380000003,-57.15631143430614,1,True
ETHUSDT,short,d8b67d4a935a89e8bdfd68c0acfc63581e78c3484631e95e647bd664f1e94ff4,ETHUSDT|short|high_volume,1779459660000,1779559800000,2026-05-22T14:21:00+00:00,2026-05-23T18:10:00+00:00,2116.7200000000003,2069.61,0.16,338.6752000000001,67.73504000000001,5,2132.6800000000003,2067.8500000000004,3.2529171199999594,3.1709754692624808,exchange_guard_proxy_touch,False,7.537600000000021,0.40188767999999997,0.074487597136,0.20320512000000002,7.210199917136021,212.89423958813694,1,True
ETHUSDT,short,7f30955fdb4f67870fa5bfc51a9e1a24b123562732163ed6208de2742c271a7b,ETHUSDT|short|confirmed_volume,1779848460000,1779850980000,2026-05-27T02:21:00+00:00,2026-05-27T03:03:00+00:00,2069.21,2079.68,0.26,537.9946,107.59891999999999,5,2077.9100000000003,2077.9100000000003,3.369426839999948,1.8277684115884942,exchange_guard_proxy_touch,False,-2.722199999999948,0.6472268399999999,0.0,0.32279675999999996,-3.3694268399999476,-62.629380294894176,1,True
ETHUSDT,short,726dcd758e2b0eb322daef5718492ce5ae77f4ca5ae0f203a2c1e45a5d901b94,ETHUSDT|short|high_volume,1779938160000,1779963000000,2026-05-28T03:16:00+00:00,2026-05-28T10:10:00+00:00,2009.71,1997.3,0.05,100.4855,20.0971,5,2066.0,1995.6,3.0248241000000093,4.924866074909601,exchange_guard_proxy_touch,False,0.6205000000000042,0.12021029999999999,0.00253567616,0.06029129999999999,0.5028253761600041,50.03959538042844,1,True
ETHUSDT,short,cdaaacc9b0762f27f0b46dc588ce5e4cdb199a3544211b0395ea5bb1b8da0a05,ETHUSDT|short|high_volume,1779970860000,1779977820000,2026-05-28T12:21:00+00:00,2026-05-28T14:17:00+00:00,1982.1100000000001,1997.3,0.19,376.6009,75.32018000000001,5,1995.6,1995.6,3.3397527399999674,2.551395934068734,exchange_guard_proxy_touch,False,-2.886099999999967,0.45365273999999994,0.0,0.22596054,-3.339752739999967,-88.68148589129676,1,True
ETHUSDT,short,2f95c45bdfb4c27969d0d54bd7328594b5875d5551d01b94ff4a0fbf8ce10825,ETHUSDT|short|confirmed_volume,1780054860000,1780067520000,2026-05-29T11:41:00+00:00,2026-05-29T15:12:00+00:00,2004.77,2022.49,0.17,340.8109,68.16218,5,2020.77,2020.77,3.423180520000005,1.909459700020241,exchange_guard_proxy_touch,False,-3.012400000000005,0.41078052000000004,0.0,0.20448654,-3.4231805200000047,-100.4422252926771,1,True
ETHUSDT,short,891096ce4ce7ada41e6fc4cadff5e29e4b0cfd840b62f8faaa353bcc0b5f440b,ETHUSDT|short|confirmed_volume,1780112760000,1780149780000,2026-05-30T03:46:00+00:00,2026-05-30T14:03:00+00:00,2013.41,2023.6100000000001,0.24,483.2184,96.64367999999999,5,2023.32,2021.89,3.3727367999999713,1.8645360318026833,exchange_guard_proxy_touch,False,-2.4480000000000106,0.58133088,0.033093330864,0.28993104,-2.9962375491360107,-62.005866273635505,1,True
ETHUSDT,short,948241f0a0e30d1102c604ea1b63996fbd8c241b098fb37ae6439ec86c755f3b,ETHUSDT|short|high_volume,1780178760000,1780190100000,2026-05-30T22:06:00+00:00,2026-05-31T01:15:00+00:00,2020.21,2031.46,0.24,484.8504,96.97008,5,2029.73,2029.73,3.28344048,7.511673646403511,exchange_guard_proxy_touch,False,-2.6999999999999997,0.5834404799999999,0.04559251495199999,0.29091023999999993,-3.2378479650479997,-66.78035049673053,1,True
BTCUSDT,short,50c2aea251a6b4aa30be7053b4f2d8a7bb1c0b9894169bea1273aa0ccf2adb38,BTCUSDT|short|high_volume,1780278360000,1780283040000,2026-06-01T01:46:00+00:00,2026-06-01T03:04:00+00:00,73385.40000000001,74060.8,0.0043,315.55722000000003,63.111444000000006,5,73997.90000000001,73997.90000000001,3.284631195999975,2.137107191530546,exchange_guard_proxy_touch,False,-2.904219999999975,0.380411196,0.0,0.18933433200000002,-3.284631195999975,-104.08987618790577,1,True
ETHUSDT,short,ad4f375dab382df7af5debb46491b67f32bde7b4d9169b21f463b2ac60dcae1e,ETHUSDT|short|high_volume,1780244760000,1780335900000,2026-05-31T16:26:00+00:00,2026-06-01T17:45:00+00:00,2002.21,1995.3,0.12,240.2652,48.053039999999996,5,2025.71,1993.6,3.317734800000002,2.7558362063427833,exchange_guard_proxy_touch,False,0.8292000000000098,0.28782072,0.050773792764,0.14415911999999997,0.5921530727640099,24.64581107726004,1,True
ETHUSDT,short,dad7c5a743588dceb4165ac014bcdcd6989559bb8124742de64b549a9034fe4c,ETHUSDT|short|high_volume,1780383960000,1780480320000,2026-06-02T07:06:00+00:00,2026-06-03T09:52:00+00:00,1974.76,1885.26,0.09,177.7284,35.54568,5,2005.93,1883.65,3.1742496000000098,2.1209745553107746,exchange_guard_proxy_touch,False,8.055,0.20844107999999997,0.047691692235,0.10663703999999999,7.894250612235,444.17496653517395,1,True
BTCUSDT,short,47531bbad27f9b30c67a769438fbb9f7f22cb37402cf6081777106c551b6e3f0,BTCUSDT|short|high_volume,1780294260000,1780692600000,2026-06-01T06:11:00+00:00,2026-06-05T20:50:00+00:00,73164.6,61602.5,0.0033,241.44318,48.288636000000004,5,73998.90000000001,61550.1,3.2522682719999905,2.6741412265145037,exchange_guard_proxy_touch,False,38.15493000000002,0.266838858,0.1439381176464,0.14486590800000002,38.03202925964642,1575.1958394371056,1,True
ETHUSDT,short,29d7d9f015c1b1e15b40e265e0755f8377f97521e4eb5b16a6f62e7932049fcf,ETHUSDT|short|high_volume,1780489260000,1780693440000,2026-06-03T12:21:00+00:00,2026-06-05T21:04:00+00:00,1868.8,1613.53,0.19,355.072,71.0144,5,1883.65,1612.15,3.555362840000007,4.168533545826723,exchange_guard_proxy_touch,False,48.5013,0.39698561999999993,0.063987528027,0.21304319999999996,48.168301908027,1356.57843783872,1,True
ETHUSDT,short,e38737b50143cb2f8de6c5ff91e546faa945187d1d392ec690576423e36ae657,ETHUSDT|short|high_volume,1780701660000,1780789260000,2026-06-05T23:21:00+00:00,2026-06-06T23:41:00+00:00,1580.92,1567.15,0.12,189.7104,37.94208,5,1612.15,1565.81,4.143200399999987,4.191499747050251,exchange_guard_proxy_touch,False,1.6523999999999976,0.22666103999999998,-0.027483290639999998,0.11382624,1.3982556693599977,73.70474519899794,1,True
BTCUSDT,short,7c5a62a9d60acbc7f5d9441635a5b2d94d8597fc989704364cd4872d81307ff7,BTCUSDT|short|high_volume,1780758360000,1780794180000,2026-06-06T15:06:00+00:00,2026-06-07T01:03:00+00:00,60480.600000000006,61021.200000000004,0.005200000000000001,314.49912000000006,62.89982400000001,5,61173.6,60969.299999999996,4.253723344000001,3.553131442595647,exchange_guard_proxy_touch,False,-2.8111199999999927,0.37908561600000007,-0.0105626740856,0.188699472,-3.200768290085593,-101.77352134039651,1,True
ETHUSDT,short,67a130cccc36f5a6197d6628f07a41025deef81f31d70ad770f3bd6fa1ed4094,ETHUSDT|short|high_volume,1780859160000,1780870320000,2026-06-07T19:06:00+00:00,2026-06-07T22:12:00+00:00,1615.8500000000001,1638.4,0.15,242.3775,48.4755,5,1639.6,1637.0,4.0656164999999795,10.253181885014135,exchange_guard_proxy_touch,False,-3.382499999999993,0.29288249999999993,0.0,0.1454265,-3.6753824999999933,-151.6387659745642,1,True
BTCUSDT,short,bf3f555ef3803809d5f3de995013873cd98d74ebb304337233725ce0b44649df,BTCUSDT|short|high_volume,1780858860000,1780870380000,2026-06-07T19:01:00+00:00,2026-06-07T22:13:00+00:00,61901.8,62380.100000000006,0.0076,470.45368,94.090736,5,62327.1,62327.1,4.201805464000023,2.403720764265092,exchange_guard_proxy_touch,False,-3.635080000000022,0.566725464,0.0,0.28227220799999997,-4.201805464000022,-89.31390363446666,1,True
BTCUSDT,short,a113ad9d6f6bc99a02afac962de961fc30483ae3ea02df5abdd907cc659fc3e8,BTCUSDT|short|high_volume,1780949760000,1781094780000,2026-06-08T20:16:00+00:00,2026-06-10T12:33:00+00:00,63184.4,61836.100000000006,0.0036000000000000003,227.46384000000003,45.492768000000005,5,64179.6,61783.5,4.054504176000011,3.019739492918712,exchange_guard_proxy_touch,False,4.853879999999985,0.27004428,-0.0020065359600000025,0.13647830400000002,4.581829184039986,201.43110149024062,1,True
ETHUSDT,short,441120dc1f94b72979942755251214742cbb938d25b8e8a42a331effc920f4cd,ETHUSDT|short|high_volume,1780990260000,1781094780000,2026-06-09T07:31:00+00:00,2026-06-10T12:33:00+00:00,1676.31,1644.4,0.17,284.97270000000003,56.99454000000001,5,1696.01,1643.0,3.9396245400000156,14.110995675395264,exchange_guard_proxy_touch,False,5.424699999999976,0.33871242,-0.038453152584000005,0.17098361999999998,5.047534427415975,177.12343769827686,1,True
ETHUSDT,short,69e083184fc2f6e382b09b2961502309899f35d06e95bba41dbac5743ed7f23b,ETHUSDT|short|confirmed_volume,1781173260000,1781176620000,2026-06-11T10:21:00+00:00,2026-06-11T11:17:00+00:00,1653.19,1663.5,0.34,562.0846,112.41692,5,1662.08,1662.08,4.182004759999982,1.852654153952444,exchange_guard_proxy_touch,False,-3.5053999999999816,0.67660476,0.0,0.33725076000000004,-4.182004759999982,-74.40169611478383,1,True
BTCUSDT,short,02bd9b32f485d2f7a6a763ba10e7859889c135c24b6be609a0e24ef88fcfa6ee,BTCUSDT|short|confirmed_volume,1781242860000,1781256720000,2026-06-12T05:41:00+00:00,2026-06-12T09:32:00+00:00,63288.8,63831.4,0.0067,424.03496,84.80699200000001,5,63777.1,63777.1,4.14644320399999,1.7925966446381383,exchange_guard_proxy_touch,False,-3.6354199999999905,0.511023204,0.010335464153,0.25442097599999997,-4.136107739846991,-97.54166825883863,1,True
BTCUSDT,short,333fa62770bfcc9b4c6b3211cadb9ecdf6cde6b614a090e5b24db894fc28fb50,BTCUSDT|short|confirmed_volume,1781345160000,1781347380000,2026-06-13T10:06:00+00:00,2026-06-13T10:43:00+00:00,63682.600000000006,63882.8,0.015000000000000001,955.2390000000001,191.04780000000002,5,63828.5,63828.5,4.151088599999957,1.94317127417016,exchange_guard_proxy_touch,False,-3.0029999999999566,1.1480886,0.0,0.5731434000000001,-4.151088599999957,-43.45602095391788,1,True
ETHUSDT,short,78bd8656a0333f09eea353cb600076e5f01756a4ff325f50be8e5354be7b9645,ETHUSDT|short|high_volume,1781412060000,1781471700000,2026-06-14T04:41:00+00:00,2026-06-14T21:15:00+00:00,1677.08,1679.8400000000001,0.25,419.27,83.854,5,1689.91,1678.41,4.072764500000052,2.87915237998873,exchange_guard_proxy_touch,False,-0.6900000000000546,0.5035379999999999,-0.012495968875,0.25156199999999995,-1.2060339688750543,-28.765090964654146,1,True
BTCUSDT,short,d231ae4e79cd823831f1aaf4f84c7a289da1bb76275768d3b2125267b22ed2f0,BTCUSDT|short|high_volume,1781440560000,1781471880000,2026-06-14T12:36:00+00:00,2026-06-14T21:18:00+00:00,64282.600000000006,64695.700000000004,0.0077,494.97602000000006,98.99520400000002,5,64682.299999999996,64640.7,4.097261937999978,3.050555540463449,exchange_guard_proxy_touch,False,-3.180869999999989,0.595879746,-0.016088713256,0.296985612,-3.792838459255989,-76.62671131534793,1,True
ETHUSDT,short,ae37dd2e84fd899c1149f7b622f9233f1977d8b484efbc22b778aa8389b03636,ETHUSDT|short|confirmed_volume,1781510460000,1781520840000,2026-06-15T08:01:00+00:00,2026-06-15T10:54:00+00:00,1713.89,1733.25,0.18,308.5002,61.70004,5,1731.77,1731.77,3.8570911199999816,1.7719265152303507,exchange_guard_proxy_touch,False,-3.4847999999999817,0.37229112000000003,0.0,0.18510011999999998,-3.8570911199999816,-125.02718377492077,1,True
ETHUSDT,short,e8a6e7a21fc710b6778c278992dcff73a648034d40bc2ee08a5474a8869a1aa7,ETHUSDT|short|high_volume,1781619660000,1781632980000,2026-06-16T14:21:00+00:00,2026-06-16T18:03:00+00:00,1779.66,1808.8700000000001,0.12,213.5592,42.71184,5,1807.33,1807.33,3.763574160000004,4.954442362882617,exchange_guard_proxy_touch,False,-3.5052000000000043,0.25837416,0.006755106720000001,0.12813552,-3.7568190532800045,-175.91464349370125,1,True
BTCUSDT,short,e8679aa632de3307e6adc351974c14589444871249e0e3b483624a5ddad9cbd9,BTCUSDT|short|high_volume,1781615460000,1781661420000,2026-06-16T13:11:00+00:00,2026-06-17T01:57:00+00:00,66049.8,65964.6,0.0038,250.98924000000002,50.19784800000001,5,66956.8,65908.5,3.966585008,4.532034144855174,exchange_guard_proxy_touch,False,0.32375999999998895,0.300992832,0.005497230343200001,0.150593544,0.02826439834318896,1.1261199222400513,1,True
ETHUSDT,short,f14d6dfbd353bb6a3e15a22677283db08bfc4f7c26d6b6cb6b3850cfb0bf0b46,ETHUSDT|short|high_volume,1781659260000,1781662980000,2026-06-17T01:21:00+00:00,2026-06-17T02:23:00+00:00,1781.94,1809.26,0.13,231.65220000000002,46.33044,5,1807.72,1807.72,3.831713599999992,10.118382071482381,exchange_guard_proxy_touch,False,-3.5515999999999917,0.28011359999999996,0.0,0.13899132,-3.8317135999999916,-165.40803843002533,1,True
ETHUSDT,short,1f2e82a11ef5e5922bde7db3bc3f8fa2e4a4a5a7b0fc26229e57a7193ccde6f4,ETHUSDT|short|high_volume,1781733960000,1781830980000,2026-06-17T22:06:00+00:00,2026-06-19T01:03:00+00:00,1730.38,1718.1100000000001,0.05,86.519,17.303800000000003,5,1795.59,1716.65,3.442825000000001,6.822560488999195,exchange_guard_proxy_touch,False,0.6134999999999992,0.1034547,0.009671838255,0.051911399999999996,0.5197171382549991,60.06971165350952,1,True
BTCUSDT,short,a32a85b2b89af5dd5d1274fa20c3fcc009fe3fc2535b5f170fa904287bb04fed,BTCUSDT|short|high_volume,1781755560000,1781874300000,2026-06-18T04:06:00+00:00,2026-06-19T13:05:00+00:00,64177.700000000004,62950.4,0.0053,340.14181,68.028362,5,64780.1,62896.9,3.895011022,2.4825108363864055,exchange_guard_proxy_touch,False,6.504690000000015,0.404267358,0.0360811172728,0.204085086,6.136503759272815,180.41015773017773,1,True
ETHUSDT,short,24422ca6fbc2140df036e4c51924d249b81ca80f3629ab9374678d758b6fea63,ETHUSDT|short|high_volume,1781832960000,1781876700000,2026-06-19T01:36:00+00:00,2026-06-19T13:45:00+00:00,1705.83,1704.3400000000001,0.28,477.6324,95.52648,5,1716.65,1702.89,4.013621920000056,3.777193032078163,exchange_guard_proxy_touch,False,0.4171999999999389,0.57290856,-0.00981085014,0.28657943999999996,-0.1655194101400611,-3.4654142001267316,1,True
ETHUSDT,short,99ad65e9f2ea7e91dc340eaf058e42c9babcbffd9f69d1739f59ef51d05fc493,ETHUSDT|short|high_volume,1781888460000,1781891280000,2026-06-19T17:01:00+00:00,2026-06-19T17:48:00+00:00,1694.5,1704.3400000000001,0.33,559.1850000000001,111.83700000000002,5,1702.89,1702.89,3.920170320000048,2.6163038074241394,exchange_guard_proxy_touch,False,-3.2472000000000483,0.67297032,0.0,0.335511,-3.9201703200000484,-70.10506934198965,1,True
BTCUSDT,short,f3eed425820e066358f27223bdb1120ed7cb820bc4bf3bdd43d21b6571035791,BTCUSDT|short|high_volume,1781964660000,1781966760000,2026-06-20T14:11:00+00:00,2026-06-20T14:46:00+00:00,63191.9,63824.4,0.0056,353.87464,70.774928,5,63770.1,63770.1,3.9687747680000003,4.203299223842608,exchange_guard_proxy_touch,False,-3.542,0.42677476799999997,0.0,0.21232478400000002,-3.968774768,-112.15199732877157,1,True
BTCUSDT,short,b8c245add134ecc79304920d2460d6927090f78463269d4dfb7f7915330472df,BTCUSDT|short|high_volume,1782005760000,1782012120000,2026-06-21T01:36:00+00:00,2026-06-21T03:22:00+00:00,64164.700000000004,64380.8,0.0134,859.8069800000001,171.961396,5,64326.1,64326.1,3.9292458199999807,10.28804459515002,exchange_guard_proxy_touch,False,-2.8957399999999804,1.03350582,0.0,0.515884188,-3.9292458199999807,-45.699161688591786,1,True
ETHUSDT,short,37cd1fa5d288db4a7eaadbe23cab6f3b618b9bb3789c951e0a030854c08c9144,ETHUSDT|short|high_volume,1782017760000,1782066660000,2026-06-21T04:56:00+00:00,2026-06-21T18:31:00+00:00,1731.3700000000001,1733.3500000000001,0.21,363.5877,72.71754,5,1745.73,1731.87,3.7668023399999804,5.10218707766662,exchange_guard_proxy_touch,False,-0.4158000000000038,0.43655471999999995,0.012210931635,0.21815261999999996,-0.8401437883650037,-23.107046480532862,1,True
ETHUSDT,short,3217082be7ead7b91b1d275ed959baeb2127a2288ce74ce9a7c85f11fdc63c06,ETHUSDT|short|high_volume,1782076260000,1782088620000,2026-06-21T21:11:00+00:00,2026-06-22T00:37:00+00:00,1704.3,1733.3500000000001,0.12,204.516,40.9032,5,1731.87,1731.87,3.7335108000000217,26.852674217823758,exchange_guard_proxy_touch,False,-3.4860000000000215,0.24751079999999995,0.0079445328,0.12270959999999997,-3.725566267200022,-182.16502704922948,1,True
BTCUSDT,short,ca76bf64a4742905b0d9963fce2a44087d77993ab5fd397cca63355fdb769de3,BTCUSDT|short|high_volume,1782065160000,1782091380000,2026-06-21T18:06:00+00:00,2026-06-22T01:23:00+00:00,63884.5,64339.700000000004,0.0067,428.02615000000003,85.60523,5,64337.4,64285.0,3.9165919320000393,3.7346276821141027,exchange_guard_proxy_touch,False,-3.0498400000000294,0.515461284,0.0278668730528,0.25681569,-3.5374344109472293,-82.64528723180183,1,True
BTCUSDT,short,304729f9225dd831d11bdbd55e1b4d254f173c43ed0aa4233fcc1fdd54f5ce00,BTCUSDT|short|high_volume,1782190860000,1782224040000,2026-06-23T05:01:00+00:00,2026-06-23T14:14:00+00:00,63592.200000000004,62653.4,0.0048000000000000004,305.24256,61.048512,5,64247.299999999996,62600.1,3.7753752959999796,5.130875447722469,exchange_guard_proxy_touch,False,4.506240000000014,0.36358732800000004,0.004992748392,0.183145536,4.1476454203920134,135.88031172297903,1,True
ETHUSDT,short,c93b7266b6124e1885c39514082138a628734194c5430fe838b2a55a17b23a9f,ETHUSDT|short|high_volume,1782164460000,1782261540000,2026-06-22T21:41:00+00:00,2026-06-24T00:39:00+00:00,1728.56,1675.04,0.17,293.8552,58.771040000000006,5,1747.0,1673.61,3.7427591000000113,2.809602402020325,exchange_guard_proxy_touch,False,9.098399999999998,0.3471672,0.010020230695000002,0.17631312,8.761253030694999,298.14864704436053,1,True
ETHUSDT,short,3fabe23bf21350d36e12c48cf67a287fb9b5da16288a40f5efe47d63b062b454,ETHUSDT|short|high_volume,1782267960000,1782279120000,2026-06-24T02:26:00+00:00,2026-06-24T05:32:00+00:00,1663.26,1675.04,0.28,465.7128,93.14256,5,1673.61,1673.61,3.859234399999993,2.2299233925762234,exchange_guard_proxy_touch,False,-3.298399999999993,0.5608344000000001,0.0,0.27942768,-3.859234399999993,-82.86726068083146,1,True
BTCUSDT,short,445d8d7945f7f736a99dfaa5e5117e3e7bcfe05d96147a73bbd81de227c1f585,BTCUSDT|short|confirmed_volume,1782295560000,1782301740000,2026-06-24T10:06:00+00:00,2026-06-24T11:49:00+00:00,62538.9,63107.200000000004,0.006,375.2334,75.04668000000001,5,63053.6,63053.6,3.8621259600000175,1.943022799008385,exchange_guard_proxy_touch,False,-3.4098000000000175,0.45232595999999997,0.0,0.22514003999999999,-3.8621259600000175,-102.9259644797083,1,True
ETHUSDT,short,3f2a1362aee8c601fff87f8c4fb51dd73c13c57f04843b244633fb0c2117e3fc,ETHUSDT|short|confirmed_volume,1782296460000,1782301740000,2026-06-24T10:21:00+00:00,2026-06-24T11:49:00+00:00,1661.78,1680.42,0.18,299.12039999999996,59.824079999999995,5,1678.99,1678.99,3.716157600000018,1.6815483412330532,exchange_guard_proxy_touch,False,-3.3552000000000177,0.36095759999999993,0.0,0.17947223999999998,-3.7161576000000176,-124.2361804811714,1,True
ETHUSDT,short,3defca318b03c3019d54cf116e492f63ec6393806ef2247c19dd820ffa699628,ETHUSDT|short|high_volume,1782306960000,1782363120000,2026-06-24T13:16:00+00:00,2026-06-25T04:52:00+00:00,1655.5900000000001,1630.55,0.14,231.78260000000003,46.35652,5,1678.99,1629.16,3.75642483999999,4.2929864456707545,exchange_guard_proxy_touch,False,3.505600000000027,0.27603576,0.0013278032320000002,0.13906956,3.2308920432320267,139.39320912061675,1,True
BTCUSDT,short,f11520da2c72d44b3f98bdfc2018ad054c73d04d526b881cba7d759fa369fa89,BTCUSDT|short|high_volume,1782306660000,1782363300000,2026-06-24T13:11:00+00:00,2026-06-25T04:55:00+00:00,62010.700000000004,61308.200000000004,0.0032,198.43424000000002,39.686848000000005,5,63053.6,61256.1,3.7490263680000004,6.052846281635384,exchange_guard_proxy_touch,False,2.248,0.236772288,-0.0027279672095999997,0.119060544,2.0084997447904,101.2173980050217,1,True
BTCUSDT,short,6153de8620884f027508babddf5db4006333fc104a41ce25e46603f9ceb691fb,BTCUSDT|short|confirmed_volume,1782435960000,1782455940000,2026-06-26T01:06:00+00:00,2026-06-26T06:39:00+00:00,59416.0,60296.4,0.004,237.66400000000002,47.5328,5,60245.1,60245.1,3.808909760000006,1.611255407747176,exchange_guard_proxy_touch,False,-3.521600000000006,0.28730975999999997,0.0,0.14259840000000001,-3.808909760000006,-160.26448094789308,1,True
ETHUSDT,short,e4b7feb97b97b8fc5e865c87af4023513fef29b1460feb35dccd282032f5f05b,ETHUSDT|short|high_volume,1782435960000,1782459120000,2026-06-26T01:06:00+00:00,2026-06-26T07:32:00+00:00,1558.27,1584.3600000000001,0.13,202.5751,40.51502,5,1583.01,1583.01,3.636825140000019,2.225759751200519,exchange_guard_proxy_touch,False,-3.3917000000000193,0.24512514000000002,0.0,0.12154506,-3.636825140000019,-179.52972206357146,1,True
BTCUSDT,short,073758218bbc8905274f35cfbd52e1ded27cecb336f5b069236a0a69b91c12cc,BTCUSDT|short|high_volume,1782467160000,1782482400000,2026-06-26T09:46:00+00:00,2026-06-26T14:00:00+00:00,59930.8,60296.4,0.008700000000000001,521.3979600000001,104.27959200000002,5,60245.1,60245.1,3.808305983999988,2.080124180014936,exchange_guard_proxy_touch,False,-3.1807199999999876,0.6275859840000001,0.0,0.31283877600000004,-3.8083059839999875,-73.04029313808567,1,True
ETHUSDT,short,8ef4b1124e26c75aa3ac2f9becac6096eb59d3028e2e5ca887d5759d58e204b9,ETHUSDT|short|confirmed_volume,1782464760000,1782487560000,2026-06-26T09:06:00+00:00,2026-06-26T15:26:00+00:00,1559.72,1584.3600000000001,0.14,218.3608,43.672160000000005,5,1583.01,1583.01,3.713702720000015,1.58409285835027,exchange_guard_proxy_touch,False,-3.4496000000000144,0.26410271999999996,0.0,0.13101648,-3.7137027200000143,-170.0718590516253,1,True
ETHUSDT,short,59d2e12bb83f60d6df03b2aa5c65c8c472ffe0036485da9414e8d457910010e3,ETHUSDT|short|confirmed_volume,1782536760000,1782565080000,2026-06-27T05:06:00+00:00,2026-06-27T12:58:00+00:00,1577.01,1587.06,0.29,457.33289999999994,91.46658,5,1586.43,1585.71,3.6739734599999943,1.9861188715029126,exchange_guard_proxy_touch,False,-2.9144999999999865,0.5505481799999998,-0.002743677675,0.27439973999999995,-3.467791857674986,-75.82642442026336,1,True
BTCUSDT,short,19ae3c400fe09c82812f110d033fa4e66d9f3df5a389e24cb8fca921fc28f1bb,BTCUSDT|short|high_volume,1782551760000,1782567480000,2026-06-27T09:16:00+00:00,2026-06-27T13:38:00+00:00,60217.600000000006,60609.4,0.0076,457.65376000000003,91.530752,5,60580.1,60557.9,3.697472352,2.410542096452877,exchange_guard_proxy_touch,False,-2.977679999999967,0.5509711199999999,0.0,0.27459225600000003,-3.528651119999967,-77.10307285577565,1,True
BTCUSDT,short,013e2d8ed80f7e1237813f0b838a5aea9f88b07b503bab38ce4abcff2d06f63c,BTCUSDT|short|high_volume,1782623160000,1782635880000,2026-06-28T05:06:00+00:00,2026-06-28T08:38:00+00:00,59893.9,60365.700000000004,0.0067,401.28913,80.257826,5,60314.4,60314.4,3.6445035920000195,6.180977393391218,exchange_guard_proxy_touch,False,-3.1610600000000195,0.48344359200000003,0.005464567034,0.24077347799999996,-3.6390390249660194,-90.68371787110254,1,True
ETHUSDT,short,02d3a0edb7018704cc5f5094bd98d3ba004b89aa7cd7eebaff466feee58cb80c,ETHUSDT|short|high_volume,1782623160000,1782635880000,2026-06-28T05:06:00+00:00,2026-06-28T08:38:00+00:00,1567.3500000000001,1580.64,0.24,376.16400000000004,75.23280000000001,5,1579.29,1579.29,3.6429105599999914,3.1520090289541596,exchange_guard_proxy_touch,False,-3.189599999999991,0.45331056000000003,-0.011139872184,0.2256984,-3.654050432183991,-97.13982284811918,1,True
ETHUSDT,short,816c518306cdf876595a8375ea854563a5bcec801f716cd226ff1f52d8cb3d6c,ETHUSDT|short|high_volume,1782642660000,1782644520000,2026-06-28T10:31:00+00:00,2026-06-28T11:02:00+00:00,1572.79,1580.64,0.36,566.2044,113.24087999999999,5,1579.29,1579.29,3.507140880000049,3.4155854030314403,exchange_guard_proxy_touch,False,-2.826000000000049,0.68114088,0.0,0.33972263999999996,-3.507140880000049,-61.94125089808644,1,True
BTCUSDT,short,c6f5b0a0315f12fe60d272187ea1f2e03128ad495c9a1ee0f656d09d833e6497,BTCUSDT|short|high_volume,1782659460000,1782702120000,2026-06-28T15:11:00+00:00,2026-06-29T03:02:00+00:00,59868.8,59934.3,0.0051,305.33088000000004,61.066176000000006,5,60435.9,59883.299999999996,3.5226396660000003,3.6850771074092683,exchange_guard_proxy_touch,False,-0.33405,0.36659748600000003,0.022973241842400002,0.183198528,-0.6776742441576,-22.19474964856486,1,True
BTCUSDT,short,8704e9c2b7ec65027fdb9bcc7a1a6d2934e4417d350ad8b864a6431d0f6534e8,BTCUSDT|short|confirmed_volume,1782709560000,1782711840000,2026-06-29T05:06:00+00:00,2026-06-29T05:44:00+00:00,59413.5,59934.3,0.0059,350.53965,70.10793,5,59883.299999999996,59883.299999999996,3.4952112120000174,1.8108459468777025,exchange_guard_proxy_touch,False,-3.072720000000017,0.42249121199999995,0.0,0.21032378999999998,-3.495211212000017,-99.70943977378927,1,True
ETHUSDT,short,37353c24dac3aea88ad6f9c14cbd4e4be8b803f31434ce5bded6042b57992b4c,ETHUSDT|short|high_volume,1782709560000,1782712680000,2026-06-29T05:06:00+00:00,2026-06-29T05:58:00+00:00,1562.05,1583.3600000000001,0.15,234.30749999999998,46.86149999999999,5,1582.01,1582.01,3.479586900000026,3.7067199210071964,exchange_guard_proxy_touch,False,-3.1965000000000257,0.2830869,0.0,0.14058449999999997,-3.4795869000000255,-148.50514388143895,1,True
ETHUSDT,short,c857f939f8240b5fb75a3116267bb645549090c1c771e0f738b642a29609e370,ETHUSDT|short|confirmed_volume,1782731760000,1782734820000,2026-06-29T11:16:00+00:00,2026-06-29T12:07:00+00:00,1570.65,1589.64,0.16,251.30400000000003,50.2608,5,1588.28,1588.28,3.341787840000001,1.8926989648525931,exchange_guard_proxy_touch,False,-3.0384000000000015,0.30338783999999996,0.0,0.15078239999999998,-3.3417878400000016,-132.97790086906699,1,True
BTCUSDT,short,e22f172927477afdca87df22c3abb2405d9aee09ccb92665b8664fb3324ecd4b,BTCUSDT|short|high_volume,1782775560000,1782869940000,2026-06-29T23:26:00+00:00,2026-07-01T01:39:00+00:00,60169.3,58900.200000000004,0.006900000000000001,415.1681700000001,83.03363400000002,5,60543.4,58850.1,3.4366037879999904,5.376934503027917,exchange_guard_proxy_touch,False,8.756789999999992,0.49294773000000003,0.09570230793000001,0.249100902,8.359544577929992,201.35321496178258,1,True
ETHUSDT,short,61ca3b558f7d2371cf342521c9f7dad26d693e1cc15d6fd86e70f49116e8d2f4,ETHUSDT|short|high_volume,1782818460000,1782869940000,2026-06-30T11:21:00+00:00,2026-07-01T01:39:00+00:00,1579.65,1583.5900000000001,0.18,284.337,56.867399999999996,5,1595.8,1582.24,3.4948954799999985,2.6511771240108564,exchange_guard_proxy_touch,False,-0.7092000000000098,0.34162992,0.026013892535999998,0.1706022,-1.0248160274640097,-36.042302882284396,1,True
BTCUSDT,short,ec7f8339464e6c596055a9a945344fb1e538c9f572789fbd86ae230bc9644170,BTCUSDT|short|confirmed_volume,1782907560000,1782913500000,2026-07-01T12:06:00+00:00,2026-07-01T13:45:00+00:00,58465.3,59120.100000000006,0.0048000000000000004,280.63344000000006,56.126688000000016,5,59069.799999999996,59069.799999999996,3.4816859520000145,1.8420766257645689,exchange_guard_proxy_touch,False,-3.1430400000000143,0.338645952,0.0,0.16838006400000002,-3.481685952000014,-124.06525580130483,1,True
ETHUSDT,short,aaf2c7e96cb37613dbdc2b878c7e134961bfde33eddda74127c64989a4f5da7f,ETHUSDT|short|high_volume,1782907260000,1782913560000,2026-07-01T12:01:00+00:00,2026-07-01T13:46:00+00:00,1568.6200000000001,1585.8500000000001,0.18,282.3516,56.47032,5,1584.5,1584.5,3.4420827600000035,4.307541386994735,exchange_guard_proxy_touch,False,-3.101400000000003,0.34068276,0.0,0.16941096,-3.442082760000003,-121.90767681146495,1,True
BTCUSDT,short,d53e5eb746cee3877c052cbeb1b0e4ecd41d81c69af130f0a5e73e571c1051f8,BTCUSDT|short|high_volume,1783038660000,1783056840000,2026-07-03T00:31:00+00:00,2026-07-03T05:34:00+00:00,61187.0,61779.8,0.0041,250.8667,50.17334,5,61900.1,61727.299999999996,3.442703908000012,3.2958333123985715,exchange_guard_proxy_touch,False,-2.430480000000012,0.30249832800000004,0.0,0.15052002,-2.732978328000012,-108.94145488420791,1,True
BTCUSDT,short,b5327d4331efa90b7df91d30594c68645d8f8b8f2debb2e2eb3df5999e4f1536,BTCUSDT|short|high_volume,1783069260000,1783072020000,2026-07-03T09:01:00+00:00,2026-07-03T09:47:00+00:00,61451.200000000004,61779.8,0.0085,522.3352000000001,104.46704000000003,5,61727.299999999996,61727.299999999996,3.421578099999988,2.355040708110584,exchange_guard_proxy_touch,False,-2.793099999999988,0.6284781,0.0,0.31340112000000003,-3.421578099999988,-65.50540917020311,1,True
BTCUSDT,short,b4264f013c3b4a1192131cbd1c32df34741275964701b5e881da0094aa31a173,BTCUSDT|short|high_volume,1783155960000,1783169880000,2026-07-04T09:06:00+00:00,2026-07-04T12:58:00+00:00,62421.100000000006,62707.5,0.0076,474.40036000000003,94.88007200000001,5,62735.299999999996,62654.2,3.364716687999989,2.4854413610375117,exchange_guard_proxy_touch,False,-2.176639999999956,0.5705864159999999,0.0,0.284640216,-2.7472264159999558,-57.90945049029801,1,True
ETHUSDT,short,0372d6ae46bf90a8f39717efccee72d3d897995752c20fbb3c37afd46920424c,ETHUSDT|short|high_volume,1783243860000,1783263480000,2026-07-05T09:31:00+00:00,2026-07-05T14:58:00+00:00,1759.0900000000001,1773.51,0.2,351.81800000000004,70.3636,5,1772.0,1772.0,3.3079119999999693,3.240960556544919,exchange_guard_proxy_touch,False,-2.8839999999999693,0.423912,0.0,0.2110908,-3.3079119999999693,-94.02338709218883,1,True
BTCUSDT,short,aee37d39369346badc7753e66261b7e91add087965328d6a8f2f373ebe15d7dd,BTCUSDT|short|high_volume,1783243560000,1783286340000,2026-07-05T09:26:00+00:00,2026-07-05T21:19:00+00:00,62684.200000000004,62918.600000000006,0.009000000000000001,564.1578000000001,112.83156000000001,5,62928.1,62865.1,3.3551953200000133,3.4396908861147475,exchange_guard_proxy_touch,False,-2.1096000000000132,0.6782551200000001,0.04858416316800001,0.33849468000000005,-2.7392709568320135,-48.55504890355169,1,True
ETHUSDT,short,29460aa8625a916570095c866bd2840ef2da026cedcc8146645a861d9feb6d40,ETHUSDT|short|high_volume,1783339260000,1783352580000,2026-07-06T12:01:00+00:00,2026-07-06T15:43:00+00:00,1754.39,1776.29,0.12,210.5268,42.105360000000005,5,1777.97,1774.78,3.266439359999989,5.204268465073749,exchange_guard_proxy_touch,False,-2.6279999999999837,0.25420896,0.0,0.12631608,-2.882208959999984,-136.90461071939458,1,True
BTCUSDT,short,80bac5f12cb04b8d509230ca414047a1fddf6095821ec30ca65b51d4db29f6dc,BTCUSDT|short|high_volume,1783339260000,1783353000000,2026-07-06T12:01:00+00:00,2026-07-06T15:50:00+00:00,62219.5,63280.3,0.0029000000000000002,180.43655,36.08731,5,63226.5,63226.5,3.2946896520000086,33.037637701301044,exchange_guard_proxy_touch,False,-3.076320000000009,0.21836965200000003,0.0,0.10826193,-3.2946896520000086,-182.59546926606657,1,True
ETHUSDT,short,5f3fe59da3764413711c286641446405c7833784d4389d21fd081a3e5b4071e0,ETHUSDT|short|high_volume,1783431660000,1783435860000,2026-07-07T13:41:00+00:00,2026-07-07T14:51:00+00:00,1767.25,1783.76,0.17,300.4325,60.0865,5,1782.24,1782.24,3.168903019999999,2.907697229155026,exchange_guard_proxy_touch,False,-2.806699999999999,0.36220302,0.0,0.1802595,-3.168903019999999,-105.4780364973829,1,True
BTCUSDT,short,500bf984bc94e8184bbd6ca4a59a9ece51ce8ac8892da8232191992e2efb34f5,BTCUSDT|short|high_volume,1783489560000,1783559340000,2026-07-08T05:46:00+00:00,2026-07-09T01:09:00+00:00,62550.0,62384.9,0.0024000000000000002,150.12,30.024,5,63740.299999999996,62331.9,3.1687360800000004,2.107109683925586,exchange_guard_proxy_touch,False,0.39623999999999654,0.17990625600000001,0.020910392184000003,0.090072,0.23724413618399653,15.803632839328305,1,True
ETHUSDT,short,d990233dacd4f7294e0e971f6e3963ea764afa964bf61773ba65d3a9f94572a5,ETHUSDT|short|high_volume,1783498860000,1783559340000,2026-07-08T08:21:00+00:00,2026-07-09T01:09:00+00:00,1740.04,1747.3,0.06,104.4024,20.88048,5,1784.17,1745.81,2.8659262800000054,9.695694341162092,exchange_guard_proxy_touch,False,-0.43559999999999943,0.12554423999999997,0.012204678954,0.06264143999999999,-0.5489395610459994,-52.57920900726415,1,True
BTCUSDT,short,40422aa1fa1f0a9f1790ae6b88b887e9a1d92102783ba294793de87a7efffe0e,BTCUSDT|short|high_volume,1783561860000,1783572600000,2026-07-09T01:51:00+00:00,2026-07-09T04:50:00+00:00,61823.3,62384.9,0.005,309.11650000000003,61.8233,5,62331.9,62331.9,3.1806245999999927,3.0333600175438282,exchange_guard_proxy_touch,False,-2.8079999999999927,0.3726246,0.0,0.18546990000000002,-3.1806245999999927,-102.89404156685238,1,True
ETHUSDT,short,b7998f1ea61c79a1b403cedd43a3ad8be77f1e6d74839c77a1bf0d90579d7bfa,ETHUSDT|short|high_volume,1783561560000,1783573860000,2026-07-09T01:46:00+00:00,2026-07-09T05:11:00+00:00,1732.19,1747.3,0.18,311.7942,62.35884,5,1745.81,1745.81,3.0955849199999816,4.563939445560322,exchange_guard_proxy_touch,False,-2.719799999999982,0.3757849199999999,0.0,0.18707651999999997,-3.095584919999982,-99.28295394846928,1,True
ETHUSDT,short,1df4586d66dfecb32058f3fd17c9925f026208412deb764a859129ce9af44d52,ETHUSDT|short|high_volume,1783627560000,1783646400000,2026-07-09T20:06:00+00:00,2026-07-10T01:20:00+00:00,1744.1000000000001,1751.8700000000001,0.28,488.34800000000007,97.66960000000002,5,1751.53,1750.3799999999999,3.085116159999957,2.740273759724819,exchange_guard_proxy_touch,False,-2.1755999999999953,0.5873229600000001,0.012761703864000001,0.2930088,-2.7501612561359954,-56.3156039573418,1,True
ETHUSDT,short,0796ae724dbea9bcc69eef994cce381a4ec18cf2d16ef9dfa80d88efdc7a2e31,ETHUSDT|short|high_volume,1783764060000,1783769580000,2026-07-11T10:01:00+00:00,2026-07-11T11:33:00+00:00,1793.8,1800.4,0.35000000000000003,627.83,125.566,5,1798.87,1798.87,3.064782000000048,3.7450491588438735,exchange_guard_proxy_touch,False,-2.310000000000048,0.754782,0.0,0.376698,-3.064782000000048,-48.81547552681534,1,True
BTCUSDT,short,cb6c378b1177937af95dde4fd0324462c4363f6ec6bdcf15d027093f834c0af6,BTCUSDT|short|high_volume,1783773360000,1783779840000,2026-07-11T12:36:00+00:00,2026-07-11T14:24:00+00:00,64069.4,64334.8,0.009000000000000001,576.6246000000001,115.32492000000002,5,64280.1,64280.1,3.081982680000013,2.6534643084161753,exchange_guard_proxy_touch,False,-2.388600000000013,0.69338268,0.0,0.34597476000000005,-3.081982680000013,-53.4486853318435,1,True
ETHUSDT,short,0d70f69ab66c3fb86d2f15977698a80f2c55db8ade28498e73ddf98fe6f2846d,ETHUSDT|short|high_volume,1783815060000,1783827180000,2026-07-12T00:11:00+00:00,2026-07-12T03:33:00+00:00,1783.38,1812.78,0.09,160.5042,32.10084,5,1811.24,1811.24,2.8401926399999877,2.4275034680544234,exchange_guard_proxy_touch,False,-2.6459999999999875,0.19419263999999997,0.0,0.09630251999999999,-2.8401926399999873,-176.95441240789881,1,True
BTCUSDT,short,42007a9547c0d8bafa6105dceb9f7db405f5431d50075a523b363a297506b0e7,BTCUSDT|short|high_volume,1783811460000,1783858320000,2026-07-11T23:11:00+00:00,2026-07-12T12:12:00+00:00,64010.600000000006,64138.3,0.0074,473.6784400000001,94.73568800000001,5,64288.799999999996,64083.799999999996,3.0333522039999568,2.445830683476114,exchange_guard_proxy_touch,False,-0.9449799999999785,0.568981116,0.0517932189434,0.284207064,-1.4621678970565786,-30.86836498314296,1,True
ETHUSDT,short,22d51b8abde2e47fcd09a5b4f4705011c933633404af99da8e6850d757a2df41,ETHUSDT|short|confirmed_volume,1783833660000,1783860540000,2026-07-12T05:21:00+00:00,2026-07-12T12:49:00+00:00,1801.42,1809.8500000000001,0.09,162.1278,32.425560000000004,5,1828.54,1808.31,2.7773020800000054,1.6525709171877818,exchange_guard_proxy_touch,False,-0.7587000000000057,0.19500858,0.0016117003079999998,0.09727667999999999,-0.9520968796920057,-58.72508475980095,1,True
BTCUSDT,short,9785e5e12a6a81d48eb5fd45017d9e8a6c763f5f13f22ec3375f44fc414f28d5,BTCUSDT|short|high_volume,1783865760000,1783867560000,2026-07-12T14:16:00+00:00,2026-07-12T14:46:00+00:00,63887.5,64138.3,0.0091,581.37625,116.27525,5,64083.799999999996,64083.799999999996,2.9813008680000266,3.1045441201140744,exchange_guard_proxy_touch,False,-2.2822800000000267,0.699020868,0.0,0.34882575,-2.9813008680000266,-51.28005947955436,1,True
BTCUSDT,short,13815322653cd48d8b90345037eea180cea38eb431beb74d473201687eaf2fd4,BTCUSDT|short|high_volume,1783893960000,1783901460000,2026-07-12T22:06:00+00:00,2026-07-13T00:11:00+00:00,63624.5,64302.8,0.0039000000000000003,248.13555000000002,49.62711,5,64248.1,64248.1,2.944719882000012,23.872706823947905,exchange_guard_proxy_touch,False,-2.6453700000000113,0.299349882,0.0037815803181000004,0.14888132999999998,-2.9409383016819115,-118.52144127199473,1,True
ETHUSDT,short,90bcb41acfc5bdd581070809f5c2938e93f0816ece06752c7702af64ede43967,ETHUSDT|short|confirmed_volume,1783908060000,1783986600000,2026-07-13T02:01:00+00:00,2026-07-13T23:50:00+00:00,1804.6100000000001,1777.96,0.13,234.59930000000003,46.91986000000001,5,1823.41,1776.45,2.928606459999988,1.5014291416068108,exchange_guard_proxy_touch,False,3.464500000000012,0.27944046,0.0058047082339999995,0.14075958,3.190864248234012,136.0133746449376,1,True
BTCUSDT,short,81fe911245c96b73c4dacc1b3d62199fd4e0e3d66deaae1ab5ef3941abc69cda,BTCUSDT|short|high_volume,1783908060000,1783986840000,2026-07-13T02:01:00+00:00,2026-07-13T23:54:00+00:00,63343.200000000004,62352.100000000006,0.0028,177.36096,35.472192,5,64248.1,62299.1,2.901325279999996,2.869804300984805,exchange_guard_proxy_touch,False,2.775079999999996,0.211168104,0.0260866423104,0.10641657599999998,2.589998538310396,146.02979924727492,1,True
ETHUSDT,long,fa1b91160a169630cdff691e48e3f6d01d52d2338360c64a5fa93d58727fea1e,ETHUSDT|long|high_volume,1784570160000,1784646240000,2026-07-20T17:56:00+00:00,2026-07-21T15:04:00+00:00,1907.65,1923.63,0.05,95.38250000000001,19.076500000000003,5,1852.65,1925.27,2.941761600000008,5.355257118924738,exchange_guard_proxy_touch,False,0.7990000000000009,0.1149384,-0.0064486639450000004,0.0572295,0.677612936055001,71.04164139700688,1,True
ETHUSDT,long,27fd3c52fe024bea856d7aecff916cb2a40ce536e18051fe5fb241ace435ba8f,ETHUSDT|long|confirmed_volume,1784695560000,1784701200000,2026-07-22T04:46:00+00:00,2026-07-22T06:20:00+00:00,1938.6200000000001,1913.8700000000001,0.11,213.24820000000003,42.649640000000005,5,1915.5,1915.5,2.97676434,1.726389530712169,exchange_guard_proxy_touch,False,-2.7225,0.25426434000000003,0.0,0.12794892,-2.9767643400000003,-139.59153418411034,1,True
ETHUSDT,long,b269e6ef04ffdf05352c93ed4c89843fc9e536f77c3a4c6b98b33170040e0152,ETHUSDT|long|high_volume,1784711460000,1784724960000,2026-07-22T09:11:00+00:00,2026-07-22T12:56:00+00:00,1926.63,1913.8700000000001,0.19,366.0597,73.21194,5,1915.5,1915.5,2.862216999999998,2.4871394234959494,exchange_guard_proxy_touch,False,-2.424399999999998,0.437817,0.0,0.21963581999999998,-2.862216999999998,-78.18989634750828,1,True
ETHUSDT,long,acc8f792d10be52f6b0765bf9e4db460e973528abf5983f0adf8ae186c1043f8,ETHUSDT|long|high_volume,1784738160000,1784773380000,2026-07-22T16:36:00+00:00,2026-07-23T02:23:00+00:00,1952.8500000000001,1920.72,0.06,117.171,23.4342,5,1912.27,1922.36,2.6716856400000024,5.468109800015785,exchange_guard_proxy_touch,False,-1.9278000000000064,0.13944851999999996,-0.00048023420400000006,0.07030259999999999,-2.067728754204006,-176.4710341470164,1,True
ETHUSDT,long,60b5bd78667093fc5474e4e49dab0c32ce9f38caa075c9d01399661798330cc0,ETHUSDT|long|confirmed_volume,1784955060000,1784960580000,2026-07-25T04:51:00+00:00,2026-07-25T06:23:00+00:00,1863.22,1854.16,0.25,465.805,93.161,5,1855.74,1855.74,2.8226069999999863,1.8897050250670397,exchange_guard_proxy_touch,False,-2.2649999999999864,0.557607,0.0,0.279483,-2.8226069999999863,-60.59632249546454,1,True
ETHUSDT,long,003675ad08d985c76949fab43db2d500f570ed65aa96dba87bd40b59bfc01522,ETHUSDT|long|confirmed_volume,1785020160000,1785154380000,2026-07-25T22:56:00+00:00,2026-07-27T12:13:00+00:00,1877.3600000000001,1953.78,0.16,300.37760000000003,60.075520000000004,5,1863.53,1955.45,2.826172800000012,1.573510419186255,exchange_guard_proxy_touch,False,12.227199999999975,0.36778944,-0.06429422441600001,0.18022656,11.795116335583975,392.67629595495714,1,True
ETHUSDT,long,9dc0bd4acfbf85068a10c759116c25b00f81edbe868e5d91543ca4f28e0ab006,ETHUSDT|long|high_volume,1785159660000,1785161160000,2026-07-27T13:41:00+00:00,2026-07-27T14:06:00+00:00,1974.25,1953.78,0.13,256.65250000000003,51.33050000000001,5,1955.45,1955.45,2.9674863400000038,5.589268338332494,exchange_guard_proxy_touch,False,-2.661100000000004,0.30638634,0.0,0.1539915,-2.9674863400000038,-115.62273268329758,1,True
ETHUSDT,long,b9fd1168161fa3e62bef62125d0da59cc0dbee470ea8a99af423e8af9af12a4f,ETHUSDT|long|high_volume,1785306660000,1785327480000,2026-07-29T06:31:00+00:00,2026-07-29T12:18:00+00:00,1919.51,1901.4,0.14,268.7314,53.74628,5,1903.02,1903.02,2.8563564399999866,3.899554097755112,exchange_guard_proxy_touch,False,-2.5353999999999863,0.32095644,-0.018508976122000004,0.16123884,-2.8748654161219864,-106.97914036550944,1,True
ETHUSDT,long,0c4f2d0011d6d737dcbd7c5c472ef0b85498590d1e808373d76bb9802a7e3cb3,ETHUSDT|long|high_volume,1785348060000,1785354420000,2026-07-29T18:01:00+00:00,2026-07-29T19:47:00+00:00,1924.49,1884.66,0.07,134.7143,26.942860000000003,5,1886.27,1886.27,2.948084299999995,4.2187548405291535,exchange_guard_proxy_touch,False,-2.788099999999995,0.1599843,0.0,0.08082858,-2.948084299999995,-218.8397445557001,1,True
ETHUSDT,long,4a81dd668ab8acf128f3eb0b9a2aba4b9f765716fe1fc885c7b245621d083ced,ETHUSDT|long|confirmed_volume,1785362460000,1785462420000,2026-07-29T22:01:00+00:00,2026-07-31T01:47:00+00:00,1901.8700000000001,1912.3600000000001,0.15,285.2805,57.0561,5,1886.27,1913.99,2.9222877000000054,1.5443314565255863,exchange_guard_proxy_touch,False,1.5735000000000012,0.3432807,-0.04654193385,0.1711683,1.1836773661500013,41.49170259271143,1,True
ETHUSDT,long,cabd050c7d1acec5d19fd1d01bccb19e591c3b2ac1a8a654c1af3609c84dd5c2,ETHUSDT|long|high_volume,1785551160000,1785578580000,2026-08-01T02:26:00+00:00,2026-08-01T10:03:00+00:00,1869.96,1862.57,0.18,336.5928,67.31856,5,1857.88,1864.16,2.8612360800000145,3.006997505949288,exchange_guard_proxy_touch,False,-1.330200000000018,0.4031132399999999,-0.0077641581599999995,0.20195567999999997,-1.741077398160018,-51.726519348007976,1,True
ETHUSDT,long,2f7814629767088245494400dd5d5afd06180c8b83d75dd0829d07695b9479d4,ETHUSDT|long|high_volume,1785684960000,1785728760000,2026-08-02T15:36:00+00:00,2026-08-03T03:46:00+00:00,1860.89,1849.71,0.17,316.35130000000004,63.27026000000001,5,1848.17,1851.29,2.8091629599999925,4.66700193949926,exchange_guard_proxy_touch,False,-1.900600000000011,0.3784812000000001,-0.036563331706000006,0.18981078,-2.315644531706011,-73.19851480635644,1,True
ETHUSDT,long,2ac6883d5d21e9da4c9e2f96e1a850decd16676e93713d98610e3c72ef0e21d1,ETHUSDT|long|high_volume,1785769260000,1785889380000,2026-08-03T15:01:00+00:00,2026-08-05T00:23:00+00:00,1872.27,1863.71,0.07,131.05890000000002,26.211780000000005,5,1835.6,1865.3,2.8324646000000007,2.072020087942372,exchange_guard_proxy_touch,False,-0.5991999999999963,0.15691116,-0.032883292064,0.07863534000000001,-0.7889944520639963,-60.2015164223106,1,True
ETHUSDT,long,65895a0197a389cc580115ebe4ac5be6d1c9e9ffd779bd907d842e462ffe9e4c,ETHUSDT|long|confirmed_volume,1785895560000,1785899940000,2026-08-05T02:06:00+00:00,2026-08-05T03:19:00+00:00,1874.9,1863.71,0.21,393.729,78.7458,5,1865.3,1865.3,2.8209648600000112,1.9060878015850116,exchange_guard_proxy_touch,False,-2.3499000000000114,0.47106486,0.0,0.23623740000000001,-2.8209648600000112,-71.64737319323726,1,True
ETHUSDT,long,77ba44162211a461084f96485d34b69421835281d18a1956ea1596c8f24c3a40,ETHUSDT|long|high_volume,1785932460000,1785936660000,2026-08-05T12:21:00+00:00,2026-08-05T13:31:00+00:00,1880.9,1863.4,0.12,225.708,45.1416,5,1862.49,1864.99,2.6694096000000003,12.591947654440926,exchange_guard_proxy_touch,False,-2.1,0.2695896,0.0,0.13542479999999998,-2.3695896000000003,-104.98474134722741,1,True
ETHUSDT,long,4de799b1e55c3dd76fd1872d658873f944cd57faff606815850c7196f9dc4182,ETHUSDT|long|high_volume,1785993060000,1786021560000,2026-08-06T05:11:00+00:00,2026-08-06T13:06:00+00:00,1915.19,1892.0,0.11,210.67090000000002,42.13418,5,1893.61,1893.61,2.802174540000006,7.522203467504896,exchange_guard_proxy_touch,False,-2.550900000000006,0.25127454,-0.002072091021,0.12640254,-2.804246631021006,-133.11029814848686,1,True
ETHUSDT,long,4bd65b03a1a622ce6b65bbe5a48ca23e1582b58f05113c0643e5e78b1017d79a,ETHUSDT|long|high_volume,1786027560000,1786053660000,2026-08-06T14:46:00+00:00,2026-08-06T22:01:00+00:00,1915.23,1901.43,0.11,210.6753,42.135059999999996,5,1893.61,1903.05,2.806577180000002,2.2710369974077556,exchange_guard_proxy_touch,False,-1.517999999999995,0.25189955999999997,-0.002073556716,0.12640518,-1.771973116715995,-84.10920106514598,1,True
ETHUSDT,long,0ac5415fbffa4a20ca9261b5a1ba1dae317d4b77f8b97ad78c58e222ea8007a4,ETHUSDT|long|high_volume,1786159860000,1786228920000,2026-08-08T03:31:00+00:00,2026-08-08T22:42:00+00:00,1917.89,1916.75,0.26,498.6514,99.73028000000001,5,1911.25,1918.39,2.7472915599999954,2.3737999854737892,exchange_guard_proxy_touch,False,-0.29640000000002603,0.59820384,-0.049464453687999996,0.29919084,-0.944068293688026,-18.932430425103107,1,True
ETHUSDT,long,8e4856cb17edf84e646a2652c3cec4935c4f936fa45417aca2e0e75cf7d2b8de,ETHUSDT|long|high_volume,1786281660000,1786315140000,2026-08-09T13:21:00+00:00,2026-08-09T22:39:00+00:00,1925.04,1913.95,0.16,308.0064,61.601279999999996,5,1912.29,1915.58,2.6690271999999813,14.58624187007914,exchange_guard_proxy_touch,False,-1.7743999999999869,0.36854303999999993,-0.0245787324,0.18480383999999997,-2.167521772399987,-70.37262123124671,1,True
ETHUSDT,long,cb04e52bf2c94170ff5350fbb3e756e602da7f3f1aab7fc6054226611fc9fb87,ETHUSDT|long|confirmed_volume,1786347060000,1786365660000,2026-08-10T07:31:00+00:00,2026-08-10T12:41:00+00:00,1930.3500000000001,1909.83,0.12,231.642,46.3284,5,1911.46,1911.46,2.738892960000025,1.9770639850966212,exchange_guard_proxy_touch,False,-2.462400000000025,0.27649295999999995,-0.007912949976,0.1389852,-2.746805909976025,-118.57978734322899,1,True
ETHUSDT,long,60b9c644f592c202bcd7aea2a97cb4e5359ad91a93f19c4c7a9ecb6eaa5a0510,ETHUSDT|long|high_volume,1786434060000,1786460280000,2026-08-11T07:41:00+00:00,2026-08-11T14:58:00+00:00,1878.52,1868.0900000000001,0.2,375.704,75.1408,5,1869.22,1869.68,2.6275379999999746,3.8158171848884654,exchange_guard_proxy_touch,False,-2.0859999999999674,0.4495932,-0.0235432064,0.2254224,-2.559136406399967,-68.11576151438278,1,True
ETHUSDT,long,f037a7e88bad97ecfea01fdbbf6e21d6d2d85a82bc1b07dd17cca2513de41cca,ETHUSDT|long|confirmed_volume,1786500660000,1786546740000,2026-08-12T02:11:00+00:00,2026-08-12T14:59:00+00:00,1887.41,1882.82,0.2,377.482,75.49640000000001,5,1878.05,1884.43,2.6436632000000078,1.9491504848319872,exchange_guard_proxy_touch,False,-0.9180000000000291,0.4524276,-0.027568155599999998,0.22648919999999997,-1.397995755600029,-37.03476604447441,1,True
ETHUSDT,long,373647cda7f20a7304c39e75037e1887316efd5d3bd08f630d1f7a556248f670,ETHUSDT|long|high_volume,1786597860000,1786639140000,2026-08-13T05:11:00+00:00,2026-08-13T16:39:00+00:00,1898.48,1872.82,0.08,151.8784,30.37568,5,1872.28,1874.42,2.4049196799999963,9.707529383506738,exchange_guard_proxy_touch,False,-2.0528000000000066,0.1810224,-0.021822630904,0.09112703999999999,-2.2556450309040064,-148.5165126116687,1,True
ETHUSDT,long,deaa6aeb60c94c5a84cb2d6087dc72598418f22dbbcb27acddd6fa09c243f934,ETHUSDT|long|high_volume,1786647360000,1786676880000,2026-08-13T18:56:00+00:00,2026-08-14T03:08:00+00:00,1885.47,1880.8400000000001,0.17,320.52990000000005,64.10598000000002,5,1874.42,1882.45,2.533845580000016,4.910611116892817,exchange_guard_proxy_touch,False,-0.7870999999999799,0.38416362000000004,-0.008644278762000001,0.19231794,-1.17990789876198,-36.81116484802135,1,True
ETHUSDT,long,676e977140630e4823a248bf46027eec4ea0bd53e35ebc0fd8cf7ec761496257,ETHUSDT|long|high_volume,1786750860000,1786780920000,2026-08-14T23:41:00+00:00,2026-08-15T08:02:00+00:00,1881.77,1877.15,0.2,376.35400000000004,75.27080000000001,5,1872.69,1878.75,2.5863431999999675,2.314140674184499,exchange_guard_proxy_touch,False,-0.9239999999999782,0.4510704,-0.035726819800000004,0.22581239999999997,-1.410797219799978,-37.48591006871131,1,True
ETHUSDT,long,32a4a9b822ddf4e86f9e5eebcc31356ab69ca64ee56675516b80af6e415bb837,ETHUSDT|long|high_volume,1786807260000,1786835580000,2026-08-15T15:21:00+00:00,2026-08-15T23:13:00+00:00,1885.26,1880.16,0.22,414.7572,82.95144,5,1877.22,1881.76,2.617236159999972,3.437641233798555,exchange_guard_proxy_touch,False,-1.12199999999998,0.49703544,-0.02464188232,0.24885431999999996,-1.6436773223199799,-39.62986832585377,1,True
ETHUSDT,long,412468db4e007482fa041a10711ae15fcaeb7d704712336a3629fd9fd62bd94a,ETHUSDT|long|confirmed_volume,1786889460000,1786915560000,2026-08-16T14:11:00+00:00,2026-08-16T21:26:00+00:00,1883.0900000000001,1876.79,0.3,564.927,112.9854,5,1878.22,1878.39,2.6177478000000076,1.7500485826389807,exchange_guard_proxy_touch,False,-1.8900000000000545,0.6767784,-0.022429269300000002,0.3389562,-2.5892076693000545,-45.832606147343895,1,True
ETHUSDT,long,13c39dcd6fad8932199bcbafd94e18a13c4d8eaa71ab4faf9dec4e632a230b56,ETHUSDT|long|high_volume,1786981860000,1787005140000,2026-08-17T15:51:00+00:00,2026-08-17T22:19:00+00:00,1913.63,1901.76,0.09,172.2267,34.44534,5,1890.59,1903.38,2.423840940000008,2.6229939219701355,exchange_guard_proxy_touch,False,-1.0683000000000107,0.20603106,-0.011137859315999999,0.10333601999999999,-1.2854689193160107,-74.63819020604882,1,True
ETHUSDT,long,c0b44f38a1cd4dbacacaa9944331aea55f42832ec3c75fdc4efceb5ee905b99c,ETHUSDT|long|confirmed_volume,1787008560000,1787017320000,2026-08-17T23:16:00+00:00,2026-08-18T01:42:00+00:00,1909.22,1901.76,0.26,496.3972,99.27944,5,1903.38,1903.38,2.5341128800000097,1.6226267552275833,exchange_guard_proxy_touch,False,-1.9396000000000095,0.5945128799999999,-0.023040001660000003,0.29783832,-2.5571528816600093,-51.51424870365928,1,True
ETHUSDT,long,56799c7a199e2a61cb9b024f3a21c55377244fb1cc3dc04424aff48b39da5054,ETHUSDT|long|high_volume,1787094360000,1787105400000,2026-08-18T23:06:00+00:00,2026-08-19T02:10:00+00:00,1916.71,1908.47,0.23,440.8433,88.16866,5,1909.58,1910.1,2.542603079999998,2.328315807965468,exchange_guard_proxy_touch,False,-1.8952000000000022,0.52787484,-0.015851458665000002,0.26450598000000003,-2.438926298665002,-55.32410946622081,1,True
ETHUSDT,long,e0d805bed6a5c6fd427ab59df91643210addb9622b016a47be5f82b06593b0fe,ETHUSDT|long|high_volume,1787137860000,1787263380000,2026-08-19T11:11:00+00:00,2026-08-20T22:03:00+00:00,1925.42,2306.52,0.1,192.54200000000003,38.50840000000001,5,1905.26,2308.49,2.4077435999999977,6.08261483195427,exchange_guard_proxy_touch,False,38.10999999999999,0.2539164,-0.0891393,0.1155252,37.76694429999999,1961.4912226942686,1,True
ETHUSDT,long,87d4daa23dc2e8d7816c26cc387ce6beacce762c412d251915e4f190c33b1697,ETHUSDT|long|high_volume,1787268060000,1787375340000,2026-08-20T23:21:00+00:00,2026-08-22T05:09:00+00:00,2327.34,2486.75,0.12,279.2808,55.85616,5,2308.49,2488.87,2.8320379200000194,2.9064566741339846,exchange_guard_proxy_touch,False,19.129199999999983,0.34661447999999995,-0.112575397896,0.16756848,18.670010122103985,668.5031739419246,1,True
ETHUSDT,long,048cd6bbd7b7bfd4cde1cc659d6f18cb567c1afa1a63bab2865e7df67ff17b13,ETHUSDT|long|high_volume,1787417160000,1787435760000,2026-08-22T16:46:00+00:00,2026-08-22T21:56:00+00:00,2428.91,2403.01,0.06,145.73459999999997,29.146919999999994,5,2386.99,2405.06,2.8102993199999893,3.058039908849065,exchange_guard_proxy_touch,False,-1.553999999999978,0.17394911999999998,0.0,0.08744075999999998,-1.7279491199999781,-118.56821372549679,1,True
BTCUSDT,long,59c3d9f76f1d2edcf640b20a9323d308ed305cb0238937fb5afefde5863cb315,BTCUSDT|long|high_volume,1787552160000,1787559360000,2026-08-24T06:16:00+00:00,2026-08-24T08:16:00+00:00,77454.3,77009.40000000001,0.0057,441.48951000000005,88.29790200000001,5,77075.0,77075.0,3.064195853999967,4.419811658625993,exchange_guard_proxy_touch,False,-2.5359299999999667,0.528265854,-0.044062026000000004,0.264893706,-3.1082578799999667,-70.40388977758421,1,True
ETHUSDT,long,c1e75b86259808181546c49588db84901a6c6fc0f1c504a4a61a64d312791059,ETHUSDT|long|high_volume,1787519160000,1787644260000,2026-08-23T21:06:00+00:00,2026-08-25T07:51:00+00:00,2464.63,2466.84,0.03,73.9389,14.787780000000001,5,2386.99,2468.9399999999996,2.4773926200000025,14.706829691420051,exchange_guard_proxy_touch,False,0.0663000000000011,0.08876645999999999,-0.029133162318000005,0.044363339999999994,-0.0515996223179989,-6.978684064545036,1,True
BTCUSDT,long,074aec6d5035237670e7512fb2b585e6a0e6e7febaa846f8de8fb126ac9de3d2,BTCUSDT|long|high_volume,1787571360000,1787659560000,2026-08-24T11:36:00+00:00,2026-08-25T12:06:00+00:00,78318.2,78760.1,0.0018000000000000002,140.97276,28.194551999999998,5,76802.79999999999,78827.2,3.012720155999995,2.3502977004481287,exchange_guard_proxy_touch,False,0.7954200000000158,0.16964456399999997,-0.03683982549960001,0.084583656,0.5889356105004159,41.77655388888008,1,True
BTCUSDT,long,44b7dc3604fc23823c8bb43c2bf90cfff1fd529dc6093a6543e6e59b2134bf6e,BTCUSDT|long|confirmed_volume,1787724660000,1787734680000,2026-08-26T06:11:00+00:00,2026-08-26T08:58:00+00:00,79155.40000000001,78533.0,0.0028,221.63512000000003,44.32702400000001,5,78252.7,78599.9,2.978373720000008,1.9258308571999303,exchange_guard_proxy_touch,False,-1.7427200000000245,0.26491651200000005,-0.013091787567600002,0.132981072,-2.0207282995676246,-91.17365061853123,1,True
ETHUSDT,long,61417aa67b4c1b03d43969a15367f2ea914f5152727d4b67d53a79ae0e0a4018,ETHUSDT|long|high_volume,1787717460000,1787735760000,2026-08-26T04:11:00+00:00,2026-08-26T09:16:00+00:00,2471.55,2448.12,0.07,173.00850000000003,34.60170000000001,5,2434.62,2450.2099999999996,2.9359722,3.3643861925855885,exchange_guard_proxy_touch,False,-1.6401000000000205,0.20662614,-0.017223640000000002,0.10380510000000001,-1.8639497800000207,-107.73746839028257,1,True
ETHUSDT,long,46a8a1bc9b5f2f063fec70d15954a8509f0699dc8bc6105e32c900b6b1be0af3,ETHUSDT|long|confirmed_volume,1787817360000,1787826360000,2026-08-27T07:56:00+00:00,2026-08-27T10:26:00+00:00,2499.14,2482.93,0.15,374.871,74.9742,5,2485.0499999999997,2485.0499999999997,2.8798863000000057,1.8272704454579944,exchange_guard_proxy_touch,False,-2.4315000000000055,0.4483862999999999,-0.02331182502,0.22492259999999997,-2.903198125020005,-77.44525783589569,1,True
ETHUSDT,long,0499638616225e0c98508ebeafa36aa17a2ba8a17aa7ff7ee7caadb463dda3bd,ETHUSDT|long|confirmed_volume,1787841660000,1787885220000,2026-08-27T14:41:00+00:00,2026-08-28T02:47:00+00:00,2518.55,2485.27,0.07,176.29850000000002,35.2597,5,2483.49,2487.39,2.8125966400000206,1.7282721544487378,exchange_guard_proxy_touch,False,-2.3296000000000143,0.21016044,-0.0055474794410000005,0.10577910000000001,-2.5453079194410146,-144.37490502987913,1,True
BTCUSDT,long,398bafcad4260fde35d83d5099cdd1d1ba5397e79569ca2cab2d4b69ca023b8e,BTCUSDT|long|high_volume,1787787960000,1787885460000,2026-08-26T23:46:00+00:00,2026-08-28T02:51:00+00:00,79098.20000000001,79639.1,0.0027,213.56514000000004,42.71302800000001,5,78156.4,79706.9,2.977054722000008,2.8543970932850913,exchange_guard_proxy_touch,False,1.4604299999999844,0.257154426,-0.0591118082613,0.12813908400000001,1.1441637657386843,53.574462842516525,1,True
ETHUSDT,long,b45cba87aad20faaffcdfcbdfa014592e15b5f06d1a968f4f6ed30085e43060e,ETHUSDT|long|high_volume,1787897460000,1787906940000,2026-08-28T06:11:00+00:00,2026-08-28T08:49:00+00:00,2501.62,2485.27,0.15,375.243,75.0486,5,2487.39,2487.39,2.901320099999986,2.636697497735977,exchange_guard_proxy_touch,False,-2.4524999999999864,0.4488200999999999,0.000497822325,0.22514579999999995,-2.9008222776749863,-77.30516698979025,1,True
ETHUSDT,long,f003de68d1c9f3f8bd9b273ad350ddab25749c4e95e9c023afecca6e28886c9e,ETHUSDT|long|high_volume,1787925360000,1787925960000,2026-08-28T13:56:00+00:00,2026-08-28T14:06:00+00:00,2515.9,2478.39,0.07,176.11300000000003,35.22260000000001,5,2480.5,2480.5,2.8354601800000157,3.238382787718509,exchange_guard_proxy_touch,False,-2.6257000000000157,0.20976018000000002,0.0,0.1056678,-2.8354601800000157,-161.002321236934,1,True
BTCUSDT,long,a1ea5365b6e3d5f3f2609b6525f07d1bea6e0d5da733531f79a48eabe9ac1ad7,BTCUSDT|long|confirmed_volume,1787961660000,1787966040000,2026-08-29T00:01:00+00:00,2026-08-29T01:14:00+00:00,77849.8,77533.90000000001,0.0071,552.7335800000001,110.54671600000002,5,77599.9,77599.9,2.904824561999959,1.8141618925044705,exchange_guard_proxy_touch,False,-2.2428899999999588,0.661934562,0.0,0.331640148,-2.9048245619999586,-52.55379204570778,1,True
BTCUSDT,long,53c66b1074889a53d012356c0321459c4b576f7979c67e9b458e3dbe0ace2aa6,BTCUSDT|long|high_volume,1788028860000,1788052500000,2026-08-29T18:41:00+00:00,2026-08-30T01:15:00+00:00,78242.40000000001,77949.5,0.0031000000000000003,242.55144000000004,48.51028800000001,5,77472.29999999999,78015.9,2.8811067680000004,5.137514487143663,exchange_guard_proxy_touch,False,-0.9079900000000272,0.29051693400000006,-0.020079802663800002,0.145530864,-1.2185867366638272,-50.24034228219082,1,True
ETHUSDT,long,fd65a1a8e0b0ccf4cc3bd8efeb3c21aecfb146b3df80273a2df220f9158cb8d4,ETHUSDT|long|confirmed_volume,1788030960000,1788131820000,2026-08-29T19:16:00+00:00,2026-08-30T23:17:00+00:00,2456.8,2448.4,0.09,221.112,44.2224,5,2431.1899999999996,2450.49,2.755039680000026,1.8422336068552325,exchange_guard_proxy_touch,False,-0.7560000000000081,0.26488079999999997,-0.022408274654999998,0.1326672,-1.043289074655008,-47.18373831610261,1,True
BTCUSDT,long,8dde1feae09c6045decf19ef137b7615a05da7268fc063fe43c76ca20bbcfcdd,BTCUSDT|long|high_volume,1788167460000,1788250680000,2026-08-31T09:11:00+00:00,2026-09-01T08:18:00+00:00,78689.3,78083.40000000001,0.0019,149.50967,29.901934,5,77350.59999999999,78149.9,2.846360474,6.787895993211109,exchange_guard_proxy_touch,False,-1.151209999999989,0.178720878,-0.042516142436800006,0.089705802,-1.372447020436789,-91.79653867450774,1,True
ETHUSDT,long,a82697b2cac4d6cac10f1c88c1b12bf847a3e0e790014e5793582d8698e29b6a,ETHUSDT|long|high_volume,1788153660000,1788251160000,2026-08-31T05:21:00+00:00,2026-09-01T08:26:00+00:00,2432.9,2450.93,0.08,194.632,38.9264,5,2403.77,2453.02,2.7264617599999874,3.635102756486048,exchange_guard_proxy_touch,False,1.4423999999999797,0.23442383999999997,-0.050290332752,0.1167792,1.1576858272479797,59.48075482181655,1,True
ETHUSDT,long,584aa722be8d5855880d8777e9bbc81c6bf08e8817d667d0946d2d1107961119,ETHUSDT|long|confirmed_volume,1788318960000,1788338520000,2026-09-02T03:16:00+00:00,2026-09-02T08:42:00+00:00,2416.06,2396.08,0.12,289.92719999999997,57.98544,5,2398.12,2398.12,2.744074080000002,1.7048234718932394,exchange_guard_proxy_touch,False,-2.397600000000002,0.3464740799999999,-0.01477829808,0.17395632,-2.7588523780800016,-95.15672824350395,1,True
ETHUSDT,long,79bc7e2b58940af0982f5dc6360d108e2af79b5bb8c64dbdd958f66511f0f95c,ETHUSDT|long|high_volume,1788393360000,1788397260000,2026-09-02T23:56:00+00:00,2026-09-03T01:01:00+00:00,2392.23,2369.03,0.1,239.223,47.8446,5,2371.0499999999997,2371.0499999999997,2.605675599999982,2.5380867245207868,exchange_guard_proxy_touch,False,-2.319999999999982,0.2856756,-0.02145124452,0.1435338,-2.627126844519982,-109.8191580458393,1,True
BTCUSDT,long,be044c941e40e60e2195bbaece12a232826cebc64c5beea18d39c97d664f8210,BTCUSDT|long|high_volume,1788419160000,1788484980000,2026-09-03T07:06:00+00:00,2026-09-04T01:23:00+00:00,78211.2,80792.20000000001,0.0019,148.60128,29.720256,5,76927.2,80861.0,2.740643219999989,7.3290092998069065,exchange_guard_proxy_touch,False,4.903900000000028,0.181263876,-0.0355999973699,0.08916076799999999,4.687036126630128,315.41021225591913,1,True
ETHUSDT,long,ed0f9e6c2fa76c7ab773afdeb6955359491d685a989617ba885ddb744e76645d,ETHUSDT|long|confirmed_volume,1788402660000,1788525000000,2026-09-03T02:31:00+00:00,2026-09-04T12:30:00+00:00,2399.75,2496.06,0.08,191.98000000000002,38.396,5,2371.0499999999997,2498.1899999999996,2.6865014399999843,1.7379415400832978,exchange_guard_proxy_touch,False,7.704799999999996,0.23499887999999997,-0.06493471999200001,0.11518799999999998,7.404866400007996,385.7103031569953,1,True
ETHUSDT,long,51984e1792b5d3cd23eed4da45f61ea7786dc37189b32395c0f4c757aa8cc503,ETHUSDT|long|high_volume,1788590460000,1788616200000,2026-09-05T06:41:00+00:00,2026-09-05T13:50:00+00:00,2454.94,2446.19,0.25,613.735,122.747,5,2448.2799999999997,2448.2799999999997,2.9226695,3.911112775077424,exchange_guard_proxy_touch,False,-2.1875,0.7351694999999999,-0.0374820698,0.368241,-2.9601515698,-48.23175425550115,1,True
BTCUSDT,long,c7e6c3b0ad1cfca7fb10fa1034eae38e231552d29e33170e3ea289f360a19b50,BTCUSDT|long|high_volume,1788666360000,1788677280000,2026-09-06T03:46:00+00:00,2026-09-06T06:48:00+00:00,80139.8,79599.0,0.0046,368.64308,73.728616,5,79666.79999999999,79666.79999999999,2.928559088000013,4.468114045482179,exchange_guard_proxy_touch,False,-2.4876800000000134,0.4408790879999999,0.0,0.221185848,-2.9285590880000134,-79.4415858287646,1,True
ETHUSDT,long,14533aff8c3eca44453a22caa1a4cacababc5dfdfbd1816ad8750fabb2d10516,ETHUSDT|long|high_volume,1788625560000,1788678780000,2026-09-05T16:26:00+00:00,2026-09-06T07:13:00+00:00,2462.54,2494.85,0.14,344.7556,68.95112,5,2447.87,2496.9799999999996,2.758698879999967,2.9269729367553237,exchange_guard_proxy_touch,False,4.5233999999999925,0.41642076,-0.024365381040000002,0.20685336,4.082613858959992,118.42052337830023,1,True
BTCUSDT,long,125f679d4850aeb476e1d4ae8ba946f04acf19a6ab4c80a0d91900a43947b76b,BTCUSDT|long|confirmed_volume,1788682260000,1788704160000,2026-09-06T08:11:00+00:00,2026-09-06T14:16:00+00:00,79902.1,79599.0,0.0073,583.28533,116.65706600000001,5,79666.79999999999,79666.79999999999,2.9112448180000423,1.7564381745881459,exchange_guard_proxy_touch,False,-2.2126300000000425,0.698614818,0.0,0.349971198,-2.9112448180000428,-49.91116128362156,1,True
BTCUSDT,long,c09a671083e9fae18c7628dd7c8bbcd55199818c8f11a284cb325e0666139dd9,BTCUSDT|long|high_volume,1788748860000,1788752460000,2026-09-07T02:41:00+00:00,2026-09-07T03:41:00+00:00,80378.70000000001,79532.20000000001,0.003,241.13610000000003,48.22722,5,79599.9,79599.9,2.82733962,4.978449832391639,exchange_guard_proxy_touch,False,-2.5395,0.28783962,0.0,0.14468166000000002,-2.82733962,-117.25078161254163,1,True
BTCUSDT,long,922628d07cd2d535649f20121d1b5721c9004028025598fbdacca9085b689c23,BTCUSDT|long|high_volume,1788758460000,1788764460000,2026-09-07T05:21:00+00:00,2026-09-07T07:01:00+00:00,79852.6,79532.20000000001,0.0068000000000000005,542.9976800000001,108.59953600000001,5,79599.9,79599.9,2.8290099839999607,2.729569725984523,exchange_guard_proxy_touch,False,-2.1787199999999607,0.650289984,0.0,0.32579860800000005,-2.8290099839999607,-52.099853980959196,1,True
ETHUSDT,long,6e9c384f2ca762872369512e4cedfce8fb149ea379fcf565036939bd56e90e3e,ETHUSDT|long|high_volume,1788748860000,1788766020000,2026-09-07T02:41:00+00:00,2026-09-07T07:27:00+00:00,2531.84,2488.1,0.05,126.59200000000001,25.318400000000004,5,2485.56,2490.22,2.570458400000005,10.441503522064652,exchange_guard_proxy_touch,False,-2.187000000000012,0.15059820000000002,0.0,0.0759552,-2.337598200000012,-184.65607621334775,1,True
BTCUSDT,long,7c8ddade39ea8937a23adf203b7ee854c41d10a34348de999ad761c3eb2b375b,BTCUSDT|long|confirmed_volume,1788830760000,1788837660000,2026-09-08T01:26:00+00:00,2026-09-08T03:21:00+00:00,79432.20000000001,78670.8,0.0032,254.18304000000006,50.83660800000001,5,78737.79999999999,78737.79999999999,2.7400377600000283,1.5576780931337875,exchange_guard_proxy_touch,False,-2.436480000000028,0.30355775999999995,0.0,0.15250982400000002,-2.740037760000028,-107.79782002764729,1,True
ETHUSDT,long,3e18bbf9ce86549b6d5012f1ca5a2828d7233ac93b0c210a93e8481d962f2cce,ETHUSDT|long|high_volume,1788829260000,1788843600000,2026-09-08T01:01:00+00:00,2026-09-08T05:00:00+00:00,2496.23,2472.32,0.1,249.62300000000002,49.924600000000005,5,2474.43,2474.43,2.6891129999999857,2.9659164082097216,exchange_guard_proxy_touch,False,-2.3909999999999854,0.298113,0.0,0.14977379999999998,-2.689112999999985,-107.72697227418887,1,True
ETHUSDT,long,480f3726fc6731dd38c581388b8e9609d8fece3b09d0aaede9deaf3ad9dc2e8f,ETHUSDT|long|high_volume,1788912660000,1788951060000,2026-09-09T00:11:00+00:00,2026-09-09T10:51:00+00:00,2494.41,2483.07,0.1,249.441,49.8882,5,2473.2,2485.1899999999996,2.629929999999971,5.017330421601273,exchange_guard_proxy_touch,False,-1.133999999999969,0.2986488,-0.021426111,0.14966459999999998,-1.454074910999969,-58.29334034901917,1,True
BTCUSDT,long,6b531843ee1ab296a598f794e7951b6e7543c3ceb23c9405c179ac6807f1cf45,BTCUSDT|long|confirmed_volume,1788912660000,1788966060000,2026-09-09T00:11:00+00:00,2026-09-09T15:01:00+00:00,78681.1,78623.3,0.0045000000000000005,354.06495000000007,70.81299000000001,5,78230.4,78690.2,2.750881499999987,1.6569822675724346,exchange_guard_proxy_touch,False,-0.26010000000001315,0.4247218800000001,-0.03213742284,0.21243897000000003,-0.7169593028400132,-20.24937240582591,1,True
ETHUSDT,long,c5892fd8de302b7389f5b4747e7c71e0c817caf3be4f6a15a3b342f631e22f74,ETHUSDT|long|confirmed_volume,1788958260000,1788966420000,2026-09-09T12:51:00+00:00,2026-09-09T15:07:00+00:00,2512.83,2483.07,0.08,201.0264,40.20528,5,2485.1899999999996,2485.1899999999996,2.620603199999981,1.5356348621260734,exchange_guard_proxy_touch,False,-2.380799999999981,0.23980319999999997,0.0,0.12061583999999999,-2.620603199999981,-130.36114659567008,1,True
ETHUSDT,long,66e63576749127f0436713d0eae1cb32f12ca76229b991a53b73611d8cccd98a,ETHUSDT|long|high_volume,1789100760000,1789129800000,2026-09-11T04:26:00+00:00,2026-09-11T12:30:00+00:00,2459.46,2436.92,0.08,196.7568,39.35136,5,2433.3399999999997,2439.0,2.4899550400000043,3.0277531781133087,exchange_guard_proxy_touch,False,-1.803199999999997,0.23502623999999997,-0.012056251999999998,0.11805408,-2.050282491999997,-104.20389496068226,1,True
BTCUSDT,long,8649b408e0613c7c929cfde6e6912150e113b5b5e9c20b889158bea3c639a568,BTCUSDT|long|high_volume,1789171560000,1789234680000,2026-09-12T00:06:00+00:00,2026-09-12T17:38:00+00:00,77292.5,77142.2,0.0044,340.08700000000005,68.01740000000001,5,76837.7,77207.9,2.695611071999987,2.9290950643702893,exchange_guard_proxy_touch,False,-0.6613200000000129,0.40770760800000005,-0.032319490566,0.2040522,-1.101347098566013,-32.384275158004066,1,True
ETHUSDT,long,e6c14cce9e9c524876436803fc45cb5a214d455f310a870b6b464d29b34203a9,ETHUSDT|long|high_volume,1789130460000,1789282320000,2026-09-11T12:41:00+00:00,2026-09-13T06:52:00+00:00,2493.02,2511.36,0.04,99.7208,19.94416,5,2439.0,2513.5,2.3623185599999963,20.283956400481618,exchange_guard_proxy_touch,False,0.7336000000000058,0.12010511999999998,-0.015632385912000002,0.05983248,0.5978624940880058,59.9536399716013,1,True
ETHUSDT,long,26f4ce8d4b541416972fa61c4d62651d7679149433e24518679aa0fe8e17f116,ETHUSDT|long|high_volume,1789355460000,1789384080000,2026-09-14T03:11:00+00:00,2026-09-14T11:08:00+00:00,2518.75,2503.9900000000002,0.04,100.75,20.15,5,2461.0899999999997,2506.1299999999997,2.5098657599999905,2.344845723725902,exchange_guard_proxy_touch,False,-0.5903999999999906,0.12054575999999999,-0.0077676984,0.06044999999999999,-0.7187134583999906,-71.33632341439112,1,True
BTCUSDT,long,0300c762384528fa1bba4f9e66eb0e5081a8825cfdc6cd706744ce4c3ac0730c,BTCUSDT|long|high_volume,1789379460000,1789449000000,2026-09-14T09:51:00+00:00,2026-09-15T05:10:00+00:00,78105.5,77375.6,0.0028,218.6954,43.73908,5,77334.4,77441.5,2.604348487999984,5.229026597170034,exchange_guard_proxy_touch,False,-2.0437199999999835,0.261208248,-0.017077496772000003,0.13121723999999999,-2.3220057447719835,-106.1753354104377,1,True
BTCUSDT,long,992e328783b33107b3c6818ebd18d2a572d573eb3fb004393e908fdfa1ada163,BTCUSDT|long|confirmed_volume,1789452360000,1789453380000,2026-09-15T06:06:00+00:00,2026-09-15T06:23:00+00:00,77702.5,77375.6,0.0063,489.52575,97.90515,5,77441.5,77441.5,2.645665217999963,1.7014002550857552,exchange_guard_proxy_touch,False,-2.0594699999999633,0.586195218,0.0,0.29371545,-2.645665217999963,-54.045476014284496,1,True
ETHUSDT,long,be54ab487ba8017c25dfc1a083896c7628506e97af1e9cda30f0ae8c1ac1357a,ETHUSDT|long|high_volume,1789542360000,1789545840000,2026-09-16T07:06:00+00:00,2026-09-16T08:04:00+00:00,2409.53,2389.7000000000003,0.09,216.85770000000002,43.37154,5,2386.91,2391.74,2.477398140000008,10.223744610940797,exchange_guard_proxy_touch,False,-1.7846999999999933,0.25915842,0.008649743616,0.13011462000000001,-2.035208676383993,-93.84996135179857,1,True
ETHUSDT,long,5143b9dac17b26b3894ba355296c7a9aaaa476af02df5764a5bae287044726ff,ETHUSDT|long|high_volume,1789549560000,1789565820000,2026-09-16T09:06:00+00:00,2026-09-16T13:37:00+00:00,2407.06,2389.7000000000003,0.12,288.8472,57.769439999999996,5,2391.74,2391.74,2.4285667199999605,2.28275114209544,exchange_guard_proxy_touch,False,-2.0831999999999606,0.34536671999999996,0.0,0.17330832,-2.4285667199999605,-84.07790416524587,1,True
ETHUSDT,long,3984353aa96feb499eaa747b93720e6043bd587d90e871f22fc19ed1787fe644,ETHUSDT|long|high_volume,1789608660000,1789682880000,2026-09-17T01:31:00+00:00,2026-09-17T22:08:00+00:00,2440.63,2441.53,0.04,97.6252,19.52504,5,2386.77,2443.6099999999997,2.3514088799999953,6.923005260713868,exchange_guard_proxy_touch,False,0.03600000000000364,0.11717183999999999,-0.008132088284,0.05857512,-0.08930392828399634,-9.14763076377783,1,True
ETHUSDT,long,162519b8250bf823089478270268af7d478eeaeb788e4e58cf102a296163192e,ETHUSDT|long|high_volume,1789695660000,1789852260000,2026-09-18T01:41:00+00:00,2026-09-19T21:11:00+00:00,2456.32,2624.05,0.14,343.88480000000004,68.77696,5,2443.6099999999997,2626.29,2.482019399999995,3.2038374727649894,exchange_guard_proxy_touch,False,23.482200000000006,0.4267510800000001,-0.156518650848,0.20633088000000002,22.898930269152007,665.8895731696198,1,True
ETHUSDT,long,eb1005e7b9f57b4e9242e59993d15b8336533ad97bb957585faa2bdd3556fd60,ETHUSDT|long|high_volume,1789859760000,1789862760000,2026-09-19T23:16:00+00:00,2026-09-20T00:06:00+00:00,2638.18,2624.05,0.16,422.1088,84.42175999999999,5,2626.29,2626.29,2.765974079999945,4.173792758214147,exchange_guard_proxy_touch,False,-2.2607999999999446,0.5051740799999999,-0.04210528000000001,0.25326528,-2.8080793599999443,-66.52501345624503,1,True
ETHUSDT,long,e6033117c7143da7a67fe145b048395918f1cc690941889d52e1caff331feb9d,ETHUSDT|long|high_volume,1789897260000,1789902120000,2026-09-20T09:41:00+00:00,2026-09-20T11:02:00+00:00,2585.4,2566.18,0.12,310.248,62.0496,5,2568.37,2568.37,2.6773137600000307,2.7582900077113175,exchange_guard_proxy_touch,False,-2.3064000000000306,0.3709137599999999,0.0,0.18614879999999998,-2.6773137600000307,-86.29592326139189,1,True
ETHUSDT,long,844785b687ddb4eec2327796b09a46d6faa674f55414104e14ff18b61e7e607e,ETHUSDT|long|confirmed_volume,1789905360000,1790002740000,2026-09-20T11:56:00+00:00,2026-09-21T14:59:00+00:00,2580.3,2732.62,0.16,412.848,82.56960000000001,5,2568.37,2645.37,2.7532620800000553,1.6698835382565271,administrative_period_end_mark,True,24.371199999999956,0.51004032,-0.08590139216,0.24770879999999998,23.775258287839954,575.8840611518029,1,False
