symbol,side,event_id,state,entry_ms,exit_ms,entry_utc,exit_utc,entry,exit,qty,notional_usdt,margin_usdt,leverage,initial_guard,last_guard,planned_guard_risk_usdt,volume_ratio,reason,censored,gross_usdt,fees_usdt,funding_usdt,entry_fees_usdt,net_usdt,net_bps,cost_multiplier,exit_intraminute
BTCUSDT,long,7bcbab7c4709c13908bf32cd09dd68e30ef9e817d550077dcff827ecc3b61115,BTCUSDT|long|high_volume,1735692960000,1735719960000,2025-01-01T00:56:00+00:00,2025-01-01T08:26:00+00:00,94346.90000000001,93342.90000000001,0.006500000000000001,613.2548500000001,122.65097000000003,5,93145.0,93501.9,10.30315130000002,5.312424688713349,exchange_guard_proxy_touch,False,-6.526000000000001,1.46398044,-0.12175891000000003,0.73590582,-8.11173935,-132.27354581867553,2,True
BTCUSDT,long,be22ff071a8985e579ce95e3bf97c3ff6e44ed308ba7c1797681e4ae1157ac4d,BTCUSDT|long|confirmed_volume,1735765560000,1735867020000,2025-01-01T21:06:00+00:00,2025-01-03T01:17:00+00:00,94951.0,96478.3,0.0064,607.6864,121.53728000000001,5,93729.09999999999,96642.59999999999,10.288158975999927,1.9598958871672476,exchange_guard_proxy_touch,False,9.77472000000002,1.4701770239999998,-0.491254272,0.72922368,7.81328870400002,128.57435519373183,2,True
BTCUSDT,long,91bc3978b374693d71a1d8a344e7427f3a3c50801750370f62153b30371fe990,BTCUSDT|long|high_volume,1735870860000,1735880880000,2025-01-03T02:21:00+00:00,2025-01-03T05:08:00+00:00,97406.90000000001,96478.3,0.0089,866.92141,173.384282,5,96642.59999999999,96642.59999999999,10.335233936000053,3.8630733069984373,exchange_guard_proxy_touch,False,-8.264540000000052,2.070693936,0.0,1.040305692,-10.335233936000051,-119.21765706536249,2,True
BTCUSDT,long,cb69773771d428dc5d4670cf300f46bef7b2edad45b2b74eb433d782d1599986,BTCUSDT|long|high_volume,1735921560000,1735982100000,2025-01-03T16:26:00+00:00,2025-01-04T09:15:00+00:00,98480.1,97595.8,0.004200000000000001,413.61642000000006,82.723284,5,96422.4,97762.0,10.31262203999999,4.76497436385377,exchange_guard_proxy_touch,False,-3.714060000000013,0.9882225360000001,-0.14599752252120002,0.49633970400000005,-4.848280058521213,-117.21681790392199,2,True
BTCUSDT,long,78539bba592434a032de646bf60ef3d33f7baf7a4d1a2f0fb2be0fae7c14e131,BTCUSDT|long|high_volume,1736013660000,1736064180000,2025-01-04T18:01:00+00:00,2025-01-05T08:03:00+00:00,98123.6,97834.3,0.0097,951.7989200000001,190.35978400000002,5,97471.9,98001.0,10.204551708,4.258612524484082,exchange_guard_proxy_touch,False,-2.8062100000000285,2.280949956,-0.38101309000000005,1.1421587039999999,-5.468173046000029,-57.45092719794249,2,True
BTCUSDT,long,50b3805fd90c1abfb4ee92e42c4185b23b1c48af867b04c10cc905c383699bc4,BTCUSDT|long|confirmed_volume,1736116260000,1736221560000,2025-01-05T22:31:00+00:00,2025-01-07T03:46:00+00:00,98674.90000000001,101378.40000000001,0.0066,651.2543400000001,130.25086800000003,5,97529.9,101551.09999999999,10.204568088000057,1.604500441825424,exchange_guard_proxy_touch,False,17.8431,1.5844221360000001,-0.530514864,0.781505208,15.728162999999999,241.50569192368067,2,True
BTCUSDT,long,679caecc94db2db375c697706025e9109969232831611a441c2edc0ccd107fbf,BTCUSDT|long|high_volume,1736532060000,1736615700000,2025-01-10T18:01:00+00:00,2025-01-11T17:15:00+00:00,95577.40000000001,93840.1,0.0027,258.05898,51.611796000000005,5,92173.5,93999.9,10.221425208000017,6.377031985380182,exchange_guard_proxy_touch,False,-4.690710000000008,0.6137127,-0.0629578459548,0.30967077600000004,-5.367380545954808,-207.9904580710506,2,True
BTCUSDT,long,b60bf6131cf984220dbbff75391e380091197eb6d221ae04cd25268d07cd3a3f,BTCUSDT|long|confirmed_volume,1736742060000,1736750280000,2025-01-13T04:21:00+00:00,2025-01-13T06:38:00+00:00,94770.40000000001,93692.3,0.007200000000000001,682.3468800000002,136.46937600000004,5,93727.29999999999,93851.9,10.285242912000001,1.7102077465848053,exchange_guard_proxy_touch,False,-7.7623200000000425,1.628317728,0.0,0.8188162560000001,-9.390637728000042,-137.6226374479801,2,True
BTCUSDT,long,31396248ccc701038c2947117b5ab7a506ce2396481b54c88b98f1a9bd709d12,BTCUSDT|long|high_volume,1736814060000,1736870640000,2025-01-14T00:21:00+00:00,2025-01-14T16:04:00+00:00,94900.0,95552.90000000001,0.0025,237.25,47.45,5,91207.7,95715.7,10.176357799999986,3.8684968785016807,exchange_guard_proxy_touch,False,1.632250000000022,0.5713587000000001,-0.09319039664,0.2847,0.9677009033600219,40.78823617955835,2,True
BTCUSDT,long,d0a4c34ec0effbc1cdc7ca40b5a8e83fcc36a6a58a5ffc226af8a1f26f73b4f2,BTCUSDT|long|high_volume,1736895960000,1736935320000,2025-01-14T23:06:00+00:00,2025-01-15T10:02:00+00:00,96827.70000000001,96524.70000000001,0.0091,881.1320700000001,176.22641400000003,5,96100.0,96689.09999999999,10.213996156000054,2.040137107474569,exchange_guard_proxy_touch,False,-2.7573000000000003,2.1114082080000003,-0.2433083612232,1.057358484,-5.112016569223201,-58.01646249492656,2,True
BTCUSDT,long,00fc0222eec7457b3970b4bb56243088b79d0304103b2e9445fbcffce6f298e4,BTCUSDT|long|high_volume,1736945160000,1737016980000,2025-01-15T12:46:00+00:00,2025-01-16T08:43:00+00:00,97163.1,98938.20000000001,0.011600000000000001,1127.0919600000002,225.41839200000004,5,96689.09999999999,99106.7,10.101574175999932,4.3790104376753405,exchange_guard_proxy_touch,False,20.59116000000007,2.7297300960000004,-0.32626547839040004,1.3525103520000001,17.53516442560967,155.57882628858133,2,True
BTCUSDT,long,3f6035ff66c05d6922e233aef985102d3886bf00dacda8bb862c1d0a7fd95c53,BTCUSDT|long|high_volume,1737077760000,1737171360000,2025-01-17T01:36:00+00:00,2025-01-18T03:36:00+00:00,100913.5,103847.8,0.0051,514.65885,102.93177,5,99326.2,104024.7,10.181053295999986,4.13997183406758,exchange_guard_proxy_touch,False,14.964930000000017,1.253139156,-0.20464898348640004,0.61759062,13.507141860513617,262.44845222254736,2,True
BTCUSDT,long,480156e27fa6a511970e91a0c84a7661938872c10cc0da30f0bddf41cd186a71,BTCUSDT|long|confirmed_volume,1737229560000,1737277680000,2025-01-18T19:46:00+00:00,2025-01-19T09:08:00+00:00,104531.40000000001,104037.3,0.0056,585.37584,117.075168,5,103109.9,104214.5,10.336251520000017,1.8904215105428535,exchange_guard_proxy_touch,False,-2.7669600000000325,1.4015816639999998,-0.234837232,0.702451008,-4.403378896000032,-75.22310616714267,2,True
BTCUSDT,long,e90545f397ec42cd3bfa480d94d3cf72f290120a2ee323d47ad521997866c6d3,BTCUSDT|long|high_volume,1737280560000,1737287820000,2025-01-19T09:56:00+00:00,2025-01-19T11:57:00+00:00,105487.20000000001,104037.3,0.0061,643.4719200000001,128.694384,5,104214.5,104214.5,10.378109340000053,2.4452432700496005,exchange_guard_proxy_touch,False,-8.844390000000054,1.53371934,0.0,0.7721663040000001,-10.378109340000053,-161.28301822401284,2,True
BTCUSDT,long,7357bdcc508b333abbfab77214d4797c3d015d9b688cec5d92533620ea706e16,BTCUSDT|long|confirmed_volume,1737315360000,1737322080000,2025-01-19T19:36:00+00:00,2025-01-19T21:28:00+00:00,105556.70000000001,104311.0,0.006900000000000001,728.3412300000001,145.668246,5,104488.7,104488.7,10.333034556000081,1.6326585124637583,exchange_guard_proxy_touch,False,-8.59533000000008,1.7377045560000002,0.0,0.8740094760000001,-10.333034556000081,-141.87078982196408,2,True
BTCUSDT,long,7a1344cea5d4cbbd29bc8423a5c86f797fe021eedade0f4f675783662a63e119,BTCUSDT|long|confirmed_volume,1737450360000,1737520980000,2025-01-21T09:06:00+00:00,2025-01-22T04:43:00+00:00,102874.6,105220.90000000001,0.0046,473.22316,94.644632,5,101102.7,105400.09999999999,10.066485808000014,1.9159623200539133,exchange_guard_proxy_touch,False,10.792980000000012,1.14868716,-0.19324094,0.5678677919999999,9.451051900000012,199.71659671094739,2,True
BTCUSDT,long,61724b717c41386f3a44d4eace0acca4f53ea6b9b69dba9c4d6e854c03bbf912,BTCUSDT|long|confirmed_volume,1737526260000,1737527220000,2025-01-22T06:11:00+00:00,2025-01-22T06:27:00+00:00,106077.0,105220.90000000001,0.009300000000000001,986.5161,197.30322,5,105400.09999999999,105400.09999999999,10.31981456399992,1.7588457687041468,exchange_guard_proxy_touch,False,-7.961729999999919,2.3580845640000003,0.0,1.18381932,-10.31981456399992,-104.6086786013925,2,True
BTCUSDT,long,33593c33f95565b0f336893f560fb8be127f256ea8d3ddc7e3f3e593aafc9560,BTCUSDT|long|confirmed_volume,1737648960000,1737759840000,2025-01-23T16:16:00+00:00,2025-01-24T23:04:00+00:00,106868.20000000001,104445.0,0.0017000000000000001,181.67594000000003,36.335188,5,101279.7,104622.9,10.21746042800002,1.7206454175700159,exchange_guard_proxy_touch,False,-4.11944000000002,0.43107892800000003,-0.06241074082620001,0.218011128,-4.6129296688262205,-253.9097730181674,2,True
BTCUSDT,long,9cbfc6db83b0e1d2a46c7133bd2160e6c4090b2cbb7eec30e824c9ef8be99e15,BTCUSDT|long|high_volume,1737842760000,1737884040000,2025-01-25T22:06:00+00:00,2025-01-26T09:34:00+00:00,105346.90000000001,104283.90000000001,0.0074,779.5670600000001,155.91341200000002,5,104410.7,104461.5,10.10245128799998,2.9501547012345886,exchange_guard_proxy_touch,False,-7.8662,1.8615215040000002,-0.284938454248,0.9354804720000001,-10.012659958248,-128.43872544137508,2,True
BTCUSDT,long,8765d13ad313a88868ac1ec8a5da0cec569cbf5bcc58a7ba2f1f94390b77ae15,BTCUSDT|long|high_volume,1738009560000,1738073040000,2025-01-27T20:26:00+00:00,2025-01-28T14:04:00+00:00,100451.40000000001,102178.20000000001,0.0037,371.6701800000001,74.33403600000001,5,98199.9,102352.2,9.829720292000001,3.216663402891546,exchange_guard_proxy_touch,False,6.389160000000011,0.8996754240000001,-0.10373634279480001,0.446004216,5.385748233205211,144.90665442154142,2,True
BTCUSDT,long,cde1778f75d007f68444a6a3ca56013fcaf51136c6a64d32445c18302925fd99,BTCUSDT|long|high_volume,1738076760000,1738080420000,2025-01-28T15:06:00+00:00,2025-01-28T16:07:00+00:00,103318.1,102178.20000000001,0.0073,754.22213,150.844426,5,102352.2,102352.2,10.121417587999957,3.106174089530918,exchange_guard_proxy_touch,False,-8.321269999999958,1.800147588,-0.14770687852480002,0.905066556,-10.269124466524758,-136.15517309900147,2,True
BTCUSDT,long,d335ae3600686a2148d6802f431ad72ea710534ba165711578118ed84dc90446,BTCUSDT|long|high_volume,1738206060000,1738245840000,2025-01-30T03:01:00+00:00,2025-01-30T14:04:00+00:00,104727.5,104584.70000000001,0.005200000000000001,544.5830000000001,108.91660000000002,5,103224.4,104762.79999999999,10.025244735999955,2.315832159221416,exchange_guard_proxy_touch,False,-0.7425599999999396,1.306108128,-0.10928860800000002,0.6534996000000001,-2.1579567359999396,-39.625855673055156,2,True
BTCUSDT,long,11b0161526e45b87c68f2aaf8a26097af47a4209c87a0acdb349a34c853c645b,BTCUSDT|long|high_volume,1738248660000,1738261620000,2025-01-30T14:51:00+00:00,2025-01-30T18:27:00+00:00,105946.3,104584.70000000001,0.006200000000000001,656.86706,131.373412,5,104762.79999999999,104762.79999999999,10.008270639999946,7.0648050802710305,exchange_guard_proxy_touch,False,-8.441919999999946,1.56635064,-0.12428876879440001,0.788240472,-10.132559408794346,-154.2558612817995,2,True
BTCUSDT,long,b711467996f9af8091bd499380b21aa46e4dad48c9d7727bbae64440d739eaa8,BTCUSDT|long|confirmed_volume,1738277160000,1738281300000,2025-01-30T22:46:00+00:00,2025-01-30T23:55:00+00:00,105429.0,104526.0,0.0085,896.1465000000001,179.22930000000002,5,104704.0,104704.0,9.817041,1.561009781851218,exchange_guard_proxy_touch,False,-7.6755,2.1415409999999997,0.0,1.0753758,-9.817041,-109.54727826309649,2,True
BTCUSDT,long,58aaa1b7ce14a07a574c5d3dd262ed6bf2ca99bb1ac4e801ca03bfd16d9d86e6,BTCUSDT|long|confirmed_volume,1738326360000,1738347960000,2025-01-31T12:26:00+00:00,2025-01-31T18:26:00+00:00,104928.1,103873.0,0.0066,692.5254600000001,138.50509200000002,5,103888.5,104049.9,9.68000800800002,1.7724926138038752,exchange_guard_proxy_touch,False,-6.963660000000038,1.653704712,-0.139137108,0.831030552,-8.756501820000038,-126.44303098979259,2,True
ETHUSDT,short,8af1a0d9d8e396f5b13c786e929a274d85327bf0dec29f22a14218bc130d6688,ETHUSDT|short|high_volume,1738547160000,1738567560000,2025-02-03T01:46:00+00:00,2025-02-03T07:26:00+00:00,2692.5,2569.38,0.02,53.85,10.77,5,3100.3700000000003,2565.01,8.402155600000002,2.9688353400938023,exchange_guard_proxy_touch,False,2.462399999999998,0.12628512,0.0,0.06462,2.336114879999998,433.8189192200553,2,True
BTCUSDT,long,4e9460a0b5de6ac0cae239478ff9b89aeef36707ee863ecbfae742fb46c852a9,BTCUSDT|long|high_volume,1738594860000,1738656240000,2025-02-03T15:01:00+00:00,2025-02-04T08:04:00+00:00,96453.70000000001,98015.90000000001,0.0045000000000000005,434.0416500000001,86.80833000000003,5,94716.4,98182.9,9.57424860000004,2.8813086331511464,exchange_guard_proxy_touch,False,7.029899999999988,1.0501358400000003,-0.127118981628,0.52084998,5.852645178371988,134.84063518724497,2,True
BTCUSDT,long,cacf4d59b6978e321c39b802c7c98e108c9f2a12ceb442dc840290f138d74a98,BTCUSDT|long|confirmed_volume,1738665960000,1738699920000,2025-02-04T10:46:00+00:00,2025-02-04T20:12:00+00:00,98974.3,98048.6,0.0082,811.5892600000001,162.31785200000002,5,98182.9,98215.59999999999,9.797263567999954,1.7565034448119334,exchange_guard_proxy_touch,False,-7.590739999999977,1.9387053360000002,-0.06739528323600001,0.9739071120000001,-9.596840619235977,-118.24750637084547,2,True
ETHUSDT,short,ea4718d68ba5f729489d586b7591e9921f6c38e9b2790b8482ba37a7bb97943a,ETHUSDT|short|high_volume,1738698960000,1738734900000,2025-02-04T19:56:00+00:00,2025-02-05T05:55:00+00:00,2790.31,2776.31,0.14,390.64340000000004,78.12868,5,2844.69,2771.59,9.238293120000037,4.728645562359093,exchange_guard_proxy_touch,False,1.9600000000000002,0.9351921599999999,-0.063668275272,0.46877208,0.9611395647280002,24.604013909565605,2,True
BTCUSDT,long,2374213d4f0554da11af436b2dd98276ad66fbfc97c46b0ce0ff3b4ada7731ca,BTCUSDT|long|high_volume,1738757160000,1738779120000,2025-02-05T12:06:00+00:00,2025-02-05T18:12:00+00:00,98389.0,97040.6,0.0061,600.1729,120.03458,5,97205.9,97205.9,9.655784671999964,5.381104734677289,exchange_guard_proxy_touch,False,-8.225239999999966,1.430544672,-0.019261593386,0.72020748,-9.675046265385966,-161.2043173789747,2,True
ETHUSDT,short,d9d1264ff3801bcd49cbe6ff1369e1f8c97dd8bf65cf89aa06d8ddb37b40f9c7,ETHUSDT|short|high_volume,1738880160000,1738893180000,2025-02-06T22:16:00+00:00,2025-02-07T01:53:00+00:00,2664.36,2730.7400000000002,0.13,346.3668,69.27336,5,2726.1000000000004,2726.1000000000004,9.471035600000015,5.097600377283495,exchange_guard_proxy_touch,False,-8.629400000000015,0.8416356,0.008514153882,0.41564016000000004,-9.462521446118014,-273.19366192481533,2,True
ETHUSDT,short,ed421b9890fa8d4e6e71d5286f0d92e6708f2278c44a4532c6acee73128c7fc7,ETHUSDT|short|confirmed_volume,1738899660000,1738901280000,2025-02-07T03:41:00+00:00,2025-02-07T04:08:00+00:00,2702.79,2730.7400000000002,0.27,729.7533000000001,145.95066000000003,5,2726.1000000000004,2726.1000000000004,9.306963720000073,1.7572704029191846,exchange_guard_proxy_touch,False,-7.546500000000075,1.7604637200000002,0.0,0.87570396,-9.306963720000075,-127.53575379515344,2,True
BTCUSDT,long,0ce4e3550c210c33a3301090c3f488726d9b1270692767704db76c5a96e47056,BTCUSDT|long|confirmed_volume,1738920060000,1738948860000,2025-02-07T09:21:00+00:00,2025-02-07T17:21:00+00:00,97458.5,96984.70000000001,0.0071,691.9553500000001,138.39107,5,96536.4,97149.9,9.364167563999917,1.705449715138383,exchange_guard_proxy_touch,False,-3.3639799999999176,1.656656064,-0.07209260986940001,0.83034642,-5.092728673869318,-73.59909384137745,2,True
BTCUSDT,long,87356eb148d6cab7afe2719761cb9e615fca9391dc2e5601c482d785fa215bf3,BTCUSDT|long|high_volume,1739022060000,1739028600000,2025-02-08T13:41:00+00:00,2025-02-08T15:30:00+00:00,96460.90000000001,95642.0,0.0082,790.9793800000001,158.19587600000003,5,95714.29999999999,95804.9,9.346482016000072,5.219880882588074,exchange_guard_proxy_touch,False,-6.714980000000073,1.8902925360000002,0.0,0.9491752560000001,-8.605272536000072,-108.79262789378998,2,True
ETHUSDT,short,10dadeac5ce7b3d6cbd4987b563be3ce1d68ca37d41e1fc577c26edf76e2646b,ETHUSDT|short|high_volume,1738990560000,1739039400000,2025-02-08T04:56:00+00:00,2025-02-08T18:30:00+00:00,2626.84,2640.18,0.18,472.8312,94.56624000000001,5,2667.1600000000003,2635.69,9.219284640000023,2.9664096159579323,exchange_guard_proxy_touch,False,-2.4011999999999443,1.13767632,0.077578879248,0.5673974399999999,-3.461297440751944,-73.2036600112671,2,True
BTCUSDT,long,046fb3a2a8c09f1694292a240242ebbdd1e34a42fbb2d180fcfa5374d00c1458,BTCUSDT|long|confirmed_volume,1739034660000,1739060640000,2025-02-08T17:11:00+00:00,2025-02-09T00:24:00+00:00,96403.3,96147.70000000001,0.009300000000000001,896.5506900000001,179.31013800000002,5,95804.9,96311.5,9.223315548000027,1.64488047575073,exchange_guard_proxy_touch,False,-2.377079999999919,2.1488691600000003,-0.06945308373600001,1.0758608280000002,-4.595402243735919,-51.256468764035176,2,True
BTCUSDT,long,9614ff807e614897e528c72dd5e3d5ac6310f7ecdc2ea8edd0b694df5dbf47ce,BTCUSDT|long|high_volume,1739063760000,1739095260000,2025-02-09T01:16:00+00:00,2025-02-09T10:01:00+00:00,96826.3,96573.70000000001,0.010100000000000001,977.9456300000002,195.58912600000002,5,96311.5,96738.2,9.192704879999914,3.6608652679814897,exchange_guard_proxy_touch,False,-2.551259999999912,2.344008,-0.18814118400000004,1.173534756,-5.083409183999913,-51.98048877216121,2,True
ETHUSDT,short,59c15efb01310954f75bb0fedbe214862145e2287d2016533a312ebf9ef8a8ad,ETHUSDT|short|high_volume,1739104860000,1739145960000,2025-02-09T12:41:00+00:00,2025-02-10T00:06:00+00:00,2645.78,2654.32,0.24,634.9872,126.99744000000001,5,2672.42,2649.8100000000004,9.018552000000012,3.9327827444975054,exchange_guard_proxy_touch,False,-2.049599999999991,1.5264288,0.037691971607999995,0.7619846399999999,-3.5383368283919907,-55.72296305172751,2,True
ETHUSDT,short,3a50b3c09d8e6bd36efc575d50c815b53d597d69f881fb40fe80064b6ab5301e,ETHUSDT|short|high_volume,1739151960000,1739166300000,2025-02-10T01:46:00+00:00,2025-02-10T05:45:00+00:00,2557.67,2654.32,0.08,204.61360000000002,40.922720000000005,5,2649.8100000000004,2649.8100000000004,8.232351040000008,14.352502003835507,exchange_guard_proxy_touch,False,-7.732000000000007,0.50035104,0.0,0.24553631999999997,-8.232351040000008,-402.3364546638155,2,True
BTCUSDT,long,768fcc77f5f5664e151f4cbbd6770a5a003b4fbbfbf3963093b9e2411072745a,BTCUSDT|long|high_volume,1739166660000,1739281620000,2025-02-10T05:51:00+00:00,2025-02-11T13:47:00+00:00,97606.3,96925.1,0.0037,361.14331000000004,72.22866200000001,5,95599.9,97090.2,8.882413584000002,5.91281241609563,exchange_guard_proxy_touch,False,-2.520439999999989,0.863719416,-0.2016907030562,0.433371972,-3.585850119056189,-99.29161138430582,2,True
ETHUSDT,short,2ddd36c6f76a8207172a9e0abd4f976cb251724e6271a4b9a048fee60289806f,ETHUSDT|short|high_volume,1739276460000,1739347500000,2025-02-11T12:21:00+00:00,2025-02-12T08:05:00+00:00,2682.62,2627.87,0.17,456.04540000000003,91.20908,5,2724.0,2623.4100000000003,8.927297039999997,6.735241031233398,exchange_guard_proxy_touch,False,9.307500000000001,1.08333996,0.030920227317000004,0.54725448,8.255080267317002,181.01443995086896,2,True
BTCUSDT,long,ca2db284ad6d7ea488a9ce493a0b9bcf06532c02c6552e5dfd8ba51a3255784b,BTCUSDT|long|high_volume,1739344860000,1739365260000,2025-02-12T07:21:00+00:00,2025-02-12T13:01:00+00:00,96120.0,95697.40000000001,0.006200000000000001,595.9440000000001,119.18880000000001,5,95049.9,95860.4,9.057641751999983,2.1938018717993994,exchange_guard_proxy_touch,False,-2.6201199999999463,1.427121456,-0.0583329436476,0.7151328,-4.105574399647547,-68.89194957324088,2,True
BTCUSDT,long,987f7fb08de7cae9ffaae5dcefc245c4758918ab4703082f9abb2b5da9df4c24,BTCUSDT|long|high_volume,1739366760000,1739367000000,2025-02-12T13:26:00+00:00,2025-02-12T13:30:00+00:00,96642.1,95697.40000000001,0.0077,744.14417,148.828834,5,95860.4,95860.4,9.051406979999978,7.082901618124967,exchange_guard_proxy_touch,False,-7.274189999999978,1.77721698,0.0,0.892973004,-9.051406979999978,-121.63512589233854,2,True
BTCUSDT,long,ef26a4ea11a5833c7d0a264ec07fdcc58eab2f5d8e2191843aef47850635c8cd,BTCUSDT|long|confirmed_volume,1739399460000,1739428500000,2025-02-12T22:31:00+00:00,2025-02-13T06:35:00+00:00,98087.40000000001,96135.8,0.0041,402.15834000000007,80.43166800000002,5,96299.59999999999,96299.59999999999,8.957138144000025,1.8418141742173444,exchange_guard_proxy_touch,False,-8.001560000000024,0.9555781440000001,-0.08020936600000002,0.48259000800000007,-9.037347510000025,-224.72112626086587,2,True
ETHUSDT,short,d59704a3e47bb2462a25b95f1d8cc48d5ede235a97bbd1f652fa629f0e0cac65,ETHUSDT|short|high_volume,1739436660000,1739498700000,2025-02-13T08:51:00+00:00,2025-02-14T02:05:00+00:00,2659.92,2692.18,0.08,212.7936,42.55872,5,2756.5200000000004,2687.61,8.623628479999997,3.21965298948538,exchange_guard_proxy_touch,False,-2.5807999999999813,0.5138016,0.002685551872,0.25535231999999997,-3.091916048127981,-145.30117673313396,2,True
BTCUSDT,long,23550b9d115e2fbe642c07334c47553b041068572150dc9cc100e499862ec694,BTCUSDT|long|high_volume,1739581560000,1739639940000,2025-02-15T01:06:00+00:00,2025-02-15T17:19:00+00:00,97688.3,97211.3,0.0061,595.89863,119.179726,5,96636.59999999999,97376.9,8.838855592,2.1149897836094635,exchange_guard_proxy_touch,False,-2.9097000000000004,1.426665072,-0.08361324171659999,0.7150783559999999,-4.419978313716601,-74.17332564964279,2,True
BTCUSDT,long,9df2cb53d65ffe8cab84646989c233060ebe1541e55eaac606420842631b59d1,BTCUSDT|long|confirmed_volume,1739646360000,1739652480000,2025-02-15T19:06:00+00:00,2025-02-15T20:48:00+00:00,97766.0,97211.3,0.0111,1085.2026,217.04052000000001,5,97376.9,97376.9,8.754267635999968,1.694834925325103,exchange_guard_proxy_touch,False,-6.157169999999968,2.5970976359999995,0.0,1.30224312,-8.754267635999968,-80.66943109056288,2,True
ETHUSDT,short,544a3d9d962370f92447e551bbf32882fc2e10f73903c2286da0eca636eccd27,ETHUSDT|short|high_volume,1739601360000,1739684400000,2025-02-15T06:36:00+00:00,2025-02-16T05:40:00+00:00,2706.7200000000003,2709.61,0.2,541.344,108.26880000000001,5,2738.01,2705.01,8.497853599999964,3.0287026605984564,exchange_guard_proxy_touch,False,-0.5779999999999745,1.2999192,0.045926291960000004,0.6496128,-1.8319929080399744,-33.84156669400556,2,True
BTCUSDT,long,95abf88cc0e86d745c834de95eafcc41eb5a407df1f13346948f5dd806393ff8,BTCUSDT|long|high_volume,1739685060000,1739689740000,2025-02-16T05:51:00+00:00,2025-02-16T07:09:00+00:00,97760.8,97210.3,0.011000000000000001,1075.3688000000002,215.07376000000005,5,97375.9,97375.9,8.62911852,4.134079561354291,exchange_guard_proxy_touch,False,-6.0555,2.57361852,0.0,1.29044256,-8.62911852,-80.24334088919075,2,True
ETHUSDT,short,fbabf5972e6a7ef70348c701e786d155f8c8ca2b276d5934f0b3359b42115aff,ETHUSDT|short|high_volume,1739714760000,1739773860000,2025-02-16T14:06:00+00:00,2025-02-17T06:31:00+00:00,2675.9,2687.78,0.18,481.662,96.33239999999999,5,2711.88,2683.21,8.472758399999984,12.514975583982507,exchange_guard_proxy_touch,False,-2.1384000000000194,1.1585548799999998,0.03577014088200001,0.5779944,-3.261184739118019,-67.7069135434811,2,True
BTCUSDT,long,66c07c7a78fe9567389e96d871ab5d342c756e811952104f0192497f0817383e,BTCUSDT|long|high_volume,1739873160000,1739890200000,2025-02-18T10:06:00+00:00,2025-02-18T14:50:00+00:00,95921.20000000001,95346.3,0.0106,1016.7647200000001,203.35294400000004,5,95508.7,95508.7,8.526862600000092,2.1196190151922214,exchange_guard_proxy_touch,False,-6.093940000000092,2.4329226,0.0,1.220117664,-8.526862600000092,-83.86269145924035,2,True
ETHUSDT,short,10670426035977e573c0ed4e9f48f4ebde694fe88074a21925b049a08e2c9f8e,ETHUSDT|short|high_volume,1739838360000,1739947800000,2025-02-18T00:26:00+00:00,2025-02-19T06:50:00+00:00,2718.09,2703.7200000000003,0.12,326.1708,65.23416,5,2777.21,2699.13,8.454004319999989,6.853607587066346,exchange_guard_proxy_touch,False,1.7243999999999868,0.78074064,0.023131907304,0.39140495999999997,0.9667912673039869,29.640644328185935,2,True
BTCUSDT,long,25967806b91bccd0d788b87a8e45c8880d6eba0202e0cea3a84ca74d6e7e870f,BTCUSDT|long|high_volume,1739947860000,1739992200000,2025-02-19T06:51:00+00:00,2025-02-19T19:10:00+00:00,95669.20000000001,95331.90000000001,0.0081,774.92052,154.984104,5,95019.9,95494.29999999999,8.42021730000007,2.1509351372861123,exchange_guard_proxy_touch,False,-2.7321300000000233,1.856530692,-0.259720057827,0.9299046240000001,-4.848380749827023,-62.56616807394678,2,True
ETHUSDT,short,95ec9be166650b23e0efe3a4e2911f19344debe4f3e303be81cbd287612bc5a2,ETHUSDT|short|high_volume,1739988960000,1740006120000,2025-02-19T18:16:00+00:00,2025-02-19T23:02:00+00:00,2695.07,2735.28,0.18,485.1126,97.02252,5,2730.63,2730.63,8.410755600000005,2.4342701145944483,exchange_guard_proxy_touch,False,-7.237800000000006,1.1729555999999999,0.0,0.5821351199999999,-8.410755600000005,-173.37738908451368,2,True
ETHUSDT,short,c4e2aa29c331dbe4b0df6bdc8a0012dfbb9a793f547049ef61493c5e9387755c,ETHUSDT|short|high_volume,1740126060000,1740129360000,2025-02-21T08:21:00+00:00,2025-02-21T09:16:00+00:00,2744.06,2772.29,0.24,658.5744,131.71488,5,2767.5800000000004,2767.5800000000004,8.363908800000004,2.6393216915865003,exchange_guard_proxy_touch,False,-6.775200000000004,1.5887088,0.0,0.7902892799999999,-8.363908800000004,-127.00021136564077,2,True
BTCUSDT,long,78cd189d8ab611ef1b651fb8d1a5c9c279da28c8d8f1b9c0b7b6df2d37e4bfc9,BTCUSDT|long|high_volume,1740042960000,1740151500000,2025-02-20T09:16:00+00:00,2025-02-21T15:25:00+00:00,97304.1,97890.70000000001,0.008700000000000001,846.5456700000002,169.30913400000003,5,96743.7,98057.4,8.33077165199995,2.126356932110178,exchange_guard_proxy_touch,False,5.103420000000051,2.0378337120000003,-0.16495637547360004,1.0158548040000002,2.900629912526451,34.26430510862397,2,True
ETHUSDT,short,4ea0a31a70677ddd633269965d2e71b361673c68a6febfca3ee42577c7814c0c,ETHUSDT|short|high_volume,1740212160000,1740213840000,2025-02-22T08:16:00+00:00,2025-02-22T08:44:00+00:00,2672.76,2692.02,0.32,855.2832000000001,171.05664000000002,5,2687.4500000000003,2687.4500000000003,8.223275519999925,3.162450704727694,exchange_guard_proxy_touch,False,-6.163199999999924,2.0600755200000003,0.0,1.02633984,-8.223275519999925,-96.1468145288008,2,True
BTCUSDT,long,a287753024410d1e12a62044a12454619decaae4b8d89612b3db7b8a0a74c753,BTCUSDT|long|high_volume,1740226260000,1740275460000,2025-02-22T12:11:00+00:00,2025-02-23T01:51:00+00:00,96766.1,96169.90000000001,0.0078000000000000005,754.7755800000001,150.95511600000003,5,96106.9,96333.7,8.220041856000046,2.6978596591274915,exchange_guard_proxy_touch,False,-4.650359999999978,1.8058809599999999,-0.09681824895600001,0.9057306960000001,-6.553059208955977,-86.82129340957185,2,True
BTCUSDT,long,fcc4e51aafefd5551f4f77efc09007100fc83cec889f196c86edffe64f860525,BTCUSDT|long|confirmed_volume,1740281160000,1740286920000,2025-02-23T03:26:00+00:00,2025-02-23T05:02:00+00:00,96673.1,96169.90000000001,0.011000000000000001,1063.4041000000002,212.68082000000004,5,96333.7,96333.7,8.08072759999997,1.7570750164086328,exchange_guard_proxy_touch,False,-5.535199999999969,2.5455276000000002,0.0,1.27608492,-8.08072759999997,-75.98924623292281,2,True
ETHUSDT,short,5e9b710880af4428b8d5a7c2d97f149030e4e02ed403dcc5f532e4b231b1589c,ETHUSDT|short|high_volume,1740269460000,1740288120000,2025-02-23T00:11:00+00:00,2025-02-23T05:22:00+00:00,2752.53,2779.33,0.22,605.5566,121.11132,5,2777.3100000000004,2774.61,7.953326479999948,5.091170045424189,exchange_guard_proxy_touch,False,-5.89599999999994,1.46041104,0.0,0.72666792,-7.356411039999941,-121.48180764605556,2,True
ETHUSDT,short,92f436ca279213332a364e2f12e1bf7d5fa103907ceb76e1bc5cef87c9011736,ETHUSDT|short|high_volume,1740341760000,1740352440000,2025-02-23T20:16:00+00:00,2025-02-23T23:14:00+00:00,2793.23,2828.05,0.19,530.7137,106.14274,5,2823.25,2823.25,7.8974518400000315,4.168026817391055,exchange_guard_proxy_touch,False,-6.615800000000031,1.28165184,0.0,0.63685644,-7.8974518400000315,-148.80813968058544,2,True
BTCUSDT,long,2ce2c56f6e6ac35b80559e29f32db27ffb6a0147ca5c83ba57040cdde02fd580,BTCUSDT|long|high_volume,1740379860000,1740385380000,2025-02-24T06:51:00+00:00,2025-02-24T08:23:00+00:00,95955.5,95314.0,0.0092,882.7906,176.55812,5,95476.4,95476.4,8.01341528,2.0402203229178957,exchange_guard_proxy_touch,False,-5.9018,2.1116152799999997,-0.1213360639568,1.05934872,-8.1347513439568,-92.14814185784036,2,True
ETHUSDT,short,1ad4e3187ce1547163b1c0b061d8c942ddb773fcb2773bc812a7d7e492126762,ETHUSDT|short|high_volume,1740359760000,1740512400000,2025-02-24T01:16:00+00:00,2025-02-25T19:40:00+00:00,2792.14,2452.18,0.18,502.5852,100.51704,5,2823.25,2448.01,7.677761040000055,2.823431701693838,exchange_guard_proxy_touch,False,61.192800000000005,1.1327731199999997,0.0014463937979999984,0.6031022399999999,60.061473273798,1195.050575977924,2,True
ETHUSDT,short,818421594f05c556cb11ba6c9b7af5ebb8051941f4bf6f3cc95e859cb4680380,ETHUSDT|short|high_volume,1740549660000,1740641820000,2025-02-26T06:01:00+00:00,2025-02-27T07:37:00+00:00,2473.9700000000003,2374.4,0.19,470.05430000000007,94.01086000000001,5,2506.46,2370.3700000000003,8.120911599999955,2.4360169554174664,exchange_guard_proxy_touch,False,18.91830000000003,1.10542836,0.082405637542,0.5640651600000001,17.89527727754203,380.70659661111546,2,True
ETHUSDT,short,f87cba9f0bde9ae11b62cc1c8b1e628ee0aac696075c21c33fc6c96b916a4918,ETHUSDT|short|high_volume,1740715560000,1740749400000,2025-02-28T04:06:00+00:00,2025-02-28T13:30:00+00:00,2109.44,2154.73,0.04,84.3776,16.87552,5,2313.25,2151.07,8.52247824,4.4186784328296245,exchange_guard_proxy_touch,False,-1.8115999999999985,0.20468016,0.001026339488,0.10125311999999999,-2.0152538205119988,-238.8375375113773,2,True
ETHUSDT,short,827f9d4c0e043d343b4bfb259b0e55e5284746b221e65652c08e4d076d5e3d91,ETHUSDT|short|high_volume,1740882960000,1740907860000,2025-03-02T02:36:00+00:00,2025-03-02T09:31:00+00:00,2203.12,2238.58,0.2,440.624,88.12480000000001,5,2235.0,2234.78,8.202060800000059,3.458409489639507,exchange_guard_proxy_touch,False,-7.092000000000008,1.0660079999999998,0.02762410166,0.5287487999999999,-8.130383898340007,-184.51976965258376,2,True
ETHUSDT,short,be819dd63a259f4fe2d81f8bf328a923a5d0684e222730c4efcdee08c2733d23,ETHUSDT|short|high_volume,1741025460000,1741098960000,2025-03-03T18:11:00+00:00,2025-03-04T14:36:00+00:00,2252.04,2121.05,0.05,112.602,22.520400000000002,5,2388.4500000000003,2117.4500000000003,7.302673600000002,2.67893302705516,exchange_guard_proxy_touch,False,6.549499999999989,0.2623854,-0.017078207220000002,0.13512239999999998,6.270036392779989,556.8317074989777,2,True
ETHUSDT,short,79e0eb5c0fede8c44ba62891fe0c7e6b61557e1728941cf0f76829af21d70b0d,ETHUSDT|short|high_volume,1741105860000,1741108740000,2025-03-04T16:31:00+00:00,2025-03-04T17:19:00+00:00,2025.3500000000001,2121.05,0.08,162.02800000000002,32.40560000000001,5,2117.4500000000003,2117.4500000000003,8.054054400000004,2.23262258433457,exchange_guard_proxy_touch,False,-7.656000000000004,0.39805440000000003,0.0,0.19443359999999998,-8.054054400000004,-497.07793714666616,2,True
ETHUSDT,short,86cf3e65815f59cc86bb782e580fcdbc1664a0969f470304598c55c35f0f1a7c,ETHUSDT|short|high_volume,1741147260000,1741157820000,2025-03-05T04:01:00+00:00,2025-03-05T06:57:00+00:00,2156.62,2195.7400000000002,0.19,409.7578,81.95156,5,2192.01,2192.01,8.425138080000066,2.1697186284508905,exchange_guard_proxy_touch,False,-7.432800000000066,0.9923380800000001,0.0,0.49170936,-8.425138080000066,-205.61263458560313,2,True
ETHUSDT,short,02c4a4978732fbc91c3bffaa0e1799b6bf64650ab246b439ccc0d3adab9c640a,ETHUSDT|short|confirmed_volume,1741280460000,1741354200000,2025-03-06T17:01:00+00:00,2025-03-07T13:30:00+00:00,2218.15,2213.71,0.08,177.452,35.4904,5,2304.94,2209.9500000000003,7.691392960000003,1.966835682276981,exchange_guard_proxy_touch,False,0.35520000000000435,0.42545856000000004,-0.0036750248799999998,0.21294239999999998,-0.0739335848799957,-4.166399075806173,2,True
ETHUSDT,short,42be50de406733da1fa54a482e3ffc5facf2a5b10e4911da827fff6fd4d83d88,ETHUSDT|short|confirmed_volume,1741364760000,1741436280000,2025-03-07T16:26:00+00:00,2025-03-08T12:18:00+00:00,2163.31,2155.7,0.15,324.49649999999997,64.8993,5,2209.9500000000003,2152.0400000000004,8.347863600000013,1.5838314889817193,exchange_guard_proxy_touch,False,1.141500000000019,0.7774218,0.022082119919999997,0.38939579999999996,0.386160319920019,11.900292296527667,2,True
ETHUSDT,short,407f04975ddd014a1f8b3b33445611fc74af91f39ff7f0f73142becafcf3823a,ETHUSDT|short|confirmed_volume,1741499760000,1741572960000,2025-03-09T05:56:00+00:00,2025-03-10T02:16:00+00:00,2177.96,2059.15,0.19,413.8124,82.76248000000001,5,2211.28,2055.65,8.046803999999986,1.6572130586762561,exchange_guard_proxy_touch,False,22.57389999999999,0.96606108,-0.017615623577,0.49657488,21.59022329642299,521.7393992162388,2,True
ETHUSDT,short,6526cc72e814a804dc7830d18e9f46298b82b7701fb24ab89185bf074b544f51,ETHUSDT|short|high_volume,1741651260000,1741669980000,2025-03-11T00:01:00+00:00,2025-03-11T05:13:00+00:00,1867.91,1906.25,0.2,373.58200000000005,74.71640000000001,5,1903.01,1903.01,8.573798399999985,3.0917992536686554,exchange_guard_proxy_touch,False,-7.667999999999984,0.9057984,0.0,0.44829840000000004,-8.573798399999983,-229.50244926147357,2,True
ETHUSDT,short,3fe8ab48f31deb0568e9020aa7943d20f6cdb91eca3b86bd1cbf614232d3897d,ETHUSDT|short|high_volume,1741734360000,1741813200000,2025-03-11T23:06:00+00:00,2025-03-12T21:00:00+00:00,1927.65,1896.73,0.19,366.25350000000003,73.25070000000001,5,1962.46,1893.51,8.136206599999975,4.786104694019929,exchange_guard_proxy_touch,False,5.874800000000014,0.87195864,-0.014107446363,0.4395042,4.988733913637014,136.2098632132393,2,True
ETHUSDT,short,a90edd85a513b4d7bd6981db91bb16d969c52239e0f6f88ea8b9b95e70187748,ETHUSDT|short|confirmed_volume,1741947060000,1741948860000,2025-03-14T10:11:00+00:00,2025-03-14T10:41:00+00:00,1886.67,1908.19,0.33,622.6011000000001,124.52022000000002,5,1904.95,1904.95,8.604364559999995,1.830960623954015,exchange_guard_proxy_touch,False,-7.101599999999994,1.5027645600000001,0.0,0.74712132,-8.604364559999993,-138.20027879809388,2,True
ETHUSDT,short,f993f53e34677de9f7c507138b3e5cc2c116883092d255de54ac54f7141ff187,ETHUSDT|short|high_volume,1741956660000,1741959060000,2025-03-14T12:51:00+00:00,2025-03-14T13:31:00+00:00,1893.67,1908.19,0.44,833.2148000000001,166.64296000000002,5,1904.95,1904.95,8.396182079999992,3.8420470595269767,exchange_guard_proxy_touch,False,-6.388799999999992,2.0073820799999997,0.0,0.9998577599999999,-8.396182079999992,-100.7685182740392,2,True
ETHUSDT,short,db4490fbddc73e9884efb950870adcacb3037143ab9a2e5806852a771035fd64,ETHUSDT|short|confirmed_volume,1742023560000,1742052060000,2025-03-15T07:26:00+00:00,2025-03-15T15:21:00+00:00,1914.8600000000001,1938.07,0.3,574.458,114.8916,5,1934.78,1934.78,8.350054799999942,1.9769812091980639,exchange_guard_proxy_touch,False,-6.962999999999942,1.3870547999999998,0.031311744749999995,0.6893496,-8.318743055249941,-144.81029170539782,2,True
ETHUSDT,short,9a790f3d8fc94ff95e1239e4f7621fe38c3cfa5915054c18e57a89a4493d1fdd,ETHUSDT|short|high_volume,1742117460000,1742171580000,2025-03-16T09:31:00+00:00,2025-03-17T00:33:00+00:00,1913.2,1900.88,0.29,554.828,110.9656,5,1933.23,1897.65,8.102502559999982,7.08619302371974,exchange_guard_proxy_touch,False,3.5727999999999813,1.3272998399999998,-0.021346385017999993,0.6657935999999999,2.2241537749819815,40.08726623353511,2,True
ETHUSDT,short,2bf6c00042cd7c0ccd79f295959eba9b7c7013d5125710c7b46af187eaefd88e,ETHUSDT|short|high_volume,1742305260000,1742327400000,2025-03-18T13:41:00+00:00,2025-03-18T19:50:00+00:00,1878.33,1905.8400000000001,0.2,375.666,75.1332,5,1912.31,1902.6,8.358536,14.475792677843495,exchange_guard_proxy_touch,False,-5.502000000000044,0.9082008,0.005508312100000001,0.4507992,-6.404692487900045,-170.48901119345493,2,True
ETHUSDT,short,a0dd959dd4f531fc95fff6f7dae5e681bcd03b325f2ee6161d381c0a5e5f82a4,ETHUSDT|short|high_volume,1742560860000,1742581980000,2025-03-21T12:41:00+00:00,2025-03-21T18:33:00+00:00,1951.52,1976.3700000000001,0.21,409.81919999999997,81.96383999999999,5,1981.8799999999999,1973.01,8.075366040000004,2.8277428043681514,exchange_guard_proxy_touch,False,-5.218500000000028,0.9898282799999999,0.010697930333999999,0.49178303999999995,-6.197630349666029,-151.2284038831277,2,True
ETHUSDT,short,9c69aa6a5538e9f27cc9c35dfe05ad2f71d895dc4de11ec4e2dd4e13016db9e0,ETHUSDT|short|high_volume,1742595060000,1742602560000,2025-03-21T22:11:00+00:00,2025-03-22T00:16:00+00:00,1964.33,1976.3700000000001,0.49,962.5216999999999,192.50433999999998,5,1973.01,1973.01,8.216731600000093,2.371144688912486,exchange_guard_proxy_touch,False,-5.899600000000094,2.3171315999999993,-0.026995703476,1.1550260399999999,-8.243727303476094,-85.6471838866188,2,True
ETHUSDT,short,1426ea85df6832d286cd3ac8005a02153fb5e27631d7fba258d16d03a6a2a5aa,ETHUSDT|short|high_volume,1742677560000,1742694960000,2025-03-22T21:06:00+00:00,2025-03-23T01:56:00+00:00,1986.25,2000.38,0.43,854.0875,170.8175,5,1996.98,1996.98,8.133001080000048,4.784888022432843,exchange_guard_proxy_touch,False,-6.075900000000047,2.05710108,0.013219236944999999,1.024905,-8.119781843055046,-95.06967193706788,2,True
ETHUSDT,short,d8a00cd88fc7a8502dab1b8eb2bffe6073af9b93a5bcc4e5f0ef9179ace85ef7,ETHUSDT|short|high_volume,1742747760000,1742773860000,2025-03-23T16:36:00+00:00,2025-03-23T23:51:00+00:00,1996.19,2003.1100000000001,0.25,499.0475,99.8095,5,2019.62,1999.71,7.923274999999973,2.9382240798174855,exchange_guard_proxy_touch,False,-1.7300000000000182,1.19979,0.0,0.598857,-2.9297900000000183,-58.70763805048654,2,True
ETHUSDT,short,e9cfda6cee83875274e67499094a864e63d6d4c488180600e22d42b9f2609499,ETHUSDT|short|high_volume,1742781660000,1742785560000,2025-03-24T02:01:00+00:00,2025-03-24T03:06:00+00:00,1976.63,2003.1100000000001,0.25,494.1575,98.8315,5,1999.71,1999.71,7.813922000000004,2.5724867114170036,exchange_guard_proxy_touch,False,-6.6200000000000045,1.193922,0.0,0.592989,-7.813922000000004,-158.12614399255304,2,True
ETHUSDT,short,a63c3d996ffe8b447ff31580bae65cc451f2d269e68127c11bc3e081f36d66dd,ETHUSDT|short|confirmed_volume,1742854560000,1742909400000,2025-03-24T22:16:00+00:00,2025-03-25T13:30:00+00:00,2073.46,2078.07,0.21,435.4266,87.08532,5,2101.3100000000004,2074.5400000000004,7.653244199999966,1.51983072564099,exchange_guard_proxy_touch,False,-0.9681000000000267,1.04618556,0.035711262720000005,0.52251192,-1.9785742972800269,-45.43990416019662,2,True
ETHUSDT,short,573ce1916a388f635232927c0d3749e63626b7cb8dec4540e5135870d51772c6,ETHUSDT|short|high_volume,1742910660000,1742913060000,2025-03-25T13:51:00+00:00,2025-03-25T14:31:00+00:00,2051.19,2078.07,0.25,512.7975,102.5595,5,2074.5400000000004,2074.5400000000004,7.958778000000027,3.844243318055261,exchange_guard_proxy_touch,False,-6.720000000000027,1.238778,0.0,0.6153569999999999,-7.958778000000027,-155.20313574071687,2,True
ETHUSDT,short,882918ec87d1f8fa09bfaa43bd24dc1235f83e0e4aed7b50396b399723cbdae5,ETHUSDT|short|confirmed_volume,1742920560000,1742922120000,2025-03-25T16:36:00+00:00,2025-03-25T17:02:00+00:00,2058.09,2078.07,0.31,638.0079000000001,127.60158000000001,5,2074.5400000000004,2074.5400000000004,7.732451520000005,1.6844667714636439,exchange_guard_proxy_touch,False,-6.193800000000006,1.53865152,0.0,0.76560948,-7.732451520000006,-121.1967989738059,2,True
ETHUSDT,short,83fe4e76b17aaad20b6d234a49357386cae6c501c6ddf8e51ff412b4a7725627,ETHUSDT|short|high_volume,1742955060000,1743035700000,2025-03-26T02:11:00+00:00,2025-03-27T00:35:00+00:00,2057.98,2021.14,0.23,473.33540000000005,94.66708000000001,5,2083.0,2017.7,7.714990280000038,4.426048505277455,exchange_guard_proxy_touch,False,8.47319999999998,1.12583712,0.005416047222000002,0.56800248,7.352778927221981,155.3397216270319,2,True
ETHUSDT,short,7dd0985b401bd3d5e1ff9493b628de9f2360319785d82d98e42bff3e29240424,ETHUSDT|short|high_volume,1743081960000,1743324900000,2025-03-27T13:26:00+00:00,2025-03-30T08:55:00+00:00,1998.5900000000001,1849.39,0.17,339.76030000000003,67.95206,5,2035.01,1846.25,7.60316023999998,4.235712505500859,exchange_guard_proxy_touch,False,25.364000000000008,0.7849879200000002,0.014328695956,0.40771236000000005,24.59334077595601,723.8438621568208,2,True
ETHUSDT,short,953e6471c2bf267f4dbea88f72ce806cf92cd61c1c0242304ce8a6e2bf500483,ETHUSDT|short|confirmed_volume,1743330060000,1743425400000,2025-03-30T10:21:00+00:00,2025-03-31T12:50:00+00:00,1836.88,1826.1200000000001,0.47000000000000003,863.3336000000002,172.66672000000003,5,1846.25,1823.02,7.958756279999997,1.8959742860763396,exchange_guard_proxy_touch,False,5.057199999999996,2.065932,0.027112922571,1.03600032,3.018380922570996,34.96193038902917,2,True
ETHUSDT,short,05a5fad31e814767d371ce6639d7dacc402ebf54c1984d88b8aae9b5d435a133,ETHUSDT|short|high_volume,1743454860000,1743484500000,2025-03-31T21:01:00+00:00,2025-04-01T05:15:00+00:00,1820.75,1845.72,0.24,436.97999999999996,87.39599999999999,5,1846.41,1842.58,7.969046399999988,3.1502020477225416,exchange_guard_proxy_touch,False,-5.992800000000006,1.05594336,-0.005700848064,0.524376,-7.054444208064007,-161.43631763613914,2,True
ETHUSDT,short,ee29ed30a7955b040ca7f8eb2bbacefcb66eab50c6050bbf6b8c33799748e731,ETHUSDT|short|confirmed_volume,1743552960000,1743601740000,2025-04-02T00:16:00+00:00,2025-04-02T13:49:00+00:00,1900.38,1890.45,0.27,513.1026,102.62052000000001,5,1921.99,1887.24,7.957107359999969,1.8218235956758608,exchange_guard_proxy_touch,False,2.6811000000000176,1.22822892,-0.00045296657999999997,0.6157231200000001,1.4524181134200176,28.30658260979417,2,True
ETHUSDT,short,088e8a7fbda86d3634924f3cafb927d73bf0131dba90f5478f95bd427ef5187b,ETHUSDT|short|high_volume,1743660060000,1743754500000,2025-04-03T06:01:00+00:00,2025-04-04T08:15:00+00:00,1818.91,1825.8,0.35000000000000003,636.6185,127.3237,5,1834.1299999999999,1822.7,7.954587199999971,2.1368363240866857,exchange_guard_proxy_touch,False,-2.411499999999956,1.5307782,0.048896354360000005,0.7639422,-3.893381845639956,-61.15722125008865,2,True
ETHUSDT,short,471975df93a4e43291be6b6a8030661cec07e627ab48e4f1bfec086024243b6d,ETHUSDT|short|confirmed_volume,1743809160000,1743897000000,2025-04-04T23:26:00+00:00,2025-04-05T23:50:00+00:00,1806.68,1807.58,0.27,487.8036000000001,97.56072000000002,5,1828.72,1804.51,7.969377239999964,1.8616528209919354,exchange_guard_proxy_touch,False,-0.2429999999999632,1.1710202400000003,0.032234690826,0.5853643199999999,-1.3817855491739635,-28.326677973962536,2,True
ETHUSDT,short,52bde5268aedc90049adf6547eabb53eb30cf4fabf4a8745cf5d665fc1f79635,ETHUSDT|short|high_volume,1743908760000,1743908820000,2025-04-06T03:06:00+00:00,2025-04-06T03:07:00+00:00,1799.93,1807.58,0.67,1205.9531000000002,241.19062000000002,5,1804.51,1804.51,8.025938039999907,2.7485107961435,exchange_guard_proxy_touch,False,-5.125499999999909,2.90043804,0.0,1.4471437200000001,-8.02593803999991,-66.55265482546467,2,True
ETHUSDT,short,b40ad17f80c1de1ddece183105cbeb3e97de17ad3326eba01aad64acf86ec4cc,ETHUSDT|short|high_volume,1743928260000,1744035420000,2025-04-06T08:31:00+00:00,2025-04-07T14:17:00+00:00,1783.68,1616.27,0.21,374.5728,74.91456,5,1812.61,1613.52,7.631243759999995,7.1378398541321415,exchange_guard_proxy_touch,False,35.156100000000016,0.8567873999999999,-0.048547569294,0.44948736,34.25076503070601,914.3954134071138,2,True
ETHUSDT,short,f35319eb3d3a8d9e5e47ab8cf96d308137098f3e44c254d6dec0d21cb37f60fd,ETHUSDT|short|confirmed_volume,1744074060000,1744076280000,2025-04-08T01:01:00+00:00,2025-04-08T01:38:00+00:00,1540.49,1587.29,0.16,246.4784,49.29568,5,1584.59,1584.59,8.088533759999992,1.5549177329364374,exchange_guard_proxy_touch,False,-7.487999999999992,0.6005337599999999,0.0,0.29577408,-8.088533759999992,-328.16399976630777,2,True
ETHUSDT,short,1af668e13f5943bc5d93742c28ac8168240378fb630f5676077c1b3c4bf2e0ca,ETHUSDT|short|confirmed_volume,1744125060000,1744183920000,2025-04-08T15:11:00+00:00,2025-04-09T07:32:00+00:00,1527.07,1484.22,0.11,167.9777,33.59554,5,1592.8,1481.7,7.940580560000006,1.68442519891018,exchange_guard_proxy_touch,False,4.71349999999999,0.39749028,-0.02042867057,0.20157324,4.295581049429989,255.72329240309813,2,True
ETHUSDT,short,02e8dda07cd93650d82b4aafe5dd3e85fc95f7176d5479fe1c7508dfabdb2b87,ETHUSDT|short|confirmed_volume,1744298160000,1744335120000,2025-04-10T15:16:00+00:00,2025-04-11T01:32:00+00:00,1533.93,1535.6200000000001,0.08,122.71440000000001,24.542880000000004,5,1627.62,1533.01,8.020574720000003,1.8670012619494993,exchange_guard_proxy_touch,False,-0.13520000000000437,0.29467679999999996,-0.00242144208,0.14725728000000002,-0.43229824208000434,-35.227996231901415,2,True
ETHUSDT,short,c6ff3a91577582820a5506f9d900c82804a27c86348dfa3245d235c470fbd84a,ETHUSDT|short|high_volume,1744420860000,1744445160000,2025-04-12T01:21:00+00:00,2025-04-12T08:06:00+00:00,1554.96,1589.02,0.21,326.5416,65.30832000000001,5,1586.32,1586.32,7.944882959999989,2.1711922218289814,exchange_guard_proxy_touch,False,-7.152599999999988,0.79228296,-0.0039846996,0.39184991999999996,-7.948867659599988,-243.4258807943609,2,True
ETHUSDT,short,233bd84004776ac47615994a257082e9642942982ccc06a06b1d786b51479ba6,ETHUSDT|short|high_volume,1744502760000,1744564800000,2025-04-13T00:06:00+00:00,2025-04-13T17:20:00+00:00,1640.02,1630.23,0.3,492.006,98.40119999999999,5,1659.69,1627.46,7.9389144,3.372446891243981,exchange_guard_proxy_touch,False,2.936999999999989,1.17729,0.05038525326,0.5904071999999999,1.8100952532599892,36.79010526822822,2,True
ETHUSDT,short,14391577b10ca56543304b6a594c46cfbf270e55395d6125ffdf03624cdea10f,ETHUSDT|short|high_volume,1744666860000,1744708500000,2025-04-14T21:41:00+00:00,2025-04-15T09:15:00+00:00,1609.97,1650.82,0.17,273.6949,54.738980000000005,5,1650.81,1648.01,8.086272360000017,12.474403478241234,exchange_guard_proxy_touch,False,-6.9444999999999855,0.66520116,0.012128115112000001,0.32843388,-7.5975730448879855,-277.59278835257743,2,True
ETHUSDT,short,3c4fecbbde3346d9e4256a3162d14c417c3bdcd9fee00802342fca0071365cad,ETHUSDT|short|high_volume,1744713360000,1744724820000,2025-04-15T10:36:00+00:00,2025-04-15T13:47:00+00:00,1626.18,1650.82,0.28,455.33040000000005,91.06608000000001,5,1648.01,1648.01,8.000271999999965,3.6878161529485016,exchange_guard_proxy_touch,False,-6.899199999999965,1.101072,0.0,0.54639648,-8.000271999999965,-175.70256675152734,2,True
ETHUSDT,short,4cd69cf6db8b218c35e98858b39a7671050e493ec6e0128afb6788f0023d62a7,ETHUSDT|short|high_volume,1744781160000,1744801380000,2025-04-16T05:26:00+00:00,2025-04-16T11:03:00+00:00,1561.2,1585.46,0.16,249.792,49.9584,5,1603.82,1582.76,7.864207999999985,19.829555981167534,exchange_guard_proxy_touch,False,-3.881599999999999,0.6041587199999999,-0.01480890368,0.29975040000000003,-4.5005676236799985,-180.1726085575198,2,True
ETHUSDT,short,7a98a71c38ab9aa879aecd2cf5e2a26a8dc95d310b0b3ee011186245724bfb0e,ETHUSDT|short|high_volume,1744809660000,1744813500000,2025-04-16T13:21:00+00:00,2025-04-16T14:25:00+00:00,1570.06,1585.46,0.41000000000000003,643.7246,128.74492,5,1582.76,1582.76,7.866515840000038,2.5758567506267838,exchange_guard_proxy_touch,False,-6.314000000000037,1.55251584,0.0,0.7724695199999999,-7.866515840000037,-122.20312599518549,2,True
ETHUSDT,short,fed486047c98049bc0c92ce8ff194aab6ecb0f13eb2f69b905601f52d0403812,ETHUSDT|short|high_volume,1744860660000,1744867080000,2025-04-17T03:31:00+00:00,2025-04-17T05:18:00+00:00,1576.63,1600.74,0.28,441.4564000000001,88.29128000000001,5,1598.02,1598.02,7.818396319999972,4.4014013559368825,exchange_guard_proxy_touch,False,-6.750799999999972,1.06759632,0.0,0.52974768,-7.818396319999972,-177.1046091980991,2,True
ETHUSDT,short,b66abc31aafc35b239785ae9ede63ec0deceb8ee2f11f6e179ae39ce3bdc38a5,ETHUSDT|short|high_volume,1744880760000,1744890600000,2025-04-17T09:06:00+00:00,2025-04-17T11:50:00+00:00,1590.66,1600.74,0.56,890.7696000000001,178.15392000000003,5,1598.02,1598.02,7.78942079999996,2.2009785701749442,exchange_guard_proxy_touch,False,-5.64479999999996,2.1446208,0.0,1.06892352,-7.78942079999996,-87.44596582550594,2,True
ETHUSDT,short,513f24f1bf790531ede2c964120847e13f0e17f3de8bd9b344f7726eb319725f,ETHUSDT|short|high_volume,1744953960000,1744965420000,2025-04-18T05:26:00+00:00,2025-04-18T08:37:00+00:00,1571.82,1591.41,0.33,518.7006,103.74012,5,1588.7,1588.7,7.717339080000048,5.355870663214132,exchange_guard_proxy_touch,False,-6.4647000000000485,1.25263908,0.014354223246000001,0.62244072,-7.702984856754048,-148.50541635683567,2,True
ETHUSDT,short,9a5831f16bb23e0283a7911631d42545b6694f7c19f27252cb7b132b046a61ad,ETHUSDT|short|high_volume,1745107260000,1745107980000,2025-04-20T00:01:00+00:00,2025-04-20T00:13:00+00:00,1608.58,1615.76,0.6900000000000001,1109.9202,221.98404,5,1613.01,1613.01,7.623953520000045,4.020156605130155,exchange_guard_proxy_touch,False,-4.954200000000045,2.66975352,0.0,1.33190424,-7.623953520000045,-68.68920414278472,2,True
ETHUSDT,short,4ac5a11ae6aaaaf04e37dfc9e5015a0a65d8ebd48ccd28f8a73913fabf1e4f7f,ETHUSDT|short|confirmed_volume,1745119260000,1745119380000,2025-04-20T03:21:00+00:00,2025-04-20T03:23:00+00:00,1609.5,1615.76,0.75,1207.125,241.425,5,1613.01,1613.01,7.597733999999994,1.7612183184860515,exchange_guard_proxy_touch,False,-4.694999999999993,2.9027339999999997,0.0,1.4485499999999998,-7.597733999999993,-62.94073936004964,2,True
ETHUSDT,short,3af28b0fac3ea6809494dc7313da632741e3efc80e9a8fbf6eec97a4961f9695,ETHUSDT|short|high_volume,1745128860000,1745178480000,2025-04-20T06:01:00+00:00,2025-04-20T19:48:00+00:00,1606.26,1586.1000000000001,0.4,642.504,128.5008,5,1618.47,1583.4,7.537195200000011,5.84445521307298,exchange_guard_proxy_touch,False,8.063999999999941,1.5323328,-0.01808701872,0.7710048,6.513580181279941,101.37804871689424,2,True
ETHUSDT,short,50327dd9b79c0784a3281c08e2657c129e62bdb393ebd9f81b3537e38003656c,ETHUSDT|short|high_volume,1745244060000,1745245380000,2025-04-21T14:01:00+00:00,2025-04-21T14:23:00+00:00,1604.97,1635.08,0.22,353.09340000000003,70.61868000000001,5,1632.3,1632.3,7.479573199999979,4.782357932326398,exchange_guard_proxy_touch,False,-6.624199999999978,0.8553732,0.0,0.42371207999999994,-7.479573199999978,-211.8298784400948,2,True
ETHUSDT,short,dd419478047fcc3ebc3c3191f13dea52d6ece17cc50b69d442691f77d0506604,ETHUSDT|short|high_volume,1745253060000,1745307000000,2025-04-21T16:31:00+00:00,2025-04-22T07:30:00+00:00,1612.25,1595.95,0.15,241.83749999999998,48.36749999999999,5,1654.65,1593.24,7.371549600000004,2.04025302030219,exchange_guard_proxy_touch,False,2.444999999999993,0.5774759999999999,-0.017049204000000002,0.290205,1.8504747959999932,76.5172810668318,2,True
ETHUSDT,short,12eaadc71f1bf14bca20b71a09589ecc9e03a0ef51b0c59f3a3c602bfb0694a1,ETHUSDT|short|confirmed_volume,1745454360000,1745537400000,2025-04-24T00:26:00+00:00,2025-04-24T23:30:00+00:00,1784.58,1772.66,0.23,410.4534,82.09067999999999,5,1809.61,1769.65,7.45814652000003,1.6346891706145352,exchange_guard_proxy_touch,False,2.7415999999999645,0.9817982399999998,0.0317050561,0.49254407999999994,1.7915068160999648,43.64702097972547,2,True
ETHUSDT,short,fa4a91f20b611a096a33b31477ccf74f8ccdd68f14d578cbd87b0889f00640e1,ETHUSDT|short|confirmed_volume,1745547060000,1745556180000,2025-04-25T02:11:00+00:00,2025-04-25T04:43:00+00:00,1756.8,1772.66,0.37,650.016,130.0032,5,1769.65,1769.65,7.435280240000046,1.9817181978145313,exchange_guard_proxy_touch,False,-5.868200000000047,1.56708024,0.0,0.7800191999999999,-7.435280240000047,-114.38611111111184,2,True
ETHUSDT,short,8de8aeee3bf560d47532461f7db377bfd1942ef8e7ba145f63ce7be0d75d89db,ETHUSDT|short|high_volume,1745625660000,1745631180000,2025-04-26T00:01:00+00:00,2025-04-26T01:33:00+00:00,1782.3400000000001,1811.96,0.22,392.11480000000006,78.42296000000002,5,1808.8799999999999,1808.8799999999999,7.465295199999975,3.461724463770104,exchange_guard_proxy_touch,False,-6.516399999999976,0.9488951999999999,0.0,0.47053776,-7.465295199999976,-190.38544834318864,2,True
ETHUSDT,short,7485bf245ecb2beae4610ac1df8be5d631b38f7f7e2c74c5b35437726104919a,ETHUSDT|short|high_volume,1745638260000,1745651460000,2025-04-26T03:31:00+00:00,2025-04-26T07:11:00+00:00,1791.74,1811.96,0.3,537.5219999999999,107.50439999999999,5,1808.8799999999999,1808.8799999999999,7.363332000000008,3.6856344743485483,exchange_guard_proxy_touch,False,-6.066000000000008,1.2973319999999997,0.0,0.6450263999999999,-7.363332000000008,-136.98661636174907,2,True
ETHUSDT,short,cef7f25f658baba52a2a9c36d7db82ea4ed2fee0f651ddf155bd6b1687da2e04,ETHUSDT|short|high_volume,1745756160000,1745825460000,2025-04-27T12:16:00+00:00,2025-04-28T07:31:00+00:00,1799.29,1810.8600000000001,0.31,557.7799,111.55598,5,1815.0,1807.78,7.173665360000056,2.5134065932420784,exchange_guard_proxy_touch,False,-3.5867000000000506,1.3429758,-0.042085719288,0.6693358799999999,-4.971761519288051,-89.1348275419758,2,True
ETHUSDT,short,2b716ffdca8d7b804c2e44a4d635ec0c1ead8925100bba1b9edbe8950055e91d,ETHUSDT|short|high_volume,1745835960000,1745836620000,2025-04-28T10:26:00+00:00,2025-04-28T10:37:00+00:00,1788.78,1810.8600000000001,0.27,482.97060000000005,96.59412,5,1807.78,1807.78,7.127883360000042,11.80607106365221,exchange_guard_proxy_touch,False,-5.961600000000042,1.1662833600000002,0.0,0.57956472,-7.127883360000043,-147.58420823130936,2,True
ETHUSDT,short,222e91ebe2ad9409d3bf046ba12e1793c8978aaf110dc71e5e61304fcc929919,ETHUSDT|short|high_volume,1745847060000,1745877960000,2025-04-28T13:31:00+00:00,2025-04-28T22:06:00+00:00,1797.13,1808.08,0.4,718.8520000000001,143.77040000000002,5,1807.78,1805.01,7.223835200000008,2.0964966036479264,exchange_guard_proxy_touch,False,-4.379999999999927,1.7305007999999997,-0.12237293184,0.8626224000000001,-6.232873731839927,-86.70593852197568,2,True
BTCUSDT,long,51f0d8d58a0e3eccd107c3692cbeab1bd7ddfe7df085eb318b9a5339607f1d34,BTCUSDT|long|confirmed_volume,1745914860000,1745931960000,2025-04-29T08:21:00+00:00,2025-04-29T13:06:00+00:00,95160.40000000001,94539.0,0.0051,485.31804000000005,97.06360800000002,5,94154.0,94700.0,7.106774316,1.6084101627029173,exchange_guard_proxy_touch,False,-3.169140000000045,1.1609603280000003,0.0,0.582381648,-4.330100328000045,-89.22191163551317,2,True
BTCUSDT,long,dfcc544d2599d04074b222dafc76c19b8a0935605215a5423f2b8f5d489d4628,BTCUSDT|long|confirmed_volume,1745937660000,1745940000000,2025-04-29T14:41:00+00:00,2025-04-29T15:20:00+00:00,95286.1,94539.0,0.0073,695.5885300000001,139.11770600000003,5,94700.0,94700.0,7.1166978760000426,1.6966047232343076,exchange_guard_proxy_touch,False,-5.453830000000043,1.6628678759999997,0.0,0.8347062359999999,-7.1166978760000426,-102.31189229069147,2,True
BTCUSDT,long,c0c80cbeb0fbcbcdcc71669480879ebb9e6a96a0bc46f13ac10fc848945f82f5,BTCUSDT|long|high_volume,1745944560000,1745946120000,2025-04-29T16:36:00+00:00,2025-04-29T17:02:00+00:00,95552.6,94539.0,0.0056,535.09456,107.018912,5,94700.0,94700.0,6.953575552000032,4.024487896966525,exchange_guard_proxy_touch,False,-5.676160000000032,1.277415552,0.0,0.6421134719999999,-6.953575552000032,-129.95040637303492,2,True
ETHUSDT,short,750d06834e9a0b24a5199973273a7ae4eac192a70e23d140488153b05632e830,ETHUSDT|short|high_volume,1745957460000,1746013080000,2025-04-29T20:11:00+00:00,2025-04-30T11:38:00+00:00,1812.07,1815.32,0.25,453.0175,90.6035,5,1831.5,1812.23,6.731507000000045,2.115866702262716,exchange_guard_proxy_touch,False,-0.8125,1.0882169999999998,-0.06215466694999999,0.5436209999999999,-1.9628716669499997,-43.32882652325793,2,True
BTCUSDT,long,87654c2d62d162bc9d83505d44899f30527447353fefe4fdabd0397dcb88d801,BTCUSDT|long|high_volume,1746012660000,1746016560000,2025-04-30T11:31:00+00:00,2025-04-30T12:36:00+00:00,95207.70000000001,94281.6,0.006,571.2462,114.24924000000001,5,94442.2,94442.2,6.920922960000035,7.454984360342825,exchange_guard_proxy_touch,False,-5.556600000000035,1.36432296,0.0,0.6854954400000001,-6.920922960000035,-121.15481836028029,2,True
ETHUSDT,short,4361104ac5fd605fe83bbc9e3049d92be90a69583c6b53599f3c0bfb441c0bb4,ETHUSDT|short|confirmed_volume,1746018960000,1746064500000,2025-04-30T13:16:00+00:00,2025-05-01T01:55:00+00:00,1761.0,1812.28,0.11,193.71,38.742000000000004,5,1812.23,1809.2,6.447274239999993,1.834063624537928,exchange_guard_proxy_touch,False,-5.640799999999997,0.4716729599999999,-0.012840979866000003,0.232452,-6.125313939865997,-316.21051777739905,2,True
BTCUSDT,long,bbea1aef196d9d0a656ec837f7ba6939a7ece64675faf328f006bc856680c70a,BTCUSDT|long|confirmed_volume,1746061260000,1746140580000,2025-05-01T01:01:00+00:00,2025-05-01T23:03:00+00:00,94516.6,96080.20000000001,0.0056,529.29296,105.858592,5,93699.9,96243.9,6.729344383999999,1.9768332466550045,exchange_guard_proxy_touch,False,8.756160000000033,1.280810496,-0.01770396638080001,0.635151552,7.457645537619233,140.8982567540523,2,True
ETHUSDT,short,74c76c01084c7347f25459c11dd3ecea8a38fb87c1378278f547336f9bc596ab,ETHUSDT|short|high_volume,1746161160000,1746196560000,2025-05-02T04:46:00+00:00,2025-05-02T14:36:00+00:00,1836.03,1853.65,0.31,569.1693,113.83386,5,1850.5,1850.5,6.834760960000037,2.9293916453967617,exchange_guard_proxy_touch,False,-5.462200000000037,1.37256096,-0.065244064006,0.6830031599999999,-6.900005024006036,-121.22939561227277,2,True
BTCUSDT,long,0d54752b441677aff2e5c052e324f197037444379333b5c0e6317f33e1205439,BTCUSDT|long|high_volume,1746145560000,1746234900000,2025-05-02T00:26:00+00:00,2025-05-03T01:15:00+00:00,96850.8,96343.40000000001,0.0068000000000000005,658.5854400000001,131.71708800000002,5,96243.9,96507.5,6.814396959999941,3.6569450206485823,exchange_guard_proxy_touch,False,-3.4503199999999605,1.576464672,0.158108254962,0.790302528,-4.86867641703796,-73.92626865601463,2,True
ETHUSDT,short,8d4f43f1cc0d5ebdefefbe65a2ac096d38bfb48a11944cadb042174da541c116,ETHUSDT|short|high_volume,1746252360000,1746284760000,2025-05-03T06:06:00+00:00,2025-05-03T15:06:00+00:00,1828.27,1841.69,0.31,566.7637,113.35274,5,1842.45,1838.56,6.735875920000051,2.1697688453913004,exchange_guard_proxy_touch,False,-4.160200000000023,1.3652251199999998,0.00885680137,0.68011644,-5.516568318630022,-97.3345385145524,2,True
ETHUSDT,short,c2da291756fb308d3b19fe627af505fb432ae6a5daacd234bc2fcd600ce95833,ETHUSDT|short|high_volume,1746288960000,1746301980000,2025-05-03T16:16:00+00:00,2025-05-03T19:53:00+00:00,1827.47,1841.69,0.36,657.8892,131.57783999999998,5,1838.56,1838.56,6.704277120000008,2.9433069546716366,exchange_guard_proxy_touch,False,-5.11920000000001,1.5850771199999998,0.0,0.7894670399999999,-6.704277120000009,-101.90586986380092,2,True
BTCUSDT,long,4650f6c8edae64eed1ed98c3e6d6a9398871c414db70c7dbcc9f9d06777f31fb,BTCUSDT|long|confirmed_volume,1746302760000,1746315240000,2025-05-03T20:06:00+00:00,2025-05-03T23:34:00+00:00,96493.90000000001,95649.70000000001,0.0061,588.6127900000001,117.72255800000002,5,95812.59999999999,95812.59999999999,6.556111151999983,1.898795751335724,exchange_guard_proxy_touch,False,-5.149619999999983,1.4064911520000003,0.0,0.7063353480000001,-6.556111151999983,-111.3824107016088,2,True
ETHUSDT,short,282711fc986c7e6b36bcbc2ec3e9feec4a488d16dc8ca08e5fd095e2d47c3852,ETHUSDT|short|confirmed_volume,1746377460000,1746390060000,2025-05-04T16:51:00+00:00,2025-05-04T20:21:00+00:00,1820.03,1835.89,0.28,509.6084,101.92168000000001,5,1835.37,1832.77,6.400866080000008,1.8007573372637364,exchange_guard_proxy_touch,False,-4.440800000000036,1.2283891200000001,0.0,0.61153008,-5.669189120000036,-111.24599045070755,2,True
ETHUSDT,short,3eb5152fdd80055a966ede4cfd33aa183540fcfa9b6726a41c51eb8ab844c4df,ETHUSDT|short|high_volume,1746459960000,1746466740000,2025-05-05T15:46:00+00:00,2025-05-05T17:39:00+00:00,1795.89,1817.96,0.15,269.3835,53.87670000000001,5,1830.73,1814.87,6.347353200000005,2.737358131700668,exchange_guard_proxy_touch,False,-3.3104999999999905,0.650493,0.00322405074,0.3232602,-3.9577689492599903,-146.91950135253236,2,True
BTCUSDT,long,28eba574b3dfcc29b7b395de3d8fa84f4abd3c9c0218cda258ab152862d86e4c,BTCUSDT|long|high_volume,1746470460000,1746520140000,2025-05-05T18:41:00+00:00,2025-05-06T08:29:00+00:00,94956.3,93801.1,0.0036000000000000003,341.84268000000003,68.368536,5,93559.5,93960.9,6.414940943999979,5.2620385209792575,exchange_guard_proxy_touch,False,-4.15871999999999,0.8154319680000001,-0.04364813322720001,0.41021121600000005,-5.0178001012271904,-146.7868231441197,2,True
ETHUSDT,short,252d67d88b160fa8a1416521241f38f1664a603a4bade01ff1732e57a5a00885,ETHUSDT|short|high_volume,1746519360000,1746557760000,2025-05-06T08:16:00+00:00,2025-05-06T18:56:00+00:00,1795.8600000000001,1782.1200000000001,0.32,574.6752,114.93504,5,1808.05,1779.09,6.271484159999995,3.1269171072993354,exchange_guard_proxy_touch,False,4.396800000000003,1.3739443199999999,-0.04064034297599999,0.6896102399999999,2.982215337024004,51.89392785740543,2,True
BTCUSDT,long,17779f6125eafc2975cb708548a0eea4646f935903fbdf225a3939ea2e44a6b8,BTCUSDT|long|high_volume,1746546060000,1746623340000,2025-05-06T15:41:00+00:00,2025-05-07T13:09:00+00:00,94837.3,96618.3,0.0051,483.67023000000006,96.734046,5,93960.9,96782.9,6.439087007999985,2.52797379920358,exchange_guard_proxy_touch,False,9.0831,1.171708272,-0.0192000518652,0.580404276,7.8921916761348,163.17298825968263,2,True
BTCUSDT,long,e619a84fed41f336162ea8d2e3513cc8646e098b26779f5a44cf3893a4101488,BTCUSDT|long|high_volume,1746625560000,1746629640000,2025-05-07T13:46:00+00:00,2025-05-07T14:54:00+00:00,97352.5,96618.3,0.0067,652.26175,130.45235,5,96782.9,96782.9,6.4786652319999805,5.56424384900681,exchange_guard_proxy_touch,False,-4.919139999999981,1.559525232,0.0,0.7827141,-6.478665231999981,-99.32615597955854,2,True
ETHUSDT,short,d794501210396652464e6c1e3ac751fa045dab42efeeacd3fd91c8f40b213b53,ETHUSDT|short|high_volume,1746623460000,1746671520000,2025-05-07T13:11:00+00:00,2025-05-08T02:32:00+00:00,1821.89,1849.65,0.2,364.37800000000004,72.8756,5,1846.51,1846.51,6.4331695999999985,2.799307123685817,exchange_guard_proxy_touch,False,-5.551999999999999,0.8811696,0.011813928400000001,0.4372536,-6.421355671599999,-176.2278642398827,2,True
BTCUSDT,long,96f085bb60a43b72fa4d974a7fe820e45d0a0e43e7997bd081439ea396f0597d,BTCUSDT|long|high_volume,1746675960000,1746801600000,2025-05-08T03:46:00+00:00,2025-05-09T14:40:00+00:00,99167.6,102202.3,0.0023,228.08548000000002,45.617096000000004,5,96831.4,102376.4,6.292572667999986,3.3895594971763505,exchange_guard_proxy_touch,False,6.979809999999993,0.555780924,-0.142710857792,0.273702576,6.281318218207993,275.39316479979317,2,True
BTCUSDT,long,577f872b934bf4f6bf3d09208520b8baf83f03c7ae46bcf96002dc218e2d6e77,BTCUSDT|long|confirmed_volume,1746844860000,1746891360000,2025-05-10T02:41:00+00:00,2025-05-10T15:36:00+00:00,103302.0,103135.20000000001,0.0063,650.8026,130.16052,5,102699.9,103310.9,6.449264387999982,1.8946863373051386,exchange_guard_proxy_touch,False,-1.0508399999999267,1.560665232,-0.130689342,0.7809631199999999,-2.742194573999927,-42.13558111169082,2,True
BTCUSDT,long,ee6eeb5f3f57ae11322598991b46be83bb8f24fd5abb9f026ef59ff00aac7905,BTCUSDT|long|high_volume,1746954960000,1747002900000,2025-05-11T09:16:00+00:00,2025-05-11T22:35:00+00:00,104360.0,103515.5,0.0046,480.056,96.0112,5,103406.2,103691.79999999999,6.342059007999961,2.0159125730062244,exchange_guard_proxy_touch,False,-3.8847,1.1474727599999999,-0.09575626799999999,0.5760671999999999,-5.127929028,-106.81939248754313,2,True
BTCUSDT,long,cda98671ad30576fb86cbb969f72b779fd9683a138addccc6383ceb241eabc7d,BTCUSDT|long|confirmed_volume,1747008660000,1747018560000,2025-05-12T00:11:00+00:00,2025-05-12T02:56:00+00:00,104316.70000000001,103515.5,0.0061,636.3318700000001,127.26637400000001,5,103691.79999999999,103691.79999999999,6.408651704000071,1.8956208045536285,exchange_guard_proxy_touch,False,-4.887320000000071,1.521331704,0.0,0.7635982440000001,-6.4086517040000714,-100.71241133970031,2,True
BTCUSDT,long,738da79d6142cb492a8b0ca81ab8f24b6bc05a610cd33c5d101edb6ab9f93b21,BTCUSDT|long|high_volume,1747031460000,1747050720000,2025-05-12T06:31:00+00:00,2025-05-12T11:52:00+00:00,104363.5,103488.40000000001,0.0056,584.4356,116.88712000000001,5,103664.7,103664.7,6.297324767999951,2.345033897844839,exchange_guard_proxy_touch,False,-4.900559999999951,1.396764768,-0.11695745600000002,0.7013227199999998,-6.41428222399995,-109.7517369578436,2,True
ETHUSDT,long,bbcb3222d631f44470c1925949e16fd203827b6f10c4d9c9f9b6954ebbda3655,ETHUSDT|long|high_volume,1747032660000,1747060020000,2025-05-12T06:51:00+00:00,2025-05-12T14:27:00+00:00,2520.56,2515.7000000000003,0.15,378.084,75.6168,5,2489.99,2519.99,6.122635799999991,2.684437427328342,exchange_guard_proxy_touch,False,-0.7289999999999509,0.9065268,-0.07660349999999999,0.45370079999999996,-1.7121302999999508,-45.28438918335478,2,True
ETHUSDT,long,92150162b564ac6526c0d6850d353e56faca943810fbb7a11a1d80193701aeee,ETHUSDT|long|high_volume,1747120860000,1747188060000,2025-05-13T07:21:00+00:00,2025-05-14T02:01:00+00:00,2476.11,2651.4700000000003,0.08,198.08880000000002,39.617760000000004,5,2414.35,2655.99,5.738689599999991,6.465262808356738,exchange_guard_proxy_touch,False,14.028800000000011,0.49224767999999997,-0.12325360000000002,0.23770655999999998,13.413298720000011,677.1356442161299,2,True
BTCUSDT,long,95307a8975e368b91802022997277224a8c8b0c91584b6cf29e8952559034a8f,BTCUSDT|long|high_volume,1747120860000,1747207440000,2025-05-13T07:21:00+00:00,2025-05-14T07:24:00+00:00,103016.0,103233.1,0.003,309.048,61.8096,5,101399.9,103408.9,6.1007766000000005,3.1970594594594592,exchange_guard_proxy_touch,False,0.6513000000000174,0.74249676,-0.1686479142,0.3708576,-0.2598446741999826,-8.407906674690746,2,True
BTCUSDT,long,d3dff5d0a0f4df53c8a86eb37f650f5ad28f1aeb1169c72c394e30fce5d59f9b,BTCUSDT|long|high_volume,1747218660000,1747231860000,2025-05-14T10:31:00+00:00,2025-05-14T14:11:00+00:00,103977.3,103233.1,0.0064,665.4547200000001,133.090944,5,103408.9,103408.9,6.354255871999982,2.6212453981498025,exchange_guard_proxy_touch,False,-4.762879999999981,1.591375872,0.0,0.7985456639999999,-6.354255871999982,-95.48742658253263,2,True
ETHUSDT,long,56ca316d0e05eef7deb571863d7a5c3bb2fdf4dca1ca0eaf9a228cc0fb766506,ETHUSDT|long|high_volume,1747267560000,1747273560000,2025-05-15T00:06:00+00:00,2025-05-15T01:46:00+00:00,2616.57,2577.91,0.14,366.31980000000004,73.26396000000001,5,2582.2999999999997,2582.2999999999997,6.285072640000044,2.3578656375816625,exchange_guard_proxy_touch,False,-5.412400000000043,0.8726726399999999,0.0,0.43958376000000005,-6.285072640000044,-171.57338041787648,2,True
ETHUSDT,long,a37fce50f6130b43225d137eb4dcb79c0a02d8a9c46ea0b8db9efe38f3312572,ETHUSDT|long|confirmed_volume,1747328160000,1747333380000,2025-05-15T16:56:00+00:00,2025-05-15T18:23:00+00:00,2593.77,2540.66,0.1,259.377,51.8754,5,2544.99,2544.99,5.927131600000013,1.7947400200262942,exchange_guard_proxy_touch,False,-5.311000000000013,0.6161316000000001,0.0,0.3112524,-5.927131600000013,-228.51415507157586,2,True
BTCUSDT,long,c758aa00a3a4af632819c14c67c43a2d740e73d4b3b0fd9d6a8855f900bad413,BTCUSDT|long|high_volume,1747347060000,1747381860000,2025-05-15T22:11:00+00:00,2025-05-16T07:51:00+00:00,103726.1,103585.8,0.0038,394.15918000000005,78.83183600000001,5,102535.9,103762.2,6.125239456000022,4.140483507021763,exchange_guard_proxy_touch,False,-0.533140000000011,0.945342264,-0.0355017855168,0.472991016,-1.513984049516811,-38.410472883488616,2,True
ETHUSDT,long,bb7577a37b3c577ac92088bf7988a8dab4985a98a9f0ec6c93aa1b601ac28c2b,ETHUSDT|long|high_volume,1747361160000,1747427640000,2025-05-16T02:06:00+00:00,2025-05-16T20:34:00+00:00,2582.2200000000003,2563.89,0.07,180.75540000000004,36.15108000000001,5,2510.4799999999996,2568.2599999999998,5.748128120000016,3.1547187981876754,exchange_guard_proxy_touch,False,-1.2831000000000268,0.43227324000000006,-0.062561217404,0.21690648,-1.7779344574040268,-98.36134673730501,2,True
BTCUSDT,long,15e240c585329f3617c7557a32168d962b23e8ba6f0bdfa19bcf89680d649fd7,BTCUSDT|long|high_volume,1747501860000,1747519860000,2025-05-17T17:11:00+00:00,2025-05-17T22:11:00+00:00,103261.6,102700.0,0.0056,578.26496,115.652992,5,102590.9,102874.9,6.115276159999984,2.0154838064496414,exchange_guard_proxy_touch,False,-3.1449600000000326,1.384061952,0.0,0.693917952,-4.529021952000033,-78.32087823547242,2,True
ETHUSDT,long,eb07a5e558eecd32a0deea34fb386b97ed0ed5378dc7e01aeb9c85954ebb799c,ETHUSDT|long|high_volume,1747515360000,1747520760000,2025-05-17T20:56:00+00:00,2025-05-17T22:26:00+00:00,2495.2400000000002,2456.46,0.11,274.4764,54.89528,5,2450.6099999999997,2460.6499999999996,6.02030176000002,3.934094450092375,exchange_guard_proxy_touch,False,-4.265800000000022,0.6536244000000001,0.0,0.32937168,-4.919424400000022,-179.22941280197574,2,True
ETHUSDT,long,9e7b03b7c307a12502a9c49bbbfc9b2a509723dbadc2addc5db82ace3fc4d812,ETHUSDT|long|high_volume,1747548060000,1747591080000,2025-05-18T06:01:00+00:00,2025-05-18T17:58:00+00:00,2512.04,2482.41,0.1,251.204,50.2408,5,2466.7299999999996,2486.64,5.547948399999977,2.7969464324016866,exchange_guard_proxy_touch,False,-2.963000000000011,0.5993339999999999,-0.0252972785,0.3014448,-3.587631278500011,-142.81744233770206,2,True
BTCUSDT,long,5213b6aa2990001c5ca9fff996efc6646f979961d1def1da6903cbc0bed44555,BTCUSDT|long|confirmed_volume,1747526760000,1747598400000,2025-05-18T00:06:00+00:00,2025-05-18T20:00:00+00:00,103318.20000000001,103484.3,0.007,723.2274000000001,144.64548000000002,5,102874.9,103660.59999999999,6.057952880000081,1.7256154987421244,exchange_guard_proxy_touch,False,1.162699999999939,1.7371409999999998,-0.23353713306,0.8678728800000001,-0.8079781330600608,-11.171840738612236,2,True
BTCUSDT,long,e26d6f054ded21a10dbd3156a57d270411901974a3b4f2cc59dc6e9a20591508,BTCUSDT|long|high_volume,1747607160000,1747626780000,2025-05-18T22:26:00+00:00,2025-05-19T03:53:00+00:00,105013.0,103484.3,0.0033,346.5429,69.30857999999999,5,103660.59999999999,103660.59999999999,5.8703593079999905,2.254102085121422,exchange_guard_proxy_touch,False,-5.0447099999999905,0.8256493079999998,-0.04206714105,0.41585148,-5.912426449049991,-170.61167460219187,2,True
BTCUSDT,long,e1ac4339b29487f0aa9c902b3d751631a9c1f59f7cb9cd54b2fe8c1fcbe638de,BTCUSDT|long|confirmed_volume,1747674060000,1747722300000,2025-05-19T17:01:00+00:00,2025-05-20T06:25:00+00:00,105559.6,105300.6,0.0015,158.3394,31.667880000000004,5,102088.79999999999,105480.0,5.840054639999991,1.6958763522051346,exchange_guard_proxy_touch,False,-0.3885,0.37954836000000003,-0.026524287210000004,0.19000728,-0.7945726472100001,-50.18161286514917,2,True
ETHUSDT,long,1e38f7ad460db5d79430c66d68200aea2c82c243f9e2f68a97c9b5a62776cb15,ETHUSDT|long|confirmed_volume,1747655160000,1747735920000,2025-05-19T11:46:00+00:00,2025-05-20T10:12:00+00:00,2421.9500000000003,2516.36,0.07,169.53650000000005,33.907300000000006,5,2346.9799999999996,2520.6499999999996,5.927454960000003,1.5584237311542448,exchange_guard_proxy_touch,False,6.60869999999999,0.41481804,-0.08416007259800001,0.20344380000000004,6.10972188740199,360.3779650636876,2,True
BTCUSDT,long,7af2ab8bd1aa6999fad59a376adcf342c87f738ca664980121e9f427f3274e48,BTCUSDT|long|high_volume,1747783260000,1747819920000,2025-05-20T23:21:00+00:00,2025-05-21T09:32:00+00:00,107118.0,105966.3,0.0025,267.795,53.559000000000005,5,105156.7,106146.79999999999,5.986537699999978,2.047224984598522,exchange_guard_proxy_touch,False,-2.8792499999999928,0.6392528999999999,-0.084860583195,0.321354,-3.6033634831949923,-134.55678721391334,2,True
ETHUSDT,long,c99c48999ddc8f2d83bf15414ef023738c05e754056e89302c58aac31cf4dfde,ETHUSDT|long|high_volume,1747804560000,1747848120000,2025-05-21T05:16:00+00:00,2025-05-21T17:22:00+00:00,2573.56,2516.19,0.07,180.1492,36.02984,5,2506.2999999999997,2520.4799999999996,5.433449559999983,4.548806337536414,exchange_guard_proxy_touch,False,-4.015899999999993,0.427539,-0.035670364562000005,0.21617904,-4.479109364561993,-248.63331974618777,2,True
BTCUSDT,long,91f4dc3b3ca754bad1a775878cab1309bd7afb583812031da3853c981e95a62a,BTCUSDT|long|high_volume,1747826460000,1747850040000,2025-05-21T11:21:00+00:00,2025-05-21T17:54:00+00:00,106781.3,105966.3,0.0055000000000000005,587.2971500000001,117.45943000000003,5,106146.79999999999,106146.79999999999,5.886634160000001,2.8285463122229104,exchange_guard_proxy_touch,False,-4.482500000000001,1.4041341600000001,-0.06134111009400001,0.70475658,-5.947975270094001,-101.27710086953427,2,True
ETHUSDT,long,9b8c946186c151c3cec4aa6c443ef08075f2e99f1643060c84075c6a4e53010f,ETHUSDT|long|confirmed_volume,1747905660000,1747943100000,2025-05-22T09:21:00+00:00,2025-05-22T19:45:00+00:00,2684.27,2629.98,0.06,161.0562,32.21124,5,2601.64,2634.4599999999996,5.603866559999997,1.9791934614829205,exchange_guard_proxy_touch,False,-3.257399999999998,0.38262599999999997,-0.03196248,0.19326743999999998,-3.671988479999998,-227.99423306895346,2,True
BTCUSDT,long,eeb8fafbc778bf4f782a90747ae149c93fb61d1e4938007cf48ab7dbbe17eac1,BTCUSDT|long|high_volume,1747866960000,1747974240000,2025-05-21T22:36:00+00:00,2025-05-23T04:24:00+00:00,109010.6,110515.8,0.0017000000000000001,185.31802000000002,37.063604000000005,5,106085.2,110704.0,5.718287416000005,3.603107809184773,exchange_guard_proxy_touch,False,2.558839999999995,0.4478338560000001,-0.14822201721640002,0.222381624,1.9627841267835953,105.91436962166955,2,True
ETHUSDT,long,1082d0e770044fa7a70c9812ebbe46aa491a01a412ba4aed7336852e8958bb9d,ETHUSDT|long|high_volume,1748082960000,1748121660000,2025-05-24T10:36:00+00:00,2025-05-24T21:21:00+00:00,2571.48,2537.89,0.12,308.5776,61.715520000000005,5,2534.0899999999997,2542.22,5.738581439999979,7.490947100977732,exchange_guard_proxy_touch,False,-4.030800000000017,0.73574928,-0.012959597952000001,0.3702931199999999,-4.779508877952018,-154.88839364723873,2,True
BTCUSDT,long,58aa66b29f5b720f051d7417059880b267a98d62ec9194990a33845589c40f77,BTCUSDT|long|high_volume,1748082960000,1748125380000,2025-05-24T10:36:00+00:00,2025-05-24T22:23:00+00:00,108696.70000000001,108311.20000000001,0.0036000000000000003,391.3081200000001,78.26162400000001,5,107519.9,108495.7,5.827826016000022,6.438699808795411,exchange_guard_proxy_touch,False,-1.3878000000000001,0.9374741280000002,-0.0614421991224,0.469569744,-2.3867163271224,-60.99327371796935,2,True
ETHUSDT,long,1a9fb8b162c33f9ad1e02bd5ceb0866b171dbbd4aa4fd7b729ce974cd1c52031,ETHUSDT|long|high_volume,1748197860000,1748267640000,2025-05-25T18:31:00+00:00,2025-05-26T13:54:00+00:00,2523.29,2548.12,0.15,378.4935,75.6987,5,2496.99,2552.4599999999996,5.4853853999999584,2.7596657022676063,exchange_guard_proxy_touch,False,3.724499999999989,0.9128537999999998,-0.06522182234999999,0.45419219999999993,2.7464243776499893,72.56199585065502,2,True
BTCUSDT,long,d72425123576f42a7d0ab25c30da73e97155ce3b51488180928666fb71d028ec,BTCUSDT|long|high_volume,1748221260000,1748276460000,2025-05-26T01:01:00+00:00,2025-05-26T16:21:00+00:00,109773.90000000001,109226.70000000001,0.0018000000000000002,197.59302000000002,39.518604,5,107118.7,109412.79999999999,5.575414464000016,2.309844401523825,exchange_guard_proxy_touch,False,-0.9849599999999948,0.47304129600000006,-0.0783417248064,0.23711162400000002,-1.5363430208063948,-77.75289940942218,2,True
ETHUSDT,long,65e279b7269367d1c2aa219377d74b65bf53c13c830cf66af9c59f395b5adcca,ETHUSDT|long|high_volume,1748365860000,1748397540000,2025-05-27T17:11:00+00:00,2025-05-28T01:59:00+00:00,2689.2200000000003,2627.93,0.08,215.13760000000002,43.02752,5,2632.41,2632.41,5.413646400000033,4.151710779308183,exchange_guard_proxy_touch,False,-4.903200000000034,0.5104464,-0.04255728,0.25816512,-5.4562036800000335,-253.61460200355648,2,True
ETHUSDT,long,1d7f23198320d3f9ae042ee489d9e0ca9b68dce78a91941df0aed6d3f204c138,ETHUSDT|long|confirmed_volume,1748430360000,1748441820000,2025-05-28T11:06:00+00:00,2025-05-28T14:17:00+00:00,2648.73,2617.89,0.15,397.3095,79.4619,5,2622.35,2622.35,5.573991600000022,1.663640539551151,exchange_guard_proxy_touch,False,-4.626000000000022,0.9479915999999999,0.0,0.47677139999999996,-5.573991600000022,-140.2934387423412,2,True
ETHUSDT,long,0a193f38f05bbc3dec987d3349468f866a33315c780b3f79ae22b19964678d66,ETHUSDT|long|high_volume,1748469360000,1748519100000,2025-05-28T21:56:00+00:00,2025-05-29T11:45:00+00:00,2652.19,2705.38,0.11,291.7409,58.34818,5,2611.99,2709.99,5.60578436000001,4.2622987084733355,exchange_guard_proxy_touch,False,5.850900000000006,0.7071992399999999,-0.11902880000000002,0.35008908,5.024671960000007,172.2306320437075,2,True
BTCUSDT,long,a30814dd5f1f8e840f08ebc9534e921fc9ea45763ebb56a121152ce8ab8f6b7b,BTCUSDT|long|confirmed_volume,1748502960000,1748526540000,2025-05-29T07:16:00+00:00,2025-05-29T13:49:00+00:00,108129.1,107255.20000000001,0.0051,551.4584100000001,110.29168200000001,5,107437.9,107437.9,5.775041915999971,1.6389120847437717,exchange_guard_proxy_touch,False,-4.45688999999997,1.3181519160000001,-0.030930956748000005,0.661750092,-5.8059728727479705,-105.28396643271739,2,True
ETHUSDT,long,414cd88e05ae7bee6b8a8523ff0912860031684c427f717a5306fd150412b2f9,ETHUSDT|long|high_volume,1748696460000,1748736720000,2025-05-31T13:01:00+00:00,2025-06-01T00:12:00+00:00,2539.81,2516.75,0.12,304.7772,60.955439999999996,5,2506.2599999999998,2521.04,5.264419199999964,4.416962217496483,exchange_guard_proxy_touch,False,-2.767199999999993,0.7281446399999998,-0.062271829799999984,0.36573263999999994,-3.5576164697999926,-116.72843210712588,2,True
BTCUSDT,long,109438da818f858e95bdc9211c46e98b8d27c5a044ed955cc45d5ad0ae38bb65,BTCUSDT|long|confirmed_volume,1748696460000,1748741700000,2025-05-31T13:01:00+00:00,2025-06-01T01:35:00+00:00,104126.0,104037.70000000001,0.0043,447.7418,89.54836,5,103249.79999999999,104214.9,5.59189303199995,1.558955077343767,exchange_guard_proxy_touch,False,-0.37968999999994996,1.074124692,-0.0395045669026,0.53729016,-1.49331925890255,-33.352241378905205,2,True
BTCUSDT,long,a7085560693f54d1b03dd8cb711315aad9362a5a71302ff41804c65f2eea92f9,BTCUSDT|long|high_volume,1748752560000,1748758800000,2025-06-01T04:36:00+00:00,2025-06-01T06:20:00+00:00,104751.6,104037.70000000001,0.0058000000000000005,607.5592800000001,121.51185600000001,5,104214.9,104214.9,5.593793527999966,3.029748583931725,exchange_guard_proxy_touch,False,-4.140619999999966,1.453173528,0.0,0.7290711360000001,-5.593793527999966,-92.06992160501548,2,True
BTCUSDT,long,276f16767de09d643ca89ddb8f43e5f43f90effbce976f1f7dc110e99a878a74,BTCUSDT|long|confirmed_volume,1748768460000,1748768940000,2025-06-01T09:01:00+00:00,2025-06-01T09:09:00+00:00,104565.6,103960.8,0.006500000000000001,679.6764000000001,135.93528,5,104137.9,104137.9,5.55770592000002,1.8559426905730938,exchange_guard_proxy_touch,False,-3.931200000000019,1.6265059200000003,0.0,0.8156116800000001,-5.55770592000002,-81.76988225573258,2,True
ETHUSDT,long,8b9eb4b1507f67a37a9f0277a6c9055aa16fcc0764661fdad677d7c5c3744eb5,ETHUSDT|long|high_volume,1748815560000,1748834220000,2025-06-01T22:06:00+00:00,2025-06-02T03:17:00+00:00,2544.9,2487.31,0.08,203.592,40.7184,5,2491.5499999999997,2491.5499999999997,5.090292160000011,3.1006495566445835,exchange_guard_proxy_touch,False,-4.607200000000012,0.48309216,-0.006440149664,0.2443104,-5.096732309664012,-250.3405001013798,2,True
ETHUSDT,long,dfbc19e9a574889921d911b5a12c9933d3e1afea3491a9195f6cd298a9712139,ETHUSDT|long|high_volume,1748847960000,1748854320000,2025-06-02T07:06:00+00:00,2025-06-02T08:52:00+00:00,2506.69,2487.31,0.21,526.4049,105.28098,5,2491.5499999999997,2491.5499999999997,5.328288000000023,2.3247096910759426,exchange_guard_proxy_touch,False,-4.069800000000023,1.2584879999999998,-0.05659978220399999,0.6316858799999999,-5.384887782204022,-102.29554820261023,2,True
BTCUSDT,long,a69bd55e93027a59904ee02699b3ff457abcac0fbd9a4eb648ad9dc85e0430a0,BTCUSDT|long|high_volume,1748794260000,1748857500000,2025-06-01T16:11:00+00:00,2025-06-02T09:45:00+00:00,105343.40000000001,104342.20000000001,0.0026000000000000003,273.89284000000004,54.77856800000001,5,103708.5,104519.9,5.361071560000008,11.26851857713515,exchange_guard_proxy_touch,False,-2.6031199999999926,0.6542190720000001,-0.0288761291468,0.32867140800000005,-3.2862152011467924,-119.98178561903232,2,True
BTCUSDT,long,98657320e0aec634d99034d0855ad2bcaa92a0fa1cb702f1a13cbe549aa8ec1e,BTCUSDT|long|high_volume,1748901960000,1748938200000,2025-06-02T22:06:00+00:00,2025-06-03T08:10:00+00:00,105230.3,104883.70000000001,0.0032,336.73696,67.347392,5,103984.09999999999,105062.4,5.356304384,3.961501594625905,exchange_guard_proxy_touch,False,-1.1091199999999721,0.80683776,-0.0747101659136,0.40408435200000004,-1.990667925913572,-59.11640723707822,2,True
ETHUSDT,long,8b933141da3148e608ed65113fa27d71f503c08afc890bd1b9f940069e34c1e2,ETHUSDT|long|high_volume,1748901960000,1748982600000,2025-06-02T22:06:00+00:00,2025-06-03T20:30:00+00:00,2569.01,2597.32,0.09,231.2109,46.242180000000005,5,2522.87,2601.75,5.088159720000026,9.059760288943306,exchange_guard_proxy_touch,False,2.547899999999995,0.55796364,-0.06927444261,0.27745308,1.9206619173899948,83.06969599573354,2,True
BTCUSDT,long,8748b73d5a09db898234874225b371f2b8a43b9b3d7a118fa4cef5b90c9957e8,BTCUSDT|long|confirmed_volume,1748978760000,1748997060000,2025-06-03T19:26:00+00:00,2025-06-04T00:31:00+00:00,106420.8,105021.40000000001,0.0028,297.97824,59.595648000000004,5,104969.29999999999,105200.29999999999,5.273670976,1.5731063942771089,exchange_guard_proxy_touch,False,-3.9183199999999836,0.710445792,3.24416708e-05,0.35757388799999995,-4.628733350329183,-155.33796529334433,2,True
BTCUSDT,long,4fd08c9e0dc240bf2cd2ad43b0a5ebb927dbecd55d988ee5c98c05d9bfb03a29,BTCUSDT|long|high_volume,1749003060000,1749018660000,2025-06-04T02:11:00+00:00,2025-06-04T06:31:00+00:00,105952.3,105021.40000000001,0.0045000000000000005,476.78535000000005,95.35707000000001,5,105200.29999999999,105200.29999999999,5.328307979999974,2.737827026602224,exchange_guard_proxy_touch,False,-4.189049999999974,1.1392579800000002,0.0,0.57214242,-5.328307979999974,-111.75485949809435,2,True
BTCUSDT,long,9fe26355d6ff2b9b41fafa5a8a213bdd4f4deb4ebe8a020aa070e0f1cf2da8cf,BTCUSDT|long|high_volume,1749030360000,1749036840000,2025-06-04T09:46:00+00:00,2025-06-04T11:34:00+00:00,105855.40000000001,105021.0,0.0048000000000000004,508.1059200000001,101.62118400000001,5,105199.9,105199.9,5.219768064000043,5.163875912361984,exchange_guard_proxy_touch,False,-4.005120000000042,1.2146480640000001,0.0,0.6097271040000001,-5.219768064000043,-102.72992024969994,2,True
BTCUSDT,long,db6048d910ea7cde6fbd4bf21796b05bf620268e69e001bd0d432d975dc10dcb,BTCUSDT|long|confirmed_volume,1749083760000,1749105300000,2025-06-05T00:36:00+00:00,2025-06-05T06:35:00+00:00,105011.90000000001,104172.5,0.0047,493.55593000000005,98.71118600000001,5,104349.9,104349.9,5.124980016000041,1.902539647064864,exchange_guard_proxy_touch,False,-3.945180000000041,1.1798000160000002,0.0,0.592267116,-5.124980016000041,-103.8378774215121,2,True
ETHUSDT,long,cdb0c111b8949ad47794557c85d74d1afe8d9be1930104452b94f78f474c7377,ETHUSDT|long|high_volume,1749006960000,1749111600000,2025-06-04T03:16:00+00:00,2025-06-05T08:20:00+00:00,2634.9700000000003,2592.52,0.08,210.79760000000002,42.15952,5,2582.3999999999996,2596.9399999999996,5.0580451200000205,4.812917894726554,exchange_guard_proxy_touch,False,-3.396000000000022,0.5018390399999999,-0.111005307104,0.25295712000000004,-4.008844347104022,-190.17504692197738,2,True
ETHUSDT,long,dc03098dbd98e43ec349fbb495e1e7def99564259c737d23b9f9f95b937550f5,ETHUSDT|long|confirmed_volume,1749118260000,1749119880000,2025-06-05T10:11:00+00:00,2025-06-05T10:38:00+00:00,2616.05,2592.52,0.17,444.72850000000005,88.94570000000002,5,2596.9399999999996,2596.9399999999996,5.062648280000034,1.9353600189347815,exchange_guard_proxy_touch,False,-4.000100000000034,1.06254828,0.0,0.5336742000000001,-5.062648280000034,-113.83683033581237,2,True
ETHUSDT,long,b7aabc83b483a33ef38faf83946e50a4f30b82c20707a521d56ce48b9d372bce,ETHUSDT|long|high_volume,1749125460000,1749131220000,2025-06-05T12:11:00+00:00,2025-06-05T13:47:00+00:00,2618.76,2592.52,0.15,392.814,78.56280000000001,5,2596.9399999999996,2596.9399999999996,4.874030400000035,3.892651058198775,exchange_guard_proxy_touch,False,-3.9360000000000355,0.9380304,0.0,0.4713768,-4.874030400000035,-124.07985458766834,2,True
ETHUSDT,long,d3dcb15542c76d4f11f40c522fc9a2afb7ca72f00b7b55900e6fc81ada1aa324,ETHUSDT|long|high_volume,1749242760000,1749248280000,2025-06-06T20:46:00+00:00,2025-06-06T22:18:00+00:00,2506.51,2477.98,0.14,350.91140000000007,70.18228000000002,5,2482.2,2482.2,4.831594320000028,2.875996243087502,exchange_guard_proxy_touch,False,-3.994200000000028,0.8373943199999999,0.0,0.42109368,-4.831594320000028,-137.68701501290718,2,True
ETHUSDT,long,6a6b738baa533c04e7408fcddae23ddb1aec3c7930a16cba4682ee5a352c9145,ETHUSDT|long|high_volume,1749295560000,1749374820000,2025-06-07T11:26:00+00:00,2025-06-08T09:27:00+00:00,2501.5,2501.34,0.15,375.22499999999997,75.04499999999999,5,2480.24,2505.6,4.717953600000002,5.928940361064842,exchange_guard_proxy_touch,False,-0.02399999999997817,0.9005111999999998,-0.19852408986,0.45026999999999995,-1.123035289859978,-29.929649939635638,2,True
ETHUSDT,long,c5e408c83bcb6ecdd1486ef2079b0ea3339592750e02fabaed365a440d390d57,ETHUSDT|long|high_volume,1749486060000,1749631140000,2025-06-09T16:21:00+00:00,2025-06-11T08:39:00+00:00,2555.32,2766.41,0.08,204.42560000000003,40.88512000000001,5,2507.97,2771.1299999999997,4.615265919999992,7.329494500584315,exchange_guard_proxy_touch,False,16.887199999999975,0.5108860799999999,-0.21910784000000005,0.24531071999999998,16.157206079999977,790.3709750637872,2,True
ETHUSDT,long,00f265b00d0f84261c5f514c5bca26e851eb5611c50edb080b9059cc02f9e96e,ETHUSDT|long|high_volume,1749710460000,1749713820000,2025-06-12T06:41:00+00:00,2025-06-12T07:37:00+00:00,2778.7200000000003,2748.31,0.13,361.2336,72.24672000000001,5,2753.0,2753.0,4.81551668000004,3.140714042857464,exchange_guard_proxy_touch,False,-3.9533000000000404,0.8622166800000001,0.0,0.43348032000000003,-4.815516680000041,-133.30755167847178,2,True
ETHUSDT,long,5508f887fd54b29e2fd17752184b991617681f7c122e3a031a71529b4f9086f0,ETHUSDT|long|high_volume,1749816060000,1749824640000,2025-06-13T12:01:00+00:00,2025-06-13T14:24:00+00:00,2548.1,2501.08,0.09,229.32899999999998,45.86579999999999,5,2505.3399999999997,2505.3399999999997,4.777111439999998,3.067286837817632,exchange_guard_proxy_touch,False,-4.231799999999998,0.54531144,0.0,0.27519479999999996,-4.777111439999998,-208.30821396334517,2,True
ETHUSDT,long,2a2289d7af85951584bc511854f5f8e9060e7fbb6f4ca0e041a7f74f72edec80,ETHUSDT|long|high_volume,1749831360000,1749881940000,2025-06-13T16:16:00+00:00,2025-06-14T06:19:00+00:00,2581.69,2541.4900000000002,0.05,129.08450000000002,25.816900000000004,5,2505.3399999999997,2545.8199999999997,4.335466200000006,3.252557412700881,exchange_guard_proxy_touch,False,-2.009999999999991,0.3073908,-0.011787073200000001,0.1549014,-2.3291778731999906,-180.438230244529,2,True
ETHUSDT,long,ab4e571a73892b8d8286fad56926f7f95775294496675f9365c18331aa37f59c,ETHUSDT|long|high_volume,1749962460000,1749972720000,2025-06-15T04:41:00+00:00,2025-06-15T07:32:00+00:00,2538.86,2519.4700000000003,0.19,482.38340000000005,96.47668000000002,5,2523.77,2523.77,4.837399239999976,2.9718009379411994,exchange_guard_proxy_touch,False,-3.684099999999976,1.15329924,0.0,0.57886008,-4.837399239999976,-100.2812128278041,2,True
ETHUSDT,long,c2b9482af2d49305c8c2e80e2516d942112c5847ec73364cd47cc57a0e044f72,ETHUSDT|long|high_volume,1750051260000,1750113600000,2025-06-16T05:21:00+00:00,2025-06-16T22:40:00+00:00,2583.28,2587.2000000000003,0.06,154.9968,30.999360000000003,5,2513.37,2591.6099999999997,4.818050640000003,2.561027257436895,exchange_guard_proxy_touch,False,0.23520000000000435,0.37227456000000003,-0.041070418559999995,0.18599616,-0.17814497855999567,-11.493461707596264,2,True
ETHUSDT,long,be48daa0a12247f88f8d9508c1d31751d806eb0e732d8b789f9d83e34f996994,ETHUSDT|long|high_volume,1750169760000,1750172160000,2025-06-17T14:16:00+00:00,2025-06-17T14:56:00+00:00,2566.8,2536.32,0.13,333.684,66.7368,5,2540.64,2540.64,4.758486720000003,3.137693017022979,exchange_guard_proxy_touch,False,-3.9624000000000024,0.79608672,0.0,0.40042079999999997,-4.758486720000002,-142.60458158017772,2,True
ETHUSDT,long,ed3d649a0058692e42abfe00d0bd8065989b20c6319b6cd4bba7f11667e01b69,ETHUSDT|long|confirmed_volume,1750221960000,1750242120000,2025-06-18T04:46:00+00:00,2025-06-18T10:22:00+00:00,2543.01,2512.11,0.07,178.01070000000004,35.602140000000006,5,2490.99,2516.39,4.360699840000016,1.9659014951785585,exchange_guard_proxy_touch,False,-2.1630000000000065,0.4246300800000001,-0.024043966884,0.21361284000000003,-2.6116740468840063,-146.7144417096279,2,True
ETHUSDT,long,ff074ed257e9b6f10d30c046f707b7aec590a0af82ba0211ea83ba424a4b7258,ETHUSDT|long|high_volume,1750309860000,1750344300000,2025-06-19T05:11:00+00:00,2025-06-19T14:45:00+00:00,2529.58,2501.25,0.14,354.1412,70.82824000000001,5,2505.5099999999998,2505.5099999999998,4.811379439999991,2.83757244202739,exchange_guard_proxy_touch,False,-3.9661999999999904,0.84517944,-0.033786662224,0.42496944000000003,-4.845166102223991,-136.81452771448198,2,True
ETHUSDT,long,c7cb285c929ba2e7a235661f72739687e878d93f65495a89c4bcf8c3b115a9a2,ETHUSDT|long|confirmed_volume,1750403760000,1750431000000,2025-06-20T07:16:00+00:00,2025-06-20T14:50:00+00:00,2531.06,2498.17,0.12,303.7272,60.745439999999995,5,2502.43,2502.43,4.671009119999984,1.7664013845361186,exchange_guard_proxy_touch,False,-3.9467999999999845,0.7242091199999999,-0.05482344431999999,0.36447263999999996,-4.725832564319985,-155.59464428342227,2,True
ETHUSDT,long,dc34263986b55e6b730976ea2b84063ff2a8be4eacd19ecaead3bf2e5c3272d4,ETHUSDT|long|high_volume,1750493160000,1750536240000,2025-06-21T08:06:00+00:00,2025-06-21T20:04:00+00:00,2433.46,2375.94,0.07,170.34220000000002,34.06844,5,2379.99,2379.99,4.430389599999999,4.124919663980513,exchange_guard_proxy_touch,False,-4.026399999999999,0.40398959999999995,-0.016993824344000003,0.20441064,-4.447383424343999,-261.0852404362512,2,True
ETHUSDT,long,40243f5a430f6ed27721a5201ce218d434b840a06237e7b35a3f1e0c26e185a0,ETHUSDT|long|confirmed_volume,1750539360000,1750541040000,2025-06-21T20:56:00+00:00,2025-06-21T21:24:00+00:00,2408.92,2375.94,0.12,289.0704,57.814080000000004,5,2379.99,2379.99,4.646619840000002,1.5367700895932466,exchange_guard_proxy_touch,False,-3.957600000000002,0.68901984,0.0,0.34688448,-4.646619840000002,-160.7435365225911,2,True
ETHUSDT,short,f3a06624eb16b4ab3966bda8cfcbb3bfa1f069c592aab862f348a21a6045165f,ETHUSDT|short|high_volume,1750764060000,1750773900000,2025-06-24T11:21:00+00:00,2025-06-24T14:05:00+00:00,2393.9900000000002,2438.25,0.09,215.4591,43.09182,5,2434.11,2434.11,4.5052819199999785,2.4471049108882426,exchange_guard_proxy_touch,False,-3.9833999999999787,0.5218819199999999,0.0,0.25855091999999996,-4.5052819199999785,-209.1014916520109,2,True
ETHUSDT,short,a20f8e96d719c628a00b17661bfb4a455d14846af08ec8c2420b67ace7547c28,ETHUSDT|short|high_volume,1750829160000,1750885320000,2025-06-25T05:26:00+00:00,2025-06-25T21:02:00+00:00,2423.01,2450.04,0.08,193.84080000000003,38.76816000000001,5,2467.8500000000004,2445.88,4.393125759999997,2.9813992010532506,exchange_guard_proxy_touch,False,-2.16239999999998,0.4678128,0.0022028065280000004,0.23260896,-2.62800999347198,-135.57568857908035,2,True
ETHUSDT,short,819d52126fd56ba33df8f8d97380c62fc1643a8226e1c8623d1926011927aec3,ETHUSDT|short|high_volume,1750889160000,1750901520000,2025-06-25T22:06:00+00:00,2025-06-26T01:32:00+00:00,2414.38,2450.04,0.11,265.5818,53.11636,5,2445.88,2445.88,4.564703439999985,2.2799236981334268,exchange_guard_proxy_touch,False,-3.922599999999984,0.64210344,0.007330885056,0.31869816,-4.557372554943984,-171.5995808050094,2,True
ETHUSDT,short,ff8557d19984a3a141005715b45fb590c0fc3e04d189b7dd9a5eb38eb5a01a13,ETHUSDT|short|high_volume,1750940760000,1751008620000,2025-06-26T12:26:00+00:00,2025-06-27T07:17:00+00:00,2430.7000000000003,2456.5,0.05,121.53500000000003,24.307000000000006,5,2499.86,2452.3300000000004,3.966588599999993,4.467814345502643,exchange_guard_proxy_touch,False,-1.2899999999999865,0.29323200000000005,0.001559260805,0.145842,-1.5816727391949865,-130.14133699716018,2,True
ETHUSDT,short,333e9e724f722eacc78e7132936d9703f827599d47d3422acd890fe74c3fd8d6,ETHUSDT|short|confirmed_volume,1751066760000,1751097360000,2025-06-27T23:26:00+00:00,2025-06-28T07:56:00+00:00,2413.15,2433.14,0.1,241.31500000000003,48.263000000000005,5,2448.7000000000003,2429.01,4.5559223999999805,1.8308758732515689,exchange_guard_proxy_touch,False,-1.9989999999999783,0.5815548,0.020432582520000003,0.289578,-2.5601222174799787,-106.09047168555533,2,True
ETHUSDT,short,de673f3e1d638367fcf35c021bee94eb569db19d5771cbf344d17563ed68b6c9,ETHUSDT|short|confirmed_volume,1751230860000,1751234520000,2025-06-29T21:01:00+00:00,2025-06-29T22:02:00+00:00,2427.05,2445.88,0.18,436.869,87.3738,5,2441.7200000000003,2441.7200000000003,4.441952879999986,1.6599867748010615,exchange_guard_proxy_touch,False,-3.389399999999987,1.05255288,0.0,0.5242427999999999,-4.441952879999986,-101.67699882573463,2,True
ETHUSDT,short,b5f58f29b4e314138b5dc72eff51217ee7a8eeca082c2856f40f77965a08cd34,ETHUSDT|short|confirmed_volume,1751329860000,1751431080000,2025-07-01T00:31:00+00:00,2025-07-02T04:38:00+00:00,2473.65,2437.39,0.07,173.15550000000002,34.6311,5,2521.6000000000004,2433.25,4.076761359999985,1.9431552284774036,exchange_guard_proxy_touch,False,2.5382000000000153,0.41252736,0.0010958659040000004,0.20778660000000002,2.1267685059040153,122.82419593394465,2,True
ETHUSDT,short,65b8139687e94f26ec0a502de8e5d19cec2cce081b3de5dfa75a5a832925c40d,ETHUSDT|short|high_volume,1751546460000,1751549820000,2025-07-03T12:41:00+00:00,2025-07-03T13:37:00+00:00,2571.77,2620.46,0.08,205.7416,41.14832,5,2616.01,2616.01,4.393654080000005,14.101888439579907,exchange_guard_proxy_touch,False,-3.8952000000000044,0.4984540799999999,0.0,0.24688991999999998,-4.393654080000005,-213.5520516998023,2,True
ETHUSDT,short,6ab503577c1ba00f0d0839cd74c73532c0347e456c4570ed23572bbe1494f844,ETHUSDT|short|confirmed_volume,1751555460000,1751684520000,2025-07-03T15:11:00+00:00,2025-07-05T03:02:00+00:00,2575.7000000000003,2523.9,0.08,206.05600000000004,41.211200000000005,5,2616.01,2519.61,4.079631359999981,1.8115075389525421,exchange_guard_proxy_touch,False,4.144000000000014,0.4895616,0.033461003312000005,0.24726720000000002,3.6878994033120143,178.97558932096197,2,True
ETHUSDT,short,68f724c4dfeae1fecc47deea98ae425980d193ef48435349529c610c7b066b79,ETHUSDT|short|confirmed_volume,1751707260000,1751708880000,2025-07-05T09:21:00+00:00,2025-07-05T09:48:00+00:00,2504.78,2523.9,0.18,450.8604,90.17208000000001,5,2519.61,2519.61,4.5277948799999805,1.7305456607358862,exchange_guard_proxy_touch,False,-3.4415999999999802,1.08619488,0.0,0.54103248,-4.5277948799999805,-100.42565015689956,2,True
ETHUSDT,short,117ca8583c0df5ce60fa64baff4f79b1135aa1ca7dd4f27c652e092c1e1e3383,ETHUSDT|short|high_volume,1751730660000,1751782620000,2025-07-05T15:51:00+00:00,2025-07-06T06:17:00+00:00,2502.02,2524.12,0.13,325.2626,65.05252,5,2524.7400000000002,2519.8300000000004,4.2974453599999975,8.116921819007358,exchange_guard_proxy_touch,False,-2.8729999999999882,0.7840778399999999,0.030842813573000002,0.39031511999999996,-3.626235026426988,-111.48638135546442,2,True
ETHUSDT,short,fa9f774ad49b3950b475e8570ce040b0b8d1b022a2da5708bc70aeedad7ad461,ETHUSDT|short|high_volume,1751789160000,1751805480000,2025-07-06T08:06:00+00:00,2025-07-06T12:38:00+00:00,2511.32,2524.12,0.23,577.6036,115.52072000000001,5,2519.8300000000004,2519.8300000000004,4.333781439999938,3.1804163262759664,exchange_guard_proxy_touch,False,-2.9439999999999373,1.3897814400000001,0.0,0.69312432,-4.333781439999937,-75.03037446442399,2,True
ETHUSDT,short,48a79cba702083b29566ca79b6a4a36a4df0c78d8944270fecd03e099c8f192f,ETHUSDT|short|high_volume,1751881860000,1751954700000,2025-07-07T09:51:00+00:00,2025-07-08T06:05:00+00:00,2564.12,2558.18,0.12,307.6944,61.53887999999999,5,2589.8900000000003,2553.8300000000004,4.364412480000034,3.744035904292926,exchange_guard_proxy_touch,False,0.7128000000000065,0.7376111999999998,0.004842365663999999,0.36923327999999994,-0.019968834335993262,-0.6489827028374018,2,True
ETHUSDT,short,0154b68dd0bc45e3af420982b659bf09f815dbe7b401402104ae6d4a38c9d968,ETHUSDT|short|high_volume,1752033660000,1752039480000,2025-07-09T04:01:00+00:00,2025-07-09T05:38:00+00:00,2587.4,2630.48,0.08,206.99200000000002,41.3984,5,2626.01,2626.01,3.9473164799999947,2.9372794194206233,exchange_guard_proxy_touch,False,-3.4463999999999944,0.50091648,0.0,0.24839039999999998,-3.9473164799999942,-190.69898740047896,2,True
BTCUSDT,long,e23c0fa0c4b40eef9df73b2ddf1614cced72e89ec73497a159b7652c6aaa2dea,BTCUSDT|long|high_volume,1752128760000,1752144180000,2025-07-10T06:26:00+00:00,2025-07-10T10:43:00+00:00,111414.1,110705.5,0.004200000000000001,467.9392200000001,93.58784400000002,5,110834.5,110894.09999999999,4.345202904000025,2.8864258294224148,exchange_guard_proxy_touch,False,-2.9761200000000247,1.1194827840000001,-0.0796017585384,0.5615270640000001,-4.175204542538426,-89.22536013413078,2,True
BTCUSDT,long,4f66d0e62e6e138e7893e56133127547aceac7794b0425097fddbaf55bd7f0bb,BTCUSDT|long|high_volume,1752206460000,1752323820000,2025-07-11T04:01:00+00:00,2025-07-12T12:37:00+00:00,116903.40000000001,117255.1,0.0019,222.11646000000002,44.423292000000004,5,115186.59999999999,117454.79999999999,4.162848547999994,2.9582676617003036,exchange_guard_proxy_touch,False,0.6682299999999944,0.53388138,-0.17845658800000003,0.26653975199999996,-0.04410796800000555,-1.985803663537837,2,True
BTCUSDT,long,74f9c6f48ffff8a97b30de0e2a08cf13a3f2ecc2b5fda6bc0a51673d0dc34608,BTCUSDT|long|high_volume,1752370860000,1752444600000,2025-07-13T01:41:00+00:00,2025-07-13T22:10:00+00:00,117630.40000000001,118124.1,0.0037,435.23248000000007,87.04649600000002,5,116959.9,118325.29999999999,4.257477816000032,2.4879227823019763,exchange_guard_proxy_touch,False,1.8266899999999893,1.04674998,-0.17505484400000004,0.522278976,0.6048851759999893,13.897978753791287,2,True
BTCUSDT,long,d2c8d96bef26cfdd637c76ac5955cc06805fb06e6e097cfa9aae397c6a5c2c3d,BTCUSDT|long|high_volume,1752450660000,1752540000000,2025-07-13T23:51:00+00:00,2025-07-15T00:40:00+00:00,119103.3,119301.70000000001,0.0034000000000000002,404.95122000000003,80.990244,5,118325.29999999999,119504.9,4.297167791999991,2.5296595430892954,exchange_guard_proxy_touch,False,0.6745600000000297,0.9726923999999999,-0.3116088680244,0.485941464,-0.6097412680243702,-15.057153501707445,2,True
BTCUSDT,long,90b99685e37a733b3ea3099d5ea05e2df4f862ed3aa9133360c357598808ea4e,BTCUSDT|long|high_volume,1752582960000,1752583080000,2025-07-15T12:36:00+00:00,2025-07-15T12:38:00+00:00,117585.20000000001,116663.6,0.0036000000000000003,423.3067200000001,84.66134400000001,5,116862.29999999999,116862.29999999999,4.329714816000021,6.701201346220997,exchange_guard_proxy_touch,False,-3.317760000000021,1.0119548160000003,0.0,0.507968064,-4.329714816000021,-102.28315808452132,2,True
BTCUSDT,long,a178e45792c104ee5c21c825aa82d1d3c5dc6da1fc3b6938575484ce74ecb4cc,BTCUSDT|long|high_volume,1752585060000,1752590520000,2025-07-15T13:11:00+00:00,2025-07-15T14:42:00+00:00,118015.1,116663.6,0.0026000000000000003,306.83926,61.367852000000006,5,116862.29999999999,116862.29999999999,4.246097544,4.311142322097379,exchange_guard_proxy_touch,False,-3.5139000000000005,0.7321975440000001,0.0,0.36820711200000006,-4.246097544,-138.38182063142767,2,True
BTCUSDT,long,e94c2e7a8e472312f06110ef6f525986c85a16bf9687537c4e75e6c7e51e8e5d,BTCUSDT|long|high_volume,1752627060000,1752706020000,2025-07-16T00:51:00+00:00,2025-07-16T22:47:00+00:00,118350.90000000001,118577.90000000001,0.0015,177.52635,35.50527,5,116049.9,118779.9,4.1690163000000044,4.8377512908143885,exchange_guard_proxy_touch,False,0.3405,0.42647184,-0.07117113,0.21303162000000003,-0.15714296999999997,-8.851811012844006,2,True
BTCUSDT,long,dc331e7f621b940cf1ceeab79ab3006b086c8887db4919c4b8aacf0299c620e9,BTCUSDT|long|high_volume,1752760560000,1752823500000,2025-07-17T13:56:00+00:00,2025-07-18T07:25:00+00:00,118483.90000000001,119522.8,0.0038,450.23882000000003,90.047764,5,117810.29999999999,119726.4,4.397408184000033,2.751387642206418,exchange_guard_proxy_touch,False,3.947819999999978,1.0853105520000002,-0.18091914,0.540286584,2.681590307999978,59.559286957974386,2,True
ETHUSDT,long,0b0f8e931eeb42e029c622ab36bc19e353ef8a54d77c3edc85650575a0e6e706,ETHUSDT|long|high_volume,1752582960000,1752848700000,2025-07-15T12:36:00+00:00,2025-07-18T14:25:00+00:00,3008.2400000000002,3583.88,0.06,180.4944,36.09888,5,2957.99,3589.99,3.746006400000012,15.059544219788945,exchange_guard_proxy_touch,False,34.53839999999999,0.47463264000000005,-0.35883972000000003,0.21659327999999997,33.70492763999999,1867.3669454564788,2,True
ETHUSDT,long,f977d9eab16e74d6a90f5c86a69410a7d9404ce7fa550e4c7d00e0aa1b0d498b,ETHUSDT|long|high_volume,1752892860000,1752923700000,2025-07-19T02:41:00+00:00,2025-07-19T11:15:00+00:00,3564.75,3539.7400000000002,0.06,213.885,42.777,5,3504.89,3545.77,4.457784959999983,2.157687754078679,exchange_guard_proxy_touch,False,-1.5005999999999857,0.5115232799999999,-0.04284648,0.25666199999999995,-2.054969759999986,-96.07825513710573,2,True
ETHUSDT,long,8cfeb30a598feb51c885067f2760600bd0dd07edb61ec9122b163d0df8847fcd,ETHUSDT|long|high_volume,1752924660000,1752926820000,2025-07-19T11:31:00+00:00,2025-07-19T12:07:00+00:00,3578.01,3539.7400000000002,0.09,322.0209,64.40418,5,3545.77,3545.77,4.213016999999998,6.127655530932899,exchange_guard_proxy_touch,False,-3.4442999999999984,0.768717,0.0,0.3864250799999999,-4.213016999999998,-130.83054547080636,2,True
BTCUSDT,long,3a55c4199bda43d8fb328b680219035ffe3c52189cfa9295a742f06a6d5cb182,BTCUSDT|long|high_volume,1752921960000,1752934440000,2025-07-19T10:46:00+00:00,2025-07-19T14:14:00+00:00,118603.0,117812.40000000001,0.004200000000000001,498.1326000000001,99.62652000000001,5,118013.09999999999,118013.09999999999,4.512053615999964,4.885500174276752,exchange_guard_proxy_touch,False,-3.3205199999999637,1.1915336160000003,0.0,0.5977591200000001,-4.512053615999964,-90.57936814414401,2,True
BTCUSDT,long,b87f8ac3c0edb3ba5312a7863f2ab8e2493e9573af3f9570f00e95a6117d788f,BTCUSDT|long|confirmed_volume,1752996360000,1753012860000,2025-07-20T07:26:00+00:00,2025-07-20T12:01:00+00:00,118112.70000000001,117536.0,0.0051,602.3747700000001,120.47495400000003,5,117714.09999999999,117736.2,4.495914792000016,1.7573973986816995,exchange_guard_proxy_touch,False,-2.9411700000000596,1.442170044,-0.12034398600000003,0.722849724,-4.503684030000059,-74.76548245870354,2,True
BTCUSDT,long,12ffa5f9880fe7ceb26a437156c7f8e509944377106fd1b722cb6d4b079b21d6,BTCUSDT|long|high_volume,1753016160000,1753041840000,2025-07-20T12:56:00+00:00,2025-07-20T20:04:00+00:00,118279.0,117712.20000000001,0.0043,508.5997,101.71994,5,117736.2,117912.7,4.411705400000001,2.0287012221778715,exchange_guard_proxy_touch,False,-2.43723999999995,1.2177145919999999,-0.102055684,0.6103196399999999,-3.7570102759999497,-73.86969115396549,2,True
ETHUSDT,long,b09a3d5856497229e0d7948d651e21ba78a0142a7f03db866be0333d5b7c600c,ETHUSDT|long|high_volume,1752973860000,1753114500000,2025-07-20T01:11:00+00:00,2025-07-21T16:15:00+00:00,3621.0,3767.2000000000003,0.04,144.84,28.968,5,3536.0699999999997,3773.62,3.981250399999993,5.8693494790077825,exchange_guard_proxy_touch,False,5.848000000000011,0.35463360000000005,-0.15043432,0.17380799999999996,5.342932080000011,368.8851201325608,2,True
ETHUSDT,long,e1baf3cdb1feaca160af075acdfd95b290988f045cf5753dda002f46b5f935f2,ETHUSDT|long|high_volume,1753210560000,1753213260000,2025-07-22T18:56:00+00:00,2025-07-22T19:41:00+00:00,3725.01,3673.73,0.07,260.75070000000005,52.15014000000001,5,3679.99,3679.99,4.211094160000014,3.4141470428366087,exchange_guard_proxy_touch,False,-3.5896000000000146,0.62149416,0.0,0.31290084,-4.211094160000014,-161.49886309030094,2,True
ETHUSDT,long,a0b69fbaea3d5760436d593c19d440ba89e5bbdc2c3c0326aea0a5eb21d07430,ETHUSDT|long|high_volume,1753221960000,1753248540000,2025-07-22T22:06:00+00:00,2025-07-23T05:29:00+00:00,3725.36,3705.67,0.05,186.26800000000003,37.253600000000006,5,3654.5299999999997,3711.99,4.29492020000001,2.388359102158522,exchange_guard_proxy_touch,False,-0.9845000000000028,0.4458618000000001,-0.037460200000000006,0.2235216,-1.4678220000000028,-78.80161917237542,2,True
BTCUSDT,long,5f0c12ad27a18215b40c87cc80ddd64ec4f92d06f069a04905771f306bd80ee8,BTCUSDT|long|confirmed_volume,1753180860000,1753251180000,2025-07-22T10:41:00+00:00,2025-07-23T06:13:00+00:00,118901.8,118320.40000000001,0.0015,178.3527,35.67054,5,116484.09999999999,118521.9,4.347038040000005,1.6291185591560553,exchange_guard_proxy_touch,False,-0.8720999999999913,0.42699995999999996,-0.07166805000000001,0.21402323999999998,-1.3707680099999913,-76.85714934508933,2,True
BTCUSDT,long,d3cb8672054478cda98d3d34ed5672d76b7dda0fa62c827b0b7f1ad72ad24bc5,BTCUSDT|long|high_volume,1753315260000,1753340460000,2025-07-24T00:01:00+00:00,2025-07-24T07:01:00+00:00,118862.20000000001,117119.40000000001,0.0021000000000000003,249.61062000000007,49.92212400000001,5,117318.9,117318.9,4.254553632000007,7.073959374572007,exchange_guard_proxy_touch,False,-3.6598800000000065,0.5946736320000001,0.0,0.299532744,-4.254553632000007,-170.44762085843965,2,True
BTCUSDT,long,74a1faa9304ffb565cbcbe69d0f190a61a839977bd2f561c27ac5b773eeffc59,BTCUSDT|long|high_volume,1753341360000,1753366140000,2025-07-24T07:16:00+00:00,2025-07-24T14:09:00+00:00,118171.1,117722.40000000001,0.0032,378.14752000000004,75.62950400000001,5,117318.9,117922.9,4.268955519999991,2.7087159781922163,exchange_guard_proxy_touch,False,-1.4358399999999907,0.9058310399999999,-0.075755584,0.45377702400000003,-2.4174266239999906,-63.92813640560146,2,True
BTCUSDT,long,d5329e7d6d852a1380eb8b502cc4e272fdc19b9c29166ea37d9cda68a00e7057,BTCUSDT|long|confirmed_volume,1753368660000,1753402800000,2025-07-24T14:51:00+00:00,2025-07-25T00:20:00+00:00,119053.20000000001,117722.40000000001,0.0026000000000000003,309.53832000000006,61.90766400000001,5,117922.9,117922.9,4.1988198720000085,1.6132406303869,exchange_guard_proxy_touch,False,-3.460080000000008,0.7387398720000001,-0.12343162000000002,0.37144598400000006,-4.322251492000008,-139.63542517126822,2,True
ETHUSDT,long,e36354d08fc945db50e86159130e24ef4dcdb0203f6335de1a5c6dc2e411efbc,ETHUSDT|long|high_volume,1753475460000,1753529400000,2025-07-25T20:31:00+00:00,2025-07-26T11:30:00+00:00,3665.23,3722.9700000000003,0.05,183.2615,36.652300000000004,5,3599.99,3729.31,4.003546000000006,2.0205742536848015,exchange_guard_proxy_touch,False,2.887000000000012,0.443292,-0.0746522,0.21991380000000002,2.369055800000012,129.2718765261668,2,True
BTCUSDT,long,fc50fdf34b18c0d4c88fdce97e3121017c1ecb71dc279e19dd85df9ceaec6556,BTCUSDT|long|high_volume,1753472460000,1753574700000,2025-07-25T19:41:00+00:00,2025-07-27T00:05:00+00:00,117074.40000000001,117645.6,0.0015,175.6116,35.12232,5,114846.0,117846.0,4.052655179999996,2.498921954945151,exchange_guard_proxy_touch,False,0.8567999999999957,0.422496,-0.14126154000000002,0.21073392000000002,0.2930424599999957,16.686964870201948,2,True
BTCUSDT,long,8c7e7e12e63e6d2ce86ed2ac717600502d0b2d07e7bff418daf143cd984dce23,BTCUSDT|long|confirmed_volume,1753578960000,1753606920000,2025-07-27T01:16:00+00:00,2025-07-27T09:02:00+00:00,118304.1,117645.6,0.0045000000000000005,532.36845,106.47369,5,117846.0,117846.0,4.23737838,1.5633792483630162,exchange_guard_proxy_touch,False,-2.9632500000000004,1.27412838,-0.10627515000000003,0.6388421400000001,-4.343653530000001,-81.59111476271744,2,True
BTCUSDT,long,7e69a9866449bde223299ed66c8437c34724f0620f3180151a3f8aea7ef46629,BTCUSDT|long|confirmed_volume,1753625460000,1753686420000,2025-07-27T14:11:00+00:00,2025-07-28T07:07:00+00:00,118471.1,118747.5,0.0037,438.34307000000007,87.66861400000002,5,117822.09999999999,118949.79999999999,4.1906624760000115,1.916217369109307,exchange_guard_proxy_touch,False,1.0226799999999785,1.053250584,-0.176123256,0.5260116840000001,-0.20669384000002144,-4.715344079695875,2,True
ETHUSDT,long,68561bfd9404b81190199340188e485b80b7fd24f852e88abe17b49e7c8e3485,ETHUSDT|long|confirmed_volume,1753592160000,1753709100000,2025-07-27T04:56:00+00:00,2025-07-28T13:25:00+00:00,3794.6,3835.14,0.05,189.73000000000002,37.946000000000005,5,3728.35,3841.68,4.080496599999985,1.7145243007355029,exchange_guard_proxy_touch,False,2.0269999999999984,0.4577844,-0.14925425350000002,0.227676,1.4199613464999983,74.84116093922934,2,True
BTCUSDT,long,e14ed67c82f8bdcc88076d6a70737f3b943678a85a878f3a08f0d6ff6e9cb0b8,BTCUSDT|long|confirmed_volume,1753768260000,1753797960000,2025-07-29T05:51:00+00:00,2025-07-29T14:06:00+00:00,118945.0,117918.1,0.0021000000000000003,249.78450000000004,49.956900000000005,5,117406.2,118119.0,4.245742031999988,1.5043954574193863,exchange_guard_proxy_touch,False,-2.1564899999999882,0.596895012,-0.049919604000000006,0.2997414,-2.803304615999988,-112.22892597418927,2,True
ETHUSDT,long,c997107dceddd0611ecf638fd4b20a7e97cc449effa406fdd783b835e949140b,ETHUSDT|long|high_volume,1753840260000,1753867860000,2025-07-30T01:51:00+00:00,2025-07-30T09:31:00+00:00,3812.28,3778.65,0.04,152.49120000000002,30.498240000000003,5,3739.99,3785.0899999999997,3.508203680000004,3.5985602149199907,exchange_guard_proxy_touch,False,-1.3452000000000044,0.36436464,-0.015489405567999999,0.18298944,-1.7250540455680043,-113.12482592884075,2,True
BTCUSDT,long,8bf007745c19522e0c302284895abf9ccca17c23633792cf43f1a89c48bfe8b7,BTCUSDT|long|high_volume,1753841760000,1753876140000,2025-07-30T02:16:00+00:00,2025-07-30T11:49:00+00:00,118279.3,117416.0,0.0031000000000000003,366.66583,73.333166,5,117387.9,117616.0,4.258039472,2.561806741947581,exchange_guard_proxy_touch,False,-2.676230000000009,0.8767865159999999,-0.07321158400000001,0.43999899600000003,-3.6262281000000094,-98.89735566578454,2,True
BTCUSDT,long,f3b39c44c7af1af4290678489cf21b447dd6327865c20c960b289d5b972d1467,BTCUSDT|long|high_volume,1753966560000,1753967640000,2025-07-31T12:56:00+00:00,2025-07-31T13:14:00+00:00,118752.0,118037.5,0.004200000000000001,498.75840000000005,99.75168000000001,5,118238.59999999999,118238.59999999999,4.1943190800000005,3.0023206933812365,exchange_guard_proxy_touch,False,-3.0009000000000006,1.19341908,0.0,0.59851008,-4.1943190800000005,-84.09520681756939,2,True
ETHUSDT,long,043b17649ce168fdd5c0f5f6978ce9ae53d0bd1bd83a6f721c3133cea8d98a67,ETHUSDT|long|high_volume,1754134260000,1754145420000,2025-08-02T11:31:00+00:00,2025-08-02T14:37:00+00:00,3517.32,3466.09,0.05,175.866,35.1732,5,3453.1299999999997,3472.0,3.9213742000000082,5.692098800894792,exchange_guard_proxy_touch,False,-2.561500000000001,0.4190046,0.0,0.2110392,-2.980504600000001,-169.47588504884405,2,True
ETHUSDT,long,67e1bc9332f757cfdedfa43b1a22f3532f2c0e0eb87795148df4fc283178832b,ETHUSDT|long|high_volume,1754249160000,1754364000000,2025-08-03T19:26:00+00:00,2025-08-05T03:20:00+00:00,3509.71,3652.66,0.05,175.4855,35.0971,5,3452.7799999999997,3658.89,3.5573972000000094,5.3748626232060905,exchange_guard_proxy_touch,False,7.147499999999991,0.42974219999999996,-0.023674443769999998,0.2105826,6.694083356229991,381.4607677688465,2,True
ETHUSDT,long,f1e4f71d21261d500dbfb79c75b3af1d4d7ffb75ecf1717ed97ea1ea46ef64e7,ETHUSDT|long|high_volume,1754373960000,1754376120000,2025-08-05T06:06:00+00:00,2025-08-05T06:42:00+00:00,3677.83,3652.66,0.12,441.33959999999996,88.26791999999999,5,3658.89,3658.89,4.075990560000008,3.2132928277057333,exchange_guard_proxy_touch,False,-3.0204000000000084,1.05559056,0.0,0.5296075199999999,-4.075990560000008,-92.35497018622414,2,True
ETHUSDT,long,e0016ce4c88de303037b14eb9137fbfa1f25f2f0d5814c3e6bc0e80b301d5e93,ETHUSDT|long|high_volume,1754435160000,1754482320000,2025-08-05T23:06:00+00:00,2025-08-06T12:12:00+00:00,3612.34,3601.85,0.06,216.7404,43.348079999999996,5,3557.99,3607.99,4.139828160000006,4.2745555532264845,exchange_guard_proxy_touch,False,-0.6294000000000142,0.51942168,-0.046255423764,0.26008847999999996,-1.1950771037640142,-55.13864068553968,2,True
ETHUSDT,long,26b6e5817c8d593c3f6308f27ec7e46c64a1b888336328847712475fde79166d,ETHUSDT|long|high_volume,1754492460000,1754535240000,2025-08-06T15:01:00+00:00,2025-08-07T02:54:00+00:00,3640.6800000000003,3641.9700000000003,0.08,291.25440000000003,58.25088000000001,5,3607.99,3648.18,3.80168288000003,3.3160130045688754,exchange_guard_proxy_touch,False,0.10319999999999709,0.6991343999999999,-0.073279790448,0.34950528,-0.6692141904480029,-22.976964140215664,2,True
ETHUSDT,long,0512d797402bf958b3730d7c3cadf934da23cca996a46779c657f26e8272754a,ETHUSDT|long|high_volume,1754544360000,1754794860000,2025-08-07T05:26:00+00:00,2025-08-10T03:01:00+00:00,3679.75,4231.52,0.08,294.38,58.876,5,3648.18,4238.73,3.7252851199999792,4.995439355195083,exchange_guard_proxy_touch,False,44.14160000000003,0.7594819199999999,-0.5050156860160001,0.35325599999999996,42.87710239398403,1456.5222635363825,2,True
ETHUSDT,long,d4d47ec7771684e1ef52dfce9ccad9b6dc0ffe619de3b9c5f08b6f07403c7e7d,ETHUSDT|long|high_volume,1754871660000,1754912940000,2025-08-11T00:21:00+00:00,2025-08-11T11:49:00+00:00,4263.56,4176.92,0.04,170.54240000000001,34.10848,5,4184.04,4184.04,3.870743040000013,2.4918956072414664,exchange_guard_proxy_touch,False,-3.465600000000013,0.40514303999999995,-0.031975189776,0.20465088,-3.902718229776013,-228.84152150878683,2,True
ETHUSDT,long,26210fb748d3f3dcb41db6859790731c87bd6bb613073b746b8c1a455441325f,ETHUSDT|long|high_volume,1754958060000,1754997060000,2025-08-12T00:21:00+00:00,2025-08-12T11:11:00+00:00,4247.28,4258.7300000000005,0.05,212.364,42.4728,5,4185.59,4265.99,3.946044999999975,4.510569565228554,exchange_guard_proxy_touch,False,0.5725000000000364,0.5103606,-0.0431423,0.2548368,0.01899710000003637,0.8945536908344338,2,True
BTCUSDT,long,f6497b4fcd472b9b0053e5a18ddf5dc775c93064d3c91df2f572f831c772751f,BTCUSDT|long|high_volume,1755130260000,1755168120000,2025-08-14T00:11:00+00:00,2025-08-14T10:42:00+00:00,123989.8,121112.1,0.001,123.9898,24.79796,5,120066.0,121318.4,4.420621919999999,2.9662393203351045,exchange_guard_proxy_touch,False,-2.8776999999999973,0.29412228,-0.024348460000000002,0.14878776,-3.1961707399999972,-257.77690906832635,2,True
ETHUSDT,long,1d5dd4c589d028bdc2df3eb94f36d1f2040373fe9f1221c003d3c2acff43205c,ETHUSDT|long|high_volume,1755001860000,1755168120000,2025-08-12T12:31:00+00:00,2025-08-14T10:42:00+00:00,4353.06,4708.97,0.04,174.12240000000003,34.82448000000001,5,4265.99,4716.99,4.186565919999997,4.266006573056931,exchange_guard_proxy_touch,False,14.236399999999994,0.43497744,-0.22277376000000004,0.20894688,13.578648799999993,779.8335423816804,2,True
BTCUSDT,long,8e74fd02ec1b2f8fa0f7a8fe757859a5f798a32fdaf4b9e8a6738b4ce9460fa8,BTCUSDT|long|confirmed_volume,1755256260000,1755261000000,2025-08-15T11:11:00+00:00,2025-08-15T12:30:00+00:00,119178.70000000001,118348.3,0.0019,226.43953000000002,45.28790600000001,5,117254.9,118549.9,4.572693976000022,1.6986123102719068,exchange_guard_proxy_touch,False,-1.5777600000000165,0.54156156,0.0,0.271727436,-2.1193215600000164,-93.59326792455434,2,True
BTCUSDT,long,b22d0732ed9613a1fe729e5fb6ccbcc8bf6f4b1f0a970769f83c997495a64281,BTCUSDT|long|confirmed_volume,1755305460000,1755326160000,2025-08-16T00:51:00+00:00,2025-08-16T06:36:00+00:00,117875.1,117137.6,0.0034000000000000002,400.77534,80.155068,5,117003.9,117337.09999999999,4.59617439999999,1.7243940188763502,exchange_guard_proxy_touch,False,-2.5075000000000003,0.9588518160000001,0.0,0.48093040800000003,-3.4663518160000004,-86.49114528852999,2,True
BTCUSDT,long,92e856e9b39eb5c9c53c6af66870e0c3f556021c743be4513820eb7a247c2c2f,BTCUSDT|long|confirmed_volume,1755330060000,1755338340000,2025-08-16T07:41:00+00:00,2025-08-16T09:59:00+00:00,117812.0,117137.6,0.0047,553.7164,110.74328,5,117337.09999999999,117337.09999999999,4.494795743999973,1.9474369258717077,exchange_guard_proxy_touch,False,-3.169679999999973,1.3251157439999999,-0.0913589196,0.6644596799999999,-4.586154663599973,-82.82497436593846,2,True
BTCUSDT,long,fd61df4555c05ac8c9dc6e455398308248d7feaed93e4fa32fb87bb78919f382,BTCUSDT|long|confirmed_volume,1755394860000,1755447180000,2025-08-17T01:41:00+00:00,2025-08-17T16:13:00+00:00,117592.8,117809.20000000001,0.0048000000000000004,564.4454400000001,112.88908800000002,5,117137.29999999999,118009.9,4.493457983999986,1.5570700631162453,exchange_guard_proxy_touch,False,1.038720000000042,1.3559155200000002,-0.07411945363200001,0.677334528,-0.3913149736319581,-6.932733368028591,2,True
ETHUSDT,long,bfdc427231fafbb8ea58f303cb2b29e7a60a7b8c4b410d9f3608857e1d8ec1b7,ETHUSDT|long|high_volume,1755399360000,1755448200000,2025-08-17T02:56:00+00:00,2025-08-17T16:30:00+00:00,4433.89,4508.31,0.08,354.7112,70.94224,5,4399.99,4515.99,4.157734400000009,2.6683947719631624,exchange_guard_proxy_touch,False,5.953600000000006,0.8584512,-0.036527188896000005,0.42565344,5.058621611104006,142.61240161303073,2,True
BTCUSDT,long,57c4728665b148d3caf279a0361174b0731d2f920781291f26ea929873c12322,BTCUSDT|long|confirmed_volume,1755552060000,1755562980000,2025-08-18T21:21:00+00:00,2025-08-19T00:23:00+00:00,116760.3,115732.70000000001,0.0018000000000000002,210.16854000000004,42.033708000000004,5,114769.09999999999,115929.79999999999,4.43520187199999,1.6239412490565583,exchange_guard_proxy_touch,False,-1.8496799999999844,0.50218488,-0.029851284715200002,0.252202248,-2.3817161647151845,-113.32410477396779,2,True
ETHUSDT,long,17cca5bb8d6dd8ce5f5f30f322703a45fdb8e5c89374e5f904c851dbde5af14c,ETHUSDT|long|high_volume,1755565260000,1755567000000,2025-08-19T01:01:00+00:00,2025-08-19T01:30:00+00:00,4349.06,4307.1,0.08,347.92480000000006,69.58496000000001,5,4314.44,4314.44,4.187791360000003,2.0170869353369305,exchange_guard_proxy_touch,False,-3.356800000000003,0.8309913599999998,0.0,0.41750976,-4.187791360000003,-120.36484205782405,2,True
BTCUSDT,long,62c9d37c2535f220ea91e0b757e9e1f9edebdd431694b90f37cb20aa0bb70bbf,BTCUSDT|long|confirmed_volume,1755565560000,1755567180000,2025-08-19T01:06:00+00:00,2025-08-19T01:33:00+00:00,116865.90000000001,115732.70000000001,0.0032,373.97088,74.79417600000001,5,115929.79999999999,115929.79999999999,4.519418623999991,1.8696679121618447,exchange_guard_proxy_touch,False,-3.626239999999991,0.8931786240000001,0.0,0.44876505600000005,-4.519418623999991,-120.84947961723627,2,True
BTCUSDT,long,7ab104c9061d31e8d8693f7e2161d20f9b7d732347c827ba52b5c0fe956575ad,BTCUSDT|long|confirmed_volume,1755610260000,1755612960000,2025-08-19T13:31:00+00:00,2025-08-19T14:16:00+00:00,116008.8,114410.0,0.0023,266.82024,53.364048000000004,5,114604.9,114604.9,4.313195888000006,1.712152930940782,exchange_guard_proxy_touch,False,-3.6772400000000065,0.6359558879999999,0.0,0.320184288,-4.313195888000006,-161.65175055685452,2,True
ETHUSDT,long,2ffd50b7333ddcbe9f905def9172209e971d1818f06be3686dbb5cc16816cfef,ETHUSDT|long|high_volume,1755602760000,1755613680000,2025-08-19T11:26:00+00:00,2025-08-19T14:28:00+00:00,4312.32,4216.9,0.04,172.4928,34.49856,5,4224.09,4224.09,4.226202560000003,2.2028974907499452,exchange_guard_proxy_touch,False,-3.816800000000003,0.4094025599999999,0.0,0.20699135999999996,-4.226202560000003,-245.0074762540815,2,True
BTCUSDT,long,4818a566e3c157f640095beed130fe5acf9e62c12379dc94efd31bc97605346a,BTCUSDT|long|confirmed_volume,1755703260000,1755705180000,2025-08-20T15:21:00+00:00,2025-08-20T15:53:00+00:00,114374.20000000001,113143.90000000001,0.0029000000000000002,331.68518000000006,66.33703600000001,5,113336.59999999999,113336.59999999999,4.359632988000008,1.791469874717264,exchange_guard_proxy_touch,False,-3.5678700000000085,0.7917629880000001,0.0,0.39802221600000004,-4.359632988000008,-131.43888394410652,2,True
ETHUSDT,long,64d117dd66c9c9eb3a44587b61ff55753905822d7d37614d839e806290cbd95f,ETHUSDT|long|high_volume,1755711960000,1755760860000,2025-08-20T17:46:00+00:00,2025-08-21T07:21:00+00:00,4365.32,4268.36,0.01,43.6532,8.73064,5,4104.32,4275.63,2.7813519199999956,2.882321146442965,exchange_guard_proxy_touch,False,-0.9696000000000004,0.10360415999999999,-0.0054025208,0.052383839999999994,-1.0786066808000003,-247.08536391375668,2,True
BTCUSDT,long,dff6fcdbc7c5dd940f1c9d00ac037679ac8257c893a4dd9a9235ce112489ea19,BTCUSDT|long|confirmed_volume,1755723660000,1755770580000,2025-08-20T21:01:00+00:00,2025-08-21T10:03:00+00:00,114552.70000000001,113007.40000000001,0.0023,263.47121000000004,52.69424200000001,5,113199.9,113199.9,4.182255876000006,1.7148891365016408,exchange_guard_proxy_touch,False,-3.554190000000007,0.6280658760000001,-0.0466249600986,0.316165452,-4.228880836098607,-160.50637320482213,2,True
ETHUSDT,long,2dba14a257377ccbef576b28f801ab96d383087c55260576b27488df43b078aa,ETHUSDT|long|high_volume,1755828660000,1755865920000,2025-08-22T02:11:00+00:00,2025-08-22T12:32:00+00:00,4282.17,4200.35,0.04,171.2868,34.25736,5,4207.51,4207.51,3.6799609599999883,2.7113636401039938,exchange_guard_proxy_touch,False,-3.2727999999999886,0.40716096,-0.023083535999999998,0.20554416,-3.703044495999989,-216.18971782997806,2,True
ETHUSDT,long,ec646f566a403689064107ffcfc6101797f4bde165d7ae224af7a8bf5dcbdf4f,ETHUSDT|long|high_volume,1755870360000,1755911820000,2025-08-22T13:46:00+00:00,2025-08-23T01:17:00+00:00,4319.12,4787.150000000001,0.03,129.5736,25.91472,5,4207.51,4795.3099999999995,3.8698009199999857,5.264015809069435,exchange_guard_proxy_touch,False,14.040900000000018,0.32782572,-0.045603381432000004,0.15548831999999996,13.667470898568018,1054.8036713163806,2,True
BTCUSDT,long,862ec81af289903240268424f78830930bcec240bab1ee2e60f82974dbeaf326,BTCUSDT|long|high_volume,1755993660000,1756004340000,2025-08-24T00:01:00+00:00,2025-08-24T02:59:00+00:00,115533.0,114762.1,0.0041,473.68530000000004,94.73706000000001,5,114957.59999999999,114957.59999999999,4.293741891999977,3.1753890225201027,exchange_guard_proxy_touch,False,-3.1606899999999762,1.133051892,0.0,0.56842236,-4.293741891999976,-90.64545367990047,2,True
ETHUSDT,long,ca373bfc93b5814d71f5b2fef26970c37dd9436ec2304ada04679c4dc0856356,ETHUSDT|long|high_volume,1755995760000,1756022460000,2025-08-24T00:36:00+00:00,2025-08-24T08:01:00+00:00,4809.63,4744.04,0.04,192.3852,38.47704,5,4735.99,4752.12,3.7258028799999927,4.320752715319516,exchange_guard_proxy_touch,False,-2.623600000000006,0.45857615999999995,-0.03806128,0.23086224,-3.1202374400000057,-162.186979039968,2,True
ETHUSDT,long,260739b43aa10fb0ecccce41a304a9468001c06c6337c8617ed4ff882c665550,ETHUSDT|long|high_volume,1756028460000,1756030800000,2025-08-24T09:41:00+00:00,2025-08-24T10:20:00+00:00,4787.81,4744.04,0.07,335.14670000000007,67.02934000000002,5,4752.12,4752.12,3.864575400000031,2.0023603021445378,exchange_guard_proxy_touch,False,-3.063900000000031,0.8006754,0.0,0.40217604,-3.8645754000000307,-115.30996426341152,2,True
ETHUSDT,long,e7ee54eff6ceae68c84835c6f6271c136410fa2236854591eb9015216d51c376,ETHUSDT|long|high_volume,1756040760000,1756064220000,2025-08-24T13:06:00+00:00,2025-08-24T19:37:00+00:00,4769.58,4744.04,0.11,524.6538,104.93076,5,4752.12,4752.12,4.065197839999995,2.024151415120023,exchange_guard_proxy_touch,False,-2.809399999999996,1.2557978399999996,-0.10551816000000001,0.6295845599999998,-4.170715999999996,-79.49463055447222,2,True
ETHUSDT,long,5ebbacf64378732c4bc14d8cb505a549d32e59a7be7b5083058833b87791c848,ETHUSDT|long|high_volume,1756212060000,1756321560000,2025-08-26T12:41:00+00:00,2025-08-27T19:06:00+00:00,4512.1900000000005,4565.11,0.03,135.3657,27.073140000000002,5,4391.599999999999,4572.889999999999,4.1620675200000115,18.592469660861163,exchange_guard_proxy_touch,False,1.5875999999999748,0.32678279999999993,-0.018565982688000002,0.16243884,1.2422512173119749,91.77001391873826,2,True
ETHUSDT,long,80652f4fa534e40b04e59402a61b5b37ffee2b9323d843cfebca92352e3c5349,ETHUSDT|long|high_volume,1756595160000,1756670460000,2025-08-30T23:06:00+00:00,2025-08-31T20:01:00+00:00,4370.56,4440.42,0.07,305.9392000000001,61.187840000000016,5,4331.99,4447.99,3.946195120000036,4.350547267210329,exchange_guard_proxy_touch,False,4.890199999999978,0.74012232,-0.02664844161000001,0.36712704000000007,4.123429238389978,134.77936918152287,2,True
ETHUSDT,long,04cf2e699762cb25cfe9080986bc38349691897737a8f7bd7f01def0e91e4259,ETHUSDT|long|high_volume,1756676760000,1756680120000,2025-08-31T21:46:00+00:00,2025-08-31T22:42:00+00:00,4480.57,4440.42,0.08,358.44559999999996,71.68911999999999,5,4447.99,4447.99,4.068415039999971,2.0021179070441666,exchange_guard_proxy_touch,False,-3.211999999999971,0.8564150399999999,0.0,0.4301347199999999,-4.068415039999971,-113.5016035906138,2,True
BTCUSDT,short,90bf70e3af0dfa41e6d1d2cf4ea4b904b82560705304f9dbfb15c2389b237f24,BTCUSDT|short|high_volume,1756693860000,1756713240000,2025-09-01T02:31:00+00:00,2025-09-01T07:54:00+00:00,107400.40000000001,109378.1,0.0018000000000000002,193.32072000000002,38.66414400000001,5,109192.40000000001,109192.40000000001,4.028101559999995,3.6853031883858023,exchange_guard_proxy_touch,False,-3.559859999999995,0.46824156,0.0,0.23198486400000004,-4.028101559999995,-208.3636746231855,2,True
ETHUSDT,long,210858dccc18db928fd436c9b9b524d798f0d197a229f0ea00c6af2c4da4ac19,ETHUSDT|long|high_volume,1756713660000,1756741920000,2025-09-01T08:01:00+00:00,2025-09-01T15:52:00+00:00,4484.83,4349.37,0.02,89.6966,17.939320000000002,5,4356.78,4356.78,2.921220800000001,3.84922577989513,exchange_guard_proxy_touch,False,-2.709200000000001,0.21202079999999998,0.0,0.10763592,-2.921220800000001,-325.67798556467034,2,True
BTCUSDT,short,f69fae276c5b7ed4933bdfbf43c6229cabf5424b823fbfba2d1fbc683dffaa59,BTCUSDT|short|high_volume,1756746960000,1756752720000,2025-09-01T17:16:00+00:00,2025-09-01T18:52:00+00:00,108357.8,109382.3,0.0032,346.74496000000005,69.34899200000001,5,109196.6,109196.6,4.114521984,4.672843295459975,exchange_guard_proxy_touch,False,-3.2784,0.836121984,0.0,0.416093952,-4.114521984,-118.66133494773793,2,True
BTCUSDT,short,19e3c9ccd6569cda8ab6a2278e2e6a40573e46d3200b4b36c2024474121e3a0f,BTCUSDT|short|high_volume,1756759260000,1756770300000,2025-09-01T20:41:00+00:00,2025-09-01T23:45:00+00:00,108495.1,109484.6,0.0028,303.78628000000003,60.757256000000005,5,109479.3,109298.70000000001,4.010139615999983,8.645634500529333,exchange_guard_proxy_touch,False,-2.7706,0.7324117919999998,0.0,0.364543536,-3.5030117919999997,-115.31171822506268,2,True
BTCUSDT,short,406b08a9b7479f608aa78184a1977238db6ead904049443e2c1925489c6a83fc,BTCUSDT|short|confirmed_volume,1756862760000,1756897440000,2025-09-03T01:26:00+00:00,2025-09-03T11:04:00+00:00,110753.8,111677.6,0.0034000000000000002,376.56292,75.312584,5,111488.0,111488.0,4.04844011200001,1.6900150194807122,exchange_guard_proxy_touch,False,-3.14092000000001,0.9075201120000002,0.0193565147652,0.45187550400000004,-4.02908359723481,-106.99629154232206,2,True
ETHUSDT,long,542e8d20551d8f463c14c1c5d10e8bd5758863ffaaa41df484c31d8a3f273dfa,ETHUSDT|long|high_volume,1756887660000,1756953000000,2025-09-03T08:21:00+00:00,2025-09-04T02:30:00+00:00,4332.75,4429.54,0.05,216.63750000000002,43.3275,5,4280.99,4437.09,3.4683875999999985,2.783596899070671,exchange_guard_proxy_touch,False,4.839499999999998,0.5257374,-0.024489802680000002,0.25996499999999995,4.289272797319999,197.99308971530778,2,True
BTCUSDT,short,242c5d031b8b13e7800a7b95c1b66e940c5d352509963cf16d99a35f922f7541,BTCUSDT|short|high_volume,1756953060000,1757026560000,2025-09-04T02:31:00+00:00,2025-09-04T22:56:00+00:00,111192.5,111300.0,0.0041,455.88925000000006,91.17785,5,111733.0,111111.1,4.09277826,7.819582882991073,exchange_guard_proxy_touch,False,-0.44075000000000003,1.0946631,0.055485563568500006,0.5470671,-1.4799275364314999,-32.46243548036063,2,True
ETHUSDT,long,1f412a19deeea6c2ac861ed211795997350dfeb944376383802b26d4b1e5486f,ETHUSDT|long|high_volume,1757055960000,1757082720000,2025-09-05T07:06:00+00:00,2025-09-05T14:32:00+00:00,4357.9,4287.68,0.05,217.89499999999998,43.57899999999999,5,4294.99,4294.99,4.029734799999967,6.114585049284443,exchange_guard_proxy_touch,False,-3.5109999999999673,0.5187347999999999,0.007629120000000001,0.26147399999999993,-4.022105679999967,-184.58916817733166,2,True
ETHUSDT,long,a213fb0d2bd015f5d2024e49d2c3c1f809bee21bd339a2a34b4be222bf404fad,ETHUSDT|long|high_volume,1757118960000,1757154060000,2025-09-06T00:36:00+00:00,2025-09-06T10:21:00+00:00,4327.64,4281.09,0.06,259.65840000000003,51.93168000000001,5,4284.99,4288.389999999999,3.6159844800000305,2.5626596576463636,exchange_guard_proxy_touch,False,-2.793000000000011,0.61982856,-0.020462093520000002,0.31159008,-3.433290653520011,-132.22336167518597,2,True
ETHUSDT,long,6bad1b74dd0fab5617ac14ed7adb309beafe859a70695c9c2aadaeff70e11c84,ETHUSDT|long|confirmed_volume,1757160660000,1757166420000,2025-09-06T12:11:00+00:00,2025-09-06T13:47:00+00:00,4311.33,4281.09,0.09,388.0197,77.60394,5,4288.389999999999,4288.389999999999,3.6495813599999805,1.8108286510665335,exchange_guard_proxy_touch,False,-2.72159999999998,0.9279813599999999,0.0,0.46562363999999995,-3.64958135999998,-94.05659970357124,2,True
BTCUSDT,short,bf7c97e7c3769ebfb9b1d486ebc6af9b80b863ca1c877c15b74c8242886a1817,BTCUSDT|short|high_volume,1757132760000,1757167320000,2025-09-06T04:26:00+00:00,2025-09-06T14:02:00+00:00,110571.90000000001,111117.20000000001,0.0026000000000000003,287.48694000000006,57.497388000000015,5,111655.6,110928.6,4.005302287999978,2.201657740372354,exchange_guard_proxy_touch,False,-1.4177800000000078,0.6916699920000001,0.016302370084,0.34498432800000006,-2.093147621916008,-72.8084420779604,2,True
BTCUSDT,short,3ba03f889083c18309c26bd16eac1117a5e95f0ca767d3be8cd5f2ccfa4d7660,BTCUSDT|short|high_volume,1757170560000,1757230200000,2025-09-06T14:56:00+00:00,2025-09-07T07:30:00+00:00,110564.40000000001,110888.3,0.0048000000000000004,530.7091200000001,106.14182400000001,5,110928.6,110700.1,3.930326016000014,2.0054618172728405,exchange_guard_proxy_touch,False,-1.5547199999999721,1.2755675520000003,0.037474704288,0.6368509440000001,-2.7928128477119722,-52.6241728748127,2,True
ETHUSDT,long,ad5372f8ffa633936f43f052c2fcc8890e508c065af401a127bd31c93d8376e8,ETHUSDT|long|high_volume,1757196060000,1757261820000,2025-09-06T22:01:00+00:00,2025-09-07T16:17:00+00:00,4290.9,4279.22,0.07,300.363,60.0726,5,4252.46,4286.51,3.913934919999942,5.181618340226649,exchange_guard_proxy_touch,False,-0.8175999999999568,0.7198900799999999,-0.10934182732200001,0.36043559999999997,-1.6468319073219566,-54.828054964225174,2,True
BTCUSDT,short,506cedc5795846a7b1821dc0d0bf8a296595af5f26276062bc434867936c93dd,BTCUSDT|short|high_volume,1757289960000,1757298960000,2025-09-08T00:06:00+00:00,2025-09-08T02:36:00+00:00,110870.5,111514.40000000001,0.004200000000000001,465.6561000000001,93.13122000000001,5,111325.1,111325.1,3.825199896000037,2.3363826371429437,exchange_guard_proxy_touch,False,-2.704380000000037,1.1208198960000002,0.0,0.55878732,-3.8251998960000373,-82.14645735339957,2,True
ETHUSDT,long,1a3aa09959ae76eaa96acf4ea9d02c07eb6dfffc1fdbfda18c40c07c9a9b482e,ETHUSDT|long|high_volume,1757316660000,1757360040000,2025-09-08T07:31:00+00:00,2025-09-08T19:34:00+00:00,4311.68,4277.47,0.07,301.8176,60.36352000000001,5,4276.2,4284.76,3.71327124,2.9658207852925407,exchange_guard_proxy_touch,False,-2.394700000000003,0.7214886000000001,-0.06795124546,0.36218112,-3.1841398454600034,-105.49881270873544,2,True
BTCUSDT,short,1ff8d7bfb723b06621cc1a8a4356728e4302e75755f0f1d096342e013686efd4,BTCUSDT|short|high_volume,1757380860000,1757397840000,2025-09-09T01:21:00+00:00,2025-09-09T06:04:00+00:00,111173.40000000001,112651.70000000001,0.0022,244.58148000000003,48.916296,5,112460.5,112460.5,3.8431582640000066,2.4651067302925753,exchange_guard_proxy_touch,False,-3.252260000000007,0.5908982640000001,0.0,0.29349777600000004,-3.843158264000007,-157.13202258813737,2,True
BTCUSDT,short,459d8af8eec35f0a4269518796eaa2831d39ce4d089c85ccbbb7fef3f574a937,BTCUSDT|short|high_volume,1757464260000,1757485740000,2025-09-10T00:31:00+00:00,2025-09-10T06:29:00+00:00,110922.0,111882.3,0.0031000000000000003,343.8582,68.77164,5,111692.40000000001,111692.40000000001,3.805761996000009,10.38703138856135,exchange_guard_proxy_touch,False,-2.976930000000009,0.8288319959999999,0.0,0.41262983999999997,-3.805761996000009,-110.67823876237382,2,True
ETHUSDT,long,8134d69163949f27f50f6a4d052c16e332f689913af5c7c04b2897a6b69fa592,ETHUSDT|long|high_volume,1757489160000,1757532300000,2025-09-10T07:26:00+00:00,2025-09-10T19:25:00+00:00,4328.87,4298.24,0.05,216.4435,43.2887,5,4282.99,4305.5599999999995,3.174774200000004,2.2063678209538464,exchange_guard_proxy_touch,False,-1.5315000000000056,0.5176266,-0.0822049494,0.25973219999999997,-2.1313315494000054,-98.47057312416429,2,True
BTCUSDT,short,b9c64828f1478688f3a699610d33daca16d17a7257f35667f5e206f7b127f72b,BTCUSDT|short|high_volume,1757582160000,1757592720000,2025-09-11T09:16:00+00:00,2025-09-11T12:12:00+00:00,113687.6,114482.3,0.0035,397.9066,79.58132,5,114288.0,114288.0,3.7397635799999898,7.629509613307411,exchange_guard_proxy_touch,False,-2.7814499999999898,0.95831358,0.0,0.47748792,-3.7397635799999898,-93.98596504807885,2,True
ETHUSDT,long,05e4e0c7861fe3edb476d08f462b6d0757f0f0bc18f2022a78648956bfc55974,ETHUSDT|long|confirmed_volume,1757539260000,1757593800000,2025-09-10T21:21:00+00:00,2025-09-11T12:30:00+00:00,4345.9,4397.27,0.06,260.75399999999996,52.15079999999999,5,4305.5599999999995,4404.76,3.4819780799999913,1.604858992358242,exchange_guard_proxy_touch,False,3.082200000000048,0.6295082399999998,-0.060264528036000006,0.3129048,2.392427231964048,91.75035596631494,2,True
BTCUSDT,short,15a30f5d44dbaeb30734c2902bbcf7b3214cfe0758fee642157c2b7de8277592,BTCUSDT|short|high_volume,1757594160000,1757599020000,2025-09-11T12:36:00+00:00,2025-09-11T13:57:00+00:00,113693.70000000001,114614.6,0.0031000000000000003,352.45047000000005,70.49009400000001,5,114420.0,114420.0,3.704096875999982,46.16151406364365,exchange_guard_proxy_touch,False,-2.854789999999982,0.8493068760000001,0.0,0.4229405640000001,-3.704096875999982,-105.09552947964524,2,True
ETHUSDT,long,97049b5dd9cf5f1745ffb5260fe9891bbefa6b3442c87b7e98a8d43aa0d7c791,ETHUSDT|long|high_volume,1757656860000,1757678880000,2025-09-12T06:01:00+00:00,2025-09-12T12:08:00+00:00,4561.09,4494.63,0.03,136.8327,27.366539999999997,5,4486.04,4502.29,2.8058220000000085,4.4264468802065196,exchange_guard_proxy_touch,False,-1.9938000000000011,0.32600592,-0.02714634,0.16419923999999997,-2.346952260000001,-171.51983845966654,2,True
BTCUSDT,short,bc54c34489c72616771c0113f13bdc7d48b412bf80c64dc68e88f97d9762f6cd,BTCUSDT|short|high_volume,1757678760000,1757697420000,2025-09-12T12:06:00+00:00,2025-09-12T17:17:00+00:00,114584.90000000001,115809.70000000001,0.0024000000000000002,275.00376000000006,55.00075200000001,5,115613.1,115613.1,3.6030564480000074,3.35295352786784,exchange_guard_proxy_touch,False,-2.9395200000000075,0.6635364480000001,0.019029876883200004,0.330004512,-3.5840265711168073,-130.32645703159864,2,True
ETHUSDT,long,7cbed99d9a9c0dde4674e6257da62af011edd20bbbea61da9e6ea89600dbab63,ETHUSDT|long|high_volume,1757685660000,1757771400000,2025-09-12T14:01:00+00:00,2025-09-13T13:50:00+00:00,4545.9800000000005,4691.03,0.05,227.29900000000004,45.45980000000001,5,4502.29,4699.0199999999995,3.1099366000000184,6.3792667104664105,exchange_guard_proxy_touch,False,7.252499999999964,0.5542206,-0.1387354055,0.2727588,6.559543994499964,288.586575149911,2,True
BTCUSDT,short,d94153bd61bcdf3516dba30290f28f86e8c19161e9c85932fd11708fd2469168,BTCUSDT|short|high_volume,1757771460000,1757808540000,2025-09-13T13:51:00+00:00,2025-09-14T00:09:00+00:00,115503.40000000001,116143.70000000001,0.0033,381.16122,76.23224400000001,5,116126.1,115946.5,3.6246949199999903,2.135568153808233,exchange_guard_proxy_touch,False,-2.1129900000000097,0.9173225159999999,0.0432632192256,0.457393464,-2.98704929677441,-78.36708300950474,2,True
BTCUSDT,short,2c5b9303213ea42e8b9a647884f6ccc823cf8a9410c6bc6698176fbfb1f20043,BTCUSDT|short|confirmed_volume,1757812560000,1757814720000,2025-09-14T01:16:00+00:00,2025-09-14T01:52:00+00:00,115553.1,116143.70000000001,0.004200000000000001,485.3230200000001,97.06460400000002,5,115946.5,115946.5,3.648271872000025,1.9415465487658328,exchange_guard_proxy_touch,False,-2.4805200000000247,1.1677518720000002,0.0,0.582387624,-3.648271872000025,-75.1720343288069,2,True
BTCUSDT,short,6a3fca5cb85289771aa9ecf4b7a70e162053d04329b89654fb639ebf7ef09d1a,BTCUSDT|short|high_volume,1757819460000,1757841660000,2025-09-14T03:11:00+00:00,2025-09-14T09:21:00+00:00,115473.70000000001,116143.70000000001,0.0038,438.80006000000003,87.760012,5,115946.5,115946.5,3.602175344,5.338481487233756,exchange_guard_proxy_touch,False,-2.546,1.056175344,0.021024121604000003,0.526560072,-3.581151222396,-81.61236856704167,2,True
ETHUSDT,long,8e41e9f2523215cae4920b3b992e5613a028846b47b2eea8b6454dfde9104d44,ETHUSDT|long|high_volume,1757909460000,1757923260000,2025-09-15T04:11:00+00:00,2025-09-15T08:01:00+00:00,4651.01,4570.21,0.03,139.5303,27.906060000000004,5,4578.0,4578.0,2.7559639200000055,4.9970312256881035,exchange_guard_proxy_touch,False,-2.4240000000000053,0.33196392,-0.018204233291999997,0.16743635999999998,-2.7741681532920053,-198.82191561918845,2,True
ETHUSDT,long,5236ebe92772384dff348d8e2f94f0b92d01c0703b5b935dfdd245dc9568ea27,ETHUSDT|long|high_volume,1758088860000,1758103980000,2025-09-17T06:01:00+00:00,2025-09-17T10:13:00+00:00,4519.47,4482.85,0.07,316.3629,63.272580000000005,5,4490.49,4490.49,3.319594879999993,3.589750558951759,exchange_guard_proxy_touch,False,-2.5633999999999926,0.75619488,-0.034072925796,0.37963547999999997,-3.3536678057959923,-106.00698772820681,2,True
BTCUSDT,short,4dae227764db9775030925625c56ade886e16df0de96e44258e1182baa24c8c4,BTCUSDT|short|confirmed_volume,1758143160000,1758149040000,2025-09-17T21:06:00+00:00,2025-09-17T22:44:00+00:00,115080.8,116513.90000000001,0.002,230.16160000000002,46.032320000000006,5,116316.1,116316.1,3.4220272800000116,1.840370435003801,exchange_guard_proxy_touch,False,-2.8662000000000116,0.55582728,0.0,0.27619392,-3.4220272800000116,-148.67933139150975,2,True
BTCUSDT,short,118023d3e3bd043612cfad19d9c976c2df7ed2b0da8c77863d3ed89566241e15,BTCUSDT|short|confirmed_volume,1758196260000,1758201120000,2025-09-18T11:51:00+00:00,2025-09-18T13:12:00+00:00,116836.1,117465.90000000001,0.0038,443.97718000000003,88.79543600000001,5,117266.5,117266.5,3.461657120000011,1.509407097825317,exchange_guard_proxy_touch,False,-2.393240000000011,1.0684171199999999,0.0,0.5327726159999999,-3.461657120000011,-77.96925778933077,2,True
ETHUSDT,long,71ec6a6ae111f8655f09b86f3b56376f3d1028bd8910267092b470648ee1a898,ETHUSDT|long|high_volume,1758212760000,1758236580000,2025-09-18T16:26:00+00:00,2025-09-18T23:03:00+00:00,4621.83,4570.2,0.04,184.8732,36.97464,5,4555.16,4577.99,3.4169235200000028,2.1240665951031805,exchange_guard_proxy_touch,False,-2.0652000000000044,0.44121743999999996,0.0,0.22184783999999996,-2.5064174400000043,-135.5749475856968,2,True
ETHUSDT,long,3420bad7de8f973599c56e56bd9f0bdcff87a8647345b46c4774cac1e05e8fcb,ETHUSDT|long|high_volume,1758242460000,1758252480000,2025-09-19T00:41:00+00:00,2025-09-19T03:28:00+00:00,4614.81,4570.2,0.06,276.8886,55.37772,5,4577.99,4577.99,3.337920720000035,2.6950847343563487,exchange_guard_proxy_touch,False,-2.6766000000000347,0.66132072,0.0,0.33226632,-3.3379207200000347,-120.55103460380943,2,True
BTCUSDT,short,67ca7b2840dd21f263e9966f9ec04d8de418ee9456a9e3f3311c3fe9e46e5652,BTCUSDT|short|high_volume,1758254760000,1758353040000,2025-09-19T04:06:00+00:00,2025-09-20T07:24:00+00:00,116523.1,115866.8,0.0025,291.30775,58.26155,5,117406.90000000001,115670.1,3.4108887999999853,7.3475478688802776,exchange_guard_proxy_touch,False,1.6407500000000073,0.6971697,0.03225861097,0.3495693,0.9758389109700073,33.49855645687447,2,True
BTCUSDT,short,b922b709c45d856793c3a4c6f686762fe2856161fcebe7811076f936a3bf7999,BTCUSDT|short|high_volume,1758361260000,1758362640000,2025-09-20T09:41:00+00:00,2025-09-20T10:04:00+00:00,115416.3,115866.8,0.0046,530.91498,106.182996,5,115670.1,115670.1,3.3489827119999998,2.5132391183759872,exchange_guard_proxy_touch,False,-2.0723,1.276682712,0.0,0.637097976,-3.3489827119999998,-63.07945411523328,2,True
ETHUSDT,long,69073fd558b0f65e8bf10c39c2faa6f510ac1b794bbb14aca09d66ea180b500d,ETHUSDT|long|high_volume,1758343260000,1758421260000,2025-09-20T04:41:00+00:00,2025-09-21T02:21:00+00:00,4479.0,4459.66,0.06,268.74,53.748000000000005,5,4443.26,4467.26,3.239858400000011,2.700896101274973,exchange_guard_proxy_touch,False,-1.1604000000000088,0.6435835199999999,-0.014623848912,0.32248799999999994,-1.8186073689120086,-67.67162941549485,2,True
BTCUSDT,short,d3bcc237119fb2a994a1bf36f727517cc7d5da088d618de8afdd030cbae065a7,BTCUSDT|short|high_volume,1758414660000,1758434460000,2025-09-21T00:31:00+00:00,2025-09-21T06:01:00+00:00,115339.3,115858.90000000001,0.0033,380.61969,76.123938,5,115887.70000000001,115662.20000000001,3.376589436,3.748292083657938,exchange_guard_proxy_touch,False,-1.7146800000000193,0.915544872,0.0,0.456743628,-2.6302248720000194,-69.10375214692702,2,True
BTCUSDT,short,7e570fcb39e606569688ee5464772826ce883e198bb1020be2f52d6fc8ba9ad7,BTCUSDT|short|high_volume,1758446460000,1758449160000,2025-09-21T09:21:00+00:00,2025-09-21T10:06:00+00:00,115253.8,115858.90000000001,0.0037,426.43906000000004,85.287812,5,115662.20000000001,115662.20000000001,3.2650103880000216,3.320612395222422,exchange_guard_proxy_touch,False,-2.2388700000000217,1.026140388,0.0,0.511726872,-3.2650103880000216,-76.56452455363777,2,True
BTCUSDT,short,c854c162d3d355268b2084e6bdcf4d18031012f9c0edcdd0ffc4f96f3103267c,BTCUSDT|short|high_volume,1758471660000,1758609240000,2025-09-21T16:21:00+00:00,2025-09-23T06:34:00+00:00,115143.0,113134.6,0.0031000000000000003,356.9433,71.38866,5,115704.0,112942.5,3.2083525640000365,2.1888845705402256,exchange_guard_proxy_touch,False,6.2260399999999825,0.849192672,0.071439445719,0.42833196,5.448286773718983,152.6373172915413,2,True
BTCUSDT,short,fd93a31dd62496a6942cb78f27db022faf27cbd9530c27b0fbe9c187e0385bfd,BTCUSDT|short|high_volume,1758625860000,1758627660000,2025-09-23T11:11:00+00:00,2025-09-23T11:41:00+00:00,112506.0,113134.6,0.0037,416.2722,83.25444,5,112942.5,112942.5,3.327664264000022,3.395746679787958,exchange_guard_proxy_touch,False,-2.3258200000000215,1.001844264,0.0,0.49952663999999997,-3.3276642640000214,-79.93962277567469,2,True
BTCUSDT,short,1ceedf47217bef1036d77c9df7672d52201c6dcac6e4a1e168bd10c52403dcfb,BTCUSDT|short|high_volume,1758686760000,1758692820000,2025-09-24T04:06:00+00:00,2025-09-24T05:47:00+00:00,111361.3,112657.90000000001,0.0021000000000000003,233.85873000000004,46.77174600000001,5,112466.70000000001,112466.70000000001,3.2873883840000127,2.1260539338180946,exchange_guard_proxy_touch,False,-2.7228600000000127,0.564528384,0.0,0.280630476,-3.2873883840000127,-140.57154864391902,2,True
BTCUSDT,short,63003ff90925830a6d2d96becbdbc824936c1254fdf710e0bf20d7b20f23aef7,BTCUSDT|short|high_volume,1758764160000,1758894540000,2025-09-25T01:36:00+00:00,2025-09-26T13:49:00+00:00,112659.40000000001,109840.20000000001,0.0031000000000000003,349.2441400000001,69.84882800000001,5,113254.90000000001,109653.70000000001,3.284227667999973,2.53017270318504,exchange_guard_proxy_touch,False,8.739519999999992,0.8276985120000001,0.0644275021448,0.41909296800000007,7.976248990144791,228.38605080517,2,True
BTCUSDT,short,b6a510e0f0eab2db39d8f0c90e11090f273a73e30bcb394f0b5d6d36960caccb,BTCUSDT|short|confirmed_volume,1758984660000,1758999420000,2025-09-27T14:51:00+00:00,2025-09-27T18:57:00+00:00,109034.70000000001,109570.70000000001,0.0039000000000000003,425.2353300000001,85.04706600000002,5,109449.3,109384.70000000001,3.366106067999989,1.8619822139012403,exchange_guard_proxy_touch,False,-2.0904000000000003,1.023073272,0.033351021475200006,0.510282396,-3.0801222505248003,-72.43335709017404,2,True
BTCUSDT,short,333735ae0f11ed0efd6f71ac6235f59ff6e76ef0f1db38ac2abcf1fbd59a7c30,BTCUSDT|short|confirmed_volume,1759057860000,1759066740000,2025-09-28T11:11:00+00:00,2025-09-28T13:39:00+00:00,109111.1,109731.20000000001,0.0037,403.71107000000006,80.74221400000002,5,109544.90000000001,109544.90000000001,3.266029812000022,1.7275683055201283,exchange_guard_proxy_touch,False,-2.2943700000000216,0.971659812,0.0,0.48445328400000004,-3.2660298120000215,-80.90017972506973,2,True
ETHUSDT,short,6e7e4bce818c59056652fe74f22ea312e59ab845362e6d41e9c10aa48b002c08,ETHUSDT|short|high_volume,1759151160000,1759153380000,2025-09-29T13:06:00+00:00,2025-09-29T13:43:00+00:00,4083.51,4145.05,0.04,163.34040000000002,32.66808,5,4138.01,4138.01,2.8565708799999987,3.339445580653953,exchange_guard_proxy_touch,False,-2.4615999999999985,0.3949708800000001,0.0,0.19600847999999998,-2.8565708799999987,-174.88452826122617,2,True
ETHUSDT,short,0e0aa53215cfe93b512f52b44cbe9a4f8027f3f5a5a9834ee46b1572ad0d3467,ETHUSDT|short|high_volume,1759237860000,1759265160000,2025-09-30T13:11:00+00:00,2025-09-30T20:46:00+00:00,4149.42,4181.11,0.04,165.9768,33.19536,5,4206.18,4174.01,2.9582124800000034,2.519139204662074,exchange_guard_proxy_touch,False,-1.267599999999984,0.3998654399999999,0.000777495392,0.19917216000000001,-1.666687944607984,-100.41692240168409,2,True
ETHUSDT,short,e6ebb8f69d6df4f71ad55b01aaa09196dbeced559923b4bd12b8e22c4e00a750,ETHUSDT|short|high_volume,1759269660000,1759307280000,2025-09-30T22:01:00+00:00,2025-10-01T08:28:00+00:00,4145.91,4163.01,0.07,290.2137,58.04274,5,4174.01,4155.9400000000005,3.1634696799999875,3.0329447307955073,exchange_guard_proxy_touch,False,-1.1970000000000256,0.69794928,-0.0016652449660000002,0.34825644,-1.8966145249660256,-65.35234294473436,2,True
ETHUSDT,short,9e3720ee242b05f906aaa6a7a8a8b98461ce220d70e1eff52f724f6d7cc74865,ETHUSDT|short|high_volume,1759497060000,1759498260000,2025-10-03T13:11:00+00:00,2025-10-03T13:31:00+00:00,4456.7300000000005,4500.7300000000005,0.05,222.83650000000003,44.5673,5,4493.09,4493.09,2.7374476000000003,8.620848068732991,exchange_guard_proxy_touch,False,-2.2,0.5374476,0.0,0.2674038,-2.7374476000000003,-122.84556614378702,2,True
ETHUSDT,short,c03719ecabf509ada8867c1fac1a27098274c209b2d8adb65991c363c56d6ad3,ETHUSDT|short|high_volume,1759536360000,1759583280000,2025-10-04T00:06:00+00:00,2025-10-04T13:08:00+00:00,4501.6900000000005,4510.12,0.05,225.08450000000005,45.01690000000001,5,4544.02,4502.46,3.0462063999999747,6.26176123226532,exchange_guard_proxy_touch,False,-0.4214999999999691,0.5407086000000001,0.001629887,0.27010140000000005,-0.9605787129999692,-42.67635990039159,2,True
ETHUSDT,short,731b3b8889036e41df6a093c5612592759e42d6f6397d7de32fd3d1324ffb011,ETHUSDT|short|high_volume,1759589460000,1759631400000,2025-10-04T14:51:00+00:00,2025-10-05T02:30:00+00:00,4472.78,4500.07,0.06,268.36679999999996,53.67335999999999,5,4502.46,4492.43,2.8871688000000084,2.0866326214364683,exchange_guard_proxy_touch,False,-1.6373999999999977,0.6460451999999999,0.028327168314,0.3220401599999999,-2.2551180316859973,-84.03118536592447,2,True
ETHUSDT,short,6aeaf2625fa39acaf10d1dc9fcde9c30d4a5bc8855f2031f4283184a3149f1db,ETHUSDT|short|high_volume,1759726560000,1759731300000,2025-10-06T04:56:00+00:00,2025-10-06T06:15:00+00:00,4514.64,4559.49,0.05,225.73200000000003,45.14640000000001,5,4551.75,4551.75,2.786947799999973,2.4905428586941123,exchange_guard_proxy_touch,False,-2.2424999999999726,0.5444478,0.0,0.2708784,-2.7869477999999726,-123.46268140981216,2,True
BTCUSDT,long,fb43de5c897135e9120b1d5d6c71587f779ec9ac0c3a2ed6568bbe09db204b02,BTCUSDT|long|high_volume,1759710060000,1759800000000,2025-10-06T00:21:00+00:00,2025-10-07T01:20:00+00:00,124361.0,124251.3,0.0013000000000000002,161.66930000000002,32.33386,5,122425.59999999999,124462.9,3.1713423039999893,15.03194713281455,exchange_guard_proxy_touch,False,-0.14260999999999624,0.387835188,-0.08247611401640001,0.19400316,-0.6129213020163963,-37.912040320357434,2,True
BTCUSDT,long,73b772782906a0161110ba4e163dc2d185892ae09f2a39102f1f205a1ca2e422,BTCUSDT|long|confirmed_volume,1759942560000,1759971660000,2025-10-08T16:56:00+00:00,2025-10-09T01:01:00+00:00,123209.0,122530.90000000001,0.0015,184.8135,36.9627,5,121607.7,122739.59999999999,3.152447819999987,1.8894556991429583,exchange_guard_proxy_touch,False,-1.017149999999987,0.44233182,-0.004968931968,0.2217762,-1.4644507519679868,-79.23938196982292,2,True
BTCUSDT,long,4102e4d3965638c602515ffae9c0ed1d386f3a12dce985c7ae54ed4e3ff9acd5,BTCUSDT|long|confirmed_volume,1760075760000,1760083140000,2025-10-10T05:56:00+00:00,2025-10-10T07:59:00+00:00,121722.6,120644.40000000001,0.0022,267.78972000000005,53.557944000000006,5,120849.9,120849.9,3.0118888799999937,1.5591480506933526,exchange_guard_proxy_touch,False,-2.372039999999994,0.6398488800000001,0.0,0.321347664,-3.011888879999994,-112.47216211286953,2,True
BTCUSDT,long,85c252733f8c0d976179d073aae686efeda07805bdfa38147687de43e0fb6c0b,BTCUSDT|long|confirmed_volume,1760086860000,1760108220000,2025-10-10T09:01:00+00:00,2025-10-10T14:57:00+00:00,121774.70000000001,120644.40000000001,0.0021000000000000003,255.72687000000005,51.14537400000001,5,120849.9,120849.9,2.9845261320000067,1.8060863988056295,exchange_guard_proxy_touch,False,-2.3736300000000066,0.610896132,0.0,0.306872244,-2.9845261320000067,-116.70756897779285,2,True
ETHUSDT,short,7b7d052a22dba1de045429dcb8e256033fc9bb70a7b94a9b5f4dfba68fa60546,ETHUSDT|short|high_volume,1760189760000,1760238540000,2025-10-11T13:36:00+00:00,2025-10-12T03:09:00+00:00,3787.1,3769.21,0.03,113.613,22.7226,5,3856.01,3762.8100000000004,2.5394881200000077,5.250669614935539,exchange_guard_proxy_touch,False,0.5366999999999962,0.27202715999999993,-0.016047097014,0.13633559999999997,0.24862574298599624,21.883564643658406,2,True
BTCUSDT,long,3c3f1be8a799e523acf0ceaf5696eda903ae45597f56a67799956c49b7920591,BTCUSDT|long|high_volume,1760238660000,1760353500000,2025-10-12T03:11:00+00:00,2025-10-13T11:05:00+00:00,110936.1,114162.6,0.0016,177.49776000000003,35.49955200000001,5,109509.2,114357.09999999999,3.0038574720000093,3.082507623994253,exchange_guard_proxy_touch,False,5.1624,0.43218950399999995,0.007485253958399999,0.21299731200000002,4.7376957499584,266.91580501964637,2,True
BTCUSDT,long,6082b5b26bad002c890261dc281aeb6206445a16ad4bf48a99cd939d32246ac4,BTCUSDT|long|high_volume,1760362560000,1760365320000,2025-10-13T13:36:00+00:00,2025-10-13T14:22:00+00:00,115012.70000000001,114162.6,0.0027,310.53429000000006,62.10685800000001,5,114357.09999999999,114357.09999999999,3.037797972000016,7.702179691909472,exchange_guard_proxy_touch,False,-2.295270000000016,0.742527972,0.0,0.37264114800000003,-3.037797972000016,-97.82488020888177,2,True
ETHUSDT,short,61db718b4b95bf1f91e8538a8c023a14053262eb787d301089a90323b92fd9de,ETHUSDT|short|high_volume,1760354760000,1760375160000,2025-10-13T11:26:00+00:00,2025-10-13T17:06:00+00:00,4101.13,4187.01,0.02,82.0226,16.404519999999998,5,4196.56,4179.900000000001,2.250715919999994,3.337705018463723,exchange_guard_proxy_touch,False,-1.7176000000000022,0.19891535999999999,0.00430044138,0.09842711999999999,-1.9122149186200021,-233.1326876519401,2,True
BTCUSDT,long,3b841218bee373383e752e1942bb7ea28dbe22e5046b8479b0ecfd9af581143e,BTCUSDT|long|high_volume,1760378460000,1760409840000,2025-10-13T18:01:00+00:00,2025-10-14T02:44:00+00:00,115143.6,113527.70000000001,0.0016,184.22976000000003,36.845952000000004,5,113721.09999999999,113721.09999999999,3.0244888959999905,2.2353935144166264,exchange_guard_proxy_touch,False,-2.585439999999991,0.43904889599999997,0.007442681472000001,0.22107571199999998,-3.017046214527991,-163.7654098082737,2,True
ETHUSDT,short,df51eed81b2e7f5cca55c32bc35a7ef37ce9da4c30f16d16baf52983b45f408a,ETHUSDT|short|high_volume,1760470860000,1760495400000,2025-10-14T19:41:00+00:00,2025-10-15T02:30:00+00:00,4063.39,4150.05,0.02,81.2678,16.25356,5,4163.26,4143.0,2.3366095200000054,11.556710990398985,exchange_guard_proxy_touch,False,-1.7332000000000063,0.19712256,0.0011709490400000002,0.09752135999999999,-1.9291516109600062,-237.38203949903973,2,True
ETHUSDT,short,5f444a4ff82143ff3355b99df689d52ac22b257324129f17c0fdb960f6bd478a,ETHUSDT|short|confirmed_volume,1760499960000,1760516400000,2025-10-15T03:46:00+00:00,2025-10-15T08:20:00+00:00,4062.7200000000003,4150.05,0.03,121.8816,24.37632,5,4143.0,4143.0,2.9155597199999974,1.8341972392093977,exchange_guard_proxy_touch,False,-2.6198999999999977,0.29565971999999996,0.005262888,0.14625791999999999,-2.9102968319999976,-238.78065532451146,2,True
BTCUSDT,long,11383c7faca722a7af74fb29eb2c8266a69d6e43270c5c5fe9553bd21b775ab7,BTCUSDT|long|confirmed_volume,1760515860000,1760527080000,2025-10-15T08:11:00+00:00,2025-10-15T11:18:00+00:00,112923.6,111502.8,0.0017000000000000001,191.97012000000004,38.39402400000001,5,111692.7,111692.7,2.873189856000005,1.7416772366449267,exchange_guard_proxy_touch,False,-2.415360000000005,0.4578298560000001,0.0,0.23036414400000002,-2.873189856000005,-149.66859717543568,2,True
BTCUSDT,long,301fa26b79902f97a20ff7abb4281c8fabe1878cd89bcc2a4e650e605f4ec825,BTCUSDT|long|confirmed_volume,1760580660000,1760601600000,2025-10-16T02:11:00+00:00,2025-10-16T08:00:00+00:00,111539.20000000001,110241.90000000001,0.0019,211.92448000000002,42.384896000000005,5,110429.7,110429.7,2.9705309080000055,1.7366509504689867,exchange_guard_proxy_touch,False,-2.4648700000000057,0.5056609080000001,0.0,0.254309376,-2.970530908000006,-140.16931446522864,2,True
ETHUSDT,short,7292c59fe6fc7e825250f7250374888ce4aa007920792729de95c5ae3cb38c1d,ETHUSDT|short|high_volume,1760676660000,1760716980000,2025-10-17T04:51:00+00:00,2025-10-17T16:03:00+00:00,3911.85,3823.9,0.05,195.5925,39.1185,5,3948.07,3817.4100000000003,2.618998400000003,2.547422381094153,exchange_guard_proxy_touch,False,4.397499999999991,0.46414500000000003,0.016193524145000002,0.234711,3.949548524144991,201.92740131370024,2,True
BTCUSDT,long,f33930393689e89ce533b6c0eb46a80f745739fae8e2c3d46253a17a6d0cc69f,BTCUSDT|long|high_volume,1760735460000,1760805120000,2025-10-17T21:11:00+00:00,2025-10-18T16:32:00+00:00,107507.1,106368.70000000001,0.0008,86.00568000000001,17.201136,5,104489.4,106549.9,2.7596660479999957,2.632200954081937,exchange_guard_proxy_touch,False,-0.9107199999999954,0.20532076800000001,0.012688809216000001,0.103206816,-1.1033519587839955,-128.28826640100925,2,True
ETHUSDT,short,1613538425489f65b9186228883d14e0d9f01e8f38dd3488155f8a4f89957b42,ETHUSDT|short|high_volume,1760821860000,1760845260000,2025-10-18T21:11:00+00:00,2025-10-19T03:41:00+00:00,3861.83,3904.64,0.05,193.0915,38.6183,5,3898.01,3898.01,2.6064881999999976,4.656237489036636,exchange_guard_proxy_touch,False,-2.140499999999997,0.46598819999999996,0.012125527695000003,0.23170979999999997,-2.5943626723049973,-134.359237579334,2,True
BTCUSDT,long,46dde26ffcd2f295f1737852031060ebee6d58fffd29336fefbe57f1ca08a6e7,BTCUSDT|long|high_volume,1760862060000,1760862240000,2025-10-19T08:21:00+00:00,2025-10-19T08:24:00+00:00,107131.0,106485.40000000001,0.0032,342.8192,68.56384,5,106666.79999999999,106666.79999999999,2.8862069759999724,7.794785187918438,exchange_guard_proxy_touch,False,-2.0659199999999722,0.820286976,0.0,0.41138304,-2.886206975999972,-84.19035386582699,2,True
BTCUSDT,long,938e9bc5c70fe448d6ed9ad5a69cbf4e9cec900c32c4520f1cdd6454cf049a93,BTCUSDT|long|high_volume,1760892360000,1760976060000,2025-10-19T16:46:00+00:00,2025-10-20T16:01:00+00:00,108930.5,110334.90000000001,0.0014,152.5027,30.50054,5,107312.09999999999,110522.79999999999,2.884240967999992,9.578827312746235,exchange_guard_proxy_touch,False,1.9661600000000121,0.368365872,0.004402471220000001,0.18300324,1.602196599220012,105.06021199755887,2,True
ETHUSDT,short,752f3292fbafe9a2c453b6bba518004ff3e824883b06ca9de780e8b9946d21f7,ETHUSDT|short|high_volume,1761005160000,1761043920000,2025-10-21T00:06:00+00:00,2025-10-21T10:52:00+00:00,3960.5,3901.64,0.05,198.025,39.605000000000004,5,4001.9700000000003,3895.01,2.89215680000001,3.0579575034721205,exchange_guard_proxy_touch,False,2.9430000000000067,0.47172839999999994,9.142745500000002e-05,0.23762999999999998,2.471363027455007,124.80055687185995,2,True
ETHUSDT,short,ae7b403e4c812d0c6b9585c2fd5efcf376f6c5c2d4107dcac4f6c78909202813,ETHUSDT|short|high_volume,1761052260000,1761053880000,2025-10-21T13:11:00+00:00,2025-10-21T13:38:00+00:00,3868.42,3901.64,0.06,232.1052,46.42104,5,3895.01,3895.01,2.5526443199999878,4.352830884608238,exchange_guard_proxy_touch,False,-1.9931999999999879,0.5594443199999999,0.0,0.27852624,-2.5526443199999878,-109.97790312323842,2,True
ETHUSDT,short,a991779b01cd8d7b38539523ee979fd6db47c3b75ccd40aac641933389ce99c5,ETHUSDT|short|high_volume,1761054660000,1761055740000,2025-10-21T13:51:00+00:00,2025-10-21T14:09:00+00:00,3862.2200000000003,3901.64,0.06,231.7332,46.34664,5,3895.01,3895.01,2.924197919999977,3.331613698997896,exchange_guard_proxy_touch,False,-2.365199999999977,0.55899792,0.0,0.27807983999999997,-2.924197919999977,-126.18813014276662,2,True
BTCUSDT,long,93a6b4a0df2693ce719e37d18d2ada1fe24c002b5484ebb872954e1b4204093e,BTCUSDT|long|high_volume,1761049560000,1761116700000,2025-10-21T12:26:00+00:00,2025-10-22T07:05:00+00:00,109290.20000000001,107618.90000000001,0.0012000000000000001,131.14824000000002,26.229648000000005,5,107432.7,107802.2,2.760057888000014,10.564505902865427,exchange_guard_proxy_touch,False,-2.0055600000000036,0.31234910400000004,0.0088803976416,0.15737788800000002,-2.3090287063584034,-176.06250044670088,2,True
ETHUSDT,short,998d32c32d64afede7527a629bb5ab60f1890b1b51b9c5466cde4d22028cbe6a,ETHUSDT|short|high_volume,1761124860000,1761194400000,2025-10-22T09:21:00+00:00,2025-10-23T04:40:00+00:00,3825.06,3841.86,0.03,114.75179999999999,22.950359999999996,5,3882.94,3835.3300000000004,2.212425960000007,5.527565804365659,exchange_guard_proxy_touch,False,-0.5040000000000054,0.27600911999999994,0.00335906835,0.13770215999999996,-0.7766500516500054,-67.68086005186895,2,True
BTCUSDT,long,b07a3942fab0ffdc7ca4ae3c4f252f2b0ba0e1fd026bd94ec13476a44f112565,BTCUSDT|long|high_volume,1761238560000,1761305580000,2025-10-23T16:56:00+00:00,2025-10-24T11:33:00+00:00,110567.40000000001,110460.1,0.0012000000000000001,132.68088000000003,26.536176000000005,5,108639.29999999999,110648.29999999999,2.8507516800000037,6.051825980240241,exchange_guard_proxy_touch,False,-0.1287600000000035,0.31827960000000005,-0.0137048542344,0.15921705600000002,-0.4607444542344035,-34.72576110698116,2,True
BTCUSDT,long,b05865248081be3798b5eb23b313367da735c2f55ac0d85f77c626e5b85bef4c,BTCUSDT|long|high_volume,1761309360000,1761313140000,2025-10-24T12:36:00+00:00,2025-10-24T13:39:00+00:00,111622.3,110460.1,0.002,223.24460000000002,44.648920000000004,5,110648.29999999999,110648.29999999999,2.8573977599999942,34.41723253857314,exchange_guard_proxy_touch,False,-2.324399999999994,0.53299776,0.0,0.26789352,-2.8573977599999942,-127.99403703381824,2,True
ETHUSDT,short,6e254249bb6b8ca3b0f8add91e7a9e80378a1a8e734171d5ccf482539850d554,ETHUSDT|short|high_volume,1761351660000,1761377040000,2025-10-25T00:21:00+00:00,2025-10-25T07:24:00+00:00,3914.77,3944.7400000000002,0.06,234.8862,46.97724,5,3943.82,3938.0400000000004,2.7119016000000133,2.9326683158701323,exchange_guard_proxy_touch,False,-1.7982000000000151,0.56588472,0.0,0.2818634399999999,-2.3640847200000152,-100.64808915977248,2,True
BTCUSDT,long,bfb55495937e86972ba802dd81499fd9c70ad58b2472bad25254a484c7ce8876,BTCUSDT|long|confirmed_volume,1761365460000,1761407640000,2025-10-25T04:11:00+00:00,2025-10-25T15:54:00+00:00,111275.20000000001,111138.6,0.0025,278.18800000000005,55.637600000000006,5,110600.4,111327.9,2.822312500000022,1.824881430134987,exchange_guard_proxy_touch,False,-0.34150000000001457,0.6672414000000001,-0.0082692561,0.3338256,-1.0170106561000145,-36.55839418307096,2,True
ETHUSDT,short,42ecc5576b43a7482b737cca5c0173905fe97ca42509a8faa5d9dbb9ba8140ca,ETHUSDT|short|high_volume,1761404760000,1761417060000,2025-10-25T15:06:00+00:00,2025-10-25T18:31:00+00:00,3925.31,3961.7400000000002,0.06,235.5186,47.103719999999996,5,3955.01,3955.01,2.7536676000000173,2.246156182630836,exchange_guard_proxy_touch,False,-2.1858000000000173,0.5678675999999999,0.015127510265999998,0.28262232,-2.7385400897340175,-116.27701972302899,2,True
BTCUSDT,long,ea0e05dbd5e7f652006dfb6ef5eac2524352cdeb9722462bae1a959711599782,BTCUSDT|long|high_volume,1761438660000,1761449940000,2025-10-26T00:31:00+00:00,2025-10-26T03:39:00+00:00,111954.90000000001,111101.70000000001,0.0024000000000000002,268.69176000000004,53.738352000000006,5,111290.9,111290.9,2.6900830079999936,2.704057772758363,exchange_guard_proxy_touch,False,-2.047679999999993,0.6424030080000002,0.0,0.322430112,-2.690083007999993,-100.11780815310424,2,True
ETHUSDT,short,3f36b9eeda7b48855ba9f038968c5b94e658cbc6283ce38275b678c30230a83d,ETHUSDT|short|high_volume,1761444060000,1761468840000,2025-10-26T02:01:00+00:00,2025-10-26T08:54:00+00:00,3923.9500000000003,3970.01,0.04,156.95800000000003,31.391600000000004,5,3963.2700000000004,3963.2700000000004,2.221310079999998,24.176572247817813,exchange_guard_proxy_touch,False,-1.8423999999999978,0.37891008,0.0032845871519999997,0.1883496,-2.2180254928479974,-141.31331265994706,2,True
BTCUSDT,long,6e65950a0d44b883384a274e012251ee4e093a07daf6adeb6a9545238d7e6676,BTCUSDT|long|high_volume,1761457260000,1761514080000,2025-10-26T05:41:00+00:00,2025-10-26T21:28:00+00:00,111769.70000000001,113038.6,0.0029000000000000002,324.1321300000001,64.82642600000001,5,111290.9,113231.09999999999,2.7127924720000003,3.7144650727928417,exchange_guard_proxy_touch,False,3.6798099999999834,0.782332884,-0.048973506023000005,0.388958556,2.848503609976983,87.88093947912483,2,True
BTCUSDT,long,a4aa03b87cb2d6cb2a19f54541f8358cc7099f50af9ba88be4f6beb1350bd41e,BTCUSDT|long|high_volume,1761516360000,1761572160000,2025-10-26T22:06:00+00:00,2025-10-27T13:36:00+00:00,114784.0,114584.90000000001,0.0013000000000000002,149.21920000000003,29.843840000000007,5,113231.09999999999,114780.09999999999,2.6244232559999925,59.11719774651246,exchange_guard_proxy_touch,False,-0.2588299999999887,0.3578154840000001,-0.05980527800000001,0.17906304,-0.6764507619999888,-45.33268922497833,2,True
BTCUSDT,long,1247edfd23934c6938b212d875413fe473e7e4cabe90ad97d3bd425380f1e5fa,BTCUSDT|long|high_volume,1761573360000,1761573960000,2025-10-27T13:56:00+00:00,2025-10-27T14:06:00+00:00,115460.90000000001,114584.90000000001,0.0023,265.56007,53.112014,5,114780.09999999999,114780.09999999999,2.649726408,6.379106446324594,exchange_guard_proxy_touch,False,-2.0148,0.634926408,0.0,0.31867208399999997,-2.6497264080000003,-99.77879611193055,2,True
BTCUSDT,long,8d0da7653faf7ee7a267c1e995b86990ffc23d632fedb41c858bd40fdc967991,BTCUSDT|long|high_volume,1761581460000,1761593520000,2025-10-27T16:11:00+00:00,2025-10-27T19:32:00+00:00,115395.90000000001,114584.90000000001,0.0025,288.48975,57.697950000000006,5,114780.09999999999,114780.09999999999,2.7174424,2.6023348255694216,exchange_guard_proxy_touch,False,-2.0275,0.6899424000000001,0.0,0.3461877,-2.7174424,-94.19545755091819,2,True
ETHUSDT,short,52d4b51891152b3fd8c6a0e184529ee509812140908419d4c0931f16baa00714,ETHUSDT|short|confirmed_volume,1761630360000,1761656940000,2025-10-28T05:46:00+00:00,2025-10-28T13:09:00+00:00,4062.87,4141.5,0.02,81.2574,16.25148,5,4140.27,4134.47,1.8858443200000101,1.6230831448771261,exchange_guard_proxy_touch,False,-1.5726000000000022,0.19690487999999995,0.0037984772799999995,0.09750887999999998,-1.7657064027200022,-217.29792027803032,2,True
ETHUSDT,short,f3944c40ae49e25364f48984a457df4014a739f6ca7e217131096b05cb7c5970,ETHUSDT|short|high_volume,1761685860000,1761711420000,2025-10-28T21:11:00+00:00,2025-10-29T04:17:00+00:00,3937.2000000000003,4012.83,0.01,39.37200000000001,7.874400000000001,5,4149.88,4006.01,2.2945296800000023,2.1998712224200934,exchange_guard_proxy_touch,False,-0.7562999999999965,0.09540036,-0.004104046408,0.0472464,-0.8558044064079965,-217.3637118784914,2,True
BTCUSDT,long,da2f971daa20e8247f3a88d3fabc0dd68dc316a8f5e420430da7d4bcd5ec8d5a,BTCUSDT|long|confirmed_volume,1761743760000,1761745860000,2025-10-29T13:16:00+00:00,2025-10-29T13:51:00+00:00,113472.6,112474.3,0.0021000000000000003,238.29246000000003,47.65849200000001,5,112665.9,112665.9,2.665816188000006,1.5167113429882164,exchange_guard_proxy_touch,False,-2.0964300000000065,0.5693861880000001,0.0,0.285950952,-2.6658161880000066,-111.87161305901188,2,True
BTCUSDT,long,165f23100f26a51933063c9a300549cd37cd179589d21cee8c552ba9e87e2180,BTCUSDT|long|high_volume,1761806760000,1761823020000,2025-10-30T06:46:00+00:00,2025-10-30T11:17:00+00:00,110996.1,109484.0,0.0014,155.39454,31.078908000000002,5,109670.5,109670.5,2.487346568000008,2.6482156876385066,exchange_guard_proxy_touch,False,-2.116940000000008,0.370406568,-0.0107497769792,0.186473448,-2.498096344979208,-160.75830881697698,2,True
ETHUSDT,short,5e17f8d170d4f574cd4684f963ca680f839c8c632594cb7eff36109047752614,ETHUSDT|short|high_volume,1761754260000,1761883740000,2025-10-29T16:11:00+00:00,2025-10-31T04:09:00+00:00,3924.86,3866.58,0.02,78.4972,15.699440000000001,5,4028.0200000000004,3860.01,2.3912335199999952,3.801349705191486,exchange_guard_proxy_touch,False,1.165600000000004,0.18699455999999998,-0.016018726292000005,0.09419664,0.962586713708004,122.62688525297767,2,True
ETHUSDT,short,37208ffa5731c25754fdb951d60057e22622930329b541820538ba368712ff18,ETHUSDT|short|high_volume,1761891060000,1761901320000,2025-10-31T06:11:00+00:00,2025-10-31T09:02:00+00:00,3830.39,3866.58,0.05,191.5195,38.3039,5,3860.01,3860.01,2.2713182000000027,2.548759325960167,exchange_guard_proxy_touch,False,-1.8095000000000028,0.46181819999999996,0.014890738555,0.2298234,-2.2564274614450026,-117.81711321536463,2,True
BTCUSDT,long,e69f175b5638581cec399abb808bb10afd053597abc09744253d5c27d1b38940,BTCUSDT|long|high_volume,1761911760000,1761929400000,2025-10-31T11:56:00+00:00,2025-10-31T16:50:00+00:00,110345.3,109122.1,0.0015,165.51795,33.103590000000004,5,109158.9,109308.0,2.45277348,4.8300326154995,exchange_guard_proxy_touch,False,-1.8347999999999958,0.39504132000000003,-0.033048030000000006,0.19862153999999999,-2.2628893499999956,-136.71564624863922,2,True
BTCUSDT,long,cf158901cfd339048bd53ea168aba41675c5594993af5092ce55dfcc14777dc1,BTCUSDT|long|high_volume,1761939360000,1761945240000,2025-10-31T19:36:00+00:00,2025-10-31T21:14:00+00:00,110142.8,109122.1,0.002,220.28560000000002,44.057120000000005,5,109308.0,109308.0,2.567635759999994,2.597700459307736,exchange_guard_proxy_touch,False,-2.041399999999994,0.52623576,0.0,0.26434272,-2.567635759999994,-116.55940106843089,2,True
BTCUSDT,long,8f56070e9621a2551a3fc733e2471d3748398183a34a397bd67fcdb60b76978b,BTCUSDT|long|high_volume,1761967260000,1761991860000,2025-11-01T03:21:00+00:00,2025-11-01T10:11:00+00:00,110254.3,109698.5,0.0018000000000000002,198.45774000000003,39.691548000000004,5,109351.4,109885.4,2.4337867680000054,7.505442891086921,exchange_guard_proxy_touch,False,-1.0004400000000053,0.475098048,-0.039609108000000004,0.23814928800000001,-1.5151471560000054,-76.34608536809928,2,True
ETHUSDT,short,689883feabbbcc81ab71816ef4bfff2245ff784aee8bef70ed1f9828753668bf,ETHUSDT|short|high_volume,1762042860000,1762058460000,2025-11-02T00:21:00+00:00,2025-11-02T04:41:00+00:00,3858.75,3896.63,0.05,192.9375,38.5875,5,3890.01,3890.01,2.3593228000000055,3.3985290584041596,exchange_guard_proxy_touch,False,-1.8940000000000055,0.4653228,0.0,0.23152499999999998,-2.3593228000000055,-122.28430450275376,2,True
BTCUSDT,long,0e8dddc557a0dd271dbc11a0fec4c5bccdbeb8e2e6e671afffc70965220548ca,BTCUSDT|long|high_volume,1762050960000,1762089720000,2025-11-02T02:36:00+00:00,2025-11-02T13:22:00+00:00,110318.90000000001,110114.40000000001,0.0026000000000000003,286.82914000000005,57.36582800000001,5,109803.4,110302.0,2.511919071999993,5.718928700176005,exchange_guard_proxy_touch,False,-0.5317000000000001,0.6877518960000002,-0.04697568720000001,0.34419496800000005,-1.2664275832000003,-44.15268208801937,2,True
ETHUSDT,short,925a695a54e6b82551e5b4409c67268a028f4fe0c3871037cc22204c6af59722,ETHUSDT|short|high_volume,1762122960000,1762124700000,2025-11-02T22:36:00+00:00,2025-11-02T23:05:00+00:00,3842.9300000000003,3872.48,0.06,230.57580000000002,46.11516,5,3865.9,3865.9,2.3285095199999835,2.9268482082871627,exchange_guard_proxy_touch,False,-1.7729999999999835,0.5555095199999999,0.0,0.27669096,-2.3285095199999835,-100.9867262739621,2,True
ETHUSDT,short,2f2aca8e16c1f4177c3d72fa608ca3ec2e4d2a99774d560b1ac28981907f8d4b,ETHUSDT|short|high_volume,1762131660000,1762178820000,2025-11-03T01:01:00+00:00,2025-11-03T14:07:00+00:00,3853.15,3746.35,0.08,308.252,61.650400000000005,5,3865.9,3739.9900000000002,2.288060479999994,2.165985865979188,exchange_guard_proxy_touch,False,8.544000000000015,0.7295519999999999,0.007048930056000001,0.3699024,7.821496930056015,253.73710243748667,2,True
ETHUSDT,short,d1fa8be141b61f446bd303bd00919018b4cb9edbe5ce30eb860d83f81c70d5c2,ETHUSDT|short|high_volume,1762183560000,1762267680000,2025-11-03T15:26:00+00:00,2025-11-04T14:48:00+00:00,3685.83,3540.16,0.03,110.5749,22.11498,5,3739.9900000000002,3534.15,2.0831584799999994,3.2241614121149436,exchange_guard_proxy_touch,False,4.370100000000002,0.26013563999999995,0.018503965841999998,0.13268987999999998,4.128468325842002,373.36396649167233,2,True
ETHUSDT,short,85e320041e4e3a752d62cbae7a7eac1168a93e6f9f47359af52431a6db4c4be1,ETHUSDT|short|confirmed_volume,1762273560000,1762311240000,2025-11-04T16:26:00+00:00,2025-11-05T02:54:00+00:00,3470.29,3311.38,0.03,104.1087,20.82174,5,3534.15,3305.76,2.348476199999997,1.8193764692049033,exchange_guard_proxy_touch,False,4.767299999999995,0.24414011999999996,0.001157075616,0.12493043999999998,4.524316955615995,434.57626073671025,2,True
ETHUSDT,short,2142233ad95976eebcf0bd7cc4634971e7a6fbbf7c9454d8727e9245bcf27d09,ETHUSDT|short|high_volume,1762413660000,1762484460000,2025-11-06T07:21:00+00:00,2025-11-07T03:01:00+00:00,3364.89,3357.52,0.02,67.2978,13.45956,5,3455.01,3351.82,2.08381872,5.0066719383299185,exchange_guard_proxy_touch,False,0.1473999999999978,0.16133783999999998,0.00844184667,0.08075735999999999,-0.0054959933300021725,-0.8166676072623731,2,True
ETHUSDT,short,f7c028b0d0c59b3dd5095d72f1f2de41f846b34db023b8c6726638b2c667ef07,ETHUSDT|short|confirmed_volume,1762490460000,1762492080000,2025-11-07T04:41:00+00:00,2025-11-07T05:08:00+00:00,3317.39,3357.52,0.05,165.86950000000002,33.1739,5,3351.82,3351.82,2.4069946000000058,1.6604551864055783,exchange_guard_proxy_touch,False,-2.0065000000000057,0.4004946,0.0,0.19904339999999998,-2.4069946000000058,-145.11375509059866,2,True
ETHUSDT,short,98fa1a09312ccd85d57ba6af1f45daab17cc7ad9059a6afb8d31fda54327fa2f,ETHUSDT|short|high_volume,1762500660000,1762501680000,2025-11-07T07:31:00+00:00,2025-11-07T07:48:00+00:00,3338.03,3357.52,0.09,300.4227,60.084540000000004,5,3351.82,3351.82,2.47721939999998,3.533391514140144,exchange_guard_proxy_touch,False,-1.7540999999999802,0.7231193999999999,0.0,0.36050724,-2.47721939999998,-82.45779696407695,2,True
ETHUSDT,short,f4e5df07fa520dc5d62dd4e2c23b4bd34b9cf017dc1628671444ebef843ad7c0,ETHUSDT|short|high_volume,1762620960000,1762637760000,2025-11-08T16:56:00+00:00,2025-11-08T21:36:00+00:00,3356.03,3412.27,0.02,67.12060000000001,13.424120000000002,5,3468.44,3406.4700000000003,2.530128879999999,2.167979485375274,exchange_guard_proxy_touch,False,-1.1247999999999956,0.1624392,0.0,0.08054472,-1.2872391999999957,-191.78004964198703,2,True
ETHUSDT,short,ddd2e0bf2a9400125415ac8bd04f3befcdd3f3af5a1768365d17b9da532f9100,ETHUSDT|short|high_volume,1762647360000,1762666140000,2025-11-09T00:16:00+00:00,2025-11-09T05:29:00+00:00,3378.53,3412.27,0.06,202.7118,40.54236,5,3406.4700000000003,3406.4700000000003,2.513337599999987,4.747532977808681,exchange_guard_proxy_touch,False,-2.0243999999999867,0.4889375999999999,0.0,0.24325415999999997,-2.5133375999999865,-123.98575711921981,2,True
ETHUSDT,short,d00c1e3df3f2d72962a985667085fb498d66b7a578d44698a50cf8503f71cdbf,ETHUSDT|short|high_volume,1762776360000,1762822560000,2025-11-10T12:06:00+00:00,2025-11-11T00:56:00+00:00,3584.05,3588.8,0.04,143.36200000000002,28.672400000000003,5,3630.3100000000004,3582.7000000000003,2.444185920000002,3.182017857600713,exchange_guard_proxy_touch,False,-0.19,0.34429679999999996,0.015210362464,0.1720344,-0.5190864375359999,-36.2080912331022,2,True
ETHUSDT,short,d8aef99954ae304d9c36807782d8bc9f7323664378dd9574dfd47f78ee765062,ETHUSDT|short|high_volume,1762865160000,1762925100000,2025-11-11T12:46:00+00:00,2025-11-12T05:25:00+00:00,3545.2400000000002,3460.57,0.04,141.80960000000002,28.361920000000005,5,3585.3,3454.69,2.1889587199999943,2.8019355393954863,exchange_guard_proxy_touch,False,3.386800000000003,0.33627888,0.008878867072,0.17017152,3.0593999870720032,215.73997719985127,2,True
ETHUSDT,short,fa939e23e3e5d340d4107cfc588747e8386d3bcf17f3cd75ede2d7e997545ec6,ETHUSDT|short|confirmed_volume,1762930860000,1762936080000,2025-11-12T07:01:00+00:00,2025-11-12T08:28:00+00:00,3431.38,3460.57,0.06,205.8828,41.17656,5,3454.69,3454.69,2.2476204000000033,1.937519712440809,exchange_guard_proxy_touch,False,-1.7514000000000032,0.49622040000000006,-0.016200539280000002,0.24705936,-2.2638209392800035,-109.95677828745302,2,True
ETHUSDT,short,aebbf17c4923d75cfe54794e5886784ef941c623be816d43836896bdab5c10f6,ETHUSDT|short|high_volume,1762985760000,1762998180000,2025-11-12T22:16:00+00:00,2025-11-13T01:43:00+00:00,3390.66,3460.89,0.03,101.71979999999999,20.34396,5,3455.01,3455.01,2.3535558,2.393544232062904,exchange_guard_proxy_touch,False,-2.1069000000000004,0.24665579999999993,0.007134451845,0.12206375999999998,-2.3464213481550007,-230.67498639940314,2,True
ETHUSDT,short,559161e05bc06d8a4f25fa3af7a89c970162e64f0ffa7d665fb49ee12db3997b,ETHUSDT|short|high_volume,1763003760000,1763004600000,2025-11-13T03:16:00+00:00,2025-11-13T03:30:00+00:00,3372.12,3460.89,0.02,67.44239999999999,13.48848,5,3455.01,3455.01,1.9393922399999997,6.319881501675209,exchange_guard_proxy_touch,False,-1.7753999999999996,0.16399224,0.0,0.08093088,-1.9393922399999997,-287.56275577381587,2,True
ETHUSDT,short,8a3230df9cf738feddb91eea44604db0645f017f83d33c88bd7177ede3ef385c,ETHUSDT|short|high_volume,1763094960000,1763137680000,2025-11-14T04:36:00+00:00,2025-11-14T16:28:00+00:00,3178.52,3245.19,0.02,63.5704,12.71408,5,3270.59,3239.6800000000003,2.1077123199999974,6.060210509266259,exchange_guard_proxy_touch,False,-1.3334000000000015,0.15416903999999998,0.007385476224000001,0.07628448,-1.4801835637760015,-232.84163129003457,2,True
ETHUSDT,short,3d58980f74e82c0d3f58efddd92c099c1b585b00b9e54eae745395d08a089582,ETHUSDT|short|high_volume,1763193960000,1763215020000,2025-11-15T08:06:00+00:00,2025-11-15T13:57:00+00:00,3159.12,3198.2400000000002,0.05,157.95600000000002,31.591200000000004,5,3192.8100000000004,3192.8100000000004,2.3374416000000173,2.6312991517344306,exchange_guard_proxy_touch,False,-1.9560000000000173,0.38144160000000005,0.0,0.1895472,-2.3374416000000173,-147.98055154600124,2,True
ETHUSDT,short,e104b82b4a8861c33c1d4207dd77789b965c8309fa55777fe3c595faac187b31,ETHUSDT|short|high_volume,1763327160000,1763339400000,2025-11-16T21:06:00+00:00,2025-11-17T00:30:00+00:00,3071.3,3132.54,0.03,92.139,18.427799999999998,5,3127.2200000000003,3127.2200000000003,2.0605382399999934,3.2838948586737864,exchange_guard_proxy_touch,False,-1.8371999999999933,0.22333824,0.00928212,0.11056679999999999,-2.0512561199999935,-222.62626249470836,2,True
ETHUSDT,short,27e6767b2822d7a05b2397a03fa38e81c0c22ce2081bd3c1a5294e09a251f179,ETHUSDT|short|confirmed_volume,1763403960000,1763454900000,2025-11-17T18:26:00+00:00,2025-11-18T08:35:00+00:00,3035.91,3054.2000000000003,0.01,30.359099999999998,6.07182,5,3210.23,3049.01,1.8728192000000021,1.7238993130174134,exchange_guard_proxy_touch,False,-0.1829000000000042,0.07308131999999999,0.005766962336000001,0.03643091999999999,-0.2502143576640042,-82.41823956046267,2,True
ETHUSDT,short,78297c780b1683eeb9db88c94763c6ec562c694b2152f354255ecf1e573a30c6,ETHUSDT|short|high_volume,1763472360000,1763474040000,2025-11-18T13:26:00+00:00,2025-11-18T13:54:00+00:00,3029.08,3054.2000000000003,0.07,212.03560000000002,42.407120000000006,5,3049.01,3049.01,2.2693955200000246,2.3017691152555457,exchange_guard_proxy_touch,False,-1.7584000000000244,0.51099552,0.0,0.25444272,-2.2693955200000246,-107.02898569862913,2,True
BTCUSDT,short,a902d3b1753ca81561761c004b718d2abdc8ef3e6d9393c3fdb3cdace2cb66aa,BTCUSDT|short|high_volume,1763395860000,1763476620000,2025-11-17T16:11:00+00:00,2025-11-18T14:37:00+00:00,93204.90000000001,92528.1,0.0007,65.24343,13.048686,5,95909.20000000001,92371.0,2.166172847999996,2.108723746440628,exchange_guard_proxy_touch,False,0.473760000000002,0.15601572,0.012784030000000002,0.078292116,0.330528310000002,50.660780710027346,2,True
BTCUSDT,short,6652d0adb168fdc89ba98e34c0ce09b000d04cd9f265e97e488abeb3d570786d,BTCUSDT|short|confirmed_volume,1763523360000,1763564820000,2025-11-19T03:36:00+00:00,2025-11-19T15:07:00+00:00,91843.6,92143.70000000001,0.0012000000000000001,110.21232000000002,22.042464000000002,5,93400.1,91987.3,2.3253396000000035,1.6484955177754341,exchange_guard_proxy_touch,False,-0.36012000000000705,0.26494171200000005,0.005522819030400001,0.13225478400000001,-0.6195388929696071,-56.21321581558278,2,True
BTCUSDT,short,358b465044db771b07e49522200b3af9954c55a938496065e587d1981e4eeb49,BTCUSDT|short|high_volume,1763566560000,1763598600000,2025-11-19T15:36:00+00:00,2025-11-20T00:30:00+00:00,90573.3,92143.70000000001,0.0013000000000000002,117.74529000000001,23.549058000000002,5,91987.3,91987.3,2.3265585200000114,2.9497837646589242,exchange_guard_proxy_touch,False,-2.0415200000000118,0.28503852,0.009718056543000002,0.14129434800000001,-2.316840463457012,-196.7671457140249,2,True
ETHUSDT,short,60630ae421a415411c32194ec0342084d9606954f9c5d2b702993812dcff23d1,ETHUSDT|short|high_volume,1763528460000,1763615220000,2025-11-19T05:01:00+00:00,2025-11-20T05:07:00+00:00,3045.17,3062.21,0.02,60.903400000000005,12.18068,5,3125.0600000000004,3057.01,1.8524132000000006,2.2687323652559557,exchange_guard_proxy_touch,False,-0.34079999999999927,0.14657711999999998,0.010345357734,0.07308408,-0.4770317622659992,-78.32596575330756,2,True
ETHUSDT,short,ad13c4406865bd25fbcb1fc5f43be650ee933fd2a435ad268e59f4fd6c3505a0,ETHUSDT|short|high_volume,1763621160000,1763645460000,2025-11-20T06:46:00+00:00,2025-11-20T13:31:00+00:00,3010.32,3048.87,0.04,120.4128,24.08256,5,3057.01,3043.69,2.367081439999995,3.398739820133855,exchange_guard_proxy_touch,False,-1.5419999999999892,0.29084112,0.00952505112,0.14449536000000002,-1.8233160688799892,-151.4221136689778,2,True
ETHUSDT,short,e78d834d5b6ef4674c9f40b2f2d34862a6fe3fa984ab946874d21b5a980191bf,ETHUSDT|short|high_volume,1763646360000,1763744760000,2025-11-20T13:46:00+00:00,2025-11-21T17:06:00+00:00,2996.83,2784.3,0.04,119.8732,23.97464,5,3043.69,2779.57,2.371793599999999,4.501000756033359,exchange_guard_proxy_touch,False,8.50119999999999,0.27749424,0.01980181098,0.14384783999999998,8.243507570979991,687.6856187187789,2,True
BTCUSDT,short,72a35cbd095b0a01bcc8e72e4710b21f8be2cd03ed19944a54c1cf2cfaee1f3e,BTCUSDT|short|confirmed_volume,1763654460000,1763744820000,2025-11-20T16:01:00+00:00,2025-11-21T17:07:00+00:00,89645.70000000001,85594.6,0.0007,62.751990000000006,12.550398000000001,5,92498.70000000001,85449.3,2.2603434279999917,1.8462558916559355,exchange_guard_proxy_touch,False,2.835770000000004,0.147201852,0.0067832975112,0.07530238800000001,2.6953514455112044,429.52445739349525,2,True
BTCUSDT,short,abfc07bea3ed685b4394d5fe6ef63c4f6d03909ba5bbe6412a98307cf188b2bf,BTCUSDT|short|confirmed_volume,1763778960000,1763820840000,2025-11-22T02:36:00+00:00,2025-11-22T14:14:00+00:00,84270.8,84472.0,0.0017000000000000001,143.26036000000002,28.652072000000004,5,85374.6,84328.6,2.4696728240000003,1.9218721315265208,exchange_guard_proxy_touch,False,-0.34203999999999507,0.34423531199999996,0.009679109613,0.171912432,-0.676596202386995,-47.228430976091005,2,True
ETHUSDT,short,6e4c96643963619f4c7b6240d24072f3a47e9ab694a6f26348f0ca7817e488e9,ETHUSDT|short|high_volume,1763784960000,1763820900000,2025-11-22T04:16:00+00:00,2025-11-22T14:15:00+00:00,2726.69,2746.73,0.03,81.80069999999999,16.360139999999998,5,2783.3500000000004,2742.0600000000004,2.0405320800000024,2.416468880462162,exchange_guard_proxy_touch,False,-0.6011999999999988,0.19704312,0.005946969689999999,0.09816083999999999,-0.7922961503099989,-96.8568912380944,2,True
ETHUSDT,short,433ac8e0845c9c5573626065abd4405912722f92c1abf7027cc7974830563a95,ETHUSDT|short|high_volume,1763942760000,1763949960000,2025-11-24T00:06:00+00:00,2025-11-24T02:06:00+00:00,2782.53,2848.84,0.03,83.47590000000001,16.69518,5,2844.0,2844.0,2.1920293199999983,3.175318848893419,exchange_guard_proxy_touch,False,-1.9892999999999983,0.20272932,0.0,0.10017108,-2.1920293199999983,-262.5942721192581,2,True
BTCUSDT,short,c3219b9abe98fe20d1f908ef309a4a726b83c65752b14022dbb4ada54eb66095,BTCUSDT|short|high_volume,1763975460000,1764005640000,2025-11-24T09:11:00+00:00,2025-11-24T17:34:00+00:00,86434.8,87945.3,0.0014,121.00872,24.201743999999998,5,87796.0,87796.0,2.407658568,3.3052924554219705,exchange_guard_proxy_touch,False,-2.1147,0.292958568,0.006113304797600001,0.14521046399999998,-2.4015452632024,-198.46051286241192,2,True
ETHUSDT,short,c115a6d357f6418b6e74e79f51fb8a2c7febe592fade01486c9de984f54b646e,ETHUSDT|short|high_volume,1764057960000,1764088380000,2025-11-25T08:06:00+00:00,2025-11-25T16:33:00+00:00,2896.42,2938.5,0.04,115.8568,23.17136,5,2941.4,2933.51,2.2800558399999913,5.5243735247088885,exchange_guard_proxy_touch,False,-1.6831999999999971,0.28007616,0.000643667856,0.13902816,-1.9626324921439973,-169.4015795485459,2,True
BTCUSDT,short,7ddc189814ae036de67bb7b83601b0a1303be3d7c2d703ec34c87906d1d6b478,BTCUSDT|short|high_volume,1764055860000,1764091980000,2025-11-25T07:31:00+00:00,2025-11-25T17:33:00+00:00,87540.90000000001,87882.0,0.0026000000000000003,227.60634000000005,45.521268000000006,5,88100.1,87732.8,2.391867296,3.0798444150060607,exchange_guard_proxy_touch,False,-0.8868599999999774,0.5473194480000001,-0.009115824109600002,0.273127608,-1.4432952721095775,-63.411909883950386,2,True
ETHUSDT,short,cc8c0b8f7ca9ed1c39a86f70480ac0e669b073719ba21ee0bdabfa1313a96551,ETHUSDT|short|confirmed_volume,1764097260000,1764101640000,2025-11-25T19:01:00+00:00,2025-11-25T20:14:00+00:00,2920.81,2938.5,0.09,262.87289999999996,52.57457999999999,5,2933.51,2933.51,2.2249054800000048,1.56947134164472,exchange_guard_proxy_touch,False,-1.592100000000005,0.6328054799999999,0.0,0.31544747999999995,-2.2249054800000048,-84.63806957659025,2,True
BTCUSDT,short,4cd8744ab8ecb6242f9f7d1e46c1c24f58bb85e3708a6344ccfb4ff69030b60b,BTCUSDT|short|high_volume,1764097560000,1764112440000,2025-11-25T19:06:00+00:00,2025-11-25T23:14:00+00:00,86852.90000000001,87882.0,0.0019,165.02051000000003,33.004102,5,87732.8,87732.8,2.3536855719999834,2.112366153692913,exchange_guard_proxy_touch,False,-1.9552899999999833,0.39839557200000003,0.0,0.198024612,-2.3536855719999834,-142.62988109780918,2,True
ETHUSDT,short,6aee6fab73f3bedbe8b005ab65dbcd418a8ae2c8f6f1eee253b6ee3e4273f132,ETHUSDT|short|high_volume,1764148260000,1764173700000,2025-11-26T09:11:00+00:00,2025-11-26T16:15:00+00:00,2905.05,2958.85,0.03,87.1515,17.4303,5,2953.82,2953.82,1.8251003999999917,2.2064048797123355,exchange_guard_proxy_touch,False,-1.6139999999999917,0.21110039999999997,0.0016558872539999998,0.10458179999999999,-1.8234445127459917,-209.22697977039888,2,True
BTCUSDT,short,b28fc10ed0dafac5eaed2e0dbd46830fa91f252e3a1997d1502e462df51edf3c,BTCUSDT|short|confirmed_volume,1764153360000,1764177120000,2025-11-26T10:36:00+00:00,2025-11-26T17:12:00+00:00,86521.20000000001,88096.70000000001,0.0013000000000000002,112.47756000000003,22.495512000000005,5,87947.1,87947.1,2.3205539240000004,1.5560523583233035,exchange_guard_proxy_touch,False,-2.04815,0.272403924,-0.0009469751122,0.13497307200000003,-2.3215008991122006,-206.39680475929597,2,True
ETHUSDT,short,3dc0fd9e277248776f9aec8b880be03778ea8f720fa05dc8ae220f7df1252866,ETHUSDT|short|high_volume,1764246060000,1764319800000,2025-11-27T12:21:00+00:00,2025-11-28T08:50:00+00:00,3012.84,3033.16,0.05,150.64200000000002,30.128400000000006,5,3044.01,3028.01,2.1812217999999954,4.295284985752876,exchange_guard_proxy_touch,False,-1.0159999999999856,0.36275999999999997,0.005006950940000001,0.1807704,-1.3737530490599856,-91.19322958139067,2,True
BTCUSDT,short,19aff93b1af366e343b97f067b81da1a99e5e8a915325233bb8d5ce3fea9b26e,BTCUSDT|short|high_volume,1764277560000,1764320400000,2025-11-27T21:06:00+00:00,2025-11-28T09:00:00+00:00,91106.8,91846.0,0.0021000000000000003,191.32428000000004,38.26485600000001,5,91800.1,91690.1,2.2450587600000187,2.888528690192857,exchange_guard_proxy_touch,False,-1.5523199999999941,0.461041056,0.014858251329600003,0.22958913600000003,-1.998502804670394,-104.45630866455599,2,True
BTCUSDT,short,19f45375684824bf2d1cd2c58b0ab8112daa6b6aa42ee6735dbb5764f9f94859,BTCUSDT|short|confirmed_volume,1764375660000,1764429360000,2025-11-29T00:21:00+00:00,2025-11-29T15:16:00+00:00,90629.5,91039.5,0.0023,208.44785,41.689569999999996,5,91209.1,90884.90000000001,2.1921126120000265,1.5973090229637434,exchange_guard_proxy_touch,False,-0.943,0.5014064399999999,0.0037018639195999996,0.25013742,-1.4407045760803998,-69.11582806348926,2,True
BTCUSDT,short,d759d1b29a7f14a14612a8ddf774e7241ddeb4146dbfa2459a7c131905f59899,BTCUSDT|short|high_volume,1764439260000,1764449400000,2025-11-29T18:01:00+00:00,2025-11-29T20:50:00+00:00,90262.40000000001,91039.5,0.0023,207.60352,41.520704,5,90884.90000000001,90884.90000000001,2.28772324399998,2.143858036949643,exchange_guard_proxy_touch,False,-1.7873299999999799,0.5003932440000001,0.0,0.249124224,-2.28772324399998,-110.19674637501232,2,True
BTCUSDT,short,6e9a37efeb01f7c0741030cbe5cae05c8dd05a6a6d816a4f2c605bf51ae03a2d,BTCUSDT|short|confirmed_volume,1764471360000,1764490860000,2025-11-30T02:56:00+00:00,2025-11-30T08:21:00+00:00,90570.3,91170.90000000001,0.0027,244.53981000000002,48.907962000000005,5,91020.1,91016.1,2.221274448000016,1.7980056219076326,exchange_guard_proxy_touch,False,-1.6216200000000158,0.588841488,0.008729843094,0.293447772,-2.201731644906016,-90.03571422199174,2,True
ETHUSDT,short,299fbdf6d0a7fcc6e7e8c2660366d1bc6e6fbc42eb758cc8cab8d082ddd02e0e,ETHUSDT|short|high_volume,1764383760000,1764490980000,2025-11-29T02:36:00+00:00,2025-11-30T08:23:00+00:00,3019.13,3017.11,0.04,120.76520000000001,24.15304,5,3059.86,3011.98,2.129641600000002,4.495053283985004,exchange_guard_proxy_touch,False,0.08079999999999928,0.28973952,0.014536694728,0.14491824,-0.1944028252720007,-16.097586496109862,2,True
BTCUSDT,short,463c822c0fb04bce1b3c63312ed6387c6b1972bffad49c3c308176f784e4c6a5,BTCUSDT|short|high_volume,1764547260000,1764626700000,2025-12-01T00:01:00+00:00,2025-12-01T22:05:00+00:00,90223.1,86772.40000000001,0.0012000000000000001,108.26772000000001,21.653544000000004,5,91592.40000000001,86625.1,2.092158672000007,2.3135472964847605,exchange_guard_proxy_touch,False,4.140839999999997,0.25487351999999996,0.0047868912828,0.129921264,3.8907533712827975,359.36411806610477,2,True
BTCUSDT,short,b8fb3926324352a78a234009b095c23e465de1ad3bb01ab1932564f19b158d2a,BTCUSDT|short|high_volume,1764663360000,1764672480000,2025-12-02T08:16:00+00:00,2025-12-02T10:48:00+00:00,86579.70000000001,87394.40000000001,0.0022,190.47534000000005,38.09506800000001,5,87246.0,87246.0,2.2516316239999936,5.02117587670499,exchange_guard_proxy_touch,False,-1.7923399999999936,0.4592916240000001,0.0,0.228570408,-2.2516316239999936,-118.21118807295439,2,True
ETHUSDT,short,7555c956060bbebf2d61f89086f798984876f4abea9524b84ea5103e56f846d1,ETHUSDT|short|high_volume,1764590760000,1764672480000,2025-12-01T12:06:00+00:00,2025-12-02T10:48:00+00:00,2820.54,2819.6,0.04,112.8216,22.564320000000002,5,2854.57,2814.8100000000004,1.828238559999995,2.7809324420749046,exchange_guard_proxy_touch,False,0.03760000000000218,0.2707267199999999,0.008436562488,0.13538592,-0.22469015751199772,-19.915526593488984,2,True
BTCUSDT,short,2ffffa3569236c18c6300776d93653544248d6dcf3049ac2145b7afc2e3d95c9,BTCUSDT|short|high_volume,1764807360000,1764810720000,2025-12-04T00:16:00+00:00,2025-12-04T01:12:00+00:00,92784.90000000001,93630.20000000001,0.002,185.56980000000001,37.113960000000006,5,93471.20000000001,93471.20000000001,2.137996240000006,3.229300802895335,exchange_guard_proxy_touch,False,-1.6906000000000059,0.44739624000000006,0.0,0.22268376,-2.137996240000006,-115.21250979415863,2,True
ETHUSDT,short,c4e8013b29f1e55930fc9e07b02d2671600bc28b810834c0f459bf6f65d04fc7,ETHUSDT|short|confirmed_volume,1764853260000,1764862740000,2025-12-04T13:01:00+00:00,2025-12-04T15:39:00+00:00,3173.03,3213.06,0.04,126.92120000000001,25.384240000000002,5,3207.6000000000004,3207.6000000000004,1.9077323199999898,1.983181538772892,exchange_guard_proxy_touch,False,-1.6011999999999897,0.30653232,0.0,0.15230544000000001,-1.9077323199999898,-150.30840553035975,2,True
BTCUSDT,short,f848d88171a78bd7f61eb57208d53a21794ca83079ba12371d806f68fb5db2dd,BTCUSDT|short|high_volume,1764825060000,1765028640000,2025-12-04T05:11:00+00:00,2025-12-06T13:44:00+00:00,92858.1,89885.1,0.0015,139.28715000000003,27.857430000000004,5,93932.8,89732.5,2.188111079999991,2.036959510605101,exchange_guard_proxy_touch,False,4.4595,0.32893776,0.037458720993,0.16714458000000001,4.168020960993001,299.2394460646944,2,True
ETHUSDT,short,69a049420e56ea4f7f5d76c91489b0275e8cd81fc58ef0a6244b30a060c16726,ETHUSDT|short|high_volume,1764942060000,1765030500000,2025-12-05T13:41:00+00:00,2025-12-06T14:15:00+00:00,3095.79,3049.9900000000002,0.02,61.9158,12.38316,5,3181.65,3044.8100000000004,1.9761883999999998,2.282626508621294,exchange_guard_proxy_touch,False,0.9159999999999946,0.14749872,0.006015482688000001,0.07429896,0.7745167626879946,125.09194142496659,2,True
ETHUSDT,short,09d9ffcd7d39ca553c60a19b090d00920ec5c0e0e34e08c55839dcc4ccb1504d,ETHUSDT|short|confirmed_volume,1765082160000,1765111680000,2025-12-07T04:36:00+00:00,2025-12-07T12:48:00+00:00,3042.09,3054.94,0.09,273.7881,54.757619999999996,5,3054.0,3049.75,2.1988393200000114,1.671717385962038,exchange_guard_proxy_touch,False,-1.1564999999999919,0.65847924,-0.00532253988,0.32854572,-1.820301779879992,-66.4857888228156,2,True
BTCUSDT,short,e1b55ce5eb1c563095a9d26e134ab4d093b36ba02f7923c05da4cfa859797c32,BTCUSDT|short|high_volume,1765113960000,1765123020000,2025-12-07T13:26:00+00:00,2025-12-07T15:57:00+00:00,88763.1,89710.3,0.0017000000000000001,150.89727000000002,30.179454000000003,5,89697.8,89558.0,2.2126113359999953,23.380398639168124,exchange_guard_proxy_touch,False,-1.6102399999999952,0.36408573600000005,0.0,0.18107672400000002,-1.9743257359999953,-130.83906262850184,2,True
ETHUSDT,short,29ec24df4e9d82a1a2fb873a35612911f9fab09536bfefa6f46a825d070d1660,ETHUSDT|short|high_volume,1765113960000,1765127760000,2025-12-07T13:26:00+00:00,2025-12-07T17:16:00+00:00,3025.23,3054.94,0.06,181.5138,36.30276,5,3049.75,3049.75,2.2203722400000023,9.3713202645829,exchange_guard_proxy_touch,False,-1.7826000000000022,0.43777224,0.002628841104,0.21781656,-2.2177433988960025,-122.18042919579682,2,True
ETHUSDT,short,73e277bd3f685e13275e0949f7559a0229d790c1a30ba38f6d93b2250942fabf,ETHUSDT|short|high_volume,1765220460000,1765229400000,2025-12-08T19:01:00+00:00,2025-12-08T21:30:00+00:00,3089.34,3155.37,0.02,61.78680000000001,12.357360000000002,5,3150.01,3150.01,1.4704730399999948,7.615107027721854,exchange_guard_proxy_touch,False,-1.320599999999995,0.14987303999999999,0.0,0.07414416,-1.4704730399999948,-237.9914544854232,2,True
BTCUSDT,short,a598cbbff928d3461d36105ea4b15f6b29da30fa852cf58af59b83afdb5308f0,BTCUSDT|short|high_volume,1765240560000,1765265940000,2025-12-09T00:36:00+00:00,2025-12-09T07:39:00+00:00,90370.70000000001,90626.90000000001,0.0016,144.59312000000003,28.918624000000005,5,91338.3,90473.0,2.1458194559999906,2.8958986683861383,exchange_guard_proxy_touch,False,-0.40991999999999534,0.34751539200000003,0.0,0.173511744,-0.7574353919999954,-52.383916468501084,2,True
BTCUSDT,short,a7dbf125b3b33ac4651373b439523909983ad9b717ac61f30f84b3725ef19fcf,BTCUSDT|short|high_volume,1765276860000,1765282680000,2025-12-09T10:41:00+00:00,2025-12-09T12:18:00+00:00,89842.6,90626.90000000001,0.0021000000000000003,188.66946000000004,37.73389200000001,5,90473.0,90473.0,2.1018131400000066,2.1493949023931513,exchange_guard_proxy_touch,False,-1.6470300000000064,0.45478314000000003,0.0,0.22640335200000003,-2.1018131400000066,-111.40187394398681,2,True
ETHUSDT,short,33a20398fa54e8c66b3668dfd532e81056fa513c53280da1d5a4a7ec2119b496,ETHUSDT|short|confirmed_volume,1765236360000,1765282920000,2025-12-08T23:26:00+00:00,2025-12-09T12:22:00+00:00,3111.48,3134.94,0.02,62.229600000000005,12.445920000000001,5,3178.01,3129.61,1.589877600000001,1.8351067352248875,exchange_guard_proxy_touch,False,-0.4692000000000007,0.14991407999999998,0.007179419914,0.07467552,-0.6119346600860007,-98.33498208023202,2,True
BTCUSDT,short,8125284a15cb7a2aa0ab93e1b10d09ab600bd4485a08f455e270b27c4286259a,BTCUSDT|short|high_volume,1765391160000,1765397280000,2025-12-10T18:26:00+00:00,2025-12-10T20:08:00+00:00,91886.5,93437.6,0.0012000000000000001,110.2638,22.05276,5,93279.0,93279.0,2.128186704000007,3.367068893330922,exchange_guard_proxy_touch,False,-1.8613200000000072,0.266866704,0.0,0.13231656,-2.128186704000007,-193.00864871335898,2,True
BTCUSDT,short,15e87ca0ceb11bf50bebf8096dca2f6e20bb0fef9caaa449852d0187a0818317,BTCUSDT|short|confirmed_volume,1765401060000,1765466640000,2025-12-10T21:11:00+00:00,2025-12-11T15:24:00+00:00,91692.5,90648.70000000001,0.001,91.6925,18.3385,5,93279.0,90494.8,1.967256120000006,1.666357729762265,exchange_guard_proxy_touch,False,1.0437999999999883,0.21880944,-0.0004636779520000001,0.11003099999999999,0.8245268820479883,89.92304518341068,2,True
BTCUSDT,short,27f24ef0057a9a8bdb13226fa329c15cfa9fe2f437e66d1f174228cc603ab63e,BTCUSDT|short|high_volume,1765525260000,1765550760000,2025-12-12T07:41:00+00:00,2025-12-12T14:46:00+00:00,92157.1,92757.6,0.0022,202.74562000000003,40.549124000000006,5,92719.1,92600.1,2.0718294959999937,2.1786111449328303,exchange_guard_proxy_touch,False,-1.3211000000000002,0.488174808,0.009549009162000001,0.243294744,-1.799725798838,-88.7676783763812,2,True
BTCUSDT,short,cd9db0923eb264620415d306963003eede2d9fbf172b31f3a9d65a5e46983e1c,BTCUSDT|short|high_volume,1765552860000,1765597140000,2025-12-12T15:21:00+00:00,2025-12-13T03:39:00+00:00,91633.20000000001,90551.8,0.0015,137.4498,27.489960000000004,5,92600.1,90398.1,2.018503439999991,4.789241447521932,exchange_guard_proxy_touch,False,1.6221000000000132,0.327933,0.0047254886805,0.16493976,1.298892488680513,94.49940914286618,2,True
BTCUSDT,short,7ad51f0ad17224f6d2a2af62fda50eed155ac23f41c34a51035be649017f4530,BTCUSDT|short|high_volume,1765710360000,1765789440000,2025-12-14T11:06:00+00:00,2025-12-15T09:04:00+00:00,89515.0,90032.90000000001,0.0019,170.0785,34.015699999999995,5,90250.1,89880.1,2.0985544080000107,17.521156939289522,exchange_guard_proxy_touch,False,-0.9840100000000166,0.409369212,0.0036532126918,0.20409419999999998,-1.3897259993082165,-81.71085700474877,2,True
BTCUSDT,short,b0f365700ba9cd1de849d1886d8ed7affd5fe11baaab7ad1ff48178afb3427cb,BTCUSDT|short|high_volume,1765799160000,1765867860000,2025-12-15T11:46:00+00:00,2025-12-16T06:51:00+00:00,89451.5,86625.8,0.0026000000000000003,232.57390000000004,46.51478000000001,5,89880.1,86478.70000000001,2.071631328000023,3.9744206880533732,exchange_guard_proxy_touch,False,7.346819999999993,0.549361176,0.023740869009000003,0.27908868000000003,6.821199693008993,293.29171042017146,2,True
BTCUSDT,short,292bd931812b4759a6a3e596e04896e2c87923fb8a1527dcc7ce2f55368eb5ec,BTCUSDT|short|high_volume,1765871160000,1765881420000,2025-12-16T07:46:00+00:00,2025-12-16T10:37:00+00:00,85708.70000000001,86625.8,0.0019,162.84653000000003,32.569306000000005,5,86478.70000000001,86478.70000000001,2.1354126599999836,2.1490183939289884,exchange_guard_proxy_touch,False,-1.7424899999999834,0.3929226599999999,0.002204999685,0.195415836,-2.133207660314983,-130.99497178816046,2,True
BTCUSDT,short,f93dc76f4a615cff42d4220483ad53a1a1cea5b9cd72ab6f0ae28e817207a84d,BTCUSDT|short|confirmed_volume,1765937460000,1765973160000,2025-12-17T02:11:00+00:00,2025-12-17T12:06:00+00:00,87246.8,87312.5,0.0021000000000000003,183.21828000000002,36.64365600000001,5,87900.1,87164.3,2.1276269280000064,1.681861963802265,exchange_guard_proxy_touch,False,-0.1379699999999939,0.439889436,0.016421211760800004,0.219861936,-0.5614382242391939,-30.64313365670684,2,True
BTCUSDT,short,8848c2d112d50472d64bc818174eba002a151de1c5093ae43a4da579e2bd2b70,BTCUSDT|short|high_volume,1766020260000,1766023980000,2025-12-18T01:11:00+00:00,2025-12-18T02:13:00+00:00,85704.1,86568.1,0.002,171.40820000000002,34.28164,5,86421.1,86421.1,2.1414532800000003,2.7420226000414676,exchange_guard_proxy_touch,False,-1.728,0.41345328000000003,0.0,0.20568984,-2.14145328,-124.93295419939068,2,True
BTCUSDT,short,63216565c49ed0f9d23b4edc645034e605a62babc40a83fd5124b53bac1d107e,BTCUSDT|short|high_volume,1766154960000,1766155440000,2025-12-19T14:36:00+00:00,2025-12-19T14:44:00+00:00,87666.5,88495.40000000001,0.002,175.333,35.0666,5,88345.20000000001,88345.20000000001,2.0805885600000176,5.383555739555036,exchange_guard_proxy_touch,False,-1.6578000000000175,0.42278856000000004,0.0,0.2103996,-2.0805885600000176,-118.66497236686861,2,True
BTCUSDT,short,cf598efeea43cf501bfa4277098b54308a1cdf447caba51153b32db1b882f746,BTCUSDT|short|high_volume,1766165460000,1766176500000,2025-12-19T17:31:00+00:00,2025-12-19T20:35:00+00:00,87296.1,88495.40000000001,0.0014,122.21454000000001,24.442908000000003,5,88345.20000000001,88345.20000000001,1.974349720000004,3.236136122700778,exchange_guard_proxy_touch,False,-1.679020000000004,0.29532971999999996,0.0,0.146657448,-1.974349720000004,-161.54785838084436,2,True
BTCUSDT,short,901186845549dd7113f9cd0e2aa3123edcfe024b451db2923d98dd756ad7131c,BTCUSDT|short|high_volume,1766189160000,1766208060000,2025-12-20T00:06:00+00:00,2025-12-20T05:21:00+00:00,87899.0,88556.70000000001,0.0023,202.1677,40.43354,5,88406.40000000001,88406.40000000001,1.9997277320000268,3.6496685092692984,exchange_guard_proxy_touch,False,-1.5127100000000266,0.487017732,0.0,0.24260123999999997,-1.9997277320000266,-98.91430391699697,2,True
BTCUSDT,short,031582febfaba657604d17d7cfbd0feacff23b92cacad7d0b7411d209b9d1fd4,BTCUSDT|short|high_volume,1766215260000,1766256960000,2025-12-20T07:21:00+00:00,2025-12-20T18:56:00+00:00,88038.5,88470.3,0.0028,246.5078,49.30156,5,88406.40000000001,88320.1,2.044319872000033,2.2452871162218337,exchange_guard_proxy_touch,False,-1.209040000000008,0.593069568,0.020745218466000002,0.29580935999999997,-1.7813643495340081,-72.26401556194197,2,True
BTCUSDT,short,9b89a855658a59fea68915fd4d5a020379751c6dce127c8536f90db111e1fd34,BTCUSDT|short|high_volume,1766303160000,1766306400000,2025-12-21T07:46:00+00:00,2025-12-21T08:40:00+00:00,87880.1,88550.40000000001,0.0023,202.12423,40.424846,5,88400.1,88400.1,2.0286381800000064,5.2512964191796305,exchange_guard_proxy_touch,False,-1.5416900000000067,0.48694817999999995,0.0179872781652,0.242549076,-2.010650901834807,-99.47599562085192,2,True
BTCUSDT,short,4ea7047fffeeea68900807d5321a3680596c22060508b9775081bf382633c088,BTCUSDT|short|high_volume,1766369160000,1766373000000,2025-12-22T02:06:00+00:00,2025-12-22T03:10:00+00:00,87817.90000000001,88738.70000000001,0.0017000000000000001,149.29043000000001,29.858086000000004,5,88588.1,88588.1,1.9255354640000053,2.3993809735482703,exchange_guard_proxy_touch,False,-1.565360000000005,0.36017546400000006,0.0,0.179148516,-1.925535464000005,-128.9791625625303,2,True
BTCUSDT,short,8be96c9a5b5914904c3b154835adc86dc2f60cae67819c28078eb363e0609d8f,BTCUSDT|short|high_volume,1766433660000,1766505780000,2025-12-22T20:01:00+00:00,2025-12-23T16:03:00+00:00,87851.8,88063.6,0.0012000000000000001,105.42216000000002,21.084432000000003,5,89050.1,87914.1,1.8745967519999966,3.027431094298039,exchange_guard_proxy_touch,False,-0.2541600000000035,0.25331817600000006,0.0101760438456,0.126506592,-0.49730213215440355,-47.172447629075656,2,True
BTCUSDT,short,f68256a4eb6ab47ba6e283f3b108e9494b52fc2f097673502829a22d30c1d27b,BTCUSDT|short|high_volume,1766512860000,1766514720000,2025-12-23T18:01:00+00:00,2025-12-23T18:32:00+00:00,87053.20000000001,88063.6,0.0016,139.28512000000003,27.857024000000006,5,87914.1,87914.1,1.9528642559999907,2.216362400437699,exchange_guard_proxy_touch,False,-1.6166399999999908,0.33622425600000005,0.0,0.16714214400000002,-1.952864255999991,-140.2062371055853,2,True
BTCUSDT,short,cceb0c9e064bd095cae6cd9680c43b83e695ea215aa38706cdaea07f7996dc38,BTCUSDT|short|high_volume,1766555160000,1766593980000,2025-12-24T05:46:00+00:00,2025-12-24T16:33:00+00:00,86690.0,87598.8,0.0013000000000000002,112.69700000000002,22.539400000000004,5,87850.0,87450.1,1.9747354640000114,8.114350712660755,exchange_guard_proxy_touch,False,-1.1814400000000038,0.27189052799999996,0.016252468823500003,0.1352364,-1.4370780591765038,-127.5169755340873,2,True
BTCUSDT,short,14a57964d5250ccb5eb0e2e0325a51df8a3656c237a929f59bc43e5b15d79b73,BTCUSDT|short|high_volume,1766639160000,1766676300000,2025-12-25T05:06:00+00:00,2025-12-25T15:25:00+00:00,87527.40000000001,88008.3,0.0025,218.81850000000003,43.76370000000001,5,87933.6,87858.90000000001,1.9160814999999929,2.3380236403723664,exchange_guard_proxy_touch,False,-1.2022499999999854,0.5266071,0.017456019817499998,0.26258220000000004,-1.7114010801824853,-78.21098673935178,2,True
BTCUSDT,short,54ec784bd9fad7cfe87c3550964ad0383b88a167ef937dcf7c2c6716f9ff0537,BTCUSDT|short|high_volume,1766787960000,1766815740000,2025-12-26T22:26:00+00:00,2025-12-27T06:09:00+00:00,87229.6,87642.3,0.0008,69.78368,13.956736000000001,5,89037.1,87493.5,1.7364813759999955,2.6027488811100703,exchange_guard_proxy_touch,False,-0.3301599999999977,0.167877024,0.0012636704376000002,0.083740416,-0.4967733535623977,-71.18761199787654,2,True
BTCUSDT,short,b8593d05929e20817a129c7c797ff23518aef50fe47beecbb3fe702fd99edbea,BTCUSDT|short|confirmed_volume,1767041160000,1767082380000,2025-12-29T20:46:00+00:00,2025-12-30T08:13:00+00:00,87043.70000000001,88117.8,0.0013000000000000002,113.15681000000004,22.631362000000006,5,88150.1,87968.20000000001,1.906726171999985,1.9060014160176584,exchange_guard_proxy_touch,False,-1.3963299999999887,0.27325194,0.016581154817500002,0.13578817200000004,-1.6530007851824886,-146.08053949050773,2,True
BTCUSDT,short,4df9ded0a127e79aea6311ec60c1ed1dd3cbf718618b81e6ccddb648ee3b725d,BTCUSDT|short|high_volume,1767170760000,1767175800000,2025-12-31T08:46:00+00:00,2025-12-31T10:10:00+00:00,88231.1,88931.1,0.0021000000000000003,185.28531000000004,37.05706200000001,5,88780.1,88780.1,1.9164487440000004,3.049055204486813,exchange_guard_proxy_touch,False,-1.4700000000000002,0.44644874400000006,0.0,0.22234237200000004,-1.9164487440000002,-103.43230901575521,2,True
BTCUSDT,short,8719e4105777b24b32ec9aef5dd2f35da7e622a5df12374f695a0cc22f1c6547,BTCUSDT|short|high_volume,1767194160000,1767229620000,2025-12-31T15:16:00+00:00,2026-01-01T01:07:00+00:00,87991.0,87999.20000000001,0.0016,140.78560000000002,28.157120000000003,5,88780.1,87849.8,1.8438504320000095,6.6242321096311185,exchange_guard_proxy_touch,False,-0.013120000000018627,0.337901184,0.019291868,0.16894272,-0.33172931600001865,-23.562730563354393,2,True
BTCUSDT,short,be50f2b9a771fd1a619b55f8af5616cb74e01e4dd00c595c2f3a73ec7227850a,BTCUSDT|short|high_volume,1767418860000,1767444360000,2026-01-03T05:41:00+00:00,2026-01-03T12:46:00+00:00,89736.1,90097.0,0.0019,170.49859,34.099718,5,90368.8,89944.0,1.905149607999989,2.2658255464384895,exchange_guard_proxy_touch,False,-0.6857099999999889,0.41001946799999994,0.0017947471155,0.20459830799999998,-1.093934720884489,-64.16092478445064,2,True
BTCUSDT,short,c2eb94b62c0e931e7949e03a9e6235dbd854091100755f4a5b1bd3664c03b5d1,BTCUSDT|short|confirmed_volume,1767550260000,1767567660000,2026-01-04T18:11:00+00:00,2026-01-04T23:01:00+00:00,91039.0,91585.0,0.002,182.078,36.4156,5,91581.8,91429.5,1.8356636,1.6825008633232,exchange_guard_proxy_touch,False,-1.092,0.4382976,0.0,0.21849359999999998,-1.5302976000000001,-84.04626588604884,2,True
ETHUSDT,short,34762cc78ba45b066288441a647d0cee37c5fbee3c44e25df746d607e22b5024,ETHUSDT|short|high_volume,1768981260000,1769008500000,2026-01-21T07:41:00+00:00,2026-01-21T15:15:00+00:00,2962.25,3006.13,0.01,29.622500000000002,5.9245,5,3113.53,3001.0200000000004,1.6387729599999992,3.091248861857868,exchange_guard_proxy_touch,False,-0.4388000000000011,0.07162056,0.00015735806000000002,0.035546999999999995,-0.5102632019400012,-172.25527958139966,2,True
ETHUSDT,short,d8a90a396611472f844654329e7dc511b62c9e696ae42ac5b728fca76429b5fc,ETHUSDT|short|high_volume,1769015760000,1769023980000,2026-01-21T17:16:00+00:00,2026-01-21T19:33:00+00:00,2863.21,3006.13,0.01,28.6321,5.72642,5,3001.0200000000004,3001.0200000000004,1.4996320800000007,2.9931248297261113,exchange_guard_proxy_touch,False,-1.4292000000000007,0.07043208,0.0,0.03435852,-1.4996320800000007,-523.7590257089073,2,True
ETHUSDT,short,26f2db644f7d7342e8fb95a4767698beb1d1e296dab642f6f7c30e37d161ede5,ETHUSDT|short|high_volume,1769066460000,1769131800000,2026-01-22T07:21:00+00:00,2026-01-23T01:30:00+00:00,3001.92,2963.04,0.03,90.0576,18.011519999999997,5,3037.5,2958.01,1.4401052399999998,2.424804900388166,exchange_guard_proxy_touch,False,1.1664000000000032,0.21473855999999997,0.003219255804,0.10806911999999999,0.9548806958040031,106.02999589196284,2,True
ETHUSDT,short,5fe47d9c0dd7ee2d6576e24fa4574d8aaa64d17cf5d9710bbe70e3f1f251e4c4,ETHUSDT|short|high_volume,1769178960000,1769183280000,2026-01-23T14:36:00+00:00,2026-01-23T15:48:00+00:00,2905.69,2951.36,0.03,87.1707,17.43414,5,2946.3500000000004,2946.3500000000004,1.5809538000000023,10.56063181184316,exchange_guard_proxy_touch,False,-1.370100000000002,0.21085379999999998,0.0,0.10460483999999999,-1.580953800000002,-181.36298090987017,2,True
ETHUSDT,short,0901ccfbe55a2acd70e07f5f347a80eef8a33a87deec6c8450ed159958ee5c5d,ETHUSDT|short|high_volume,1769239260000,1769267160000,2026-01-24T07:21:00+00:00,2026-01-24T15:06:00+00:00,2949.52,2968.63,0.05,147.476,29.4952,5,2968.76,2963.59,1.5698997999999982,3.9456640813001203,exchange_guard_proxy_touch,False,-0.9555000000000065,0.355089,0.0017307438550000004,0.1769712,-1.3088582561450064,-88.75059373355708,2,True
ETHUSDT,short,2b19ab8eef1f2c7d204e9f26c3d9beef0e7fbab7ec764629915d3e05de3bb92e,ETHUSDT|short|high_volume,1769311260000,1769411820000,2026-01-25T03:21:00+00:00,2026-01-26T07:17:00+00:00,2940.76,2902.96,0.05,147.038,29.407600000000002,5,2963.03,2898.03,1.7200297999999972,9.867982426767032,exchange_guard_proxy_touch,False,1.8900000000000092,0.3506232,-0.022504471800000002,0.1764456,1.5168723282000092,103.16192604632877,2,True
ETHUSDT,short,454eb125d67fc7a1eb48518e255a93d715bacb54af6bdac350ed25aab51d1958,ETHUSDT|short|high_volume,1769475960000,1769481600000,2026-01-27T01:06:00+00:00,2026-01-27T02:40:00+00:00,2906.19,2950.62,0.03,87.1857,17.43714,5,2945.61,2945.61,1.543745159999995,2.195167416867465,exchange_guard_proxy_touch,False,-1.332899999999995,0.21084515999999995,0.0,0.10462284,-1.543745159999995,-177.0640322896983,2,True
ETHUSDT,short,6ccea07f547e5c8152d0f9c99ae55cc7b39bbd7a2af5796004a611c83f2ae537,ETHUSDT|short|high_volume,1769495760000,1769529840000,2026-01-27T06:36:00+00:00,2026-01-27T16:04:00+00:00,2924.1,2950.62,0.05,146.205,29.241000000000003,5,2945.61,2945.61,1.6784831999999992,3.429907642903441,exchange_guard_proxy_touch,False,-1.3259999999999992,0.35248319999999994,0.026656898220000003,0.175446,-1.6518263017799992,-112.98015127936794,2,True
BTCUSDT,short,06b1e2dfb60664c8b7e951fd13529beeafe7892490c23642702ebc090afee249,BTCUSDT|short|high_volume,1769590860000,1769593080000,2026-01-28T09:01:00+00:00,2026-01-28T09:38:00+00:00,88770.6,89518.1,0.0018000000000000002,159.78708000000003,31.957416000000006,5,89366.1,89366.1,1.730603592,3.090157427341228,exchange_guard_proxy_touch,False,-1.3455000000000001,0.38510359200000005,0.0,0.19174449600000001,-1.7306035920000002,-108.30685384575524,2,True
BTCUSDT,short,c799f6b736d4987f5f3fa72523a3b0b6c84cb10434cf843bf8322e89dba230d8,BTCUSDT|short|high_volume,1769698860000,1769783880000,2026-01-29T15:01:00+00:00,2026-01-30T14:38:00+00:00,86650.40000000001,83441.8,0.0008,69.32032000000001,13.864064000000003,5,88461.3,83300.1,1.7372916160000023,19.276367613728986,exchange_guard_proxy_touch,False,2.5668800000000047,0.163288512,0.0068981763976,0.083184384,2.410489664397605,347.73204514889784,2,True
BTCUSDT,short,42b0598618cfe7262e9d7d35030b76d38cd51d704bd8155ec607342fb6bf4979,BTCUSDT|short|confirmed_volume,1769924460000,1769939940000,2026-02-01T05:41:00+00:00,2026-02-01T09:59:00+00:00,78549.2,79229.5,0.0016,125.67872,25.135744,5,79396.90000000001,79095.0,1.8758357120000186,1.8812705221956,exchange_guard_proxy_touch,False,-1.0884800000000048,0.302935104,0.0042869673088,0.15081446399999998,-1.387128136691205,-110.3709630947232,2,True
BTCUSDT,short,51eca68986523f2e3b4e5efabc389dc5513774e5f8ea6a250bfb735f97a03495,BTCUSDT|short|high_volume,1769942460000,1770035100000,2026-02-01T10:41:00+00:00,2026-02-02T12:25:00+00:00,78228.3,78243.90000000001,0.0016,125.16528000000001,25.033056000000002,5,79095.0,78111.1,1.9042389759999956,10.565080829042094,exchange_guard_proxy_touch,False,-0.024960000000009315,0.30042662400000003,-0.0052394891392000004,0.15019833600000002,-0.33062611313920937,-26.415161867509052,2,True
ETHUSDT,short,0891f69dcf979b4ce217a5c7c9bf15ed376d21bca0f12db7aeb02abae1713e5c,ETHUSDT|short|high_volume,1769684760000,1770038520000,2026-01-29T11:06:00+00:00,2026-02-02T13:22:00+00:00,2931.84,2321.44,0.03,87.9552,17.59104,5,2969.01,2317.5,1.479212399999994,9.901060130638076,exchange_guard_proxy_touch,False,18.312,0.18911808,-0.090668817909,0.10554624,18.032213102091003,2050.158842466506,2,True
ETHUSDT,short,8f23e46968ab80424fe31fae17edab1466327c29b7831f4bf52d1e715ea1a178,ETHUSDT|short|high_volume,1770099060000,1770150660000,2026-02-03T06:11:00+00:00,2026-02-03T20:31:00+00:00,2298.69,2320.31,0.02,45.973800000000004,9.19476,5,2358.61,2316.3700000000003,1.3904714399999967,5.344543681616525,exchange_guard_proxy_touch,False,-0.43239999999999784,0.110856,-0.0031250881919999995,0.05516856,-0.5463810881919978,-118.84618808799746,2,True
BTCUSDT,short,caa47595e74502df1c1ea7c3ceb9ab7c1e49135e3dc31ff0bf82db1920434811,BTCUSDT|short|confirmed_volume,1770096060000,1770176460000,2026-02-03T05:21:00+00:00,2026-02-04T03:41:00+00:00,78127.8,77051.6,0.0014,109.37892000000001,21.875784000000003,5,79163.1,76920.8,1.9023348400000122,1.883937698891658,exchange_guard_proxy_touch,False,1.5066799999999958,0.26070139200000003,0.0015844961944,0.131254704,1.2475631041943958,114.05882451521698,2,True
BTCUSDT,short,ba8f6ab7f70dd318c2b7a9ce0f7b775eee341550372f4ef933afa537f635cc31,BTCUSDT|short|high_volume,1770183960000,1770357000000,2026-02-04T05:46:00+00:00,2026-02-06T05:50:00+00:00,76097.90000000001,66081.8,0.0017000000000000001,129.36643000000004,25.873286000000007,5,76920.8,65969.6,1.933714979999995,2.010587202396323,exchange_guard_proxy_touch,False,17.027370000000012,0.290046588,0.0074161912785999946,0.15523971600000003,16.744739603278614,1294.3651303725865,2,True
ETHUSDT,short,c4de6c6698fbcd966fbff741664deab498c7d964326a4a6b75ae43c4d3e5b72b,ETHUSDT|short|high_volume,1770159060000,1770357000000,2026-02-03T22:51:00+00:00,2026-02-06T05:50:00+00:00,2233.78,1950.83,0.02,44.6756,8.935120000000001,5,2316.3700000000003,1947.51,1.8398981599999948,2.5450195466220458,exchange_guard_proxy_touch,False,5.659000000000005,0.10043064000000002,-0.030918610154000003,0.05361072,5.527650749846005,1237.286292706982,2,True
BTCUSDT,short,22d66269f3ea870175d5acf50383540f75ba7b34871fed04eab39a32cba410cd,BTCUSDT|short|confirmed_volume,1770361560000,1770370500000,2026-02-06T07:06:00+00:00,2026-02-06T09:35:00+00:00,64784.5,66081.8,0.0015,97.17675,19.43535,5,65969.6,65969.6,2.1815093400000043,1.9004829092056517,exchange_guard_proxy_touch,False,-1.9459500000000045,0.23555934,-0.026614071168000002,0.1166121,-2.208123411168004,-227.2275427165453,2,True
ETHUSDT,short,947d0e762bab39c7f8443690ec3cc120d9185c81467f86facb2325b1448203a3,ETHUSDT|short|high_volume,1770361560000,1770384000000,2026-02-06T07:06:00+00:00,2026-02-06T13:20:00+00:00,1898.8600000000001,1950.83,0.03,56.9658,11.39316,5,1947.51,1947.51,1.6976888399999939,2.020924577822521,exchange_guard_proxy_touch,False,-1.559099999999994,0.13858884,-0.009601146179999999,0.06835896,-1.707289986179994,-299.70438160791105,2,True
ETHUSDT,short,83c7829f9fe79854978bcd250e81484dce14f8c43d2d91c6fb612aaf10018e51,ETHUSDT|short|high_volume,1770445260000,1770480300000,2026-02-07T06:21:00+00:00,2026-02-07T16:05:00+00:00,2071.35,2079.15,0.08,165.708,33.1416,5,2087.71,2075.6200000000003,1.9924105600000246,2.875198356567121,exchange_guard_proxy_touch,False,-0.6240000000000145,0.398448,0.0020917509599999995,0.19884959999999996,-1.0203562490400144,-61.575557549425156,2,True
BTCUSDT,short,ef0a031ed0acfbbb8df7b22094e5a54a50e4571d9142f8d0828867627340c76d,BTCUSDT|short|high_volume,1770447660000,1770537480000,2026-02-07T07:01:00+00:00,2026-02-08T07:58:00+00:00,68824.5,69784.6,0.0006000000000000001,41.294700000000006,8.25894,5,71690.1,69666.1,1.8937582800000003,10.445506749602671,exchange_guard_proxy_touch,False,-0.5760600000000036,0.099798552,-0.012038385487200001,0.04955364,-0.6878969374872036,-166.58237921263589,2,True
ETHUSDT,short,4db2bebb942c19417e8198ccc165577794bbd6dfb5c289d9f60f695aba927e67,ETHUSDT|short|confirmed_volume,1770505560000,1770539280000,2026-02-07T23:06:00+00:00,2026-02-08T08:28:00+00:00,2081.61,2109.6,0.04,83.26440000000001,16.652880000000003,5,2116.8,2106.01,1.7532964799999986,1.8817559245024897,exchange_guard_proxy_touch,False,-1.1195999999999913,0.20117808,-0.0028534363919999997,0.09991728,-1.3236315163919914,-158.96727970080744,2,True
ETHUSDT,short,42a0b974b4c020587f3511f59d59f12e1217defe6fe96e310358412f906e5dc4,ETHUSDT|short|high_volume,1770546360000,1770548700000,2026-02-08T10:26:00+00:00,2026-02-08T11:05:00+00:00,2082.29,2109.6,0.06,124.9374,24.987479999999998,5,2106.01,2106.01,1.9404160799999965,6.309267844652544,exchange_guard_proxy_touch,False,-1.6385999999999967,0.30181607999999993,0.0,0.14992487999999995,-1.9404160799999968,-155.31106618194366,2,True
ETHUSDT,short,9ecb9ab581783015fe9cb2d7f631cb52d97c3321968655348aa58c906685c083,ETHUSDT|short|high_volume,1770601560000,1770655560000,2026-02-09T01:46:00+00:00,2026-02-09T16:46:00+00:00,2058.9700000000003,2106.01,0.02,41.17940000000001,8.235880000000002,5,2125.01,2102.4300000000003,1.4937023999999972,6.948073333853352,exchange_guard_proxy_touch,False,-0.9407999999999993,0.09995952000000001,-0.004292614728,0.04941528,-1.0450521347279993,-253.78032091968294,2,True
BTCUSDT,short,8b282eeb909962aa731d3b309d8d73b1576568e283c15509882587c90c58e91a,BTCUSDT|short|high_volume,1770593160000,1770732960000,2026-02-08T23:26:00+00:00,2026-02-10T14:16:00+00:00,70506.40000000001,69494.40000000001,0.0016,112.81024000000002,22.562048000000004,5,71480.1,69376.40000000001,2.0253275519999816,20.011392242656978,exchange_guard_proxy_touch,False,1.6192,0.268801536,-0.0447516807904,0.135372288,1.3056467832096,115.7383215574756,2,True
ETHUSDT,short,13322721f3ff645197ddf0daf41c50fed7f07eead9aa1280747a8015c8b12103,ETHUSDT|short|high_volume,1770702360000,1770732960000,2026-02-10T05:46:00+00:00,2026-02-10T14:16:00+00:00,2053.08,2032.46,0.02,41.0616,8.21232,5,2123.71,2029.01,1.58532984,2.8237405048222395,exchange_guard_proxy_touch,False,0.4123999999999978,0.09805295999999998,-0.01220486904,0.04927391999999999,0.30214217095999785,73.58265897091147,2,True
BTCUSDT,short,8623d0a82a4f063cce51b679dcb7c0ea95729658db7f38e39dc3ca99079e2bf1,BTCUSDT|short|high_volume,1770734760000,1770737760000,2026-02-10T14:46:00+00:00,2026-02-10T15:36:00+00:00,67914.3,69494.40000000001,0.0012000000000000001,81.49716000000001,16.299432000000003,5,69376.40000000001,69376.40000000001,2.0939885280000072,9.948541887416853,exchange_guard_proxy_touch,False,-1.8961200000000071,0.19786852800000004,0.0,0.097796592,-2.0939885280000072,-256.94006122422024,2,True
ETHUSDT,short,4bc05a52a36cf7af4731a62be2d6c8609d1bbb4d8dabca7ec04b5dc17c4f4d46,ETHUSDT|short|high_volume,1770790560000,1770877500000,2026-02-11T06:16:00+00:00,2026-02-12T06:25:00+00:00,1946.38,1980.38,0.02,38.927600000000005,7.785520000000001,5,2031.01,1977.01,1.8573403999999982,11.17048709716781,exchange_guard_proxy_touch,False,-0.68,0.09424223999999999,-0.021596809548,0.04671312,-0.7958390495480001,-204.44082079244546,2,True
ETHUSDT,short,2897df5dbba8e46d3c1f070125e36fa36753fc75b7c26cd6df6d56a929811dc5,ETHUSDT|short|high_volume,1770884460000,1770888780000,2026-02-12T08:21:00+00:00,2026-02-12T09:33:00+00:00,1958.31,1980.38,0.07,137.0817,27.41634,5,1977.01,1977.01,1.8757499600000116,2.5815085793117762,exchange_guard_proxy_touch,False,-1.5449000000000117,0.33084996,0.0,0.16449803999999998,-1.8757499600000118,-136.834454197753,2,True
BTCUSDT,short,658b84922fd2113169598a9ccb096074fe15ca23edfad9227666530b4a6e9992,BTCUSDT|short|high_volume,1770783960000,1770894120000,2026-02-11T04:26:00+00:00,2026-02-12T11:02:00+00:00,67720.7,68136.8,0.0011,74.49277000000001,14.898554,5,69262.8,68021.1,2.0068637160000096,5.531782956182698,exchange_guard_proxy_touch,False,-0.45771000000000645,0.17933190000000002,-0.013568142569300001,0.089391324,-0.6506100425693064,-87.33868301169447,2,True
BTCUSDT,short,9b1bc2974f09811ceba8f4357823aae8191c9c4f279175c8d8362368b0842f55,BTCUSDT|short|high_volume,1770908760000,1770973800000,2026-02-12T15:06:00+00:00,2026-02-13T09:10:00+00:00,67108.3,66892.2,0.0017000000000000001,114.08411000000001,22.816822000000002,5,68021.1,66778.6,2.024350004,2.5268460434610573,exchange_guard_proxy_touch,False,0.3673700000000099,0.27336101999999995,0.0034327807531999996,0.136900932,0.09744176075320996,8.541221100222453,2,True
BTCUSDT,short,ade3598dada4785e71235605a7364f88313de4679453ae54e1ff0fc745027377,BTCUSDT|short|high_volume,1771044960000,1771055040000,2026-02-14T04:56:00+00:00,2026-02-14T07:44:00+00:00,68654.7,69235.8,0.0027,185.36769,37.073538,5,69118.20000000001,69118.20000000001,2.015735220000016,2.033525308945678,exchange_guard_proxy_touch,False,-1.5689700000000157,0.44676521999999996,0.0,0.222441228,-2.015735220000016,-108.74253328614148,2,True
ETHUSDT,short,cd8a0f44ac25c043e811bb3373f92f368f5596e2fad70b053cd007c6ab479b8d,ETHUSDT|short|confirmed_volume,1771220460000,1771232520000,2026-02-16T05:41:00+00:00,2026-02-16T09:02:00+00:00,1951.24,1984.02,0.05,97.56200000000001,19.512400000000003,5,1980.65,1980.65,1.8751155999999989,1.7280867456360587,exchange_guard_proxy_touch,False,-1.6389999999999987,0.23611559999999998,-0.011672960999999999,0.11707440000000001,-1.8867885609999986,-193.39379686763272,2,True
BTCUSDT,short,cc9a3f2db6e5715fb0db874547ceea013bf81a6f79266891129b2171a1ba72a5,BTCUSDT|short|confirmed_volume,1771205760000,1771232640000,2026-02-16T01:36:00+00:00,2026-02-16T09:04:00+00:00,68402.1,68987.0,0.0022,150.48462000000004,30.09692400000001,5,69049.3,68869.90000000001,2.0453016319999806,1.6171420958487943,exchange_guard_proxy_touch,False,-1.2867799999999874,0.362707224,-0.009884447870000002,0.180581544,-1.6593716718699874,-110.26852258190816,2,True
ETHUSDT,short,6aba6988aacbc854c7a32d9c31b4e7923c06058ea3ab8ecf211507c59f3c58a6,ETHUSDT|short|high_volume,1771240260000,1771244760000,2026-02-16T11:11:00+00:00,2026-02-16T12:26:00+00:00,1964.08,1984.02,0.08,157.1264,31.425279999999997,5,1980.65,1980.65,1.9742176000000045,3.702242665795671,exchange_guard_proxy_touch,False,-1.5952000000000044,0.37901759999999995,0.0,0.18855168,-1.9742176000000042,-125.64518756873476,2,True
ETHUSDT,short,da72147f49ea876a59f4f39ac92bfe8cf408eabc5771f8bfb4205cbd14041dd7,ETHUSDT|short|high_volume,1771339560000,1771344120000,2026-02-17T14:46:00+00:00,2026-02-17T16:02:00+00:00,1946.53,1993.32,0.03,58.3959,11.679179999999999,5,1989.93,1989.93,1.545534599999999,8.38485402875284,exchange_guard_proxy_touch,False,-1.4036999999999988,0.14183459999999998,-0.005587704072,0.07007507999999998,-1.5511223040719988,-265.6217823634877,2,True
ETHUSDT,short,473ae54a03732764f74e10e96c34c017ded1e70a73a0dd43c57b017fbe8ad9d6,ETHUSDT|short|high_volume,1771376760000,1771396020000,2026-02-18T01:06:00+00:00,2026-02-18T06:27:00+00:00,1972.93,2006.67,0.05,98.6465,19.729300000000002,5,2003.26,2003.26,1.9257760000000006,6.676723287989341,exchange_guard_proxy_touch,False,-1.6870000000000005,0.23877600000000002,0.0,0.11837579999999999,-1.9257760000000006,-195.21990136497502,2,True
BTCUSDT,short,dbde67bf3192e2ccfa2b97d4a1a0b23c35d2c69448dd2884c71b975bacd7e9e0,BTCUSDT|short|high_volume,1771305660000,1771402260000,2026-02-17T05:21:00+00:00,2026-02-18T08:11:00+00:00,68024.5,68336.2,0.0013000000000000002,88.43185000000001,17.686370000000004,5,69228.70000000001,68220.20000000001,1.9327686040000116,3.395781506244481,exchange_guard_proxy_touch,False,-0.40520999999999624,0.21272269200000002,0.009390968125500002,0.10611822,-0.6085417238744962,-68.8147679681581,2,True
BTCUSDT,short,2df1e8be0f83a3b686a694ce98e57458a8239440e297ff9f32a87ae5e73df43c,BTCUSDT|short|high_volume,1771410960000,1771429200000,2026-02-18T10:36:00+00:00,2026-02-18T15:40:00+00:00,67764.90000000001,68336.2,0.0026000000000000003,176.18874000000005,35.23774800000001,5,68220.20000000001,68220.20000000001,1.91001543199997,2.218015322191741,exchange_guard_proxy_touch,False,-1.48537999999997,0.42463543200000003,0.0,0.21142648800000002,-1.91001543199997,-108.40734952755605,2,True
ETHUSDT,short,7035b9b74e65b2fb78f9b7036c0a79f2702d5761c8f39c6c36cb9b67ea1803fa,ETHUSDT|short|high_volume,1771438860000,1771473720000,2026-02-18T18:21:00+00:00,2026-02-19T04:02:00+00:00,1961.31,1976.94,0.03,58.839299999999994,11.767859999999999,5,2009.81,1973.58,1.700683440000002,3.8917920479908767,exchange_guard_proxy_touch,False,-0.46890000000000326,0.141777,-0.012386595581999999,0.07060715999999999,-0.6230635955820032,-105.8924214907389,2,True
BTCUSDT,short,7918221585ffd8008a995ec552d8365d15a690fde7ca02aeec2993d8f9fceb15,BTCUSDT|short|high_volume,1771438860000,1771546440000,2026-02-18T18:21:00+00:00,2026-02-20T00:14:00+00:00,66698.90000000001,67288.3,0.001,66.69890000000001,13.339780000000001,5,68336.1,67174.1,1.9155814399999942,2.828054382023024,exchange_guard_proxy_touch,False,-0.5893999999999942,0.16078464,-0.003985580209,0.08003868,-0.7541702202089942,-113.07086326895856,2,True
BTCUSDT,short,5d33051cedc4fd367e08daa148f867e804c47417786d067d2c474cab289df4a2,BTCUSDT|short|high_volume,1771719960000,1771741620000,2026-02-22T00:26:00+00:00,2026-02-22T06:27:00+00:00,67674.0,68314.6,0.0015,101.511,20.3022,5,68632.6,68198.6,1.8585119400000043,3.583975716539607,exchange_guard_proxy_touch,False,-0.9609000000000087,0.24477948,0.0,0.1218132,-1.2056794800000088,-118.77328368354256,2,True
ETHUSDT,short,64cc532ea4faf7a7db82fd2b90c3be5894d76536f94b2b4e7128d95a78d422bb,ETHUSDT|short|high_volume,1771719960000,1771755720000,2026-02-22T00:26:00+00:00,2026-02-22T10:22:00+00:00,1964.22,1981.97,0.05,98.21100000000001,19.642200000000003,5,1994.6,1978.6,1.9267331999999986,4.802891731772788,exchange_guard_proxy_touch,False,-0.8875000000000001,0.2367714,0.0015642079200000002,0.11785319999999999,-1.12270719208,-114.31582939589251,2,True
ETHUSDT,short,ed9ff7e71bf0d5e5aabe330d409d1bb487f2e857fe8e86cf62a2200b89e9be78,ETHUSDT|short|high_volume,1771767660000,1771854120000,2026-02-22T13:41:00+00:00,2026-02-23T13:42:00+00:00,1944.3700000000001,1931.02,0.04,77.77480000000001,15.554960000000003,5,1978.6,1927.74,1.6924643199999962,7.975413270711661,exchange_guard_proxy_touch,False,0.5340000000000055,0.18601872,-0.067130670696,0.09332976000000001,0.2808506093040055,36.110746579098304,2,True
BTCUSDT,short,319145bd7bdc25f8d9e5ae7beefa0d8e4924f4ed5decffa41a68ad9c80695365,BTCUSDT|short|high_volume,1771808460000,1771944120000,2026-02-23T01:01:00+00:00,2026-02-24T14:42:00+00:00,66423.5,63540.4,0.0012000000000000001,79.7082,15.941640000000001,5,67728.1,63432.5,1.8971041920000036,6.559989406808584,exchange_guard_proxy_touch,False,3.4597199999999986,0.187148016,-0.010349604183600003,0.09564984,3.2622223798163983,409.2706120344454,2,True
ETHUSDT,short,41f6088bcb8fe980a9ea05165ab44f89b73f12a611774cad2f964daf51831c7a,ETHUSDT|short|high_volume,1771857660000,1771944480000,2026-02-23T14:41:00+00:00,2026-02-24T14:48:00+00:00,1898.73,1838.69,0.05,94.93650000000001,18.9873,5,1927.74,1835.56,1.8442849999999984,6.365294051140216,exchange_guard_proxy_touch,False,3.0019999999999984,0.22424519999999998,-0.00412397492,0.1139238,2.7736308250799984,292.15642298589034,2,True
ETHUSDT,short,1610dddd2d8a247596a346348c94ec281e0c6557954e894ff559054174eb2669,ETHUSDT|short|high_volume,1772093460000,1772164560000,2026-02-26T08:11:00+00:00,2026-02-27T03:56:00+00:00,2043.7,2046.0900000000001,0.04,81.748,16.349600000000002,5,2083.1000000000004,2042.61,1.916256800000002,3.291181089544731,exchange_guard_proxy_touch,False,-0.095600000000004,0.19630992,0.004318416232,0.0980976,-0.28759150376800396,-35.180249519010125,2,True
BTCUSDT,short,83d3d9e9a4553b9823fab4b0ca05e7cbb532f256ef31e8c4e7c14681f85fe5bd,BTCUSDT|short|high_volume,1772114460000,1772164620000,2026-02-26T14:01:00+00:00,2026-02-27T03:57:00+00:00,67689.0,67733.2,0.0015,101.5335,20.3067,5,68689.8,67618.20000000001,1.9220920800000085,2.1826184387303598,exchange_guard_proxy_touch,False,-0.06629999999999564,0.24375996000000003,0.0020430380835,0.1218402,-0.3080169219164957,-30.336482236552044,2,True
ETHUSDT,short,f99b9ed8d3ae3ae4ad4e0605a89044d33b0d73586c0f4cd5dd078943e02a7592,ETHUSDT|short|high_volume,1772173260000,1772179800000,2026-02-27T06:21:00+00:00,2026-02-27T08:10:00+00:00,2029.06,2046.0900000000001,0.09,182.6154,36.52308,5,2042.61,2042.61,1.972816200000018,2.256416298859516,exchange_guard_proxy_touch,False,-1.532700000000018,0.44011619999999996,0.000610680924,0.21913848,-1.9722055190760177,-107.99776574571572,2,True
ETHUSDT,short,b42fe711cc81a61cf71eebe361c9221ed4e38231a41bb9e606c5aff90a789823,ETHUSDT|short|high_volume,1772191260000,1772237460000,2026-02-27T11:21:00+00:00,2026-02-28T00:11:00+00:00,1967.5900000000001,1936.15,0.02,39.351800000000004,7.870360000000001,5,2045.6,1932.86,1.7262000799999957,3.980616487801538,exchange_guard_proxy_touch,False,0.6288000000000011,0.09368976,-0.015384755024,0.04722216,0.5197254849760011,132.07159138235127,2,True
BTCUSDT,short,5f8fb237477d5abb6b0dba614667e235975d37d62a2747a20cec4c56ee6242f1,BTCUSDT|short|high_volume,1772196660000,1772301480000,2026-02-27T12:51:00+00:00,2026-02-28T17:58:00+00:00,65610.2,65447.0,0.0006000000000000001,39.36612,7.8732240000000004,5,68127.90000000001,65335.9,1.6765348800000037,2.3377667648333604,exchange_guard_proxy_touch,False,0.09791999999999826,0.094361184,-0.005124263907600001,0.047239343999999996,-0.001565447907601743,-0.39766375441667684,2,True
ETHUSDT,short,ec661d4c940f204f242eee3ef4779b5eb8f77c6bc601cd1061d5a9b9e1607cb7,ETHUSDT|short|high_volume,1772300760000,1772303460000,2026-02-28T17:46:00+00:00,2026-02-28T18:31:00+00:00,1886.39,1918.26,0.05,94.3195,18.8639,5,1915.0,1915.0,1.8217789999999945,6.655948877958075,exchange_guard_proxy_touch,False,-1.5934999999999946,0.228279,0.0,0.1131834,-1.8217789999999945,-193.1497728465476,2,True
ETHUSDT,short,40ee68876e622d329df2a14a7a29c84547d682965b79ef4e757fabe9fbf2b465,ETHUSDT|short|high_volume,1772394360000,1772413680000,2026-03-01T19:46:00+00:00,2026-03-02T01:08:00+00:00,1949.01,1978.27,0.02,38.9802,7.7960400000000005,5,2027.78,1974.91,1.7399257600000004,2.346407388214287,exchange_guard_proxy_touch,False,-0.5851999999999998,0.09425472,-0.005909567272000001,0.04677624,-0.6853642872719998,-175.82369697230894,2,True
BTCUSDT,short,d7e653ef68c2eb1a4496df2b69885d62baf5384a7588ff929a656f90bd7fe0fc,BTCUSDT|short|high_volume,1772383860000,1772413860000,2026-03-01T16:51:00+00:00,2026-03-02T01:11:00+00:00,65791.8,67001.90000000001,0.001,65.79180000000001,13.158360000000002,5,67333.1,66888.1,1.8156872800000028,13.925527240227899,exchange_guard_proxy_touch,False,-1.210100000000006,0.15935244,-0.000393184402,0.07895016,-1.3698456244020059,-208.20917263276056,2,True
ETHUSDT,short,7edab48531d2a579ea6dfc1033bb0a249808796aa99fd8f6c7ca67be9341f953,ETHUSDT|short|high_volume,1772417760000,1772421600000,2026-03-02T02:16:00+00:00,2026-03-02T03:20:00+00:00,1944.01,1978.27,0.04,77.7604,15.55208,5,1974.91,1974.91,1.5586694399999996,2.3610815627546917,exchange_guard_proxy_touch,False,-1.3703999999999996,0.18826943999999998,0.0,0.09331247999999999,-1.5586694399999996,-200.445141743098,2,True
ETHUSDT,short,153c05aa2674e965b0dd942a353165c3782c747b95487ea7b2df16df01f233e2,ETHUSDT|short|high_volume,1772449860000,1772462760000,2026-03-02T11:11:00+00:00,2026-03-02T14:46:00+00:00,1934.25,1970.29,0.03,58.027499999999996,11.6055,5,1984.46,1966.94,1.7488952400000042,3.7517896510811735,exchange_guard_proxy_touch,False,-1.0811999999999988,0.14056343999999996,0.0,0.069633,-1.2217634399999988,-210.5490396794621,2,True
BTCUSDT,short,ece723859b3e3fa7ee0c80c793cc071031e6580ee6e7598d7460d6ab3b0c30e6,BTCUSDT|short|confirmed_volume,1772457060000,1772462820000,2026-03-02T13:11:00+00:00,2026-03-02T14:47:00+00:00,65806.40000000001,66821.1,0.0016,105.29024000000003,21.058048000000007,5,66707.6,66707.6,1.8781647999999955,1.7410702525913602,exchange_guard_proxy_touch,False,-1.6235199999999954,0.2546448,0.0,0.126348288,-1.8781647999999955,-178.37976245471518,2,True
BTCUSDT,short,aacfa60c707bf795de0bd65ced6e1ea649888957d3ef8730ceb8b969f4b0c35c,BTCUSDT|short|high_volume,1772513160000,1772553900000,2026-03-03T04:46:00+00:00,2026-03-03T16:05:00+00:00,68058.2,68115.8,0.001,68.0582,13.61164,5,69500.1,68000.1,1.7253118000000058,2.0631183134346878,exchange_guard_proxy_touch,False,-0.05760000000000582,0.1634088,0.0019816718590000004,0.08166984,-0.2190271281410058,-32.18232749925884,2,True
ETHUSDT,short,fc85ad5501835342c05d42eb4dfed75277c33f9967b7b07e1feffc9867f53add,ETHUSDT|short|confirmed_volume,1772493960000,1772554140000,2026-03-02T23:26:00+00:00,2026-03-03T16:09:00+00:00,2035.8500000000001,1992.5800000000002,0.06,122.15100000000001,24.430200000000003,5,2054.6800000000003,1989.19,1.6345701599999818,1.7073844847990318,exchange_guard_proxy_touch,False,2.5961999999999987,0.29004695999999996,-0.023242507752,0.14658119999999997,2.282910532247999,186.89249635680417,2,True
ETHUSDT,short,e1ccf8de5965ea50b3107f1bad20fb700caf11ff471d5b7db459d3592ad5dbfc,ETHUSDT|short|high_volume,1772595060000,1772610420000,2026-03-04T03:31:00+00:00,2026-03-04T07:47:00+00:00,1958.79,2004.4,0.03,58.7637,11.75274,5,2000.99,2000.99,1.5109748400000038,4.96464216604544,exchange_guard_proxy_touch,False,-1.3683000000000038,0.14267483999999997,0.0,0.07051644,-1.5109748400000038,-257.12724692284587,2,True
ETHUSDT,short,5eaecf87cd1997adb529965ef38914867cf618798be5a1e6594763cc93783aa6,ETHUSDT|short|high_volume,1772760660000,1772853180000,2026-03-06T01:31:00+00:00,2026-03-07T03:13:00+00:00,2066.48,1992.3,0.04,82.6592,16.53184,5,2099.3100000000004,1988.91,1.6561292800000036,7.20646536858157,exchange_guard_proxy_touch,False,2.9672000000000027,0.19482143999999998,-0.027458292503999997,0.09919104,2.7449202674960027,332.07680058553706,2,True
ETHUSDT,short,ca7e7bea987743151a539a5a4000763fa6c95b0a6d861cb832af8c183b17936b,ETHUSDT|short|high_volume,1772856360000,1772881920000,2026-03-07T04:06:00+00:00,2026-03-07T11:12:00+00:00,1965.3600000000001,1992.3,0.06,117.9216,23.584319999999998,5,1988.91,1988.91,1.9013515199999895,10.427796290038398,exchange_guard_proxy_touch,False,-1.6163999999999896,0.2849515199999999,-0.002178812256,0.14150592,-1.9035303322559896,-161.423380640696,2,True
ETHUSDT,short,6a3708dd82d21d95a420697d3b4048dcb08e32fbf95e765c31e5817dc3464d4a,ETHUSDT|short|high_volume,1772892660000,1772965380000,2026-03-07T14:11:00+00:00,2026-03-08T10:23:00+00:00,1969.41,1979.7,0.05,98.47050000000002,19.694100000000002,5,1993.84,1976.34,1.6289983999999968,2.9115175384255787,exchange_guard_proxy_touch,False,-0.5144999999999982,0.2369466,-0.031002792670000005,0.11816460000000001,-0.7824493926699982,-79.46028431560703,2,True
ETHUSDT,short,bf7b79672db054d50a5773004ac54cc083e015e9eab49ad839e9254545434470,ETHUSDT|short|high_volume,1772968260000,1773025320000,2026-03-08T11:11:00+00:00,2026-03-09T03:02:00+00:00,1952.68,1969.5900000000001,0.05,97.63400000000001,19.5268,5,1976.34,1966.24,1.5869427999999992,7.830515983024004,exchange_guard_proxy_touch,False,-0.8455000000000041,0.23533620000000002,-0.05825446832000001,0.11716080000000001,-1.1390906683200042,-116.66946640719463,2,True
ETHUSDT,short,e748a40fa84eace4be921b8938d708289ab01c399a5b4f66f2187c7944769069,ETHUSDT|short|high_volume,1773207960000,1773235200000,2026-03-11T05:46:00+00:00,2026-03-11T13:20:00+00:00,2011.88,2044.48,0.04,80.4752,16.09504,5,2041.01,2041.01,1.4987052799999965,7.213030063196251,exchange_guard_proxy_touch,False,-1.3039999999999965,0.19470527999999998,-0.000119086128,0.09657024,-1.4988243661279965,-186.2467401296296,2,True
ETHUSDT,short,a41d31feb4f3e97b5f9047c844ae2d9718ae697ce943cd325862036724a61914,ETHUSDT|short|high_volume,1773282060000,1773324900000,2026-03-12T02:21:00+00:00,2026-03-12T14:15:00+00:00,2032.8500000000001,2087.41,0.03,60.9855,12.1971,5,2083.86,2083.86,1.7851293599999913,2.613468012424311,exchange_guard_proxy_touch,False,-1.6367999999999914,0.14832936,-0.008335519752,0.0731826,-1.7934648797519914,-294.0805404156712,2,True
ETHUSDT,short,d97ddec5fa74ed4d44a5d4a210d1a06f03409790197c605be1399cf0da10f40d,ETHUSDT|short|high_volume,1773326160000,1773356640000,2026-03-12T14:36:00+00:00,2026-03-12T23:04:00+00:00,2048.33,2076.28,0.04,81.9332,16.38664,5,2083.86,2072.75,1.7617155199999972,2.5417360689075172,exchange_guard_proxy_touch,False,-1.118000000000011,0.19798128000000004,-0.002507210456,0.09831983999999999,-1.318488490456011,-160.92237218319448,2,True
ETHUSDT,short,db0801e0e76e6b2c2f405607f607f6609bcb906990d3bf6f294f3d81c28d7923,ETHUSDT|short|high_volume,1773449160000,1773520860000,2026-03-14T00:46:00+00:00,2026-03-14T20:41:00+00:00,2080.05,2083.1,0.04,83.20200000000001,16.640400000000003,5,2116.4,2079.5600000000004,1.7996023999999926,2.5041133035660916,exchange_guard_proxy_touch,False,-0.12199999999998909,0.19983119999999996,-0.010732925680000002,0.0998424,-0.33256412567998905,-39.97068888728504,2,True
BTCUSDT,long,203566b72430bd091ef2fbbac16ac69af825f3ccdb9e4d0a59cfe084128f295a,BTCUSDT|long|high_volume,1777437360000,1777469040000,2026-04-29T04:36:00+00:00,2026-04-29T13:24:00+00:00,77264.1,76787.6,0.0012000000000000001,92.71692000000002,18.543384000000003,5,76138.59999999999,76918.4,1.7267134080000002,3.362700156563926,exchange_guard_proxy_touch,False,-0.5718000000000001,0.22183444800000002,0.0026242895040000003,0.11126030400000002,-0.7910101584960002,-85.31454221041855,2,True
BTCUSDT,long,8a2fcbb3ecd89a4a53bd9c26e94c0b0e8ce5f08f318aafb2029fd928481b49eb,BTCUSDT|long|high_volume,1777551960000,1777666860000,2026-04-30T12:26:00+00:00,2026-05-01T20:21:00+00:00,76436.8,77948.6,0.0012000000000000001,91.72416000000001,18.344832000000004,5,75273.4,78081.4,1.767958367999993,5.022891466216403,exchange_guard_proxy_touch,False,1.8141600000000038,0.22231497600000003,0.0107246397792,0.110068992,1.6025696637792037,174.71619950285765,2,True
BTCUSDT,long,1451f36a014f8a86655bd6462d608204b02f2556770bcaa0af6ae21edb7f37df,BTCUSDT|long|high_volume,1777738260000,1777770120000,2026-05-02T16:11:00+00:00,2026-05-03T01:02:00+00:00,78633.5,78143.8,0.002,157.267,31.4534,5,78055.59999999999,78276.9,1.7969353599999827,5.348390719075377,exchange_guard_proxy_touch,False,-0.9793999999999942,0.3762655199999999,-0.00720459648,0.18872039999999998,-1.3628701164799941,-86.65963720805982,2,True
BTCUSDT,long,c45feffae8542eea7afc61afcf05adf886b97f24fb828e5928673ee5b293a020,BTCUSDT|long|high_volume,1777860060000,1777888980000,2026-05-04T02:01:00+00:00,2026-05-04T10:03:00+00:00,79916.0,79304.8,0.001,79.916,15.9832,5,78514.09999999999,79439.9,1.7253559199999942,26.76305642950646,exchange_guard_proxy_touch,False,-0.6111999999999971,0.19106495999999995,0.00012586817199999997,0.09589919999999999,-0.802139091827997,-100.37277789528969,2,True
BTCUSDT,long,924e01872fe6e7064b2d2d67fa6615360b90662111de5b7d004f78f771cbb9bf,BTCUSDT|long|high_volume,1777929960000,1777936740000,2026-05-04T21:26:00+00:00,2026-05-04T23:19:00+00:00,80366.5,79710.6,0.0008,64.2932,12.85864,5,78449.9,79846.4,1.7923356800000003,3.5249397036066306,exchange_guard_proxy_touch,False,-0.5247199999999954,0.153674016,0.0,0.07715184,-0.6783940159999954,-105.51567133071545,2,True
BTCUSDT,long,11328748e76f948259cedc4540c9e70f3ea45213e4a628e58276b64fdbc3a134,BTCUSDT|long|high_volume,1777984260000,1778108580000,2026-05-05T12:31:00+00:00,2026-05-06T23:03:00+00:00,81329.1,80999.70000000001,0.0015,121.99365000000002,24.398730000000004,5,80480.5,81137.7,1.76926086,4.0459387367558906,exchange_guard_proxy_touch,False,-0.49409999999999127,0.29219184,0.0332774656065,0.14639238000000002,-0.7530143743934912,-61.72570247660358,2,True
BTCUSDT,long,1b90897d99bd03804d0102ee625c8c1e984f136968ee8a0a4b6ccff011cb9295,BTCUSDT|long|high_volume,1778250060000,1778445900000,2026-05-08T14:21:00+00:00,2026-05-10T20:45:00+00:00,80451.20000000001,80504.3,0.0011,88.49632000000001,17.699264000000003,5,79207.9,80641.4,1.7263722080000001,3.6413197367414094,exchange_guard_proxy_touch,False,0.0584099999999904,0.21246125999999999,-0.023689351320800002,0.10619558400000001,-0.17774061132080957,-20.084520047930756,2,True
BTCUSDT,long,c709d25e2e96c3ca29c8b25014d518dec171554c2bffa2e512adf5768a283ec7,BTCUSDT|long|high_volume,1778451360000,1778469240000,2026-05-10T22:16:00+00:00,2026-05-11T03:14:00+00:00,81373.20000000001,80504.3,0.0016,130.19712,26.039424000000004,5,80641.4,80641.4,1.701044800000014,2.565280182471372,exchange_guard_proxy_touch,False,-1.3902400000000141,0.3108048,-0.0152469217472,0.156236544,-1.7162917217472142,-131.82255657784245,2,True
BTCUSDT,long,f184f679b4e1f175f90c24d2228dfabc7d7707f9ec7e03ca6a7f836f303275d2,BTCUSDT|long|high_volume,1778494860000,1778509860000,2026-05-11T10:21:00+00:00,2026-05-11T14:31:00+00:00,81198.0,80442.90000000001,0.0016,129.9168,25.983359999999998,5,80470.0,80579.9,1.6938199039999815,2.5030632804629476,exchange_guard_proxy_touch,False,-1.2081599999999861,0.31035052800000007,0.0,0.15590015999999998,-1.5185105279999862,-116.88330747062629,2,True
BTCUSDT,long,4c3725231e9520853d48853653aecda628740a319de91ba766ce8ead9fda4218,BTCUSDT|long|high_volume,1778513460000,1778569320000,2026-05-11T15:31:00+00:00,2026-05-12T07:02:00+00:00,81471.1,80826.6,0.0014,114.05954000000001,22.811908000000003,5,80579.9,80964.29999999999,1.711495519999996,3.634546470082364,exchange_guard_proxy_touch,False,-0.9023,0.272660136,-0.010250654085000001,0.136871448,-1.185210790085,-103.91158776240898,2,True
BTCUSDT,long,10b4c20e5cff7d4d231be8709fe7a6d8731eb679694072fb3331bbfa5c232bc3,BTCUSDT|long|high_volume,1778661960000,1778668980000,2026-05-13T08:46:00+00:00,2026-05-13T10:43:00+00:00,81258.8,80709.40000000001,0.0014,113.76232,22.752464,5,80364.4,80846.9,1.7148373199999876,3.46867079910837,exchange_guard_proxy_touch,False,-0.7691599999999919,0.272106576,0.0,0.136514784,-1.041266575999992,-91.53000536557201,2,True
BTCUSDT,long,6b08c5c93d4771fd2cbbe7ee12b249ab2a9cbf5397bdeb33acc039786a48ac91,BTCUSDT|long|high_volume,1778768460000,1778802360000,2026-05-14T14:21:00+00:00,2026-05-14T23:46:00+00:00,80291.40000000001,80976.8,0.0012000000000000001,96.34968000000002,19.269936000000005,5,79187.9,81114.7,1.7152962239999967,3.6026824450034702,exchange_guard_proxy_touch,False,0.8224799999999931,0.23222620800000002,-0.007982867673600002,0.11561961600000002,0.582270924326393,60.43309374005113,2,True
ETHUSDT,short,9aafd9c6b90b336e82b0f09d9a96a02056884a143234820a42e1430eb8f3db20,ETHUSDT|short|high_volume,1779084660000,1779104340000,2026-05-18T06:11:00+00:00,2026-05-18T11:39:00+00:00,2108.9700000000003,2126.62,0.01,21.089700000000004,4.2179400000000005,5,2194.01,2123.01,0.9393805199999998,4.932421738586563,exchange_guard_proxy_touch,False,-0.17649999999999635,0.05082708,0.000138188792,0.02530764,-0.22718889120799635,-107.72504644826446,2,True
BTCUSDT,long,274d7d84dbbcd4d72c32537ae5a3d0b25ee0eb42659cd241135275ea61923f78,BTCUSDT|long|high_volume,1779150360000,1779200340000,2026-05-19T00:26:00+00:00,2026-05-19T14:19:00+00:00,77344.40000000001,76321.2,0.0011,85.07884000000001,17.015768,5,76107.59999999999,76451.2,1.705205832000013,6.01647542478833,exchange_guard_proxy_touch,False,-1.125520000000013,0.202838592,-0.0081676479192,0.10209460800000002,-1.336526239919213,-157.09267309230037,2,True
ETHUSDT,short,2526b4409b20506adce272652820533ce125fe45c266428854d6e47c81f3e134,ETHUSDT|short|high_volume,1779200760000,1779253740000,2026-05-19T14:26:00+00:00,2026-05-20T05:09:00+00:00,2098.32,2122.12,0.03,62.949600000000004,12.589920000000001,5,2144.23,2118.51,1.6396631999999984,7.082030327825842,exchange_guard_proxy_touch,False,-0.7139999999999918,0.15193584,0.005768235962999999,0.07553951999999999,-0.8601676040369917,-136.64385540765812,2,True
BTCUSDT,long,5a57ba8ee1d69914fc82dea0bf5f1df3a53a42bdbf8a58d6e8c5b2fe3e19b85d,BTCUSDT|long|confirmed_volume,1779258360000,1779359100000,2026-05-20T06:26:00+00:00,2026-05-21T10:25:00+00:00,77399.90000000001,77353.2,0.0013000000000000002,100.61987000000002,20.123974000000004,5,76484.9,77485.0,1.598487332000008,1.93693825288674,exchange_guard_proxy_touch,False,-0.06071000000001514,0.24141483600000002,-0.0418204526948,0.12074384400000002,-0.34394528869481517,-34.18264093312932,2,True
ETHUSDT,short,5ee726953631c3ccfd76be864548005974bdbd59258469e9551440456117a72d,ETHUSDT|short|high_volume,1779359460000,1779384600000,2026-05-21T10:31:00+00:00,2026-05-21T17:30:00+00:00,2108.28,2151.18,0.03,63.248400000000004,12.64968,5,2147.8100000000004,2147.5200000000004,1.4490510000000016,25.35105650011113,exchange_guard_proxy_touch,False,-1.286999999999989,0.15334055999999996,0.002453431518,0.07589808,-1.437887128481989,-227.33968424212927,2,True
ETHUSDT,short,22d2780b21c45febd7fb697d1756d6ea1657e47f82f79c18fa599d87caa3292e,ETHUSDT|short|high_volume,1779389760000,1779451920000,2026-05-21T18:56:00+00:00,2026-05-22T12:12:00+00:00,2117.71,2136.31,0.04,84.7084,16.941679999999998,5,2147.5200000000004,2132.6800000000003,1.5437067199999919,3.3360512333155348,exchange_guard_proxy_touch,False,-0.7439999999999963,0.20419296,0.006834547968,0.10165007999999999,-0.9413584120319963,-111.12928729996037,2,True
ETHUSDT,short,92cf9d4b2db39b6aea1e6e354d149f026da866632d0fff4fe8a5278405bb7e7b,ETHUSDT|short|confirmed_volume,1779489360000,1779559800000,2026-05-22T22:36:00+00:00,2026-05-23T18:10:00+00:00,2065.79,2071.37,0.02,41.3158,8.263160000000001,5,2129.4,2067.8500000000004,1.4453714400000004,1.8402677709348554,exchange_guard_proxy_touch,False,-0.11159999999999855,0.09929183999999999,0.0067928886559999995,0.04957896,-0.20409895134399855,-49.39973359925224,2,True
ETHUSDT,short,726dcd758e2b0eb322daef5718492ce5ae77f4ca5ae0f203a2c1e45a5d901b94,ETHUSDT|short|high_volume,1779938160000,1779963000000,2026-05-28T03:16:00+00:00,2026-05-28T10:10:00+00:00,2008.0,1999.0,0.02,40.160000000000004,8.032,5,2066.0,1995.6,1.3282604799999995,4.924866074909601,exchange_guard_proxy_touch,False,0.18,0.096168,0.001014270464,0.048192,0.08484627046399999,21.127059378486052,2,True
ETHUSDT,short,9d843bdf83fb47cd68c5b53d8be4aaceb9fa2a74414d1c3dd6b392426ab26b28,ETHUSDT|short|high_volume,1780058460000,1780067520000,2026-05-29T12:41:00+00:00,2026-05-29T15:12:00+00:00,1993.93,2024.21,0.04,79.7572,15.95144,5,2020.77,2020.77,1.4040707199999989,2.1565715632504134,exchange_guard_proxy_touch,False,-1.211199999999999,0.19287072,0.0,0.09570864000000001,-1.4040707199999989,-176.0431309022883,2,True
ETHUSDT,short,ad4f375dab382df7af5debb46491b67f32bde7b4d9169b21f463b2ac60dcae1e,ETHUSDT|short|high_volume,1780244760000,1780335900000,2026-05-31T16:26:00+00:00,2026-06-01T17:45:00+00:00,2000.51,1996.99,0.04,80.0204,16.00408,5,2025.71,1993.6,1.3394241600000039,2.7558362063427833,exchange_guard_proxy_touch,False,0.1407999999999993,0.19188,0.016924597588,0.09602448,-0.03415540241200071,-4.2683368755968125,2,True
ETHUSDT,short,8b6c0a0709c85697e968bb76d8e6d07d244af4db54f28c63b2040c829d816e3b,ETHUSDT|short|high_volume,1780413960000,1780480320000,2026-06-02T15:26:00+00:00,2026-06-03T09:52:00+00:00,1914.6200000000001,1886.8600000000001,0.01,19.1462,3.82924,5,2005.93,1883.65,0.9943876400000002,4.629936590784726,exchange_guard_proxy_touch,False,0.2775999999999999,0.04561776,0.003318186915,0.02297544,0.2353004269149999,122.89667240235654,2,True
BTCUSDT,short,d4db5b609868b1618ee6c3decfafb17c2ca95aac26c9a2511f379b5aa6642ca3,BTCUSDT|short|high_volume,1780351560000,1780692600000,2026-06-01T22:06:00+00:00,2026-06-05T20:50:00+00:00,70788.6,61654.8,0.0012000000000000001,84.94632000000001,16.989264000000002,5,71788.6,61550.1,1.5520069919999897,2.5181735745874083,exchange_guard_proxy_touch,False,10.960560000000005,0.19071849600000004,0.037399397862,0.10193558400000001,10.807240901862004,1272.2435653318475,2,True
ETHUSDT,short,f48e3402703190f59de49e3c16858b99d9ff4eaff57e559f331f97f8e5a2f918,ETHUSDT|short|high_volume,1780536060000,1780693440000,2026-06-04T01:21:00+00:00,2026-06-05T21:04:00+00:00,1774.47,1614.9,0.02,35.4894,7.097880000000001,5,1851.59,1612.15,1.6925010399999998,3.692427619147324,exchange_guard_proxy_touch,False,3.191399999999999,0.08134488,-0.0021286423639999994,0.04258728,3.1079264776359987,875.7337339137879,2,True
ETHUSDT,short,e38737b50143cb2f8de6c5ff91e546faa945187d1d392ec690576423e36ae657,ETHUSDT|short|high_volume,1780701660000,1780789260000,2026-06-05T23:21:00+00:00,2026-06-06T23:41:00+00:00,1579.58,1568.48,0.04,63.1832,12.63664,5,1612.15,1565.81,1.5661350400000067,4.191499747050251,exchange_guard_proxy_touch,False,0.4439999999999964,0.15110687999999997,-0.01832219376,0.07581984,0.27457092623999646,43.45631848972456,2,True
BTCUSDT,short,3e9463b7bf120ebc55f4be97ac4b59fe651e308c7a51a390311861a23628c638,BTCUSDT|short|confirmed_volume,1780770060000,1780794180000,2026-06-06T18:21:00+00:00,2026-06-07T01:03:00+00:00,60342.100000000006,61073.0,0.0016,96.54736000000001,19.309472000000003,5,61173.6,60969.299999999996,1.730309824,1.5243948572238009,exchange_guard_proxy_touch,False,-1.1694399999999907,0.233116992,-0.0055066544512,0.11585683200000002,-1.4080636464511906,-145.84175542979017,2,True
BTCUSDT,short,bf3f555ef3803809d5f3de995013873cd98d74ebb304337233725ce0b44649df,BTCUSDT|short|high_volume,1780858860000,1780870380000,2026-06-07T19:01:00+00:00,2026-06-07T22:13:00+00:00,61849.100000000006,62433.100000000006,0.0024000000000000002,148.43784000000002,29.687568000000006,5,62327.1,62327.1,1.7595327360000002,2.403720764265092,exchange_guard_proxy_touch,False,-1.4016000000000002,0.35793273600000003,0.0,0.178125408,-1.7595327360000002,-118.5366707033732,2,True
BTCUSDT,short,a113ad9d6f6bc99a02afac962de961fc30483ae3ea02df5abdd907cc659fc3e8,BTCUSDT|short|high_volume,1780949760000,1781094780000,2026-06-08T20:16:00+00:00,2026-06-10T12:33:00+00:00,63130.600000000006,61888.600000000006,0.0013000000000000002,82.06978000000002,16.413956000000006,5,64179.6,61783.5,1.7044342639999963,3.019739492918712,exchange_guard_proxy_touch,False,1.6146000000000003,0.19502995200000003,-0.004720592877000002,0.09848373600000002,1.4148494551230002,172.39591176228325,2,True
ETHUSDT,short,c14f02123c3c64dc68b1af78f09c40861e974fc9b51ffa741f8f026dd732b777,ETHUSDT|short|high_volume,1781014560000,1781094780000,2026-06-09T14:16:00+00:00,2026-06-10T12:33:00+00:00,1652.0900000000001,1645.8,0.03,49.5627,9.91254,5,1696.01,1643.0,1.5249356399999985,4.320683128470505,exchange_guard_proxy_touch,False,0.18870000000000572,0.11872403999999999,-0.013607971416,0.05947524,0.056367988584005733,11.373066556907862,2,True
BTCUSDT,short,02bd9b32f485d2f7a6a763ba10e7859889c135c24b6be609a0e24ef88fcfa6ee,BTCUSDT|short|confirmed_volume,1781242860000,1781256720000,2026-06-12T05:41:00+00:00,2026-06-12T09:32:00+00:00,63235.0,63885.600000000006,0.0022,139.11700000000002,27.823400000000003,5,63777.1,63777.1,1.7669183840000129,1.7925966446381383,exchange_guard_proxy_touch,False,-1.4313200000000128,0.33559838399999997,0.003393734498,0.1669404,-1.7635246495020127,-126.76557498379152,2,True
ETHUSDT,short,78bd8656a0333f09eea353cb600076e5f01756a4ff325f50be8e5354be7b9645,ETHUSDT|short|high_volume,1781412060000,1781471700000,2026-06-14T04:41:00+00:00,2026-06-14T21:15:00+00:00,1675.65,1681.27,0.08,134.05200000000002,26.810400000000005,5,1689.91,1678.41,1.6945702399999898,2.87915237998873,exchange_guard_proxy_touch,False,-0.4495999999999913,0.32226431999999994,-0.007997420080000001,0.16086240000000002,-0.7798617400799913,-58.17606153432931,2,True
ETHUSDT,short,ae37dd2e84fd899c1149f7b622f9233f1977d8b484efbc22b778aa8389b03636,ETHUSDT|short|confirmed_volume,1781510460000,1781520840000,2026-06-15T08:01:00+00:00,2026-06-15T10:54:00+00:00,1712.43,1734.72,0.06,102.7458,20.54916,5,1731.77,1731.77,1.5855947999999978,1.7719265152303507,exchange_guard_proxy_touch,False,-1.3373999999999977,0.24819479999999997,0.0,0.12329496,-1.5855947999999978,-154.3221036772304,2,True
BTCUSDT,short,e8679aa632de3307e6adc351974c14589444871249e0e3b483624a5ddad9cbd9,BTCUSDT|short|high_volume,1781615460000,1781661420000,2026-06-16T13:11:00+00:00,2026-06-17T01:57:00+00:00,65993.6,66020.6,0.0014,92.39104,18.478208000000002,5,66956.8,65908.5,1.7314880239999877,4.532034144855174,exchange_guard_proxy_touch,False,-0.0378,0.22178385600000003,0.0020252953896,0.11086924799999999,-0.2575585606104,-27.877006321219028,2,True
ETHUSDT,short,1f2e82a11ef5e5922bde7db3bc3f8fa2e4a4a5a7b0fc26229e57a7193ccde6f4,ETHUSDT|short|high_volume,1781733960000,1781830980000,2026-06-17T22:06:00+00:00,2026-06-19T01:03:00+00:00,1728.91,1719.57,0.02,34.5782,6.915640000000001,5,1795.59,1716.65,1.4794614400000001,6.822560488999195,exchange_guard_proxy_touch,False,0.1868000000000029,0.08276352,0.003636393462,0.04149384,0.10767287346200291,31.138946926677185,2,True
BTCUSDT,short,434f3d54a3b8909a126a478c2bcd9d7c7681a9d06def313c5c335b55e48efd46,BTCUSDT|short|high_volume,1781755860000,1781874300000,2026-06-18T04:11:00+00:00,2026-06-19T13:05:00+00:00,63872.0,63003.9,0.0014,89.4208,17.88416,5,64780.1,62896.9,1.641940664000004,3.6779496774241642,exchange_guard_proxy_touch,False,1.2153399999999979,0.21315151199999996,0.009530861166400001,0.10730496,1.0117193491663978,113.14138871117211,2,True
BTCUSDT,short,f3eed425820e066358f27223bdb1120ed7cb820bc4bf3bdd43d21b6571035791,BTCUSDT|short|high_volume,1781964660000,1781966760000,2026-06-20T14:11:00+00:00,2026-06-20T14:46:00+00:00,63138.100000000006,63878.600000000006,0.0019,119.96239000000001,23.992478000000002,5,63770.1,63770.1,1.696548076,4.203299223842608,exchange_guard_proxy_touch,False,-1.40695,0.289598076,0.0,0.143954868,-1.696548076,-141.42333076224972,2,True
ETHUSDT,short,37cd1fa5d288db4a7eaadbe23cab6f3b618b9bb3789c951e0a030854c08c9144,ETHUSDT|short|high_volume,1782017760000,1782066660000,2026-06-21T04:56:00+00:00,2026-06-21T18:31:00+00:00,1729.9,1734.82,0.07,121.09300000000002,24.218600000000002,5,1745.73,1731.87,1.608202399999997,5.10218707766662,exchange_guard_proxy_touch,False,-0.3443999999999892,0.29103648,0.004070310545000001,0.14531159999999999,-0.6313661694549892,-52.13894853170614,2,True
BTCUSDT,short,1e135735dcb88808c7f9b81cf69aad11e856f560c63a951e7b5753494306a021,BTCUSDT|short|high_volume,1782075060000,1782091380000,2026-06-21T20:51:00+00:00,2026-06-22T01:23:00+00:00,63608.9,64394.3,0.0017000000000000001,108.13513,21.627026,5,64337.4,64285.0,1.6856636280000026,31.286113649070654,exchange_guard_proxy_touch,False,-1.3351800000000025,0.261126528,0.007070699132800001,0.12976215600000002,-1.5892358288672026,-146.96757925636217,2,True
ETHUSDT,short,c93b7266b6124e1885c39514082138a628734194c5430fe838b2a55a17b23a9f,ETHUSDT|short|high_volume,1782164460000,1782261540000,2026-06-22T21:41:00+00:00,2026-06-24T00:39:00+00:00,1727.0900000000001,1676.46,0.06,103.6254,20.72508,5,1747.0,1673.61,1.6231483199999928,2.809602402020325,exchange_guard_proxy_touch,False,3.0378000000000065,0.24505559999999996,-0.00029948835000000174,0.12435048,2.7924449116500063,269.4749464561784,2,True
ETHUSDT,short,c5dc809dcf6a49c64124c243fb6a496faead20a98c762100b730e7795b20dbec,ETHUSDT|short|high_volume,1782271260000,1782279120000,2026-06-24T03:21:00+00:00,2026-06-24T05:32:00+00:00,1656.4,1676.46,0.07,115.94800000000002,23.189600000000006,5,1673.61,1673.61,1.6841602399999962,2.643687201388602,exchange_guard_proxy_touch,False,-1.4041999999999963,0.27996024,0.0,0.1391376,-1.6841602399999964,-145.2513402559765,2,True
BTCUSDT,short,0e0ab4043d430c201c4aa18a11d4f9197a9e7ae8c0457e84a30c0659eecc2dcf,BTCUSDT|short|high_volume,1782296460000,1782301740000,2026-06-24T10:21:00+00:00,2026-06-24T11:49:00+00:00,62403.600000000006,63160.8,0.0019,118.56684000000001,23.713368000000003,5,63053.6,63053.6,1.7249668319999945,2.0659586285373686,exchange_guard_proxy_touch,False,-1.4386799999999944,0.286286832,0.0,0.142280208,-1.7249668319999945,-145.48476049458637,2,True
BTCUSDT,short,f11520da2c72d44b3f98bdfc2018ad054c73d04d526b881cba7d759fa369fa89,BTCUSDT|short|high_volume,1782306660000,1782363300000,2026-06-24T13:11:00+00:00,2026-06-25T04:55:00+00:00,61957.9,61360.3,0.0012000000000000001,74.34948000000001,14.869896000000002,5,63053.6,61256.1,1.623650928000002,6.052846281635384,exchange_guard_proxy_touch,False,0.7171199999999983,0.17757820800000002,-0.0020654979948,0.089219376,0.5374762940051983,72.29052496469352,2,True
ETHUSDT,short,e4b7feb97b97b8fc5e865c87af4023513fef29b1460feb35dccd282032f5f05b,ETHUSDT|short|high_volume,1782435960000,1782459120000,2026-06-26T01:06:00+00:00,2026-06-26T07:32:00+00:00,1556.94,1585.71,0.05,77.84700000000001,15.569400000000002,5,1583.01,1583.01,1.6270589999999991,2.225759751200519,exchange_guard_proxy_touch,False,-1.4384999999999992,0.188559,0.0,0.09341640000000001,-1.6270589999999991,-209.00728351766915,2,True
ETHUSDT,short,8ef4b1124e26c75aa3ac2f9becac6096eb59d3028e2e5ca887d5759d58e204b9,ETHUSDT|short|confirmed_volume,1782464760000,1782487560000,2026-06-26T09:06:00+00:00,2026-06-26T15:26:00+00:00,1558.39,1585.71,0.05,77.91950000000001,15.583900000000003,5,1583.01,1583.01,1.5546459999999969,1.58409285835027,exchange_guard_proxy_touch,False,-1.365999999999997,0.188646,0.0,0.09350340000000001,-1.554645999999997,-199.51950410359368,2,True
ETHUSDT,short,7878ee594195d85ad32bfd02396a138170b7941f270346d310e6f544a6bf8656,ETHUSDT|short|high_volume,1782627360000,1782635880000,2026-06-28T06:16:00+00:00,2026-06-28T08:38:00+00:00,1560.58,1581.98,0.06,93.6348,18.72696,5,1579.29,1579.29,1.5102643200000054,2.6068896652067624,exchange_guard_proxy_touch,False,-1.2840000000000054,0.22626431999999996,-0.005569936092,0.11236175999999998,-1.5158342560920055,-161.88791518666196,2,True
BTCUSDT,short,39ca4f18fc1596c216aaa0d1c9c636f5d4c5e9b30962f66547ae68971c69e1f3,BTCUSDT|short|high_volume,1782664560000,1782702120000,2026-06-28T16:36:00+00:00,2026-06-29T03:02:00+00:00,59529.0,59985.200000000004,0.0014,83.3406,16.66812,5,60435.9,59883.299999999996,1.6152937360000061,2.8853195449086426,exchange_guard_proxy_touch,False,-0.6386800000000061,0.200783856,0.0025944831135999995,0.10000872,-0.8368693728864062,-100.41556850879478,2,True
BTCUSDT,short,7bf7600d2144a2d414f35e7caf746eafc79fffa04537105e142db6559c732f75,BTCUSDT|short|high_volume,1782791460000,1782869940000,2026-06-30T03:51:00+00:00,2026-07-01T01:39:00+00:00,59556.600000000006,58950.200000000004,0.0013000000000000002,77.42358000000002,15.484716000000002,5,60565.7,58850.1,1.6332814679999983,6.806752590510466,exchange_guard_proxy_touch,False,0.788320000000002,0.18487060800000005,0.0131963318175,0.09290829600000002,0.6166457238175019,79.64572599426451,2,True
ETHUSDT,short,f773cc30a8b7c71fadae81e593fd177c59466e4b539fef0cce0b46b823fa9ed4,ETHUSDT|short|high_volume,1783244460000,1783263480000,2026-07-05T09:41:00+00:00,2026-07-05T14:58:00+00:00,1750.3500000000001,1775.02,0.05,87.51750000000001,17.503500000000003,5,1772.0,1772.0,1.4450221999999924,13.031563192680613,exchange_guard_proxy_touch,False,-1.2334999999999923,0.2115222,0.0,0.10502100000000002,-1.4450221999999924,-165.11237181135112,2,True
BTCUSDT,short,80bac5f12cb04b8d509230ca414047a1fddf6095821ec30ca65b51d4db29f6dc,BTCUSDT|short|high_volume,1783339260000,1783353000000,2026-07-06T12:01:00+00:00,2026-07-06T15:50:00+00:00,62166.600000000006,63334.0,0.0012000000000000001,74.59992000000001,14.919984000000003,5,63226.5,63226.5,1.581600863999993,33.037637701301044,exchange_guard_proxy_touch,False,-1.4008799999999932,0.180720864,0.0,0.08951990400000001,-1.5816008639999932,-212.0110670359959,2,True
BTCUSDT,short,500bf984bc94e8184bbd6ca4a59a9ece51ce8ac8892da8232191992e2efb34f5,BTCUSDT|short|high_volume,1783489560000,1783559340000,2026-07-08T05:46:00+00:00,2026-07-09T01:09:00+00:00,62496.8,62437.9,0.001,62.49680000000001,12.499360000000001,5,63740.299999999996,62331.9,1.5035146000000015,2.107109683925586,exchange_guard_proxy_touch,False,0.05890000000000146,0.14992164,0.00871266341,0.07499616,-0.08230897658999854,-13.170110564060646,2,True
ETHUSDT,short,0d70f69ab66c3fb86d2f15977698a80f2c55db8ade28498e73ddf98fe6f2846d,ETHUSDT|short|high_volume,1783815060000,1783827180000,2026-07-12T00:11:00+00:00,2026-07-12T03:33:00+00:00,1781.8600000000001,1814.32,0.04,71.2744,14.25488,5,1811.24,1811.24,1.4710166399999924,2.4275034680544234,exchange_guard_proxy_touch,False,-1.2983999999999924,0.17261664,0.0,0.08552928,-1.4710166399999924,-206.38779702108926,2,True
BTCUSDT,short,895ccb64515ff9476845d3b635041f33ce4de018ad33756206d0cdff3abbd70a,BTCUSDT|short|high_volume,1783964460000,1783986840000,2026-07-13T17:41:00+00:00,2026-07-13T23:54:00+00:00,61931.700000000004,62405.100000000006,0.001,61.931700000000006,12.38634,5,63260.1,62299.1,1.58635928,5.063028591936835,exchange_guard_proxy_touch,False,-0.4734000000000015,0.14920416,0.0,0.07431804,-0.6226041600000015,-100.53077180184,2,True
ETHUSDT,long,fa1b91160a169630cdff691e48e3f6d01d52d2338360c64a5fa93d58727fea1e,ETHUSDT|long|high_volume,1784570160000,1784646240000,2026-07-20T17:56:00+00:00,2026-07-21T15:04:00+00:00,1909.27,1921.99,0.02,38.1854,7.63708,5,1852.65,1925.27,1.2856104799999997,5.355257118924738,exchange_guard_proxy_touch,False,0.25440000000000057,0.09195024,-0.0051589311560000005,0.04582248,0.15729082884400056,41.19135293698653,2,True
ETHUSDT,long,acc8f792d10be52f6b0765bf9e4db460e973528abf5983f0adf8ae186c1043f8,ETHUSDT|long|high_volume,1784738160000,1784773380000,2026-07-22T16:36:00+00:00,2026-07-23T02:23:00+00:00,1954.51,1919.0900000000001,0.03,58.6353,11.72706,5,1912.27,1922.36,1.5040867199999999,5.468109800015785,exchange_guard_proxy_touch,False,-1.0625999999999953,0.1394496,-0.00048023420400000006,0.07036235999999998,-1.2025298342039954,-205.08632755421993,2,True
ETHUSDT,long,282a481019b2114c00f4e28ecf879c0b506f8a062f82704246a3951faa7a7364,ETHUSDT|long|high_volume,1785080460000,1785154380000,2026-07-26T15:41:00+00:00,2026-07-27T12:13:00+00:00,1916.6100000000001,1952.1200000000001,0.03,57.4983,11.49966,5,1877.23,1955.45,1.4138630400000047,7.22307464524397,exchange_guard_proxy_touch,False,1.0652999999999997,0.13927428,-0.023567598048000002,0.06899796,0.9024581219519997,156.9538789759001,2,True
ETHUSDT,long,0c4f2d0011d6d737dcbd7c5c472ef0b85498590d1e808373d76bb9802a7e3cb3,ETHUSDT|long|high_volume,1785348060000,1785354420000,2026-07-29T18:01:00+00:00,2026-07-29T19:47:00+00:00,1926.1200000000001,1883.06,0.03,57.7836,11.55672,5,1886.27,1886.27,1.428930480000005,4.2187548405291535,exchange_guard_proxy_touch,False,-1.2918000000000052,0.13713048,0.0,0.06934032,-1.428930480000005,-247.2899715490217,2,True
ETHUSDT,long,ca9e2673d69d435e4af09bfb68a7d1b18521d170739a4050bfa09e3636385186,ETHUSDT|long|high_volume,1785707160000,1785728760000,2026-08-02T21:46:00+00:00,2026-08-03T03:46:00+00:00,1900.2,1848.14,0.02,38.004000000000005,7.600800000000001,5,1851.29,1851.29,1.131160159999999,10.295385859561398,exchange_guard_proxy_touch,False,-1.041199999999999,0.08996016,-0.0075375200000000015,0.0456048,-1.138697679999999,-299.6257446584567,2,True
ETHUSDT,long,ffa668b9f60f59eb63585d965da0195557219fad3c5420612cb80a0967a0b807,ETHUSDT|long|high_volume,1787151360000,1787263380000,2026-08-19T14:56:00+00:00,2026-08-20T22:03:00+00:00,1973.04,2304.56,0.02,39.4608,7.89216,5,1905.26,2308.49,1.5134014399999995,8.115558497025685,exchange_guard_proxy_touch,False,6.6304,0.1026624,-0.03565572,0.04735295999999999,6.49208188,1645.197735474192,2,True
ETHUSDT,long,ae75a2da1152b1c4085404f0acb2d6e7637b344ec4b97c160708440cda25b2e8,ETHUSDT|long|high_volume,1787271660000,1787375340000,2026-08-21T00:21:00+00:00,2026-08-22T05:09:00+00:00,2343.43,2484.63,0.03,70.3029,14.060579999999998,5,2308.49,2488.87,1.3334276399999967,5.013109586041522,exchange_guard_proxy_touch,False,4.236000000000008,0.17381015999999996,-0.04368306,0.08436347999999999,4.018506780000007,571.5990065843667,2,True
ETHUSDT,long,048cd6bbd7b7bfd4cde1cc659d6f18cb567c1afa1a63bab2865e7df67ff17b13,ETHUSDT|long|high_volume,1787417160000,1787435760000,2026-08-22T16:46:00+00:00,2026-08-22T21:56:00+00:00,2430.9700000000003,2400.9700000000003,0.03,72.9291,14.585820000000002,5,2386.99,2405.06,1.6145004000000125,3.058039908849065,exchange_guard_proxy_touch,False,-0.8999999999999999,0.17394984,0.0,0.08751492,-1.0739498399999998,-147.25943964754805,2,True
ETHUSDT,long,c1e75b86259808181546c49588db84901a6c6fc0f1c504a4a61a64d312791059,ETHUSDT|long|high_volume,1787519160000,1787644260000,2026-08-23T21:06:00+00:00,2026-08-25T07:51:00+00:00,2466.7200000000003,2464.7400000000002,0.01,24.667200000000005,4.933440000000001,5,2386.99,2468.9399999999996,0.8960958000000042,14.706829691420051,exchange_guard_proxy_touch,False,-0.019800000000000182,0.05917752000000001,-0.019422108212000005,0.02960064,-0.0983996282120002,-39.89087866154252,2,True
BTCUSDT,long,074aec6d5035237670e7512fb2b585e6a0e6e7febaa846f8de8fb126ac9de3d2,BTCUSDT|long|high_volume,1787571360000,1787659560000,2026-08-24T11:36:00+00:00,2026-08-25T12:06:00+00:00,78384.7,78693.1,0.0008,62.70776,12.541552,5,76802.79999999999,78827.2,1.518854624,2.3502977004481287,exchange_guard_proxy_touch,False,0.246720000000007,0.15079468799999998,-0.0327465115552,0.07524931199999998,0.063178800444807,10.075116771003621,2,True
ETHUSDT,long,61417aa67b4c1b03d43969a15367f2ea914f5152727d4b67d53a79ae0e0a4018,ETHUSDT|long|high_volume,1787717460000,1787735760000,2026-08-26T04:11:00+00:00,2026-08-26T09:16:00+00:00,2473.65,2446.04,0.03,74.2095,14.8419,5,2434.62,2450.2099999999996,1.4716486800000022,3.3643861925855885,exchange_guard_proxy_touch,False,-0.8283000000000038,0.17710884,-0.014763120000000001,0.08905139999999999,-1.0201719600000039,-137.47188163240608,2,True
BTCUSDT,long,2bf4497ab443f0b912e45567ea301efaef52236e6d648e11135cc3e4f9e89574,BTCUSDT|long|high_volume,1787818260000,1787885460000,2026-08-27T08:11:00+00:00,2026-08-28T02:51:00+00:00,79925.8,79571.3,0.001,79.92580000000001,15.985160000000002,5,78566.4,79706.9,1.68303032,26.599936434378748,exchange_guard_proxy_touch,False,-0.3545,0.19139652,-0.020716538777999997,0.09591095999999999,-0.566613058778,-70.89238503436937,2,True
ETHUSDT,long,f003de68d1c9f3f8bd9b273ad350ddab25749c4e95e9c023afecca6e28886c9e,ETHUSDT|long|high_volume,1787925360000,1787925960000,2026-08-28T13:56:00+00:00,2026-08-28T14:06:00+00:00,2518.04,2476.28,0.03,75.54119999999999,15.108239999999999,5,2480.5,2480.5,1.432595519999993,3.238382787718509,exchange_guard_proxy_touch,False,-1.2527999999999928,0.17979552,0.0,0.09064944,-1.432595519999993,-189.64426299820403,2,True
ETHUSDT,long,9336573451d8307fd2406fff39df72784e3a10b06714701fe1a1614986501349,ETHUSDT|long|high_volume,1788105960000,1788131820000,2026-08-30T16:06:00+00:00,2026-08-30T23:17:00+00:00,2489.78,2446.32,0.03,74.6934,14.93868,5,2450.49,2450.49,1.481499600000001,4.3914602325196395,exchange_guard_proxy_touch,False,-1.303800000000001,0.17769959999999999,0.0,0.08963207999999999,-1.481499600000001,-198.34411072464246,2,True
ETHUSDT,long,d34b031d7ef1bcff6863c568de053b232bd32f9ece1f85f1ea16a400d071f38c,ETHUSDT|long|high_volume,1788153960000,1788251160000,2026-08-31T05:26:00+00:00,2026-09-01T08:26:00+00:00,2441.83,2448.84,0.03,73.25489999999999,14.650979999999999,5,2403.77,2453.02,1.4387943600000026,5.540698820044189,exchange_guard_proxy_touch,False,0.21030000000000654,0.17606412,-0.037717749563999994,0.08790587999999998,-0.0034818695639934477,-0.47530875941315165,2,True
ETHUSDT,long,9474df928765e0332e991e929bf96e01e51ec53251b8620b6cd3dd410f4f9ee9,ETHUSDT|long|high_volume,1788402960000,1788525000000,2026-09-03T02:36:00+00:00,2026-09-04T12:30:00+00:00,2407.0,2493.94,0.03,72.21,14.441999999999998,5,2371.0499999999997,2498.1899999999996,1.3715643599999934,6.214589063061219,exchange_guard_proxy_touch,False,2.6082000000000014,0.17643384,-0.048701039993999995,0.08665199999999999,2.3830651200060013,330.0187120905694,2,True
ETHUSDT,long,ca39f02476802e5fb5ffb34cc483cbc65b0527f3c2bae75d2f13b6e3e7cf8a39,ETHUSDT|long|high_volume,1788644760000,1788678780000,2026-09-05T21:46:00+00:00,2026-09-06T07:13:00+00:00,2494.31,2492.73,0.02,49.8862,9.97724,5,2447.87,2496.9799999999996,1.1307122399999936,7.91447407271715,exchange_guard_proxy_touch,False,-0.031599999999998546,0.11968896,-0.006961537439999999,0.05986343999999999,-0.15825049743999853,-31.722299441528623,2,True
ETHUSDT,long,6e9c384f2ca762872369512e4cedfce8fb149ea379fcf565036939bd56e90e3e,ETHUSDT|long|high_volume,1788748860000,1788766020000,2026-09-07T02:41:00+00:00,2026-09-07T07:27:00+00:00,2533.9900000000002,2485.98,0.02,50.67980000000001,10.13596,5,2485.56,2490.22,1.173567680000006,10.441503522064652,exchange_guard_proxy_touch,False,-0.9602000000000044,0.12047928,0.0,0.06081576,-1.0806792800000045,-213.23668996326035,2,True
ETHUSDT,long,e89c0a60600c4030d6656e17615fcbda2797b601efa907d6b1174731ab4cb6f4,ETHUSDT|long|high_volume,1788830760000,1788843600000,2026-09-08T01:26:00+00:00,2026-09-08T05:00:00+00:00,2507.14,2470.2200000000003,0.03,75.21419999999999,15.042839999999998,5,2474.43,2474.43,1.2867849599999883,2.8830803929860096,exchange_guard_proxy_touch,False,-1.1075999999999886,0.17918496,0.0,0.09025703999999998,-1.2867849599999885,-171.08271576377714,2,True
ETHUSDT,long,e6c14cce9e9c524876436803fc45cb5a214d455f310a870b6b464d29b34203a9,ETHUSDT|long|high_volume,1789130460000,1789282320000,2026-09-11T12:41:00+00:00,2026-09-13T06:52:00+00:00,2495.14,2509.2200000000003,0.02,49.9028,9.98056,5,2439.0,2513.5,1.3241197599999992,20.283956400481618,exchange_guard_proxy_touch,False,0.2816000000000076,0.12010464000000001,-0.015632385912000002,0.05988336,0.1458629740880076,29.229416803868244,2,True
ETHUSDT,long,26f4ce8d4b541416972fa61c4d62651d7679149433e24518679aa0fe8e17f116,ETHUSDT|long|high_volume,1789355460000,1789384080000,2026-09-14T03:11:00+00:00,2026-09-14T11:08:00+00:00,2520.89,2501.86,0.02,50.4178,10.08356,5,2461.0899999999997,2506.1299999999997,1.3992669599999956,2.344845723725902,exchange_guard_proxy_touch,False,-0.38059999999999494,0.12054599999999999,-0.0077676984,0.06050136,-0.508913698399995,-100.93929096469799,2,True
BTCUSDT,long,6fb57ec285389adea959cf111bb9b9a4e195f9cb5e5206230511c7ba997b8848,BTCUSDT|long|high_volume,1789402860000,1789449000000,2026-09-14T16:21:00+00:00,2026-09-15T05:10:00+00:00,78846.20000000001,77309.8,0.0009000000000000001,70.96158000000001,14.192316000000002,5,77441.5,77441.5,1.5514084800000079,3.065432014995632,exchange_guard_proxy_touch,False,-1.382760000000008,0.16864848,-0.005012264502,0.08515389600000002,-1.5564207445020082,-219.33287625529306,2,True
ETHUSDT,long,3984353aa96feb499eaa747b93720e6043bd587d90e871f22fc19ed1787fe644,ETHUSDT|long|high_volume,1789608660000,1789682880000,2026-09-17T01:31:00+00:00,2026-09-17T22:08:00+00:00,2442.7000000000003,2439.4500000000003,0.02,48.854000000000006,9.770800000000001,5,2386.77,2443.6099999999997,1.3156098400000047,6.923005260713868,exchange_guard_proxy_touch,False,-0.065,0.1171716,-0.008132088284,0.058624800000000005,-0.190303688284,-38.953553093707775,2,True
ETHUSDT,long,6f8345bff633ec6b38157964f59095529b52430171a98179776194b4b3bc4e53,ETHUSDT|long|high_volume,1789749360000,1789852260000,2026-09-18T16:36:00+00:00,2026-09-19T21:11:00+00:00,2608.17,2621.82,0.01,26.0817,5.216340000000001,5,2492.29,2626.29,1.262354639999999,2.0451587772228255,exchange_guard_proxy_touch,False,0.13650000000000093,0.06275987999999999,-0.013334397168,0.03129804,0.060405722832000935,23.160193864664087,2,True
ETHUSDT,long,67fa9f46e1383263c01d0311964cf06d4a35f8afa5f4a76e9ea71af5c24a34fb,ETHUSDT|long|high_volume,1789949160000,1790002740000,2026-09-21T00:06:00+00:00,2026-09-21T14:59:00+00:00,2658.02,2730.3,0.02,53.1604,10.63208,5,2607.12,2645.37,1.233056800000003,10.313207111521589,administrative_period_end_mark,True,1.445600000000004,0.12931968,-0.009217011200000002,0.06379248,1.3070633088000039,245.87160909248308,2,False
