symbol,side,event_id,state,entry_ms,exit_ms,entry_utc,exit_utc,entry,exit,qty,notional_usdt,margin_usdt,leverage,initial_guard,last_guard,planned_guard_risk_usdt,volume_ratio,reason,censored,gross_usdt,fees_usdt,funding_usdt,entry_fees_usdt,net_usdt,net_bps,cost_multiplier,exit_intraminute
BTCUSDT,long,7bcbab7c4709c13908bf32cd09dd68e30ef9e817d550077dcff827ecc3b61115,BTCUSDT|long|high_volume,1735692960000,1735719960000,2025-01-01T00:56:00+00:00,2025-01-01T08:26:00+00:00,94346.90000000001,93342.90000000001,0.006900000000000001,650.9936100000001,130.19872200000003,5,93145.0,93501.9,10.42015092000002,5.312424688713349,exchange_guard_proxy_touch,False,-6.927600000000001,1.0360476960000002,-0.12925176600000002,0.5207948880000002,-8.092899462,-124.31611213510989,2,True
BTCUSDT,long,be22ff071a8985e579ce95e3bf97c3ff6e44ed308ba7c1797681e4ae1157ac4d,BTCUSDT|long|confirmed_volume,1735765560000,1735867020000,2025-01-01T21:06:00+00:00,2025-01-03T01:17:00+00:00,94951.0,96478.3,0.0067,636.1717,127.23434,5,93729.09999999999,96642.59999999999,10.265180951999922,1.9598958871672476,exchange_guard_proxy_touch,False,10.23291000000002,1.026061048,-0.514281816,0.50893736,8.692567136000019,136.63869574833365,2,True
BTCUSDT,long,91bc3978b374693d71a1d8a344e7427f3a3c50801750370f62153b30371fe990,BTCUSDT|long|high_volume,1735870860000,1735880880000,2025-01-03T02:21:00+00:00,2025-01-03T05:08:00+00:00,97406.90000000001,96478.3,0.009600000000000001,935.1062400000002,187.02124800000004,5,96642.59999999999,96642.59999999999,10.403598336000057,3.8630733069984373,exchange_guard_proxy_touch,False,-8.914560000000057,1.4890383360000004,0.0,0.7480849920000001,-10.403598336000057,-111.25578988757528,2,True
BTCUSDT,long,cb69773771d428dc5d4670cf300f46bef7b2edad45b2b74eb433d782d1599986,BTCUSDT|long|high_volume,1735921560000,1735982100000,2025-01-03T16:26:00+00:00,2025-01-04T09:15:00+00:00,98480.1,97595.8,0.0043,423.46443000000005,84.69288600000002,5,96422.4,97762.0,10.223210439999988,4.76497436385377,exchange_guard_proxy_touch,False,-3.8024900000000126,0.6745010960000001,-0.1494736540098,0.33877154400000004,-4.626464750009812,-109.25273582033351,2,True
BTCUSDT,long,78539bba592434a032de646bf60ef3d33f7baf7a4d1a2f0fb2be0fae7c14e131,BTCUSDT|long|high_volume,1736013660000,1736064180000,2025-01-04T18:01:00+00:00,2025-01-05T08:03:00+00:00,98123.6,97834.3,0.0105,1030.2978,206.05956,5,97471.9,98001.0,10.22535948,4.258612524484082,exchange_guard_proxy_touch,False,-3.037650000000031,1.6460463600000004,-0.4124368500000001,0.8242382400000002,-5.096133210000031,-49.46272048722253,2,True
BTCUSDT,long,50b3805fd90c1abfb4ee92e42c4185b23b1c48af867b04c10cc905c383699bc4,BTCUSDT|long|confirmed_volume,1736116260000,1736221560000,2025-01-05T22:31:00+00:00,2025-01-07T03:46:00+00:00,98674.90000000001,101378.40000000001,0.006900000000000001,680.8568100000001,136.17136200000002,5,97529.9,101551.09999999999,10.127344728000061,1.604500441825424,exchange_guard_proxy_touch,False,18.65415,1.1042942160000004,-0.554629176,0.5446854480000002,16.995226608000003,249.61528413000673,2,True
BTCUSDT,long,679caecc94db2db375c697706025e9109969232831611a441c2edc0ccd107fbf,BTCUSDT|long|high_volume,1736532060000,1736615700000,2025-01-10T18:01:00+00:00,2025-01-11T17:15:00+00:00,95577.40000000001,93840.1,0.0028,267.61672000000004,53.52334400000001,5,92173.5,93999.9,10.389891008000015,6.377031985380182,exchange_guard_proxy_touch,False,-4.864440000000008,0.42429520000000004,-0.06528961802720001,0.214093376,-5.3540248180272085,-200.06316563580958,2,True
BTCUSDT,long,b60bf6131cf984220dbbff75391e380091197eb6d221ae04cd25268d07cd3a3f,BTCUSDT|long|confirmed_volume,1736742060000,1736750280000,2025-01-13T04:21:00+00:00,2025-01-13T06:38:00+00:00,94770.40000000001,93692.3,0.0076,720.25504,144.051008,5,93727.29999999999,93851.9,10.284096864,1.7102077465848053,exchange_guard_proxy_touch,False,-8.193560000000044,1.1458532160000001,0.0,0.576204032,-9.339413216000045,-129.6681411073506,2,True
BTCUSDT,long,31396248ccc701038c2947117b5ab7a506ce2396481b54c88b98f1a9bd709d12,BTCUSDT|long|high_volume,1736814060000,1736870640000,2025-01-14T00:21:00+00:00,2025-01-14T16:04:00+00:00,94900.0,95552.90000000001,0.0025,237.25,47.45,5,91207.7,95715.7,9.990405199999985,3.8684968785016807,exchange_guard_proxy_touch,False,1.632250000000022,0.3809058000000001,-0.09319039664,0.1898,1.1581538033600218,48.81575567376278,2,True
BTCUSDT,long,d0a4c34ec0effbc1cdc7ca40b5a8e83fcc36a6a58a5ffc226af8a1f26f73b4f2,BTCUSDT|long|high_volume,1736895960000,1736935320000,2025-01-14T23:06:00+00:00,2025-01-15T10:02:00+00:00,96827.70000000001,96524.70000000001,0.0098,948.91146,189.782292,5,96100.0,96689.09999999999,10.244052112000057,2.040137107474569,exchange_guard_proxy_touch,False,-2.9694,1.5158828160000002,-0.26202438900959996,0.7591291680000001,-4.7473072050096,-50.028979574233404,2,True
BTCUSDT,long,00fc0222eec7457b3970b4bb56243088b79d0304103b2e9445fbcffce6f298e4,BTCUSDT|long|high_volume,1736945160000,1737016980000,2025-01-15T12:46:00+00:00,2025-01-16T08:43:00+00:00,97163.1,98938.20000000001,0.0128,1243.6876800000002,248.73753600000003,5,96689.09999999999,99106.7,10.154883071999926,4.3790104376753405,exchange_guard_proxy_touch,False,22.721280000000075,2.008077312,-0.36001707960320006,0.9949501440000003,20.353185608396874,163.65190341353926,2,True
BTCUSDT,long,3f6035ff66c05d6922e233aef985102d3886bf00dacda8bb862c1d0a7fd95c53,BTCUSDT|long|high_volume,1737077760000,1737171360000,2025-01-17T01:36:00+00:00,2025-01-18T03:36:00+00:00,100913.5,103847.8,0.0054,544.9329,108.98658,5,99326.2,104024.7,10.347785855999986,4.13997183406758,exchange_guard_proxy_touch,False,15.845220000000017,0.8845688160000001,-0.2166871589856,0.43594632000000005,14.743964025014417,270.5647617351497,2,True
BTCUSDT,long,480156e27fa6a511970e91a0c84a7661938872c10cc0da30f0bddf41cd186a71,BTCUSDT|long|confirmed_volume,1737229560000,1737277680000,2025-01-18T19:46:00+00:00,2025-01-19T09:08:00+00:00,104531.40000000001,104037.3,0.0059,616.73526,123.347052,5,103109.9,104214.5,10.400359520000016,1.8904215105428535,exchange_guard_proxy_touch,False,-2.915190000000034,0.984444264,-0.247417798,0.49338820800000005,-4.147052062000034,-67.2420134045852,2,True
BTCUSDT,long,e90545f397ec42cd3bfa480d94d3cf72f290120a2ee323d47ad521997866c6d3,BTCUSDT|long|high_volume,1737280560000,1737287820000,2025-01-19T09:56:00+00:00,2025-01-19T11:57:00+00:00,105487.20000000001,104037.3,0.006500000000000001,685.6668000000001,137.13336,5,104214.5,104214.5,10.513877400000057,2.4452432700496005,exchange_guard_proxy_touch,False,-9.424350000000057,1.0895274000000001,0.0,0.5485334400000001,-10.513877400000057,-153.3379974063212,2,True
BTCUSDT,long,7357bdcc508b333abbfab77214d4797c3d015d9b688cec5d92533620ea706e16,BTCUSDT|long|confirmed_volume,1737315360000,1737322080000,2025-01-19T19:36:00+00:00,2025-01-19T21:28:00+00:00,105556.70000000001,104311.0,0.0073,770.5639100000001,154.112782,5,104488.7,104488.7,10.319237368000085,1.6326585124637583,exchange_guard_proxy_touch,False,-9.093610000000085,1.2256273680000003,0.0,0.616451128,-10.319237368000085,-133.91799478384712,2,True
BTCUSDT,long,7a1344cea5d4cbbd29bc8423a5c86f797fe021eedade0f4f675783662a63e119,BTCUSDT|long|confirmed_volume,1737450360000,1737520980000,2025-01-21T09:06:00+00:00,2025-01-22T04:43:00+00:00,102874.6,105220.90000000001,0.0048000000000000004,493.7980800000001,98.75961600000002,5,101102.7,105400.09999999999,10.112852736000015,1.9159623200539133,exchange_guard_proxy_touch,False,11.262240000000014,0.7990867200000001,-0.20164272000000003,0.3950384640000001,10.261510560000014,207.8078262272711,2,True
BTCUSDT,long,61724b717c41386f3a44d4eace0acca4f53ea6b9b69dba9c4d6e854c03bbf912,BTCUSDT|long|confirmed_volume,1737526260000,1737527220000,2025-01-22T06:11:00+00:00,2025-01-22T06:27:00+00:00,106077.0,105220.90000000001,0.010100000000000001,1071.3777000000002,214.27554000000003,5,105400.09999999999,105400.09999999999,10.353897031999914,1.7588457687041468,exchange_guard_proxy_touch,False,-8.646609999999914,1.7072870320000004,0.0,0.8571021600000002,-10.353897031999914,-96.64096081148517,2,True
BTCUSDT,long,33593c33f95565b0f336893f560fb8be127f256ea8d3ddc7e3f3e593aafc9560,BTCUSDT|long|confirmed_volume,1737648960000,1737759840000,2025-01-23T16:16:00+00:00,2025-01-24T23:04:00+00:00,106868.20000000001,104445.0,0.0017000000000000001,181.67594000000003,36.335188,5,101279.7,104622.9,10.07603695200002,1.7206454175700159,exchange_guard_proxy_touch,False,-4.11944000000002,0.28738595200000006,-0.06241074082620001,0.14534075200000002,-4.469236692826221,-246.00047165443152,2,True
BTCUSDT,long,9cbfc6db83b0e1d2a46c7133bd2160e6c4090b2cbb7eec30e824c9ef8be99e15,BTCUSDT|long|high_volume,1737842760000,1737884040000,2025-01-25T22:06:00+00:00,2025-01-26T09:34:00+00:00,105346.90000000001,104283.90000000001,0.008,842.7752,168.55504000000002,5,104410.7,104461.5,10.250912639999976,2.9501547012345886,exchange_guard_proxy_touch,False,-8.504,1.3416371200000001,-0.30804157216000005,0.6742201600000001,-10.15367869216,-120.47908733147345,2,True
BTCUSDT,long,8765d13ad313a88868ac1ec8a5da0cec569cbf5bcc58a7ba2f1f94390b77ae15,BTCUSDT|long|high_volume,1738009560000,1738073040000,2025-01-27T20:26:00+00:00,2025-01-28T14:04:00+00:00,100451.40000000001,102178.20000000001,0.0039000000000000003,391.7604600000001,78.35209200000001,5,98199.9,102352.2,10.051421016,3.216663402891546,exchange_guard_proxy_touch,False,6.734520000000011,0.6322043520000001,-0.1093437126756,0.31340836800000005,5.992971935324411,152.97541603163344,2,True
BTCUSDT,long,cde1778f75d007f68444a6a3ca56013fcaf51136c6a64d32445c18302925fd99,BTCUSDT|long|high_volume,1738076760000,1738080420000,2025-01-28T15:06:00+00:00,2025-01-28T16:07:00+00:00,103318.1,102178.20000000001,0.0078000000000000005,805.8811800000001,161.17623600000002,5,102352.2,102352.2,10.173516911999956,3.106174089530918,exchange_guard_proxy_touch,False,-8.891219999999954,1.2822969120000003,-0.15782378801280003,0.6447049440000001,-10.331340700012754,-128.19930476615366,2,True
BTCUSDT,long,d335ae3600686a2148d6802f431ad72ea710534ba165711578118ed84dc90446,BTCUSDT|long|high_volume,1738206060000,1738245840000,2025-01-30T03:01:00+00:00,2025-01-30T14:04:00+00:00,104727.5,104584.70000000001,0.0054,565.5285,113.1057,5,103224.4,104762.79999999999,9.962034047999953,2.315832159221416,exchange_guard_proxy_touch,False,-0.7711199999999372,0.9042287040000002,-0.113492016,0.45242280000000007,-1.7888407199999374,-31.631309827885552,2,True
BTCUSDT,long,11b0161526e45b87c68f2aaf8a26097af47a4209c87a0acdb349a34c853c645b,BTCUSDT|long|high_volume,1738248660000,1738261620000,2025-01-30T14:51:00+00:00,2025-01-30T18:27:00+00:00,105946.3,104584.70000000001,0.0066,699.24558,139.849116,5,104762.79999999999,104762.79999999999,10.098163679999942,7.0648050802710305,exchange_guard_proxy_touch,False,-8.986559999999942,1.11160368,-0.1323073990392,0.559396464,-10.230471079039143,-146.3072684569439,2,True
BTCUSDT,long,b711467996f9af8091bd499380b21aa46e4dad48c9d7727bbae64440d739eaa8,BTCUSDT|long|confirmed_volume,1738277160000,1738281300000,2025-01-30T22:46:00+00:00,2025-01-30T23:55:00+00:00,105429.0,104526.0,0.009300000000000001,980.4897000000001,196.09794000000002,5,104704.0,104704.0,9.959965200000001,1.561009781851218,exchange_guard_proxy_touch,False,-8.397900000000002,1.5620652000000002,0.0,0.7843917600000002,-9.959965200000003,-101.58153828642975,2,True
BTCUSDT,long,58aaa1b7ce14a07a574c5d3dd262ed6bf2ca99bb1ac4e801ca03bfd16d9d86e6,BTCUSDT|long|confirmed_volume,1738326360000,1738347960000,2025-01-31T12:26:00+00:00,2025-01-31T18:26:00+00:00,104928.1,103873.0,0.0071,744.9895100000001,148.997902,5,103888.5,104049.9,9.820804632000021,1.7724926138038752,exchange_guard_proxy_touch,False,-7.4912100000000414,1.1859902480000002,-0.149677798,0.5959916080000001,-8.826878046000042,-118.4832528178825,2,True
ETHUSDT,short,8af1a0d9d8e396f5b13c786e929a274d85327bf0dec29f22a14218bc130d6688,ETHUSDT|short|high_volume,1738547160000,1738567560000,2025-02-03T01:46:00+00:00,2025-02-03T07:26:00+00:00,2692.5,2569.38,0.02,53.85,10.77,5,3100.3700000000003,2565.01,8.3557704,2.9688353400938023,exchange_guard_proxy_touch,False,2.462399999999998,0.08419008,0.0,0.04308,2.378209919999998,441.6360111420609,2,True
BTCUSDT,long,4e9460a0b5de6ac0cae239478ff9b89aeef36707ee863ecbfae742fb46c852a9,BTCUSDT|long|high_volume,1738594860000,1738656240000,2025-02-03T15:01:00+00:00,2025-02-04T08:04:00+00:00,96453.70000000001,98015.90000000001,0.0047,453.3323900000001,90.66647800000001,5,94716.4,98182.9,9.640673840000042,2.8813086331511464,exchange_guard_proxy_touch,False,7.342339999999987,0.7312056960000002,-0.13276871414480002,0.3626659120000001,6.478365589855187,142.90542067499712,2,True
BTCUSDT,long,cacf4d59b6978e321c39b802c7c98e108c9f2a12ceb442dc840290f138d74a98,BTCUSDT|long|confirmed_volume,1738665960000,1738699920000,2025-02-04T10:46:00+00:00,2025-02-04T20:12:00+00:00,98974.3,98048.6,0.0088,870.9738400000001,174.194768,5,98182.9,98215.59999999999,9.82073100799995,1.7565034448119334,exchange_guard_proxy_touch,False,-8.146159999999975,1.3870412160000005,-0.07232664542400001,0.696779072,-9.605527861423976,-110.28491810298199,2,True
ETHUSDT,short,ea4718d68ba5f729489d586b7591e9921f6c38e9b2790b8482ba37a7bb97943a,ETHUSDT|short|high_volume,1738698960000,1738734900000,2025-02-04T19:56:00+00:00,2025-02-05T05:55:00+00:00,2790.31,2776.31,0.15,418.5465,83.7093,5,2844.69,2771.59,9.559780800000038,4.728645562359093,exchange_guard_proxy_touch,False,2.1,0.6679944,-0.06821600922,0.3348372,1.3637895907800002,32.5839444549172,2,True
BTCUSDT,long,2374213d4f0554da11af436b2dd98276ad66fbfc97c46b0ce0ff3b4ada7731ca,BTCUSDT|long|high_volume,1738757160000,1738779120000,2025-02-05T12:06:00+00:00,2025-02-05T18:12:00+00:00,98389.0,97040.6,0.006500000000000001,639.5285,127.9057,5,97205.9,97205.9,9.780833919999962,5.381104734677289,exchange_guard_proxy_touch,False,-8.764599999999962,1.0162339200000001,-0.02052464869,0.5116228,-9.801358568689961,-153.25913651526025,2,True
ETHUSDT,short,d9d1264ff3801bcd49cbe6ff1369e1f8c97dd8bf65cf89aa06d8ddb37b40f9c7,ETHUSDT|short|high_volume,1738880160000,1738893180000,2025-02-06T22:16:00+00:00,2025-02-07T01:53:00+00:00,2664.36,2730.7400000000002,0.13,346.3668,69.27336,5,2726.1000000000004,2726.1000000000004,9.190490400000014,5.097600377283495,exchange_guard_proxy_touch,False,-8.629400000000015,0.5610904000000001,0.008514153882,0.27709344,-9.181976246118014,-265.0940057222001,2,True
ETHUSDT,short,ed421b9890fa8d4e6e71d5286f0d92e6708f2278c44a4532c6acee73128c7fc7,ETHUSDT|short|confirmed_volume,1738899660000,1738901280000,2025-02-07T03:41:00+00:00,2025-02-07T04:08:00+00:00,2702.79,2730.7400000000002,0.29,783.8091,156.76182,5,2726.1000000000004,2726.1000000000004,9.366078960000078,1.7572704029191846,exchange_guard_proxy_touch,False,-8.10550000000008,1.2605789600000001,0.0,0.62704728,-9.36607896000008,-119.49438913123208,2,True
BTCUSDT,long,0ce4e3550c210c33a3301090c3f488726d9b1270692767704db76c5a96e47056,BTCUSDT|long|confirmed_volume,1738920060000,1738948860000,2025-02-07T09:21:00+00:00,2025-02-07T17:21:00+00:00,97458.5,96984.70000000001,0.0076,740.6846,148.13692,5,96536.4,97149.9,9.434370655999912,1.705449715138383,exchange_guard_proxy_touch,False,-3.6008799999999117,1.182214656,-0.07716955422640001,0.59254768,-4.860264210226312,-65.6185400672069,2,True
BTCUSDT,long,87356eb148d6cab7afe2719761cb9e615fca9391dc2e5601c482d785fa215bf3,BTCUSDT|long|high_volume,1739022060000,1739028600000,2025-02-08T13:41:00+00:00,2025-02-08T15:30:00+00:00,96460.90000000001,95642.0,0.0089,858.50201,171.700402,5,95714.29999999999,95804.9,9.460788288000078,5.219880882588074,exchange_guard_proxy_touch,False,-7.288210000000078,1.3677726480000003,0.0,0.686801608,-8.655982648000078,-100.82658569430812,2,True
ETHUSDT,short,10dadeac5ce7b3d6cbd4987b563be3ce1d68ca37d41e1fc577c26edf76e2646b,ETHUSDT|short|high_volume,1738990560000,1739039400000,2025-02-08T04:56:00+00:00,2025-02-08T18:30:00+00:00,2626.84,2640.18,0.19,499.0996,99.81992,5,2667.1600000000003,2635.69,9.328778080000024,2.9664096159579323,exchange_guard_proxy_touch,False,-2.534599999999941,0.8005870400000001,0.081888816984,0.39927968,-3.2532982230159413,-65.18334663093181,2,True
BTCUSDT,long,046fb3a2a8c09f1694292a240242ebbdd1e34a42fbb2d180fcfa5374d00c1458,BTCUSDT|long|confirmed_volume,1739034660000,1739060640000,2025-02-08T17:11:00+00:00,2025-02-09T00:24:00+00:00,96403.3,96147.70000000001,0.0102,983.3136600000001,196.66273200000003,5,95804.9,96311.5,9.332349648000031,1.64488047575073,exchange_guard_proxy_touch,False,-2.6071199999999113,1.5712161600000003,-0.076174349904,0.7866509280000001,-4.254510509903912,-43.267074210114316,2,True
BTCUSDT,long,9614ff807e614897e528c72dd5e3d5ac6310f7ecdc2ea8edd0b694df5dbf47ce,BTCUSDT|long|high_volume,1739063760000,1739095260000,2025-02-09T01:16:00+00:00,2025-02-09T10:01:00+00:00,96826.3,96573.70000000001,0.0111,1074.77193,214.95438600000003,5,96311.5,96738.2,9.246069119999904,3.6608652679814897,exchange_guard_proxy_touch,False,-2.8038599999999034,1.717392,-0.206769024,0.8598175440000002,-4.728021023999903,-43.99092395351173,2,True
ETHUSDT,short,59c15efb01310954f75bb0fedbe214862145e2287d2016533a312ebf9ef8a8ad,ETHUSDT|short|high_volume,1739104860000,1739145960000,2025-02-09T12:41:00+00:00,2025-02-10T00:06:00+00:00,2645.78,2654.32,0.26,687.9028000000001,137.58056000000002,5,2672.42,2649.8100000000004,9.216532000000015,3.9327827444975054,exchange_guard_proxy_touch,False,-2.220399999999991,1.1024208000000002,0.040832969242,0.5503222400000001,-3.281987830757991,-47.710051925330006,2,True
ETHUSDT,short,3a50b3c09d8e6bd36efc575d50c815b53d597d69f881fb40fe80064b6ab5301e,ETHUSDT|short|high_volume,1739151960000,1739166300000,2025-02-10T01:46:00+00:00,2025-02-10T05:45:00+00:00,2557.67,2654.32,0.09,230.1903,46.03806,5,2649.8100000000004,2649.8100000000004,9.073763280000007,14.352502003835507,exchange_guard_proxy_touch,False,-8.698500000000008,0.37526328,0.0,0.18415224000000002,-9.073763280000009,-394.1853014657876,2,True
BTCUSDT,long,768fcc77f5f5664e151f4cbbd6770a5a003b4fbbfbf3963093b9e2411072745a,BTCUSDT|long|high_volume,1739166660000,1739281620000,2025-02-10T05:51:00+00:00,2025-02-11T13:47:00+00:00,97606.3,96925.1,0.0039000000000000003,380.66457,76.132914,5,95599.9,97090.2,9.061396032,5.91281241609563,exchange_guard_proxy_touch,False,-2.6566799999999886,0.6069379680000002,-0.2125929032214,0.30453165600000004,-3.4762108712213884,-91.3195276151229,2,True
ETHUSDT,short,2ddd36c6f76a8207172a9e0abd4f976cb251724e6271a4b9a048fee60289806f,ETHUSDT|short|high_volume,1739276460000,1739347500000,2025-02-11T12:21:00+00:00,2025-02-12T08:05:00+00:00,2682.62,2627.87,0.18,482.87159999999994,96.57431999999999,5,2724.0,2623.4100000000003,9.062821439999997,6.735241031233398,exchange_guard_proxy_touch,False,9.855,0.7647105599999999,0.032739064218000005,0.38629727999999997,9.123028504218,188.93280334188222,2,True
BTCUSDT,long,ca2db284ad6d7ea488a9ce493a0b9bcf06532c02c6552e5dfd8ba51a3255784b,BTCUSDT|long|high_volume,1739344860000,1739365260000,2025-02-12T07:21:00+00:00,2025-02-12T13:01:00+00:00,96120.0,95697.40000000001,0.0066,634.392,126.87840000000001,5,95049.9,95860.4,9.137743823999982,2.1938018717993994,exchange_guard_proxy_touch,False,-2.7891599999999426,1.0127958720000003,-0.0620963593668,0.5075136,-3.8640522313667427,-60.90953592363621,2,True
BTCUSDT,long,987f7fb08de7cae9ffaae5dcefc245c4758918ab4703082f9abb2b5da9df4c24,BTCUSDT|long|high_volume,1739366760000,1739367000000,2025-02-12T13:26:00+00:00,2025-02-12T13:30:00+00:00,96642.1,95697.40000000001,0.0083,802.1294300000001,160.42588600000002,5,95860.4,95860.4,9.118144279999976,7.082901618124967,exchange_guard_proxy_touch,False,-7.841009999999976,1.27713428,0.0,0.6417035440000001,-9.118144279999976,-113.6742268638613,2,True
BTCUSDT,long,ef26a4ea11a5833c7d0a264ec07fdcc58eab2f5d8e2191843aef47850635c8cd,BTCUSDT|long|confirmed_volume,1739399460000,1739428500000,2025-02-12T22:31:00+00:00,2025-02-13T06:35:00+00:00,98087.40000000001,96135.8,0.0043,421.77582,84.355164,5,96299.59999999999,96299.59999999999,9.060007808000025,1.8418141742173444,exchange_guard_proxy_touch,False,-8.391880000000025,0.668127808,-0.084122018,0.3374206560000001,-9.144129826000025,-216.8007124258575,2,True
ETHUSDT,short,d59704a3e47bb2462a25b95f1d8cc48d5ede235a97bbd1f652fa629f0e0cac65,ETHUSDT|short|high_volume,1739436660000,1739498700000,2025-02-13T08:51:00+00:00,2025-02-14T02:05:00+00:00,2659.92,2692.18,0.08,212.7936,42.55872,5,2756.5200000000004,2687.61,8.450152319999997,3.21965298948538,exchange_guard_proxy_touch,False,-2.5807999999999813,0.34253440000000007,0.002685551872,0.17023488,-2.920648848127981,-137.25266399590876,2,True
BTCUSDT,long,23550b9d115e2fbe642c07334c47553b041068572150dc9cc100e499862ec694,BTCUSDT|long|high_volume,1739581560000,1739639940000,2025-02-15T01:06:00+00:00,2025-02-15T17:19:00+00:00,97688.3,97211.3,0.006500000000000001,634.9739500000001,126.99479000000001,5,96636.59999999999,97376.9,8.913635120000002,2.1149897836094635,exchange_guard_proxy_touch,False,-3.1005000000000003,1.0134779200000001,-0.08909607723900001,0.5079791600000001,-4.203073997239,-66.19285715955748,2,True
BTCUSDT,long,9df2cb53d65ffe8cab84646989c233060ebe1541e55eaac606420842631b59d1,BTCUSDT|long|confirmed_volume,1739646360000,1739652480000,2025-02-15T19:06:00+00:00,2025-02-15T20:48:00+00:00,97766.0,97211.3,0.0125,1222.075,244.41500000000002,5,97376.9,97376.9,8.883522999999965,1.694834925325103,exchange_guard_proxy_touch,False,-6.933749999999964,1.9497730000000002,0.0,0.9776600000000001,-8.883522999999965,-72.69212609700685,2,True
ETHUSDT,short,544a3d9d962370f92447e551bbf32882fc2e10f73903c2286da0eca636eccd27,ETHUSDT|short|high_volume,1739601360000,1739684400000,2025-02-15T06:36:00+00:00,2025-02-16T05:40:00+00:00,2706.7200000000003,2709.61,0.22,595.4784000000001,119.09568000000002,5,2738.01,2705.01,8.868092639999961,3.0287026605984564,exchange_guard_proxy_touch,False,-0.6357999999999719,0.95327408,0.050518921156,0.47638272000000004,-1.538555158843972,-25.837295842199683,2,True
BTCUSDT,long,95abf88cc0e86d745c834de95eafcc41eb5a407df1f13346948f5dd806393ff8,BTCUSDT|long|high_volume,1739685060000,1739689740000,2025-02-16T05:51:00+00:00,2025-02-16T07:09:00+00:00,97760.8,97210.3,0.012400000000000001,1212.2339200000001,242.44678400000004,5,97375.9,97375.9,8.760313312000001,4.134079561354291,exchange_guard_proxy_touch,False,-6.826200000000001,1.9341133120000005,0.0,0.9697871360000001,-8.760313312000001,-72.26586525478515,2,True
ETHUSDT,short,fbabf5972e6a7ef70348c701e786d155f8c8ca2b276d5934f0b3359b42115aff,ETHUSDT|short|high_volume,1739714760000,1739773860000,2025-02-16T14:06:00+00:00,2025-02-17T06:31:00+00:00,2675.9,2687.78,0.19,508.42100000000005,101.6842,5,2711.88,2683.21,8.533644799999982,12.514975583982507,exchange_guard_proxy_touch,False,-2.257200000000021,0.8152793600000001,0.037757370931,0.4067368,-3.034721989069021,-59.68915503232598,2,True
BTCUSDT,long,66c07c7a78fe9567389e96d871ab5d342c756e811952104f0192497f0817383e,BTCUSDT|long|high_volume,1739873160000,1739890200000,2025-02-18T10:06:00+00:00,2025-02-18T14:50:00+00:00,95921.20000000001,95346.3,0.0119,1141.4622800000002,228.29245600000004,5,95508.7,95508.7,8.662176600000105,2.1196190151922214,exchange_guard_proxy_touch,False,-6.841310000000105,1.8208666000000002,0.0,0.9131698240000002,-8.662176600000105,-75.88666530443831,2,True
ETHUSDT,short,10670426035977e573c0ed4e9f48f4ebde694fe88074a21925b049a08e2c9f8e,ETHUSDT|short|high_volume,1739838360000,1739947800000,2025-02-18T00:26:00+00:00,2025-02-19T06:50:00+00:00,2718.09,2703.7200000000003,0.12,326.1708,65.23416,5,2777.21,2699.13,8.190002879999989,6.853607587066346,exchange_guard_proxy_touch,False,1.7243999999999868,0.52049376,0.023131907304,0.26093664,1.2270381473039869,37.61949712555467,2,True
BTCUSDT,long,25967806b91bccd0d788b87a8e45c8880d6eba0202e0cea3a84ca74d6e7e870f,BTCUSDT|long|high_volume,1739947860000,1739992200000,2025-02-19T06:51:00+00:00,2025-02-19T19:10:00+00:00,95669.20000000001,95331.90000000001,0.0089,851.4558800000001,170.291176,5,95019.9,95494.29999999999,8.573565800000077,2.1509351372861123,exchange_guard_proxy_touch,False,-3.001970000000026,1.3599278320000003,-0.285371421563,0.6811647040000001,-4.647269253563026,-54.58027083638233,2,True
ETHUSDT,short,95ec9be166650b23e0efe3a4e2911f19344debe4f3e303be81cbd287612bc5a2,ETHUSDT|short|high_volume,1739988960000,1740006120000,2025-02-19T18:16:00+00:00,2025-02-19T23:02:00+00:00,2695.07,2735.28,0.19,512.0633,102.41266,5,2730.63,2730.63,8.465313200000006,2.4342701145944483,exchange_guard_proxy_touch,False,-7.639900000000007,0.8254132000000001,0.0,0.40965064000000007,-8.465313200000008,-165.31770974408843,2,True
ETHUSDT,short,c4e2aa29c331dbe4b0df6bdc8a0012dfbb9a793f547049ef61493c5e9387755c,ETHUSDT|short|high_volume,1740126060000,1740129360000,2025-02-21T08:21:00+00:00,2025-02-21T09:16:00+00:00,2744.06,2772.29,0.26,713.4556,142.69112,5,2767.5800000000004,2767.5800000000004,8.487200800000005,2.6393216915865003,exchange_guard_proxy_touch,False,-7.339800000000005,1.1474008000000002,0.0,0.57076448,-8.487200800000005,-118.95906066193895,2,True
BTCUSDT,long,78cd189d8ab611ef1b651fb8d1a5c9c279da28c8d8f1b9c0b7b6df2d37e4bfc9,BTCUSDT|long|high_volume,1740042960000,1740151500000,2025-02-20T09:16:00+00:00,2025-02-21T15:25:00+00:00,97304.1,97890.70000000001,0.009600000000000001,934.1193600000001,186.82387200000002,5,96743.7,98057.4,8.448063743999944,2.126356932110178,exchange_guard_proxy_touch,False,5.631360000000057,1.4990960640000002,-0.18202082810880002,0.7472954880000001,3.9502431078912563,42.28841920042484,2,True
ETHUSDT,short,4ea0a31a70677ddd633269965d2e71b361673c68a6febfca3ee42577c7814c0c,ETHUSDT|short|high_volume,1740212160000,1740213840000,2025-02-22T08:16:00+00:00,2025-02-22T08:44:00+00:00,2672.76,2692.02,0.35000000000000003,935.4660000000001,187.09320000000002,5,2687.4500000000003,2687.4500000000003,8.24313839999992,3.162450704727694,exchange_guard_proxy_touch,False,-6.740999999999918,1.5021384000000004,0.0,0.7483728000000001,-8.243138399999918,-88.11799039195348,2,True
BTCUSDT,long,a287753024410d1e12a62044a12454619decaae4b8d89612b3db7b8a0a74c753,BTCUSDT|long|high_volume,1740226260000,1740275460000,2025-02-22T12:11:00+00:00,2025-02-23T01:51:00+00:00,96766.1,96169.90000000001,0.0085,822.5118500000001,164.50237,5,96106.9,96333.7,8.30252528000005,2.6978596591274915,exchange_guard_proxy_touch,False,-5.0676999999999754,1.3119648000000002,-0.10550706617000002,0.6580094800000001,-6.485171866169976,-78.84593840404823,2,True
BTCUSDT,long,fcc4e51aafefd5551f4f77efc09007100fc83cec889f196c86edffe64f860525,BTCUSDT|long|confirmed_volume,1740281160000,1740286920000,2025-02-23T03:26:00+00:00,2025-02-23T05:02:00+00:00,96673.1,96169.90000000001,0.0126,1218.08106,243.616212,5,96333.7,96333.7,8.284177439999963,1.7570750164086328,exchange_guard_proxy_touch,False,-6.340319999999964,1.9438574400000002,0.0,0.9744648480000001,-8.284177439999963,-68.01006691623596,2,True
ETHUSDT,short,5e9b710880af4428b8d5a7c2d97f149030e4e02ed403dcc5f532e4b231b1589c,ETHUSDT|short|high_volume,1740269460000,1740288120000,2025-02-23T00:11:00+00:00,2025-02-23T05:22:00+00:00,2752.53,2779.33,0.24,660.6072,132.12144,5,2777.3100000000004,2774.61,8.145037439999943,5.091170045424189,exchange_guard_proxy_touch,False,-6.431999999999935,1.0621171200000001,0.0,0.52848576,-7.494117119999935,-113.44286165818257,2,True
ETHUSDT,short,92f436ca279213332a364e2f12e1bf7d5fa103907ceb76e1bc5cef87c9011736,ETHUSDT|short|high_volume,1740341760000,1740352440000,2025-02-23T20:16:00+00:00,2025-02-23T23:14:00+00:00,2793.23,2828.05,0.2,558.6460000000001,111.72920000000002,5,2823.25,2823.25,7.863404800000033,4.168026817391055,exchange_guard_proxy_touch,False,-6.964000000000033,0.8994048000000001,0.0,0.4469168,-7.863404800000033,-140.7582762608169,2,True
BTCUSDT,long,2ce2c56f6e6ac35b80559e29f32db27ffb6a0147ca5c83ba57040cdde02fd580,BTCUSDT|long|high_volume,1740379860000,1740385380000,2025-02-24T06:51:00+00:00,2025-02-24T08:23:00+00:00,95955.5,95314.0,0.0102,978.7461000000001,195.74922,5,95476.4,95476.4,8.10405912,2.0402203229178957,exchange_guard_proxy_touch,False,-6.5433,1.5607591200000002,-0.1345247665608,0.7829968800000001,-8.2385838865608,-84.17488342033546,2,True
ETHUSDT,short,1ad4e3187ce1547163b1c0b061d8c942ddb773fcb2773bc812a7d7e492126762,ETHUSDT|short|high_volume,1740359760000,1740512400000,2025-02-24T01:16:00+00:00,2025-02-25T19:40:00+00:00,2792.14,2452.18,0.19,530.5065999999999,106.10131999999999,5,2823.25,2448.01,7.6771688800000595,2.823431701693838,exchange_guard_proxy_touch,False,64.59240000000001,0.7971366400000001,0.001526749009000003,0.42440528000000005,63.79679010900902,1202.5635516883112,2,True
ETHUSDT,short,818421594f05c556cb11ba6c9b7af5ebb8051941f4bf6f3cc95e859cb4680380,ETHUSDT|short|high_volume,1740549660000,1740641820000,2025-02-26T06:01:00+00:00,2025-02-27T07:37:00+00:00,2473.9700000000003,2374.4,0.21,519.5337000000001,103.90674000000001,5,2506.46,2370.3700000000003,8.55702959999995,2.4360169554174664,exchange_guard_proxy_touch,False,20.909700000000033,0.8145261600000002,0.09107991517799999,0.41562696000000005,20.186253755178033,388.54560840188094,2,True
ETHUSDT,short,f87cba9f0bde9ae11b62cc1c8b1e628ee0aac696075c21c33fc6c96b916a4918,ETHUSDT|short|high_volume,1740715560000,1740749400000,2025-02-28T04:06:00+00:00,2025-02-28T13:30:00+00:00,2109.44,2154.73,0.04,84.3776,16.87552,5,2313.25,2151.07,8.45165216,4.4186784328296245,exchange_guard_proxy_touch,False,-1.8115999999999985,0.13645344,0.001026339488,0.06750208,-1.9470271005119986,-230.75165689851318,2,True
ETHUSDT,short,827f9d4c0e043d343b4bfb259b0e55e5284746b221e65652c08e4d076d5e3d91,ETHUSDT|short|high_volume,1740882960000,1740907860000,2025-03-02T02:36:00+00:00,2025-03-02T09:31:00+00:00,2203.12,2238.58,0.22,484.6864,96.93728,5,2235.0,2234.78,8.631377920000064,3.458409489639507,exchange_guard_proxy_touch,False,-7.801200000000008,0.7817392,0.030386511826000003,0.38774912,-8.552552688174007,-176.45538822987413,2,True
ETHUSDT,short,be819dd63a259f4fe2d81f8bf328a923a5d0684e222730c4efcdee08c2733d23,ETHUSDT|short|high_volume,1741025460000,1741098960000,2025-03-03T18:11:00+00:00,2025-03-04T14:36:00+00:00,2252.04,2121.05,0.06,135.1224,27.02448,5,2388.4500000000003,2117.4500000000003,8.65173888,2.67893302705516,exchange_guard_proxy_touch,False,7.859399999999987,0.20990832,-0.020493848664000003,0.10809792,7.628997831335987,564.5990473330837,2,True
ETHUSDT,short,79e0eb5c0fede8c44ba62891fe0c7e6b61557e1728941cf0f76829af21d70b0d,ETHUSDT|short|high_volume,1741105860000,1741108740000,2025-03-04T16:31:00+00:00,2025-03-04T17:19:00+00:00,2025.3500000000001,2121.05,0.08,162.02800000000002,32.40560000000001,5,2117.4500000000003,2117.4500000000003,7.921369600000004,2.23262258433457,exchange_guard_proxy_touch,False,-7.656000000000004,0.26536960000000004,0.0,0.12962240000000003,-7.921369600000004,-488.888932777051,2,True
ETHUSDT,short,86cf3e65815f59cc86bb782e580fcdbc1664a0969f470304598c55c35f0f1a7c,ETHUSDT|short|high_volume,1741147260000,1741157820000,2025-03-05T04:01:00+00:00,2025-03-05T06:57:00+00:00,2156.62,2195.7400000000002,0.2,431.324,86.26480000000001,5,2192.01,2192.01,8.520377600000069,2.1697186284508905,exchange_guard_proxy_touch,False,-7.824000000000069,0.6963776000000002,0.0,0.3450592,-8.520377600000069,-197.54007660135,2,True
ETHUSDT,short,02c4a4978732fbc91c3bffaa0e1799b6bf64650ab246b439ccc0d3adab9c640a,ETHUSDT|short|confirmed_volume,1741280460000,1741354200000,2025-03-06T17:01:00+00:00,2025-03-07T13:30:00+00:00,2218.15,2213.71,0.09,199.6335,39.9267,5,2304.94,2209.9500000000003,8.489844720000002,1.966835682276981,exchange_guard_proxy_touch,False,0.3996000000000049,0.31909392000000003,-0.004134402989999998,0.1597068,0.07637167701000487,3.8255942519669732,2,True
ETHUSDT,short,42be50de406733da1fa54a482e3ffc5facf2a5b10e4911da827fff6fd4d83d88,ETHUSDT|short|confirmed_volume,1741364760000,1741436280000,2025-03-07T16:26:00+00:00,2025-03-08T12:18:00+00:00,2163.31,2155.7,0.16,346.1296,69.22592,5,2209.9500000000003,2152.0400000000004,8.624258560000014,1.5838314889817193,exchange_guard_proxy_touch,False,1.2176000000000204,0.5528332800000001,0.023554261248,0.27690368,0.6883209812480203,19.88622126648574,2,True
ETHUSDT,short,407f04975ddd014a1f8b3b33445611fc74af91f39ff7f0f73142becafcf3823a,ETHUSDT|short|confirmed_volume,1741499760000,1741572960000,2025-03-09T05:56:00+00:00,2025-03-10T02:16:00+00:00,2177.96,2059.15,0.21,457.3716,91.47432,5,2211.28,2055.65,8.524823999999985,1.6572130586762561,exchange_guard_proxy_touch,False,24.95009999999999,0.71183448,-0.019469899742999997,0.36589728,24.218795620256987,529.5211950251609,2,True
ETHUSDT,short,6526cc72e814a804dc7830d18e9f46298b82b7701fb24ab89185bf074b544f51,ETHUSDT|short|high_volume,1741651260000,1741669980000,2025-03-11T00:01:00+00:00,2025-03-11T05:13:00+00:00,1867.91,1906.25,0.21,392.2611,78.45222,5,1903.01,1903.01,8.685458879999983,3.0917992536686554,exchange_guard_proxy_touch,False,-8.051399999999983,0.63405888,0.0,0.31380888,-8.685458879999983,-221.42034680471713,2,True
ETHUSDT,short,3fe8ab48f31deb0568e9020aa7943d20f6cdb91eca3b86bd1cbf614232d3897d,ETHUSDT|short|high_volume,1741734360000,1741813200000,2025-03-11T23:06:00+00:00,2025-03-12T21:00:00+00:00,1927.65,1896.73,0.21,404.8065,80.96130000000001,5,1962.46,1893.51,8.66559959999997,4.786104694019929,exchange_guard_proxy_touch,False,6.493200000000015,0.64249584,-0.015592440717,0.3238452,5.835111719283016,144.14570218815695,2,True
ETHUSDT,short,a90edd85a513b4d7bd6981db91bb16d969c52239e0f6f88ea8b9b95e70187748,ETHUSDT|short|confirmed_volume,1741947060000,1741948860000,2025-03-14T10:11:00+00:00,2025-03-14T10:41:00+00:00,1886.67,1908.19,0.36,679.2012,135.84024,5,1904.95,1904.95,8.840119679999994,1.830960623954015,exchange_guard_proxy_touch,False,-7.747199999999993,1.09291968,0.0,0.5433609600000001,-8.840119679999994,-130.15465343700797,2,True
ETHUSDT,short,f993f53e34677de9f7c507138b3e5cc2c116883092d255de54ac54f7141ff187,ETHUSDT|short|high_volume,1741956660000,1741959060000,2025-03-14T12:51:00+00:00,2025-03-14T13:31:00+00:00,1893.67,1908.19,0.49,927.8983000000001,185.57966000000002,5,1904.95,1904.95,8.605129119999992,3.8420470595269767,exchange_guard_proxy_touch,False,-7.114799999999991,1.4903291200000002,0.0,0.74231864,-8.60512911999999,-92.73784767145267,2,True
ETHUSDT,short,db4490fbddc73e9884efb950870adcacb3037143ab9a2e5806852a771035fd64,ETHUSDT|short|confirmed_volume,1742023560000,1742052060000,2025-03-15T07:26:00+00:00,2025-03-15T15:21:00+00:00,1914.8600000000001,1938.07,0.32,612.7552000000001,122.55104000000001,5,1934.78,1934.78,8.413550079999938,1.9769812091980639,exchange_guard_proxy_touch,False,-7.427199999999939,0.9863500800000001,0.0333991944,0.49020416000000006,-8.380150885599939,-136.76180774312382,2,True
ETHUSDT,short,9a790f3d8fc94ff95e1239e4f7621fe38c3cfa5915054c18e57a89a4493d1fdd,ETHUSDT|short|high_volume,1742117460000,1742171580000,2025-03-16T09:31:00+00:00,2025-03-17T00:33:00+00:00,1913.2,1900.88,0.32,612.224,122.44480000000001,5,1933.23,1897.65,8.44792831999998,7.08619302371974,exchange_guard_proxy_touch,False,3.9423999999999797,0.9764044800000001,-0.023554631743999997,0.4897792000000001,2.9424408882559794,48.06150834099903,2,True
ETHUSDT,short,2bf6c00042cd7c0ccd79f295959eba9b7c7013d5125710c7b46af187eaefd88e,ETHUSDT|short|high_volume,1742305260000,1742327400000,2025-03-18T13:41:00+00:00,2025-03-18T19:50:00+00:00,1878.33,1905.8400000000001,0.21,394.4493,78.88986,5,1912.31,1902.6,8.457775200000002,14.475792677843495,exchange_guard_proxy_touch,False,-5.777100000000045,0.63574056,0.005783727705,0.31555943999999997,-6.407056832295045,-162.43042723855882,2,True
ETHUSDT,short,a0dd959dd4f531fc95fff6f7dae5e681bcd03b325f2ee6161d381c0a5e5f82a4,ETHUSDT|short|high_volume,1742560860000,1742581980000,2025-03-21T12:41:00+00:00,2025-03-21T18:33:00+00:00,1951.52,1976.3700000000001,0.23,448.8496,89.76992,5,1981.8799999999999,1973.01,8.482265680000005,2.8277428043681514,exchange_guard_proxy_touch,False,-5.7155000000000316,0.7227317600000002,0.011716780841999999,0.35907968000000007,-6.426514979158032,-143.17746922706473,2,True
ETHUSDT,short,9c69aa6a5538e9f27cc9c35dfe05ad2f71d895dc4de11ec4e2dd4e13016db9e0,ETHUSDT|short|high_volume,1742595060000,1742602560000,2025-03-21T22:11:00+00:00,2025-03-22T00:16:00+00:00,1964.33,1976.3700000000001,0.55,1080.3815,216.0763,5,1973.01,1973.01,8.355908000000106,2.371144688912486,exchange_guard_proxy_touch,False,-6.622000000000106,1.733908,-0.030301299820000002,0.8643052000000001,-8.386209299820106,-77.62266662118988,2,True
ETHUSDT,short,1426ea85df6832d286cd3ac8005a02153fb5e27631d7fba258d16d03a6a2a5aa,ETHUSDT|short|high_volume,1742677560000,1742694960000,2025-03-22T21:06:00+00:00,2025-03-23T01:56:00+00:00,1986.25,2000.38,0.48,953.4,190.68,5,1996.98,1996.98,8.313265920000052,4.784888022432843,exchange_guard_proxy_touch,False,-6.782400000000052,1.53086592,0.014756357519999999,0.76272,-8.298509562480053,-87.04121630459464,2,True
ETHUSDT,short,d8a00cd88fc7a8502dab1b8eb2bffe6073af9b93a5bcc4e5f0ef9179ace85ef7,ETHUSDT|short|high_volume,1742747760000,1742773860000,2025-03-23T16:36:00+00:00,2025-03-23T23:51:00+00:00,1996.19,2003.1100000000001,0.27,538.9713,107.79426000000001,5,2019.62,1999.71,8.12305799999997,2.9382240798174855,exchange_guard_proxy_touch,False,-1.8684000000000198,0.8638488000000002,0.0,0.43117704000000007,-2.7322488000000202,-50.693771634964975,2,True
ETHUSDT,short,e9cfda6cee83875274e67499094a864e63d6d4c488180600e22d42b9f2609499,ETHUSDT|short|high_volume,1742781660000,1742785560000,2025-03-24T02:01:00+00:00,2025-03-24T03:06:00+00:00,1976.63,2003.1100000000001,0.27,533.6901,106.73802,5,1999.71,1999.71,8.009223840000006,2.5724867114170036,exchange_guard_proxy_touch,False,-7.149600000000006,0.8596238400000001,0.0,0.4269520800000001,-8.009223840000006,-150.0725578383411,2,True
ETHUSDT,short,a63c3d996ffe8b447ff31580bae65cc451f2d269e68127c11bc3e081f36d66dd,ETHUSDT|short|confirmed_volume,1742854560000,1742909400000,2025-03-24T22:16:00+00:00,2025-03-25T13:30:00+00:00,2073.46,2078.07,0.23,476.8958,95.37916,5,2101.3100000000004,2074.5400000000004,7.997716399999963,1.51983072564099,exchange_guard_proxy_touch,False,-1.0603000000000293,0.7638815200000002,0.03911233536000001,0.38151664,-1.7850691846400295,-37.431010812844846,2,True
ETHUSDT,short,573ce1916a388f635232927c0d3749e63626b7cb8dec4540e5135870d51772c6,ETHUSDT|short|high_volume,1742910660000,1742913060000,2025-03-25T13:51:00+00:00,2025-03-25T14:31:00+00:00,2051.19,2078.07,0.27,553.8213000000001,110.76426000000001,5,2074.5400000000004,2074.5400000000004,8.14952016000003,3.844243318055261,exchange_guard_proxy_touch,False,-7.25760000000003,0.8919201600000001,0.0,0.44305704000000007,-8.14952016000003,-147.15071738844333,2,True
ETHUSDT,short,882918ec87d1f8fa09bfaa43bd24dc1235f83e0e4aed7b50396b399723cbdae5,ETHUSDT|short|confirmed_volume,1742920560000,1742922120000,2025-03-25T16:36:00+00:00,2025-03-25T17:02:00+00:00,2058.09,2078.07,0.34,699.7506000000001,139.95012000000003,5,2074.5400000000004,2074.5400000000004,7.918235520000008,1.6844667714636439,exchange_guard_proxy_touch,False,-6.793200000000007,1.12503552,0.0,0.55980048,-7.918235520000007,-113.15796685276162,2,True
ETHUSDT,short,83fe4e76b17aaad20b6d234a49357386cae6c501c6ddf8e51ff412b4a7725627,ETHUSDT|short|high_volume,1742955060000,1743035700000,2025-03-26T02:11:00+00:00,2025-03-27T00:35:00+00:00,2057.98,2021.14,0.25,514.495,102.899,5,2083.0,2017.7,7.971406000000041,4.426048505277455,exchange_guard_proxy_touch,False,9.20999999999998,0.815824,0.005887007850000004,0.411596,8.40006300784998,163.26811743262772,2,True
ETHUSDT,short,7dd0985b401bd3d5e1ff9493b628de9f2360319785d82d98e42bff3e29240424,ETHUSDT|short|high_volume,1743081960000,1743324900000,2025-03-27T13:26:00+00:00,2025-03-30T08:55:00+00:00,1998.5900000000001,1849.39,0.18,359.7462,71.94924,5,2035.01,1846.25,7.759736639999978,4.235712505500859,exchange_guard_proxy_touch,False,26.85600000000001,0.5541091200000001,0.015171560423999994,0.28779696000000005,26.31706244042401,731.5452516364039,2,True
ETHUSDT,short,953e6471c2bf267f4dbea88f72ce806cf92cd61c1c0242304ce8a6e2bf500483,ETHUSDT|short|confirmed_volume,1743330060000,1743425400000,2025-03-30T10:21:00+00:00,2025-03-31T12:50:00+00:00,1836.88,1826.1200000000001,0.54,991.9152000000001,198.38304000000002,5,1846.25,1823.02,8.347868639999996,1.8959742860763396,exchange_guard_proxy_touch,False,5.810399999999995,1.5824160000000003,0.031151017422000004,0.7935321600000002,4.259135017421995,42.938499353795514,2,True
ETHUSDT,short,05a5fad31e814767d371ce6639d7dacc402ebf54c1984d88b8aae9b5d435a133,ETHUSDT|short|high_volume,1743454860000,1743484500000,2025-03-31T21:01:00+00:00,2025-04-01T05:15:00+00:00,1820.75,1845.72,0.26,473.39500000000004,94.679,5,1846.41,1842.58,8.251422399999988,3.1502020477225416,exchange_guard_proxy_touch,False,-6.4922000000000075,0.7626257600000002,-0.006175918736,0.37871600000000005,-7.261001678736008,-153.3814611209668,2,True
ETHUSDT,short,ee29ed30a7955b040ca7f8eb2bbacefcb66eab50c6050bbf6b8c33799748e731,ETHUSDT|short|confirmed_volume,1743552960000,1743601740000,2025-04-02T00:16:00+00:00,2025-04-02T13:49:00+00:00,1900.38,1890.45,0.29,551.1102,110.22203999999999,5,1921.99,1887.24,8.102748479999965,1.8218235956758608,exchange_guard_proxy_touch,False,2.8797000000000184,0.87947256,-0.00048651965999999995,0.44088816,1.9997409203400185,36.28568152685286,2,True
ETHUSDT,short,088e8a7fbda86d3634924f3cafb927d73bf0131dba90f5478f95bd427ef5187b,ETHUSDT|short|high_volume,1743660060000,1743754500000,2025-04-03T06:01:00+00:00,2025-04-04T08:15:00+00:00,1818.91,1825.8,0.39,709.3749,141.87498,5,1834.1299999999999,1822.7,8.293321919999968,2.1368363240866857,exchange_guard_proxy_touch,False,-2.6870999999999503,1.1371495200000001,0.05448450914399999,0.56749992,-3.769765010855951,-53.14206931843727,2,True
ETHUSDT,short,471975df93a4e43291be6b6a8030661cec07e627ab48e4f1bfec086024243b6d,ETHUSDT|short|confirmed_volume,1743809160000,1743897000000,2025-04-04T23:26:00+00:00,2025-04-05T23:50:00+00:00,1806.68,1807.58,0.29,523.9372,104.78743999999999,5,1828.72,1804.51,8.13763431999996,1.8616528209919354,exchange_guard_proxy_touch,False,-0.26099999999996043,0.83850832,0.034622445701999995,0.41914976000000004,-1.0648858742979606,-20.324685368741914,2,True
ETHUSDT,short,52bde5268aedc90049adf6547eabb53eb30cf4fabf4a8745cf5d665fc1f79635,ETHUSDT|short|high_volume,1743908760000,1743908820000,2025-04-06T03:06:00+00:00,2025-04-06T03:07:00+00:00,1799.93,1807.58,0.79,1421.9447,284.38894,5,1804.51,1804.51,8.323446319999892,2.7485107961435,exchange_guard_proxy_touch,False,-6.043499999999892,2.2799463200000005,0.0,1.1375557600000001,-8.323446319999892,-58.53565416432786,2,True
ETHUSDT,short,b40ad17f80c1de1ddece183105cbeb3e97de17ad3326eba01aad64acf86ec4cc,ETHUSDT|short|high_volume,1743928260000,1744035420000,2025-04-06T08:31:00+00:00,2025-04-07T14:17:00+00:00,1783.68,1616.27,0.23,410.24640000000005,82.04928000000001,5,1812.61,1613.52,8.026885919999996,7.1378398541321415,exchange_guard_proxy_touch,False,38.50430000000002,0.6255908,-0.053171147322,0.32819712000000006,37.82553805267803,922.0199873217175,2,True
ETHUSDT,short,f35319eb3d3a8d9e5e47ab8cf96d308137098f3e44c254d6dec0d21cb37f60fd,ETHUSDT|short|confirmed_volume,1744074060000,1744076280000,2025-04-08T01:01:00+00:00,2025-04-08T01:38:00+00:00,1540.49,1587.29,0.17,261.8833,52.37666,5,1584.59,1584.59,8.381378079999992,1.5549177329364374,exchange_guard_proxy_touch,False,-7.955999999999992,0.42537808000000005,0.0,0.20950664000000005,-8.381378079999992,-320.0424799901327,2,True
ETHUSDT,short,1af668e13f5943bc5d93742c28ac8168240378fb630f5676077c1b3c4bf2e0ca,ETHUSDT|short|confirmed_volume,1744125060000,1744183920000,2025-04-08T15:11:00+00:00,2025-04-09T07:32:00+00:00,1527.07,1484.22,0.12,183.24839999999998,36.64968,5,1592.8,1481.7,8.512567680000005,1.68442519891018,exchange_guard_proxy_touch,False,5.141999999999989,0.28908384000000004,-0.022285822440000002,0.14659872000000002,4.830630337559989,263.6110513139536,2,True
ETHUSDT,short,02e8dda07cd93650d82b4aafe5dd3e85fc95f7176d5479fe1c7508dfabdb2b87,ETHUSDT|short|confirmed_volume,1744298160000,1744335120000,2025-04-10T15:16:00+00:00,2025-04-11T01:32:00+00:00,1533.93,1535.6200000000001,0.08,122.71440000000001,24.542880000000004,5,1627.62,1533.01,7.9193164800000035,1.8670012619494993,exchange_guard_proxy_touch,False,-0.13520000000000437,0.19645120000000002,-0.00242144208,0.09817152,-0.33407264208000437,-27.223589251139583,2,True
ETHUSDT,short,c6ff3a91577582820a5506f9d900c82804a27c86348dfa3245d235c470fbd84a,ETHUSDT|short|high_volume,1744420860000,1744445160000,2025-04-12T01:21:00+00:00,2025-04-12T08:06:00+00:00,1554.96,1589.02,0.23,357.6408,71.52816,5,1586.32,1586.32,8.412292319999988,2.1711922218289814,exchange_guard_proxy_touch,False,-7.833799999999988,0.5784923200000001,-0.0043641948,0.28611264000000003,-8.416656514799989,-235.3382643926529,2,True
ETHUSDT,short,233bd84004776ac47615994a257082e9642942982ccc06a06b1d786b51479ba6,ETHUSDT|short|high_volume,1744502760000,1744564800000,2025-04-13T00:06:00+00:00,2025-04-13T17:20:00+00:00,1640.02,1630.23,0.33,541.2066,108.24132,5,1659.69,1627.46,8.29687056,3.372446891243981,exchange_guard_proxy_touch,False,3.230699999999988,0.8633460000000001,0.055423778586000005,0.43296528000000006,2.422777778585988,44.766227510639894,2,True
ETHUSDT,short,14391577b10ca56543304b6a594c46cfbf270e55395d6125ffdf03624cdea10f,ETHUSDT|short|high_volume,1744666860000,1744708500000,2025-04-14T21:41:00+00:00,2025-04-15T09:15:00+00:00,1609.97,1650.82,0.18,289.7946,57.95892,5,1650.81,1648.01,8.326956960000016,12.474403478241234,exchange_guard_proxy_touch,False,-7.352999999999984,0.46955376,0.012841533648,0.23183568,-7.809712226351984,-269.4912957781816,2,True
ETHUSDT,short,3c4fecbbde3346d9e4256a3162d14c417c3bdcd9fee00802342fca0071365cad,ETHUSDT|short|high_volume,1744713360000,1744724820000,2025-04-15T10:36:00+00:00,2025-04-15T13:47:00+00:00,1626.18,1650.82,0.3,487.854,97.57079999999999,5,1648.01,1648.01,8.178479999999961,3.6878161529485016,exchange_guard_proxy_touch,False,-7.391999999999961,0.78648,0.0,0.3902832,-8.178479999999961,-167.6419584547828,2,True
ETHUSDT,short,4cd69cf6db8b218c35e98858b39a7671050e493ec6e0128afb6788f0023d62a7,ETHUSDT|short|high_volume,1744781160000,1744801380000,2025-04-16T05:26:00+00:00,2025-04-16T11:03:00+00:00,1561.2,1585.46,0.17,265.40400000000005,53.08080000000001,5,1603.82,1582.76,8.140313999999984,19.829555981167534,exchange_guard_proxy_touch,False,-4.124199999999998,0.42794576,-0.01573446016,0.21232320000000002,-4.567880220159998,-172.1104512426338,2,True
ETHUSDT,short,7a98a71c38ab9aa879aecd2cf5e2a26a8dc95d310b0b3ee011186245724bfb0e,ETHUSDT|short|high_volume,1744809660000,1744813500000,2025-04-16T13:21:00+00:00,2025-04-16T14:25:00+00:00,1570.06,1585.46,0.46,722.2276,144.44552000000002,5,1582.76,1582.76,8.24523136000004,2.5758567506267838,exchange_guard_proxy_touch,False,-7.084000000000042,1.1612313600000002,0.0,0.5777820800000001,-8.245231360000043,-114.16389182579067,2,True
ETHUSDT,short,fed486047c98049bc0c92ce8ff194aab6ecb0f13eb2f69b905601f52d0403812,ETHUSDT|short|high_volume,1744860660000,1744867080000,2025-04-17T03:31:00+00:00,2025-04-17T05:18:00+00:00,1576.63,1600.74,0.3,472.98900000000003,94.5978,5,1598.02,1598.02,7.99556879999997,4.4014013559368825,exchange_guard_proxy_touch,False,-7.2329999999999695,0.7625687999999999,0.0,0.37839120000000004,-7.995568799999969,-169.0434407565497,2,True
ETHUSDT,short,b66abc31aafc35b239785ae9ede63ec0deceb8ee2f11f6e179ae39ce3bdc38a5,ETHUSDT|short|high_volume,1744880760000,1744890600000,2025-04-17T09:06:00+00:00,2025-04-17T11:50:00+00:00,1590.66,1600.74,0.64,1018.0224000000001,203.60448000000002,5,1598.02,1598.02,8.085196799999954,2.2009785701749442,exchange_guard_proxy_touch,False,-6.451199999999954,1.6339968000000002,0.0,0.8144179200000001,-8.085196799999954,-79.42061785673825,2,True
ETHUSDT,short,513f24f1bf790531ede2c964120847e13f0e17f3de8bd9b344f7726eb319725f,ETHUSDT|short|high_volume,1744953960000,1744965420000,2025-04-18T05:26:00+00:00,2025-04-18T08:37:00+00:00,1571.82,1591.41,0.36,565.8552,113.17103999999999,5,1588.7,1588.7,7.963410240000052,5.355870663214132,exchange_guard_proxy_touch,False,-7.052400000000052,0.91101024,0.015659152632,0.45268415999999995,-7.947751087368052,-140.45556332022844,2,True
ETHUSDT,short,9a5831f16bb23e0283a7911631d42545b6694f7c19f27252cb7b132b046a61ad,ETHUSDT|short|high_volume,1745107260000,1745107980000,2025-04-20T00:01:00+00:00,2025-04-20T00:13:00+00:00,1608.58,1615.76,0.81,1302.9498,260.58996,5,1613.01,1613.01,7.9051723200000525,4.020156605130155,exchange_guard_proxy_touch,False,-5.815800000000052,2.0893723200000003,0.0,1.04235984,-7.905172320000052,-60.67134988623546,2,True
ETHUSDT,short,4ac5a11ae6aaaaf04e37dfc9e5015a0a65d8ebd48ccd28f8a73913fabf1e4f7f,ETHUSDT|short|confirmed_volume,1745119260000,1745119380000,2025-04-20T03:21:00+00:00,2025-04-20T03:23:00+00:00,1609.5,1615.76,0.89,1432.455,286.491,5,1613.01,1613.01,7.867785119999993,1.7612183184860515,exchange_guard_proxy_touch,False,-5.571399999999992,2.2963851200000005,0.0,1.145964,-7.867785119999992,-54.92518173345754,2,True
ETHUSDT,short,3af28b0fac3ea6809494dc7313da632741e3efc80e9a8fbf6eec97a4961f9695,ETHUSDT|short|high_volume,1745128860000,1745178480000,2025-04-20T06:01:00+00:00,2025-04-20T19:48:00+00:00,1606.26,1586.1000000000001,0.44,706.7544,141.35088000000002,5,1618.47,1583.4,7.722876480000012,5.84445521307298,exchange_guard_proxy_touch,False,8.870399999999936,1.12371072,-0.019895720591999996,0.56540352,7.726793559407936,109.32784513839512,2,True
ETHUSDT,short,50327dd9b79c0784a3281c08e2657c129e62bdb393ebd9f81b3537e38003656c,ETHUSDT|short|high_volume,1745244060000,1745245380000,2025-04-21T14:01:00+00:00,2025-04-21T14:23:00+00:00,1604.97,1635.08,0.24,385.1928,77.03855999999999,5,1632.3,1632.3,7.848489599999975,4.782357932326398,exchange_guard_proxy_touch,False,-7.226399999999976,0.6220896,0.0,0.30815423999999997,-7.848489599999976,-203.7548365390001,2,True
ETHUSDT,short,dd419478047fcc3ebc3c3191f13dea52d6ece17cc50b69d442691f77d0506604,ETHUSDT|short|high_volume,1745253060000,1745307000000,2025-04-21T16:31:00+00:00,2025-04-22T07:30:00+00:00,1612.25,1595.95,0.16,257.96,51.592,5,1654.65,1593.24,7.653724160000004,2.04025302030219,exchange_guard_proxy_touch,False,2.607999999999993,0.4106496,-0.0181858176,0.20636800000000002,2.1791645823999928,84.47684068847856,2,True
ETHUSDT,short,12eaadc71f1bf14bca20b71a09589ecc9e03a0ef51b0c59f3a3c602bfb0694a1,ETHUSDT|short|confirmed_volume,1745454360000,1745537400000,2025-04-24T00:26:00+00:00,2025-04-24T23:30:00+00:00,1784.58,1772.66,0.25,446.145,89.229,5,1809.61,1769.65,7.746954000000032,1.6346891706145352,exchange_guard_proxy_touch,False,2.9799999999999613,0.711448,0.0344620175,0.356916,2.3030140174999616,51.62030320859724,2,True
ETHUSDT,short,fa4a91f20b611a096a33b31477ccf74f8ccdd68f14d578cbd87b0889f00640e1,ETHUSDT|short|confirmed_volume,1745547060000,1745556180000,2025-04-25T02:11:00+00:00,2025-04-25T04:43:00+00:00,1756.8,1772.66,0.42,737.856,147.5712,5,1769.65,1769.65,7.847098560000054,1.9817181978145313,exchange_guard_proxy_touch,False,-6.661200000000053,1.18589856,0.0,0.5902847999999999,-7.847098560000053,-106.35000000000073,2,True
ETHUSDT,short,8de8aeee3bf560d47532461f7db377bfd1942ef8e7ba145f63ce7be0d75d89db,ETHUSDT|short|high_volume,1745625660000,1745631180000,2025-04-26T00:01:00+00:00,2025-04-26T01:33:00+00:00,1782.3400000000001,1811.96,0.24,427.76160000000004,85.55232000000001,5,1808.8799999999999,1808.8799999999999,7.798905599999973,3.461724463770104,exchange_guard_proxy_touch,False,-7.108799999999974,0.6901056,0.0,0.34220928000000006,-7.798905599999974,-182.31897393314344,2,True
ETHUSDT,short,7485bf245ecb2beae4610ac1df8be5d631b38f7f7e2c74c5b35437726104919a,ETHUSDT|short|high_volume,1745638260000,1745651460000,2025-04-26T03:31:00+00:00,2025-04-26T07:11:00+00:00,1791.74,1811.96,0.33,591.2742000000001,118.25484000000002,5,1808.8799999999999,1808.8799999999999,7.623976800000009,3.6856344743485483,exchange_guard_proxy_touch,False,-6.672600000000009,0.9513768000000001,0.0,0.47301936,-7.623976800000009,-128.9414758837779,2,True
ETHUSDT,short,cef7f25f658baba52a2a9c36d7db82ea4ed2fee0f651ddf155bd6b1687da2e04,ETHUSDT|short|high_volume,1745756160000,1745825460000,2025-04-27T12:16:00+00:00,2025-04-28T07:31:00+00:00,1799.29,1810.8600000000001,0.35000000000000003,629.7515000000001,125.95030000000001,5,1815.0,1807.78,7.592866400000064,2.5134065932420784,exchange_guard_proxy_touch,False,-4.049500000000058,1.0108420000000002,-0.04751613468000001,0.5038012000000001,-5.1078581346800584,-81.10910628525788,2,True
ETHUSDT,short,2b716ffdca8d7b804c2e44a4d635ec0c1ead8925100bba1b9edbe8950055e91d,ETHUSDT|short|high_volume,1745835960000,1745836620000,2025-04-28T10:26:00+00:00,2025-04-28T10:37:00+00:00,1788.78,1810.8600000000001,0.3,536.634,107.3268,5,1807.78,1807.78,7.487913600000047,11.80607106365221,exchange_guard_proxy_touch,False,-6.624000000000046,0.8639136000000002,0.0,0.4293072,-7.487913600000046,-139.5348337973376,2,True
ETHUSDT,short,222e91ebe2ad9409d3bf046ba12e1793c8978aaf110dc71e5e61304fcc929919,ETHUSDT|short|high_volume,1745847060000,1745877960000,2025-04-28T13:31:00+00:00,2025-04-28T22:06:00+00:00,1797.13,1808.08,0.45,808.7085000000001,161.7417,5,1807.78,1805.01,7.477376400000009,2.0964966036479264,exchange_guard_proxy_touch,False,-4.9274999999999185,1.2978756000000002,-0.13766954832,0.6469668000000001,-6.363045148319919,-78.68156632853392,2,True
BTCUSDT,long,51f0d8d58a0e3eccd107c3692cbeab1bd7ddfe7df085eb318b9a5339607f1d34,BTCUSDT|long|confirmed_volume,1745914860000,1745931960000,2025-04-29T08:21:00+00:00,2025-04-29T13:06:00+00:00,95160.40000000001,94539.0,0.0056,532.89824,106.57964799999999,5,94154.0,94700.0,7.379811264000001,1.6084101627029173,exchange_guard_proxy_touch,False,-3.4798400000000487,0.8498533120000002,0.0,0.4263185920000001,-4.329693312000049,-81.24803174429792,2,True
BTCUSDT,long,dfcc544d2599d04074b222dafc76c19b8a0935605215a5423f2b8f5d489d4628,BTCUSDT|long|confirmed_volume,1745937660000,1745940000000,2025-04-29T14:41:00+00:00,2025-04-29T15:20:00+00:00,95286.1,94539.0,0.0082,781.3460200000001,156.269204,5,94700.0,94700.0,7.371472656000049,1.6966047232343076,exchange_guard_proxy_touch,False,-6.126220000000048,1.2452526560000001,0.0,0.6250768160000001,-7.371472656000048,-94.3432546824779,2,True
BTCUSDT,long,c0c80cbeb0fbcbcdcc71669480879ebb9e6a96a0bc46f13ac10fc848945f82f5,BTCUSDT|long|high_volume,1745944560000,1745946120000,2025-04-29T16:36:00+00:00,2025-04-29T17:02:00+00:00,95552.6,94539.0,0.0063,601.9813800000001,120.39627600000001,5,94700.0,94700.0,7.343741664000037,4.024487896966525,exchange_guard_proxy_touch,False,-6.385680000000037,0.958061664,0.0,0.48158510400000004,-7.343741664000037,-121.99283745287997,2,True
ETHUSDT,short,750d06834e9a0b24a5199973273a7ae4eac192a70e23d140488153b05632e830,ETHUSDT|short|high_volume,1745957460000,1746013080000,2025-04-29T20:11:00+00:00,2025-04-30T11:38:00+00:00,1812.07,1815.32,0.28,507.37960000000004,101.47592,5,1831.5,1812.23,7.130858560000052,2.115866702262716,exchange_guard_proxy_touch,False,-0.9100000000000001,0.81253536,-0.069613226984,0.40590368000000004,-1.7921485869840001,-35.3216524074677,2,True
BTCUSDT,long,87654c2d62d162bc9d83505d44899f30527447353fefe4fdabd0397dcb88d801,BTCUSDT|long|high_volume,1746012660000,1746016560000,2025-04-30T11:31:00+00:00,2025-04-30T12:36:00+00:00,95207.70000000001,94281.6,0.0067,637.8915900000001,127.57831800000001,5,94442.2,94442.2,7.22053264800004,7.454984360342825,exchange_guard_proxy_touch,False,-6.20487000000004,1.0156626480000002,0.0,0.5103132720000001,-7.22053264800004,-113.19372697796562,2,True
ETHUSDT,short,4361104ac5fd605fe83bbc9e3049d92be90a69583c6b53599f3c0bfb441c0bb4,ETHUSDT|short|confirmed_volume,1746018960000,1746064500000,2025-04-30T13:16:00+00:00,2025-05-01T01:55:00+00:00,1761.0,1812.28,0.12,211.32,42.263999999999996,5,1812.23,1809.2,6.861726719999992,1.834063624537928,exchange_guard_proxy_touch,False,-6.153599999999996,0.34303488,-0.014008341672,0.169056,-6.510643221671996,-308.0940385042588,2,True
BTCUSDT,long,bbea1aef196d9d0a656ec837f7ba6939a7ece64675faf328f006bc856680c70a,BTCUSDT|long|confirmed_volume,1746061260000,1746140580000,2025-05-01T01:01:00+00:00,2025-05-01T23:03:00+00:00,94516.6,96080.20000000001,0.0063,595.4545800000001,119.09091600000002,5,93699.9,96243.9,7.0966082880000005,1.9768332466550045,exchange_guard_proxy_touch,False,9.850680000000036,0.9606078720000002,-0.019916962178400006,0.476363664,8.870155165821636,148.96442925708345,2,True
ETHUSDT,short,74c76c01084c7347f25459c11dd3ecea8a38fb87c1378278f547336f9bc596ab,ETHUSDT|short|high_volume,1746161160000,1746196560000,2025-05-02T04:46:00+00:00,2025-05-02T14:36:00+00:00,1836.03,1853.65,0.34,624.2502000000001,124.85004,5,1850.5,1850.5,6.994392960000042,2.9293916453967617,exchange_guard_proxy_touch,False,-5.990800000000041,1.0035929600000002,-0.071558005684,0.4994001600000001,-7.065950965684042,-113.19100843994991,2,True
BTCUSDT,long,0d54752b441677aff2e5c052e324f197037444379333b5c0e6317f33e1205439,BTCUSDT|long|high_volume,1746145560000,1746234900000,2025-05-02T00:26:00+00:00,2025-05-03T01:15:00+00:00,96850.8,96343.40000000001,0.0077,745.75116,149.15023200000002,5,96243.9,96507.5,7.122074959999933,3.6569450206485823,exchange_guard_proxy_touch,False,-3.9069799999999555,1.190076272,0.1790343475305,0.5966009280000001,-4.918021924469455,-65.9472246006222,2,True
ETHUSDT,short,8d4f43f1cc0d5ebdefefbe65a2ac096d38bfb48a11944cadb042174da541c116,ETHUSDT|short|high_volume,1746252360000,1746284760000,2025-05-03T06:06:00+00:00,2025-05-03T15:06:00+00:00,1828.27,1841.69,0.34,621.6118,124.32236,5,1842.45,1838.56,6.8880899200000565,2.1697688453913004,exchange_guard_proxy_touch,False,-4.562800000000025,0.9982291200000002,0.00971391118,0.4972894400000001,-5.551315208820025,-89.30517742456023,2,True
ETHUSDT,short,c2da291756fb308d3b19fe627af505fb432ae6a5daacd234bc2fcd600ce95833,ETHUSDT|short|high_volume,1746288960000,1746301980000,2025-05-03T16:16:00+00:00,2025-05-03T19:53:00+00:00,1827.47,1841.69,0.4,730.988,146.19760000000002,5,1838.56,1838.56,6.862131200000011,2.9433069546716366,exchange_guard_proxy_touch,False,-5.688000000000011,1.1741312000000002,0.0,0.5847904,-6.862131200000011,-93.87474486585293,2,True
BTCUSDT,long,4650f6c8edae64eed1ed98c3e6d6a9398871c414db70c7dbcc9f9d06777f31fb,BTCUSDT|long|confirmed_volume,1746302760000,1746315240000,2025-05-03T20:06:00+00:00,2025-05-03T23:34:00+00:00,96493.90000000001,95649.70000000001,0.006900000000000001,665.8079100000001,133.161582,5,95812.59999999999,95812.59999999999,6.885612671999981,1.898795751335724,exchange_guard_proxy_touch,False,-5.8249799999999805,1.0606326720000003,0.0,0.5326463280000002,-6.885612671999981,-103.41740565983933,2,True
ETHUSDT,short,282711fc986c7e6b36bcbc2ec3e9feec4a488d16dc8ca08e5fd095e2d47c3852,ETHUSDT|short|confirmed_volume,1746377460000,1746390060000,2025-05-04T16:51:00+00:00,2025-05-04T20:21:00+00:00,1820.03,1835.89,0.32,582.4096,116.48191999999999,5,1835.37,1832.77,6.846983680000009,1.8007573372637364,exchange_guard_proxy_touch,False,-5.075200000000041,0.9359155200000001,0.0,0.46592768,-6.011115520000041,-103.21113388240924,2,True
ETHUSDT,short,3eb5152fdd80055a966ede4cfd33aa183540fcfa9b6726a41c51eb8ab844c4df,ETHUSDT|short|high_volume,1746459960000,1746466740000,2025-05-05T15:46:00+00:00,2025-05-05T17:39:00+00:00,1795.89,1817.96,0.16,287.3424,57.46848,5,1830.73,1814.87,6.538206720000006,2.737358131700668,exchange_guard_proxy_touch,False,-3.53119999999999,0.4625728000000001,0.003438987456,0.22987392000000004,-3.99033381254399,-138.87034466698927,2,True
BTCUSDT,long,28eba574b3dfcc29b7b395de3d8fa84f4abd3c9c0218cda258ab152862d86e4c,BTCUSDT|long|high_volume,1746470460000,1746520140000,2025-05-05T18:41:00+00:00,2025-05-06T08:29:00+00:00,94956.3,93801.1,0.0039000000000000003,370.32957000000005,74.065914,5,93559.5,93960.9,6.655682903999978,5.2620385209792575,exchange_guard_proxy_touch,False,-4.505279999999989,0.5889230880000002,-0.0472854776628,0.29626365600000004,-5.14148856566279,-138.83548552881666,2,True
ETHUSDT,short,252d67d88b160fa8a1416521241f38f1664a603a4bade01ff1732e57a5a00885,ETHUSDT|short|high_volume,1746519360000,1746557760000,2025-05-06T08:16:00+00:00,2025-05-06T18:56:00+00:00,1795.8600000000001,1782.1200000000001,0.37,664.4682,132.89364,5,1808.05,1779.09,6.717569039999993,3.1269171072993354,exchange_guard_proxy_touch,False,5.083800000000004,1.0590820800000003,-0.046990396565999994,0.53157456,3.977727523434003,59.86332413551172,2,True
BTCUSDT,long,17779f6125eafc2975cb708548a0eea4646f935903fbdf225a3939ea2e44a6b8,BTCUSDT|long|high_volume,1746546060000,1746623340000,2025-05-06T15:41:00+00:00,2025-05-07T13:09:00+00:00,94837.3,96618.3,0.0057,540.57261,108.11452200000001,5,93960.9,96782.9,6.766531103999984,2.52797379920358,exchange_guard_proxy_touch,False,10.1517,0.8730375360000002,-0.0214588814964,0.4324580880000001,9.2572035825036,171.24810638303703,2,True
BTCUSDT,long,e619a84fed41f336162ea8d2e3513cc8646e098b26779f5a44cf3893a4101488,BTCUSDT|long|high_volume,1746625560000,1746629640000,2025-05-07T13:46:00+00:00,2025-05-07T14:54:00+00:00,97352.5,96618.3,0.0076,739.879,147.9758,5,96782.9,96782.9,6.759262463999978,5.56424384900681,exchange_guard_proxy_touch,False,-5.579919999999978,1.1793424639999999,0.0,0.5919032000000001,-6.759262463999978,-91.3563226419452,2,True
ETHUSDT,short,d794501210396652464e6c1e3ac751fa045dab42efeeacd3fd91c8f40b213b53,ETHUSDT|short|high_volume,1746623460000,1746671520000,2025-05-07T13:11:00+00:00,2025-05-08T02:32:00+00:00,1821.89,1849.65,0.22,400.8158,80.16316,5,1846.51,1846.51,6.753391039999999,2.799307123685817,exchange_guard_proxy_touch,False,-6.107199999999998,0.64619104,0.012995321239999998,0.32065264000000004,-6.740395718759998,-168.16691654271108,2,True
BTCUSDT,long,96f085bb60a43b72fa4d974a7fe820e45d0a0e43e7997bd081439ea396f0597d,BTCUSDT|long|high_volume,1746675960000,1746801600000,2025-05-08T03:46:00+00:00,2025-05-09T14:40:00+00:00,99167.6,102202.3,0.0025,247.919,49.583800000000004,5,96831.4,102376.4,6.643918599999986,3.3895594971763505,exchange_guard_proxy_touch,False,7.586749999999993,0.4027398000000001,-0.15512049760000002,0.19833520000000004,7.028889702399994,283.515571714955,2,True
BTCUSDT,long,577f872b934bf4f6bf3d09208520b8baf83f03c7ae46bcf96002dc218e2d6e77,BTCUSDT|long|confirmed_volume,1746844860000,1746891360000,2025-05-10T02:41:00+00:00,2025-05-10T15:36:00+00:00,103302.0,103135.20000000001,0.007200000000000001,743.7744,148.75488,5,102699.9,103310.9,6.7778052479999795,1.8946863373051386,exchange_guard_proxy_touch,False,-1.2009599999999163,1.1890782720000002,-0.14935924800000003,0.5950195200000001,-2.5393975199999166,-34.142039844338775,2,True
BTCUSDT,long,ee6eeb5f3f57ae11322598991b46be83bb8f24fd5abb9f026ef59ff00aac7905,BTCUSDT|long|high_volume,1746954960000,1747002900000,2025-05-11T09:16:00+00:00,2025-05-11T22:35:00+00:00,104360.0,103515.5,0.005200000000000001,542.672,108.5344,5,103406.2,103691.79999999999,6.737496063999956,2.0159125730062244,exchange_guard_proxy_touch,False,-4.391400000000001,0.8647620800000001,-0.10824621600000002,0.43413760000000007,-5.3644082960000015,-98.85176121119206,2,True
BTCUSDT,long,cda98671ad30576fb86cbb969f72b779fd9683a138addccc6383ceb241eabc7d,BTCUSDT|long|confirmed_volume,1747008660000,1747018560000,2025-05-12T00:11:00+00:00,2025-05-12T02:56:00+00:00,104316.70000000001,103515.5,0.006900000000000001,719.7852300000002,143.95704600000005,5,103691.79999999999,103691.79999999999,6.675513744000081,1.8956208045536285,exchange_guard_proxy_touch,False,-5.528280000000081,1.1472337440000002,0.0,0.5758281840000001,-6.675513744000082,-92.74313317043307,2,True
BTCUSDT,long,738da79d6142cb492a8b0ca81ab8f24b6bc05a610cd33c5d101edb6ab9f93b21,BTCUSDT|long|high_volume,1747031460000,1747050720000,2025-05-12T06:31:00+00:00,2025-05-12T11:52:00+00:00,104363.5,103488.40000000001,0.0063,657.49005,131.49801,5,103664.7,103664.7,6.560703575999945,2.345033897844839,exchange_guard_proxy_touch,False,-5.513129999999945,1.0475735760000002,-0.131577138,0.52599204,-6.692280713999946,-101.78527741978674,2,True
ETHUSDT,long,bbcb3222d631f44470c1925949e16fd203827b6f10c4d9c9f9b6954ebbda3655,ETHUSDT|long|high_volume,1747032660000,1747060020000,2025-05-12T06:51:00+00:00,2025-05-12T14:27:00+00:00,2520.56,2515.7000000000003,0.17,428.4952,85.69904,5,2489.99,2519.99,6.598558159999992,2.684437427328342,exchange_guard_proxy_touch,False,-0.8261999999999444,0.6849313600000001,-0.08681730000000001,0.34279616,-1.5979486599999446,-37.292101755164225,2,True
ETHUSDT,long,92150162b564ac6526c0d6850d353e56faca943810fbb7a11a1d80193701aeee,ETHUSDT|long|high_volume,1747120860000,1747188060000,2025-05-13T07:21:00+00:00,2025-05-14T02:01:00+00:00,2476.11,2651.4700000000003,0.09,222.8499,44.56998,5,2414.35,2655.99,6.2801171999999905,6.465262808356738,exchange_guard_proxy_touch,False,15.782400000000012,0.36918576000000003,-0.13866030000000001,0.17827992,15.274553940000011,685.418927268983,2,True
BTCUSDT,long,95307a8975e368b91802022997277224a8c8b0c91584b6cf29e8952559034a8f,BTCUSDT|long|high_volume,1747120860000,1747207440000,2025-05-13T07:21:00+00:00,2025-05-14T07:24:00+00:00,103016.0,103233.1,0.0033,339.9528,67.99056,5,101399.9,103408.9,6.44125284,3.1970594594594592,exchange_guard_proxy_touch,False,0.7164300000000192,0.544497624,-0.18551270562,0.27196224,-0.013580329619980791,-0.39947691620662606,2,True
BTCUSDT,long,d3dff5d0a0f4df53c8a86eb37f650f5ad28f1aeb1169c72c394e30fce5d59f9b,BTCUSDT|long|high_volume,1747218660000,1747231860000,2025-05-14T10:31:00+00:00,2025-05-14T14:11:00+00:00,103977.3,103233.1,0.0073,759.03429,151.806858,5,103408.9,103408.9,6.6427687359999785,2.6212453981498025,exchange_guard_proxy_touch,False,-5.432659999999979,1.2101087360000002,0.0,0.6072274320000001,-6.642768735999979,-87.51605590835665,2,True
ETHUSDT,long,56ca316d0e05eef7deb571863d7a5c3bb2fdf4dca1ca0eaf9a228cc0fb766506,ETHUSDT|long|high_volume,1747267560000,1747273560000,2025-05-15T00:06:00+00:00,2025-05-15T01:46:00+00:00,2616.57,2577.91,0.15,392.4855,78.4971,5,2582.2999999999997,2582.2999999999997,6.422337600000046,2.3578656375816625,exchange_guard_proxy_touch,False,-5.799000000000047,0.6233376,0.0,0.3139884,-6.422337600000047,-163.63248069037064,2,True
ETHUSDT,long,a37fce50f6130b43225d137eb4dcb79c0a02d8a9c46ea0b8db9efe38f3312572,ETHUSDT|long|confirmed_volume,1747328160000,1747333380000,2025-05-15T16:56:00+00:00,2025-05-15T18:23:00+00:00,2593.77,2540.66,0.11,285.3147,57.062940000000005,5,2544.99,2544.99,6.293929840000015,1.7947400200262942,exchange_guard_proxy_touch,False,-5.842100000000014,0.4518298400000001,0.0,0.22825176000000003,-6.293929840000014,-220.59605901834058,2,True
BTCUSDT,long,c758aa00a3a4af632819c14c67c43a2d740e73d4b3b0fd9d6a8855f900bad413,BTCUSDT|long|high_volume,1747347060000,1747381860000,2025-05-15T22:11:00+00:00,2025-05-16T07:51:00+00:00,103726.1,103585.8,0.004200000000000001,435.6496200000001,87.12992400000002,5,102535.9,103762.2,6.423774336000025,4.140483507021763,exchange_guard_proxy_touch,False,-0.5892600000000123,0.6965679840000002,-0.03923881557120001,0.3485196960000001,-1.3250667995712124,-30.415883286463377,2,True
ETHUSDT,long,bb7577a37b3c577ac92088bf7988a8dab4985a98a9f0ec6c93aa1b601ac28c2b,ETHUSDT|long|high_volume,1747361160000,1747427640000,2025-05-16T02:06:00+00:00,2025-05-16T20:34:00+00:00,2582.2200000000003,2563.89,0.08,206.57760000000002,41.31552000000001,5,2510.4799999999996,2568.2599999999998,6.406459520000018,3.1547187981876754,exchange_guard_proxy_touch,False,-1.4664000000000306,0.32935104000000004,-0.07149853417600002,0.16526208000000003,-1.8672495741760304,-90.38974090976127,2,True
BTCUSDT,long,15e240c585329f3617c7557a32168d962b23e8ba6f0bdfa19bcf89680d649fd7,BTCUSDT|long|high_volume,1747501860000,1747519860000,2025-05-17T17:11:00+00:00,2025-05-17T22:11:00+00:00,103261.6,102700.0,0.0064,660.8742400000001,132.17484800000003,5,102590.9,102874.9,6.462351359999982,2.0154838064496414,exchange_guard_proxy_touch,False,-3.5942400000000374,1.0545233920000001,0.0,0.5286993920000002,-4.6487633920000375,-70.34263269211456,2,True
ETHUSDT,long,eb07a5e558eecd32a0deea34fb386b97ed0ed5378dc7e01aeb9c85954ebb799c,ETHUSDT|long|high_volume,1747515360000,1747520760000,2025-05-17T20:56:00+00:00,2025-05-17T22:26:00+00:00,2495.2400000000002,2456.46,0.12,299.4288,59.885760000000005,5,2450.6099999999997,2460.6499999999996,6.330401280000022,3.934094450092375,exchange_guard_proxy_touch,False,-4.653600000000024,0.4753632000000001,0.0,0.23954304,-5.128963200000024,-171.29157916673427,2,True
ETHUSDT,long,9e7b03b7c307a12502a9c49bbbfc9b2a509723dbadc2addc5db82ace3fc4d812,ETHUSDT|long|high_volume,1747548060000,1747591080000,2025-05-18T06:01:00+00:00,2025-05-18T17:58:00+00:00,2512.04,2482.41,0.12,301.4448,60.288959999999996,5,2466.7299999999996,2486.64,6.418758719999971,2.7969464324016866,exchange_guard_proxy_touch,False,-3.555600000000013,0.4794672,-0.030356734199999996,0.24115583999999998,-4.0654239342000125,-134.86462311507822,2,True
BTCUSDT,long,5213b6aa2990001c5ca9fff996efc6646f979961d1def1da6903cbc0bed44555,BTCUSDT|long|confirmed_volume,1747526760000,1747598400000,2025-05-18T00:06:00+00:00,2025-05-18T20:00:00+00:00,103318.20000000001,103484.3,0.0081,836.87742,167.375484,5,102874.9,103660.59999999999,6.3424179360000945,1.7256154987421244,exchange_guard_proxy_touch,False,1.3454099999999292,1.3400802,-0.27023582539799995,0.6695019360000001,-0.26490602539807084,-3.1654101194183353,2,True
BTCUSDT,long,e26d6f054ded21a10dbd3156a57d270411901974a3b4f2cc59dc6e9a20591508,BTCUSDT|long|high_volume,1747607160000,1747626780000,2025-05-18T22:26:00+00:00,2025-05-19T03:53:00+00:00,105013.0,103484.3,0.0037,388.54810000000003,77.70962,5,103660.59999999999,103660.59999999999,6.2733420079999895,2.254102085121422,exchange_guard_proxy_touch,False,-5.65618999999999,0.617152008,-0.04716618845,0.31083848000000003,-6.32050819644999,-162.6699035833656,2,True
BTCUSDT,long,e1ac4339b29487f0aa9c902b3d751631a9c1f59f7cb9cd54b2fe8c1fcbe638de,BTCUSDT|long|confirmed_volume,1747674060000,1747722300000,2025-05-19T17:01:00+00:00,2025-05-20T06:25:00+00:00,105559.6,105300.6,0.0016,168.89536,33.779072,5,102088.79999999999,105480.0,6.096607743999991,1.6958763522051346,exchange_guard_proxy_touch,False,-0.41440000000000005,0.26990105600000003,-0.028292573024,0.13511628800000003,-0.712593629024,-42.191427225946285,2,True
ETHUSDT,long,1e38f7ad460db5d79430c66d68200aea2c82c243f9e2f68a97c9b5a62776cb15,ETHUSDT|long|confirmed_volume,1747655160000,1747735920000,2025-05-19T11:46:00+00:00,2025-05-20T10:12:00+00:00,2421.9500000000003,2516.36,0.07,169.53650000000005,33.907300000000006,5,2346.9799999999996,2520.6499999999996,5.794036640000003,1.5584237311542448,exchange_guard_proxy_touch,False,6.60869999999999,0.2765453600000001,-0.08416007259800001,0.13562920000000003,6.24799456740199,368.5338890092687,2,True
BTCUSDT,long,7af2ab8bd1aa6999fad59a376adcf342c87f738ca664980121e9f427f3274e48,BTCUSDT|long|high_volume,1747783260000,1747819920000,2025-05-20T23:21:00+00:00,2025-05-21T09:32:00+00:00,107118.0,105966.3,0.0027,289.21860000000004,57.843720000000005,5,105156.7,106146.79999999999,6.236397143999977,2.047224984598522,exchange_guard_proxy_touch,False,-3.1095899999999923,0.46026208800000007,-0.09164942985060001,0.23137488,-3.661501517850592,-126.59979399148574,2,True
ETHUSDT,long,c99c48999ddc8f2d83bf15414ef023738c05e754056e89302c58aac31cf4dfde,ETHUSDT|long|high_volume,1747804560000,1747848120000,2025-05-21T05:16:00+00:00,2025-05-21T17:22:00+00:00,2573.56,2516.19,0.08,205.8848,41.17696,5,2506.2999999999997,2520.4799999999996,6.04723775999998,4.548806337536414,exchange_guard_proxy_touch,False,-4.589599999999991,0.32574400000000003,-0.040766130928,0.16470784000000002,-4.956110130927991,-240.7224880577872,2,True
BTCUSDT,long,91f4dc3b3ca754bad1a775878cab1309bd7afb583812031da3853c981e95a62a,BTCUSDT|long|high_volume,1747826460000,1747850040000,2025-05-21T11:21:00+00:00,2025-05-21T17:54:00+00:00,106781.3,105966.3,0.0063,672.7221900000001,134.544438,5,106146.79999999999,106146.79999999999,6.206747904,2.8285463122229104,exchange_guard_proxy_touch,False,-5.1345,1.0722479040000001,-0.0702634533804,0.5381777520000001,-6.2770113573804,-93.3076305596579,2,True
ETHUSDT,long,9b8c946186c151c3cec4aa6c443ef08075f2e99f1643060c84075c6a4e53010f,ETHUSDT|long|confirmed_volume,1747905660000,1747943100000,2025-05-22T09:21:00+00:00,2025-05-22T19:45:00+00:00,2684.27,2629.98,0.06,161.0562,32.21124,5,2601.64,2634.4599999999996,5.477111039999996,1.9791934614829205,exchange_guard_proxy_touch,False,-3.257399999999998,0.25508400000000003,-0.03196248,0.12884496,-3.5444464799999977,-220.07513402154018,2,True
BTCUSDT,long,eeb8fafbc778bf4f782a90747ae149c93fb61d1e4938007cf48ab7dbbe17eac1,BTCUSDT|long|high_volume,1747866960000,1747974240000,2025-05-21T22:36:00+00:00,2025-05-23T04:24:00+00:00,109010.6,110515.8,0.0018000000000000002,196.21908000000002,39.243816,5,106085.2,110704.0,5.899918176000005,3.603107809184773,exchange_guard_proxy_touch,False,2.709359999999995,0.31611801600000006,-0.15694095940560002,0.15697526400000003,2.236301024594395,113.96960094779747,2,True
ETHUSDT,long,1082d0e770044fa7a70c9812ebbe46aa491a01a412ba4aed7336852e8958bb9d,ETHUSDT|long|high_volume,1748082960000,1748121660000,2025-05-24T10:36:00+00:00,2025-05-24T21:21:00+00:00,2571.48,2537.89,0.13,334.2924,66.85848,5,2534.0899999999997,2542.22,5.951531039999976,7.490947100977732,exchange_guard_proxy_touch,False,-4.366700000000019,0.53137448,-0.014039564448000003,0.26743392,-4.912114044448019,-146.94064371334852,2,True
BTCUSDT,long,58aa66b29f5b720f051d7417059880b267a98d62ec9194990a33845589c40f77,BTCUSDT|long|high_volume,1748082960000,1748125380000,2025-05-24T10:36:00+00:00,2025-05-24T22:23:00+00:00,108696.70000000001,108311.20000000001,0.004,434.7868,86.95736000000001,5,107519.9,108495.7,6.129708160000024,6.438699808795411,exchange_guard_proxy_touch,False,-1.542,0.6944252800000001,-0.068269110136,0.34782944000000005,-2.304694390136,-53.00745998121378,2,True
ETHUSDT,long,1a9fb8b162c33f9ad1e02bd5ceb0866b171dbbd4aa4fd7b729ce974cd1c52031,ETHUSDT|long|high_volume,1748197860000,1748267640000,2025-05-25T18:31:00+00:00,2025-05-26T13:54:00+00:00,2523.29,2548.12,0.17,428.95930000000004,85.79186000000001,5,2496.99,2552.4599999999996,5.875680079999954,2.7596657022676063,exchange_guard_proxy_touch,False,4.221099999999988,0.6897117600000001,-0.07391806533,0.34316744000000005,3.457470174669988,80.60135716069071,2,True
BTCUSDT,long,d72425123576f42a7d0ab25c30da73e97155ce3b51488180928666fb71d028ec,BTCUSDT|long|high_volume,1748221260000,1748276460000,2025-05-26T01:01:00+00:00,2025-05-26T16:21:00+00:00,109773.90000000001,109226.70000000001,0.002,219.54780000000002,43.909560000000006,5,107118.7,109412.79999999999,6.021536640000018,2.309844401523825,exchange_guard_proxy_touch,False,-1.0943999999999943,0.35040096000000004,-0.087046360896,0.17563824000000003,-1.5318473208959942,-69.77283857528948,2,True
ETHUSDT,long,65e279b7269367d1c2aa219377d74b65bf53c13c830cf66af9c59f395b5adcca,ETHUSDT|long|high_volume,1748365860000,1748397540000,2025-05-27T17:11:00+00:00,2025-05-28T01:59:00+00:00,2689.2200000000003,2627.93,0.09,242.02980000000002,48.40596000000001,5,2632.41,2632.41,5.8989348000000374,4.151710779308183,exchange_guard_proxy_touch,False,-5.516100000000037,0.3828347999999999,-0.04787694,0.19362384000000002,-5.946811740000037,-245.70576598419024,2,True
ETHUSDT,long,1d7f23198320d3f9ae042ee489d9e0ca9b68dce78a91941df0aed6d3f204c138,ETHUSDT|long|confirmed_volume,1748430360000,1748441820000,2025-05-28T11:06:00+00:00,2025-05-28T14:17:00+00:00,2648.73,2617.89,0.17,450.2841,90.05682,5,2622.35,2622.35,5.959060320000025,1.663640539551151,exchange_guard_proxy_touch,False,-5.242800000000025,0.71626032,0.0,0.36022728000000004,-5.959060320000025,-132.34001200575426,2,True
ETHUSDT,long,0a193f38f05bbc3dec987d3349468f866a33315c780b3f79ae22b19964678d66,ETHUSDT|long|high_volume,1748469360000,1748519100000,2025-05-28T21:56:00+00:00,2025-05-29T11:45:00+00:00,2652.19,2705.38,0.12,318.26279999999997,63.652559999999994,5,2611.99,2709.99,5.862934080000011,4.2622987084733355,exchange_guard_proxy_touch,False,6.382800000000007,0.51432672,-0.1298496,0.25461024000000004,5.738623680000007,180.31085254073074,2,True
BTCUSDT,long,a30814dd5f1f8e840f08ebc9534e921fc9ea45763ebb56a121152ce8ab8f6b7b,BTCUSDT|long|confirmed_volume,1748502960000,1748526540000,2025-05-29T07:16:00+00:00,2025-05-29T13:49:00+00:00,108129.1,107255.20000000001,0.0058000000000000005,627.1487800000001,125.42975600000003,5,107437.9,107437.9,6.068003151999967,1.6389120847437717,exchange_guard_proxy_touch,False,-5.068619999999966,0.9993831520000002,-0.035176382184,0.501719024,-6.103179534183966,-97.31629445542357,2,True
ETHUSDT,long,414cd88e05ae7bee6b8a8523ff0912860031684c427f717a5306fd150412b2f9,ETHUSDT|long|high_volume,1748696460000,1748736720000,2025-05-31T13:01:00+00:00,2025-06-01T00:12:00+00:00,2539.81,2516.75,0.14,355.57340000000005,71.11468,5,2506.2599999999998,2521.04,5.85948159999996,4.416962217496483,exchange_guard_proxy_touch,False,-3.2283999999999926,0.5663347200000001,-0.0726504681,0.28445872000000005,-3.8673851880999925,-108.76474978443247,2,True
BTCUSDT,long,109438da818f858e95bdc9211c46e98b8d27c5a044ed955cc45d5ad0ae38bb65,BTCUSDT|long|confirmed_volume,1748696460000,1748741700000,2025-05-31T13:01:00+00:00,2025-06-01T01:35:00+00:00,104126.0,104037.70000000001,0.0049,510.2174,102.04348,5,103249.79999999999,104214.9,5.966044783999943,1.558955077343767,exchange_guard_proxy_touch,False,-0.43266999999994293,0.816001704,-0.045016832051799995,0.40817392,-1.2936885360517432,-25.35563342315929,2,True
BTCUSDT,long,a7085560693f54d1b03dd8cb711315aad9362a5a71302ff41804c65f2eea92f9,BTCUSDT|long|high_volume,1748752560000,1748758800000,2025-06-01T04:36:00+00:00,2025-06-01T06:20:00+00:00,104751.6,104037.70000000001,0.0067,701.83572,140.367144,5,104214.9,104214.9,5.902240647999961,3.029748583931725,exchange_guard_proxy_touch,False,-4.783129999999961,1.1191106480000002,0.0,0.5614685760000001,-5.902240647999961,-84.09718228647526,2,True
BTCUSDT,long,276f16767de09d643ca89ddb8f43e5f43f90effbce976f1f7dc110e99a878a74,BTCUSDT|long|confirmed_volume,1748768460000,1748768940000,2025-06-01T09:01:00+00:00,2025-06-01T09:09:00+00:00,104565.6,103960.8,0.0076,794.69856,158.93971200000001,5,104137.9,104137.9,5.864320512000023,1.8559426905730938,exchange_guard_proxy_touch,False,-4.596480000000022,1.2678405120000003,0.0,0.635758848,-5.864320512000022,-73.79301797149377,2,True
ETHUSDT,long,8b9eb4b1507f67a37a9f0277a6c9055aa16fcc0764661fdad677d7c5c3744eb5,ETHUSDT|long|high_volume,1748815560000,1748834220000,2025-06-01T22:06:00+00:00,2025-06-02T03:17:00+00:00,2544.9,2487.31,0.09,229.041,45.8082,5,2491.5499999999997,2491.5499999999997,5.5454191200000125,3.1006495566445835,exchange_guard_proxy_touch,False,-5.183100000000013,0.36231912,-0.007245168372,0.1832328,-5.5526642883720125,-242.4310183928647,2,True
ETHUSDT,long,dfbc19e9a574889921d911b5a12c9933d3e1afea3491a9195f6cd298a9712139,ETHUSDT|long|high_volume,1748847960000,1748854320000,2025-06-02T07:06:00+00:00,2025-06-02T08:52:00+00:00,2506.69,2487.31,0.24,601.6056,120.32112,5,2491.5499999999997,2491.5499999999997,5.610048000000026,2.3247096910759426,exchange_guard_proxy_touch,False,-4.651200000000026,0.958848,-0.06468546537599999,0.48128448,-5.6747334653760255,-94.32647344665716,2,True
BTCUSDT,long,a69bd55e93027a59904ee02699b3ff457abcac0fbd9a4eb648ad9dc85e0430a0,BTCUSDT|long|high_volume,1748794260000,1748857500000,2025-06-01T16:11:00+00:00,2025-06-02T09:45:00+00:00,105343.40000000001,104342.20000000001,0.0029000000000000002,305.49586000000005,61.09917200000001,5,103708.5,104519.9,5.737361160000009,11.26851857713515,exchange_guard_proxy_touch,False,-2.9034799999999916,0.48647059200000015,-0.0322079902022,0.24439668800000006,-3.422158582202192,-112.01980223896295,2,True
BTCUSDT,long,98657320e0aec634d99034d0855ad2bcaa92a0fa1cb702f1a13cbe549aa8ec1e,BTCUSDT|long|high_volume,1748901960000,1748938200000,2025-06-02T22:06:00+00:00,2025-06-03T08:10:00+00:00,105230.3,104883.70000000001,0.0035,368.30605,73.66121000000001,5,103984.09999999999,105062.4,5.56580528,3.961501594625905,exchange_guard_proxy_touch,False,-1.2130999999999694,0.5883192,-0.081714243968,0.29464484,-1.8831334439679697,-51.129582149627176,2,True
ETHUSDT,long,8b933141da3148e608ed65113fa27d71f503c08afc890bd1b9f940069e34c1e2,ETHUSDT|long|high_volume,1748901960000,1748982600000,2025-06-02T22:06:00+00:00,2025-06-03T20:30:00+00:00,2569.01,2597.32,0.1,256.901,51.3802,5,2522.87,2601.75,5.45000720000003,9.059760288943306,exchange_guard_proxy_touch,False,2.8309999999999946,0.4133064,-0.07697160289999999,0.20552080000000006,2.3407219970999944,91.11377523248234,2,True
BTCUSDT,long,8748b73d5a09db898234874225b371f2b8a43b9b3d7a118fa4cef5b90c9957e8,BTCUSDT|long|confirmed_volume,1748978760000,1748997060000,2025-06-03T19:26:00+00:00,2025-06-04T00:31:00+00:00,106420.8,105021.40000000001,0.0031000000000000003,329.90448000000004,65.980896,5,104969.29999999999,105200.29999999999,5.576804768000001,1.5731063942771089,exchange_guard_proxy_touch,False,-4.338139999999982,0.524376656,3.591756410000001e-05,0.26392358400000004,-4.862480738435883,-147.39056403344028,2,True
BTCUSDT,long,4fd08c9e0dc240bf2cd2ad43b0a5ebb927dbecd55d988ee5c98c05d9bfb03a29,BTCUSDT|long|high_volume,1749003060000,1749018660000,2025-06-04T02:11:00+00:00,2025-06-04T06:31:00+00:00,105952.3,105021.40000000001,0.0051,540.3567300000001,108.07134600000002,5,105200.29999999999,105200.29999999999,5.608362695999971,2.737827026602224,exchange_guard_proxy_touch,False,-4.7475899999999704,0.8607726960000002,0.0,0.43228538400000005,-5.60836269599997,-103.79000361483365,2,True
BTCUSDT,long,9fe26355d6ff2b9b41fafa5a8a213bdd4f4deb4ebe8a020aa070e0f1cf2da8cf,BTCUSDT|long|high_volume,1749030360000,1749036840000,2025-06-04T09:46:00+00:00,2025-06-04T11:34:00+00:00,105855.40000000001,105021.0,0.0055000000000000005,582.2047000000001,116.44094000000003,5,105199.9,105199.9,5.517056160000049,5.163875912361984,exchange_guard_proxy_touch,False,-4.589200000000049,0.9278561600000003,0.0,0.46576376000000014,-5.517056160000049,-94.76145005356446,2,True
BTCUSDT,long,db6048d910ea7cde6fbd4bf21796b05bf620268e69e001bd0d432d975dc10dcb,BTCUSDT|long|confirmed_volume,1749083760000,1749105300000,2025-06-05T00:36:00+00:00,2025-06-05T06:35:00+00:00,105011.90000000001,104172.5,0.0054,567.0642600000001,113.41285200000002,5,104349.9,104349.9,5.436436608000047,1.902539647064864,exchange_guard_proxy_touch,False,-4.532760000000048,0.9036766080000003,0.0,0.4536514080000001,-5.436436608000048,-95.86985094070374,2,True
ETHUSDT,long,cdb0c111b8949ad47794557c85d74d1afe8d9be1930104452b94f78f474c7377,ETHUSDT|long|high_volume,1749006960000,1749111600000,2025-06-04T03:16:00+00:00,2025-06-05T08:20:00+00:00,2634.9700000000003,2592.52,0.09,237.1473,47.42946,5,2582.3999999999996,2596.9399999999996,5.502633840000023,4.812917894726554,exchange_guard_proxy_touch,False,-3.8205000000000244,0.37637928,-0.12488097049199998,0.18971784000000003,-4.321760250492024,-182.2394878833545,2,True
ETHUSDT,long,dc03098dbd98e43ec349fbb495e1e7def99564259c737d23b9f9f95b937550f5,ETHUSDT|long|confirmed_volume,1749118260000,1749119880000,2025-06-05T10:11:00+00:00,2025-06-05T10:38:00+00:00,2616.05,2592.52,0.19,497.0495,99.40990000000001,5,2596.9399999999996,2596.9399999999996,5.262402640000038,1.9353600189347815,exchange_guard_proxy_touch,False,-4.470700000000038,0.79170264,0.0,0.39763960000000004,-5.2624026400000385,-105.87280824143346,2,True
ETHUSDT,long,b7aabc83b483a33ef38faf83946e50a4f30b82c20707a521d56ce48b9d372bce,ETHUSDT|long|high_volume,1749125460000,1749131220000,2025-06-05T12:11:00+00:00,2025-06-05T13:47:00+00:00,2618.76,2592.52,0.17,445.1892000000001,89.03784000000002,5,2596.9399999999996,2596.9399999999996,5.169534080000041,3.892651058198775,exchange_guard_proxy_touch,False,-4.460800000000041,0.70873408,0.0,0.3561513600000001,-5.169534080000041,-116.11993462554886,2,True
ETHUSDT,long,d3dcb15542c76d4f11f40c522fc9a2afb7ca72f00b7b55900e6fc81ada1aa324,ETHUSDT|long|high_volume,1749242760000,1749248280000,2025-06-06T20:46:00+00:00,2025-06-06T22:18:00+00:00,2506.51,2477.98,0.16,401.0416,80.20832,5,2482.2,2482.2,5.202814720000032,2.875996243087502,exchange_guard_proxy_touch,False,-4.564800000000032,0.63801472,0.0,0.32083328,-5.202814720000032,-129.73254445424195,2,True
ETHUSDT,long,6a6b738baa533c04e7408fcddae23ddb1aec3c7930a16cba4682ee5a352c9145,ETHUSDT|long|high_volume,1749295560000,1749374820000,2025-06-07T11:26:00+00:00,2025-06-08T09:27:00+00:00,2501.5,2501.34,0.17,425.25500000000005,85.05100000000002,5,2480.24,2505.6,5.008542720000004,5.928940361064842,exchange_guard_proxy_touch,False,-0.027199999999975265,0.6803862400000001,-0.22499396850800002,0.34020400000000006,-0.9325802085079754,-21.92990578612774,2,True
ETHUSDT,long,c5e408c83bcb6ecdd1486ef2079b0ea3339592750e02fabaed365a440d390d57,ETHUSDT|long|high_volume,1749486060000,1749631140000,2025-06-09T16:21:00+00:00,2025-06-11T08:39:00+00:00,2555.32,2766.41,0.09,229.9788,45.995760000000004,5,2507.97,2771.1299999999997,5.01004943999999,7.329494500584315,exchange_guard_proxy_touch,False,18.998099999999972,0.38316456,-0.24649632000000002,0.18398304000000001,18.368439119999973,798.7014072601463,2,True
ETHUSDT,long,00f265b00d0f84261c5f514c5bca26e851eb5611c50edb080b9059cc02f9e96e,ETHUSDT|long|high_volume,1749710460000,1749713820000,2025-06-12T06:41:00+00:00,2025-06-12T07:37:00+00:00,2778.7200000000003,2748.31,0.15,416.80800000000005,83.36160000000001,5,2753.0,2753.0,5.224743600000046,3.140714042857464,exchange_guard_proxy_touch,False,-4.561500000000046,0.6632436,0.0,0.3334464000000001,-5.224743600000046,-125.35132722980475,2,True
ETHUSDT,long,5508f887fd54b29e2fd17752184b991617681f7c122e3a031a71529b4f9086f0,ETHUSDT|long|high_volume,1749816060000,1749824640000,2025-06-13T12:01:00+00:00,2025-06-13T14:24:00+00:00,2548.1,2501.08,0.1,254.81,50.962,5,2505.3399999999997,2505.3399999999997,5.105934399999999,3.067286837817632,exchange_guard_proxy_touch,False,-4.701999999999998,0.4039344000000001,0.0,0.203848,-5.105934399999998,-200.38202582316228,2,True
ETHUSDT,long,2a2289d7af85951584bc511854f5f8e9060e7fbb6f4ca0e041a7f74f72edec80,ETHUSDT|long|high_volume,1749831360000,1749881940000,2025-06-13T16:16:00+00:00,2025-06-14T06:19:00+00:00,2581.69,2541.4900000000002,0.06,154.9014,30.98028,5,2505.3399999999997,2545.8199999999997,5.080572960000008,3.252557412700881,exchange_guard_proxy_touch,False,-2.411999999999989,0.24591264000000002,-0.01414448784,0.12392112000000001,-2.6720571278399885,-172.50051502697772,2,True
ETHUSDT,long,ab4e571a73892b8d8286fad56926f7f95775294496675f9365c18331aa37f59c,ETHUSDT|long|high_volume,1749962460000,1749972720000,2025-06-15T04:41:00+00:00,2025-06-15T07:32:00+00:00,2538.86,2519.4700000000003,0.22,558.5492,111.70984000000001,5,2523.77,2523.77,5.156066079999972,2.9718009379411994,exchange_guard_proxy_touch,False,-4.265799999999972,0.89026608,0.0,0.44683936,-5.156066079999972,-92.31176197190814,2,True
ETHUSDT,long,c2b9482af2d49305c8c2e80e2516d942112c5847ec73364cd47cc57a0e044f72,ETHUSDT|long|high_volume,1750051260000,1750113600000,2025-06-16T05:21:00+00:00,2025-06-16T22:40:00+00:00,2583.28,2587.2000000000003,0.06,154.9968,30.999360000000003,5,2513.37,2591.6099999999997,4.695833760000004,2.561027257436895,exchange_guard_proxy_touch,False,0.23520000000000435,0.24818304000000002,-0.041070418559999995,0.12399744000000003,-0.05405345855999567,-3.487391904864853,2,True
ETHUSDT,long,be48daa0a12247f88f8d9508c1d31751d806eb0e732d8b789f9d83e34f996994,ETHUSDT|long|high_volume,1750169760000,1750172160000,2025-06-17T14:16:00+00:00,2025-06-17T14:56:00+00:00,2566.8,2536.32,0.15,385.02000000000004,77.004,5,2540.64,2540.64,5.184374400000002,3.137693017022979,exchange_guard_proxy_touch,False,-4.572000000000003,0.6123744000000001,0.0,0.308016,-5.184374400000003,-134.65208041140727,2,True
ETHUSDT,long,ed3d649a0058692e42abfe00d0bd8065989b20c6319b6cd4bba7f11667e01b69,ETHUSDT|long|confirmed_volume,1750221960000,1750242120000,2025-06-18T04:46:00+00:00,2025-06-18T10:22:00+00:00,2543.01,2512.11,0.08,203.44080000000002,40.68816,5,2490.99,2516.39,4.822704640000018,1.9659014951785585,exchange_guard_proxy_touch,False,-2.4720000000000075,0.32352768000000004,-0.027478819296,0.16275264000000003,-2.8230064992960076,-138.76304552951066,2,True
ETHUSDT,long,ff074ed257e9b6f10d30c046f707b7aec590a0af82ba0211ea83ba424a4b7258,ETHUSDT|long|high_volume,1750309860000,1750344300000,2025-06-19T05:11:00+00:00,2025-06-19T14:45:00+00:00,2529.58,2501.25,0.16,404.7328,80.94656,5,2505.5099999999998,2505.5099999999998,5.176746239999988,2.83757244202739,exchange_guard_proxy_touch,False,-4.532799999999988,0.6439462400000001,-0.038613328256,0.32378624,-5.215359568255988,-128.8593256651299,2,True
ETHUSDT,long,c7cb285c929ba2e7a235661f72739687e878d93f65495a89c4bcf8c3b115a9a2,ETHUSDT|long|confirmed_volume,1750403760000,1750431000000,2025-06-20T07:16:00+00:00,2025-06-20T14:50:00+00:00,2531.06,2498.17,0.13,329.0378,65.80756,5,2502.43,2502.43,4.798739919999984,1.7664013845361186,exchange_guard_proxy_touch,False,-4.275699999999984,0.52303992,-0.059392064679999995,0.26323024,-4.858131984679983,-147.6466225059851,2,True
ETHUSDT,long,dc34263986b55e6b730976ea2b84063ff2a8be4eacd19ecaead3bf2e5c3272d4,ETHUSDT|long|high_volume,1750493160000,1750536240000,2025-06-21T08:06:00+00:00,2025-06-21T20:04:00+00:00,2433.46,2375.94,0.08,194.67680000000001,38.93536,5,2379.99,2379.99,4.909401599999999,4.124919663980513,exchange_guard_proxy_touch,False,-4.601599999999999,0.3078016,-0.019421513536,0.15574144,-4.928823113535999,-253.17978893920582,2,True
ETHUSDT,long,40243f5a430f6ed27721a5201ce218d434b840a06237e7b35a3f1e0c26e185a0,ETHUSDT|long|confirmed_volume,1750539360000,1750541040000,2025-06-21T20:56:00+00:00,2025-06-21T21:24:00+00:00,2408.92,2375.94,0.13,313.1596,62.63192,5,2379.99,2379.99,4.785025440000003,1.5367700895932466,exchange_guard_proxy_touch,False,-4.2874000000000025,0.4976254400000001,0.0,0.25052768000000003,-4.785025440000003,-152.7982996529566,2,True
ETHUSDT,short,f3a06624eb16b4ab3966bda8cfcbb3bfa1f069c592aab862f348a21a6045165f,ETHUSDT|short|high_volume,1750764060000,1750773900000,2025-06-24T11:21:00+00:00,2025-06-24T14:05:00+00:00,2393.9900000000002,2438.25,0.1,239.39900000000003,47.8798,5,2434.11,2434.11,4.812579199999977,2.4471049108882426,exchange_guard_proxy_touch,False,-4.425999999999976,0.3865792,0.0,0.19151920000000003,-4.812579199999976,-201.0275397975754,2,True
ETHUSDT,short,a20f8e96d719c628a00b17661bfb4a455d14846af08ec8c2420b67ace7547c28,ETHUSDT|short|high_volume,1750829160000,1750885320000,2025-06-25T05:26:00+00:00,2025-06-25T21:02:00+00:00,2423.01,2450.04,0.09,218.07090000000002,43.614180000000005,5,2467.8500000000004,2445.88,4.766044319999997,2.9813992010532506,exchange_guard_proxy_touch,False,-2.432699999999977,0.3508596,0.002478157344,0.17445672000000004,-2.781081442655977,-127.53106639427712,2,True
ETHUSDT,short,819d52126fd56ba33df8f8d97380c62fc1643a8226e1c8623d1926011927aec3,ETHUSDT|short|high_volume,1750889160000,1750901520000,2025-06-25T22:06:00+00:00,2025-06-26T01:32:00+00:00,2414.38,2450.04,0.12,289.7256,57.945119999999996,5,2445.88,2445.88,4.7461843199999825,2.2799236981334268,exchange_guard_proxy_touch,False,-4.279199999999983,0.46698432,0.007997329152,0.23178048,-4.738186990847982,-163.5405014554455,2,True
ETHUSDT,short,ff8557d19984a3a141005715b45fb590c0fc3e04d189b7dd9a5eb38eb5a01a13,ETHUSDT|short|high_volume,1750940760000,1751008620000,2025-06-26T12:26:00+00:00,2025-06-27T07:17:00+00:00,2430.7000000000003,2456.5,0.06,145.842,29.168400000000002,5,2499.86,2452.3300000000004,4.641470879999991,4.467814345502643,exchange_guard_proxy_touch,False,-1.5479999999999836,0.23458560000000003,0.001871112966,0.11667360000000002,-1.7807144870339835,-122.09888009174198,2,True
ETHUSDT,short,333e9e724f722eacc78e7132936d9703f827599d47d3422acd890fe74c3fd8d6,ETHUSDT|short|confirmed_volume,1751066760000,1751097360000,2025-06-27T23:26:00+00:00,2025-06-28T07:56:00+00:00,2413.15,2433.14,0.11,265.4465,53.0893,5,2448.7000000000003,2429.01,4.7974097599999785,1.8308758732515689,exchange_guard_proxy_touch,False,-2.198899999999976,0.42647352000000005,0.022475840772000003,0.21235720000000002,-2.602897679227976,-98.05733657169998,2,True
ETHUSDT,short,de673f3e1d638367fcf35c021bee94eb569db19d5771cbf344d17563ed68b6c9,ETHUSDT|short|confirmed_volume,1751230860000,1751234520000,2025-06-29T21:01:00+00:00,2025-06-29T22:02:00+00:00,2427.05,2445.88,0.21,509.6805,101.9361,5,2441.7200000000003,2441.7200000000003,4.772952239999985,1.6599867748010615,exchange_guard_proxy_touch,False,-3.9542999999999844,0.81865224,0.0,0.40774440000000006,-4.772952239999984,-93.64596526647546,2,True
ETHUSDT,short,b5f58f29b4e314138b5dc72eff51217ee7a8eeca082c2856f40f77965a08cd34,ETHUSDT|short|confirmed_volume,1751329860000,1751431080000,2025-07-01T00:31:00+00:00,2025-07-02T04:38:00+00:00,2473.65,2437.39,0.08,197.89200000000002,39.5784,5,2521.6000000000004,2433.25,4.499170559999983,1.9431552284774036,exchange_guard_proxy_touch,False,2.9008000000000176,0.31430656,0.001252418176,0.15831360000000003,2.5877458581760178,130.76556193155952,2,True
ETHUSDT,short,65b8139687e94f26ec0a502de8e5d19cec2cce081b3de5dfa75a5a832925c40d,ETHUSDT|short|high_volume,1751546460000,1751549820000,2025-07-03T12:41:00+00:00,2025-07-03T13:37:00+00:00,2571.77,2620.46,0.09,231.45929999999998,46.29186,5,2616.01,2616.01,4.755940560000005,14.101888439579907,exchange_guard_proxy_touch,False,-4.382100000000005,0.37384056,0.0,0.18516744,-4.755940560000004,-205.47632175505606,2,True
ETHUSDT,short,6ab503577c1ba00f0d0839cd74c73532c0347e456c4570ed23572bbe1494f844,ETHUSDT|short|confirmed_volume,1751555460000,1751684520000,2025-07-03T15:11:00+00:00,2025-07-05T03:02:00+00:00,2575.7000000000003,2523.9,0.09,231.81300000000002,46.3626,5,2616.01,2519.61,4.402523519999979,1.8115075389525421,exchange_guard_proxy_touch,False,4.662000000000016,0.36717120000000003,0.037643628725999995,0.18545040000000002,4.332472428726016,186.8951451698574,2,True
ETHUSDT,short,68f724c4dfeae1fecc47deea98ae425980d193ef48435349529c610c7b066b79,ETHUSDT|short|confirmed_volume,1751707260000,1751708880000,2025-07-05T09:21:00+00:00,2025-07-05T09:48:00+00:00,2504.78,2523.9,0.2,500.9560000000001,100.19120000000001,5,2519.61,2519.61,4.628588799999979,1.7305456607358862,exchange_guard_proxy_touch,False,-3.8239999999999785,0.8045888000000002,0.0,0.4007648000000001,-4.628588799999979,-92.39511653718047,2,True
ETHUSDT,short,117ca8583c0df5ce60fa64baff4f79b1135aa1ca7dd4f27c652e092c1e1e3383,ETHUSDT|short|high_volume,1751730660000,1751782620000,2025-07-05T15:51:00+00:00,2025-07-06T06:17:00+00:00,2502.02,2524.12,0.15,375.303,75.0606,5,2524.7400000000002,2519.8300000000004,4.656727199999997,8.116921819007358,exchange_guard_proxy_touch,False,-3.314999999999986,0.6031368,0.035587861814999996,0.3002424,-3.8825489381849865,-103.45104990327779,2,True
ETHUSDT,short,fa9f774ad49b3950b475e8570ce040b0b8d1b022a2da5708bc70aeedad7ad461,ETHUSDT|short|high_volume,1751789160000,1751805480000,2025-07-06T08:06:00+00:00,2025-07-06T12:38:00+00:00,2511.32,2524.12,0.28,703.1696000000001,140.63392000000002,5,2519.8300000000004,2519.8300000000004,4.711938559999925,3.1804163262759664,exchange_guard_proxy_touch,False,-3.583999999999924,1.1279385600000003,0.0,0.5625356800000001,-4.711938559999925,-67.0099867798597,2,True
ETHUSDT,short,48a79cba702083b29566ca79b6a4a36a4df0c78d8944270fecd03e099c8f192f,ETHUSDT|short|high_volume,1751881860000,1751954700000,2025-07-07T09:51:00+00:00,2025-07-08T06:05:00+00:00,2564.12,2558.18,0.13,333.3356,66.66712,5,2589.8900000000003,2553.8300000000004,4.459875680000038,3.744035904292926,exchange_guard_proxy_touch,False,0.7722000000000071,0.5327192,0.005245896135999999,0.26666848000000004,0.24472669613600714,7.341750960173686,2,True
ETHUSDT,short,0154b68dd0bc45e3af420982b659bf09f815dbe7b401402104ae6d4a38c9d968,ETHUSDT|short|high_volume,1752033660000,1752039480000,2025-07-09T04:01:00+00:00,2025-07-09T05:38:00+00:00,2587.4,2630.48,0.09,232.86599999999999,46.5732,5,2626.01,2626.01,4.252887359999994,2.9372794194206233,exchange_guard_proxy_touch,False,-3.877199999999993,0.37568736,0.0,0.1862928,-4.252887359999993,-182.63238772512915,2,True
BTCUSDT,long,e23c0fa0c4b40eef9df73b2ddf1614cced72e89ec73497a159b7652c6aaa2dea,BTCUSDT|long|high_volume,1752128760000,1752144180000,2025-07-10T06:26:00+00:00,2025-07-10T10:43:00+00:00,111414.1,110705.5,0.0049,545.92909,109.185818,5,110834.5,110894.09999999999,4.634165592000029,2.8864258294224148,exchange_guard_proxy_touch,False,-3.4721400000000284,0.870708832,-0.09286871829479999,0.436743272,-4.435717550294828,-81.25080036117562,2,True
BTCUSDT,long,4f66d0e62e6e138e7893e56133127547aceac7794b0425097fddbaf55bd7f0bb,BTCUSDT|long|high_volume,1752206460000,1752323820000,2025-07-11T04:01:00+00:00,2025-07-12T12:37:00+00:00,116903.40000000001,117255.1,0.0021000000000000003,245.49714000000006,49.09942800000001,5,115186.59999999999,117454.79999999999,4.406252087999995,2.9582676617003036,exchange_guard_proxy_touch,False,0.738569999999994,0.3933862800000001,-0.19724149200000002,0.19639771200000003,0.14794222799999385,6.026230203740615,2,True
BTCUSDT,long,74f9c6f48ffff8a97b30de0e2a08cf13a3f2ecc2b5fda6bc0a51673d0dc34608,BTCUSDT|long|high_volume,1752370860000,1752444600000,2025-07-13T01:41:00+00:00,2025-07-13T22:10:00+00:00,117630.40000000001,118124.1,0.0043,505.81072000000006,101.16214400000001,5,116959.9,118325.29999999999,4.544726416000038,2.4879227823019763,exchange_guard_proxy_touch,False,2.1229099999999876,0.81099548,-0.203442116,0.4046485760000001,1.1084724039999878,21.914766930997185,2,True
BTCUSDT,long,d2c8d96bef26cfdd637c76ac5955cc06805fb06e6e097cfa9aae397c6a5c2c3d,BTCUSDT|long|high_volume,1752450660000,1752540000000,2025-07-13T23:51:00+00:00,2025-07-15T00:40:00+00:00,119103.3,119301.70000000001,0.0039000000000000003,464.50287000000003,92.900574,5,118325.29999999999,119504.9,4.559029487999989,2.5296595430892954,exchange_guard_proxy_touch,False,0.7737600000000341,0.7438236000000001,-0.35743370155740006,0.37160229600000005,-0.3274973015573661,-7.050490378183586,2,True
BTCUSDT,long,90b99685e37a733b3ea3099d5ea05e2df4f862ed3aa9133360c357598808ea4e,BTCUSDT|long|high_volume,1752582960000,1752583080000,2025-07-15T12:36:00+00:00,2025-07-15T12:38:00+00:00,117585.20000000001,116663.6,0.0041,482.0993200000001,96.41986400000002,5,116862.29999999999,116862.29999999999,4.546896064000024,6.701201346220997,exchange_guard_proxy_touch,False,-3.778560000000024,0.7683360640000001,0.0,0.38567945600000014,-4.546896064000024,-94.31450896881628,2,True
BTCUSDT,long,a178e45792c104ee5c21c825aa82d1d3c5dc6da1fc3b6938575484ce74ecb4cc,BTCUSDT|long|high_volume,1752585060000,1752590520000,2025-07-15T13:11:00+00:00,2025-07-15T14:42:00+00:00,118015.1,116663.6,0.0029000000000000002,342.24379000000005,68.44875800000001,5,116862.29999999999,116862.29999999999,4.463804584000001,4.311142322097379,exchange_guard_proxy_touch,False,-3.91935,0.5444545840000001,0.0,0.27379503200000005,-4.463804584,-130.42762832891722,2,True
BTCUSDT,long,e94c2e7a8e472312f06110ef6f525986c85a16bf9687537c4e75e6c7e51e8e5d,BTCUSDT|long|high_volume,1752627060000,1752706020000,2025-07-16T00:51:00+00:00,2025-07-16T22:47:00+00:00,118350.90000000001,118577.90000000001,0.0017000000000000001,201.19653000000002,40.239306000000006,5,116049.9,118779.9,4.565626760000005,4.8377512908143885,exchange_guard_proxy_touch,False,0.3859,0.32222316800000006,-0.08066061399999999,0.16095722400000004,-0.01698378200000003,-0.8441389123361137,2,True
BTCUSDT,long,dc331e7f621b940cf1ceeab79ab3006b086c8887db4919c4b8aacf0299c620e9,BTCUSDT|long|high_volume,1752760560000,1752823500000,2025-07-17T13:56:00+00:00,2025-07-18T07:25:00+00:00,118483.90000000001,119522.8,0.0045000000000000005,533.1775500000001,106.63551000000002,5,117810.29999999999,119726.4,4.7824880400000405,2.751387642206418,exchange_guard_proxy_touch,False,4.675049999999974,0.8568241200000002,-0.21424635000000003,0.4265420400000001,3.6039795299999735,67.5943600776134,2,True
ETHUSDT,long,0b0f8e931eeb42e029c622ab36bc19e353ef8a54d77c3edc85650575a0e6e706,ETHUSDT|long|high_volume,1752582960000,1752848700000,2025-07-15T12:36:00+00:00,2025-07-18T14:25:00+00:00,3008.2400000000002,3583.88,0.07,210.57680000000005,42.11536000000001,5,2957.99,3589.99,4.203427200000014,15.059544219788945,exchange_guard_proxy_touch,False,40.294799999999995,0.3691587200000001,-0.41864634000000006,0.16846144000000005,39.50699493999999,1876.1323631093255,2,True
ETHUSDT,long,f977d9eab16e74d6a90f5c86a69410a7d9404ce7fa550e4c7d00e0aa1b0d498b,ETHUSDT|long|high_volume,1752892860000,1752923700000,2025-07-19T02:41:00+00:00,2025-07-19T11:15:00+00:00,3564.75,3539.7400000000002,0.06,213.885,42.777,5,3504.89,3545.77,4.288256639999982,2.157687754078679,exchange_guard_proxy_touch,False,-1.5005999999999857,0.34101551999999996,-0.04284648,0.171108,-1.8844619999999856,-88.1063188161856,2,True
ETHUSDT,long,8cfeb30a598feb51c885067f2760600bd0dd07edb61ec9122b163d0df8847fcd,ETHUSDT|long|high_volume,1752924660000,1752926820000,2025-07-19T11:31:00+00:00,2025-07-19T12:07:00+00:00,3578.01,3539.7400000000002,0.11,393.58110000000005,78.71622,5,3545.77,3545.77,4.836061999999998,6.127655530932899,exchange_guard_proxy_touch,False,-4.209699999999998,0.6263620000000001,0.0,0.31486488,-4.836061999999998,-122.87332902926481,2,True
BTCUSDT,long,3a55c4199bda43d8fb328b680219035ffe3c52189cfa9295a742f06a6d5cb182,BTCUSDT|long|high_volume,1752921960000,1752934440000,2025-07-19T10:46:00+00:00,2025-07-19T14:14:00+00:00,118603.0,117812.40000000001,0.005,593.015,118.603,5,118013.09999999999,118013.09999999999,4.898661599999957,4.885500174276752,exchange_guard_proxy_touch,False,-3.9529999999999563,0.9456616000000001,0.0,0.47441200000000006,-4.898661599999956,-82.60603188789416,2,True
BTCUSDT,long,b87f8ac3c0edb3ba5312a7863f2ab8e2493e9573af3f9570f00e95a6117d788f,BTCUSDT|long|confirmed_volume,1752996360000,1753012860000,2025-07-20T07:26:00+00:00,2025-07-20T12:01:00+00:00,118112.70000000001,117536.0,0.0061,720.4874700000001,144.09749400000004,5,117714.09999999999,117736.2,4.802537808000018,1.7573973986816995,exchange_guard_proxy_touch,False,-3.5178700000000713,1.1499656560000002,-0.143940846,0.5763899760000002,-4.811776502000072,-66.78501295796401,2,True
BTCUSDT,long,12ffa5f9880fe7ceb26a437156c7f8e509944377106fd1b722cb6d4b079b21d6,BTCUSDT|long|high_volume,1753016160000,1753041840000,2025-07-20T12:56:00+00:00,2025-07-20T20:04:00+00:00,118279.0,117712.20000000001,0.0051,603.2229000000001,120.64458000000002,5,117736.2,117912.7,4.751425200000001,2.0287012221778715,exchange_guard_proxy_touch,False,-2.8906799999999406,0.9628440960000002,-0.12104278800000001,0.4825783200000001,-3.9745668839999406,-65.88885939177607,2,True
ETHUSDT,long,b09a3d5856497229e0d7948d651e21ba78a0142a7f03db866be0333d5b7c600c,ETHUSDT|long|high_volume,1752973860000,1753114500000,2025-07-20T01:11:00+00:00,2025-07-21T16:15:00+00:00,3621.0,3767.2000000000003,0.04,144.84,28.968,5,3536.0699999999997,3773.62,3.8668335999999925,5.8693494790077825,exchange_guard_proxy_touch,False,5.848000000000011,0.23642240000000006,-0.15043432,0.11587200000000002,5.461143280000011,377.0466224799787,2,True
ETHUSDT,long,e1baf3cdb1feaca160af075acdfd95b290988f045cf5753dda002f46b5f935f2,ETHUSDT|long|high_volume,1753210560000,1753213260000,2025-07-22T18:56:00+00:00,2025-07-22T19:41:00+00:00,3725.01,3673.73,0.08,298.0008,59.60016,5,3679.99,3679.99,4.575919360000016,3.4141470428366087,exchange_guard_proxy_touch,False,-4.102400000000016,0.47351936000000006,0.0,0.23840064000000002,-4.575919360000016,-153.55392871428586,2,True
ETHUSDT,long,a0b69fbaea3d5760436d593c19d440ba89e5bbdc2c3c0326aea0a5eb21d07430,ETHUSDT|long|high_volume,1753221960000,1753248540000,2025-07-22T22:06:00+00:00,2025-07-23T05:29:00+00:00,3725.36,3705.67,0.05,186.26800000000003,37.253600000000006,5,3654.5299999999997,3711.99,4.14744680000001,2.388359102158522,exchange_guard_proxy_touch,False,-0.9845000000000028,0.29724120000000004,-0.037460200000000006,0.14901440000000002,-1.3192014000000027,-70.82276075332331,2,True
BTCUSDT,long,5f0c12ad27a18215b40c87cc80ddd64ec4f92d06f069a04905771f306bd80ee8,BTCUSDT|long|confirmed_volume,1753180860000,1753251180000,2025-07-22T10:41:00+00:00,2025-07-23T06:13:00+00:00,118901.8,118320.40000000001,0.0017000000000000001,202.13306000000003,40.426612000000006,5,116484.09999999999,118521.9,4.766715408000005,1.6291185591560553,exchange_guard_proxy_touch,False,-0.9883799999999902,0.3226221920000001,-0.08122379,0.16170644800000003,-1.3922259819999903,-68.87670834251409,2,True
BTCUSDT,long,d3cb8672054478cda98d3d34ed5672d76b7dda0fa62c827b0b7f1ad72ad24bc5,BTCUSDT|long|high_volume,1753315260000,1753340460000,2025-07-24T00:01:00+00:00,2025-07-24T07:01:00+00:00,118862.20000000001,117119.40000000001,0.0024000000000000002,285.26928000000004,57.05385600000001,5,117318.9,117318.9,4.635804672000008,7.073959374572007,exchange_guard_proxy_touch,False,-4.182720000000008,0.45308467200000013,0.0,0.22821542400000006,-4.635804672000008,-162.50627028609625,2,True
BTCUSDT,long,74a1faa9304ffb565cbcbe69d0f190a61a839977bd2f561c27ac5b773eeffc59,BTCUSDT|long|high_volume,1753341360000,1753366140000,2025-07-24T07:16:00+00:00,2025-07-24T14:09:00+00:00,118171.1,117722.40000000001,0.0037,437.23307000000005,87.44661400000001,5,117318.9,117922.9,4.58774987999999,2.7087159781922163,exchange_guard_proxy_touch,False,-1.6601899999999894,0.69824476,-0.08759239400000002,0.3497864560000001,-2.4460271539999896,-55.9433245522803,2,True
BTCUSDT,long,d5329e7d6d852a1380eb8b502cc4e272fdc19b9c29166ea37d9cda68a00e7057,BTCUSDT|long|confirmed_volume,1753368660000,1753402800000,2025-07-24T14:51:00+00:00,2025-07-25T00:20:00+00:00,119053.20000000001,117722.40000000001,0.003,357.15960000000007,71.43192000000002,5,117922.9,117922.9,4.5606614400000085,1.6132406303869,exchange_guard_proxy_touch,False,-3.992400000000009,0.5682614400000001,-0.14242110000000002,0.28572768000000004,-4.703082540000009,-131.6801379551329,2,True
ETHUSDT,long,e36354d08fc945db50e86159130e24ef4dcdb0203f6335de1a5c6dc2e411efbc,ETHUSDT|long|high_volume,1753475460000,1753529400000,2025-07-25T20:31:00+00:00,2025-07-26T11:30:00+00:00,3665.23,3722.9700000000003,0.05,183.2615,36.652300000000004,5,3599.99,3729.31,3.858364000000007,2.0205742536848015,exchange_guard_proxy_touch,False,2.887000000000012,0.29552800000000007,-0.0746522,0.14660920000000002,2.516819800000012,137.33489030702094,2,True
BTCUSDT,long,fc50fdf34b18c0d4c88fdce97e3121017c1ecb71dc279e19dd85df9ceaec6556,BTCUSDT|long|high_volume,1753472460000,1753574700000,2025-07-25T19:41:00+00:00,2025-07-27T00:05:00+00:00,117074.40000000001,117645.6,0.0017000000000000001,199.02648000000002,39.805296000000006,5,114846.0,117846.0,4.435436135999995,2.498921954945151,exchange_guard_proxy_touch,False,0.9710399999999951,0.31921920000000004,-0.16009641200000002,0.15922118400000004,0.49172438799999507,24.706480665286097,2,True
BTCUSDT,long,8c7e7e12e63e6d2ce86ed2ac717600502d0b2d07e7bff418daf143cd984dce23,BTCUSDT|long|confirmed_volume,1753578960000,1753606920000,2025-07-27T01:16:00+00:00,2025-07-27T09:02:00+00:00,118304.1,117645.6,0.0054,638.8421400000001,127.76842800000001,5,117846.0,117846.0,4.5752027040000005,1.5633792483630162,exchange_guard_proxy_touch,False,-3.5559000000000003,1.0193027040000002,-0.12753018,0.5110737120000001,-4.7027328840000004,-73.61337941795762,2,True
BTCUSDT,long,7e69a9866449bde223299ed66c8437c34724f0620f3180151a3f8aea7ef46629,BTCUSDT|long|confirmed_volume,1753625460000,1753686420000,2025-07-27T14:11:00+00:00,2025-07-28T07:07:00+00:00,118471.1,118747.5,0.0044,521.2728400000001,104.25456800000002,5,117822.09999999999,118949.79999999999,4.567967008000013,1.916217369109307,exchange_guard_proxy_touch,False,1.2161599999999744,0.8350094720000002,-0.209443872,0.417018272,0.17170665599997417,3.2939881540725224,2,True
ETHUSDT,long,68561bfd9404b81190199340188e485b80b7fd24f852e88abe17b49e7c8e3485,ETHUSDT|long|confirmed_volume,1753592160000,1753709100000,2025-07-27T04:56:00+00:00,2025-07-28T13:25:00+00:00,3794.6,3835.14,0.05,189.73000000000002,37.946000000000005,5,3728.35,3841.68,3.9301643999999847,1.7145243007355029,exchange_guard_proxy_touch,False,2.0269999999999984,0.30518960000000006,-0.14925425350000002,0.15178400000000003,1.5725561464999982,82.88389535128856,2,True
BTCUSDT,long,e14ed67c82f8bdcc88076d6a70737f3b943678a85a878f3a08f0d6ff6e9cb0b8,BTCUSDT|long|confirmed_volume,1753768260000,1753797960000,2025-07-29T05:51:00+00:00,2025-07-29T14:06:00+00:00,118945.0,117918.1,0.0023,273.57349999999997,54.71469999999999,5,117406.2,118119.0,4.432838943999987,1.5043954574193863,exchange_guard_proxy_touch,False,-2.3618699999999864,0.43582810400000005,-0.054673851999999995,0.21885880000000002,-2.8523719559999865,-104.26345958215934,2,True
ETHUSDT,long,c997107dceddd0611ecf638fd4b20a7e97cc449effa406fdd783b835e949140b,ETHUSDT|long|high_volume,1753840260000,1753867860000,2025-07-30T01:51:00+00:00,2025-07-30T09:31:00+00:00,3812.28,3778.65,0.05,190.61400000000003,38.122800000000005,5,3739.99,3785.0899999999997,4.2343364000000046,3.5985602149199907,exchange_guard_proxy_touch,False,-1.6815000000000055,0.30363720000000005,-0.01936175696,0.15249120000000002,-2.004498956960006,-105.16011189944105,2,True
BTCUSDT,long,8bf007745c19522e0c302284895abf9ccca17c23633792cf43f1a89c48bfe8b7,BTCUSDT|long|high_volume,1753841760000,1753876140000,2025-07-30T02:16:00+00:00,2025-07-30T11:49:00+00:00,118279.3,117416.0,0.0035,413.97755,82.79551000000001,5,117387.9,117616.0,4.477809280000001,2.561806741947581,exchange_guard_proxy_touch,False,-3.02155000000001,0.65994684,-0.08265824000000001,0.33118204,-3.7641550800000103,-90.92655096876653,2,True
BTCUSDT,long,f3b39c44c7af1af4290678489cf21b447dd6327865c20c960b289d5b972d1467,BTCUSDT|long|high_volume,1753966560000,1753967640000,2025-07-31T12:56:00+00:00,2025-07-31T13:14:00+00:00,118752.0,118037.5,0.005,593.76,118.752,5,118238.59999999999,118238.59999999999,4.519658,3.0023206933812365,exchange_guard_proxy_touch,False,-3.5725000000000002,0.947158,0.0,0.47500800000000004,-4.519658000000001,-76.11927378065212,2,True
ETHUSDT,long,043b17649ce168fdd5c0f5f6978ce9ae53d0bd1bd83a6f721c3133cea8d98a67,ETHUSDT|long|high_volume,1754134260000,1754145420000,2025-08-02T11:31:00+00:00,2025-08-02T14:37:00+00:00,3517.32,3466.09,0.05,175.866,35.1732,5,3453.1299999999997,3472.0,3.7820828000000084,5.692098800894792,exchange_guard_proxy_touch,False,-2.561500000000001,0.2793364,0.0,0.14069280000000003,-2.840836400000001,-161.5341453151832,2,True
ETHUSDT,long,67e1bc9332f757cfdedfa43b1a22f3532f2c0e0eb87795148df4fc283178832b,ETHUSDT|long|high_volume,1754249160000,1754364000000,2025-08-03T19:26:00+00:00,2025-08-05T03:20:00+00:00,3509.71,3652.66,0.06,210.58259999999999,42.116519999999994,5,3452.7799999999997,3658.89,4.101917760000011,5.3748626232060905,exchange_guard_proxy_touch,False,8.57699999999999,0.34379376,-0.028409332524,0.16846608000000002,8.20479690747599,389.6236872123333,2,True
ETHUSDT,long,f1e4f71d21261d500dbfb79c75b3af1d4d7ffb75ecf1717ed97ea1ea46ef64e7,ETHUSDT|long|high_volume,1754373960000,1754376120000,2025-08-05T06:06:00+00:00,2025-08-05T06:42:00+00:00,3677.83,3652.66,0.14,514.8962,102.97924,5,3658.89,3658.89,4.344814880000011,3.2132928277057333,exchange_guard_proxy_touch,False,-3.5238000000000107,0.8210148800000001,0.0,0.41191696000000005,-4.344814880000011,-84.3823450241041,2,True
ETHUSDT,long,e0016ce4c88de303037b14eb9137fbfa1f25f2f0d5814c3e6bc0e80b301d5e93,ETHUSDT|long|high_volume,1754435160000,1754482320000,2025-08-05T23:06:00+00:00,2025-08-06T12:12:00+00:00,3612.34,3601.85,0.06,216.7404,43.348079999999996,5,3557.99,3607.99,3.9678854400000056,4.2745555532264845,exchange_guard_proxy_touch,False,-0.6294000000000142,0.34628112,-0.046255423764,0.17339232000000002,-1.0219365437640142,-47.1502564249219,2,True
ETHUSDT,long,26b6e5817c8d593c3f6308f27ec7e46c64a1b888336328847712475fde79166d,ETHUSDT|long|high_volume,1754492460000,1754535240000,2025-08-06T15:01:00+00:00,2025-08-07T02:54:00+00:00,3640.6800000000003,3641.9700000000003,0.1,364.06800000000004,72.81360000000001,5,3607.99,3648.18,4.462402400000038,3.3160130045688754,exchange_guard_proxy_touch,False,0.12899999999999637,0.582612,-0.09159973805999999,0.2912544000000001,-0.5452117380600037,-14.975546822571706,2,True
ETHUSDT,long,0512d797402bf958b3730d7c3cadf934da23cca996a46779c657f26e8272754a,ETHUSDT|long|high_volume,1754544360000,1754794860000,2025-08-07T05:26:00+00:00,2025-08-10T03:01:00+00:00,3679.75,4231.52,0.1,367.975,73.595,5,3648.18,4238.73,4.363737599999975,4.995439355195083,exchange_guard_proxy_touch,False,55.17700000000005,0.6329016000000002,-0.63126960752,0.29438000000000003,53.912828792480056,1465.122054283037,2,True
ETHUSDT,long,d4d47ec7771684e1ef52dfce9ccad9b6dc0ffe619de3b9c5f08b6f07403c7e7d,ETHUSDT|long|high_volume,1754871660000,1754912940000,2025-08-11T00:21:00+00:00,2025-08-11T11:49:00+00:00,4263.56,4176.92,0.05,213.17800000000003,42.635600000000004,5,4184.04,4184.04,4.6696192000000165,2.4918956072414664,exchange_guard_proxy_touch,False,-4.332000000000017,0.3376192,-0.03996898722,0.17054240000000004,-4.7095881872200165,-220.92280569383408,2,True
ETHUSDT,long,26210fb748d3f3dcb41db6859790731c87bd6bb613073b746b8c1a455441325f,ETHUSDT|long|high_volume,1754958060000,1754997060000,2025-08-12T00:21:00+00:00,2025-08-12T11:11:00+00:00,4247.28,4258.7300000000005,0.06,254.83679999999998,50.96736,5,4185.59,4265.99,4.533035999999969,4.510569565228554,exchange_guard_proxy_touch,False,0.6870000000000436,0.40828848,-0.05177076,0.20386943999999999,0.22694076000004357,8.905337062780713,2,True
BTCUSDT,long,f6497b4fcd472b9b0053e5a18ddf5dc775c93064d3c91df2f572f831c772751f,BTCUSDT|long|high_volume,1755130260000,1755168120000,2025-08-14T00:11:00+00:00,2025-08-14T10:42:00+00:00,123989.8,121112.1,0.0011,136.38878000000003,27.277756000000004,5,120066.0,121318.4,4.755389408000001,2.9662393203351045,exchange_guard_proxy_touch,False,-3.165469999999997,0.21568967200000005,-0.026783306000000003,0.10911102400000001,-3.407942977999997,-249.8697457371491,2,True
ETHUSDT,long,1d5dd4c589d028bdc2df3eb94f36d1f2040373fe9f1221c003d3c2acff43205c,ETHUSDT|long|high_volume,1755001860000,1755168120000,2025-08-12T12:31:00+00:00,2025-08-14T10:42:00+00:00,4353.06,4708.97,0.04,174.12240000000003,34.82448000000001,5,4265.99,4716.99,4.048777279999997,4.266006573056931,exchange_guard_proxy_touch,False,14.236399999999994,0.28998496,-0.22277376000000004,0.13929792000000002,13.723641279999994,788.1605858867091,2,True
BTCUSDT,long,8e74fd02ec1b2f8fa0f7a8fe757859a5f798a32fdaf4b9e8a6738b4ce9460fa8,BTCUSDT|long|confirmed_volume,1755256260000,1755261000000,2025-08-15T11:11:00+00:00,2025-08-15T12:30:00+00:00,119178.70000000001,118348.3,0.0021000000000000003,250.27527000000006,50.05505400000001,5,117254.9,118549.9,4.855593456000025,1.6986123102719068,exchange_guard_proxy_touch,False,-1.7438400000000185,0.39904536000000007,0.0,0.20022021600000006,-2.1428853600000184,-85.62113867662666,2,True
BTCUSDT,long,b22d0732ed9613a1fe729e5fb6ccbcc8bf6f4b1f0a970769f83c997495a64281,BTCUSDT|long|confirmed_volume,1755305460000,1755326160000,2025-08-16T00:51:00+00:00,2025-08-16T06:36:00+00:00,117875.1,117137.6,0.004,471.5004,94.30008000000001,5,117003.9,117337.09999999999,5.031775999999988,1.7243940188763502,exchange_guard_proxy_touch,False,-2.95,0.75204064,0.0,0.37720032000000003,-3.7020406400000003,-78.51617177843329,2,True
BTCUSDT,long,92e856e9b39eb5c9c53c6af66870e0c3f556021c743be4513820eb7a247c2c2f,BTCUSDT|long|confirmed_volume,1755330060000,1755338340000,2025-08-16T07:41:00+00:00,2025-08-16T09:59:00+00:00,117812.0,117137.6,0.0058000000000000005,683.3096,136.66192,5,117337.09999999999,117337.09999999999,5.001686143999967,1.9474369258717077,exchange_guard_proxy_touch,False,-3.9115199999999666,1.0901661440000001,-0.11274079440000002,0.5466476800000001,-5.1144269383999665,-74.84787186364667,2,True
BTCUSDT,long,fd61df4555c05ac8c9dc6e455398308248d7feaed93e4fa32fb87bb78919f382,BTCUSDT|long|confirmed_volume,1755394860000,1755447180000,2025-08-17T01:41:00+00:00,2025-08-17T16:13:00+00:00,117592.8,117809.20000000001,0.0058000000000000005,682.0382400000001,136.40764800000002,5,117137.29999999999,118009.9,4.885483375999984,1.5570700631162453,exchange_guard_proxy_touch,False,1.2551200000000506,1.0922652800000001,-0.08956100647200001,0.5456305920000001,0.07329371352805052,1.074627626862249,2,True
ETHUSDT,long,bfdc427231fafbb8ea58f303cb2b29e7a60a7b8c4b410d9f3608857e1d8ec1b7,ETHUSDT|long|high_volume,1755399360000,1755448200000,2025-08-17T02:56:00+00:00,2025-08-17T16:30:00+00:00,4433.89,4508.31,0.1,443.38900000000007,88.67780000000002,5,4399.99,4515.99,4.8441120000000115,2.6683947719631624,exchange_guard_proxy_touch,False,7.442000000000007,0.7153760000000001,-0.04565898612,0.35471120000000006,6.680965013880007,150.67953904765355,2,True
BTCUSDT,long,57c4728665b148d3caf279a0361174b0731d2f920781291f26ea929873c12322,BTCUSDT|long|confirmed_volume,1755552060000,1755562980000,2025-08-18T21:21:00+00:00,2025-08-19T00:23:00+00:00,116760.3,115732.70000000001,0.0021000000000000003,245.19663000000003,49.039326,5,114769.09999999999,115929.79999999999,4.980081455999988,1.6239412490565583,exchange_guard_proxy_touch,False,-2.157959999999982,0.3905882400000001,-0.03482649883440001,0.19615730400000003,-2.5833747388343817,-105.3593085204467,2,True
ETHUSDT,long,17cca5bb8d6dd8ce5f5f30f322703a45fdb8e5c89374e5f904c851dbde5af14c,ETHUSDT|long|high_volume,1755565260000,1755567000000,2025-08-19T01:01:00+00:00,2025-08-19T01:30:00+00:00,4349.06,4307.1,0.1,434.90600000000006,86.98120000000002,5,4314.44,4314.44,4.888492800000004,2.0170869353369305,exchange_guard_proxy_touch,False,-4.196000000000004,0.6924928000000001,0.0,0.3479248000000001,-4.888492800000004,-112.40343430534422,2,True
BTCUSDT,long,62c9d37c2535f220ea91e0b757e9e1f9edebdd431694b90f37cb20aa0bb70bbf,BTCUSDT|long|confirmed_volume,1755565560000,1755567180000,2025-08-19T01:06:00+00:00,2025-08-19T01:33:00+00:00,116865.90000000001,115732.70000000001,0.0037,432.40383,86.480766,5,115929.79999999999,115929.79999999999,4.881331855999989,1.8696679121618447,exchange_guard_proxy_touch,False,-4.19283999999999,0.6884918560000002,0.0,0.34592306400000006,-4.88133185599999,-112.8882659526857,2,True
BTCUSDT,long,7ab104c9061d31e8d8693f7e2161d20f9b7d732347c827ba52b5c0fe956575ad,BTCUSDT|long|confirmed_volume,1755610260000,1755612960000,2025-08-19T13:31:00+00:00,2025-08-19T14:16:00+00:00,116008.8,114410.0,0.0027,313.22376,62.644752000000004,5,114604.9,114604.9,4.814464608000008,1.712152930940782,exchange_guard_proxy_touch,False,-4.316760000000008,0.497704608,0.0,0.250579008,-4.814464608000009,-153.70687740930026,2,True
ETHUSDT,long,2ffd50b7333ddcbe9f905def9172209e971d1818f06be3686dbb5cc16816cfef,ETHUSDT|long|high_volume,1755602760000,1755613680000,2025-08-19T11:26:00+00:00,2025-08-19T14:28:00+00:00,4312.32,4216.9,0.04,172.4928,34.49856,5,4224.09,4224.09,4.0897350400000025,2.2028974907499452,exchange_guard_proxy_touch,False,-3.816800000000003,0.27293504,0.0,0.13799424000000002,-4.0897350400000025,-237.09598545562497,2,True
BTCUSDT,long,4818a566e3c157f640095beed130fe5acf9e62c12379dc94efd31bc97605346a,BTCUSDT|long|confirmed_volume,1755703260000,1755705180000,2025-08-20T15:21:00+00:00,2025-08-20T15:53:00+00:00,114374.20000000001,113143.90000000001,0.0034000000000000002,388.87228000000005,77.77445600000001,5,113336.59999999999,113336.59999999999,4.80186923200001,1.791469874717264,exchange_guard_proxy_touch,False,-4.183020000000011,0.6188492320000002,0.0,0.3110978240000001,-4.801869232000011,-123.48191113030764,2,True
ETHUSDT,long,64d117dd66c9c9eb3a44587b61ff55753905822d7d37614d839e806290cbd95f,ETHUSDT|long|high_volume,1755711960000,1755760860000,2025-08-20T17:46:00+00:00,2025-08-21T07:21:00+00:00,4365.32,4268.36,0.01,43.6532,8.73064,5,4104.32,4275.63,2.747501279999996,2.882321146442965,exchange_guard_proxy_touch,False,-0.9696000000000004,0.06906944000000001,-0.0054025208,0.03492256,-1.0440719608000002,-239.17420963411624,2,True
BTCUSDT,long,dff6fcdbc7c5dd940f1c9d00ac037679ac8257c893a4dd9a9235ce112489ea19,BTCUSDT|long|confirmed_volume,1755723660000,1755770580000,2025-08-20T21:01:00+00:00,2025-08-21T10:03:00+00:00,114552.70000000001,113007.40000000001,0.0027,309.29229000000004,61.858458000000006,5,113199.9,113199.9,4.663839816000008,1.7148891365016408,exchange_guard_proxy_touch,False,-4.172310000000008,0.4915298160000001,-0.05473364881140001,0.24743383200000008,-4.718573464811408,-152.56033264881603,2,True
ETHUSDT,long,2dba14a257377ccbef576b28f801ab96d383087c55260576b27488df43b078aa,ETHUSDT|long|high_volume,1755828660000,1755865920000,2025-08-22T02:11:00+00:00,2025-08-22T12:32:00+00:00,4282.17,4200.35,0.05,214.10850000000002,42.82170000000001,5,4207.51,4207.51,4.430300799999986,2.7113636401039938,exchange_guard_proxy_touch,False,-4.090999999999986,0.33930080000000007,-0.02885442,0.17128680000000002,-4.459155219999986,-208.26614636971374,2,True
ETHUSDT,long,ec646f566a403689064107ffcfc6101797f4bde165d7ae224af7a8bf5dcbdf4f,ETHUSDT|long|high_volume,1755870360000,1755911820000,2025-08-22T13:46:00+00:00,2025-08-23T01:17:00+00:00,4319.12,4787.150000000001,0.03,129.5736,25.91472,5,4207.51,4795.3099999999995,3.767567279999986,5.264015809069435,exchange_guard_proxy_touch,False,14.040900000000018,0.21855048000000002,-0.045603381432000004,0.10365888,13.776746138568019,1063.2371207227413,2,True
BTCUSDT,long,862ec81af289903240268424f78830930bcec240bab1ee2e60f82974dbeaf326,BTCUSDT|long|high_volume,1755993660000,1756004340000,2025-08-24T00:01:00+00:00,2025-08-24T02:59:00+00:00,115533.0,114762.1,0.005,577.665,115.53299999999999,5,114957.59999999999,114957.59999999999,4.775680399999971,3.1753890225201027,exchange_guard_proxy_touch,False,-3.854499999999971,0.9211804000000001,0.0,0.462132,-4.775680399999971,-82.67214388962411,2,True
ETHUSDT,long,ca373bfc93b5814d71f5b2fef26970c37dd9436ec2304ada04679c4dc0856356,ETHUSDT|long|high_volume,1755995760000,1756022460000,2025-08-24T00:36:00+00:00,2025-08-24T08:01:00+00:00,4809.63,4744.04,0.05,240.4815,48.0963,5,4735.99,4752.12,4.4665023999999915,4.320752715319516,exchange_guard_proxy_touch,False,-3.2795000000000076,0.38214680000000006,-0.047576600000000004,0.19238520000000003,-3.709223400000008,-154.24152793458157,2,True
ETHUSDT,long,260739b43aa10fb0ecccce41a304a9468001c06c6337c8617ed4ff882c665550,ETHUSDT|long|high_volume,1756028460000,1756030800000,2025-08-24T09:41:00+00:00,2025-08-24T10:20:00+00:00,4787.81,4744.04,0.09,430.90290000000005,86.18058,5,4752.12,4752.12,4.625593200000039,2.0023603021445378,exchange_guard_proxy_touch,False,-3.9393000000000393,0.6862932,0.0,0.34472232,-4.625593200000039,-107.34653213055745,2,True
ETHUSDT,long,e7ee54eff6ceae68c84835c6f6271c136410fa2236854591eb9015216d51c376,ETHUSDT|long|high_volume,1756040760000,1756064220000,2025-08-24T13:06:00+00:00,2025-08-24T19:37:00+00:00,4769.58,4744.04,0.14,667.7412,133.54824000000002,5,4752.12,4752.12,4.641125439999995,2.024151415120023,exchange_guard_proxy_touch,False,-3.5755999999999952,1.06552544,-0.13429584,0.53419296,-4.775421279999995,-71.51604963120435,2,True
ETHUSDT,long,5ebbacf64378732c4bc14d8cb505a549d32e59a7be7b5083058833b87791c848,ETHUSDT|long|high_volume,1756212060000,1756321560000,2025-08-26T12:41:00+00:00,2025-08-27T19:06:00+00:00,4512.1900000000005,4565.11,0.03,135.3657,27.073140000000002,5,4391.599999999999,4572.889999999999,4.0553116800000115,18.592469660861163,exchange_guard_proxy_touch,False,1.5875999999999748,0.21785519999999997,-0.018565982688000002,0.10829256000000002,1.3511788173119748,99.81692683685561,2,True
ETHUSDT,long,80652f4fa534e40b04e59402a61b5b37ffee2b9323d843cfebca92352e3c5349,ETHUSDT|long|high_volume,1756595160000,1756670460000,2025-08-30T23:06:00+00:00,2025-08-31T20:01:00+00:00,4370.56,4440.42,0.08,349.64480000000003,69.92896,5,4331.99,4447.99,4.231691520000041,4.350547267210329,exchange_guard_proxy_touch,False,5.588799999999974,0.5639027200000001,-0.030455361840000004,0.27971584000000005,4.994441918159975,142.84330606832918,2,True
ETHUSDT,long,04cf2e699762cb25cfe9080986bc38349691897737a8f7bd7f01def0e91e4259,ETHUSDT|long|high_volume,1756676760000,1756680120000,2025-08-31T21:46:00+00:00,2025-08-31T22:42:00+00:00,4480.57,4440.42,0.09,403.25129999999996,80.65025999999999,5,4447.99,4447.99,4.255811279999967,2.0021179070441666,exchange_guard_proxy_touch,False,-3.6134999999999673,0.6423112799999999,0.0,0.32260103999999995,-4.255811279999968,-105.53744724443462,2,True
BTCUSDT,short,90bf70e3af0dfa41e6d1d2cf4ea4b904b82560705304f9dbfb15c2389b237f24,BTCUSDT|short|high_volume,1756693860000,1756713240000,2025-09-01T02:31:00+00:00,2025-09-01T07:54:00+00:00,107400.40000000001,109378.1,0.0021000000000000003,225.54084000000006,45.10816800000001,5,109192.40000000001,109192.40000000001,4.517357879999994,3.6853031883858023,exchange_guard_proxy_touch,False,-4.153169999999995,0.36418788,0.0,0.18043267200000007,-4.517357879999995,-200.29001754183383,2,True
ETHUSDT,long,210858dccc18db928fd436c9b9b524d798f0d197a229f0ea00c6af2c4da4ac19,ETHUSDT|long|high_volume,1756713660000,1756741920000,2025-09-01T08:01:00+00:00,2025-09-01T15:52:00+00:00,4484.83,4349.37,0.03,134.54489999999998,26.908979999999996,5,4356.78,4356.78,4.275820800000001,3.84922577989513,exchange_guard_proxy_touch,False,-4.0638000000000005,0.2120208,0.0,0.10763592,-4.275820800000001,-317.7988017383045,2,True
BTCUSDT,short,f69fae276c5b7ed4933bdfbf43c6229cabf5424b823fbfba2d1fbc683dffaa59,BTCUSDT|short|high_volume,1756746960000,1756752720000,2025-09-01T17:16:00+00:00,2025-09-01T18:52:00+00:00,108357.8,109382.3,0.0038,411.75964,82.351928,5,109196.6,109196.6,4.555029904,4.672843295459975,exchange_guard_proxy_touch,False,-3.8931,0.6619299040000001,0.0,0.329407712,-4.555029904,-110.62351579674007,2,True
BTCUSDT,short,19e3c9ccd6569cda8ab6a2278e2e6a40573e46d3200b4b36c2024474121e3a0f,BTCUSDT|short|high_volume,1756759260000,1756770300000,2025-09-01T20:41:00+00:00,2025-09-01T23:45:00+00:00,108495.1,109484.6,0.0033,358.03383,71.60676600000001,5,109479.3,109298.70000000001,4.43826398399998,8.645634500529333,exchange_guard_proxy_touch,False,-3.26535,0.575466408,0.0,0.286427064,-3.8408164080000002,-107.27523731486491,2,True
BTCUSDT,short,406b08a9b7479f608aa78184a1977238db6ead904049443e2c1925489c6a83fc,BTCUSDT|short|confirmed_volume,1756862760000,1756897440000,2025-09-03T01:26:00+00:00,2025-09-03T11:04:00+00:00,110753.8,111677.6,0.004,443.0152,88.60304,5,111488.0,111488.0,4.406980480000012,1.6900150194807122,exchange_guard_proxy_touch,False,-3.695200000000012,0.7117804800000002,0.022772370312,0.35441216000000003,-4.384208109688012,-98.96292745007422,2,True
ETHUSDT,long,542e8d20551d8f463c14c1c5d10e8bd5758863ffaaa41df484c31d8a3f273dfa,ETHUSDT|long|high_volume,1756887660000,1756953000000,2025-09-03T08:21:00+00:00,2025-09-04T02:30:00+00:00,4332.75,4429.54,0.06,259.965,51.992999999999995,5,4280.99,4437.09,3.955510079999997,2.783596899070671,exchange_guard_proxy_touch,False,5.807399999999998,0.42058992000000006,-0.029387763215999996,0.207972,5.357422316783998,206.0824463594714,2,True
BTCUSDT,short,242c5d031b8b13e7800a7b95c1b66e940c5d352509963cf16d99a35f922f7541,BTCUSDT|short|high_volume,1756953060000,1757026560000,2025-09-04T02:31:00+00:00,2025-09-04T22:56:00+00:00,111192.5,111300.0,0.0049,544.84325,108.96865,5,111733.0,111111.1,4.454062759999999,7.819582882991073,exchange_guard_proxy_touch,False,-0.5267499999999999,0.8721706,0.0663120149965,0.4358746,-1.3326085850034999,-24.45856831306068,2,True
ETHUSDT,long,1f412a19deeea6c2ac861ed211795997350dfeb944376383802b26d4b1e5486f,ETHUSDT|long|high_volume,1757055960000,1757082720000,2025-09-05T07:06:00+00:00,2025-09-05T14:32:00+00:00,4357.9,4287.68,0.05,217.89499999999998,43.57899999999999,5,4294.99,4294.99,3.8568231999999676,6.114585049284443,exchange_guard_proxy_touch,False,-3.5109999999999673,0.34582320000000005,0.007629120000000001,0.17431600000000003,-3.8491940799999673,-176.65362123958639,2,True
ETHUSDT,long,a213fb0d2bd015f5d2024e49d2c3c1f809bee21bd339a2a34b4be222bf404fad,ETHUSDT|long|high_volume,1757118960000,1757154060000,2025-09-06T00:36:00+00:00,2025-09-06T10:21:00+00:00,4327.64,4281.09,0.07,302.93480000000005,60.58696000000001,5,4284.99,4288.389999999999,3.977699040000036,2.5626596576463636,exchange_guard_proxy_touch,False,-3.258500000000013,0.48208888000000005,-0.023872442440000006,0.24234784000000004,-3.764461322440013,-124.26638743518448,2,True
ETHUSDT,long,6bad1b74dd0fab5617ac14ed7adb309beafe859a70695c9c2aadaeff70e11c84,ETHUSDT|long|confirmed_volume,1757160660000,1757166420000,2025-09-06T12:11:00+00:00,2025-09-06T13:47:00+00:00,4311.33,4281.09,0.11,474.2463,94.84926,5,4288.389999999999,4288.389999999999,4.082532959999976,1.8108286510665335,exchange_guard_proxy_touch,False,-3.326399999999976,0.7561329600000001,0.0,0.37939704,-4.082532959999976,-86.08465601102161,2,True
BTCUSDT,short,bf7c97e7c3769ebfb9b1d486ebc6af9b80b863ca1c877c15b74c8242886a1817,BTCUSDT|short|high_volume,1757132760000,1757167320000,2025-09-06T04:26:00+00:00,2025-09-06T14:02:00+00:00,110571.90000000001,111117.20000000001,0.003,331.7157,66.34314,5,111655.6,110928.6,4.354601759999974,2.201657740372354,exchange_guard_proxy_touch,False,-1.6359000000000088,0.5320538400000001,0.01881042702,0.26537256000000004,-2.149143412980009,-64.78871554707868,2,True
BTCUSDT,short,3ba03f889083c18309c26bd16eac1117a5e95f0ca767d3be8cd5f2ccfa4d7660,BTCUSDT|short|high_volume,1757170560000,1757230200000,2025-09-06T14:56:00+00:00,2025-09-07T07:30:00+00:00,110564.40000000001,110888.3,0.0059,652.32996,130.465992,5,110928.6,110700.1,4.307857152000017,2.0054618172728405,exchange_guard_proxy_touch,False,-1.9110099999999657,1.0452567440000002,0.046062657353999996,0.5218639680000001,-2.9102040866459657,-44.61245481728243,2,True
ETHUSDT,long,ad5372f8ffa633936f43f052c2fcc8890e508c065af401a127bd31c93d8376e8,ETHUSDT|long|high_volume,1757196060000,1757261820000,2025-09-06T22:01:00+00:00,2025-09-07T16:17:00+00:00,4290.9,4279.22,0.08,343.272,68.6544,5,4252.46,4286.51,4.1999123199999335,5.181618340226649,exchange_guard_proxy_touch,False,-0.9343999999999505,0.5484876799999999,-0.124962088368,0.27461759999999996,-1.6078497683679505,-46.83894312288653,2,True
BTCUSDT,short,506cedc5795846a7b1821dc0d0bf8a296595af5f26276062bc434867936c93dd,BTCUSDT|short|high_volume,1757289960000,1757298960000,2025-09-08T00:06:00+00:00,2025-09-08T02:36:00+00:00,110870.5,111514.40000000001,0.005200000000000001,576.5266,115.30532000000001,5,111325.1,111325.1,4.273401184000046,2.3363826371429437,exchange_guard_proxy_touch,False,-3.3482800000000457,0.9251211840000002,0.0,0.4612212800000001,-4.273401184000046,-74.12322664730553,2,True
ETHUSDT,long,1a3aa09959ae76eaa96acf4ea9d02c07eb6dfffc1fdbfda18c40c07c9a9b482e,ETHUSDT|long|high_volume,1757316660000,1757360040000,2025-09-08T07:31:00+00:00,2025-09-08T19:34:00+00:00,4311.68,4277.47,0.08,344.93440000000004,68.98688000000001,5,4276.2,4284.76,3.96915904,2.9658207852925407,exchange_guard_proxy_touch,False,-2.736800000000003,0.5497056000000001,-0.07765856624,0.27594752000000006,-3.364164166240003,-97.53054975786708,2,True
BTCUSDT,short,1ff8d7bfb723b06621cc1a8a4356728e4302e75755f0f1d096342e013686efd4,BTCUSDT|short|high_volume,1757380860000,1757397840000,2025-09-09T01:21:00+00:00,2025-09-09T06:04:00+00:00,111173.40000000001,112651.70000000001,0.0025,277.93350000000004,55.58670000000001,5,112460.5,112460.5,4.143400200000007,2.4651067302925753,exchange_guard_proxy_touch,False,-3.6957500000000074,0.44765020000000005,0.0,0.22234680000000004,-4.143400200000007,-149.0788336058808,2,True
BTCUSDT,short,459d8af8eec35f0a4269518796eaa2831d39ce4d089c85ccbbb7fef3f574a937,BTCUSDT|short|high_volume,1757464260000,1757485740000,2025-09-10T00:31:00+00:00,2025-09-10T06:29:00+00:00,110922.0,111882.3,0.0036000000000000003,399.3192,79.86384000000001,5,111692.40000000001,111692.40000000001,4.09875638400001,10.38703138856135,exchange_guard_proxy_touch,False,-3.4570800000000106,0.641676384,0.0,0.31945536,-4.09875638400001,-102.64360902255665,2,True
ETHUSDT,long,8134d69163949f27f50f6a4d052c16e332f689913af5c7c04b2897a6b69fa592,ETHUSDT|long|high_volume,1757489160000,1757532300000,2025-09-10T07:26:00+00:00,2025-09-10T19:25:00+00:00,4328.87,4298.24,0.06,259.7322,51.946439999999996,5,4282.99,4305.5599999999995,3.603219360000004,2.2063678209538464,exchange_guard_proxy_touch,False,-1.8378000000000065,0.41410128,-0.09864593928000001,0.20778576,-2.3505472192800063,-90.49887612240633,2,True
BTCUSDT,short,b9c64828f1478688f3a699610d33daca16d17a7257f35667f5e206f7b127f72b,BTCUSDT|short|high_volume,1757582160000,1757592720000,2025-09-11T09:16:00+00:00,2025-09-11T12:12:00+00:00,113687.6,114482.3,0.004200000000000001,477.4879200000001,95.49758400000002,5,114288.0,114288.0,4.104390863999988,7.629509613307411,exchange_guard_proxy_touch,False,-3.337739999999988,0.7666508640000003,0.0,0.3819903360000001,-4.104390863999988,-85.95800421505926,2,True
ETHUSDT,long,05e4e0c7861fe3edb476d08f462b6d0757f0f0bc18f2022a78648956bfc55974,ETHUSDT|long|confirmed_volume,1757539260000,1757593800000,2025-09-10T21:21:00+00:00,2025-09-11T12:30:00+00:00,4345.9,4397.27,0.07,304.213,60.842600000000004,5,4305.5599999999995,4404.76,3.82027183999999,1.604858992358242,exchange_guard_proxy_touch,False,3.5959000000000563,0.48961752000000003,-0.070308616042,0.24337040000000001,3.0359738639580565,99.79763731195104,2,True
BTCUSDT,short,15a30f5d44dbaeb30734c2902bbcf7b3214cfe0758fee642157c2b7de8277592,BTCUSDT|short|high_volume,1757594160000,1757599020000,2025-09-11T12:36:00+00:00,2025-09-11T13:57:00+00:00,113693.70000000001,114614.6,0.0037,420.6666900000001,84.13333800000001,5,114420.0,114420.0,4.083122567999978,46.16151406364365,exchange_guard_proxy_touch,False,-3.4073299999999787,0.6757925680000001,0.0,0.33653335200000006,-4.083122567999979,-97.06313014705249,2,True
ETHUSDT,long,97049b5dd9cf5f1745ffb5260fe9891bbefa6b3442c87b7e98a8d43aa0d7c791,ETHUSDT|long|high_volume,1757656860000,1757678880000,2025-09-12T06:01:00+00:00,2025-09-12T12:08:00+00:00,4561.09,4494.63,0.04,182.4436,36.48872,5,4486.04,4502.29,3.5964640000000117,4.4264468802065196,exchange_guard_proxy_touch,False,-2.6584000000000017,0.28978304000000005,-0.03619512000000001,0.14595488,-2.9843781600000017,-163.57812277328455,2,True
BTCUSDT,short,bc54c34489c72616771c0113f13bdc7d48b412bf80c64dc68e88f97d9762f6cd,BTCUSDT|short|high_volume,1757678760000,1757697420000,2025-09-12T12:06:00+00:00,2025-09-12T17:17:00+00:00,114584.90000000001,115809.70000000001,0.0028,320.83772000000005,64.167544,5,115613.1,115613.1,3.9455239040000087,3.35295352786784,exchange_guard_proxy_touch,False,-3.429440000000008,0.5160839040000001,0.022201523030400003,0.256670176,-3.9233223809696085,-122.28370096164528,2,True
ETHUSDT,long,7cbed99d9a9c0dde4674e6257da62af011edd20bbbea61da9e6ea89600dbab63,ETHUSDT|long|high_volume,1757685660000,1757771400000,2025-09-12T14:01:00+00:00,2025-09-13T13:50:00+00:00,4545.9800000000005,4691.03,0.06,272.7588,54.55176,5,4502.29,4699.0199999999995,3.514949280000022,6.3792667104664105,exchange_guard_proxy_touch,False,8.702999999999957,0.44337648,-0.16648248659999998,0.21820704000000002,8.093141033399958,296.7142043959703,2,True
BTCUSDT,short,d94153bd61bcdf3516dba30290f28f86e8c19161e9c85932fd11708fd2469168,BTCUSDT|short|high_volume,1757771460000,1757808540000,2025-09-13T13:51:00+00:00,2025-09-14T00:09:00+00:00,115503.40000000001,116143.70000000001,0.004,462.01360000000005,92.40272000000002,5,116126.1,115946.5,4.022646399999989,2.135568153808233,exchange_guard_proxy_touch,False,-2.561200000000012,0.7412707200000002,0.052440265728,0.3696108800000001,-3.250030454272012,-70.34490877047801,2,True
BTCUSDT,short,2c5b9303213ea42e8b9a647884f6ccc823cf8a9410c6bc6698176fbfb1f20043,BTCUSDT|short|confirmed_volume,1757812560000,1757814720000,2025-09-14T01:16:00+00:00,2025-09-14T01:52:00+00:00,115553.1,116143.70000000001,0.0051,589.32081,117.86416200000001,5,115946.5,115946.5,3.95738294400003,1.9415465487658328,exchange_guard_proxy_touch,False,-3.0120600000000297,0.9453229440000002,0.0,0.47145664800000003,-3.95738294400003,-67.1515900482121,2,True
BTCUSDT,short,6a3fca5cb85289771aa9ecf4b7a70e162053d04329b89654fb639ebf7ef09d1a,BTCUSDT|short|high_volume,1757819460000,1757841660000,2025-09-14T03:11:00+00:00,2025-09-14T09:21:00+00:00,115473.70000000001,116143.70000000001,0.0046,531.17902,106.235804,5,115946.5,115946.5,3.934352032,5.338481487233756,exchange_guard_proxy_touch,False,-3.082,0.8523520320000001,0.025450252468000003,0.42494321600000007,-3.908901779532,-73.58915981907568,2,True
ETHUSDT,long,8e41e9f2523215cae4920b3b992e5613a028846b47b2eea8b6454dfde9104d44,ETHUSDT|long|high_volume,1757909460000,1757923260000,2025-09-15T04:11:00+00:00,2025-09-15T08:01:00+00:00,4651.01,4570.21,0.04,186.0404,37.20808,5,4578.0,4578.0,3.5270790400000074,4.9970312256881035,exchange_guard_proxy_touch,False,-3.2320000000000073,0.29507904,-0.024272311056,0.14883232000000002,-3.5513513510560073,-190.89140590194427,2,True
ETHUSDT,long,5236ebe92772384dff348d8e2f94f0b92d01c0703b5b935dfdd245dc9568ea27,ETHUSDT|long|high_volume,1758088860000,1758103980000,2025-09-17T06:01:00+00:00,2025-09-17T10:13:00+00:00,4519.47,4482.85,0.08,361.55760000000004,72.31152,5,4490.49,4490.49,3.5057484799999914,3.589750558951759,exchange_guard_proxy_touch,False,-2.9295999999999913,0.5761484800000001,-0.038940486624,0.28924608,-3.5446889666239914,-98.03939860824364,2,True
BTCUSDT,short,4dae227764db9775030925625c56ade886e16df0de96e44258e1182baa24c8c4,BTCUSDT|short|confirmed_volume,1758143160000,1758149040000,2025-09-17T21:06:00+00:00,2025-09-17T22:44:00+00:00,115080.8,116513.90000000001,0.0023,264.68584,52.937168,5,116316.1,116316.1,3.7222642480000134,1.840370435003801,exchange_guard_proxy_touch,False,-3.2961300000000135,0.42613424800000005,0.0,0.21174867200000003,-3.7222642480000134,-140.62951943330305,2,True
BTCUSDT,short,118023d3e3bd043612cfad19d9c976c2df7ed2b0da8c77863d3ed89566241e15,BTCUSDT|short|confirmed_volume,1758196260000,1758201120000,2025-09-18T11:51:00+00:00,2025-09-18T13:12:00+00:00,116836.1,117465.90000000001,0.0047,549.12967,109.825934,5,117266.5,117266.5,3.841035520000014,1.509407097825317,exchange_guard_proxy_touch,False,-2.9600600000000137,0.8809755200000001,0.0,0.43930373600000006,-3.841035520000014,-69.94769596040975,2,True
ETHUSDT,long,71ec6a6ae111f8655f09b86f3b56376f3d1028bd8910267092b470648ee1a898,ETHUSDT|long|high_volume,1758212760000,1758236580000,2025-09-18T16:26:00+00:00,2025-09-18T23:03:00+00:00,4621.83,4570.2,0.04,184.8732,36.97464,5,4555.16,4577.99,3.270215680000003,2.1240665951031805,exchange_guard_proxy_touch,False,-2.0652000000000044,0.29414495999999996,0.0,0.14789856,-2.3593449600000045,-127.61963118505031,2,True
ETHUSDT,long,3420bad7de8f973599c56e56bd9f0bdcff87a8647345b46c4774cac1e05e8fcb,ETHUSDT|long|high_volume,1758242460000,1758252480000,2025-09-19T00:41:00+00:00,2025-09-19T03:28:00+00:00,4614.81,4570.2,0.07,323.03670000000005,64.60734000000001,5,4577.99,4577.99,3.637060560000041,2.6950847343563487,exchange_guard_proxy_touch,False,-3.122700000000041,0.5143605600000001,0.0,0.25842936000000005,-3.637060560000041,-112.58970141782777,2,True
BTCUSDT,short,67ca7b2840dd21f263e9966f9ec04d8de418ee9456a9e3f3311c3fe9e46e5652,BTCUSDT|short|high_volume,1758254760000,1758353040000,2025-09-19T04:06:00+00:00,2025-09-20T07:24:00+00:00,116523.1,115866.8,0.0029000000000000002,337.91699000000006,67.58339800000002,5,117406.90000000001,115670.1,3.6850406719999835,7.3475478688802776,exchange_guard_proxy_touch,False,1.9032700000000087,0.5391445680000001,0.0374199887252,0.27033359200000007,1.4015454207252087,41.4760270185056,2,True
BTCUSDT,short,b922b709c45d856793c3a4c6f686762fe2856161fcebe7811076f936a3bf7999,BTCUSDT|short|high_volume,1758361260000,1758362640000,2025-09-20T09:41:00+00:00,2025-09-20T10:04:00+00:00,115416.3,115866.8,0.0058000000000000005,669.4145400000001,133.88290800000001,5,115670.1,115670.1,3.686053584,2.5132391183759872,exchange_guard_proxy_touch,False,-2.6129000000000002,1.0731535840000002,0.0,0.5355316320000001,-3.6860535840000006,-55.06384106924239,2,True
ETHUSDT,long,69073fd558b0f65e8bf10c39c2faa6f510ac1b794bbb14aca09d66ea180b500d,ETHUSDT|long|high_volume,1758343260000,1758421260000,2025-09-20T04:41:00+00:00,2025-09-21T02:21:00+00:00,4479.0,4459.66,0.07,313.53000000000003,62.706,5,4443.26,4467.26,3.530223200000013,2.700896101274973,exchange_guard_proxy_touch,False,-1.3538000000000103,0.5005649600000001,-0.017061157064,0.25082400000000005,-1.8714261170640105,-59.68890112793068,2,True
BTCUSDT,short,d3bcc237119fb2a994a1bf36f727517cc7d5da088d618de8afdd030cbae065a7,BTCUSDT|short|high_volume,1758414660000,1758434460000,2025-09-21T00:31:00+00:00,2025-09-21T06:01:00+00:00,115339.3,115858.90000000001,0.0039000000000000003,449.82327000000004,89.96465400000001,5,115887.70000000001,115662.20000000001,3.629493192,3.748292083657938,exchange_guard_proxy_touch,False,-2.0264400000000227,0.721338384,0.0,0.3598586160000001,-2.7477783840000227,-61.08573226992064,2,True
BTCUSDT,short,7e570fcb39e606569688ee5464772826ce883e198bb1020be2f52d6fc8ba9ad7,BTCUSDT|short|high_volume,1758446460000,1758449160000,2025-09-21T09:21:00+00:00,2025-09-21T10:06:00+00:00,115253.8,115858.90000000001,0.0046,530.16748,106.03349599999999,5,115662.20000000001,115662.20000000001,3.633954736000027,3.320612395222422,exchange_guard_proxy_touch,False,-2.783460000000027,0.850494736,0.0,0.424133984,-3.633954736000027,-68.54352394454725,2,True
BTCUSDT,short,c854c162d3d355268b2084e6bdcf4d18031012f9c0edcdd0ffc4f96f3103267c,BTCUSDT|short|high_volume,1758471660000,1758609240000,2025-09-21T16:21:00+00:00,2025-09-23T06:34:00+00:00,115143.0,113134.6,0.0038,437.5434,87.50868,5,115704.0,112942.5,3.5816328480000443,2.1888845705402256,exchange_guard_proxy_touch,False,7.631919999999978,0.6939639040000001,0.087570933462,0.35003472,7.025527029461977,160.56754665850238,2,True
BTCUSDT,short,fd93a31dd62496a6942cb78f27db022faf27cbd9530c27b0fbe9c187e0385bfd,BTCUSDT|short|high_volume,1758625860000,1758627660000,2025-09-23T11:11:00+00:00,2025-09-23T11:41:00+00:00,112506.0,113134.6,0.0045000000000000005,506.27700000000004,101.25540000000001,5,112942.5,112942.5,3.6410061600000265,3.395746679787958,exchange_guard_proxy_touch,False,-2.8287000000000266,0.8123061600000001,0.0,0.40502160000000004,-3.6410061600000265,-71.91727374540076,2,True
BTCUSDT,short,1ceedf47217bef1036d77c9df7672d52201c6dcac6e4a1e168bd10c52403dcfb,BTCUSDT|short|high_volume,1758686760000,1758692820000,2025-09-24T04:06:00+00:00,2025-09-24T05:47:00+00:00,111361.3,112657.90000000001,0.0024000000000000002,267.26712000000003,53.453424000000005,5,112466.70000000001,112466.70000000001,3.541956864000014,2.1260539338180946,exchange_guard_proxy_touch,False,-3.111840000000014,0.43011686400000004,0.0,0.21381369600000005,-3.541956864000014,-132.52497591174003,2,True
BTCUSDT,short,63003ff90925830a6d2d96becbdbc824936c1254fdf710e0bf20d7b20f23aef7,BTCUSDT|short|high_volume,1758764160000,1758894540000,2025-09-25T01:36:00+00:00,2025-09-26T13:49:00+00:00,112659.40000000001,109840.20000000001,0.0037,416.8397800000001,83.36795600000002,5,113254.90000000001,109653.70000000001,3.585246423999968,2.53017270318504,exchange_guard_proxy_touch,False,10.43103999999999,0.6585988160000001,0.0768973412696,0.3334718240000001,9.84933852526959,236.28595440842017,2,True
BTCUSDT,short,b6a510e0f0eab2db39d8f0c90e11090f273a73e30bcb394f0b5d6d36960caccb,BTCUSDT|short|confirmed_volume,1758984660000,1758999420000,2025-09-27T14:51:00+00:00,2025-09-27T18:57:00+00:00,109034.70000000001,109570.70000000001,0.0048000000000000004,523.36656,104.67331200000001,5,109449.3,109384.70000000001,3.7230531839999865,1.8619822139012403,exchange_guard_proxy_touch,False,-2.5728000000000004,0.8394447360000002,0.04104741104640001,0.41869324800000013,-3.371197324953601,-64.41369362524041,2,True
BTCUSDT,short,333735ae0f11ed0efd6f71ac6235f59ff6e76ef0f1db38ac2abcf1fbd59a7c30,BTCUSDT|short|confirmed_volume,1759057860000,1759066740000,2025-09-28T11:11:00+00:00,2025-09-28T13:39:00+00:00,109111.1,109731.20000000001,0.0046,501.91106,100.38221200000001,5,109544.90000000001,109544.90000000001,3.6577996640000268,1.7275683055201283,exchange_guard_proxy_touch,False,-2.852460000000027,0.8053396640000001,0.0,0.401528848,-3.657799664000027,-72.87744693253077,2,True
ETHUSDT,short,6e7e4bce818c59056652fe74f22ea312e59ab845362e6d41e9c10aa48b002c08,ETHUSDT|short|high_volume,1759151160000,1759153380000,2025-09-29T13:06:00+00:00,2025-09-29T13:43:00+00:00,4083.51,4145.05,0.05,204.17550000000003,40.835100000000004,5,4138.01,4138.01,3.4061423999999985,3.339445580653953,exchange_guard_proxy_touch,False,-3.076999999999998,0.32914240000000006,0.0,0.16334040000000002,-3.4061423999999985,-166.8242467876899,2,True
ETHUSDT,short,0e0aa53215cfe93b512f52b44cbe9a4f8027f3f5a5a9834ee46b1572ad0d3467,ETHUSDT|short|high_volume,1759237860000,1759265160000,2025-09-30T13:11:00+00:00,2025-09-30T20:46:00+00:00,4149.42,4181.11,0.05,207.471,41.4942,5,4206.18,4174.01,3.530510400000004,2.519139204662074,exchange_guard_proxy_touch,False,-1.58449999999998,0.3332212,0.00097186924,0.16597680000000004,-1.9167493307599799,-92.3863735538933,2,True
ETHUSDT,short,e6ebb8f69d6df4f71ad55b01aaa09196dbeced559923b4bd12b8e22c4e00a750,ETHUSDT|short|high_volume,1759269660000,1759307280000,2025-09-30T22:01:00+00:00,2025-10-01T08:28:00+00:00,4145.91,4163.01,0.08,331.6728,66.33456,5,4174.01,4155.9400000000005,3.348929279999986,3.0329447307955073,exchange_guard_proxy_touch,False,-1.3680000000000292,0.5317708800000001,-0.0019031371039999988,0.26533824,-1.9016740171040292,-57.335844757364164,2,True
ETHUSDT,short,9e3720ee242b05f906aaa6a7a8a8b98461ce220d70e1eff52f724f6d7cc74865,ETHUSDT|short|high_volume,1759497060000,1759498260000,2025-10-03T13:11:00+00:00,2025-10-03T13:31:00+00:00,4456.7300000000005,4500.7300000000005,0.07,311.97110000000004,62.394220000000004,5,4493.09,4493.09,3.5816177600000003,8.620848068732991,exchange_guard_proxy_touch,False,-3.08,0.5016177600000001,0.0,0.24957688000000006,-3.5816177600000003,-114.80607530633445,2,True
ETHUSDT,short,c03719ecabf509ada8867c1fac1a27098274c209b2d8adb65991c363c56d6ad3,ETHUSDT|short|high_volume,1759536360000,1759583280000,2025-10-04T00:06:00+00:00,2025-10-04T13:08:00+00:00,4501.6900000000005,4510.12,0.06,270.1014,54.02028,5,4544.02,4502.46,3.4381651199999697,6.26176123226532,exchange_guard_proxy_touch,False,-0.5057999999999628,0.43256688000000004,0.0019558643999999996,0.21608112000000004,-0.936411015599963,-34.66886938016474,2,True
ETHUSDT,short,731b3b8889036e41df6a093c5612592759e42d6f6397d7de32fd3d1324ffb011,ETHUSDT|short|high_volume,1759589460000,1759631400000,2025-10-04T14:51:00+00:00,2025-10-05T02:30:00+00:00,4472.78,4500.07,0.07,313.0946,62.61892,5,4502.46,4492.43,3.1168424000000106,2.0866326214364683,exchange_guard_proxy_touch,False,-1.9102999999999977,0.5024796,0.033048363033,0.25047568000000003,-2.3797312369669976,-76.00677996257353,2,True
ETHUSDT,short,6aeaf2625fa39acaf10d1dc9fcde9c30d4a5bc8855f2031f4283184a3149f1db,ETHUSDT|short|high_volume,1759726560000,1759731300000,2025-10-06T04:56:00+00:00,2025-10-06T06:15:00+00:00,4514.64,4559.49,0.06,270.8784,54.17568,5,4551.75,4551.75,3.126558239999967,2.4905428586941123,exchange_guard_proxy_touch,False,-2.690999999999967,0.43555824000000004,0.0,0.21670272000000002,-3.126558239999967,-115.42294402211351,2,True
BTCUSDT,long,fb43de5c897135e9120b1d5d6c71587f779ec9ac0c3a2ed6568bbe09db204b02,BTCUSDT|long|high_volume,1759710060000,1759800000000,2025-10-06T00:21:00+00:00,2025-10-07T01:20:00+00:00,124361.0,124251.3,0.0015,186.5415,37.3083,5,122425.59999999999,124462.9,3.5112940799999874,15.03194713281455,exchange_guard_proxy_touch,False,-0.16454999999999564,0.29833476,-0.095164746942,0.1492332,-0.5580495069419956,-29.915568757729275,2,True
BTCUSDT,long,73b772782906a0161110ba4e163dc2d185892ae09f2a39102f1f205a1ca2e422,BTCUSDT|long|confirmed_volume,1759942560000,1759971660000,2025-10-08T16:56:00+00:00,2025-10-09T01:01:00+00:00,123209.0,122530.90000000001,0.0017000000000000001,209.45530000000002,41.89106,5,121607.7,122739.59999999999,3.4064394639999853,1.8894556991429583,exchange_guard_proxy_touch,False,-1.1527699999999852,0.33420626400000003,-0.0056314562304,0.16756424,-1.4926077202303853,-71.26139659537787,2,True
BTCUSDT,long,4102e4d3965638c602515ffae9c0ed1d386f3a12dce985c7ae54ed4e3ff9acd5,BTCUSDT|long|confirmed_volume,1760075760000,1760083140000,2025-10-10T05:56:00+00:00,2025-10-10T07:59:00+00:00,121722.6,120644.40000000001,0.0027,328.65102,65.730204,5,120849.9,120849.9,3.4346527199999928,1.5591480506933526,exchange_guard_proxy_touch,False,-2.9111399999999925,0.52351272,0.0,0.26292081600000006,-3.4346527199999928,-104.50759349537368,2,True
BTCUSDT,long,85c252733f8c0d976179d073aae686efeda07805bdfa38147687de43e0fb6c0b,BTCUSDT|long|confirmed_volume,1760086860000,1760108220000,2025-10-10T09:01:00+00:00,2025-10-10T14:57:00+00:00,121774.70000000001,120644.40000000001,0.0025,304.43675,60.887350000000005,5,120849.9,120849.9,3.3105882000000078,1.8060863988056295,exchange_guard_proxy_touch,False,-2.8257500000000073,0.4848382000000001,0.0,0.24354940000000003,-3.3105882000000073,-108.74469655848077,2,True
ETHUSDT,short,7b7d052a22dba1de045429dcb8e256033fc9bb70a7b94a9b5f4dfba68fa60546,ETHUSDT|short|high_volume,1760189760000,1760238540000,2025-10-11T13:36:00+00:00,2025-10-12T03:09:00+00:00,3787.1,3769.21,0.04,151.484,30.2968,5,3856.01,3762.8100000000004,3.2635894400000103,5.250669614935539,exchange_guard_proxy_touch,False,0.7155999999999949,0.24180191999999998,-0.021396129352,0.1211872,0.45240195064799493,29.864668918697348,2,True
BTCUSDT,long,3c3f1be8a799e523acf0ceaf5696eda903ae45597f56a67799956c49b7920591,BTCUSDT|long|high_volume,1760238660000,1760353500000,2025-10-12T03:11:00+00:00,2025-10-13T11:05:00+00:00,110936.1,114162.6,0.0019,210.77859,42.155718,5,109509.2,114357.09999999999,3.399683832000011,3.082507623994253,exchange_guard_proxy_touch,False,6.13035,0.34215002400000005,0.0088887390756,0.16862287200000003,5.797088715075599,275.0321422624375,2,True
BTCUSDT,long,6082b5b26bad002c890261dc281aeb6206445a16ad4bf48a99cd939d32246ac4,BTCUSDT|long|high_volume,1760362560000,1760365320000,2025-10-13T13:36:00+00:00,2025-10-13T14:22:00+00:00,115012.70000000001,114162.6,0.0033,379.54191000000003,75.908382,5,114357.09999999999,114357.09999999999,3.410352792000019,7.702179691909472,exchange_guard_proxy_touch,False,-2.805330000000019,0.6050227920000001,0.0,0.30363352800000004,-3.4103527920000194,-89.85444563948207,2,True
ETHUSDT,short,61db718b4b95bf1f91e8538a8c023a14053262eb787d301089a90323b92fd9de,ETHUSDT|short|high_volume,1760354760000,1760375160000,2025-10-13T11:26:00+00:00,2025-10-13T17:06:00+00:00,4101.13,4187.01,0.03,123.0339,24.60678,5,4196.56,4179.900000000001,3.2764159199999914,3.337705018463723,exchange_guard_proxy_touch,False,-2.576400000000003,0.19891535999999999,0.006450662069999999,0.09842711999999999,-2.7688646979300033,-225.04892537178804,2,True
BTCUSDT,long,3b841218bee373383e752e1942bb7ea28dbe22e5046b8479b0ecfd9af581143e,BTCUSDT|long|high_volume,1760378460000,1760409840000,2025-10-13T18:01:00+00:00,2025-10-14T02:44:00+00:00,115143.6,113527.70000000001,0.0018000000000000002,207.25848000000002,41.451696000000005,5,113721.09999999999,113721.09999999999,3.23790667199999,2.2353935144166264,exchange_guard_proxy_touch,False,-2.9086199999999898,0.32928667200000006,0.008373016656000001,0.16580678400000004,-3.2295336553439897,-155.82154492998257,2,True
ETHUSDT,short,df51eed81b2e7f5cca55c32bc35a7ef37ce9da4c30f16d16baf52983b45f408a,ETHUSDT|short|high_volume,1760470860000,1760495400000,2025-10-14T19:41:00+00:00,2025-10-15T02:30:00+00:00,4063.39,4150.05,0.02,81.2678,16.25356,5,4163.26,4143.0,2.2707396800000055,11.556710990398985,exchange_guard_proxy_touch,False,-1.7332000000000063,0.13141504,0.0011709490400000002,0.06501424,-1.8634440909600063,-229.29673141884072,2,True
ETHUSDT,short,5f444a4ff82143ff3355b99df689d52ac22b257324129f17c0fdb960f6bd478a,ETHUSDT|short|confirmed_volume,1760499960000,1760516400000,2025-10-15T03:46:00+00:00,2025-10-15T08:20:00+00:00,4062.7200000000003,4150.05,0.03,121.8816,24.37632,5,4143.0,4143.0,2.8170064799999976,1.8341972392093977,exchange_guard_proxy_touch,False,-2.6198999999999977,0.19710648,0.005262888,0.09750528,-2.811743591999998,-230.69467351921847,2,True
BTCUSDT,long,11383c7faca722a7af74fb29eb2c8266a69d6e43270c5c5fe9553bd21b775ab7,BTCUSDT|long|confirmed_volume,1760515860000,1760527080000,2025-10-15T08:11:00+00:00,2025-10-15T11:18:00+00:00,112923.6,111502.8,0.002,225.84720000000002,45.16944,5,111692.7,111692.7,3.200682240000006,1.7416772366449267,exchange_guard_proxy_touch,False,-2.841600000000006,0.35908224000000005,0.0,0.18067776000000002,-3.200682240000006,-141.71892500770457,2,True
BTCUSDT,long,301fa26b79902f97a20ff7abb4281c8fabe1878cd89bcc2a4e650e605f4ec825,BTCUSDT|long|confirmed_volume,1760580660000,1760601600000,2025-10-16T02:11:00+00:00,2025-10-16T08:00:00+00:00,111539.20000000001,110241.90000000001,0.0022,245.38624000000004,49.07724800000001,5,110429.7,110429.7,3.2443947360000065,1.7366509504689867,exchange_guard_proxy_touch,False,-2.8540600000000067,0.39033473600000007,0.0,0.19630899200000004,-3.244394736000007,-132.21583801927957,2,True
ETHUSDT,short,7292c59fe6fc7e825250f7250374888ce4aa007920792729de95c5ae3cb38c1d,ETHUSDT|short|high_volume,1760676660000,1760716980000,2025-10-17T04:51:00+00:00,2025-10-17T16:03:00+00:00,3911.85,3823.9,0.06,234.71099999999998,46.9422,5,3948.07,3817.4100000000003,2.953998720000003,2.547422381094153,exchange_guard_proxy_touch,False,5.276999999999989,0.371316,0.019432228974,0.18776879999999999,4.925116228973988,209.83746944003428,2,True
BTCUSDT,long,f33930393689e89ce533b6c0eb46a80f745739fae8e2c3d46253a17a6d0cc69f,BTCUSDT|long|high_volume,1760735460000,1760805120000,2025-10-17T21:11:00+00:00,2025-10-18T16:32:00+00:00,107507.1,106368.70000000001,0.0009000000000000001,96.75639000000001,19.351278,5,104489.4,106549.9,3.0283695359999947,2.632200954081937,exchange_guard_proxy_touch,False,-1.0245599999999948,0.15399057600000005,0.014274910368,0.07740511200000001,-1.1642756656319948,-120.33062267329265,2,True
ETHUSDT,short,1613538425489f65b9186228883d14e0d9f01e8f38dd3488155f8a4f89957b42,ETHUSDT|short|high_volume,1760821860000,1760845260000,2025-10-18T21:11:00+00:00,2025-10-19T03:41:00+00:00,3861.83,3904.64,0.06,231.70979999999997,46.34195999999999,5,3898.01,3898.01,2.9413905599999963,4.656237489036636,exchange_guard_proxy_touch,False,-2.5685999999999964,0.37279056,0.014550633234,0.18536784,-2.926839926765996,-126.31489590712161,2,True
BTCUSDT,long,46dde26ffcd2f295f1737852031060ebee6d58fffd29336fefbe57f1ca08a6e7,BTCUSDT|long|high_volume,1760862060000,1760862240000,2025-10-19T08:21:00+00:00,2025-10-19T08:24:00+00:00,107131.0,106485.40000000001,0.004,428.524,85.7048,5,106666.79999999999,106666.79999999999,3.265972479999965,7.794785187918438,exchange_guard_proxy_touch,False,-2.582399999999965,0.6835724800000001,0.0,0.34281920000000005,-3.265972479999965,-76.2144589334545,2,True
BTCUSDT,long,938e9bc5c70fe448d6ed9ad5a69cbf4e9cec900c32c4520f1cdd6454cf049a93,BTCUSDT|long|high_volume,1760892360000,1760976060000,2025-10-19T16:46:00+00:00,2025-10-20T16:01:00+00:00,108930.5,110334.90000000001,0.0016,174.2888,34.85776,5,107312.09999999999,110522.79999999999,3.157996927999991,9.578827312746235,exchange_guard_proxy_touch,False,2.247040000000014,0.28065971200000006,0.00503139568,0.13943104,1.971411683680014,113.11178249434352,2,True
ETHUSDT,short,752f3292fbafe9a2c453b6bba518004ff3e824883b06ca9de780e8b9946d21f7,ETHUSDT|short|high_volume,1761005160000,1761043920000,2025-10-21T00:06:00+00:00,2025-10-21T10:52:00+00:00,3960.5,3901.64,0.05,198.025,39.605000000000004,5,4001.9700000000003,3895.01,2.7327712000000104,3.0579575034721205,exchange_guard_proxy_touch,False,2.9430000000000067,0.31448560000000003,9.142745500000002e-05,0.15842,2.6286058274550066,132.74110983234473,2,True
ETHUSDT,short,ae7b403e4c812d0c6b9585c2fd5efcf376f6c5c2d4107dcac4f6c78909202813,ETHUSDT|short|high_volume,1761052260000,1761053880000,2025-10-21T13:11:00+00:00,2025-10-21T13:38:00+00:00,3868.42,3901.64,0.08,309.47360000000003,61.89472000000001,5,3895.01,3895.01,3.154883839999984,4.352830884608238,exchange_guard_proxy_touch,False,-2.657599999999984,0.49728384,0.0,0.24757888000000003,-3.154883839999984,-101.9435531819187,2,True
ETHUSDT,short,a991779b01cd8d7b38539523ee979fd6db47c3b75ccd40aac641933389ce99c5,ETHUSDT|short|high_volume,1761054660000,1761055740000,2025-10-21T13:51:00+00:00,2025-10-21T14:09:00+00:00,3862.2200000000003,3901.64,0.07,270.35540000000003,54.07108000000001,5,3895.01,3895.01,3.194176159999974,3.331613698997896,exchange_guard_proxy_touch,False,-2.7593999999999737,0.43477616000000013,0.0,0.21628432000000006,-3.194176159999974,-118.14730388222219,2,True
BTCUSDT,long,93a6b4a0df2693ce719e37d18d2ada1fe24c002b5484ebb872954e1b4204093e,BTCUSDT|long|high_volume,1761049560000,1761116700000,2025-10-21T12:26:00+00:00,2025-10-22T07:05:00+00:00,109290.20000000001,107618.90000000001,0.0014,153.00628,30.601256,5,107432.7,107802.2,3.0988050240000162,10.564505902865427,exchange_guard_proxy_touch,False,-2.339820000000004,0.24293819200000005,0.0103604639152,0.12240502400000002,-2.572397728084804,-168.12366970066876,2,True
ETHUSDT,short,998d32c32d64afede7527a629bb5ab60f1890b1b51b9c5466cde4d22028cbe6a,ETHUSDT|short|high_volume,1761124860000,1761194400000,2025-10-22T09:21:00+00:00,2025-10-23T04:40:00+00:00,3825.06,3841.86,0.04,153.0024,30.600479999999997,5,3882.94,3835.3300000000004,2.82646752000001,5.527565804365659,exchange_guard_proxy_touch,False,-0.6720000000000073,0.24534144000000002,0.0044787578,0.12240192000000001,-0.9128626822000073,-59.66329169999996,2,True
BTCUSDT,long,b07a3942fab0ffdc7ca4ae3c4f252f2b0ba0e1fd026bd94ec13476a44f112565,BTCUSDT|long|high_volume,1761238560000,1761305580000,2025-10-23T16:56:00+00:00,2025-10-24T11:33:00+00:00,110567.40000000001,110460.1,0.0013000000000000002,143.73762000000002,28.747524000000006,5,108639.29999999999,110648.29999999999,2.974422880000004,6.051825980240241,exchange_guard_proxy_touch,False,-0.1394900000000038,0.22986860000000003,-0.014846925420600003,0.11499009600000003,-0.3842055254206039,-26.729642902157686,2,True
BTCUSDT,long,b05865248081be3798b5eb23b313367da735c2f55ac0d85f77c626e5b85bef4c,BTCUSDT|long|high_volume,1761309360000,1761313140000,2025-10-24T12:36:00+00:00,2025-10-24T13:39:00+00:00,111622.3,110460.1,0.0023,256.73129,51.346258,5,110648.29999999999,110648.29999999999,3.081691615999993,34.41723253857314,exchange_guard_proxy_touch,False,-2.6730599999999933,0.40863161600000003,0.0,0.20538503200000002,-3.0816916159999934,-120.03568462574209,2,True
ETHUSDT,short,6e254249bb6b8ca3b0f8add91e7a9e80378a1a8e734171d5ccf482539850d554,ETHUSDT|short|high_volume,1761351660000,1761377040000,2025-10-25T00:21:00+00:00,2025-10-25T07:24:00+00:00,3914.77,3944.7400000000002,0.07,274.0339,54.80678,5,3943.82,3938.0400000000004,2.9436568000000154,2.9326683158701323,exchange_guard_proxy_touch,False,-2.097900000000018,0.44013256000000006,0.0,0.21922712000000003,-2.5380325600000178,-92.61746667109499,2,True
BTCUSDT,long,bfb55495937e86972ba802dd81499fd9c70ad58b2472bad25254a484c7ce8876,BTCUSDT|long|confirmed_volume,1761365460000,1761407640000,2025-10-25T04:11:00+00:00,2025-10-25T15:54:00+00:00,111275.20000000001,111138.6,0.003,333.82560000000007,66.76512000000001,5,110600.4,111327.9,3.120750000000026,1.824881430134987,exchange_guard_proxy_touch,False,-0.4098000000000175,0.5337931200000001,-0.009923107320000001,0.26706048000000004,-0.9535162273200176,-28.56330453146845,2,True
ETHUSDT,short,42ecc5576b43a7482b737cca5c0173905fe97ca42509a8faa5d9dbb9ba8140ca,ETHUSDT|short|high_volume,1761404760000,1761417060000,2025-10-25T15:06:00+00:00,2025-10-25T18:31:00+00:00,3925.31,3961.7400000000002,0.07,274.7717,54.95434,5,3955.01,3955.01,2.991774800000021,2.246156182630836,exchange_guard_proxy_touch,False,-2.5501000000000205,0.4416748000000001,0.017648761976999997,0.21981736000000004,-2.9741260380230203,-108.23989654040138,2,True
BTCUSDT,long,ea0e05dbd5e7f652006dfb6ef5eac2524352cdeb9722462bae1a959711599782,BTCUSDT|long|high_volume,1761438660000,1761449940000,2025-10-26T00:31:00+00:00,2025-10-26T03:39:00+00:00,111954.90000000001,111101.70000000001,0.0029000000000000002,324.6692100000001,64.93384200000001,5,111290.9,111290.9,2.9917713119999916,2.704057772758363,exchange_guard_proxy_touch,False,-2.474279999999992,0.5174913120000001,0.0,0.2597353680000001,-2.991771311999992,-92.14829185680992,2,True
ETHUSDT,short,3f36b9eeda7b48855ba9f038968c5b94e658cbc6283ce38275b678c30230a83d,ETHUSDT|short|high_volume,1761444060000,1761468840000,2025-10-26T02:01:00+00:00,2025-10-26T08:54:00+00:00,3923.9500000000003,3970.01,0.05,196.19750000000002,39.23950000000001,5,3963.2700000000004,3963.2700000000004,2.6187583999999973,24.176572247817813,exchange_guard_proxy_touch,False,-2.3029999999999973,0.31575840000000005,0.00410573394,0.15695800000000004,-2.6146526660599974,-133.2663599719669,2,True
BTCUSDT,long,6e65950a0d44b883384a274e012251ee4e093a07daf6adeb6a9545238d7e6676,BTCUSDT|long|high_volume,1761457260000,1761514080000,2025-10-26T05:41:00+00:00,2025-10-26T21:28:00+00:00,111769.70000000001,113038.6,0.0035,391.19395000000003,78.23879000000001,5,111290.9,113231.09999999999,2.9620399200000005,3.7144650727928417,exchange_guard_proxy_touch,False,4.44114999999998,0.6294632400000001,-0.059105955545000005,0.31295516000000007,3.7525808044549795,95.92635071311761,2,True
BTCUSDT,long,a4aa03b87cb2d6cb2a19f54541f8358cc7099f50af9ba88be4f6beb1350bd41e,BTCUSDT|long|high_volume,1761516360000,1761572160000,2025-10-26T22:06:00+00:00,2025-10-27T13:36:00+00:00,114784.0,114584.90000000001,0.0015,172.17600000000002,34.4352,5,113231.09999999999,114780.09999999999,2.8914871199999914,59.11719774651246,exchange_guard_proxy_touch,False,-0.2986499999999869,0.27524268,-0.06900609,0.1377408,-0.642898769999987,-37.339627474211674,2,True
BTCUSDT,long,1247edfd23934c6938b212d875413fe473e7e4cabe90ad97d3bd425380f1e5fa,BTCUSDT|long|high_volume,1761573360000,1761573960000,2025-10-27T13:56:00+00:00,2025-10-27T14:06:00+00:00,115460.90000000001,114584.90000000001,0.0028,323.29052,64.65810400000001,5,114780.09999999999,114780.09999999999,2.968102592,6.379106446324594,exchange_guard_proxy_touch,False,-2.4528,0.5153025920000001,0.0,0.25863241600000003,-2.968102592,-91.80914404789846,2,True
BTCUSDT,long,8d0da7653faf7ee7a267c1e995b86990ffc23d632fedb41c858bd40fdc967991,BTCUSDT|long|high_volume,1761581460000,1761593520000,2025-10-27T16:11:00+00:00,2025-10-27T19:32:00+00:00,115395.90000000001,114584.90000000001,0.003,346.1877,69.23754,5,114780.09999999999,114780.09999999999,2.98495392,2.6023348255694216,exchange_guard_proxy_touch,False,-2.433,0.5519539200000001,0.0,0.27695016000000006,-2.9849539199999997,-86.22356946823933,2,True
ETHUSDT,short,52d4b51891152b3fd8c6a0e184529ee509812140908419d4c0931f16baa00714,ETHUSDT|short|confirmed_volume,1761630360000,1761656940000,2025-10-28T05:46:00+00:00,2025-10-28T13:09:00+00:00,4062.87,4141.5,0.03,121.8861,24.37722,5,4140.27,4134.47,2.7302443200000153,1.6230831448771261,exchange_guard_proxy_touch,False,-2.3589000000000033,0.19690487999999998,0.005697715919999999,0.09750887999999999,-2.5501071640800035,-209.22050702089933,2,True
ETHUSDT,short,f3944c40ae49e25364f48984a457df4014a739f6ca7e217131096b05cb7c5970,ETHUSDT|short|high_volume,1761685860000,1761711420000,2025-10-28T21:11:00+00:00,2025-10-29T04:17:00+00:00,3937.2000000000003,4012.83,0.01,39.37200000000001,7.874400000000001,5,4149.88,4006.01,2.2621531200000025,2.1998712224200934,exchange_guard_proxy_touch,False,-0.7562999999999965,0.06360024000000002,-0.004104046408,0.03149760000000001,-0.8240042864079965,-209.28687554810432,2,True
BTCUSDT,long,da2f971daa20e8247f3a88d3fabc0dd68dc316a8f5e420430da7d4bcd5ec8d5a,BTCUSDT|long|confirmed_volume,1761743760000,1761745860000,2025-10-29T13:16:00+00:00,2025-10-29T13:51:00+00:00,113472.6,112474.3,0.0025,283.6815,56.73630000000001,5,112665.9,112665.9,2.947643800000008,1.5167113429882164,exchange_guard_proxy_touch,False,-2.4957500000000072,0.45189380000000007,0.0,0.2269452,-2.9476438000000074,-103.90680393328458,2,True
BTCUSDT,long,165f23100f26a51933063c9a300549cd37cd179589d21cee8c552ba9e87e2180,BTCUSDT|long|high_volume,1761806760000,1761823020000,2025-10-30T06:46:00+00:00,2025-10-30T11:17:00+00:00,110996.1,109484.0,0.0017000000000000001,188.69337000000002,37.738674,5,109670.5,109670.5,2.87042293600001,2.6482156876385066,exchange_guard_proxy_touch,False,-2.5705700000000102,0.299852936,-0.013053300617600001,0.15095469600000003,-2.8834762366176103,-152.81280082165102,2,True
ETHUSDT,short,5e17f8d170d4f574cd4684f963ca680f839c8c632594cb7eff36109047752614,ETHUSDT|short|high_volume,1761754260000,1761883740000,2025-10-29T16:11:00+00:00,2025-10-31T04:09:00+00:00,3924.86,3866.58,0.02,78.4972,15.699440000000001,5,4028.0200000000004,3860.01,2.3275556799999952,3.801349705191486,exchange_guard_proxy_touch,False,1.165600000000004,0.12466304000000002,-0.016018726292000005,0.06279776000000001,1.024918233708004,130.56748950382993,2,True
ETHUSDT,short,37208ffa5731c25754fdb951d60057e22622930329b541820538ba368712ff18,ETHUSDT|short|high_volume,1761891060000,1761901320000,2025-10-31T06:11:00+00:00,2025-10-31T09:02:00+00:00,3830.39,3866.58,0.06,229.8234,45.96468,5,3860.01,3860.01,2.540854560000003,2.548759325960167,exchange_guard_proxy_touch,False,-2.1714000000000033,0.36945456,0.017868886265999997,0.18385872,-2.522985673734003,-109.77932071903919,2,True
BTCUSDT,long,e69f175b5638581cec399abb808bb10afd053597abc09744253d5c27d1b38940,BTCUSDT|long|high_volume,1761911760000,1761929400000,2025-10-31T11:56:00+00:00,2025-10-31T16:50:00+00:00,110345.3,109122.1,0.0018000000000000002,198.62154,39.724308,5,109158.9,109308.0,2.7854187840000004,4.8300326154995,exchange_guard_proxy_touch,False,-2.201759999999995,0.31603305600000003,-0.03965763600000001,0.15889723200000003,-2.557450691999995,-128.75998705880514,2,True
BTCUSDT,long,cf158901cfd339048bd53ea168aba41675c5594993af5092ce55dfcc14777dc1,BTCUSDT|long|high_volume,1761939360000,1761945240000,2025-10-31T19:36:00+00:00,2025-10-31T21:14:00+00:00,110142.8,109122.1,0.0024000000000000002,264.34272000000004,52.86854400000001,5,109308.0,109308.0,2.8706686079999932,2.597700459307736,exchange_guard_proxy_touch,False,-2.449679999999993,0.42098860800000015,0.0,0.21147417600000004,-2.8706686079999932,-108.59646931074906,2,True
BTCUSDT,long,8f56070e9621a2551a3fc733e2471d3748398183a34a397bd67fcdb60b76978b,BTCUSDT|long|high_volume,1761967260000,1761991860000,2025-11-01T03:21:00+00:00,2025-11-01T10:11:00+00:00,110254.3,109698.5,0.0022,242.55946000000003,48.511892,5,109351.4,109885.4,2.7815388480000065,7.505442891086921,exchange_guard_proxy_touch,False,-1.2227600000000065,0.387116928,-0.048411132,0.194047568,-1.6582880600000065,-68.36624966101121,2,True
ETHUSDT,short,689883feabbbcc81ab71816ef4bfff2245ff784aee8bef70ed1f9828753668bf,ETHUSDT|short|high_volume,1762042860000,1762058460000,2025-11-02T00:21:00+00:00,2025-11-02T04:41:00+00:00,3858.75,3896.63,0.06,231.52499999999998,46.30499999999999,5,3890.01,3890.01,2.6450582400000067,3.3985290584041596,exchange_guard_proxy_touch,False,-2.2728000000000064,0.37225824,0.0,0.18522,-2.6450582400000062,-114.2450379008749,2,True
BTCUSDT,long,0e8dddc557a0dd271dbc11a0fec4c5bccdbeb8e2e6e671afffc70965220548ca,BTCUSDT|long|high_volume,1762050960000,1762089720000,2025-11-02T02:36:00+00:00,2025-11-02T13:22:00+00:00,110318.90000000001,110114.40000000001,0.0031000000000000003,341.98859000000004,68.39771800000001,5,109803.4,110302.0,2.7222602879999913,5.718928700176005,exchange_guard_proxy_touch,False,-0.63395,0.5466745840000001,-0.05600947320000001,0.27359087200000004,-1.2366340572000003,-36.16009695528147,2,True
ETHUSDT,short,925a695a54e6b82551e5b4409c67268a028f4fe0c3871037cc22204c6af59722,ETHUSDT|short|high_volume,1762122960000,1762124700000,2025-11-02T22:36:00+00:00,2025-11-02T23:05:00+00:00,3842.9300000000003,3872.48,0.07,269.0051,53.80102000000001,5,3865.9,3865.9,2.5005629599999812,2.9268482082871627,exchange_guard_proxy_touch,False,-2.068499999999981,0.43206296000000005,0.0,0.21520408000000005,-2.5005629599999812,-92.95596849278996,2,True
ETHUSDT,short,2f2aca8e16c1f4177c3d72fa608ca3ec2e4d2a99774d560b1ac28981907f8d4b,ETHUSDT|short|high_volume,1762131660000,1762178820000,2025-11-03T01:01:00+00:00,2025-11-03T14:07:00+00:00,3853.15,3746.35,0.1,385.31500000000005,77.06300000000002,5,3865.9,3739.9900000000002,2.5510503999999927,2.165985865979188,exchange_guard_proxy_touch,False,10.68000000000002,0.6079600000000001,0.008811162570000001,0.308252,10.080851162570019,261.6262321106113,2,True
ETHUSDT,short,d1fa8be141b61f446bd303bd00919018b4cb9edbe5ce30eb860d83f81c70d5c2,ETHUSDT|short|high_volume,1762183560000,1762267680000,2025-11-03T15:26:00+00:00,2025-11-04T14:48:00+00:00,3685.83,3540.16,0.04,147.4332,29.48664,5,3739.9900000000002,3534.15,2.6586297599999997,3.2241614121149436,exchange_guard_proxy_touch,False,5.826800000000003,0.23123168,0.024671954455999998,0.11794656,5.620240274456004,381.2058799819853,2,True
ETHUSDT,short,85e320041e4e3a752d62cbae7a7eac1168a93e6f9f47359af52431a6db4c4be1,ETHUSDT|short|confirmed_volume,1762273560000,1762311240000,2025-11-04T16:26:00+00:00,2025-11-05T02:54:00+00:00,3470.29,3311.38,0.03,104.1087,20.82174,5,3534.15,3305.76,2.2643507999999968,1.8193764692049033,exchange_guard_proxy_touch,False,4.767299999999995,0.16276008,0.001157075616,0.08328696000000001,4.605696995615995,442.3930944883564,2,True
ETHUSDT,short,2142233ad95976eebcf0bd7cc4634971e7a6fbbf7c9454d8727e9245bcf27d09,ETHUSDT|short|high_volume,1762413660000,1762484460000,2025-11-06T07:21:00+00:00,2025-11-07T03:01:00+00:00,3364.89,3357.52,0.02,67.2978,13.45956,5,3455.01,3351.82,2.02921248,5.0066719383299185,exchange_guard_proxy_touch,False,0.1473999999999978,0.10755856,0.00844184667,0.053838239999999996,0.048283286669997816,7.17457133368369,2,True
ETHUSDT,short,f7c028b0d0c59b3dd5095d72f1f2de41f846b34db023b8c6726638b2c667ef07,ETHUSDT|short|confirmed_volume,1762490460000,1762492080000,2025-11-07T04:41:00+00:00,2025-11-07T05:08:00+00:00,3317.39,3357.52,0.06,199.0434,39.808679999999995,5,3351.82,3351.82,2.7281956800000065,1.6604551864055783,exchange_guard_proxy_touch,False,-2.4078000000000066,0.32039568,0.0,0.15923472,-2.7281956800000065,-137.06536765348696,2,True
ETHUSDT,short,98fa1a09312ccd85d57ba6af1f45daab17cc7ad9059a6afb8d31fda54327fa2f,ETHUSDT|short|high_volume,1762500660000,1762501680000,2025-11-07T07:31:00+00:00,2025-11-07T07:48:00+00:00,3338.03,3357.52,0.11,367.18330000000003,73.43666,5,3351.82,3351.82,2.733108399999976,3.533391514140144,exchange_guard_proxy_touch,False,-2.143899999999976,0.5892084,0.0,0.29374664,-2.733108399999976,-74.43444187140254,2,True
ETHUSDT,short,f4e5df07fa520dc5d62dd4e2c23b4bd34b9cf017dc1628671444ebef843ad7c0,ETHUSDT|short|high_volume,1762620960000,1762637760000,2025-11-08T16:56:00+00:00,2025-11-08T21:36:00+00:00,3356.03,3412.27,0.02,67.12060000000001,13.424120000000002,5,3468.44,3406.4700000000003,2.4754859199999992,2.167979485375274,exchange_guard_proxy_touch,False,-1.1247999999999956,0.10829280000000001,0.0,0.053696480000000005,-1.2330927999999957,-183.7130180600286,2,True
ETHUSDT,short,ddd2e0bf2a9400125415ac8bd04f3befcdd3f3af5a1768365d17b9da532f9100,ETHUSDT|short|high_volume,1762647360000,1762666140000,2025-11-09T00:16:00+00:00,2025-11-09T05:29:00+00:00,3378.53,3412.27,0.07,236.49710000000005,47.29942000000001,5,3406.4700000000003,3406.4700000000003,2.742084799999985,4.747532977808681,exchange_guard_proxy_touch,False,-2.361799999999985,0.38028480000000003,0.0,0.18919768000000003,-2.742084799999985,-115.9458107520128,2,True
ETHUSDT,short,d00c1e3df3f2d72962a985667085fb498d66b7a578d44698a50cf8503f71cdbf,ETHUSDT|short|high_volume,1762776360000,1762822560000,2025-11-10T12:06:00+00:00,2025-11-11T00:56:00+00:00,3584.05,3588.8,0.04,143.36200000000002,28.672400000000003,5,3630.3100000000004,3582.7000000000003,2.328657280000002,3.182017857600713,exchange_guard_proxy_touch,False,-0.19,0.22953120000000002,0.015210362464,0.11468960000000002,-0.404320837536,-28.202789967773885,2,True
ETHUSDT,short,d8aef99954ae304d9c36807782d8bc9f7323664378dd9574dfd47f78ee765062,ETHUSDT|short|high_volume,1762865160000,1762925100000,2025-11-11T12:46:00+00:00,2025-11-12T05:25:00+00:00,3545.2400000000002,3460.57,0.05,177.26200000000003,35.452400000000004,5,3585.3,3454.69,2.593465599999993,2.8019355393954863,exchange_guard_proxy_touch,False,4.233500000000004,0.28023240000000005,0.01109858384,0.14180960000000004,3.9643661838400037,223.64444629080137,2,True
ETHUSDT,short,fa939e23e3e5d340d4107cfc588747e8386d3bcf17f3cd75ede2d7e997545ec6,ETHUSDT|short|confirmed_volume,1762930860000,1762936080000,2025-11-12T07:01:00+00:00,2025-11-12T08:28:00+00:00,3431.38,3460.57,0.08,274.5104,54.90208,5,3454.69,3454.69,2.7762848000000044,1.937519712440809,exchange_guard_proxy_touch,False,-2.3352000000000044,0.44108480000000005,-0.02160071904,0.21960832000000005,-2.7978855190400043,-101.92275116134049,2,True
ETHUSDT,short,aebbf17c4923d75cfe54794e5886784ef941c623be816d43836896bdab5c10f6,ETHUSDT|short|high_volume,1762985760000,1762998180000,2025-11-12T22:16:00+00:00,2025-11-13T01:43:00+00:00,3390.66,3460.89,0.03,101.71979999999999,20.34396,5,3455.01,3455.01,2.2713372000000005,2.393544232062904,exchange_guard_proxy_touch,False,-2.1069000000000004,0.16443719999999998,0.007134451845,0.08137583999999999,-2.2642027481550007,-222.59213527307375,2,True
ETHUSDT,short,559161e05bc06d8a4f25fa3af7a89c970162e64f0ffa7d665fb49ee12db3997b,ETHUSDT|short|high_volume,1763003760000,1763004600000,2025-11-13T03:16:00+00:00,2025-11-13T03:30:00+00:00,3372.12,3460.89,0.03,101.16359999999999,20.232719999999997,5,3455.01,3455.01,2.8270922399999994,6.319881501675209,exchange_guard_proxy_touch,False,-2.663099999999999,0.16399224,0.0,0.08093088,-2.827092239999999,-279.45745702999886,2,True
ETHUSDT,short,8a3230df9cf738feddb91eea44604db0645f017f83d33c88bd7177ede3ef385c,ETHUSDT|short|high_volume,1763094960000,1763137680000,2025-11-14T04:36:00+00:00,2025-11-14T16:28:00+00:00,3178.52,3245.19,0.02,63.5704,12.71408,5,3270.59,3239.6800000000003,2.0560748799999975,6.060210509266259,exchange_guard_proxy_touch,False,-1.3334000000000015,0.10277936,0.007385476224000001,0.05085632,-1.4287938837760015,-224.7577306066977,2,True
ETHUSDT,short,3d58980f74e82c0d3f58efddd92c099c1b585b00b9e54eae745395d08a089582,ETHUSDT|short|high_volume,1763193960000,1763215020000,2025-11-15T08:06:00+00:00,2025-11-15T13:57:00+00:00,3159.12,3198.2400000000002,0.06,189.54719999999998,37.90944,5,3192.8100000000004,3192.8100000000004,2.6523532800000202,2.6312991517344306,exchange_guard_proxy_touch,False,-2.347200000000021,0.30515328,0.0,0.15163776,-2.6523532800000207,-139.9310187647204,2,True
ETHUSDT,short,e104b82b4a8861c33c1d4207dd77789b965c8309fa55777fe3c595faac187b31,ETHUSDT|short|high_volume,1763327160000,1763339400000,2025-11-16T21:06:00+00:00,2025-11-17T00:30:00+00:00,3071.3,3132.54,0.04,122.852,24.5704,5,3127.2200000000003,3127.2200000000003,2.6481228799999914,3.2838948586737864,exchange_guard_proxy_touch,False,-2.4495999999999913,0.19852288,0.012376160000000002,0.09828160000000001,-2.6357467199999913,-214.5465047374069,2,True
ETHUSDT,short,27e6767b2822d7a05b2397a03fa38e81c0c22ce2081bd3c1a5294e09a251f179,ETHUSDT|short|confirmed_volume,1763403960000,1763454900000,2025-11-17T18:26:00+00:00,2025-11-18T08:35:00+00:00,3035.91,3054.2000000000003,0.01,30.359099999999998,6.07182,5,3210.23,3049.01,1.847812800000002,1.7238993130174134,exchange_guard_proxy_touch,False,-0.1829000000000042,0.04872088000000001,0.005766962336000001,0.02428728,-0.2258539176640042,-74.39414134938264,2,True
ETHUSDT,short,78297c780b1683eeb9db88c94763c6ec562c694b2152f354255ecf1e573a30c6,ETHUSDT|short|high_volume,1763472360000,1763474040000,2025-11-18T13:26:00+00:00,2025-11-18T13:54:00+00:00,3029.08,3054.2000000000003,0.09,272.61719999999997,54.523439999999994,5,3049.01,3049.01,2.698796160000031,2.3017691152555457,exchange_guard_proxy_touch,False,-2.2608000000000312,0.43799616,0.0,0.21809376,-2.698796160000031,-98.99581391049543,2,True
BTCUSDT,short,a902d3b1753ca81561761c004b718d2abdc8ef3e6d9393c3fdb3cdace2cb66aa,BTCUSDT|short|high_volume,1763395860000,1763476620000,2025-11-17T16:11:00+00:00,2025-11-18T14:37:00+00:00,93204.90000000001,92528.1,0.0009000000000000001,83.88441000000002,16.776882000000004,5,95909.20000000001,92371.0,2.716939583999995,2.108723746440628,exchange_guard_proxy_touch,False,0.6091200000000027,0.13372776,0.016436610000000004,0.06710752800000001,0.4918288500000027,58.63173502680684,2,True
BTCUSDT,short,6652d0adb168fdc89ba98e34c0ce09b000d04cd9f265e97e488abeb3d570786d,BTCUSDT|short|confirmed_volume,1763523360000,1763564820000,2025-11-19T03:36:00+00:00,2025-11-19T15:07:00+00:00,91843.6,92143.70000000001,0.0014,128.58104,25.716208,5,93400.1,91987.3,2.609070800000004,1.6484955177754341,exchange_guard_proxy_touch,False,-0.4201400000000081,0.20606577600000003,0.0064432888688,0.10286483200000002,-0.6197624871312082,-48.20014577041904,2,True
BTCUSDT,short,358b465044db771b07e49522200b3af9954c55a938496065e587d1981e4eeb49,BTCUSDT|short|high_volume,1763566560000,1763598600000,2025-11-19T15:36:00+00:00,2025-11-20T00:30:00+00:00,90573.3,92143.70000000001,0.0015,135.85995,27.17199,5,91987.3,91987.3,2.5748604000000133,2.9497837646589242,exchange_guard_proxy_touch,False,-2.3556000000000132,0.2192604,0.011213142164999999,0.10868796,-2.5636472578350133,-188.69779194199714,2,True
ETHUSDT,short,60630ae421a415411c32194ec0342084d9606954f9c5d2b702993812dcff23d1,ETHUSDT|short|high_volume,1763528460000,1763615220000,2025-11-19T05:01:00+00:00,2025-11-20T05:07:00+00:00,3045.17,3062.21,0.03,91.3551,18.27102,5,3125.0600000000004,3057.01,2.704513200000001,2.2687323652559557,exchange_guard_proxy_touch,False,-0.5111999999999989,0.14657712,0.015518036600999999,0.07308408000000001,-0.6422590833989988,-70.30358276647925,2,True
ETHUSDT,short,ad13c4406865bd25fbcb1fc5f43be650ee933fd2a435ad268e59f4fd6c3505a0,ETHUSDT|short|high_volume,1763621160000,1763645460000,2025-11-20T06:46:00+00:00,2025-11-20T13:31:00+00:00,3010.32,3048.87,0.04,120.4128,24.08256,5,3057.01,3043.69,2.269920959999995,3.398739820133855,exchange_guard_proxy_touch,False,-1.5419999999999892,0.19389408000000002,0.00952505112,0.09633024000000001,-1.726369028879989,-143.37088987881594,2,True
ETHUSDT,short,e78d834d5b6ef4674c9f40b2f2d34862a6fe3fa984ab946874d21b5a980191bf,ETHUSDT|short|high_volume,1763646360000,1763744760000,2025-11-20T13:46:00+00:00,2025-11-21T17:06:00+00:00,2996.83,2784.3,0.04,119.8732,23.97464,5,3043.69,2779.57,2.2750623999999986,4.501000756033359,exchange_guard_proxy_touch,False,8.50119999999999,0.18499616,0.01980181098,0.09589856000000001,8.33600565097999,695.4019456375562,2,True
BTCUSDT,short,72a35cbd095b0a01bcc8e72e4710b21f8be2cd03ed19944a54c1cf2cfaee1f3e,BTCUSDT|short|confirmed_volume,1763654460000,1763744820000,2025-11-20T16:01:00+00:00,2025-11-21T17:07:00+00:00,89645.70000000001,85594.6,0.0008,71.71656000000002,14.343312000000003,5,92498.70000000001,85449.3,2.5249130879999906,1.8462558916559355,exchange_guard_proxy_touch,False,3.2408800000000046,0.11215379200000003,0.007752340012800001,0.057373248000000016,3.136478548012805,437.3436969108396,2,True
BTCUSDT,short,abfc07bea3ed685b4394d5fe6ef63c4f6d03909ba5bbe6412a98307cf188b2bf,BTCUSDT|short|confirmed_volume,1763778960000,1763820840000,2025-11-22T02:36:00+00:00,2025-11-22T14:14:00+00:00,84270.8,84472.0,0.002,168.54160000000002,33.70832,5,85374.6,84328.6,2.76966496,1.9218721315265208,exchange_guard_proxy_touch,False,-0.4023999999999942,0.26998848,0.01138718778,0.13483328,-0.6610012922199942,-39.21888081162123,2,True
ETHUSDT,short,6e4c96643963619f4c7b6240d24072f3a47e9ab694a6f26348f0ca7817e488e9,ETHUSDT|short|high_volume,1763784960000,1763820900000,2025-11-22T04:16:00+00:00,2025-11-22T14:15:00+00:00,2726.69,2746.73,0.04,109.0676,21.81352,5,2783.3500000000004,2742.0600000000004,2.6324729600000034,2.416468880462162,exchange_guard_proxy_touch,False,-0.8015999999999985,0.17514944,0.00792929292,0.08725408,-0.9688201470799985,-88.8274929566616,2,True
ETHUSDT,short,433ac8e0845c9c5573626065abd4405912722f92c1abf7027cc7974830563a95,ETHUSDT|short|high_volume,1763942760000,1763949960000,2025-11-24T00:06:00+00:00,2025-11-24T02:06:00+00:00,2782.53,2848.84,0.03,83.47590000000001,16.69518,5,2844.0,2844.0,2.124452879999998,3.175318848893419,exchange_guard_proxy_touch,False,-1.9892999999999983,0.13515288000000003,0.0,0.06678072,-2.1244528799999984,-254.4989487983955,2,True
BTCUSDT,short,c3219b9abe98fe20d1f908ef309a4a726b83c65752b14022dbb4ada54eb66095,BTCUSDT|short|high_volume,1763975460000,1764005640000,2025-11-24T09:11:00+00:00,2025-11-24T17:34:00+00:00,86434.8,87945.3,0.0016,138.29568,27.659136,5,87796.0,87796.0,2.640006528,3.3052924554219705,exchange_guard_proxy_touch,False,-2.4168000000000003,0.22320652800000004,0.006986634054400001,0.110636544,-2.6330198939456,-190.39061046198984,2,True
ETHUSDT,short,c115a6d357f6418b6e74e79f51fb8a2c7febe592fade01486c9de984f54b646e,ETHUSDT|short|high_volume,1764057960000,1764088380000,2025-11-25T08:06:00+00:00,2025-11-25T16:33:00+00:00,2896.42,2938.5,0.05,144.821,28.964199999999998,5,2941.4,2933.51,2.733213199999989,5.5243735247088885,exchange_guard_proxy_touch,False,-2.1039999999999965,0.23339680000000002,0.0008045848200000001,0.11585680000000001,-2.3365922151799965,-161.34346642959216,2,True
BTCUSDT,short,7ddc189814ae036de67bb7b83601b0a1303be3d7c2d703ec34c87906d1d6b478,BTCUSDT|short|high_volume,1764055860000,1764091980000,2025-11-25T07:31:00+00:00,2025-11-25T17:33:00+00:00,87540.90000000001,87882.0,0.0032,280.13088000000005,56.02617600000001,5,88100.1,87732.8,2.7188244480000003,3.0798444150060607,exchange_guard_proxy_touch,False,-1.091519999999972,0.44908262400000015,-0.011219475827200003,0.22410470400000004,-1.5518220998271721,-55.39632402636838,2,True
ETHUSDT,short,cc8c0b8f7ca9ed1c39a86f70480ac0e669b073719ba21ee0bdabfa1313a96551,ETHUSDT|short|confirmed_volume,1764097260000,1764101640000,2025-11-25T19:01:00+00:00,2025-11-25T20:14:00+00:00,2920.81,2938.5,0.12,350.49719999999996,70.09943999999999,5,2933.51,2933.51,2.6852937600000066,1.56947134164472,exchange_guard_proxy_touch,False,-2.1228000000000065,0.56249376,0.0,0.28039776,-2.6852937600000066,-76.61384342014735,2,True
BTCUSDT,short,4cd8744ab8ecb6242f9f7d1e46c1c24f58bb85e3708a6344ccfb4ff69030b60b,BTCUSDT|short|high_volume,1764097560000,1764112440000,2025-11-25T19:06:00+00:00,2025-11-25T23:14:00+00:00,86852.90000000001,87882.0,0.0023,199.76167,39.952334,5,87732.8,87732.8,2.68844221599998,2.112366153692913,exchange_guard_proxy_touch,False,-2.36692999999998,0.321512216,0.0,0.15980933600000002,-2.68844221599998,-134.58248601946408,2,True
ETHUSDT,short,6aee6fab73f3bedbe8b005ab65dbcd418a8ae2c8f6f1eee253b6ee3e4273f132,ETHUSDT|short|high_volume,1764148260000,1764173700000,2025-11-26T09:11:00+00:00,2025-11-26T16:15:00+00:00,2905.05,2958.85,0.04,116.20200000000001,23.2404,5,2953.82,2953.82,2.339644799999989,2.2064048797123355,exchange_guard_proxy_touch,False,-2.151999999999989,0.1876448,0.002207849672,0.0929616,-2.337436950327989,-201.1529018715675,2,True
BTCUSDT,short,b28fc10ed0dafac5eaed2e0dbd46830fa91f252e3a1997d1502e462df51edf3c,BTCUSDT|short|confirmed_volume,1764153360000,1764177120000,2025-11-26T10:36:00+00:00,2025-11-26T17:12:00+00:00,86521.20000000001,88096.70000000001,0.0015,129.78180000000003,25.956360000000007,5,87947.1,87947.1,2.5727914800000002,1.5560523583233035,exchange_guard_proxy_touch,False,-2.36325,0.20954148000000006,-0.001092663591,0.10382544000000002,-2.5738841435909996,-198.32396711950358,2,True
ETHUSDT,short,3dc0fd9e277248776f9aec8b880be03778ea8f720fa05dc8ae220f7df1252866,ETHUSDT|short|high_volume,1764246060000,1764319800000,2025-11-27T12:21:00+00:00,2025-11-28T08:50:00+00:00,3012.84,3033.16,0.06,180.7704,36.15408,5,3044.01,3028.01,2.4719774399999945,4.295284985752876,exchange_guard_proxy_touch,False,-1.2191999999999825,0.290208,0.006008341128000001,0.14461632000000002,-1.5033996588719825,-83.16625171333263,2,True
BTCUSDT,short,19aff93b1af366e343b97f067b81da1a99e5e8a915325233bb8d5ce3fea9b26e,BTCUSDT|short|high_volume,1764277560000,1764320400000,2025-11-27T21:06:00+00:00,2025-11-28T09:00:00+00:00,91106.8,91846.0,0.0025,227.76700000000002,45.5534,5,91800.1,91690.1,2.4896260000000217,2.888528690192857,exchange_guard_proxy_touch,False,-1.8479999999999928,0.3659056,0.017688394439999998,0.1822136,-2.196217205559993,-96.42385444599054,2,True
BTCUSDT,short,19f45375684824bf2d1cd2c58b0ab8112daa6b6aa42ee6735dbb5764f9f94859,BTCUSDT|short|confirmed_volume,1764375660000,1764429360000,2025-11-29T00:21:00+00:00,2025-11-29T15:16:00+00:00,90629.5,91039.5,0.0028,253.7626,50.75252,5,91209.1,90884.90000000001,2.4648258880000324,1.5973090229637434,exchange_guard_proxy_touch,False,-1.148,0.40693856000000006,0.004506616945599999,0.20301008,-1.5504319430544,-61.097732410307906,2,True
BTCUSDT,short,d759d1b29a7f14a14612a8ddf774e7241ddeb4146dbfa2459a7c131905f59899,BTCUSDT|short|high_volume,1764439260000,1764449400000,2025-11-29T18:01:00+00:00,2025-11-29T20:50:00+00:00,90262.40000000001,91039.5,0.0027,243.70848000000004,48.741696000000005,5,90884.90000000001,90884.90000000001,2.4897821039999766,2.143858036949643,exchange_guard_proxy_touch,False,-2.0981699999999766,0.39161210400000007,0.0,0.19496678400000003,-2.4897821039999766,-102.16230900131076,2,True
BTCUSDT,short,6e9a37efeb01f7c0741030cbe5cae05c8dd05a6a6d816a4f2c605bf51ae03a2d,BTCUSDT|short|confirmed_volume,1764471360000,1764490860000,2025-11-30T02:56:00+00:00,2025-11-30T08:21:00+00:00,90570.3,91170.90000000001,0.0033,298.88199000000003,59.77639800000001,5,91020.1,91016.1,2.474987328000019,1.7980056219076326,exchange_guard_proxy_touch,False,-1.9819800000000192,0.47979676800000004,0.010669808226,0.23910559200000003,-2.451106959774019,-82.00918897033638,2,True
ETHUSDT,short,299fbdf6d0a7fcc6e7e8c2660366d1bc6e6fbc42eb758cc8cab8d082ddd02e0e,ETHUSDT|short|high_volume,1764383760000,1764490980000,2025-11-29T02:36:00+00:00,2025-11-30T08:23:00+00:00,3019.13,3017.11,0.05,150.9565,30.191300000000002,5,3059.86,3011.98,2.5403680000000026,4.495053283985004,exchange_guard_proxy_touch,False,0.10099999999999909,0.24144960000000004,0.018170868410000002,0.12076520000000002,-0.12227873159000095,-8.100262763776383,2,True
BTCUSDT,short,463c822c0fb04bce1b3c63312ed6387c6b1972bffad49c3c308176f784e4c6a5,BTCUSDT|short|high_volume,1764547260000,1764626700000,2025-12-01T00:01:00+00:00,2025-12-01T22:05:00+00:00,90223.1,86772.40000000001,0.0014,126.31234,25.262468000000002,5,91592.40000000001,86625.1,2.3389478560000083,2.3135472964847605,exchange_guard_proxy_touch,False,4.830979999999996,0.19823496000000002,0.0055847064966,0.10104987200000001,4.638329746496596,367.2111328550002,2,True
BTCUSDT,short,b8fb3926324352a78a234009b095c23e465de1ad3bb01ab1932564f19b158d2a,BTCUSDT|short|high_volume,1764663360000,1764672480000,2025-12-02T08:16:00+00:00,2025-12-02T10:48:00+00:00,86579.70000000001,87394.40000000001,0.0026000000000000003,225.10722000000007,45.02144400000002,5,87246.0,87246.0,2.480086127999993,5.02117587670499,exchange_guard_proxy_touch,False,-2.118219999999993,0.3618661280000001,0.0,0.18008577600000006,-2.480086127999993,-110.17354876489489,2,True
ETHUSDT,short,7555c956060bbebf2d61f89086f798984876f4abea9524b84ea5103e56f846d1,ETHUSDT|short|high_volume,1764590760000,1764672480000,2025-12-01T12:06:00+00:00,2025-12-02T10:48:00+00:00,2820.54,2819.6,0.05,141.02700000000002,28.205400000000004,5,2854.57,2814.8100000000004,2.171698799999994,2.7809324420749046,exchange_guard_proxy_touch,False,0.047000000000002734,0.22560560000000002,0.010545703109999999,0.11282160000000002,-0.16805989688999728,-11.916859671552062,2,True
BTCUSDT,short,2ffffa3569236c18c6300776d93653544248d6dcf3049ac2145b7afc2e3d95c9,BTCUSDT|short|high_volume,1764807360000,1764810720000,2025-12-04T00:16:00+00:00,2025-12-04T01:12:00+00:00,92784.90000000001,93630.20000000001,0.0025,231.96225000000004,46.39245000000001,5,93471.20000000001,93471.20000000001,2.4860802000000075,3.229300802895335,exchange_guard_proxy_touch,False,-2.1132500000000074,0.37283020000000006,0.0,0.18556980000000003,-2.4860802000000075,-107.17606851977023,2,True
ETHUSDT,short,c4e8013b29f1e55930fc9e07b02d2671600bc28b810834c0f459bf6f65d04fc7,ETHUSDT|short|confirmed_volume,1764853260000,1764862740000,2025-12-04T13:01:00+00:00,2025-12-04T15:39:00+00:00,3173.03,3213.06,0.05,158.65150000000003,31.730300000000007,5,3207.6000000000004,3207.6000000000004,2.256943599999987,1.983181538772892,exchange_guard_proxy_touch,False,-2.001499999999987,0.25544360000000005,0.0,0.12692120000000004,-2.256943599999987,-142.2579427235158,2,True
BTCUSDT,short,f848d88171a78bd7f61eb57208d53a21794ca83079ba12371d806f68fb5db2dd,BTCUSDT|short|high_volume,1764825060000,1765028640000,2025-12-04T05:11:00+00:00,2025-12-06T13:44:00+00:00,92858.1,89885.1,0.0017000000000000001,157.85877000000002,31.571754000000006,5,93932.8,89732.5,2.3527328159999903,2.036959510605101,exchange_guard_proxy_touch,False,5.0541,0.24853075200000005,0.04245321712540001,0.12628701600000003,4.848022465125401,307.1113796924555,2,True
ETHUSDT,short,69a049420e56ea4f7f5d76c91489b0275e8cd81fc58ef0a6244b30a060c16726,ETHUSDT|short|high_volume,1764942060000,1765030500000,2025-12-05T13:41:00+00:00,2025-12-06T14:15:00+00:00,3095.79,3049.9900000000002,0.02,61.9158,12.38316,5,3181.65,3044.8100000000004,1.9259255999999996,2.282626508621294,exchange_guard_proxy_touch,False,0.9159999999999946,0.09833248000000001,0.006015482688000001,0.04953264,0.8236830026879945,133.03276428439827,2,True
ETHUSDT,short,09d9ffcd7d39ca553c60a19b090d00920ec5c0e0e34e08c55839dcc4ccb1504d,ETHUSDT|short|confirmed_volume,1765082160000,1765111680000,2025-12-07T04:36:00+00:00,2025-12-07T12:48:00+00:00,3042.09,3054.94,0.11,334.6299,66.92598000000001,5,3054.0,3049.75,2.4190135200000142,1.671717385962038,exchange_guard_proxy_touch,False,-1.41349999999999,0.5365386400000001,-0.00650532652,0.26770392,-1.95654396651999,-58.46889254427025,2,True
BTCUSDT,short,e1b55ce5eb1c563095a9d26e134ab4d093b36ba02f7923c05da4cfa859797c32,BTCUSDT|short|high_volume,1765113960000,1765123020000,2025-12-07T13:26:00+00:00,2025-12-07T15:57:00+00:00,88763.1,89710.3,0.002,177.52620000000002,35.50524,5,89697.8,89558.0,2.4601814399999946,23.380398639168124,exchange_guard_proxy_touch,False,-1.8943999999999943,0.28555744000000005,0.0,0.14202096,-2.1799574399999946,-122.79637822473497,2,True
ETHUSDT,short,29ec24df4e9d82a1a2fb873a35612911f9fab09536bfefa6f46a825d070d1660,ETHUSDT|short|high_volume,1765113960000,1765127760000,2025-12-07T13:26:00+00:00,2025-12-07T17:16:00+00:00,3025.23,3054.94,0.07,211.76610000000002,42.35322000000001,5,3049.75,3049.75,2.4201895200000028,9.3713202645829,exchange_guard_proxy_touch,False,-2.0797000000000025,0.34048952000000005,0.0030669812880000005,0.16941288000000004,-2.4171225387120026,-114.14114623218742,2,True
ETHUSDT,short,73e277bd3f685e13275e0949f7559a0229d790c1a30ba38f6d93b2250942fabf,ETHUSDT|short|high_volume,1765220460000,1765229400000,2025-12-08T19:01:00+00:00,2025-12-08T21:30:00+00:00,3089.34,3155.37,0.03,92.6802,18.53604,5,3150.01,3150.01,2.1307730399999922,7.615107027721854,exchange_guard_proxy_touch,False,-1.9808999999999923,0.14987303999999999,0.0,0.07414416,-2.1307730399999922,-229.90596049641587,2,True
BTCUSDT,short,a598cbbff928d3461d36105ea4b15f6b29da30fa852cf58af59b83afdb5308f0,BTCUSDT|short|high_volume,1765240560000,1765265940000,2025-12-09T00:36:00+00:00,2025-12-09T07:39:00+00:00,90370.70000000001,90626.90000000001,0.0019,171.70433000000003,34.340866000000005,5,91338.3,90473.0,2.409943735999989,2.8958986683861383,exchange_guard_proxy_touch,False,-0.4867799999999945,0.27511635200000006,0.0,0.13736346400000002,-0.7618963519999946,-44.37257650986405,2,True
BTCUSDT,short,a7dbf125b3b33ac4651373b439523909983ad9b717ac61f30f84b3725ef19fcf,BTCUSDT|short|high_volume,1765276860000,1765282680000,2025-12-09T10:41:00+00:00,2025-12-09T12:18:00+00:00,89842.6,90626.90000000001,0.0026000000000000003,233.59076000000005,46.71815200000001,5,90473.0,90473.0,2.414556560000008,2.1493949023931513,exchange_guard_proxy_touch,False,-2.039180000000008,0.3753765600000001,0.0,0.18687260800000005,-2.4145565600000083,-103.36695509702558,2,True
ETHUSDT,short,33a20398fa54e8c66b3668dfd532e81056fa513c53280da1d5a4a7ec2119b496,ETHUSDT|short|confirmed_volume,1765236360000,1765282920000,2025-12-08T23:26:00+00:00,2025-12-09T12:22:00+00:00,3111.48,3134.94,0.03,93.3444,18.668879999999998,5,3178.01,3129.61,2.3092776000000015,1.8351067352248875,exchange_guard_proxy_touch,False,-0.7038000000000011,0.14991408,0.010769129871,0.07467552000000001,-0.8429449501290012,-90.30482279911824,2,True
BTCUSDT,short,8125284a15cb7a2aa0ab93e1b10d09ab600bd4485a08f455e270b27c4286259a,BTCUSDT|short|high_volume,1765391160000,1765397280000,2025-12-10T18:26:00+00:00,2025-12-10T20:08:00+00:00,91886.5,93437.6,0.0014,128.6411,25.72822,5,93279.0,93279.0,2.379102992000008,3.367068893330922,exchange_guard_proxy_touch,False,-2.1715400000000082,0.20756299200000003,0.0,0.10291288000000001,-2.3791029920000084,-184.94112628079273,2,True
BTCUSDT,short,15e87ca0ceb11bf50bebf8096dca2f6e20bb0fef9caaa449852d0187a0818317,BTCUSDT|short|confirmed_volume,1765401060000,1765466640000,2025-12-10T21:11:00+00:00,2025-12-11T15:24:00+00:00,91692.5,90648.70000000001,0.0012000000000000001,110.031,22.0062,5,93279.0,90494.8,2.2718448960000073,1.666357729762265,exchange_guard_proxy_touch,False,1.2525599999999861,0.17504755200000002,-0.0005564135423999999,0.08802480000000001,1.076956034457586,97.87751037958266,2,True
BTCUSDT,short,27f24ef0057a9a8bdb13226fa329c15cfa9fe2f437e66d1f174228cc603ab63e,BTCUSDT|short|high_volume,1765525260000,1765550760000,2025-12-12T07:41:00+00:00,2025-12-12T14:46:00+00:00,92157.1,92757.6,0.0027,248.82417000000004,49.76483400000001,5,92719.1,92600.1,2.3428632239999923,2.1786111449328303,exchange_guard_proxy_touch,False,-1.62135,0.39941575200000007,0.011719238517,0.19905933600000003,-2.009046513483,-80.74161418816347,2,True
BTCUSDT,short,cd9db0923eb264620415d306963003eede2d9fbf172b31f3a9d65a5e46983e1c,BTCUSDT|short|high_volume,1765552860000,1765597140000,2025-12-12T15:21:00+00:00,2025-12-13T03:39:00+00:00,91633.20000000001,90551.8,0.0018000000000000002,164.93976000000004,32.98795200000001,5,92600.1,90398.1,2.2894427519999896,4.789241447521932,exchange_guard_proxy_touch,False,1.9465200000000158,0.26234640000000004,0.0056705864166,0.13195180800000006,1.6898441864166158,102.45220354489516,2,True
BTCUSDT,short,7ad51f0ad17224f6d2a2af62fda50eed155ac23f41c34a51035be649017f4530,BTCUSDT|short|high_volume,1765710360000,1765789440000,2025-12-14T11:06:00+00:00,2025-12-15T09:04:00+00:00,89515.0,90032.90000000001,0.0022,196.93300000000002,39.3866,5,90250.1,89880.1,2.271576736000013,17.521156939289522,exchange_guard_proxy_touch,False,-1.1393800000000194,0.31600430400000007,0.004230035748400001,0.15754640000000003,-1.4511542682516194,-73.68771451466333,2,True
BTCUSDT,short,b0f365700ba9cd1de849d1886d8ed7affd5fe11baaab7ad1ff48178afb3427cb,BTCUSDT|short|high_volume,1765799160000,1765867860000,2025-12-15T11:46:00+00:00,2025-12-16T06:51:00+00:00,89451.5,86625.8,0.0032,286.2448,57.24896,5,89880.1,86478.70000000001,2.319960064000028,3.9744206880533732,exchange_guard_proxy_touch,False,9.04223999999999,0.45075788800000005,0.029219531087999996,0.22899584,8.62070164308799,301.1653536793678,2,True
BTCUSDT,short,292bd931812b4759a6a3e596e04896e2c87923fb8a1527dcc7ce2f55368eb5ec,BTCUSDT|short|high_volume,1765871160000,1765881420000,2025-12-16T07:46:00+00:00,2025-12-16T10:37:00+00:00,85708.70000000001,86625.8,0.0023,197.13001000000003,39.426002000000004,5,86478.70000000001,86478.70000000001,2.42642547999998,2.1490183939289884,exchange_guard_proxy_touch,False,-2.10932999999998,0.31709548000000004,0.0026692101449999994,0.157704008,-2.4237562698549797,-122.95217099897572,2,True
BTCUSDT,short,f93dc76f4a615cff42d4220483ad53a1a1cea5b9cd72ab6f0ae28e817207a84d,BTCUSDT|short|confirmed_volume,1765937460000,1765973160000,2025-12-17T02:11:00+00:00,2025-12-17T12:06:00+00:00,87246.8,87312.5,0.0025,218.11700000000002,43.623400000000004,5,87900.1,87164.3,2.3575928000000075,1.681861963802265,exchange_guard_proxy_touch,False,-0.16424999999999274,0.3491186,0.01954906162,0.17449360000000003,-0.49381953837999276,-22.64012151184881,2,True
BTCUSDT,short,8848c2d112d50472d64bc818174eba002a151de1c5093ae43a4da579e2bd2b70,BTCUSDT|short|high_volume,1766020260000,1766023980000,2025-12-18T01:11:00+00:00,2025-12-18T02:13:00+00:00,85704.1,86568.1,0.0024000000000000002,205.68984000000003,41.13796800000001,5,86421.1,86421.1,2.4043626240000004,2.7420226000414676,exchange_guard_proxy_touch,False,-2.0736000000000003,0.33076262400000006,0.0,0.16455187200000004,-2.4043626240000004,-116.89262940746126,2,True
BTCUSDT,short,63216565c49ed0f9d23b4edc645034e605a62babc40a83fd5124b53bac1d107e,BTCUSDT|short|high_volume,1766154960000,1766155440000,2025-12-19T14:36:00+00:00,2025-12-19T14:44:00+00:00,87666.5,88495.40000000001,0.0024000000000000002,210.39960000000002,42.07992,5,88345.20000000001,88345.20000000001,2.327590848000021,5.383555739555036,exchange_guard_proxy_touch,False,-1.9893600000000211,0.3382308480000001,0.0,0.16831968000000003,-2.327590848000021,-110.62715176264693,2,True
BTCUSDT,short,cf598efeea43cf501bfa4277098b54308a1cdf447caba51153b32db1b882f746,BTCUSDT|short|high_volume,1766165460000,1766176500000,2025-12-19T17:31:00+00:00,2025-12-19T20:35:00+00:00,87296.1,88495.40000000001,0.0017000000000000001,148.40337000000002,29.680674000000003,5,88345.20000000001,88345.20000000001,2.277886440000005,3.236136122700778,exchange_guard_proxy_touch,False,-2.038810000000005,0.23907644000000006,0.0,0.11872269600000002,-2.277886440000005,-153.49290518133145,2,True
BTCUSDT,short,901186845549dd7113f9cd0e2aa3123edcfe024b451db2923d98dd756ad7131c,BTCUSDT|short|high_volume,1766189160000,1766208060000,2025-12-20T00:06:00+00:00,2025-12-20T05:21:00+00:00,87899.0,88556.70000000001,0.0029000000000000002,254.9071,50.98142,5,88406.40000000001,88406.40000000001,2.316707224000034,3.6496685092692984,exchange_guard_proxy_touch,False,-1.907330000000034,0.4093772240000001,0.0,0.20392568000000005,-2.316707224000034,-90.88437411119715,2,True
BTCUSDT,short,031582febfaba657604d17d7cfbd0feacff23b92cacad7d0b7411d209b9d1fd4,BTCUSDT|short|high_volume,1766215260000,1766256960000,2025-12-20T07:21:00+00:00,2025-12-20T18:56:00+00:00,88038.5,88470.3,0.0035,308.13475,61.62695,5,88406.40000000001,88320.1,2.308166560000041,2.2452871162218337,exchange_guard_proxy_touch,False,-1.5113000000000103,0.49422464000000005,0.0259315230825,0.24650780000000003,-1.9795931169175103,-64.24439687239139,2,True
BTCUSDT,short,9b89a855658a59fea68915fd4d5a020379751c6dce127c8536f90db111e1fd34,BTCUSDT|short|high_volume,1766303160000,1766306400000,2025-12-21T07:46:00+00:00,2025-12-21T08:40:00+00:00,87880.1,88550.40000000001,0.0028,246.06428000000002,49.212856,5,88400.1,88400.1,2.272044320000008,5.2512964191796305,exchange_guard_proxy_touch,False,-1.876840000000008,0.39520432000000005,0.021897556027199998,0.19685142400000002,-2.250146763972808,-91.44548586949752,2,True
BTCUSDT,short,4ea7047fffeeea68900807d5321a3680596c22060508b9775081bf382633c088,BTCUSDT|short|high_volume,1766369160000,1766373000000,2025-12-22T02:06:00+00:00,2025-12-22T03:10:00+00:00,87817.90000000001,88738.70000000001,0.0021000000000000003,184.41759000000005,36.88351800000001,5,88588.1,88588.1,2.2302950880000068,2.3993809735482703,exchange_guard_proxy_touch,False,-1.9336800000000063,0.29661508800000014,0.0,0.14753407200000004,-2.2302950880000063,-120.93722122710777,2,True
BTCUSDT,short,8be96c9a5b5914904c3b154835adc86dc2f60cae67819c28078eb363e0609d8f,BTCUSDT|short|high_volume,1766433660000,1766505780000,2025-12-22T20:01:00+00:00,2025-12-23T16:03:00+00:00,87851.8,88063.6,0.0015,131.7777,26.35554,5,89050.1,87914.1,2.2370139599999956,3.027431094298039,exchange_guard_proxy_touch,False,-0.31770000000000437,0.21109848000000003,0.012720054807,0.10542216,-0.5160784251930044,-39.16280411579534,2,True
BTCUSDT,short,f68256a4eb6ab47ba6e283f3b108e9494b52fc2f097673502829a22d30c1d27b,BTCUSDT|short|high_volume,1766512860000,1766514720000,2025-12-23T18:01:00+00:00,2025-12-23T18:32:00+00:00,87053.20000000001,88063.6,0.0019,165.40108000000004,33.08021600000001,5,87914.1,87914.1,2.1859375359999893,2.216362400437699,exchange_guard_proxy_touch,False,-1.919759999999989,0.26617753600000005,0.0,0.13232086400000004,-2.1859375359999893,-132.15981032288235,2,True
BTCUSDT,short,cceb0c9e064bd095cae6cd9680c43b83e695ea215aa38706cdaea07f7996dc38,BTCUSDT|short|high_volume,1766555160000,1766593980000,2025-12-24T05:46:00+00:00,2025-12-24T16:33:00+00:00,86690.0,87598.8,0.0015,130.035,26.006999999999998,5,87850.0,87450.1,2.1737272800000134,8.114350712660755,exchange_guard_proxy_touch,False,-1.3632000000000044,0.20914656,0.0187528486425,0.10402800000000001,-1.5535937113575045,-119.47504220844422,2,True
BTCUSDT,short,14a57964d5250ccb5eb0e2e0325a51df8a3656c237a929f59bc43e5b15d79b73,BTCUSDT|short|high_volume,1766639160000,1766676300000,2025-12-25T05:06:00+00:00,2025-12-25T15:25:00+00:00,87527.40000000001,88008.3,0.0031000000000000003,271.3349400000001,54.26698800000001,5,87933.6,87858.90000000001,2.158184039999991,2.3380236403723664,exchange_guard_proxy_touch,False,-1.490789999999982,0.43532853600000004,0.021645464573700004,0.21706795200000004,-1.904473071426282,-70.18900962132933,2,True
BTCUSDT,short,54ec784bd9fad7cfe87c3550964ad0383b88a167ef937dcf7c2c6716f9ff0537,BTCUSDT|short|high_volume,1766787960000,1766815740000,2025-12-26T22:26:00+00:00,2025-12-27T06:09:00+00:00,87229.6,87642.3,0.001,87.2296,17.44592,5,89037.1,87493.5,2.1000344799999944,2.6027488811100703,exchange_guard_proxy_touch,False,-0.4126999999999971,0.13989752000000003,0.0015795880470000003,0.06978368,-0.5510179319529972,-63.16868722922003,2,True
BTCUSDT,short,b8593d05929e20817a129c7c797ff23518aef50fe47beecbb3fe702fd99edbea,BTCUSDT|short|confirmed_volume,1767041160000,1767082380000,2025-12-29T20:46:00+00:00,2025-12-30T08:13:00+00:00,87043.70000000001,88117.8,0.0015,130.56555000000003,26.113110000000006,5,88150.1,87968.20000000001,2.0948624399999827,1.9060014160176584,exchange_guard_proxy_touch,False,-1.611149999999987,0.21019380000000001,0.019132101712500002,0.10445244000000001,-1.8022116982874872,-138.03118037548853,2,True
BTCUSDT,short,4df9ded0a127e79aea6311ec60c1ed1dd3cbf718618b81e6ccddb648ee3b725d,BTCUSDT|short|high_volume,1767170760000,1767175800000,2025-12-31T08:46:00+00:00,2025-12-31T10:10:00+00:00,88231.1,88931.1,0.0025,220.57775,44.11555,5,88780.1,88780.1,2.1043244000000003,3.049055204486813,exchange_guard_proxy_touch,False,-1.75,0.3543244000000001,0.0,0.17646220000000004,-2.1043244000000003,-95.40057417395907,2,True
BTCUSDT,short,8719e4105777b24b32ec9aef5dd2f35da7e622a5df12374f695a0cc22f1c6547,BTCUSDT|short|high_volume,1767194160000,1767229620000,2025-12-31T15:16:00+00:00,2026-01-01T01:07:00+00:00,87991.0,87999.20000000001,0.0019,167.1829,33.43658,5,88780.1,87849.8,2.055111592000011,6.6242321096311185,exchange_guard_proxy_touch,False,-0.01558000000002212,0.26750510400000005,0.022909093250000002,0.13374632,-0.26017601075002217,-15.562357797957937,2,True
BTCUSDT,short,434168b61b918dddba93ed28402f73c3fd6404b00d339ee2bb4f189a1af9c1a4,BTCUSDT|short|high_volume,1767240660000,1767258960000,2026-01-01T04:11:00+00:00,2026-01-01T09:16:00+00:00,87546.90000000001,87999.20000000001,0.0036000000000000003,315.16884000000005,63.03376800000001,5,87849.8,87849.8,2.133852768000011,3.688245609701879,exchange_guard_proxy_touch,False,-1.6282800000000106,0.5055727680000002,0.031537332,0.25213507200000007,-2.1023154360000107,-66.70441900284338,2,True
BTCUSDT,short,8cb8a5b1d7bb68005c990bdf880efcdb06cf2f83288367ab5f144549ef5e9178,BTCUSDT|short|high_volume,1767415260000,1767444360000,2026-01-03T04:41:00+00:00,2026-01-03T12:46:00+00:00,89946.8,90097.0,0.0029000000000000002,260.84572000000003,52.169144,5,90368.8,89944.0,2.0882187759999917,8.46570329453541,exchange_guard_proxy_touch,False,-0.4355799999999916,0.41770161600000005,0.0027393508605,0.20867657600000003,-0.8505422651394916,-32.60710067006242,2,True
BTCUSDT,short,c2eb94b62c0e931e7949e03a9e6235dbd854091100755f4a5b1bd3664c03b5d1,BTCUSDT|short|confirmed_volume,1767550260000,1767567660000,2026-01-04T18:11:00+00:00,2026-01-04T23:01:00+00:00,91039.0,91585.0,0.0025,227.5975,45.5195,5,91581.8,91429.5,2.111803,1.6825008633232,exchange_guard_proxy_touch,False,-1.365,0.365248,0.0,0.18207800000000002,-1.730248,-76.02227616735685,2,True
ETHUSDT,short,34762cc78ba45b066288441a647d0cee37c5fbee3c44e25df746d607e22b5024,ETHUSDT|short|high_volume,1768981260000,1769008500000,2026-01-21T07:41:00+00:00,2026-01-21T15:15:00+00:00,2962.25,3006.13,0.01,29.622500000000002,5.9245,5,3113.53,3001.0200000000004,1.6144486399999993,3.091248861857868,exchange_guard_proxy_touch,False,-0.4388000000000011,0.04774704000000001,0.00015735806000000002,0.023698,-0.4863896819400011,-164.19602732382515,2,True
ETHUSDT,short,d8a90a396611472f844654329e7dc511b62c9e696ae42ac5b728fca76429b5fc,ETHUSDT|short|high_volume,1769015760000,1769023980000,2026-01-21T17:16:00+00:00,2026-01-21T19:33:00+00:00,2863.21,3006.13,0.01,28.6321,5.72642,5,3001.0200000000004,3001.0200000000004,1.4761547200000007,2.9931248297261113,exchange_guard_proxy_touch,False,-1.4292000000000007,0.046954720000000005,0.0,0.02290568,-1.4761547200000007,-515.55936169544,2,True
ETHUSDT,short,26f2db644f7d7342e8fb95a4767698beb1d1e296dab642f6f7c30e37d161ede5,ETHUSDT|short|high_volume,1769066460000,1769131800000,2026-01-22T07:21:00+00:00,2026-01-23T01:30:00+00:00,3001.92,2963.04,0.04,120.0768,24.01536,5,3037.5,2958.01,1.8234268800000002,2.424804900388166,exchange_guard_proxy_touch,False,1.5552000000000044,0.19087872,0.004292341072000001,0.09606144000000001,1.3686136210720043,113.97818904834276,2,True
ETHUSDT,short,5fe47d9c0dd7ee2d6576e24fa4574d8aaa64d17cf5d9710bbe70e3f1f251e4c4,ETHUSDT|short|high_volume,1769178960000,1769183280000,2026-01-23T14:36:00+00:00,2026-01-23T15:48:00+00:00,2905.69,2951.36,0.04,116.22760000000001,23.245520000000003,5,2946.3500000000004,2946.3500000000004,2.0142256000000027,10.56063181184316,exchange_guard_proxy_touch,False,-1.8268000000000029,0.18742560000000003,0.0,0.09298208000000001,-2.0142256000000027,-173.30011116120463,2,True
ETHUSDT,short,0901ccfbe55a2acd70e07f5f347a80eef8a33a87deec6c8450ed159958ee5c5d,ETHUSDT|short|high_volume,1769239260000,1769267160000,2026-01-24T07:21:00+00:00,2026-01-24T15:06:00+00:00,2949.52,2968.63,0.07,206.46640000000002,41.29328,5,2968.76,2963.59,2.0320064799999975,3.9456640813001203,exchange_guard_proxy_touch,False,-1.337700000000009,0.3314164,0.0024230413970000005,0.16517312,-1.666693358603009,-80.72467765229639,2,True
ETHUSDT,short,489077802371a7ee5b1bafc26320195c5d9d39066b378b0104a3d88a4f51b07a,ETHUSDT|short|high_volume,1769271660000,1769275320000,2026-01-24T16:21:00+00:00,2026-01-24T17:22:00+00:00,2948.18,2968.63,0.08,235.8544,47.17088,5,2963.59,2963.59,2.014675840000022,3.115050491795108,exchange_guard_proxy_touch,False,-1.6360000000000219,0.37867584000000004,0.0,0.18868352000000002,-2.014675840000022,-85.42032033322346,2,True
ETHUSDT,short,2b19ab8eef1f2c7d204e9f26c3d9beef0e7fbab7ec764629915d3e05de3bb92e,ETHUSDT|short|high_volume,1769311260000,1769411820000,2026-01-25T03:21:00+00:00,2026-01-26T07:17:00+00:00,2940.76,2902.96,0.06,176.4456,35.289120000000004,5,2963.03,2898.03,1.9222238399999965,9.867982426767032,exchange_guard_proxy_touch,False,2.268000000000011,0.28049856,-0.027005366160000006,0.14115648000000003,1.9604960738400108,111.11051076592506,2,True
ETHUSDT,short,454eb125d67fc7a1eb48518e255a93d715bacb54af6bdac350ed25aab51d1958,ETHUSDT|short|high_volume,1769475960000,1769481600000,2026-01-27T01:06:00+00:00,2026-01-27T02:40:00+00:00,2906.19,2950.62,0.04,116.2476,23.24952,5,2945.61,2945.61,1.9646179199999936,2.195167416867465,exchange_guard_proxy_touch,False,-1.7771999999999935,0.18741792000000002,0.0,0.09299808000000001,-1.9646179199999936,-169.0028800594587,2,True
ETHUSDT,short,6ccea07f547e5c8152d0f9c99ae55cc7b39bbd7a2af5796004a611c83f2ae537,ETHUSDT|short|high_volume,1769495760000,1769529840000,2026-01-27T06:36:00+00:00,2026-01-27T16:04:00+00:00,2924.1,2950.62,0.06,175.446,35.0892,5,2945.61,2945.61,1.8731865599999988,3.429907642903441,exchange_guard_proxy_touch,False,-1.5911999999999988,0.28198656,0.031988277864,0.1403568,-1.841198282135999,-104.94387345029233,2,True
BTCUSDT,short,06b1e2dfb60664c8b7e951fd13529beeafe7892490c23642702ebc090afee249,BTCUSDT|short|high_volume,1769590860000,1769593080000,2026-01-28T09:01:00+00:00,2026-01-28T09:38:00+00:00,88770.6,89518.1,0.0022,195.29532000000003,39.059064000000006,5,89366.1,89366.1,1.958288112,3.090157427341228,exchange_guard_proxy_touch,False,-1.6445,0.31378811200000006,0.0,0.15623625600000002,-1.9582881120000002,-100.27317152300424,2,True
BTCUSDT,short,e5bcfdc29261506ef6ec3c38bf5b26e9160e461a2a2012e9f762f68bb1657482,BTCUSDT|short|high_volume,1769698560000,1769783880000,2026-01-29T14:56:00+00:00,2026-01-30T14:38:00+00:00,87272.90000000001,83441.8,0.0013000000000000002,113.45477000000002,22.690954000000005,5,88461.3,83300.1,1.923359984000004,9.7153898640064,exchange_guard_proxy_touch,False,4.980430000000008,0.17754328800000005,0.011209536646100002,0.09076381600000002,4.814096248646108,424.3185410931693,2,True
BTCUSDT,short,e8dbb1a3005dd877efcc130ddd0117f47acc9e6c0bd2bea9c1c3fb117cc5223d,BTCUSDT|short|high_volume,1769787060000,1769787600000,2026-01-30T15:31:00+00:00,2026-01-30T15:40:00+00:00,82430.5,83441.8,0.0018000000000000002,148.37490000000003,29.674980000000005,5,83300.1,83300.1,2.0591961120000053,2.235114033647906,exchange_guard_proxy_touch,False,-1.8203400000000054,0.238856112,0.0,0.11869992000000001,-2.0591961120000053,-138.78331928109168,2,True
BTCUSDT,short,42b0598618cfe7262e9d7d35030b76d38cd51d704bd8155ec607342fb6bf4979,BTCUSDT|short|confirmed_volume,1769924460000,1769939940000,2026-02-01T05:41:00+00:00,2026-02-01T09:59:00+00:00,78549.2,79229.5,0.002,157.0984,31.41968,5,79396.90000000001,79095.0,2.218329760000023,1.8812705221956,exchange_guard_proxy_touch,False,-1.3606000000000058,0.25244592000000005,0.005358709136,0.12567872,-1.607687210864006,-102.33631983928582,2,True
BTCUSDT,short,51eca68986523f2e3b4e5efabc389dc5513774e5f8ea6a250bfb735f97a03495,BTCUSDT|short|high_volume,1769942460000,1770035100000,2026-02-01T10:41:00+00:00,2026-02-02T12:25:00+00:00,78228.3,78243.90000000001,0.0019,148.63377,29.726754,5,79095.0,78111.1,2.1416158559999943,10.565080829042094,exchange_guard_proxy_touch,False,-0.02964000000001106,0.23783774400000005,-0.006221893352799999,0.118907016,-0.2736996373528111,-18.414364202214013,2,True
ETHUSDT,short,0891f69dcf979b4ce217a5c7c9bf15ed376d21bca0f12db7aeb02abae1713e5c,ETHUSDT|short|high_volume,1769684760000,1770038520000,2026-01-29T11:06:00+00:00,2026-02-02T13:22:00+00:00,2931.84,2321.44,0.04,117.2736,23.454720000000002,5,2969.01,2317.5,1.877788799999992,9.901060130638076,exchange_guard_proxy_touch,False,24.416000000000004,0.16810496000000005,-0.12089175721199999,0.09381888000000002,24.127003282788003,2057.3260548655453,2,True
ETHUSDT,short,8f23e46968ab80424fe31fae17edab1466327c29b7831f4bf52d1e715ea1a178,ETHUSDT|short|high_volume,1770099060000,1770150660000,2026-02-03T06:11:00+00:00,2026-02-03T20:31:00+00:00,2298.69,2320.31,0.03,68.9607,13.79214,5,2358.61,2316.3700000000003,2.0297714399999953,5.344543681616525,exchange_guard_proxy_touch,False,-0.6485999999999967,0.11085600000000001,-0.004687632287999999,0.055168560000000005,-0.7641436322879968,-110.80856666014074,2,True
BTCUSDT,short,caa47595e74502df1c1ea7c3ceb9ab7c1e49135e3dc31ff0bf82db1920434811,BTCUSDT|short|confirmed_volume,1770096060000,1770176460000,2026-02-03T05:21:00+00:00,2026-02-04T03:41:00+00:00,78127.8,77051.6,0.0017000000000000001,132.81726,26.563452,5,79163.1,76920.8,2.202928680000015,1.883937698891658,exchange_guard_proxy_touch,False,1.8295399999999953,0.21104398400000005,0.0019240310932,0.10625380800000002,1.6204200470931953,122.00372504998185,2,True
BTCUSDT,short,ba8f6ab7f70dd318c2b7a9ce0f7b775eee341550372f4ef933afa537f635cc31,BTCUSDT|short|high_volume,1770183960000,1770357000000,2026-02-04T05:46:00+00:00,2026-02-06T05:50:00+00:00,76097.90000000001,66081.8,0.002,152.19580000000002,30.439160000000005,5,76920.8,65969.6,2.1524391999999946,2.010587202396323,exchange_guard_proxy_touch,False,20.032200000000014,0.22748752000000003,0.008724930916,0.12175664000000003,19.813437410916013,1301.8386454104523,2,True
ETHUSDT,short,c4de6c6698fbcd966fbff741664deab498c7d964326a4a6b75ae43c4d3e5b72b,ETHUSDT|short|high_volume,1770159060000,1770357000000,2026-02-03T22:51:00+00:00,2026-02-06T05:50:00+00:00,2233.78,1950.83,0.02,44.6756,8.935120000000001,5,2316.3700000000003,1947.51,1.8034654399999948,2.5450195466220458,exchange_guard_proxy_touch,False,5.659000000000005,0.06695376000000001,-0.030918610154000003,0.035740480000000005,5.5611276298460055,1244.779617922536,2,True
BTCUSDT,short,22d66269f3ea870175d5acf50383540f75ba7b34871fed04eab39a32cba410cd,BTCUSDT|short|confirmed_volume,1770361560000,1770370500000,2026-02-06T07:06:00+00:00,2026-02-06T09:35:00+00:00,64784.5,66081.8,0.0017000000000000001,110.13365,22.02673,5,65969.6,65969.6,2.3833881680000055,1.9004829092056517,exchange_guard_proxy_touch,False,-2.205410000000005,0.17797816800000002,-0.030162613990400003,0.08810692000000002,-2.413550781990405,-219.14744331005147,2,True
ETHUSDT,short,947d0e762bab39c7f8443690ec3cc120d9185c81467f86facb2325b1448203a3,ETHUSDT|short|high_volume,1770361560000,1770384000000,2026-02-06T07:06:00+00:00,2026-02-06T13:20:00+00:00,1898.8600000000001,1950.83,0.04,75.9544,15.190880000000002,5,1947.51,1947.51,2.201990079999992,2.020924577822521,exchange_guard_proxy_touch,False,-2.078799999999992,0.12319008000000001,-0.01280152824,0.06076352000000001,-2.214791608239992,-291.594905395868,2,True
ETHUSDT,short,83c7829f9fe79854978bcd250e81484dce14f8c43d2d91c6fb612aaf10018e51,ETHUSDT|short|high_volume,1770445260000,1770480300000,2026-02-07T06:21:00+00:00,2026-02-07T16:05:00+00:00,2071.35,2079.15,0.1,207.135,41.427,5,2087.71,2075.6200000000003,2.324008800000031,2.875198356567121,exchange_guard_proxy_touch,False,-0.7800000000000182,0.33204000000000006,0.0026146887,0.16570800000000002,-1.1094253113000183,-53.56049490911813,2,True
BTCUSDT,short,ef0a031ed0acfbbb8df7b22094e5a54a50e4571d9142f8d0828867627340c76d,BTCUSDT|short|high_volume,1770447660000,1770537480000,2026-02-07T07:01:00+00:00,2026-02-08T07:58:00+00:00,68824.5,69784.6,0.0008,55.0596,11.01192,5,71690.1,69666.1,2.48000736,10.445506749602671,exchange_guard_proxy_touch,False,-0.7680800000000046,0.088709824,-0.0160511806496,0.044047680000000006,-0.8728410046496047,-158.5265793157968,2,True
ETHUSDT,short,4db2bebb942c19417e8198ccc165577794bbd6dfb5c289d9f60f695aba927e67,ETHUSDT|short|confirmed_volume,1770505560000,1770539280000,2026-02-07T23:06:00+00:00,2026-02-08T08:28:00+00:00,2081.61,2109.6,0.05,104.08050000000001,20.816100000000002,5,2116.8,2106.01,2.1075803999999985,1.8817559245024897,exchange_guard_proxy_touch,False,-1.399499999999989,0.16764840000000003,-0.003566795489999999,0.08326440000000002,-1.5707151954899892,-150.91349440961457,2,True
ETHUSDT,short,42a0b974b4c020587f3511f59d59f12e1217defe6fe96e310358412f906e5dc4,ETHUSDT|short|high_volume,1770546360000,1770548700000,2026-02-08T10:26:00+00:00,2026-02-08T11:05:00+00:00,2082.29,2109.6,0.07,145.7603,29.15206,5,2106.01,2106.01,2.146445839999996,6.309267844652544,exchange_guard_proxy_touch,False,-1.9116999999999964,0.23474584,0.0,0.11660824000000002,-2.1464458399999966,-147.25860470923817,2,True
ETHUSDT,short,9ecb9ab581783015fe9cb2d7f631cb52d97c3321968655348aa58c906685c083,ETHUSDT|short|high_volume,1770601560000,1770655560000,2026-02-09T01:46:00+00:00,2026-02-09T16:46:00+00:00,2058.9700000000003,2106.01,0.03,61.76910000000001,12.353820000000002,5,2125.01,2102.4300000000003,2.1903023999999958,6.948073333853352,exchange_guard_proxy_touch,False,-1.411199999999999,0.09995952000000002,-0.006438922091999999,0.049415280000000006,-1.517598442091999,-245.6889354211084,2,True
BTCUSDT,short,8b282eeb909962aa731d3b309d8d73b1576568e283c15509882587c90c58e91a,BTCUSDT|short|high_volume,1770593160000,1770732960000,2026-02-08T23:26:00+00:00,2026-02-10T14:16:00+00:00,70506.40000000001,69494.40000000001,0.0019,133.96216,26.792432,5,71480.1,69376.40000000001,2.297074311999978,20.011392242656978,exchange_guard_proxy_touch,False,1.9228,0.21280121600000004,-0.0531426209386,0.10716972800000002,1.6568561630614,123.68090832974026,2,True
ETHUSDT,short,13322721f3ff645197ddf0daf41c50fed7f07eead9aa1280747a8015c8b12103,ETHUSDT|short|high_volume,1770702360000,1770732960000,2026-02-10T05:46:00+00:00,2026-02-10T14:16:00+00:00,2053.08,2032.46,0.03,61.5924,12.31848,5,2123.71,2029.01,2.32782984,2.8237405048222395,exchange_guard_proxy_touch,False,0.6185999999999967,0.09805296000000001,-0.01830730356,0.04927392,0.5022397364399968,81.54248518323637,2,True
BTCUSDT,short,8623d0a82a4f063cce51b679dcb7c0ea95729658db7f38e39dc3ca99079e2bf1,BTCUSDT|short|high_volume,1770734760000,1770737760000,2026-02-10T14:46:00+00:00,2026-02-10T15:36:00+00:00,67914.3,69494.40000000001,0.0014,95.08002,19.016004000000002,5,69376.40000000001,69376.40000000001,2.366037744000008,9.948541887416853,exchange_guard_proxy_touch,False,-2.212140000000008,0.153897744,0.0,0.07606401600000001,-2.366037744000008,-248.84699687694723,2,True
ETHUSDT,short,4bc05a52a36cf7af4731a62be2d6c8609d1bbb4d8dabca7ec04b5dc17c4f4d46,ETHUSDT|short|high_volume,1770790560000,1770877500000,2026-02-11T06:16:00+00:00,2026-02-12T06:25:00+00:00,1946.38,1980.38,0.02,38.927600000000005,7.785520000000001,5,2031.01,1977.01,1.8254935999999984,11.17048709716781,exchange_guard_proxy_touch,False,-0.68,0.06282816000000001,-0.021596809548,0.031142080000000006,-0.7644249695480001,-196.37094748918506,2,True
ETHUSDT,short,2897df5dbba8e46d3c1f070125e36fa36753fc75b7c26cd6df6d56a929811dc5,ETHUSDT|short|high_volume,1770884460000,1770888780000,2026-02-12T08:21:00+00:00,2026-02-12T09:33:00+00:00,1958.31,1980.38,0.09,176.2479,35.249579999999995,5,1977.01,1977.01,2.2698856800000144,2.5815085793117762,exchange_guard_proxy_touch,False,-1.9863000000000146,0.28358568,0.0,0.14099832,-2.2698856800000144,-128.78937451169713,2,True
BTCUSDT,short,658b84922fd2113169598a9ccb096074fe15ca23edfad9227666530b4a6e9992,BTCUSDT|short|high_volume,1770783960000,1770894120000,2026-02-11T04:26:00+00:00,2026-02-12T11:02:00+00:00,67720.7,68136.8,0.0013000000000000002,88.03691,17.607382,5,69262.8,68021.1,2.3004553520000117,5.531782956182698,exchange_guard_proxy_touch,False,-0.5409300000000077,0.14129180000000002,-0.016035077581900002,0.070429528,-0.6982568775819078,-79.31410559297318,2,True
BTCUSDT,short,9b1bc2974f09811ceba8f4357823aae8191c9c4f279175c8d8362368b0842f55,BTCUSDT|short|high_volume,1770908760000,1770973800000,2026-02-12T15:06:00+00:00,2026-02-13T09:10:00+00:00,67108.3,66892.2,0.002,134.2166,26.84332,5,68021.1,66778.6,2.2733921599999998,2.5268460434610573,exchange_guard_proxy_touch,False,0.43220000000001163,0.2144008,0.004038565592000001,0.10737328000000002,0.22183776559201163,16.528340428234035,2,True
BTCUSDT,short,ade3598dada4785e71235605a7364f88313de4679453ae54e1ff0fc745027377,BTCUSDT|short|high_volume,1771044960000,1771055040000,2026-02-14T04:56:00+00:00,2026-02-14T07:44:00+00:00,68654.7,69235.8,0.0034000000000000002,233.42598,46.685196000000005,5,69118.20000000001,69118.20000000001,2.35080216000002,2.033525308945678,exchange_guard_proxy_touch,False,-1.97574000000002,0.3750621600000001,0.0,0.18674078400000002,-2.35080216000002,-100.70867690048982,2,True
ETHUSDT,short,cd8a0f44ac25c043e811bb3373f92f368f5596e2fad70b053cd007c6ab479b8d,ETHUSDT|short|confirmed_volume,1771220460000,1771232520000,2026-02-16T05:41:00+00:00,2026-02-16T09:02:00+00:00,1951.24,1984.02,0.06,117.0744,23.41488,5,1980.65,1980.65,2.155692479999998,1.7280867456360587,exchange_guard_proxy_touch,False,-1.9667999999999983,0.18889248,-0.014007553199999998,0.09365952000000001,-2.169700033199998,-185.32659857321482,2,True
BTCUSDT,short,cc9a3f2db6e5715fb0db874547ceea013bf81a6f79266891129b2171a1ba72a5,BTCUSDT|short|confirmed_volume,1771205760000,1771232640000,2026-02-16T01:36:00+00:00,2026-02-16T09:04:00+00:00,68402.1,68987.0,0.0026000000000000003,177.84546000000003,35.569092000000005,5,69049.3,68869.90000000001,2.2741031039999773,1.6171420958487943,exchange_guard_proxy_touch,False,-1.520739999999985,0.28576932800000004,-0.011681620210000002,0.14227636800000004,-1.8181909482099852,-102.234318953657,2,True
BTCUSDT,short,75649cfa9a8299529f6e13d95cbcdced0aa83c908b9e13c5e04055fdf5cdef68,BTCUSDT|short|high_volume,1771240560000,1771242900000,2026-02-16T11:16:00+00:00,2026-02-16T11:55:00+00:00,68373.3,68987.0,0.0031000000000000003,211.95723000000004,42.39144600000001,5,68869.90000000001,68869.90000000001,2.243123543999991,6.03252467037296,exchange_guard_proxy_touch,False,-1.9024699999999912,0.34065354400000003,0.0,0.16956578400000002,-2.2431235439999915,-105.82906485426287,2,True
ETHUSDT,short,6aba6988aacbc854c7a32d9c31b4e7923c06058ea3ab8ecf211507c59f3c58a6,ETHUSDT|short|high_volume,1771240260000,1771244760000,2026-02-16T11:11:00+00:00,2026-02-16T12:26:00+00:00,1964.08,1984.02,0.09,176.76719999999997,35.35343999999999,5,1980.65,1980.65,2.078863200000005,3.702242665795671,exchange_guard_proxy_touch,False,-1.7946000000000049,0.2842632,0.0,0.14141376,-2.0788632000000047,-117.60457822491985,2,True
ETHUSDT,short,da72147f49ea876a59f4f39ac92bfe8cf408eabc5771f8bfb4205cbd14041dd7,ETHUSDT|short|high_volume,1771339560000,1771344120000,2026-02-17T14:46:00+00:00,2026-02-17T16:02:00+00:00,1946.53,1993.32,0.04,77.8612,15.572239999999999,5,1989.93,1989.93,1.9976751999999984,8.38485402875284,exchange_guard_proxy_touch,False,-1.8715999999999986,0.1260752,-0.007450272096000001,0.06228896000000001,-2.005125472095999,-257.52563177757327,2,True
ETHUSDT,short,473ae54a03732764f74e10e96c34c017ded1e70a73a0dd43c57b017fbe8ad9d6,ETHUSDT|short|high_volume,1771376760000,1771396020000,2026-02-18T01:06:00+00:00,2026-02-18T06:27:00+00:00,1972.93,2006.67,0.06,118.3758,23.675159999999998,5,2003.26,2003.26,2.2154208000000004,6.676723287989341,exchange_guard_proxy_touch,False,-2.0244000000000004,0.19102080000000002,0.0,0.09470064,-2.2154208000000004,-187.15149549147716,2,True
BTCUSDT,short,dbde67bf3192e2ccfa2b97d4a1a0b23c35d2c69448dd2884c71b975bacd7e9e0,BTCUSDT|short|high_volume,1771305660000,1771402260000,2026-02-17T05:21:00+00:00,2026-02-18T08:11:00+00:00,68024.5,68336.2,0.0015,102.03675,20.40735,5,69228.70000000001,68220.20000000001,2.147695080000013,3.395781506244481,exchange_guard_proxy_touch,False,-0.46754999999999564,0.16363284000000003,0.0108357324525,0.0816294,-0.6203471075474957,-60.796439277759795,2,True
BTCUSDT,short,2df1e8be0f83a3b686a694ce98e57458a8239440e297ff9f32a87ae5e73df43c,BTCUSDT|short|high_volume,1771410960000,1771429200000,2026-02-18T10:36:00+00:00,2026-02-18T15:40:00+00:00,67764.90000000001,68336.2,0.0032,216.84768000000003,43.369536000000004,5,68220.20000000001,68220.20000000001,2.176578815999963,2.218015322191741,exchange_guard_proxy_touch,False,-1.828159999999963,0.348418816,0.0,0.17347814400000003,-2.176578815999963,-100.37362705471243,2,True
ETHUSDT,short,7035b9b74e65b2fb78f9b7036c0a79f2702d5761c8f39c6c36cb9b67ea1803fa,ETHUSDT|short|high_volume,1771438860000,1771473720000,2026-02-18T18:21:00+00:00,2026-02-19T04:02:00+00:00,1961.31,1976.94,0.03,58.839299999999994,11.767859999999999,5,2009.81,1973.58,1.652988960000002,3.8917920479908767,exchange_guard_proxy_touch,False,-0.46890000000000326,0.094518,-0.012386595581999999,0.04707144,-0.5758045955820033,-97.8605448368698,2,True
BTCUSDT,short,7918221585ffd8008a995ec552d8365d15a690fde7ca02aeec2993d8f9fceb15,BTCUSDT|short|high_volume,1771438860000,1771546440000,2026-02-18T18:21:00+00:00,2026-02-20T00:14:00+00:00,66698.90000000001,67288.3,0.0011,73.36879000000002,14.673758000000003,5,68336.1,67174.1,2.0476730559999936,2.828054382023024,exchange_guard_proxy_touch,False,-0.6483399999999936,0.11790873600000003,-0.0043841382299,0.058695032000000015,-0.7706328742298937,-105.03551635918944,2,True
ETHUSDT,short,beb7bac4ec2480e3aab22d5aff7546ece9b2fc8048a3bc800cc5f636afa64e4d,ETHUSDT|short|high_volume,1771494660000,1771546440000,2026-02-19T09:51:00+00:00,2026-02-20T00:14:00+00:00,1960.77,1956.3400000000001,0.11,215.6847,43.136939999999996,5,1973.58,1953.01,2.125218480000008,2.9835055192047744,exchange_guard_proxy_touch,False,0.48729999999998197,0.34470568,-0.05318576604,0.17254776,0.08940855395998196,4.145335944551559,2,True
BTCUSDT,short,5d33051cedc4fd367e08daa148f867e804c47417786d067d2c474cab289df4a2,BTCUSDT|short|high_volume,1771719960000,1771741620000,2026-02-22T00:26:00+00:00,2026-02-22T06:27:00+00:00,67674.0,68314.6,0.0018000000000000002,121.81320000000001,24.362640000000003,5,68632.6,68198.6,2.131989552000005,3.583975716539607,exchange_guard_proxy_touch,False,-1.1530800000000105,0.19582358400000005,0.0,0.09745056000000002,-1.3489035840000105,-110.73541980672131,2,True
ETHUSDT,short,64cc532ea4faf7a7db82fd2b90c3be5894d76536f94b2b4e7128d95a78d422bb,ETHUSDT|short|high_volume,1771719960000,1771755720000,2026-02-22T00:26:00+00:00,2026-02-22T10:22:00+00:00,1964.22,1981.97,0.05,98.21100000000001,19.642200000000003,5,1994.6,1978.6,1.8474887999999987,4.802891731772788,exchange_guard_proxy_touch,False,-0.8875000000000001,0.1578476,0.0015642079200000002,0.07856880000000001,-1.0437833920800001,-106.27968273207685,2,True
ETHUSDT,short,ed9ff7e71bf0d5e5aabe330d409d1bb487f2e857fe8e86cf62a2200b89e9be78,ETHUSDT|short|high_volume,1771767660000,1771854120000,2026-02-22T13:41:00+00:00,2026-02-23T13:42:00+00:00,1944.3700000000001,1931.02,0.05,97.2185,19.4437,5,1978.6,1927.74,2.0370535999999957,7.975413270711661,exchange_guard_proxy_touch,False,0.6675000000000069,0.15501560000000003,-0.08391333837,0.07777480000000002,0.4285710616300068,44.08328267048008,2,True
BTCUSDT,short,319145bd7bdc25f8d9e5ae7beefa0d8e4924f4ed5decffa41a68ad9c80695365,BTCUSDT|short|high_volume,1771808460000,1771944120000,2026-02-23T01:01:00+00:00,2026-02-24T14:42:00+00:00,66423.5,63540.4,0.0014,92.9929,18.598580000000002,5,67728.1,63432.5,2.1380988160000043,6.559989406808584,exchange_guard_proxy_touch,False,4.036339999999998,0.145559568,-0.0120745382142,0.07439432,3.8787058937857983,417.09699275813506,2,True
ETHUSDT,short,3a53c63670024054e3f5e796dfdfc812275df892ecf6dcec84f2285977c05c38,ETHUSDT|short|confirmed_volume,1771856760000,1771944480000,2026-02-23T14:26:00+00:00,2026-02-24T14:48:00+00:00,1911.8,1838.69,0.09,172.06199999999998,34.4124,5,1927.74,1835.56,2.006483040000002,1.8644899517693378,exchange_guard_proxy_touch,False,6.5798999999999905,0.27003528,-0.007423154855999998,0.1376496,6.30244156514399,366.2889868270734,2,True
ETHUSDT,short,1610dddd2d8a247596a346348c94ec281e0c6557954e894ff559054174eb2669,ETHUSDT|short|high_volume,1772093460000,1772164560000,2026-02-26T08:11:00+00:00,2026-02-27T03:56:00+00:00,2043.7,2046.0900000000001,0.04,81.748,16.349600000000002,5,2083.1000000000004,2042.61,1.850171200000002,3.291181089544731,exchange_guard_proxy_touch,False,-0.095600000000004,0.13087328,0.004318416232,0.06539840000000001,-0.222154863768004,-27.175571728727796,2,True
BTCUSDT,short,83d3d9e9a4553b9823fab4b0ca05e7cbb532f256ef31e8c4e7c14681f85fe5bd,BTCUSDT|short|high_volume,1772114460000,1772164620000,2026-02-26T14:01:00+00:00,2026-02-27T03:57:00+00:00,67689.0,67733.2,0.0018000000000000002,121.84020000000001,24.36804,5,68689.8,67618.20000000001,2.208233664000011,2.1826184387303598,exchange_guard_proxy_touch,False,-0.07955999999999477,0.19500796800000006,0.0024516457002,0.09747216000000002,-0.2721163222997948,-22.333870290741054,2,True
ETHUSDT,short,f99b9ed8d3ae3ae4ad4e0605a89044d33b0d73586c0f4cd5dd078943e02a7592,ETHUSDT|short|high_volume,1772173260000,1772179800000,2026-02-27T06:21:00+00:00,2026-02-27T08:10:00+00:00,2029.06,2046.0900000000001,0.11,223.1966,44.63932,5,2042.61,2042.61,2.231913200000022,2.256416298859516,exchange_guard_proxy_touch,False,-1.873300000000022,0.3586132,0.000746387796,0.17855728,-2.231166812204022,-99.96419354972352,2,True
ETHUSDT,short,b42fe711cc81a61cf71eebe361c9221ed4e38231a41bb9e606c5aff90a789823,ETHUSDT|short|high_volume,1772191260000,1772237460000,2026-02-27T11:21:00+00:00,2026-02-28T00:11:00+00:00,1967.5900000000001,1936.15,0.02,39.351800000000004,7.870360000000001,5,2045.6,1932.86,1.6940667199999957,3.980616487801538,exchange_guard_proxy_touch,False,0.6288000000000011,0.06245984000000001,-0.015384755024,0.031481440000000006,0.550955404976001,140.00767562754461,2,True
BTCUSDT,short,5f8fb237477d5abb6b0dba614667e235975d37d62a2747a20cec4c56ee6242f1,BTCUSDT|short|high_volume,1772196660000,1772301480000,2026-02-27T12:51:00+00:00,2026-02-28T17:58:00+00:00,65610.2,65447.0,0.0008,52.48816,10.497632,5,68127.90000000001,65335.9,2.1925465600000047,2.3377667648333604,exchange_guard_proxy_touch,False,0.13055999999999768,0.083876608,-0.0068323518768,0.041990528,0.03985104012319767,7.592386573123857,2,True
ETHUSDT,short,5b2f96e298a28b3327d2211e39a91f56ec04f4737554a9a1f36236d723bcd5f7,ETHUSDT|short|high_volume,1772242560000,1772303460000,2026-02-28T01:36:00+00:00,2026-02-28T18:31:00+00:00,1921.33,1918.26,0.12,230.5596,46.11192,5,1932.86,1915.0,2.1487180800000196,2.8557866464038213,exchange_guard_proxy_touch,False,0.36839999999999234,0.36860064000000003,-0.07506315345600001,0.18444768,-0.0752637934560077,-3.2643964274750523,2,True
ETHUSDT,short,40ee68876e622d329df2a14a7a29c84547d682965b79ef4e757fabe9fbf2b465,ETHUSDT|short|high_volume,1772394360000,1772413680000,2026-03-01T19:46:00+00:00,2026-03-02T01:08:00+00:00,1949.01,1978.27,0.02,38.9802,7.7960400000000005,5,2027.78,1974.91,1.7080838400000005,2.346407388214287,exchange_guard_proxy_touch,False,-0.5851999999999998,0.06283648,-0.005909567272000001,0.031184160000000002,-0.6539460472719998,-167.76364597205756,2,True
BTCUSDT,short,d7e653ef68c2eb1a4496df2b69885d62baf5384a7588ff929a656f90bd7fe0fc,BTCUSDT|short|high_volume,1772383860000,1772413860000,2026-03-01T16:51:00+00:00,2026-03-02T01:11:00+00:00,65791.8,67001.90000000001,0.0012000000000000001,78.95016000000001,15.790032000000002,5,67333.1,66888.1,2.1148698240000035,13.925527240227899,exchange_guard_proxy_touch,False,-1.4521200000000072,0.12748195200000004,-0.0004718212824,0.06316012800000001,-1.5800737732824073,-200.1356011542481,2,True
ETHUSDT,short,7edab48531d2a579ea6dfc1033bb0a249808796aa99fd8f6c7ca67be9341f953,ETHUSDT|short|high_volume,1772417760000,1772421600000,2026-03-02T02:16:00+00:00,2026-03-02T03:20:00+00:00,1944.01,1978.27,0.05,97.2005,19.4401,5,1974.91,1974.91,1.8698911999999996,2.3610815627546917,exchange_guard_proxy_touch,False,-1.7129999999999996,0.1568912,0.0,0.07776040000000001,-1.8698911999999996,-192.37464827855817,2,True
ETHUSDT,short,153c05aa2674e965b0dd942a353165c3782c747b95487ea7b2df16df01f233e2,ETHUSDT|short|high_volume,1772449860000,1772462760000,2026-03-02T11:11:00+00:00,2026-03-02T14:46:00+00:00,1934.25,1970.29,0.03,58.027499999999996,11.6055,5,1984.46,1966.94,1.7018301600000043,3.7517896510811735,exchange_guard_proxy_touch,False,-1.0811999999999988,0.09370896000000001,0.0,0.046422000000000005,-1.174908959999999,-202.47450949980595,2,True
BTCUSDT,short,ece723859b3e3fa7ee0c80c793cc071031e6580ee6e7598d7460d6ab3b0c30e6,BTCUSDT|short|confirmed_volume,1772457060000,1772462820000,2026-03-02T13:11:00+00:00,2026-03-02T14:47:00+00:00,65806.40000000001,66821.1,0.0019,125.03216000000002,25.006432000000004,5,66707.6,66707.6,2.1295237999999945,1.7410702525913602,exchange_guard_proxy_touch,False,-1.9279299999999944,0.20159380000000002,0.0,0.10002572800000002,-2.1295237999999945,-170.31808456320312,2,True
BTCUSDT,short,aacfa60c707bf795de0bd65ced6e1ea649888957d3ef8730ceb8b969f4b0c35c,BTCUSDT|short|high_volume,1772513160000,1772553900000,2026-03-03T04:46:00+00:00,2026-03-03T16:05:00+00:00,68058.2,68115.8,0.0013000000000000002,88.47566,17.695132,5,69500.1,68000.1,2.1713135600000077,2.0631183134346878,exchange_guard_proxy_touch,False,-0.07488000000000758,0.14162096000000002,0.0025761734167,0.07078052800000001,-0.2139247865833076,-24.178942161415645,2,True
ETHUSDT,short,fc85ad5501835342c05d42eb4dfed75277c33f9967b7b07e1feffc9867f53add,ETHUSDT|short|confirmed_volume,1772493960000,1772554140000,2026-03-02T23:26:00+00:00,2026-03-03T16:09:00+00:00,2035.8500000000001,1992.5800000000002,0.08,162.86800000000002,32.573600000000006,5,2054.6800000000003,1989.19,2.0484179199999764,1.7073844847990318,exchange_guard_proxy_touch,False,3.4615999999999985,0.25781952,-0.030990010336000004,0.1302944,3.1727904696639984,194.8074802701573,2,True
ETHUSDT,short,e1ccf8de5965ea50b3107f1bad20fb700caf11ff471d5b7db459d3592ad5dbfc,ETHUSDT|short|high_volume,1772595060000,1772610420000,2026-03-04T03:31:00+00:00,2026-03-04T07:47:00+00:00,1958.79,2004.4,0.04,78.3516,15.67032,5,2000.99,2000.99,1.951222080000005,4.96464216604544,exchange_guard_proxy_touch,False,-1.8244000000000051,0.12682208,0.0,0.06268128,-1.951222080000005,-249.0341077910349,2,True
ETHUSDT,short,5eaecf87cd1997adb529965ef38914867cf618798be5a1e6594763cc93783aa6,ETHUSDT|short|high_volume,1772760660000,1772853180000,2026-03-06T01:31:00+00:00,2026-03-07T03:13:00+00:00,2066.48,1992.3,0.05,103.32400000000001,20.664800000000003,5,2099.3100000000004,1988.91,1.9867744000000045,7.20646536858157,exchange_guard_proxy_touch,False,3.709000000000003,0.16235120000000003,-0.03432286563,0.0826592,3.5123259343700033,339.9332134228256,2,True
ETHUSDT,short,ca7e7bea987743151a539a5a4000763fa6c95b0a6d861cb832af8c183b17936b,ETHUSDT|short|high_volume,1772856360000,1772881920000,2026-03-07T04:06:00+00:00,2026-03-07T11:12:00+00:00,1965.3600000000001,1992.3,0.07,137.57520000000002,27.515040000000006,5,1988.91,1988.91,2.107428959999988,10.427796290038398,exchange_guard_proxy_touch,False,-1.8857999999999882,0.22162896,-0.0025419476320000006,0.11006016000000002,-2.109970907631988,-153.3685509911661,2,True
ETHUSDT,short,6a3708dd82d21d95a420697d3b4048dcb08e32fbf95e765c31e5817dc3464d4a,ETHUSDT|short|high_volume,1772892660000,1772965380000,2026-03-07T14:11:00+00:00,2026-03-08T10:23:00+00:00,1969.41,1979.7,0.07,137.85870000000003,27.571740000000005,5,1993.84,1976.34,2.169531839999996,2.9115175384255787,exchange_guard_proxy_touch,False,-0.7202999999999975,0.22115016000000004,-0.043403909738000006,0.11028696000000002,-0.9848540697379976,-71.43938465530267,2,True
ETHUSDT,short,bf7b79672db054d50a5773004ac54cc083e015e9eab49ad839e9254545434470,ETHUSDT|short|high_volume,1772968260000,1773025320000,2026-03-08T11:11:00+00:00,2026-03-09T03:02:00+00:00,1952.68,1969.5900000000001,0.07,136.6876,27.33752,5,1976.34,1966.24,2.111613279999999,7.830515983024004,exchange_guard_proxy_touch,False,-1.1837000000000057,0.21964712000000006,-0.08155625564800001,0.10935008000000003,-1.484903375648006,-108.6348268349145,2,True
ETHUSDT,short,e748a40fa84eace4be921b8938d708289ab01c399a5b4f66f2187c7944769069,ETHUSDT|short|high_volume,1773207960000,1773235200000,2026-03-11T05:46:00+00:00,2026-03-11T13:20:00+00:00,2011.88,2044.48,0.06,120.7128,24.14256,5,2041.01,2041.01,2.1507052799999946,7.213030063196251,exchange_guard_proxy_touch,False,-1.9559999999999944,0.19470528,-0.000178629192,0.09657024000000002,-2.1508839091919945,-178.18192513072304,2,True
ETHUSDT,short,a41d31feb4f3e97b5f9047c844ae2d9718ae697ce943cd325862036724a61914,ETHUSDT|short|high_volume,1773282060000,1773324900000,2026-03-12T02:21:00+00:00,2026-03-12T14:15:00+00:00,2032.8500000000001,2087.41,0.03,60.9855,12.1971,5,2083.86,2083.86,1.7356862399999915,2.613468012424311,exchange_guard_proxy_touch,False,-1.6367999999999914,0.09888624000000001,-0.008335519752,0.0487884,-1.7440217597519914,-285.9731837489225,2,True
ETHUSDT,short,d97ddec5fa74ed4d44a5d4a210d1a06f03409790197c605be1399cf0da10f40d,ETHUSDT|short|high_volume,1773326160000,1773356640000,2026-03-12T14:36:00+00:00,2026-03-12T23:04:00+00:00,2048.33,2076.28,0.04,81.9332,16.38664,5,2083.86,2072.75,1.695543679999997,2.5417360689075172,exchange_guard_proxy_touch,False,-1.118000000000011,0.13198752000000002,-0.002507210456,0.06554656,-1.252494730456011,-152.8677911342424,2,True
ETHUSDT,short,db0801e0e76e6b2c2f405607f607f6609bcb906990d3bf6f294f3d81c28d7923,ETHUSDT|short|high_volume,1773449160000,1773520860000,2026-03-14T00:46:00+00:00,2026-03-14T20:41:00+00:00,2080.05,2083.1,0.04,83.20200000000001,16.640400000000003,5,2116.4,2079.5600000000004,1.7324015999999927,2.5041133035660916,exchange_guard_proxy_touch,False,-0.12199999999998909,0.1332208,-0.010732925680000002,0.06656160000000001,-0.2659537256799891,-31.9648236436611,2,True
BTCUSDT,long,203566b72430bd091ef2fbbac16ac69af825f3ccdb9e4d0a59cfe084128f295a,BTCUSDT|long|high_volume,1777437360000,1777469040000,2026-04-29T04:36:00+00:00,2026-04-29T13:24:00+00:00,77264.1,76787.6,0.0015,115.89615,23.17923,5,76138.59999999999,76918.4,2.0664278400000002,3.362700156563926,exchange_guard_proxy_touch,False,-0.71475,0.18486204000000003,0.00328036188,0.09271692000000002,-0.89633167812,-77.33921084695221,2,True
BTCUSDT,long,8a2fcbb3ecd89a4a53bd9c26e94c0b0e8ce5f08f318aafb2029fd928481b49eb,BTCUSDT|long|high_volume,1777551960000,1777666860000,2026-04-30T12:26:00+00:00,2026-05-01T20:21:00+00:00,76436.8,77948.6,0.0014,107.01152,21.402304,5,75273.4,78081.4,1.9777320639999918,5.022891466216403,exchange_guard_proxy_touch,False,2.116520000000004,0.17291164800000003,0.0125120797424,0.085609216,1.9561204317424041,182.7953132281837,2,True
BTCUSDT,long,e3ff473cb6104ae43c5fd1eae04dcd872ffde589d732fe70611cd26e311dde9b,BTCUSDT|long|high_volume,1777727160000,1777770120000,2026-05-02T13:06:00+00:00,2026-05-03T01:02:00+00:00,78421.3,78143.8,0.003,235.2639,47.05278,5,77979.2,78276.9,2.099142959999991,3.1851763635969945,exchange_guard_proxy_touch,False,-0.8325,0.37575624,-0.004829019959999999,0.18821112000000004,-1.2130852599600002,-51.562745493890056,2,True
BTCUSDT,long,7455939e7ed0c4be609a838998116b3c92be723a48ca85ee927a267f6ef26403,BTCUSDT|long|high_volume,1777839960000,1777851900000,2026-05-03T20:26:00+00:00,2026-05-03T23:45:00+00:00,78997.1,78380.6,0.0028,221.19188000000003,44.238376,5,78514.09999999999,78514.09999999999,2.078726048,16.631085917146212,exchange_guard_proxy_touch,False,-1.7262,0.35252604800000004,0.0,0.176953504,-2.078726048,-93.978406802275,2,True
BTCUSDT,long,c45feffae8542eea7afc61afcf05adf886b97f24fb828e5928673ee5b293a020,BTCUSDT|long|high_volume,1777860060000,1777888980000,2026-05-04T02:01:00+00:00,2026-05-04T10:03:00+00:00,79916.0,79304.8,0.0012000000000000001,95.89920000000001,19.179840000000002,5,78514.09999999999,79439.9,1.994444735999993,26.76305642950646,exchange_guard_proxy_touch,False,-0.7334399999999965,0.152851968,0.0001510418064,0.07671936000000001,-0.8861409261935965,-92.4033700170175,2,True
BTCUSDT,long,924e01872fe6e7064b2d2d67fa6615360b90662111de5b7d004f78f771cbb9bf,BTCUSDT|long|high_volume,1777929960000,1777936740000,2026-05-04T21:26:00+00:00,2026-05-04T23:19:00+00:00,80366.5,79710.6,0.0009000000000000001,72.32985000000001,14.465970000000002,5,78449.9,79846.4,1.9592517600000001,3.5249397036066306,exchange_guard_proxy_touch,False,-0.5903099999999948,0.11525551200000003,0.0,0.057863880000000006,-0.7055655119999948,-97.5483167737794,2,True
BTCUSDT,long,11328748e76f948259cedc4540c9e70f3ea45213e4a628e58276b64fdbc3a134,BTCUSDT|long|high_volume,1777984260000,1778108580000,2026-05-05T12:31:00+00:00,2026-05-06T23:03:00+00:00,81329.1,80999.70000000001,0.0018000000000000002,146.39238000000003,29.278476000000005,5,80480.5,81137.7,2.0067086880000002,4.0459387367558906,exchange_guard_proxy_touch,False,-0.5929199999999896,0.23375347200000005,0.039932958727800005,0.11711390400000002,-0.7867405132721896,-53.74190331984421,2,True
BTCUSDT,long,1b90897d99bd03804d0102ee625c8c1e984f136968ee8a0a4b6ccff011cb9295,BTCUSDT|long|high_volume,1778250060000,1778445900000,2026-05-08T14:21:00+00:00,2026-05-10T20:45:00+00:00,80451.20000000001,80504.3,0.0013000000000000002,104.58656000000003,20.917312000000006,5,79207.9,80641.4,1.957305376,3.6413197367414094,exchange_guard_proxy_touch,False,0.06902999999998866,0.16739372000000002,-0.0279965061064,0.08366924800000002,-0.12636022610641137,-12.081879938149925,2,True
BTCUSDT,long,c709d25e2e96c3ca29c8b25014d518dec171554c2bffa2e512adf5768a283ec7,BTCUSDT|long|high_volume,1778451360000,1778469240000,2026-05-10T22:16:00+00:00,2026-05-11T03:14:00+00:00,81373.20000000001,80504.3,0.002,162.74640000000002,32.54928,5,80641.4,80641.4,1.9968040000000173,2.565280182471372,exchange_guard_proxy_touch,False,-1.7378000000000176,0.259004,-0.019058652183999998,0.13019712000000003,-2.0158626521840177,-123.8652684289187,2,True
BTCUSDT,long,237d97d100e9895886b84a97958216fc82e283c4cb806b30185ea2195d4e977a,BTCUSDT|long|high_volume,1778481060000,1778509860000,2026-05-11T06:31:00+00:00,2026-05-11T14:31:00+00:00,81101.3,80442.90000000001,0.0022,178.42286000000001,35.684572,5,80470.0,80579.9,1.973944719999981,2.1244177241331834,exchange_guard_proxy_touch,False,-1.4484799999999873,0.28431779200000007,-0.0092046772224,0.14273828800000002,-1.7420024692223874,-97.63336767622644,2,True
BTCUSDT,long,4c3725231e9520853d48853653aecda628740a319de91ba766ce8ead9fda4218,BTCUSDT|long|high_volume,1778513460000,1778569320000,2026-05-11T15:31:00+00:00,2026-05-12T07:02:00+00:00,81471.1,80826.6,0.0017000000000000001,138.50087000000002,27.700174000000004,5,80579.9,80964.29999999999,1.968143039999995,3.634546470082364,exchange_guard_proxy_touch,False,-1.09565,0.22072487200000004,-0.0124472228175,0.11080069600000003,-1.3288220948175002,-95.94323088493957,2,True
BTCUSDT,long,10b4c20e5cff7d4d231be8709fe7a6d8731eb679694072fb3331bbfa5c232bc3,BTCUSDT|long|high_volume,1778661960000,1778668980000,2026-05-13T08:46:00+00:00,2026-05-13T10:43:00+00:00,81258.8,80709.40000000001,0.0017000000000000001,138.13996,27.627992,5,80364.4,80846.9,1.9724916399999854,3.46867079910837,exchange_guard_proxy_touch,False,-0.9339799999999902,0.22027675200000005,0.0,0.11051196800000002,-1.1542567519999902,-83.55704982106484,2,True
BTCUSDT,long,a412850b24d32bd51f9399b8b6dcc415734d88e05352fbb99d06174362e06e70,BTCUSDT|long|high_volume,1778736360000,1778802360000,2026-05-14T05:26:00+00:00,2026-05-14T23:46:00+00:00,79671.40000000001,80976.8,0.0026000000000000003,207.14564000000004,41.429128000000006,5,79187.9,81114.7,1.9374671679999929,2.1571453631682984,exchange_guard_proxy_touch,False,3.3940399999999853,0.3341482560000001,-0.029431016492800006,0.16571651200000004,3.030460727507185,146.29613867360106,2,True
BTCUSDT,long,33131a20ffc793006b54f80eef36c60f6c4a307a691dd6731af0994294318865,BTCUSDT|long|high_volume,1778890260000,1778905920000,2026-05-16T00:11:00+00:00,2026-05-16T04:32:00+00:00,79264.90000000001,78836.0,0.003,237.79470000000003,47.55894000000001,5,78861.5,78970.29999999999,1.9916815200000002,3.586744376691485,exchange_guard_proxy_touch,False,-1.2867000000000262,0.3794421600000001,0.0,0.19023576000000003,-1.6661421600000264,-70.06641275015912,2,True
ETHUSDT,short,90930dafa7149fcff5c7467bb752995cdffa49901246d1253a6330b172b8b67c,ETHUSDT|short|high_volume,1778979660000,1778980380000,2026-05-17T01:01:00+00:00,2026-05-17T01:13:00+00:00,2172.61,2186.5,0.11,238.98710000000003,47.79742,5,2182.78,2182.78,1.911501679999986,9.154988286691257,exchange_guard_proxy_touch,False,-1.527899999999986,0.3836016800000001,0.0,0.19118968,-1.9115016799999862,-79.98346689005332,2,True
ETHUSDT,short,66102003e43f480e1392b59391b2e8f607c4708cda9ff9c11c71304258ca73b4,ETHUSDT|short|high_volume,1778982360000,1778989800000,2026-05-17T01:46:00+00:00,2026-05-17T03:50:00+00:00,2167.29,2186.5,0.08,173.3832,34.67664,5,2182.78,2182.78,1.815442560000003,9.203386757346887,exchange_guard_proxy_touch,False,-1.536800000000003,0.27864256000000004,0.0,0.13870656,-1.815442560000003,-104.70694738590608,2,True
BTCUSDT,long,9a8bb5e817ddcaeee18ee47aa36cf012a3658353e2b03517bb7bafb562a0dc5b,BTCUSDT|long|confirmed_volume,1779044460000,1779058320000,2026-05-17T19:01:00+00:00,2026-05-17T22:52:00+00:00,78361.90000000001,77679.1,0.0023,180.23237,36.046474,5,77799.9,77811.4,1.8839842800000066,1.6722094016933138,exchange_guard_proxy_touch,False,-1.5704400000000067,0.28711544,0.0,0.144185896,-1.8575554400000067,-103.06447393439962,2,True
ETHUSDT,short,9aafd9c6b90b336e82b0f09d9a96a02056884a143234820a42e1430eb8f3db20,ETHUSDT|short|high_volume,1779084660000,1779104340000,2026-05-18T06:11:00+00:00,2026-05-18T11:39:00+00:00,2108.9700000000003,2126.62,0.02,42.17940000000001,8.435880000000001,5,2194.01,2123.01,1.8443073599999997,4.932421738586563,exchange_guard_proxy_touch,False,-0.3529999999999927,0.06776944,0.000276377584,0.033743520000000006,-0.4204930624159927,-99.69157039123188,2,True
BTCUSDT,long,274d7d84dbbcd4d72c32537ae5a3d0b25ee0eb42659cd241135275ea61923f78,BTCUSDT|long|high_volume,1779150360000,1779200340000,2026-05-19T00:26:00+00:00,2026-05-19T14:19:00+00:00,77344.40000000001,76321.2,0.0013000000000000002,100.54772000000003,20.109544000000007,5,76107.59999999999,76451.2,1.9355155040000154,6.01647542478833,exchange_guard_proxy_touch,False,-1.3301600000000153,0.15981222400000003,-0.009652674813600002,0.08043817600000003,-1.4996248988136154,-149.14558965768842,2,True
ETHUSDT,short,80d18033580de64e125a604b28d962d49e835d6c722934398d2974e5fd59dbf9,ETHUSDT|short|high_volume,1779197460000,1779253740000,2026-05-19T13:31:00+00:00,2026-05-20T05:09:00+00:00,2105.29,2122.12,0.04,84.2116,16.84232,5,2144.23,2118.51,1.8397014400000058,2.292488616763467,exchange_guard_proxy_touch,False,-0.6731999999999971,0.13527712,0.007690981284,0.06736928,-0.8007861387159971,-95.09214154771992,2,True
BTCUSDT,long,e8052e9feae11144cf29e50f0aeb9abe974ab62af678913ff349bd3be84e2433,BTCUSDT|long|high_volume,1779253860000,1779359100000,2026-05-20T05:11:00+00:00,2026-05-21T10:25:00+00:00,77145.90000000001,77353.2,0.0021000000000000003,162.00639000000004,32.401278000000005,5,76484.9,77485.0,1.9191911760000124,8.236267892470615,exchange_guard_proxy_touch,False,0.4353299999999756,0.25955848800000003,-0.06755611589160002,0.12960511200000005,0.10821539610837558,6.679699245713428,2,True
ETHUSDT,short,5ee726953631c3ccfd76be864548005974bdbd59258469e9551440456117a72d,ETHUSDT|short|high_volume,1779359460000,1779384600000,2026-05-21T10:31:00+00:00,2026-05-21T17:30:00+00:00,2108.28,2151.18,0.04,84.33120000000001,16.86624,5,2147.8100000000004,2147.5200000000004,1.8639120000000022,25.35105650011113,exchange_guard_proxy_touch,False,-1.7159999999999855,0.13630272000000002,0.0032712420240000005,0.06746496000000002,-1.8490314779759855,-219.2582908788189,2,True
ETHUSDT,short,22d2780b21c45febd7fb697d1756d6ea1657e47f82f79c18fa599d87caa3292e,ETHUSDT|short|high_volume,1779389760000,1779451920000,2026-05-21T18:56:00+00:00,2026-05-22T12:12:00+00:00,2117.71,2136.31,0.05,105.88550000000001,21.177100000000003,5,2147.5200000000004,2132.6800000000003,1.8442555999999901,3.3360512333155348,exchange_guard_proxy_touch,False,-0.9299999999999955,0.17016080000000003,0.00854318496,0.08470840000000002,-1.0916176150399957,-103.09415501083677,2,True
ETHUSDT,short,d8b67d4a935a89e8bdfd68c0acfc63581e78c3484631e95e647bd664f1e94ff4,ETHUSDT|short|high_volume,1779459660000,1779559800000,2026-05-22T14:21:00+00:00,2026-05-23T18:10:00+00:00,2114.92,2071.37,0.07,148.04440000000002,29.608880000000006,5,2132.6800000000003,2067.8500000000004,1.7353688799999913,3.1709754692624808,exchange_guard_proxy_touch,False,3.048500000000013,0.23443224000000004,0.032588323747000006,0.11843552000000002,2.846656083747013,192.28394209757428,2,True
ETHUSDT,short,726dcd758e2b0eb322daef5718492ce5ae77f4ca5ae0f203a2c1e45a5d901b94,ETHUSDT|short|high_volume,1779938160000,1779963000000,2026-05-28T03:16:00+00:00,2026-05-28T10:10:00+00:00,2008.0,1999.0,0.02,40.160000000000004,8.032,5,2066.0,1995.6,1.2956403199999997,4.924866074909601,exchange_guard_proxy_touch,False,0.18,0.064112,0.001014270464,0.032128000000000004,0.116902270464,29.10913109163346,2,True
ETHUSDT,short,cdaaacc9b0762f27f0b46dc588ce5e4cdb199a3544211b0395ea5bb1b8da0a05,ETHUSDT|short|high_volume,1779970860000,1779977820000,2026-05-28T12:21:00+00:00,2026-05-28T14:17:00+00:00,1980.42,1999.0,0.08,158.4336,31.68672,5,1995.6,1995.6,1.7410828799999942,2.551395934068734,exchange_guard_proxy_touch,False,-1.4863999999999942,0.25468288,0.0,0.12674688,-1.7410828799999942,-109.8935377344196,2,True
ETHUSDT,short,2f95c45bdfb4c27969d0d54bd7328594b5875d5551d01b94ff4a0fbf8ce10825,ETHUSDT|short|confirmed_volume,1780054860000,1780067520000,2026-05-29T11:41:00+00:00,2026-05-29T15:12:00+00:00,2003.06,2024.21,0.07,140.2142,28.04284,5,2020.77,2020.77,1.7060271200000066,1.909459700020241,exchange_guard_proxy_touch,False,-1.4805000000000066,0.22552712000000003,0.0,0.11217136000000001,-1.7060271200000066,-121.6729204317399,2,True
ETHUSDT,short,18a6b21b4c2d2d8fae603af17de643fceb2c69d1ab949decb7e65c99d0bd1b55,ETHUSDT|short|high_volume,1780114260000,1780149780000,2026-05-30T04:11:00+00:00,2026-05-30T14:03:00+00:00,2008.01,2025.3300000000002,0.08,160.6408,32.12816,5,2023.32,2021.89,1.75822528,7.498867635923161,exchange_guard_proxy_touch,False,-1.385600000000013,0.25813376000000005,0.011031110288,0.12851264,-1.632702649712013,-101.6368599827698,2,True
ETHUSDT,short,eaac0eb3047c177e0f8eb0130146b1d4124711bb2c05c413ee2da5c70b76b07b,ETHUSDT|short|high_volume,1780181160000,1780190100000,2026-05-30T22:46:00+00:00,2026-05-31T01:15:00+00:00,2016.74,2033.19,0.09,181.5066,36.30132,5,2029.73,2029.73,1.7720949600000042,2.6021521671624375,exchange_guard_proxy_touch,False,-1.4805000000000041,0.29159496,0.017097193107,0.14520528000000002,-1.7549977668930041,-96.69057581889608,2,True
ETHUSDT,short,ad4f375dab382df7af5debb46491b67f32bde7b4d9169b21f463b2ac60dcae1e,ETHUSDT|short|high_volume,1780244760000,1780335900000,2026-05-31T16:26:00+00:00,2026-06-01T17:45:00+00:00,2000.51,1996.99,0.05,100.02550000000001,20.005100000000002,5,2025.71,1993.6,1.5936868000000046,2.7558362063427833,exchange_guard_proxy_touch,False,0.1759999999999991,0.15990000000000001,0.021155746985,0.0800204,0.03725574698499909,3.7246249191455267,2,True
ETHUSDT,short,dad7c5a743588dceb4165ac014bcdcd6989559bb8124742de64b549a9034fe4c,ETHUSDT|short|high_volume,1780383960000,1780480320000,2026-06-02T07:06:00+00:00,2026-06-03T09:52:00+00:00,1973.0800000000002,1886.8600000000001,0.04,78.92320000000001,15.784640000000001,5,2005.93,1883.65,1.5782377599999993,2.1209745553107746,exchange_guard_proxy_touch,False,3.448800000000001,0.12351808000000002,0.02119630766,0.06313856000000001,3.346478227660001,424.0170479225374,2,True
BTCUSDT,short,b5d3bc63116f391859cce4758041171a56902f30ef069ed22b010581d3413e53,BTCUSDT|short|confirmed_volume,1780310160000,1780692600000,2026-06-01T10:36:00+00:00,2026-06-05T20:50:00+00:00,72513.1,61654.8,0.001,72.51310000000001,14.502620000000002,5,73998.90000000001,61550.1,1.7289102399999914,1.5379712184168277,exchange_guard_proxy_touch,False,10.858300000000003,0.10733432000000002,0.03827611488500001,0.05801048000000001,10.789241794885005,1487.902433475469,2,True
ETHUSDT,short,f48e3402703190f59de49e3c16858b99d9ff4eaff57e559f331f97f8e5a2f918,ETHUSDT|short|high_volume,1780536060000,1780693440000,2026-06-04T01:21:00+00:00,2026-06-05T21:04:00+00:00,1774.47,1614.9,0.02,35.4894,7.097880000000001,5,1851.59,1612.15,1.6634673599999996,3.692427619147324,exchange_guard_proxy_touch,False,3.191399999999999,0.05422992,-0.0021286423639999994,0.028391520000000003,3.1350414376359987,883.3740321436818,2,True
ETHUSDT,short,e38737b50143cb2f8de6c5ff91e546faa945187d1d392ec690576423e36ae657,ETHUSDT|short|high_volume,1780701660000,1780789260000,2026-06-05T23:21:00+00:00,2026-06-06T23:41:00+00:00,1579.58,1568.48,0.05,78.979,15.7958,5,1612.15,1565.81,1.8937792000000084,4.191499747050251,exchange_guard_proxy_touch,False,0.5549999999999955,0.12592240000000002,-0.0229027422,0.0631832,0.4061748577999955,51.42820975195882,2,True
BTCUSDT,short,7c5a62a9d60acbc7f5d9441635a5b2d94d8597fc989704364cd4872d81307ff7,BTCUSDT|short|high_volume,1780758360000,1780794180000,2026-06-06T15:06:00+00:00,2026-06-07T01:03:00+00:00,60429.100000000006,61073.0,0.0021000000000000003,126.90111000000003,25.380222000000007,5,61173.6,60969.299999999996,1.9863172560000002,3.553131442595647,exchange_guard_proxy_touch,False,-1.352189999999988,0.20412352800000005,-0.008531390607600001,0.10152088800000003,-1.5648449186075881,-123.3121537398363,2,True
ETHUSDT,short,1ae0d37b779d5f7b669df8874d0b8ee7a335a8913b002a7b82d5cdb3785245b4,ETHUSDT|short|high_volume,1780860060000,1780870320000,2026-06-07T19:21:00+00:00,2026-06-07T22:12:00+00:00,1606.08,1639.79,0.05,80.304,16.0608,5,1639.6,1637.0,1.9454388000000087,8.221925853436588,exchange_guard_proxy_touch,False,-1.685500000000002,0.1298348,0.0,0.0642432,-1.815334800000002,-226.05783024506897,2,True
BTCUSDT,short,bf3f555ef3803809d5f3de995013873cd98d74ebb304337233725ce0b44649df,BTCUSDT|short|high_volume,1780858860000,1780870380000,2026-06-07T19:01:00+00:00,2026-06-07T22:13:00+00:00,61849.100000000006,62433.100000000006,0.0029000000000000002,179.36239000000003,35.87247800000001,5,62327.1,62327.1,1.9819347040000002,2.403720764265092,exchange_guard_proxy_touch,False,-1.6936000000000002,0.28833470400000005,0.0,0.14348991200000005,-1.9819347040000004,-110.49890135830594,2,True
BTCUSDT,short,a113ad9d6f6bc99a02afac962de961fc30483ae3ea02df5abdd907cc659fc3e8,BTCUSDT|short|high_volume,1780949760000,1781094780000,2026-06-08T20:16:00+00:00,2026-06-10T12:33:00+00:00,63130.600000000006,61888.600000000006,0.0015,94.69590000000001,18.93918,5,64179.6,61783.5,1.8902032799999957,3.019739492918712,exchange_guard_proxy_touch,False,1.863,0.15002304000000002,-0.0054468379350000005,0.07575672000000001,1.707530122065,180.31721775335575,2,True
ETHUSDT,short,441120dc1f94b72979942755251214742cbb938d25b8e8a42a331effc920f4cd,ETHUSDT|short|high_volume,1780990260000,1781094780000,2026-06-09T07:31:00+00:00,2026-06-10T12:33:00+00:00,1674.88,1645.8,0.07,117.24160000000002,23.448320000000002,5,1696.01,1643.0,1.870331679999999,14.110995675395264,exchange_guard_proxy_touch,False,2.035600000000011,0.18595808000000003,-0.031709617716000005,0.09379328000000002,1.817932302284011,155.05863979031426,2,True
ETHUSDT,short,69e083184fc2f6e382b09b2961502309899f35d06e95bba41dbac5743ed7f23b,ETHUSDT|short|confirmed_volume,1781173260000,1781176620000,2026-06-11T10:21:00+00:00,2026-06-11T11:17:00+00:00,1651.78,1664.91,0.12,198.21359999999999,39.64272,5,1662.08,1662.08,1.894002240000013,1.852654153952444,exchange_guard_proxy_touch,False,-1.575600000000013,0.31840224000000006,0.0,0.15857088,-1.8940022400000132,-95.55359672595692,2,True
BTCUSDT,short,02bd9b32f485d2f7a6a763ba10e7859889c135c24b6be609a0e24ef88fcfa6ee,BTCUSDT|short|confirmed_volume,1781242860000,1781256720000,2026-06-12T05:41:00+00:00,2026-06-12T09:32:00+00:00,63235.0,63885.600000000006,0.0026000000000000003,164.41100000000003,32.882200000000005,5,63777.1,63777.1,1.9559708480000155,1.7925966446381383,exchange_guard_proxy_touch,False,-1.6915600000000153,0.26441084800000003,0.004010777134,0.13152880000000003,-1.9519600708660152,-118.72442055981746,2,True
ETHUSDT,short,78bd8656a0333f09eea353cb600076e5f01756a4ff325f50be8e5354be7b9645,ETHUSDT|short|high_volume,1781412060000,1781471700000,2026-06-14T04:41:00+00:00,2026-06-14T21:15:00+00:00,1675.65,1681.27,0.09,150.8085,30.161700000000003,5,1689.91,1678.41,1.7851276799999887,2.87915237998873,exchange_guard_proxy_touch,False,-0.5057999999999901,0.24169824000000004,-0.00899709759,0.12064680000000001,-0.7564953375899902,-50.16264584489536,2,True
ETHUSDT,short,ae37dd2e84fd899c1149f7b622f9233f1977d8b484efbc22b778aa8389b03636,ETHUSDT|short|confirmed_volume,1781510460000,1781520840000,2026-06-15T08:01:00+00:00,2026-06-15T10:54:00+00:00,1712.43,1734.72,0.07,119.87010000000002,23.974020000000003,5,1731.77,1731.77,1.7533403999999975,1.7719265152303507,exchange_guard_proxy_touch,False,-1.5602999999999976,0.19304040000000006,0.0,0.09589608000000001,-1.7533403999999977,-146.2700373153937,2,True
ETHUSDT,short,e8a6e7a21fc710b6778c278992dcff73a648034d40bc2ee08a5474a8869a1aa7,ETHUSDT|short|high_volume,1781619660000,1781632980000,2026-06-16T14:21:00+00:00,2026-06-16T18:03:00+00:00,1778.15,1810.41,0.05,88.90750000000001,17.7815,5,1807.33,1807.33,1.7565423999999998,4.954442362882617,exchange_guard_proxy_touch,False,-1.6129999999999995,0.14354240000000004,0.0028146278000000004,0.07112600000000001,-1.7537277721999995,-197.2530745100244,2,True
BTCUSDT,short,e8679aa632de3307e6adc351974c14589444871249e0e3b483624a5ddad9cbd9,BTCUSDT|short|high_volume,1781615460000,1781661420000,2026-06-16T13:11:00+00:00,2026-06-17T01:57:00+00:00,65993.6,66020.6,0.0016,105.58976000000001,21.117952000000002,5,66956.8,65908.5,1.8936823039999862,4.532034144855174,exchange_guard_proxy_touch,False,-0.0432,0.16897817600000004,0.0023146233024000005,0.08447180800000001,-0.20986355269760004,-19.875369798889594,2,True
ETHUSDT,short,f14d6dfbd353bb6a3e15a22677283db08bfc4f7c26d6b6cb6b3850cfb0bf0b46,ETHUSDT|short|high_volume,1781659260000,1781662980000,2026-06-17T01:21:00+00:00,2026-06-17T02:23:00+00:00,1780.42,1810.8,0.05,89.02100000000002,17.8042,5,1807.72,1807.72,1.6626487999999942,10.118382071482381,exchange_guard_proxy_touch,False,-1.5189999999999941,0.14364880000000002,0.0,0.07121680000000001,-1.6626487999999942,-186.77040248929958,2,True
ETHUSDT,short,1f2e82a11ef5e5922bde7db3bc3f8fa2e4a4a5a7b0fc26229e57a7193ccde6f4,ETHUSDT|short|high_volume,1781733960000,1781830980000,2026-06-17T22:06:00+00:00,2026-06-19T01:03:00+00:00,1728.91,1719.57,0.02,34.5782,6.915640000000001,5,1795.59,1716.65,1.45124096,6.822560488999195,exchange_guard_proxy_touch,False,0.1868000000000029,0.055175680000000005,0.003636393462,0.027662560000000003,0.1352607134620029,39.117337936041466,2,True
BTCUSDT,short,a32a85b2b89af5dd5d1274fa20c3fcc009fe3fc2535b5f170fa904287bb04fed,BTCUSDT|short|high_volume,1781755560000,1781874300000,2026-06-18T04:06:00+00:00,2026-06-19T13:05:00+00:00,64123.100000000006,63003.9,0.0021000000000000003,134.65851000000004,26.93170200000001,5,64780.1,62896.9,1.8278625119999943,2.4825108363864055,exchange_guard_proxy_touch,False,2.3503200000000093,0.21357336000000002,0.014296291749600003,0.10772680800000002,2.1510429317496094,159.74058615007763,2,True
ETHUSDT,short,0eec7b3beaf9a658317128369de6b6f15be019a784a6aec49c00e2e5a85d41b7,ETHUSDT|short|high_volume,1781838960000,1781876700000,2026-06-19T03:16:00+00:00,2026-06-19T13:45:00+00:00,1679.98,1705.79,0.04,67.1992,13.43984,5,1716.65,1702.89,1.6923855999999966,7.846291244913735,exchange_guard_proxy_touch,False,-1.0323999999999978,0.10834464,-0.0028031000400000005,0.053759360000000006,-1.1435477400399978,-170.17282051572008,2,True
ETHUSDT,short,99ad65e9f2ea7e91dc340eaf058e42c9babcbffd9f69d1739f59ef51d05fc493,ETHUSDT|short|high_volume,1781888460000,1781891280000,2026-06-19T17:01:00+00:00,2026-06-19T17:48:00+00:00,1693.06,1705.79,0.12,203.16719999999998,40.63343999999999,5,1702.89,1702.89,1.853889600000002,2.6163038074241394,exchange_guard_proxy_touch,False,-1.527600000000002,0.32628959999999996,0.0,0.16253376,-1.853889600000002,-91.24945365196756,2,True
BTCUSDT,short,f3eed425820e066358f27223bdb1120ed7cb820bc4bf3bdd43d21b6571035791,BTCUSDT|short|high_volume,1781964660000,1781966760000,2026-06-20T14:11:00+00:00,2026-06-20T14:46:00+00:00,63138.100000000006,63878.600000000006,0.0022,138.90382000000002,27.780764000000005,5,63770.1,63770.1,1.8526493920000002,4.203299223842608,exchange_guard_proxy_touch,False,-1.6291,0.22354939200000004,0.0,0.11112305600000003,-1.852649392,-133.3764177255888,2,True
ETHUSDT,short,37cd1fa5d288db4a7eaadbe23cab6f3b618b9bb3789c951e0a030854c08c9144,ETHUSDT|short|high_volume,1782017760000,1782066660000,2026-06-21T04:56:00+00:00,2026-06-21T18:31:00+00:00,1729.9,1734.82,0.08,138.39200000000002,27.678400000000003,5,1745.73,1731.87,1.7266303999999963,5.10218707766662,exchange_guard_proxy_touch,False,-0.3935999999999876,0.22174208000000004,0.00465178348,0.11071360000000001,-0.6106902965199877,-44.127572151568565,2,True
BTCUSDT,short,eb4573a42f05879f818bbaf86d4c984d332103401e4217c7ffbeca6118e79a8a,BTCUSDT|short|high_volume,1782074460000,1782091380000,2026-06-21T20:41:00+00:00,2026-06-22T01:23:00+00:00,63866.8,64394.3,0.0027,172.44036000000003,34.488072,5,64337.4,64285.0,1.8431573760000002,2.3494838472133206,exchange_guard_proxy_touch,False,-1.42425,0.277043976,0.0112299339168,0.13795228800000003,-1.6900640420832,-98.00861248974427,2,True
BTCUSDT,short,7624f17c096ea5a8d7fa45bca90a4979527c75753dddcf263162e9aa5118d48e,BTCUSDT|short|high_volume,1782195660000,1782224040000,2026-06-23T06:21:00+00:00,2026-06-23T14:14:00+00:00,62718.4,62706.600000000006,0.001,62.7184,12.54368,5,64247.299999999996,62600.1,1.7398600000000044,3.764997282949766,exchange_guard_proxy_touch,False,0.011799999999995635,0.10034,0.001040155915,0.05017472,-0.08749984408500437,-13.951223896815668,2,True
ETHUSDT,short,c93b7266b6124e1885c39514082138a628734194c5430fe838b2a55a17b23a9f,ETHUSDT|short|high_volume,1782164460000,1782261540000,2026-06-22T21:41:00+00:00,2026-06-24T00:39:00+00:00,1727.0900000000001,1676.46,0.07,120.89630000000002,24.179260000000006,5,1747.0,1673.61,1.796315359999992,2.809602402020325,exchange_guard_proxy_touch,False,3.544100000000008,0.19059880000000004,-0.00034940307499999913,0.09671704000000003,3.3531517969250078,277.3576856301646,2,True
ETHUSDT,short,3fabe23bf21350d36e12c48cf67a287fb9b5da16288a40f5efe47d63b062b454,ETHUSDT|short|high_volume,1782267960000,1782279120000,2026-06-24T02:26:00+00:00,2026-06-24T05:32:00+00:00,1661.8500000000001,1676.46,0.1,166.18500000000003,33.23700000000001,5,1673.61,1673.61,1.72806479999999,2.2299233925762234,exchange_guard_proxy_touch,False,-1.46099999999999,0.26706480000000005,0.0,0.13294800000000004,-1.72806479999999,-103.98440292445105,2,True
BTCUSDT,short,445d8d7945f7f736a99dfaa5e5117e3e7bcfe05d96147a73bbd81de227c1f585,BTCUSDT|short|confirmed_volume,1782295560000,1782301740000,2026-06-24T10:06:00+00:00,2026-06-24T11:49:00+00:00,62485.700000000004,63160.8,0.0024000000000000002,149.96568000000002,29.993136000000003,5,63053.6,63053.6,1.8614812799999967,1.943022799008385,exchange_guard_proxy_touch,False,-1.6202399999999966,0.24124128000000003,0.0,0.11997254400000003,-1.8614812799999967,-124.12715229244426,2,True
ETHUSDT,short,61c585ba639063369b64efc0fee60ac4ce02a3ccb3425e9ce873b17c6f81a74e,ETHUSDT|short|high_volume,1782307560000,1782363120000,2026-06-24T13:26:00+00:00,2026-06-25T04:52:00+00:00,1647.94,1631.93,0.05,82.397,16.479400000000002,5,1678.99,1629.16,1.8286916000000042,7.020584016429835,exchange_guard_proxy_touch,False,0.8004999999999995,0.13119480000000003,0.0004742154399999999,0.0659176,0.6697794154399995,81.2868691141667,2,True
BTCUSDT,short,f11520da2c72d44b3f98bdfc2018ad054c73d04d526b881cba7d759fa369fa89,BTCUSDT|short|high_volume,1782306660000,1782363300000,2026-06-24T13:11:00+00:00,2026-06-25T04:55:00+00:00,61957.9,61360.3,0.0014,86.74106,17.348212,5,63053.6,61256.1,1.824192944000002,6.052846281635384,exchange_guard_proxy_touch,False,0.8366399999999979,0.13811638400000004,-0.0024097476605999995,0.06939284800000001,0.6961138683393979,80.25194392821552,2,True
BTCUSDT,short,6153de8620884f027508babddf5db4006333fc104a41ce25e46603f9ceb691fb,BTCUSDT|short|confirmed_volume,1782435960000,1782455940000,2026-06-26T01:06:00+00:00,2026-06-26T06:39:00+00:00,59365.5,60347.600000000006,0.0017000000000000001,100.92135,20.18427,5,60245.1,60245.1,1.8323798160000098,1.611255407747176,exchange_guard_proxy_touch,False,-1.66957000000001,0.16280981600000002,0.0,0.08073708000000002,-1.83237981600001,-181.56513126310836,2,True
ETHUSDT,short,e4b7feb97b97b8fc5e865c87af4023513fef29b1460feb35dccd282032f5f05b,ETHUSDT|short|high_volume,1782435960000,1782459120000,2026-06-26T01:06:00+00:00,2026-06-26T07:32:00+00:00,1556.94,1585.71,0.05,77.84700000000001,15.569400000000002,5,1583.01,1583.01,1.564205999999999,2.225759751200519,exchange_guard_proxy_touch,False,-1.4384999999999992,0.125706,0.0,0.0622776,-1.5642059999999993,-200.93336930132173,2,True
ETHUSDT,short,8ef4b1124e26c75aa3ac2f9becac6096eb59d3028e2e5ca887d5759d58e204b9,ETHUSDT|short|confirmed_volume,1782464760000,1782487560000,2026-06-26T09:06:00+00:00,2026-06-26T15:26:00+00:00,1558.39,1585.71,0.06,93.5034,18.70068,5,1583.01,1583.01,1.790116799999996,1.58409285835027,exchange_guard_proxy_touch,False,-1.6391999999999962,0.15091680000000005,0.0,0.07480272,-1.7901167999999963,-191.44938045033615,2,True
ETHUSDT,short,7af1e23cfb4171f3fd284718df141016004196dbb3de53d3411d7aa493522a9f,ETHUSDT|short|confirmed_volume,1782538260000,1782565080000,2026-06-27T05:31:00+00:00,2026-06-27T12:58:00+00:00,1574.4,1588.41,0.1,157.44000000000003,31.488000000000007,5,1586.43,1585.71,1.726082400000002,1.5866229021047706,exchange_guard_proxy_touch,False,-1.4009999999999991,0.25302480000000005,-0.0018921914999999998,0.12595200000000004,-1.6559169914999994,-105.17765443978652,2,True
ETHUSDT,short,02d3a0edb7018704cc5f5094bd98d3ba004b89aa7cd7eebaff466feee58cb80c,ETHUSDT|short|high_volume,1782623160000,1782635880000,2026-06-28T05:06:00+00:00,2026-06-28T08:38:00+00:00,1566.02,1581.98,0.09,140.9418,28.18836,5,1579.29,1579.29,1.6630560000000032,3.1520090289541596,exchange_guard_proxy_touch,False,-1.4364000000000032,0.226656,-0.008354904138,0.11275344000000001,-1.6714109041380032,-118.58872982592838,2,True
BTCUSDT,short,c6f5b0a0315f12fe60d272187ea1f2e03128ad495c9a1ee0f656d09d833e6497,BTCUSDT|short|high_volume,1782659460000,1782702120000,2026-06-28T15:11:00+00:00,2026-06-29T03:02:00+00:00,59817.9,59985.200000000004,0.0021000000000000003,125.61759000000002,25.123518000000004,5,60435.9,59883.299999999996,1.7158790880000065,3.6850771074092683,exchange_guard_proxy_touch,False,-0.35133000000000614,0.20126920800000006,0.009459570170400002,0.10049407200000002,-0.5431396378296062,-43.23754641603983,2,True
ETHUSDT,short,37353c24dac3aea88ad6f9c14cbd4e4be8b803f31434ce5bded6042b57992b4c,ETHUSDT|short|high_volume,1782709560000,1782712680000,2026-06-29T05:06:00+00:00,2026-06-29T05:58:00+00:00,1560.72,1584.7,0.06,93.6432,18.72864,5,1582.01,1582.01,1.589780160000001,3.7067199210071964,exchange_guard_proxy_touch,False,-1.438800000000001,0.15098016,0.0,0.07491456,-1.589780160000001,-169.7699523296941,2,True
ETHUSDT,short,c857f939f8240b5fb75a3116267bb645549090c1c771e0f738b642a29609e370,ETHUSDT|short|confirmed_volume,1782731760000,1782734820000,2026-06-29T11:16:00+00:00,2026-06-29T12:07:00+00:00,1569.31,1590.99,0.07,109.85170000000001,21.97034,5,1588.28,1588.28,1.6945768000000045,1.8926989648525931,exchange_guard_proxy_touch,False,-1.5176000000000045,0.17697680000000005,0.0,0.08788136000000002,-1.6945768000000045,-154.260407440213,2,True
BTCUSDT,short,f46b66026739f7a925736792197e829a2e8f6a5a73f22b61527958c1ea1f981c,BTCUSDT|short|high_volume,1782779460000,1782869940000,2026-06-30T00:31:00+00:00,2026-07-01T01:39:00+00:00,59724.200000000004,58950.200000000004,0.0016,95.55872000000001,19.111744,5,60565.7,58850.1,1.665302912,5.092382798282011,exchange_guard_proxy_touch,False,1.2384000000000002,0.15190323200000003,0.01624163916,0.07644697600000001,1.1027384071600002,115.39903497660914,2,True
ETHUSDT,short,aaf2c7e96cb37613dbdc2b878c7e134961bfde33eddda74127c64989a4f5da7f,ETHUSDT|short|high_volume,1782907260000,1782913560000,2026-07-01T12:01:00+00:00,2026-07-01T13:46:00+00:00,1567.29,1587.2,0.07,109.7103,21.94206,5,1584.5,1584.5,1.570351440000006,4.307541386994735,exchange_guard_proxy_touch,False,-1.393700000000006,0.17665144,0.0,0.08776824000000001,-1.5703514400000058,-143.13619049442084,2,True
BTCUSDT,short,d53e5eb746cee3877c052cbeb1b0e4ecd41d81c69af130f0a5e73e571c1051f8,BTCUSDT|short|high_volume,1783038660000,1783056840000,2026-07-03T00:31:00+00:00,2026-07-03T05:34:00+00:00,61134.9,61832.3,0.0018000000000000002,110.04282,22.008564,5,61900.1,61727.299999999996,1.7442220320000001,3.2958333123985715,exchange_guard_proxy_touch,False,-1.2553200000000027,0.17707276800000005,0.0,0.08803425600000002,-1.4323927680000028,-130.1668539573961,2,True
ETHUSDT,short,f773cc30a8b7c71fadae81e593fd177c59466e4b539fef0cce0b46b823fa9ed4,ETHUSDT|short|high_volume,1783244460000,1783263480000,2026-07-05T09:41:00+00:00,2026-07-05T14:58:00+00:00,1750.3500000000001,1775.02,0.06,105.021,21.0042,5,1772.0,1772.0,1.6494177599999906,13.031563192680613,exchange_guard_proxy_touch,False,-1.4801999999999906,0.16921776,0.0,0.0840168,-1.6494177599999906,-157.05599451538177,2,True
BTCUSDT,short,80bac5f12cb04b8d509230ca414047a1fddf6095821ec30ca65b51d4db29f6dc,BTCUSDT|short|high_volume,1783339260000,1783353000000,2026-07-06T12:01:00+00:00,2026-07-06T15:50:00+00:00,62166.600000000006,63334.0,0.0013000000000000002,80.81658000000002,16.163316000000002,5,63226.5,63226.5,1.6481406239999927,33.037637701301044,exchange_guard_proxy_touch,False,-1.5176199999999926,0.13052062400000003,0.0,0.06465326400000002,-1.6481406239999927,-203.93595274632906,2,True
BTCUSDT,short,500bf984bc94e8184bbd6ca4a59a9ece51ce8ac8892da8232191992e2efb34f5,BTCUSDT|short|high_volume,1783489560000,1783559340000,2026-07-08T05:46:00+00:00,2026-07-09T01:09:00+00:00,62496.8,62437.9,0.0011,68.74648,13.749296000000001,5,63740.299999999996,62331.9,1.5982740400000015,2.107109683925586,exchange_guard_proxy_touch,False,0.06479000000000161,0.10994253600000002,0.009583929751,0.05499718400000001,-0.03556860624899841,-5.173880357074051,2,True
ETHUSDT,short,0d70f69ab66c3fb86d2f15977698a80f2c55db8ade28498e73ddf98fe6f2846d,ETHUSDT|short|high_volume,1783815060000,1783827180000,2026-07-12T00:11:00+00:00,2026-07-12T03:33:00+00:00,1781.8600000000001,1814.32,0.04,71.2744,14.25488,5,1811.24,1811.24,1.4134777599999924,2.4275034680544234,exchange_guard_proxy_touch,False,-1.2983999999999924,0.11507776000000002,0.0,0.057019520000000004,-1.4134777599999924,-198.31492934349393,2,True
ETHUSDT,short,22d51b8abde2e47fcd09a5b4f4705011c933633404af99da8e6850d757a2df41,ETHUSDT|short|confirmed_volume,1783833660000,1783860540000,2026-07-12T05:21:00+00:00,2026-07-12T12:49:00+00:00,1799.89,1811.39,0.04,71.99560000000001,14.399120000000002,5,1828.54,1808.31,1.3866092799999996,1.6525709171877818,exchange_guard_proxy_touch,False,-0.46,0.11556096000000002,0.000716311248,0.057596480000000005,-0.574844648752,-79.84441392974014,2,True
BTCUSDT,short,81fe911245c96b73c4dacc1b3d62199fd4e0e3d66deaae1ab5ef3941abc69cda,BTCUSDT|short|high_volume,1783908060000,1783986840000,2026-07-13T02:01:00+00:00,2026-07-13T23:54:00+00:00,63289.3,62405.100000000006,0.0014,88.60502,17.721004,5,64248.1,62299.1,1.6383043039999978,2.869804300984805,exchange_guard_proxy_touch,False,1.2378799999999959,0.14077772800000002,0.0130433211552,0.07088401600000001,1.1101455931551958,125.2915007699559,2,True
ETHUSDT,long,fa1b91160a169630cdff691e48e3f6d01d52d2338360c64a5fa93d58727fea1e,ETHUSDT|long|high_volume,1784570160000,1784646240000,2026-07-20T17:56:00+00:00,2026-07-21T15:04:00+00:00,1909.27,1921.99,0.02,38.1854,7.63708,5,1852.65,1925.27,1.2555403199999997,5.355257118924738,exchange_guard_proxy_touch,False,0.25440000000000057,0.061300160000000006,-0.0051589311560000005,0.030548320000000004,0.18794090884400058,49.218001865634655,2,True
ETHUSDT,long,acc8f792d10be52f6b0765bf9e4db460e973528abf5983f0adf8ae186c1043f8,ETHUSDT|long|high_volume,1784738160000,1784773380000,2026-07-22T16:36:00+00:00,2026-07-23T02:23:00+00:00,1954.51,1919.0900000000001,0.03,58.6353,11.72706,5,1912.27,1922.36,1.45772448,5.468109800015785,exchange_guard_proxy_touch,False,-1.0625999999999953,0.0929664,-0.00048023420400000006,0.046908240000000004,-1.1560466342039952,-197.15881631099273,2,True
ETHUSDT,long,7c6104559e48b98f47adc49fb8c1cccc98b511ab4926765d0dbd89c778ec0baa,ETHUSDT|long|high_volume,1785079260000,1785154380000,2026-07-26T15:21:00+00:00,2026-07-27T12:13:00+00:00,1909.77,1952.1200000000001,0.04,76.3908,15.27816,5,1877.23,1955.45,1.5506816000000003,7.201538651992678,exchange_guard_proxy_touch,False,1.6940000000000055,0.12358048000000002,-0.031423464064000005,0.06111264,1.5389960559360054,201.46353434392694,2,True
ETHUSDT,long,0c4f2d0011d6d737dcbd7c5c472ef0b85498590d1e808373d76bb9802a7e3cb3,ETHUSDT|long|high_volume,1785348060000,1785354420000,2026-07-29T18:01:00+00:00,2026-07-29T19:47:00+00:00,1926.1200000000001,1883.06,0.03,57.7836,11.55672,5,1886.27,1886.27,1.3832203200000053,4.2187548405291535,exchange_guard_proxy_touch,False,-1.2918000000000052,0.09142032,0.0,0.046226880000000005,-1.3832203200000053,-239.37939484559723,2,True
ETHUSDT,long,6ff88e31d902450ac9708c199af8ce0eb8bd0a5f2afeebc9309c6cc441959307,ETHUSDT|long|high_volume,1785412560000,1785462420000,2026-07-30T11:56:00+00:00,2026-07-31T01:47:00+00:00,1926.4,1910.73,0.04,77.05600000000001,15.411200000000003,5,1898.56,1913.99,1.3650953600000066,5.668653507569918,exchange_guard_proxy_touch,False,-0.6268000000000029,0.12278816000000001,-0.011840807512,0.06164480000000001,-0.761428967512003,-98.81501343334754,2,True
ETHUSDT,long,5fa69b92d1be5fee52e38ffad24f6d8af551cf97c5b9619ce416b14ca7b12713,ETHUSDT|long|high_volume,1785696060000,1785728760000,2026-08-02T18:41:00+00:00,2026-08-03T03:46:00+00:00,1879.2,1848.14,0.04,75.168,15.033600000000002,5,1851.29,1851.29,1.361674879999998,8.952345472409819,exchange_guard_proxy_touch,False,-1.242399999999998,0.11927488,-0.015075040000000003,0.060134400000000005,-1.376749919999998,-183.15638569604056,2,True
ETHUSDT,long,2ac6883d5d21e9da4c9e2f96e1a850decd16676e93713d98610e3c72ef0e21d1,ETHUSDT|long|high_volume,1785769260000,1785889380000,2026-08-03T15:01:00+00:00,2026-08-05T00:23:00+00:00,1873.8600000000001,1862.1200000000001,0.03,56.2158,11.24316,5,1835.6,1865.3,1.3306519200000029,2.072020087942372,exchange_guard_proxy_touch,False,-0.35220000000000024,0.08966352000000001,-0.028185678912,0.04497264,-0.47004919891200025,-83.61514003394069,2,True
ETHUSDT,long,0f01084372019b53a50add6aab6ad692197fe452fbe20117658bab065d9260f6,ETHUSDT|long|high_volume,1786450260000,1786460280000,2026-08-11T12:11:00+00:00,2026-08-11T14:58:00+00:00,1897.8500000000001,1866.5,0.04,75.914,15.1828,5,1869.68,1869.68,1.3744592000000055,3.664636745531893,exchange_guard_proxy_touch,False,-1.2540000000000056,0.12045920000000003,0.0,0.060731200000000006,-1.3744592000000055,-181.05477250573088,2,True
ETHUSDT,long,f96677f809281fe46ca9a75b7b15a319af78fa3c63b685c7c388349d95814a95,ETHUSDT|long|high_volume,1787143860000,1787263380000,2026-08-19T12:51:00+00:00,2026-08-20T22:03:00+00:00,1941.5,2304.56,0.03,58.245,11.649,5,1905.26,2308.49,1.2766444800000005,41.10025846706999,exchange_guard_proxy_touch,False,10.891799999999998,0.10190543999999999,-0.053483579999999996,0.046596000000000005,10.736410979999999,1843.3189080607776,2,True
ETHUSDT,long,534099c585c750174d0915b3de124f595367393e865b08538df8ee700fb4762b,ETHUSDT|long|high_volume,1787268360000,1787375340000,2026-08-20T23:26:00+00:00,2026-08-22T05:09:00+00:00,2337.9500000000003,2484.63,0.04,93.51800000000001,18.7036,5,2308.49,2488.87,1.484160320000013,2.06781666809254,exchange_guard_proxy_touch,False,5.867199999999993,0.15432256,-0.07505026526400001,0.07481440000000002,5.637827174735993,602.8601097902,2,True
ETHUSDT,long,048cd6bbd7b7bfd4cde1cc659d6f18cb567c1afa1a63bab2865e7df67ff17b13,ETHUSDT|long|high_volume,1787417160000,1787435760000,2026-08-22T16:46:00+00:00,2026-08-22T21:56:00+00:00,2430.9700000000003,2400.9700000000003,0.03,72.9291,14.585820000000002,5,2386.99,2405.06,1.5567336000000125,3.058039908849065,exchange_guard_proxy_touch,False,-0.8999999999999999,0.11596656000000001,0.0,0.058343280000000004,-1.0159665599999999,-139.30880265902084,2,True
ETHUSDT,long,c1e75b86259808181546c49588db84901a6c6fc0f1c504a4a61a64d312791059,ETHUSDT|long|high_volume,1787519160000,1787644260000,2026-08-23T21:06:00+00:00,2026-08-25T07:51:00+00:00,2466.7200000000003,2464.7400000000002,0.02,49.33440000000001,9.866880000000002,5,2386.99,2468.9399999999996,1.7533944000000086,14.706829691420051,exchange_guard_proxy_touch,False,-0.039600000000000364,0.07890336000000002,-0.03884421642400001,0.039467520000000006,-0.1573475764240004,-31.894089402931904,2,True
BTCUSDT,long,074aec6d5035237670e7512fb2b585e6a0e6e7febaa846f8de8fb126ac9de3d2,BTCUSDT|long|high_volume,1787571360000,1787659560000,2026-08-24T11:36:00+00:00,2026-08-25T12:06:00+00:00,78384.7,78693.1,0.0009000000000000001,70.54623000000001,14.109246000000002,5,76802.79999999999,78827.2,1.6528909680000001,2.3502977004481287,exchange_guard_proxy_touch,False,0.2775600000000079,0.11309601600000001,-0.03683982549960001,0.056436984,0.12762415850040787,18.090854536154215,2,True
ETHUSDT,long,61417aa67b4c1b03d43969a15367f2ea914f5152727d4b67d53a79ae0e0a4018,ETHUSDT|long|high_volume,1787717460000,1787735760000,2026-08-26T04:11:00+00:00,2026-08-26T09:16:00+00:00,2473.65,2446.04,0.03,74.2095,14.8419,5,2434.62,2450.2099999999996,1.412799120000002,3.3643861925855885,exchange_guard_proxy_touch,False,-0.8283000000000038,0.11807256000000002,-0.014763120000000001,0.059367600000000006,-0.9611356800000038,-129.5165282073055,2,True
BTCUSDT,long,398bafcad4260fde35d83d5099cdd1d1ba5397e79569ca2cab2d4b69ca023b8e,BTCUSDT|long|high_volume,1787787960000,1787885460000,2026-08-26T23:46:00+00:00,2026-08-28T02:51:00+00:00,79165.40000000001,79571.3,0.0014,110.83156000000001,22.166312,5,78156.4,79706.9,1.7747115680000123,2.8543970932850913,exchange_guard_proxy_touch,False,0.5682599999999919,0.17778510400000003,-0.061301134493199995,0.08866524800000002,0.32917376150679184,29.700363462067287,2,True
ETHUSDT,long,f003de68d1c9f3f8bd9b273ad350ddab25749c4e95e9c023afecca6e28886c9e,ETHUSDT|long|high_volume,1787925360000,1787925960000,2026-08-28T13:56:00+00:00,2026-08-28T14:06:00+00:00,2518.04,2476.28,0.03,75.54119999999999,15.108239999999999,5,2480.5,2480.5,1.3726636799999927,3.238382787718509,exchange_guard_proxy_touch,False,-1.2527999999999928,0.11986367999999999,0.0,0.06043296000000001,-1.3726636799999927,-181.71060030817526,2,True
BTCUSDT,long,53c66b1074889a53d012356c0321459c4b576f7979c67e9b458e3dbe0ace2aa6,BTCUSDT|long|high_volume,1788028860000,1788052500000,2026-08-29T18:41:00+00:00,2026-08-30T01:15:00+00:00,78308.8,77883.2,0.0016,125.29408000000001,25.058816,5,77472.29999999999,78015.9,1.7485111040000048,5.137514487143663,exchange_guard_proxy_touch,False,-0.6809600000000093,0.19992576000000004,-0.020727538233600004,0.100235264,-0.9016132982336094,-71.95976842909172,2,True
ETHUSDT,long,e171195ef87aece2f52c5f446f40c5c4f4d1b454b5e0ae63cdb8a5b76088acf2,ETHUSDT|long|high_volume,1788097860000,1788131820000,2026-08-30T13:51:00+00:00,2026-08-30T23:17:00+00:00,2477.5,2446.32,0.05,123.875,24.775,5,2450.49,2450.49,1.755952799999992,4.711080602529613,exchange_guard_proxy_touch,False,-1.558999999999992,0.1969528,-0.010207350720000001,0.09910000000000001,-1.766160150719992,-142.57599602179553,2,True
ETHUSDT,long,a82697b2cac4d6cac10f1c88c1b12bf847a3e0e790014e5793582d8698e29b6a,ETHUSDT|long|high_volume,1788153660000,1788251160000,2026-08-31T05:21:00+00:00,2026-09-01T08:26:00+00:00,2434.9700000000003,2448.84,0.04,97.39880000000001,19.479760000000002,5,2403.77,2453.02,1.5663088000000167,3.635102756486048,exchange_guard_proxy_touch,False,0.5547999999999956,0.15628192000000002,-0.050290332752,0.07791904000000002,0.3482277472479956,35.752775932351895,2,True
ETHUSDT,long,79bc7e2b58940af0982f5dc6360d108e2af79b5bb8c64dbdd958f66511f0f95c,ETHUSDT|long|high_volume,1788393360000,1788397260000,2026-09-02T23:56:00+00:00,2026-09-03T01:01:00+00:00,2394.26,2367.01,0.05,119.71300000000002,23.942600000000006,5,2371.0499999999997,2371.0499999999997,1.5529508,2.5380867245207868,exchange_guard_proxy_touch,False,-1.3625,0.19045080000000003,-0.02145124452,0.09577040000000002,-1.57440204452,-131.5147097240901,2,True
BTCUSDT,long,aed87ef5250146d80041829f345ff2f6706330999d2e180e79b52bcef58e34eb,BTCUSDT|long|high_volume,1788447960000,1788484980000,2026-09-03T15:06:00+00:00,2026-09-04T01:23:00+00:00,80953.70000000001,80723.5,0.0004,32.38148,6.4762960000000005,5,77422.7,80861.0,1.5157183040000048,3.840122238603888,exchange_guard_proxy_touch,False,-0.09208000000000466,0.05173670400000001,-0.011346573949600001,0.025905184000000005,-0.1551632779496047,-47.91729036152908,2,True
ETHUSDT,long,ed0f9e6c2fa76c7ab773afdeb6955359491d685a989617ba885ddb744e76645d,ETHUSDT|long|confirmed_volume,1788402660000,1788525000000,2026-09-03T02:31:00+00:00,2026-09-04T12:30:00+00:00,2401.79,2493.94,0.04,96.0716,19.21432,5,2371.0499999999997,2498.1899999999996,1.54380159999999,1.7379415400832978,exchange_guard_proxy_touch,False,3.6860000000000035,0.15666336,-0.06493471999200001,0.07685728,3.4644019200080036,360.60624784098565,2,True
ETHUSDT,long,e7fd21087073e70fda146f80a59c1d1542692c9f7c1019552f868c2b15b08c42,ETHUSDT|long|high_volume,1788625860000,1788678780000,2026-09-05T16:31:00+00:00,2026-09-06T07:13:00+00:00,2470.0,2492.73,0.05,123.5,24.7,5,2447.87,2496.9799999999996,1.5115479999999863,3.544805950014678,exchange_guard_proxy_touch,False,1.136500000000001,0.1985092,-0.0174038436,0.09880000000000001,0.920586956400001,74.54145395951424,2,True
ETHUSDT,long,6e9c384f2ca762872369512e4cedfce8fb149ea379fcf565036939bd56e90e3e,ETHUSDT|long|high_volume,1788748860000,1788766020000,2026-09-07T02:41:00+00:00,2026-09-07T07:27:00+00:00,2533.9900000000002,2485.98,0.03,76.0197,15.20394,5,2485.56,2490.22,1.7001676800000092,10.441503522064652,exchange_guard_proxy_touch,False,-1.4403000000000066,0.12047928000000001,0.0,0.06081576000000001,-1.5607792800000067,-205.31247558198817,2,True
ETHUSDT,long,3e18bbf9ce86549b6d5012f1ca5a2828d7233ac93b0c210a93e8481d962f2cce,ETHUSDT|long|high_volume,1788829260000,1788843600000,2026-09-08T01:01:00+00:00,2026-09-08T05:00:00+00:00,2498.35,2470.2200000000003,0.05,124.9175,24.9835,5,2474.43,2474.43,1.605242799999983,2.9659164082097216,exchange_guard_proxy_touch,False,-1.4064999999999828,0.1987428,0.0,0.09993400000000001,-1.6052427999999828,-128.50423679628415,2,True
ETHUSDT,long,07256d08fa6d336df0114b6ddf50dbe8111fea2e671b67cdb2caccfbf9b17a43,ETHUSDT|long|high_volume,1788926760000,1788951060000,2026-09-09T04:06:00+00:00,2026-09-09T10:51:00+00:00,2504.79,2480.96,0.04,100.1916,20.03832,5,2473.2,2485.1899999999996,1.5911609599999892,12.236718778738277,exchange_guard_proxy_touch,False,-0.9531999999999972,0.15954400000000002,-0.0171408888,0.08015328000000001,-1.129884888799997,-112.77241692916343,2,True
BTCUSDT,long,ea02d9c35f434bad43468c5c88fcacc9cfbbfc9f3aee21affa662989e7f525a8,BTCUSDT|long|confirmed_volume,1788955860000,1788966060000,2026-09-09T12:11:00+00:00,2026-09-09T15:01:00+00:00,79524.0,78556.40000000001,0.0013000000000000002,103.3812,20.67624,5,78501.9,78690.2,1.6664880959999888,1.760437692314593,exchange_guard_proxy_touch,False,-1.2578799999999888,0.16440361600000006,0.0,0.08270496000000002,-1.4222836159999888,-137.57662089432011,2,True
ETHUSDT,long,66e63576749127f0436713d0eae1cb32f12ca76229b991a53b73611d8cccd98a,ETHUSDT|long|high_volume,1789100760000,1789129800000,2026-09-11T04:26:00+00:00,2026-09-11T12:30:00+00:00,2461.55,2434.85,0.04,98.462,19.6924,5,2433.3399999999997,2439.0,1.4505039999999962,3.0277531781133087,exchange_guard_proxy_touch,False,-1.068000000000011,0.15668479999999999,-0.012056251999999998,0.07876960000000001,-1.236741052000011,-125.6059243159809,2,True
ETHUSDT,long,e6c14cce9e9c524876436803fc45cb5a214d455f310a870b6b464d29b34203a9,ETHUSDT|long|high_volume,1789130460000,1789282320000,2026-09-11T12:41:00+00:00,2026-09-13T06:52:00+00:00,2495.14,2509.2200000000003,0.02,49.9028,9.98056,5,2439.0,2513.5,1.2846798399999992,20.283956400481618,exchange_guard_proxy_touch,False,0.2816000000000076,0.08006976000000002,-0.015632385912000002,0.03992224,0.1858978540880076,37.25198868360244,2,True
ETHUSDT,long,26f4ce8d4b541416972fa61c4d62651d7679149433e24518679aa0fe8e17f116,ETHUSDT|long|high_volume,1789355460000,1789384080000,2026-09-14T03:11:00+00:00,2026-09-14T11:08:00+00:00,2520.89,2501.86,0.02,50.4178,10.08356,5,2461.0899999999997,2506.1299999999997,1.3594446399999955,2.344845723725902,exchange_guard_proxy_touch,False,-0.38059999999999494,0.080364,-0.0077676984,0.04033424,-0.46873169839999496,-92.96948664955531,2,True
BTCUSDT,long,a637d8b452cb94f571b6396f2598ea1b6f8a19ebaa3a0c6bdad57edad38e9708,BTCUSDT|long|high_volume,1789393860000,1789449000000,2026-09-14T13:51:00+00:00,2026-09-15T05:10:00+00:00,78455.40000000001,77309.8,0.0012000000000000001,94.14648000000003,18.829296000000006,5,77334.4,77441.5,1.6524319680000001,4.369333367709113,exchange_guard_proxy_touch,False,-1.374720000000007,0.14953459200000002,-0.014637854376000004,0.07531718400000002,-1.538892446376007,-163.45724729974043,2,True
ETHUSDT,long,3984353aa96feb499eaa747b93720e6043bd587d90e871f22fc19ed1787fe644,ETHUSDT|long|high_volume,1789608660000,1789682880000,2026-09-17T01:31:00+00:00,2026-09-17T22:08:00+00:00,2442.7000000000003,2439.4500000000003,0.02,48.854000000000006,9.770800000000001,5,2386.77,2443.6099999999997,1.277006560000005,6.923005260713868,exchange_guard_proxy_touch,False,-0.065,0.07811440000000001,-0.008132088284,0.039083200000000005,-0.15124648828400003,-30.95887507348426,2,True
ETHUSDT,long,6f8345bff633ec6b38157964f59095529b52430171a98179776194b4b3bc4e53,ETHUSDT|long|high_volume,1789749360000,1789852260000,2026-09-18T16:36:00+00:00,2026-09-19T21:11:00+00:00,2608.17,2621.82,0.01,26.0817,5.216340000000001,5,2492.29,2626.29,1.241969759999999,2.0451587772228255,exchange_guard_proxy_touch,False,0.13650000000000093,0.04183992,-0.013334397168,0.020865360000000003,0.08132568283200092,31.18112808290906,2,True
ETHUSDT,long,67fa9f46e1383263c01d0311964cf06d4a35f8afa5f4a76e9ea71af5c24a34fb,ETHUSDT|long|high_volume,1789949160000,1790002740000,2026-09-21T00:06:00+00:00,2026-09-21T14:59:00+00:00,2658.02,2730.3,0.02,53.1604,10.63208,5,2607.12,2645.37,1.190971200000003,10.313207111521589,administrative_period_end_mark,True,1.445600000000004,0.08621312,-0.009217011200000002,0.04252832000000001,1.350169868800004,253.98038178794815,2,False
