symbol,side,event_id,state,entry_ms,exit_ms,entry_utc,exit_utc,entry,exit,qty,notional_usdt,margin_usdt,leverage,initial_guard,last_guard,planned_guard_risk_usdt,volume_ratio,reason,censored,gross_usdt,fees_usdt,funding_usdt,entry_fees_usdt,net_usdt,net_bps,cost_multiplier,exit_intraminute
ETHUSDT,long,8a5346ef7ac50d6d10a0d7ceb840963a0561323256fd27942037eeb62a66c6f7,ETHUSDT|long|high_volume,1672588860000,1672622160000,2023-01-01T16:01:00+00:00,2023-01-02T01:16:00+00:00,1197.63,1191.96,1.25,1497.0375000000001,299.4075,5,1192.98,1192.98,8.879692500000091,2.925158153428165,exchange_guard_proxy_touch,False,-7.087500000000091,1.7921925,-0.14999500000000002,0.8982225,-9.029687500000092,-60.31704282624912,1,True
ETHUSDT,long,7db1ca2203ab98414bbfc6dd8bdf45dcc795d86bea87b25a5a845ae2233e0d3f,ETHUSDT|long|confirmed_volume,1672630860000,1672699680000,2023-01-02T03:41:00+00:00,2023-01-02T22:48:00+00:00,1198.3600000000001,1212.25,1.25,1497.9500000000003,299.59000000000003,5,1192.98,1213.29,9.792740000000112,1.9564500657755488,exchange_guard_proxy_touch,False,17.36249999999984,1.8079575,-0.24827892625,0.89877,15.30626357374984,102.18140507860635,1,True
ETHUSDT,long,0b13de80fc597fce11480cb5479ec3df14eff1be81d9ac01a664a9d3b5246e0d,ETHUSDT|long|high_volume,1672724460000,1672757400000,2023-01-03T05:41:00+00:00,2023-01-03T14:50:00+00:00,1217.29,1212.49,1.1400000000000001,1387.7106,277.54212,5,1210.63,1213.53,10.426592759999805,3.4117702852729646,exchange_guard_proxy_touch,False,-5.471999999999949,1.6619695199999998,-0.07246428331200001,0.83262636,-7.206433803311948,-51.93037945600436,1,True
ETHUSDT,long,2971694993fe7e1e559e940191ce97cb47e30fb70839cfcc80faa42f7fa42b08,ETHUSDT|long|confirmed_volume,1672871460000,1672900140000,2023-01-04T22:31:00+00:00,2023-01-05T06:29:00+00:00,1254.84,1250.43,0.55,690.162,138.0324,5,1238.6,1251.5,10.337485399999975,1.6410338541573681,exchange_guard_proxy_touch,False,-2.42549999999992,0.8267391000000001,-0.06910145000000002,0.4140972,-3.3213405499999205,-48.12407159478384,1,True
ETHUSDT,long,6e42fb8b09556c0748946d1c27dfd07cd11c789393427c100cbca3916446286b,ETHUSDT|long|high_volume,1672965360000,1672983780000,2023-01-06T00:36:00+00:00,2023-01-06T05:43:00+00:00,1254.77,1246.32,0.9400000000000001,1179.4838,235.89676,5,1246.33,1247.39,10.340022560000001,2.13543876029371,exchange_guard_proxy_touch,False,-7.943000000000043,1.41061476,0.0,0.70769028,-9.353614760000044,-79.30261322792262,1,True
ETHUSDT,long,dba376a15593e1d6aa60c89c5e091e7538319475953e3dd8634532dfcfd1af0a,ETHUSDT|long|confirmed_volume,1672993260000,1672995840000,2023-01-06T08:21:00+00:00,2023-01-06T09:04:00+00:00,1250.04,1246.32,1.19,1487.5475999999999,297.50951999999995,5,1247.39,1247.39,6.209201040000031,1.5447286538509404,exchange_guard_proxy_touch,False,-4.426800000000032,1.7824010399999994,0.0,0.8925285599999998,-6.209201040000032,-41.7411922818472,1,True
ETHUSDT,long,ba7c84cf0c09b86ccc7ed9626e4ea7167d8189643f6c382205278aba79226abe,ETHUSDT|long|confirmed_volume,1673097060000,1673100480000,2023-01-07T13:11:00+00:00,2023-01-07T14:08:00+00:00,1265.44,1259.94,1.18,1493.2192,298.64384,5,1261.02,1261.02,8.27796904,1.930227363651159,exchange_guard_proxy_touch,False,-6.489999999999999,1.78796904,0.0,0.8959315199999999,-8.277969039999999,-55.437065368567445,1,True
ETHUSDT,long,3e57d42f5a7e6db0b49f2bd7046c52378634825c7ca0004b97afdcbac8a88e4c,ETHUSDT|long|high_volume,1673190060000,1673403840000,2023-01-08T15:01:00+00:00,2023-01-11T02:24:00+00:00,1267.02,1331.8600000000001,1.1,1393.722,278.7444,5,1260.42,1333.0,10.11539760000007,4.185772650664748,exchange_guard_proxy_touch,False,71.32400000000017,1.7152608,-1.0236827265500001,0.8362331999999999,68.58505647345017,492.09997742340414,1,True
ETHUSDT,long,3eed65f11cd9fd2ce9ffae67d2ec21ed6518f5757eb398d181daa66ccd3ee199,ETHUSDT|long|high_volume,1673529060000,1673529900000,2023-01-12T13:11:00+00:00,2023-01-12T13:25:00+00:00,1401.91,1393.56,1.06,1486.0246000000002,297.20492,5,1394.75,1394.75,10.628918920000146,2.079376934718842,exchange_guard_proxy_touch,False,-8.851000000000145,1.77791892,0.0,0.89161476,-10.628918920000144,-71.52586114657956,1,True
ETHUSDT,long,cb863b838d8ff0ef0f78aab5db498c6b1870d2f3962d85b02e503c1f7a22059f,ETHUSDT|long|high_volume,1673601360000,1673605980000,2023-01-13T09:16:00+00:00,2023-01-13T10:33:00+00:00,1412.79,1404.03,0.71,1003.0808999999999,200.61617999999999,5,1400.69,1405.23,10.641031279999966,2.7021554284638074,exchange_guard_proxy_touch,False,-6.219599999999994,1.1999653199999998,0.0,0.6018485399999999,-7.419565319999993,-73.9677659100078,1,True
BTCUSDT,long,2881be86f5a082fecc4d4b1bca5520608dcbb77a2d420b76fba8c6719eed45d5,BTCUSDT|long|high_volume,1673830560000,1673856540000,2023-01-16T00:56:00+00:00,2023-01-16T08:09:00+00:00,21003.300000000003,20732.2,0.0284,596.4937200000002,119.29874400000003,5,20669.9,20749.9,10.678211424,3.0813008697524946,exchange_guard_proxy_touch,False,-7.699240000000063,0.7111729199999999,-0.059969440000000006,0.35789623200000004,-8.470382360000063,-142.00287573857543,1,True
ETHUSDT,long,f796f904efb4565f87ccfd8f31bb6bf20f7c50264590f00d4c7f42880c875df5,ETHUSDT|long|confirmed_volume,1673725860000,1673856540000,2023-01-14T19:51:00+00:00,2023-01-16T08:09:00+00:00,1538.05,1539.91,0.34,522.937,104.5874,5,1509.99,1541.23,10.60053699999997,1.6608324411356614,exchange_guard_proxy_touch,False,0.6324000000000434,0.62790384,-0.451914615424,0.3137622,-0.44741845542395664,-8.555876815447302,1,True
BTCUSDT,long,4d9134fab9084cf77a04d30070d2f96838866c17dc6ced33fc06d60d5c74b6d8,BTCUSDT|long|high_volume,1673914560000,1673917920000,2023-01-17T00:16:00+00:00,2023-01-17T01:12:00+00:00,21307.2,21038.0,0.0358,762.79776,152.559552,5,21055.9,21055.9,10.546934896000026,8.690767791508849,exchange_guard_proxy_touch,False,-9.637360000000026,0.9095748959999999,0.0,0.45767865599999996,-10.546934896000026,-138.26646391830027,1,True
BTCUSDT,long,0b0b91b9a52bedc73c8520f0afa6d5ac51e281234bf0e0799a27250e0144aed6,BTCUSDT|long|high_volume,1673956860000,1673966280000,2023-01-17T12:01:00+00:00,2023-01-17T14:38:00+00:00,21246.100000000002,21059.600000000002,0.0458,973.0713800000001,194.61427600000002,5,21062.0,21077.600000000002,10.418311948000099,3.3423337505441886,exchange_guard_proxy_touch,False,-8.5417,1.162560636,0.0,0.583842828,-9.704260636,-99.72814775417605,1,True
ETHUSDT,long,11dd446c946b3bbb8a4dd5e0913f93fbd231a9d2c7cabdf24946c8868c26e5bc,ETHUSDT|long|high_volume,1673895660000,1674056820000,2023-01-16T19:01:00+00:00,2023-01-18T15:47:00+00:00,1574.1100000000001,1569.46,0.18,283.3398,56.66796000000001,5,1520.73,1570.8,10.176502320000012,6.052390651976966,exchange_guard_proxy_touch,False,-0.8370000000000163,0.33950556,-0.1415007,0.17000388,-1.3180062600000162,-46.51680632230333,1,True
BTCUSDT,long,f6676b09d82d6a1f4ff163a18908eadee42f5e4d47a93f54a1941edb255c5091,BTCUSDT|long|confirmed_volume,1674044460000,1674057120000,2023-01-18T12:21:00+00:00,2023-01-18T15:52:00+00:00,21247.800000000003,21114.0,0.065,1381.1070000000002,276.2214,5,21132.0,21132.0,10.34911020000019,1.8937019910574386,exchange_guard_proxy_touch,False,-8.69700000000019,1.6521101999999999,0.0,0.8286642000000001,-10.349110200000188,-74.93344252110943,1,True
BTCUSDT,long,ac29d9c2ae6abe5e88a2ccd9c3ed2093eb95f10791cc6f4c1a8cb031f5a87729,BTCUSDT|long|high_volume,1674102660000,1674190320000,2023-01-19T04:31:00+00:00,2023-01-20T04:52:00+00:00,20838.800000000003,20993.4,0.0393,818.9648400000001,163.79296800000003,5,20621.0,21011.300000000003,10.228427076000058,3.445012067962185,exchange_guard_proxy_touch,False,6.075779999999943,0.986403276,-0.24663618900000003,0.491378904,4.842740534999943,59.13245964258908,1,True
ETHUSDT,long,3dfdf1842f7c3bbe61c4acd333217df3edc8a6f8a1a4cbf8d2622395cef0c0c1,ETHUSDT|long|high_volume,1674141660000,1674190500000,2023-01-19T15:21:00+00:00,2023-01-20T04:55:00+00:00,1544.82,1544.04,0.29,447.9977999999999,89.59955999999998,5,1512.81,1545.36,10.188803159999987,3.4959623098080477,exchange_guard_proxy_touch,False,-0.22619999999999207,0.5374616399999999,-0.08945137,0.26879867999999996,-0.853113009999992,-19.04279462979488,1,True
ETHUSDT,long,bf407b642684167d7982ff6e328c974016efcb1ba09a69c7c95b35547800ebd9,ETHUSDT|long|high_volume,1674284160000,1674291660000,2023-01-21T06:56:00+00:00,2023-01-21T09:01:00+00:00,1655.64,1644.17,0.64,1059.6096,211.92192,5,1642.99,1645.57,10.258136319999972,2.075120774913779,exchange_guard_proxy_touch,False,-7.3408000000000175,1.26712704,-0.10572864000000001,0.63576576,-8.713655680000018,-82.23458602111587,1,True
ETHUSDT,long,f2cd559fd070ebf779306f25a32799898efe66d48fc5926ed43047abcb470dcd,ETHUSDT|long|high_volume,1674295260000,1674296760000,2023-01-21T10:01:00+00:00,2023-01-21T10:26:00+00:00,1661.56,1644.17,0.53,880.6268,176.12536,5,1645.57,1645.57,10.267922139999932,7.062620625946517,exchange_guard_proxy_touch,False,-9.216699999999934,1.05122214,0.0,0.52837608,-10.267922139999934,-116.59788391631886,1,True
ETHUSDT,long,e3c93fb9e221da001f60f11ed414661491a716415c1dff9d18a0318ab6467a1d,ETHUSDT|long|high_volume,1674328260000,1674341940000,2023-01-21T19:11:00+00:00,2023-01-21T22:59:00+00:00,1665.6100000000001,1641.0900000000001,0.39,649.5879000000001,129.91758000000002,5,1642.49,1642.49,10.336567799999994,3.24226379541105,exchange_guard_proxy_touch,False,-9.562799999999994,0.7737678,0.0,0.38975274,-10.336567799999994,-159.12500525333047,1,True
BTCUSDT,long,d82a40fddde7e498ea16d3d8a507d4918a582c036cc814d3d3d79ca16dbc1850,BTCUSDT|long|confirmed_volume,1674285060000,1674355440000,2023-01-21T07:11:00+00:00,2023-01-22T02:44:00+00:00,22636.9,22650.600000000002,0.0522,1181.6461800000002,236.32923600000004,5,22486.9,22669.9,10.244916072000038,1.629674594380477,exchange_guard_proxy_touch,False,0.7151400000000381,1.4184044999999998,-0.357098112,0.708987708,-1.0603626119999618,-8.973605043093032,1,True
BTCUSDT,long,7d825ec9a3c1230a3d469b7e5d1151d4e009e1d4d83e8e823228a9d5981d627c,BTCUSDT|long|high_volume,1674362160000,1674386280000,2023-01-22T04:36:00+00:00,2023-01-22T11:18:00+00:00,22821.800000000003,22792.800000000003,0.0502,1145.6543600000002,229.13087200000004,5,22669.9,22812.2,9.963868688000037,3.5776772993859347,exchange_guard_proxy_touch,False,-1.4558,1.3739117520000002,-0.11492386400000001,0.687392616,-2.9446356160000002,-25.70265272677878,1,True
BTCUSDT,long,90310b43f28c5787e1fe606244a66d20d6d6db01459bf2f3fac17c64182d5623,BTCUSDT|long|high_volume,1674392760000,1674400920000,2023-01-22T13:06:00+00:00,2023-01-22T15:22:00+00:00,22933.800000000003,22792.800000000003,0.059000000000000004,1353.0942000000002,270.61884000000003,5,22812.2,22812.2,9.93772164,2.0547386886886407,exchange_guard_proxy_touch,False,-8.319,1.6187216400000002,0.0,0.8118565200000001,-9.937721640000001,-73.44441828218612,1,True
ETHUSDT,long,eab8b2e5dd5718012376943f4524b5b8a390b53c8c61da33b5640457f5e818fa,ETHUSDT|long|high_volume,1674399360000,1674400980000,2023-01-22T14:56:00+00:00,2023-01-22T15:23:00+00:00,1644.1200000000001,1617.3600000000001,0.34,559.0008,111.80016,5,1618.74,1618.74,9.763741919999998,7.400036528567047,exchange_guard_proxy_touch,False,-9.098399999999998,0.6653419200000001,0.0,0.33540048000000006,-9.763741919999998,-174.66418509597833,1,True
ETHUSDT,long,93819c7d3c34f6131ee7e3fff2c87a6633e40acab86df36e9f8a7257253c83d1,ETHUSDT|long|confirmed_volume,1674407460000,1674419820000,2023-01-22T17:11:00+00:00,2023-01-22T20:37:00+00:00,1645.23,1617.3600000000001,0.32,526.4736,105.29472000000001,5,1618.74,1618.74,9.544817279999966,1.9896300410998216,exchange_guard_proxy_touch,False,-8.918399999999965,0.62641728,0.0,0.31588415999999997,-9.544817279999965,-181.2971681770931,1,True
BTCUSDT,long,e962d2f6f09f45a3b1ebaed50d3cfe8d9ea77b6f2ba52f5dc08167c4b2294cdf,BTCUSDT|long|high_volume,1674456660000,1674458760000,2023-01-23T06:51:00+00:00,2023-01-23T07:26:00+00:00,22803.4,22626.2,0.0472,1076.32048,215.26409600000002,5,22645.5,22645.5,9.650406272000033,2.115657503348062,exchange_guard_proxy_touch,False,-8.363840000000033,1.286566272,0.0,0.6457922879999999,-9.650406272000033,-89.66108562758215,1,True
ETHUSDT,long,71e434b0c7a78cbe40283c8224ba1df486ed7d589d67d9205ab49f8f24b23942,ETHUSDT|long|high_volume,1674457560000,1674458760000,2023-01-23T07:06:00+00:00,2023-01-23T07:26:00+00:00,1639.19,1626.72,0.66,1081.8654000000001,216.37308000000002,5,1628.11,1628.11,9.523500360000018,2.1008064414726686,exchange_guard_proxy_touch,False,-8.230200000000018,1.29330036,0.0,0.64911924,-9.523500360000018,-88.02851408317538,1,True
ETHUSDT,long,6d2a0201125f94b4d195c900654fa11f507f20e4db83c4cad6656c3066570d90,ETHUSDT|long|high_volume,1674462060000,1674479520000,2023-01-23T08:21:00+00:00,2023-01-23T13:12:00+00:00,1640.39,1626.72,0.6,984.234,196.8468,5,1628.11,1628.11,9.378159600000044,2.0742200887937448,exchange_guard_proxy_touch,False,-8.202000000000043,1.1761595999999999,0.0,0.5905404,-9.378159600000043,-95.28384103780242,1,True
BTCUSDT,long,ceeb18e26880daa2c971fbe1fc9199ff235c28ab5bdc064f5ae35ef3e74f267b,BTCUSDT|long|high_volume,1674466260000,1674485940000,2023-01-23T09:31:00+00:00,2023-01-23T14:59:00+00:00,22795.300000000003,22626.2,0.047900000000000005,1091.8948700000003,218.37897400000006,5,22645.5,22645.5,9.405303910000105,2.145132806720283,exchange_guard_proxy_touch,False,-8.099890000000105,1.30541391,0.0,0.6551369220000001,-9.405303910000105,-86.13744938649728,1,True
ETHUSDT,long,2b138dee2cb3002b7680dca22580b719fee2894c1cc639a2435ec60a48c14854,ETHUSDT|long|high_volume,1674525360000,1674567720000,2023-01-24T01:56:00+00:00,2023-01-24T13:42:00+00:00,1638.15,1612.03,0.29,475.0635,95.0127,5,1609.61,1613.41,9.238771860000023,4.505816366192789,exchange_guard_proxy_touch,False,-7.5748000000000335,0.56553132,-0.04745386,0.28503809999999996,-8.187785180000033,-172.35138418337826,1,True
BTCUSDT,long,d05bf07097c1a9c25c2ee24ce48093c3f12c21afe7c5adad2826bbf03bf8c492,BTCUSDT|long|confirmed_volume,1674520560000,1674570660000,2023-01-24T00:36:00+00:00,2023-01-24T14:31:00+00:00,22997.800000000003,22740.5,0.0236,542.7480800000001,108.54961600000001,5,22652.9,22759.9,9.241260624000018,1.7677847981760222,exchange_guard_proxy_touch,False,-6.0722800000000685,0.647654328,-0.054403428,0.325648848,-6.774337756000068,-124.81550843993897,1,True
ETHUSDT,long,937f37af1d91638c698ed059310fc4cfbd4d86df1849193e80d4a545e1544916,ETHUSDT|long|high_volume,1674651960000,1674658740000,2023-01-25T13:06:00+00:00,2023-01-25T14:59:00+00:00,1565.63,1535.54,0.28,438.37640000000005,87.67528000000001,5,1536.85,1536.85,8.946196560000041,4.512266946974689,exchange_guard_proxy_touch,False,-8.425200000000041,0.52099656,0.0,0.26302584,-8.946196560000041,-204.07568838103606,1,True
ETHUSDT,long,a8a9843c79ec6a6fcf7a9022725fdbfcae324084727b375d3e9892076fe46ba7,ETHUSDT|long|high_volume,1674735960000,1674748500000,2023-01-26T12:26:00+00:00,2023-01-26T15:55:00+00:00,1610.17,1589.88,0.37,595.7629000000001,119.15258000000001,5,1589.56,1591.24,8.838938140000009,2.4322649701755488,exchange_guard_proxy_touch,False,-7.5072999999999865,0.7104111,0.0,0.35745773999999997,-8.217711099999987,-137.935932230758,1,True
BTCUSDT,long,7175c0736951046a544b22cc83afb09597d9bc618a6b534fd622e1166297593d,BTCUSDT|long|high_volume,1674757860000,1674778800000,2023-01-26T18:31:00+00:00,2023-01-27T00:20:00+00:00,23089.9,22935.300000000003,0.0318,734.2588200000001,146.85176400000003,5,22855.9,22954.9,8.937573804000001,3.947375990199357,exchange_guard_proxy_touch,False,-4.916279999999954,0.8781608160000001,-0.07314604200000002,0.44055529200000004,-5.867586857999955,-79.91169732220519,1,True
ETHUSDT,long,df9c9b3d783265d7f48e2c328fcd7a0bfb80afba0d81a41bf2d40aca0a95455b,ETHUSDT|long|high_volume,1674757860000,1674778980000,2023-01-26T18:31:00+00:00,2023-01-27T00:23:00+00:00,1604.15,1592.07,0.55,882.2825000000001,176.45650000000003,5,1591.24,1593.43,8.90252989999999,4.747554696349755,exchange_guard_proxy_touch,False,-6.644000000000085,1.0547526,-0.08803795000000002,0.5293695,-7.786790550000086,-88.25733877754669,1,True
ETHUSDT,long,d7d2246b67954743830696a61f788bf12b96b9e6637e8b7ef73f706ef03343aa,ETHUSDT|long|high_volume,1674842160000,1674890400000,2023-01-27T17:56:00+00:00,2023-01-28T07:20:00+00:00,1608.58,1590.31,0.15,241.28699999999998,48.2574,5,1555.29,1591.67,8.477628599999983,8.55409179900164,exchange_guard_proxy_touch,False,-2.7404999999999973,0.28790009999999994,-0.0239562,0.1447722,-3.0523562999999974,-126.50313941488757,1,True
BTCUSDT,long,dce55fe1dc7f39357c136321aa27cde2d2df2e9c06beaece0824f794e16a1045,BTCUSDT|long|high_volume,1674832560000,1674897420000,2023-01-27T15:16:00+00:00,2023-01-28T09:17:00+00:00,23124.7,22920.4,0.0324,749.24028,149.84805599999999,5,22900.0,22939.9,8.806421088000024,2.163672727249122,exchange_guard_proxy_touch,False,-6.619319999999976,0.895116744,-0.22349908799999998,0.44954416799999997,-7.737935831999976,-103.27709332445362,1,True
ETHUSDT,long,ba951f8e668d80ad1b9ee92fb96ad1f077ced4fb4b106ef2d0cae9cd25a4a54c,ETHUSDT|long|high_volume,1674987060000,1675060680000,2023-01-29T10:11:00+00:00,2023-01-30T06:38:00+00:00,1609.23,1630.77,0.36,579.3228,115.86456000000001,5,1587.8700000000001,1632.16,8.865882000000012,7.363863485702559,exchange_guard_proxy_touch,False,7.754399999999986,0.6998399999999999,-0.11723868000000001,0.34759367999999996,6.937321319999986,119.7488053292566,1,True
BTCUSDT,long,182e76558c4708014bce007abd90f9477c7b0e76d3638eb8f7134cb85f113d4c,BTCUSDT|long|high_volume,1674950460000,1675067160000,2023-01-29T00:01:00+00:00,2023-01-30T08:26:00+00:00,23040.9,23547.800000000003,0.056900000000000006,1311.0272100000002,262.20544200000006,5,22935.0,23567.9,8.704211496000083,3.456692395234151,exchange_guard_proxy_touch,False,28.842610000000086,1.5905382180000003,-0.535493297,0.786616326,26.71657848500009,203.78355446184892,1,True
ETHUSDT,long,dbd01bfcf91ffa6c00baa0aec313466864bafdfa0d9ac0520cf770a844e3d7b3,ETHUSDT|long|confirmed_volume,1675168260000,1675199820000,2023-01-31T12:31:00+00:00,2023-01-31T21:17:00+00:00,1575.89,1563.75,0.5,787.945,157.589,5,1561.03,1565.09,9.035677000000028,1.5611434952066827,exchange_guard_proxy_touch,False,-6.07000000000005,0.9418920000000001,-0.07942450000000001,0.472767,-7.09131650000005,-89.99760770104577,1,True
ETHUSDT,long,ba13dc4e4706016d7234ddb8abcd9df1a30a6affa3070c4006282c0540ec90fc,ETHUSDT|long|high_volume,1675205760000,1675232340000,2023-01-31T22:56:00+00:00,2023-02-01T06:19:00+00:00,1593.92,1576.76,0.28,446.29760000000005,89.25952000000001,5,1565.09,1578.11,8.978088560000021,5.821877102608349,exchange_guard_proxy_touch,False,-4.804800000000023,0.5326742400000001,-0.044380560000000006,0.26777856,-5.381854800000023,-120.58892541658352,1,True
BTCUSDT,long,2b0ecd6d53081c88ce3675ae2d56a8014aa0a7a3aafc889ab1690766d955fae2,BTCUSDT|long|confirmed_volume,1675169760000,1675234860000,2023-01-31T12:56:00+00:00,2023-02-01T07:01:00+00:00,22927.0,23008.300000000003,0.0379,868.9333,173.78666,5,22735.4,23027.9,9.03482182,1.7814741796022726,exchange_guard_proxy_touch,False,3.0812700000001105,1.0445687220000002,-0.175224965,0.52135998,1.8614763130001104,21.42254547040734,1,True
BTCUSDT,long,6fdcde83854433f81546f70816147b1db1d5eb01e2318eeb66f20b1b69afb2aa,BTCUSDT|long|high_volume,1675347660000,1675349820000,2023-02-02T14:21:00+00:00,2023-02-02T14:57:00+00:00,23923.300000000003,23639.7,0.0287,686.5987100000001,137.31974200000002,5,23659.9,23659.9,8.958354860000062,3.6869511646256687,exchange_guard_proxy_touch,False,-8.139320000000062,0.8190348599999999,0.0,0.411959226,-8.958354860000062,-130.4743910748108,1,True
ETHUSDT,long,3f7a4c307679a53f7f1de1ed9ecfb5fd35c1a95798d2cd2cbb8a9aed6f8b2d93,ETHUSDT|long|high_volume,1675332060000,1675349820000,2023-02-02T10:01:00+00:00,2023-02-02T14:57:00+00:00,1675.8600000000001,1659.17,0.47000000000000003,787.6542000000001,157.53084,5,1660.59,1660.59,8.784778460000025,3.3592604108160895,exchange_guard_proxy_touch,False,-7.844300000000026,0.9404784599999999,0.0,0.47259252000000007,-8.784778460000027,-111.53090353609522,1,True
ETHUSDT,long,a836b5548174e25b0dd0e9a38e1db64e686450616cd41ee16d7b7299df3f90d5,ETHUSDT|long|high_volume,1675421160000,1675431060000,2023-02-03T10:46:00+00:00,2023-02-03T13:31:00+00:00,1645.25,1629.6000000000001,0.49,806.1725,161.2345,5,1630.99,1630.99,8.631305899999933,2.667813677031414,exchange_guard_proxy_touch,False,-7.668499999999933,0.9628059000000001,0.0,0.4837034999999999,-8.631305899999933,-107.06524844248511,1,True
BTCUSDT,long,80c1a7e97028cac58f049954c4dba3f24f5b14e0df4080ed81363e8ce6ecff76,BTCUSDT|long|confirmed_volume,1675505460000,1675553880000,2023-02-04T10:11:00+00:00,2023-02-04T23:38:00+00:00,23370.0,23335.0,0.0516,1205.892,241.1784,5,23249.9,23354.9,8.661579095999887,1.9752339734519069,exchange_guard_proxy_touch,False,-1.806,1.4459867999999998,-0.12084771600000001,0.7235351999999999,-3.372834516,-27.969623448866066,1,True
ETHUSDT,long,63596855024b51cb0abfd0481a00302b6841e9ec826c39f4be487424a50f56b6,ETHUSDT|long|high_volume,1675494660000,1675553880000,2023-02-04T07:11:00+00:00,2023-02-04T23:38:00+00:00,1657.0,1670.5900000000001,0.8300000000000001,1375.3100000000002,275.062,5,1649.99,1672.02,8.634778840000061,2.3056269006420878,exchange_guard_proxy_touch,False,11.279700000000123,1.65713982,-0.27711210000000003,0.825186,9.345448080000123,67.95157513578846,1,True
ETHUSDT,long,8636e3400f2f15772639d8b983f323c8d6fa5ba939475577658db4bbd41b4b9a,ETHUSDT|long|high_volume,1675577160000,1675601400000,2023-02-05T06:06:00+00:00,2023-02-05T12:50:00+00:00,1670.0,1655.27,0.52,868.4,173.68,5,1656.68,1656.68,8.69708424000001,2.331012258124071,exchange_guard_proxy_touch,False,-7.65960000000001,1.03748424,-0.08673808000000001,0.5210400000000001,-8.78382232000001,-101.14949700598814,1,True
ETHUSDT,long,23875b83419bfac5c139fbf51bd6453de23ce57e6d12821ff7f3f1add5d5729e,ETHUSDT|long|high_volume,1675698960000,1675724880000,2023-02-06T15:56:00+00:00,2023-02-06T23:08:00+00:00,1635.58,1620.9,0.51,834.1458,166.82916,5,1622.28,1622.28,8.483282879999916,2.453172557510956,exchange_guard_proxy_touch,False,-7.486799999999917,0.99648288,-0.08407809000000001,0.50048748,-8.567360969999918,-102.70819525795031,1,True
BTCUSDT,long,35c5cccf04202eaa5f64281f611832a8d83b61902faae3a8243c382b82cd7a33,BTCUSDT|long|high_volume,1675698960000,1675725060000,2023-02-06T15:56:00+00:00,2023-02-06T23:11:00+00:00,22922.2,22721.5,0.0378,866.45916,173.291832,5,22740.9,22740.9,8.621659116000027,2.362654582636285,exchange_guard_proxy_touch,False,-7.586460000000027,1.0351991159999998,-0.08709309000000001,0.5198754959999999,-8.708752206000026,-100.50966748392419,1,True
BTCUSDT,long,68da81c98bb5c56f16a8d9da33fec929ad4467a1066bd5250dc907d8af922d00,BTCUSDT|long|high_volume,1675792260000,1675794420000,2023-02-07T17:51:00+00:00,2023-02-07T18:27:00+00:00,23191.2,22835.2,0.022000000000000002,510.2064000000001,102.04128000000001,5,22854.7,22854.7,8.439548480000001,15.898857684441563,exchange_guard_proxy_touch,False,-7.832000000000001,0.6075484800000001,0.0,0.30612384000000004,-8.439548480000001,-165.4143985649729,1,True
ETHUSDT,long,cc4256b447d6f13029f5239f316af4511499f507ddf48c94e11282a093db68d6,ETHUSDT|long|high_volume,1675792260000,1675794600000,2023-02-07T17:51:00+00:00,2023-02-07T18:30:00+00:00,1658.69,1626.6000000000001,0.24,398.0856,79.61712,5,1627.99,1627.99,8.174681759999979,15.026715903437703,exchange_guard_proxy_touch,False,-7.7015999999999805,0.4730817599999999,0.0,0.23885135999999998,-8.17468175999998,-205.349848374319,1,True
ETHUSDT,long,ddb8a01059c05ed5e6569185b8a6e9c6655bdf3f6733eb330c5a728c16cf717f,ETHUSDT|long|high_volume,1675867560000,1675867980000,2023-02-08T14:46:00+00:00,2023-02-08T14:53:00+00:00,1680.69,1666.24,0.5,840.345,168.06900000000002,5,1667.66,1667.66,8.229079000000024,6.335383380297092,exchange_guard_proxy_touch,False,-7.225000000000023,1.004079,0.0,0.504207,-8.229079000000024,-97.92500699117652,1,True
BTCUSDT,long,a899bedf1202c3a1e225527fec8cfda6a3a1cf815a340a3075e04a606c6943f1,BTCUSDT|long|high_volume,1675801860000,1675871520000,2023-02-07T20:31:00+00:00,2023-02-08T15:52:00+00:00,23186.7,22835.2,0.0219,507.78873,101.557746,5,22854.7,22854.7,8.302577765999999,2.255243517261677,exchange_guard_proxy_touch,False,-7.69785,0.6047277659999999,-0.101749809,0.304673238,-8.404327574999998,-165.5083517706271,1,True
ETHUSDT,long,88acfdaec2ea46613ab4adcb8fb925f34d196e02608288c6f86878f07fabfbb1,ETHUSDT|long|high_volume,1675904460000,1675911300000,2023-02-09T01:01:00+00:00,2023-02-09T02:55:00+00:00,1656.72,1634.81,0.34,563.2848,112.65696,5,1636.21,1636.21,8.120872120000028,2.0927546957275744,exchange_guard_proxy_touch,False,-7.449400000000028,0.67147212,0.0,0.33797088,-8.120872120000028,-144.1699140470332,1,True
BTCUSDT,long,bb8695f0b53c5ac5196db6a647fb38486ac23ef72acb3a35c021e54c592e78db,BTCUSDT|long|high_volume,1675901160000,1675911660000,2023-02-09T00:06:00+00:00,2023-02-09T03:01:00+00:00,23005.5,22746.9,0.0284,653.3562000000001,130.67124,5,22766.300000000003,22766.300000000003,8.12386089599996,2.4656483505642988,exchange_guard_proxy_touch,False,-7.344239999999959,0.779620896,0.0,0.39201371999999995,-8.12386089599996,-124.34045771663234,1,True
ETHUSDT,long,edc86d474a87c41122b8467553fb719153258fe38c1bb21c27ed6827f4d31ec3,ETHUSDT|long|high_volume,1676039760000,1676043720000,2023-02-10T14:36:00+00:00,2023-02-10T15:42:00+00:00,1546.52,1529.68,0.36,556.7472,111.34944,5,1527.84,1530.99,7.856580960000006,3.068639070880564,exchange_guard_proxy_touch,False,-6.06239999999997,0.6644591999999999,0.0,0.33404831999999995,-6.72685919999997,-120.82430230452832,1,True
BTCUSDT,long,7b6925c7dc1c565ae8c08ccff71b332249dff1eb13cfcc07c86804db9322379f,BTCUSDT|long|high_volume,1676506560000,1676555340000,2023-02-16T00:16:00+00:00,2023-02-16T13:49:00+00:00,24668.100000000002,24406.100000000002,0.0029000000000000002,71.53749,14.307498,5,22075.800000000003,24426.9,7.653491674000008,9.31862707741009,exchange_guard_proxy_touch,False,-0.7598,0.085389108,-0.007142932,0.042922494000000005,-0.8523320400000001,-119.14480645043598,1,True
BTCUSDT,long,0cb2e2e89ab95548c8aee533f2817495b8ca04abede80f2515ee8666541e207c,BTCUSDT|long|high_volume,1676562360000,1676583060000,2023-02-16T15:46:00+00:00,2023-02-16T21:31:00+00:00,24880.800000000003,24406.100000000002,0.015600000000000001,388.1404800000001,77.62809600000001,5,24426.9,24426.9,7.8666453840000115,3.4952537181238283,exchange_guard_proxy_touch,False,-7.405320000000012,0.46132538400000006,-0.0906929437752,0.23288428800000002,-7.957338327775212,-205.01181241841127,1,True
BTCUSDT,long,d7cb7ae6fe97535fb4c2e2f673d02ea329a5803e22d4b768a5ebf7f8641202ef,BTCUSDT|long|high_volume,1676633460000,1676706840000,2023-02-17T11:31:00+00:00,2023-02-18T07:54:00+00:00,23827.5,24481.600000000002,0.0219,521.8222499999999,104.36444999999999,5,23519.9,24502.5,7.796322035999967,3.15763556127957,exchange_guard_proxy_touch,False,14.324790000000048,0.634781574,-0.106680594,0.31309334999999994,13.583327832000048,260.3056468366393,1,True
BTCUSDT,long,83011cf9cb1286e4ded2ef9fe9d2faf49bfc035aa4878249af3296b687401aaf,BTCUSDT|long|high_volume,1676732160000,1676826420000,2023-02-18T14:56:00+00:00,2023-02-19T17:07:00+00:00,24696.2,24532.600000000002,0.0256,632.2227200000001,126.44454400000002,5,24436.300000000003,24553.5,7.940275712000019,3.4181898687082595,exchange_guard_proxy_touch,False,-4.188159999999963,0.756154368,-0.25296153599999993,0.37933363200000003,-5.197275903999962,-82.20640827333699,1,True
BTCUSDT,long,329b1bbaede9f7a3af3c8bab61e12b922dfd7819802d9064bf24558bac085633,BTCUSDT|long|high_volume,1676903160000,1676969220000,2023-02-20T14:26:00+00:00,2023-02-21T08:47:00+00:00,24951.0,24630.100000000002,0.0123,306.89730000000003,61.37946000000001,5,24361.100000000002,24651.100000000002,7.875379793999965,4.22587905939408,exchange_guard_proxy_touch,False,-3.947069999999973,0.365908518,-0.092003016,0.18413838,-4.4049815339999725,-143.53275620215533,1,True
BTCUSDT,long,76c045c27776f9e8b9f4b222399bcb4b86018e09ab05ac05d440a3025669f13d,BTCUSDT|long|high_volume,1677196260000,1677226500000,2023-02-23T23:51:00+00:00,2023-02-24T08:15:00+00:00,23940.300000000003,23729.7,0.028300000000000002,677.5104900000001,135.50209800000002,5,23711.4,23749.9,7.858312870000062,2.1917257959267786,exchange_guard_proxy_touch,False,-5.959980000000062,0.8094366,-0.067073877261,0.40650629400000005,-6.836490477261062,-100.90604615230475,1,True
BTCUSDT,long,b4ecd7f4b22d50b217c6d71f4588b78f662826621802fee6465483e80604e91c,BTCUSDT|long|high_volume,1677227760000,1677245760000,2023-02-24T08:36:00+00:00,2023-02-24T13:36:00+00:00,23957.300000000003,23729.7,0.0304,728.3019200000001,145.66038400000002,5,23749.9,23749.9,7.788850880000066,6.329684974082351,exchange_guard_proxy_touch,False,-6.9190400000000665,0.86981088,0.0,0.436981152,-7.788850880000067,-106.94535694757012,1,True
BTCUSDT,long,22f964ffd6fc4b79515eab5ffd3559696cdb59f7039f932f6c27e76f45f3d93b,BTCUSDT|long|high_volume,1677312060000,1677318780000,2023-02-25T08:01:00+00:00,2023-02-25T09:53:00+00:00,23126.100000000002,22990.4,0.0472,1091.55192,218.31038400000003,5,23010.0,23010.0,7.7110592800000335,2.4005642888033223,exchange_guard_proxy_touch,False,-6.405040000000034,1.30601928,0.0,0.654931152,-7.711059280000034,-70.6430829236234,1,True
BTCUSDT,long,ffd7ad027f51ff8cd9a61426bc81571cb3f1811a66e7e9bb75e91beb7d5e6c89,BTCUSDT|long|high_volume,1677403860000,1677476700000,2023-02-26T09:31:00+00:00,2023-02-27T05:45:00+00:00,23252.2,23404.300000000003,0.034300000000000004,797.5504600000002,159.51009200000004,5,23077.100000000002,23424.300000000003,7.634691567999976,3.3445781516693738,exchange_guard_proxy_touch,False,5.217030000000076,0.96019077,-0.11822977878180002,0.47853027600000003,4.138609451218276,51.891506039859536,1,True
BTCUSDT,long,34db206a22f99e94ace446ba7d3a761436d2ed0ce9ea29f63edac9ec0d4b2b0b,BTCUSDT|long|high_volume,1677682260000,1677682740000,2023-03-01T14:51:00+00:00,2023-03-01T14:59:00+00:00,23823.5,23650.0,0.038,905.293,181.0586,5,23670.2,23670.2,7.6753958,8.997038563781205,exchange_guard_proxy_touch,False,-6.593,1.0823957999999998,0.0,0.5431757999999999,-7.6753957999999995,-84.78355405377043,1,True
BTCUSDT,long,1fc38f8c43361f363d3c49085cfdba35310f6fc55092f3649969e310a195e38c,BTCUSDT|long|high_volume,1677789960000,1677806280000,2023-03-02T20:46:00+00:00,2023-03-03T01:18:00+00:00,23540.100000000002,23352.2,0.024800000000000003,583.7944800000001,116.75889600000002,5,23281.5,23372.100000000002,7.600730784000037,4.893994969303451,exchange_guard_proxy_touch,False,-4.659920000000037,0.6977574240000001,-0.05817360800000001,0.35027668800000006,-5.415851032000036,-92.76982255810358,1,True
BTCUSDT,long,f81bb115d9071e73c6588c5153c5b7dcfb024f574a1e996953484afd745e3064,BTCUSDT|long|confirmed_volume,1677931860000,1677944520000,2023-03-04T12:11:00+00:00,2023-03-04T15:42:00+00:00,22370.7,22291.9,0.0489,1093.92723,218.785446,5,22262.100000000002,22310.9,7.548608891999929,1.960553263742611,exchange_guard_proxy_touch,False,-3.8533199999999646,1.310400684,0.0,0.6563563379999999,-5.163720683999965,-47.20351173633336,1,True
BTCUSDT,long,d81ca642cfa7ba43134ef4e06f71103491d2e731cb4e5ca49a48df3c9c64be15,BTCUSDT|long|high_volume,1678011960000,1678067640000,2023-03-05T10:26:00+00:00,2023-03-06T01:54:00+00:00,22450.7,22290.9,0.0233,523.10131,104.620262,5,22174.800000000003,22309.9,7.492440267999983,3.231075281206343,exchange_guard_proxy_touch,False,-3.7233399999999834,0.625487568,-0.0405403781336,0.313860786,-4.389367946133583,-83.91047512638772,1,True
BTCUSDT,long,b0345351e02c8f6576496e29503ec60a6be970f7719e1090af5f4b66efdda019,BTCUSDT|long|high_volume,1678092060000,1678136220000,2023-03-06T08:41:00+00:00,2023-03-06T20:57:00+00:00,22444.9,22328.9,0.0403,904.5294700000001,180.90589400000002,5,22305.9,22347.9,7.449014924,6.475695731991862,exchange_guard_proxy_touch,False,-4.6748,1.082630484,-0.04918657331120001,0.542717682,-5.8066170573112,-64.19489082330507,1,True
BTCUSDT,long,7e2132555fde4457a90ac0a5ddc210f6c8e05eeba19633211de4785c9d6fe117,BTCUSDT|long|high_volume,1678158360000,1678181160000,2023-03-07T03:06:00+00:00,2023-03-07T09:26:00+00:00,22538.2,22345.0,0.0335,755.0297,151.00594,5,22364.100000000002,22364.100000000002,7.374352320000024,2.7011967858021317,exchange_guard_proxy_touch,False,-6.472200000000025,0.9021523199999999,-0.0328424578125,0.45301782,-7.407194777812525,-98.10468088622903,1,True
BTCUSDT,long,4c7a688250a94f9e6f99c0f29e15e60fc1e39492a7b18ad4e802261a1aed9a01,BTCUSDT|long|confirmed_volume,1678185060000,1678186260000,2023-03-07T10:31:00+00:00,2023-03-07T10:51:00+00:00,22430.7,22345.0,0.065,1457.9955,291.5991,5,22364.100000000002,22364.100000000002,7.316752300000047,1.7292617553860958,exchange_guard_proxy_touch,False,-5.570500000000047,1.7462522999999999,0.0,0.8747972999999999,-7.316752300000047,-50.18364117036059,1,True
BTCUSDT,long,81b9d4d82f41e8ef7b95cb1d505f5a9fed7c11e735df81ec68156485b8e052f4,BTCUSDT|long|high_volume,1678233960000,1678254000000,2023-03-08T00:06:00+00:00,2023-03-08T05:40:00+00:00,22253.9,21910.2,0.0195,433.95105,86.79021,5,21928.9,21928.9,7.218869970000014,4.998362331267201,exchange_guard_proxy_touch,False,-6.702150000000014,0.51671997,0.0,0.26037063,-7.218869970000014,-166.3521719788445,1,True
BTCUSDT,long,3cf2194eed3dfb1761f990c2b6b5d6201f5989b241f1ef7190ed0501da8dd4f6,BTCUSDT|long|high_volume,1678307760000,1678312140000,2023-03-08T20:36:00+00:00,2023-03-08T21:49:00+00:00,22130.800000000003,21917.2,0.024200000000000003,535.5653600000002,107.11307200000003,5,21879.9,21935.9,7.160665292000001,7.896270948914969,exchange_guard_proxy_touch,False,-5.169120000000054,0.6395769600000001,0.0,0.32133921600000004,-5.808696960000054,-108.45916098830688,1,True
BTCUSDT,long,d31ebebe63d0f59a5415deea88c4995f994849df52d23ab1e3092a072618ddb9,BTCUSDT|long|high_volume,1678856760000,1678860420000,2023-03-15T05:06:00+00:00,2023-03-15T06:07:00+00:00,24898.100000000002,24646.4,0.0112,278.85872,55.771744,5,24317.9,24667.4,7.060672416000017,2.4157361500323344,exchange_guard_proxy_touch,False,-2.819040000000008,0.33293903999999996,0.0,0.167315232,-3.151979040000008,-113.03139596997389,1,True
BTCUSDT,long,75bdfa68c669a5133bff602d5bbe56f4177a6cf7b4c1007cc0241771ceb1caea,BTCUSDT|long|high_volume,1678867260000,1678872600000,2023-03-15T08:01:00+00:00,2023-03-15T09:30:00+00:00,24895.0,24646.4,0.025400000000000002,632.3330000000001,126.46660000000001,5,24667.4,24667.4,7.069450935999963,3.933707110273252,exchange_guard_proxy_touch,False,-6.314439999999964,0.755010936,0.0,0.3793998,-7.0694509359999635,-111.79949387427135,1,True
BTCUSDT,long,43216923bdc9a22fbbaeb435564881a757a8dc1d17dcc3dcb64490120a0574f9,BTCUSDT|long|high_volume,1678944360000,1679127180000,2023-03-16T05:26:00+00:00,2023-03-18T08:13:00+00:00,24388.600000000002,27126.800000000003,0.022000000000000002,536.5492000000002,107.30984000000004,5,24120.4,27149.9,6.993646879999984,4.181546233755037,exchange_guard_proxy_touch,False,60.24040000000002,0.6800032800000002,-0.3629229000100001,0.32192952,59.19747381999002,1103.3000108841836,1,True
ETHUSDT,long,5fca97f7c61a40d244ce7d17605c2e480679ecdf292d370449298e8312b201fa,ETHUSDT|long|high_volume,1679101260000,1679127180000,2023-03-18T01:01:00+00:00,2023-03-18T08:13:00+00:00,1819.26,1799.45,0.06,109.15559999999999,21.83112,5,1702.46,1800.99,7.22172972,7.911962106830924,exchange_guard_proxy_touch,False,-1.1885999999999968,0.13027355999999998,-0.01088574,0.06549336,-1.3297592999999968,-121.82236183942894,1,True
ETHUSDT,long,8ff1d65b9efec80b7da9fb040a985878b7c08eb7e59570bda9b804c8e1d5850e,ETHUSDT|long|confirmed_volume,1679134860000,1679152080000,2023-03-18T10:21:00+00:00,2023-03-18T15:08:00+00:00,1814.96,1801.52,0.42,762.2832,152.45664,5,1800.99,1803.06,7.425031319999995,1.8013741110244441,exchange_guard_proxy_touch,False,-5.644800000000023,0.9113529599999999,0.0,0.45736992,-6.5561529600000235,-86.00678802838661,1,True
BTCUSDT,long,68f7d77afa7fbbd0736f65ec12c6ccbefc1dabbcd9f8b28f346eb97f788ea317,BTCUSDT|long|high_volume,1679132760000,1679153280000,2023-03-18T09:46:00+00:00,2023-03-18T15:28:00+00:00,27390.800000000003,27246.7,0.025500000000000002,698.4654000000002,139.69308000000004,5,27149.9,27269.9,7.566119280000001,2.038010995370518,exchange_guard_proxy_touch,False,-3.674550000000056,0.83595375,0.0,0.41907924,-4.510503750000056,-64.57733983673428,1,True
ETHUSDT,long,0ea267479d2c5fad09280dfda4cf5ea402922cb508bc43cd6be8bb0ac62be817,ETHUSDT|long|high_volume,1679214360000,1679270700000,2023-03-19T08:26:00+00:00,2023-03-20T00:05:00+00:00,1777.79,1763.66,0.23,408.8917,81.77834,5,1750.22,1765.17,7.170459759999988,2.850238597638887,exchange_guard_proxy_touch,False,-3.249899999999973,0.48872009999999994,-0.08217348000000001,0.24533502,-3.820793579999973,-93.44267883158237,1,True
BTCUSDT,long,6f7514b947cc9d06c3b1e34ea2c89d83dc2afbb927450db2a8a4dec871fedd70,BTCUSDT|long|high_volume,1679198460000,1679274120000,2023-03-19T04:01:00+00:00,2023-03-20T01:02:00+00:00,27252.100000000002,27698.7,0.014400000000000001,392.4302400000001,78.48604800000001,5,26789.9,27722.300000000003,7.450725888000001,3.3970898771598805,exchange_guard_proxy_touch,False,6.43103999999998,0.47477491200000005,-0.11873217600000002,0.235458144,5.83753291199998,148.75339148175684,1,True
BTCUSDT,long,e234537008240b98b9c10323350c881eb04a9e2c3b12c2f79faa81a6074e6767,BTCUSDT|long|confirmed_volume,1679372460000,1679382420000,2023-03-21T04:21:00+00:00,2023-03-21T07:07:00+00:00,27902.4,27543.2,0.019100000000000002,532.9358400000001,106.58716800000002,5,27566.7,27566.7,7.496126576000015,1.5802086720940047,exchange_guard_proxy_touch,False,-6.860720000000015,0.6354065760000002,0.0,0.31976150400000003,-7.496126576000015,-140.65720511497244,1,True
BTCUSDT,long,c0f40c1e831d3eab4883c5617ffe6858a529bd4d6ba3deee7be9a6d366f243ec,BTCUSDT|long|confirmed_volume,1679389860000,1679434620000,2023-03-21T09:11:00+00:00,2023-03-21T21:37:00+00:00,27698.9,27897.600000000002,0.0393,1088.5667700000001,217.71335400000004,5,27566.7,27921.4,7.421618718000029,1.6155961668989587,exchange_guard_proxy_touch,False,7.808910000000029,1.3109654699999997,-0.0032164614972000002,0.6531400620000001,6.49472806850283,59.66311160226606,1,True
ETHUSDT,long,a7c3a70764a095f19c104f1c896d0bb5522ded737b97d3e70cae5a5c1d652142,ETHUSDT|long|confirmed_volume,1679440860000,1679445480000,2023-03-21T23:21:00+00:00,2023-03-22T00:38:00+00:00,1797.89,1779.32,0.25,449.4725,89.89450000000001,5,1772.3,1780.84,7.310302000000034,1.8037772751898271,exchange_guard_proxy_touch,False,-4.642500000000041,0.5365814999999999,-0.02315867245,0.26968349999999996,-5.202240172450041,-115.74101135108468,1,True
ETHUSDT,long,b11eab85b36a58326e8b630ee25cd16ba87cacf0674a50ac5b4739c3ad14a343,ETHUSDT|long|confirmed_volume,1679451360000,1679476560000,2023-03-22T02:16:00+00:00,2023-03-22T09:16:00+00:00,1798.5,1779.32,0.34,611.49,122.298,5,1780.84,1780.84,7.251075280000022,1.675458677087687,exchange_guard_proxy_touch,False,-6.5212000000000225,0.72987528,-0.007718414494000001,0.366894,-7.258793694494022,-118.70666232471541,1,True
ETHUSDT,long,0019eb8cd4d99fc1b2ef835351b3b669cc250a9e4c42531c2fd077bb79cf5bc1,ETHUSDT|long|high_volume,1679487660000,1679505540000,2023-03-22T12:21:00+00:00,2023-03-22T17:19:00+00:00,1801.26,1778.49,0.29,522.3653999999999,104.47307999999998,5,1780.01,1780.01,7.226176499999994,4.549350807848571,exchange_guard_proxy_touch,False,-6.603299999999995,0.6228764999999998,-0.02900330716,0.31341923999999993,-7.255179807159994,-138.89089528441193,1,True
BTCUSDT,long,2baf85416d774666956923007dc4aed292d5e30f8dc9747825b6fcfe91f4f22c,BTCUSDT|long|high_volume,1679441460000,1679510100000,2023-03-21T23:31:00+00:00,2023-03-22T18:35:00+00:00,28105.300000000003,27938.2,0.031,871.2643,174.25286,5,27921.4,27962.0,7.480353940000023,2.2536476560081518,exchange_guard_proxy_touch,False,-5.180100000000068,1.0424090999999998,-0.049654312433999995,0.52275858,-6.272163412434067,-71.98921627379966,1,True
BTCUSDT,long,bfabfbc671480540d2b7c77a8c882fc3b02e13301997bfd50c437fe42c37bcc3,BTCUSDT|long|high_volume,1679549760000,1679577480000,2023-03-23T05:36:00+00:00,2023-03-23T13:18:00+00:00,27517.300000000003,27264.7,0.0253,696.1876900000001,139.23753800000003,5,27287.9,27287.9,7.222370760000055,8.745409942564418,exchange_guard_proxy_touch,False,-6.390780000000055,0.83159076,0.007615747050999999,0.41771261400000004,-7.214755012949055,-103.63232669266321,1,True
ETHUSDT,long,dbd4c029d3e1d1b0ab68a223e03a06a16fe1a3a5bac92be599edb152e7337b80,ETHUSDT|long|high_volume,1679613660000,1679632980000,2023-03-23T23:21:00+00:00,2023-03-24T04:43:00+00:00,1816.1100000000001,1804.02,0.25,454.02750000000003,90.80550000000001,5,1791.64,1805.56,7.040933,3.559031574320678,exchange_guard_proxy_touch,False,-3.0225000000000364,0.5430195,-0.045331500000000004,0.2724165,-3.6108510000000362,-79.52934568941387,1,True
BTCUSDT,long,d5a252ec47bcd888720a3109a140e8c36d767f55d491e1b53b8965ad3d51859b,BTCUSDT|long|high_volume,1679583060000,1679633760000,2023-03-23T14:51:00+00:00,2023-03-24T04:56:00+00:00,27575.5,28095.9,0.0135,372.26925,74.45385,5,27100.9,28119.9,7.16164172999996,4.139980950635045,exchange_guard_proxy_touch,False,7.02540000000002,0.45093833999999994,-0.07675910999999999,0.22336154999999996,6.49770255000002,174.5430907871123,1,True
BTCUSDT,long,f0a61749cc369a00ff2732dbebb099cf39a0c25c036a200370c85e39dad80f61,BTCUSDT|long|high_volume,1679639460000,1679645340000,2023-03-24T06:31:00+00:00,2023-03-24T08:09:00+00:00,28333.100000000002,28095.9,0.026500000000000003,750.8271500000002,150.16543000000004,5,28119.9,28119.9,7.18302110000002,2.5806741227170127,exchange_guard_proxy_touch,False,-6.28580000000002,0.8972211000000001,-0.07491550000000001,0.45049629,-7.25793660000002,-96.66587842488138,1,True
ETHUSDT,long,97ec9f949b44bb4e8b7184edd7b1d4ba5edcac3a6dd8e3d78f9e2d273c04d8c1,ETHUSDT|long|high_volume,1679700360000,1679769180000,2023-03-24T23:26:00+00:00,2023-03-25T18:33:00+00:00,1752.74,1735.67,0.22,385.6028,77.12056,5,1724.99,1737.15,6.887266320000006,3.421477005443997,exchange_guard_proxy_touch,False,-3.755399999999986,0.4604701199999999,-0.010205896668,0.23136168000000001,-4.226076016667986,-109.59661124524993,1,True
ETHUSDT,long,4e9717b2eaca7831ccc3fbb0016564deac1f1fe3e405aaf615566a2f698018d5,ETHUSDT|long|high_volume,1679820060000,1679894220000,2023-03-26T08:41:00+00:00,2023-03-27T05:17:00+00:00,1782.95,1755.78,0.17,303.10150000000004,60.62030000000001,5,1745.09,1757.28,7.049208099999984,35.56276713655327,exchange_guard_proxy_touch,False,-4.618900000000012,0.36095046,-0.018055714263,0.1818609,-4.997906174263012,-164.89216233713827,1,True
BTCUSDT,long,83ce16dbf03fdea492a004df04c0cc4c4c67005af7481a7c24da40ad22603904,BTCUSDT|long|high_volume,1679820060000,1679896320000,2023-03-26T08:41:00+00:00,2023-03-27T05:52:00+00:00,27740.600000000002,27733.7,0.02,554.812,110.9624,5,27444.600000000002,27757.300000000003,7.04994160000003,21.67367428141115,exchange_guard_proxy_touch,False,-0.1380000000000291,0.6656915999999999,-0.036439292979999996,0.3328872,-0.8401308929800291,-15.142622960210469,1,True
BTCUSDT,long,d69521bb92a5a82a1e6b3e76262481717c55b6fe9e66d10fb3a7c210c4b647ce,BTCUSDT|long|high_volume,1680052860000,1680108420000,2023-03-29T01:21:00+00:00,2023-03-29T16:47:00+00:00,27460.4,28187.4,0.016300000000000002,447.6045200000001,89.52090400000002,5,27079.9,28211.4,7.111858215999978,7.456757325171077,exchange_guard_proxy_touch,False,11.850100000000001,0.5442354840000001,-0.07882031657720001,0.26856271200000004,11.227044199422801,250.82508548892218,1,True
ETHUSDT,long,c8bf1b1f73bb3cf0021b4950bc07e4e3f1c8c80b909180fda8ff1a7527f44dfb,ETHUSDT|long|high_volume,1679967660000,1680127260000,2023-03-28T01:41:00+00:00,2023-03-29T22:01:00+00:00,1722.6000000000001,1789.05,0.22,378.97200000000004,75.79440000000001,5,1694.99,1790.58,6.844130480000038,5.981955888218989,exchange_guard_proxy_touch,False,14.61899999999996,0.46353779999999994,-0.14723809621400002,0.2273832,14.008224103785961,369.63744297166966,1,True
ETHUSDT,long,c2acaf9f8dc89610711ddf167bf4a070cac5ad08c82e088600723ab1e6b89f32,ETHUSDT|long|confirmed_volume,1680135660000,1680137160000,2023-03-30T00:21:00+00:00,2023-03-30T00:46:00+00:00,1798.8600000000001,1789.05,0.6,1079.316,215.8632,5,1790.58,1790.58,7.177647600000104,1.7016869863159885,exchange_guard_proxy_touch,False,-5.886000000000103,1.2916475999999997,0.0,0.6475896,-7.177647600000103,-66.50181781795233,1,True
BTCUSDT,long,e3aae4d16bcbf69ee616460a697b12f92e6f5c8bcd48fc0fd7b81bb5032b0152,BTCUSDT|long|high_volume,1680142860000,1680145860000,2023-03-30T02:21:00+00:00,2023-03-30T03:11:00+00:00,28774.5,28175.9,0.011300000000000001,325.15185,65.03037,5,28199.9,28199.9,7.150303711999984,7.727914308232429,exchange_guard_proxy_touch,False,-6.7641799999999845,0.386123712,0.0,0.19509110999999998,-7.150303711999984,-219.90659785573985,1,True
ETHUSDT,long,04151591cf46bcdb9f0972c9ee6f1e5fa67041e981b2d28d9d40bb8ad99168db,ETHUSDT|long|confirmed_volume,1680233760000,1680247320000,2023-03-31T03:36:00+00:00,2023-03-31T07:22:00+00:00,1808.19,1779.58,0.23,415.88370000000003,83.17674000000001,5,1781.1,1781.1,7.0754122600000295,1.8598905383901176,exchange_guard_proxy_touch,False,-6.58030000000003,0.49511225999999997,0.0,0.24953022,-7.0754122600000295,-170.1295881516883,1,True
ETHUSDT,long,50cf156c23ed3c12f1e73893058689f6cf1f5f6e716f9813c5f97c812d4bfb30,ETHUSDT|long|high_volume,1680291660000,1680296220000,2023-03-31T19:41:00+00:00,2023-03-31T20:57:00+00:00,1828.79,1816.13,0.47000000000000003,859.5313,171.90626,5,1817.68,1817.68,6.978067439999932,4.07469887146659,exchange_guard_proxy_touch,False,-5.950199999999932,1.0278674399999999,0.0,0.5157187799999999,-6.978067439999932,-81.18456465750498,1,True
ETHUSDT,long,b58d0563bdb106591745b6df0f2507da5ea8c98c32e1c6dedb83579202586d36,ETHUSDT|long|confirmed_volume,1680302460000,1680326880000,2023-03-31T22:41:00+00:00,2023-04-01T05:28:00+00:00,1828.6100000000001,1817.44,0.47000000000000003,859.4467000000001,171.88934,5,1817.68,1818.99,6.893416680000009,1.6369396353696695,exchange_guard_proxy_touch,False,-5.249900000000035,1.0281861,-0.08557807,0.5156680200000001,-6.363664170000035,-74.04373267126437,1,True
BTCUSDT,long,f5f4d19cd8ca965a0b4ff4f795eae20432fb792e933a7836c260d9341af2f4b5,BTCUSDT|long|high_volume,1680299760000,1680330600000,2023-03-31T21:56:00+00:00,2023-04-01T06:30:00+00:00,28522.600000000002,28375.7,0.0211,601.82686,120.36537200000001,5,28250.0,28399.9,6.9788060100000155,4.331880577409084,exchange_guard_proxy_touch,False,-3.0995900000000307,0.720332478,-0.060039628000000005,0.361096116,-3.879962106000031,-64.46973978529358,1,True
ETHUSDT,long,2c63e1f809a61c87f5454f11db5d356034e9db542e85ea22c9ae2b329ed326be,ETHUSDT|long|high_volume,1680337860000,1680358740000,2023-04-01T08:31:00+00:00,2023-04-01T14:19:00+00:00,1827.8600000000001,1817.44,0.54,987.0444000000001,197.40888,5,1818.99,1818.99,6.807877200000039,3.7987937225713373,exchange_guard_proxy_touch,False,-5.626800000000039,1.1810772,0.0,0.59222664,-6.807877200000039,-68.97235017999229,1,True
ETHUSDT,long,605250f2655e53d45b55b9c742a27f08abc9e171bd5e5b5eea725f68b971e9bd,ETHUSDT|long|high_volume,1680387960000,1680396600000,2023-04-01T22:26:00+00:00,2023-04-02T00:50:00+00:00,1822.83,1809.65,0.44,802.0452,160.40904,5,1811.19,1811.19,6.758174719999928,2.1989127766571657,exchange_guard_proxy_touch,False,-5.799199999999928,0.9589747199999998,-0.031924913724,0.48122711999999995,-6.790099633723927,-84.65981261061008,1,True
BTCUSDT,long,28a8ecb6a05f31bde0b02a4566276fe0772ef88d3be915a9c4f917f0586cf0c4,BTCUSDT|long|confirmed_volume,1680418260000,1680423300000,2023-04-02T06:51:00+00:00,2023-04-02T08:15:00+00:00,28504.2,28341.7,0.0303,863.67726,172.735452,5,28339.9,28365.9,6.741507599999934,1.6970684788715233,exchange_guard_proxy_touch,False,-4.92375,1.033458462,-0.05931835875270001,0.518206356,-6.0165268207527,-69.66174865774167,1,True
BTCUSDT,long,d933712108a5f70e77d8b69155d7a8fed6533a0f1b4049de660f85240e4c8cdf,BTCUSDT|long|high_volume,1680529860000,1680552660000,2023-04-03T13:51:00+00:00,2023-04-03T20:11:00+00:00,28336.300000000003,27839.2,0.008,226.69040000000004,45.338080000000005,5,27559.100000000002,27862.9,6.673785120000006,4.046073997607861,exchange_guard_proxy_touch,False,-3.9768000000000177,0.26964239999999995,-0.012756636863999998,0.13601424,-4.259199036864017,-187.88616707474233,1,True
ETHUSDT,long,014024f39e00e4046c3e4217cbf7f1d0518f29370926c3c6b10e1754b40e77ae,ETHUSDT|long|high_volume,1680546660000,1680552720000,2023-04-03T18:31:00+00:00,2023-04-03T20:12:00+00:00,1813.88,1785.49,0.21,380.9148,76.18296000000001,5,1787.01,1787.01,6.41542062000002,5.423899043089774,exchange_guard_proxy_touch,False,-5.96190000000002,0.45352061999999993,0.0,0.22854887999999998,-6.41542062000002,-168.42140604670703,1,True
ETHUSDT,long,bec66ea82ed24d40ffd2db26c88d58f010e65a048ab6779441e56b15b8f1b402,ETHUSDT|long|high_volume,1680560460000,1680682200000,2023-04-03T22:21:00+00:00,2023-04-05T08:10:00+00:00,1815.5,1902.51,0.2,363.1,72.62,5,1787.01,1904.13,6.434118799999999,3.552184510442661,exchange_guard_proxy_touch,False,17.401999999999997,0.4461612,-0.13580006530000002,0.21786,16.8200387347,463.2343358496281,1,True
BTCUSDT,long,4cc07b6c5dcd27a77c23d32de23ca33ccbf86686a183f14b89347d62835e2b92,BTCUSDT|long|high_volume,1680601560000,1680698040000,2023-04-04T09:46:00+00:00,2023-04-05T12:34:00+00:00,28157.5,28408.100000000002,0.0142,399.8365,79.9673,5,27753.100000000002,28432.300000000003,6.55375724,3.664906451364371,exchange_guard_proxy_touch,False,3.558520000000031,0.48193891200000005,-0.0404463376454,0.23990189999999997,3.0361347503546314,75.93440694770565,1,True
ETHUSDT,long,7ff6c86e5b770708b715cad512bda813793133a354a1fc4b76295317adfffa06,ETHUSDT|long|high_volume,1680683760000,1680698040000,2023-04-05T08:36:00+00:00,2023-04-05T12:34:00+00:00,1914.96,1902.51,0.46,880.8816,176.17632,5,1904.13,1904.13,6.780621720000021,2.0589189066583313,exchange_guard_proxy_touch,False,-5.727000000000021,1.05362172,0.0,0.52852896,-6.7806217200000205,-76.97540418598845,1,True
BTCUSDT,long,35258eb5b779e7d8afdc31af9bee7d57c39327f9dc316c45e98b16b0898d1bd8,BTCUSDT|long|high_volume,1680753660000,1680768000000,2023-04-06T04:01:00+00:00,2023-04-06T08:00:00+00:00,28131.0,27831.2,0.0201,565.4331,113.08662,5,27854.9,27854.9,6.7008841319999854,4.02372840186965,exchange_guard_proxy_touch,False,-6.0259799999999855,0.6749041319999999,-0.0201748376466,0.33925985999999997,-6.7210589696465854,-118.86567959404191,1,True
BTCUSDT,long,2057b9960220a1bdf1746d695337f78f5a469f444dfe1e7f38fbd04caaa54664,BTCUSDT|long|confirmed_volume,1680773460000,1680775260000,2023-04-06T09:31:00+00:00,2023-04-06T10:01:00+00:00,28011.7,27831.2,0.031,868.3627,173.67254,5,27854.9,27854.9,6.63417794,1.680411167637445,exchange_guard_proxy_touch,False,-5.5955,1.03867794,0.0,0.52101762,-6.634177940000001,-76.39869768703792,1,True
BTCUSDT,long,5f37384ec3fe209b768c6c7e2904c49214402cd0d8931686ecbd3cefd87228a8,BTCUSDT|long|high_volume,1680784260000,1680785340000,2023-04-06T12:31:00+00:00,2023-04-06T12:49:00+00:00,27974.7,27831.2,0.0371,1037.86137,207.57227400000002,5,27854.9,27854.9,6.566089334,3.780540488280231,exchange_guard_proxy_touch,False,-5.32385,1.242239334,0.0,0.622716822,-6.566089334,-63.265572106224546,1,True
BTCUSDT,long,410fe9a2a92328facc04073cc6057666124d95e0b8ff939195ad136c532705ef,BTCUSDT|long|confirmed_volume,1680813360000,1680819180000,2023-04-06T20:36:00+00:00,2023-04-06T22:13:00+00:00,28108.4,27907.4,0.014700000000000001,413.1934800000001,82.63869600000001,5,27723.9,27931.2,6.491302733999979,1.6261170581754376,exchange_guard_proxy_touch,False,-2.9547000000000003,0.494059356,0.0,0.24791608800000003,-3.4487593560000005,-83.46596746879936,1,True
BTCUSDT,long,da3886de0a7a1937f4f3998e8e41efa730d4131b3f8178cf2ca4fcbc696af0d5,BTCUSDT|long|high_volume,1680828060000,1680834780000,2023-04-07T00:41:00+00:00,2023-04-07T02:33:00+00:00,28065.800000000003,27907.4,0.0337,945.8174600000001,189.16349200000002,5,27931.2,27931.2,6.46985810400005,2.09550671730246,exchange_guard_proxy_touch,False,-5.3380800000000495,1.131778104,0.0,0.567490476,-6.46985810400005,-68.40493411910634,1,True
ETHUSDT,long,f315bcd9582cd828212856e4843aed92e1628cb8cb98388bf398afd8e35a1359,ETHUSDT|long|high_volume,1680813360000,1680845520000,2023-04-06T20:36:00+00:00,2023-04-07T05:32:00+00:00,1877.38,1863.5900000000001,0.23,431.79740000000004,86.35948,5,1853.23,1865.18,6.432506140000004,2.505054412783988,exchange_guard_proxy_touch,False,-3.171699999999992,0.51625386,-0.008986923216,0.25907844,-3.6969407832159917,-85.61748596022096,1,True
ETHUSDT,long,1d5cf9e45443424386901a5fc738642b40f0924fcd625f3778ff95cfd3d06e0b,ETHUSDT|long|high_volume,1680902460000,1680956400000,2023-04-07T21:21:00+00:00,2023-04-08T12:20:00+00:00,1858.8700000000001,1863.01,0.51,948.0237000000001,189.60474000000002,5,1850.21,1864.6,6.356895000000004,3.4824397656071833,exchange_guard_proxy_touch,False,2.111399999999935,1.1388952799999998,-0.04537253974199999,0.5688142199999999,0.9271321802579351,9.77963082840582,1,True
BTCUSDT,long,8903b7ab618c2991296026697ffb9cbfbe3fb9bf7c3aa1b2b9e9cd7c9d821897,BTCUSDT|long|high_volume,1680907560000,1680976320000,2023-04-07T22:46:00+00:00,2023-04-08T17:52:00+00:00,27973.600000000002,27901.2,0.034,951.1024000000001,190.22048,5,27842.100000000002,27925.0,6.414956800000025,8.373998633529762,exchange_guard_proxy_touch,False,-2.4616000000000495,1.13984592,-0.03738192016,0.5706614400000001,-3.6388278401600496,-38.25905433694678,1,True
BTCUSDT,long,9c2ce94211154d1713c413bf5ee3e40b33999999f5afdbb2f359179a4670c95f,BTCUSDT|long|high_volume,1681017060000,1681023420000,2023-04-09T05:11:00+00:00,2023-04-09T06:57:00+00:00,28063.600000000002,27842.600000000002,0.024900000000000002,698.7836400000001,139.756728,5,27866.300000000003,27866.300000000003,6.338138628,2.092862867649535,exchange_guard_proxy_touch,False,-5.5029,0.835238628,0.0,0.419270184,-6.338138628,-90.70244729827962,1,True
BTCUSDT,long,fffe105976a55ab8bb0e69d861f7a03663c5e2935337ba104affc6904743c3b9,BTCUSDT|long|high_volume,1681032360000,1681032780000,2023-04-09T09:26:00+00:00,2023-04-09T09:33:00+00:00,27915.100000000002,27842.600000000002,0.053700000000000005,1499.0408700000003,299.80817400000007,5,27866.300000000003,27866.300000000003,5.689763094000001,2.1207181652215286,exchange_guard_proxy_touch,False,-3.8932500000000005,1.796513094,0.0,0.8994245220000001,-5.689763094000001,-37.95602380073867,1,True
BTCUSDT,long,56594e09a934505a0f7c72b0f3a13defd7849c1a96a87fd2297022a3f74a2707,BTCUSDT|long|high_volume,1681066560000,1681102560000,2023-04-09T18:56:00+00:00,2023-04-10T04:56:00+00:00,28047.800000000003,28205.9,0.024900000000000002,698.3902200000001,139.67804400000003,5,27854.9,28229.9,6.228172260000055,24.73321625036515,exchange_guard_proxy_touch,False,3.936689999999964,0.8404302780000001,-0.070490406,0.419034132,3.0257693159999635,43.324909618579184,1,True
ETHUSDT,long,2bc69a2ab0a3ad881114bbe34e2d649e29cb2482ecefb05c8c7d04814c526a0e,ETHUSDT|long|high_volume,1681115760000,1681129800000,2023-04-10T08:36:00+00:00,2023-04-10T12:30:00+00:00,1861.52,1850.79,0.48,893.5296,178.70592,5,1852.3700000000001,1852.3700000000001,6.219545280000008,2.9417287637328164,exchange_guard_proxy_touch,False,-5.150400000000008,1.0691452799999999,0.0,0.5361177599999999,-6.219545280000008,-69.60648287421041,1,True
ETHUSDT,long,6cde833ed5a69e866c15ea852033d8bce132d450e432605c0e3ce6d44aaabfbd,ETHUSDT|long|high_volume,1681139760000,1681215600000,2023-04-10T15:16:00+00:00,2023-04-11T12:20:00+00:00,1865.2,1909.41,0.37,690.124,138.0248,5,1852.3700000000001,1911.04,6.15664978000003,2.446706988315706,exchange_guard_proxy_touch,False,16.357700000000012,0.8379634199999999,-0.094358006726,0.41407439999999995,15.425378573274012,223.51604310636944,1,True
ETHUSDT,long,17612a70bb22b0cc49c236a60f5f1806e985796365402d88bc491f4af27f5125,ETHUSDT|long|high_volume,1681221660000,1681223700000,2023-04-11T14:01:00+00:00,2023-04-11T14:35:00+00:00,1920.75,1909.41,0.46,883.5450000000001,176.709,5,1911.04,1911.04,6.273524159999963,3.9621232841183285,exchange_guard_proxy_touch,False,-5.216399999999963,1.0571241599999999,0.0,0.530127,-6.273524159999963,-71.00401405700855,1,True
BTCUSDT,long,af27530a18070d76e827f488e78f8ce123f15d0be9778c10d13ad70e77c45763,BTCUSDT|long|high_volume,1681209960000,1681224240000,2023-04-11T10:46:00+00:00,2023-04-11T14:44:00+00:00,30132.600000000002,29940.4,0.014400000000000001,433.9094400000001,86.78188800000001,5,29752.0,29965.9,6.362144352000021,2.6343696783110526,exchange_guard_proxy_touch,False,-2.7676800000000106,0.5190307200000001,0.0,0.26034566400000003,-3.2867107200000105,-75.74646728128363,1,True
BTCUSDT,long,127672f3174cbf11ddce66069e79e81aea065582157ef0ec7a26c7e31d9d8580,BTCUSDT|long|high_volume,1681302960000,1681312260000,2023-04-12T12:36:00+00:00,2023-04-12T15:11:00+00:00,30404.0,29884.4,0.010700000000000001,325.32280000000003,65.06456,5,29881.300000000003,29909.9,6.251538557999985,68.23189927141772,exchange_guard_proxy_touch,False,-5.559719999999985,0.38705152800000003,0.0,0.19519368,-5.946771527999985,-182.79602683857343,1,True
BTCUSDT,long,db1237a0e4f06076bd2944c06596dad1455488dc41191006c48f2fa72f30655e,BTCUSDT|long|high_volume,1681320960000,1681325220000,2023-04-12T17:36:00+00:00,2023-04-12T18:47:00+00:00,30051.7,29884.4,0.030600000000000002,919.58202,183.916404,5,29909.9,29909.9,6.219806795999978,2.510800054479065,exchange_guard_proxy_touch,False,-5.119379999999978,1.100426796,0.0,0.5517492119999999,-6.219806795999978,-67.63732500989937,1,True
BTCUSDT,long,db8886a3439902f8e13025f32b67ae56ecdbf5c131d3a0b18cbaad75e6b00607,BTCUSDT|long|high_volume,1681346160000,1681476300000,2023-04-13T00:36:00+00:00,2023-04-14T12:45:00+00:00,30003.5,30620.800000000003,0.0187,561.06545,112.21309000000001,5,29735.9,30646.9,6.14722220199996,3.353698252989326,exchange_guard_proxy_touch,False,11.543510000000055,0.6802046460000001,-0.13861245463230001,0.33663927,10.724692899367755,191.14869574249767,1,True
ETHUSDT,long,b60e39be31e1be7e97de8d258a2403992103ddaf90af415e76d732906e8802ad,ETHUSDT|long|high_volume,1681302960000,1681476780000,2023-04-12T12:36:00+00:00,2023-04-14T12:53:00+00:00,1893.07,2099.21,0.18,340.7526,68.15052,5,1862.8,2101.0,6.1402622399999816,40.977093389613806,exchange_guard_proxy_touch,False,37.10520000000002,0.43116623999999987,-0.191623360176,0.20445155999999995,36.48241039982401,1070.642172644435,1,True
ETHUSDT,long,1ee237dd2d5a8ca3dc2e89e716e3dfc4e29c57b3378abb418fbcf04334b913a4,ETHUSDT|long|high_volume,1681543560000,1681580100000,2023-04-15T07:26:00+00:00,2023-04-15T17:35:00+00:00,2094.13,2090.51,0.24,502.5912,100.51824,5,2070.99,2092.29,6.577922399999965,3.199200667470259,exchange_guard_proxy_touch,False,-0.8687999999999738,0.60258816,-0.10069104000000001,0.30155472,-1.572079199999974,-31.279481216542866,1,True
ETHUSDT,long,41b95787c3566bfbe65610c806bb2377b181943e08e1b138470d4128525a4be1,ETHUSDT|long|high_volume,1681588860000,1681591500000,2023-04-15T20:01:00+00:00,2023-04-15T20:45:00+00:00,2101.89,2090.51,0.47000000000000003,987.8883,197.57765999999998,5,2092.29,2092.29,6.530856799999838,3.156753424684384,exchange_guard_proxy_touch,False,-5.348599999999838,1.1822567999999998,0.0,0.59273298,-6.530856799999837,-66.10926356754946,1,True
BTCUSDT,long,1a46fd15ac2a0dd92d43cf84d8a517a13ff4268966248f4c0ad01a6a602b57d1,BTCUSDT|long|high_volume,1681671660000,1681691340000,2023-04-16T19:01:00+00:00,2023-04-17T00:29:00+00:00,30481.9,30145.100000000002,0.0162,493.80678,98.761356,5,30142.4,30170.800000000003,6.505258392000011,21.756401022242848,exchange_guard_proxy_touch,False,-5.456159999999988,0.58929444,-0.049064291999999995,0.29628406799999996,-6.094518731999988,-123.41909789087926,1,True
ETHUSDT,long,00feedddbd008efc9be51c4ff4277bf43a78803e66ea23df76fcd9b8a121b01b,ETHUSDT|long|high_volume,1681671660000,1681691400000,2023-04-16T19:01:00+00:00,2023-04-17T00:30:00+00:00,2131.81,2094.56,0.1,213.181,42.6362,5,2074.99,2096.35,6.1113017999999695,32.54848885791236,exchange_guard_proxy_touch,False,-3.725,0.2535822,-0.021180900000000003,0.1279086,-3.9997631,-187.62286976794368,1,True
ETHUSDT,long,671e44498d9447c52e36a9e949373636853cce8812d687d4203e8956e09ca27f,ETHUSDT|long|confirmed_volume,1681784760000,1681828080000,2023-04-18T02:26:00+00:00,2023-04-18T14:28:00+00:00,2078.7400000000002,2092.12,0.38,789.9212000000001,157.98424000000003,5,2066.39,2093.8999999999996,6.306488360000047,1.58602844096186,exchange_guard_proxy_touch,False,5.084399999999869,0.95095608,-0.07980038000000002,0.47395272,4.053643539999869,51.317062258866684,1,True
BTCUSDT,long,89f1d7806f2996b61e2722c269c709c57e96f26d207e7c05bfedd8c54e732449,BTCUSDT|long|high_volume,1681883160000,1681885080000,2023-04-19T05:46:00+00:00,2023-04-19T06:18:00+00:00,30307.800000000003,30081.5,0.0246,745.5718800000001,149.11437600000002,5,30107.100000000002,30107.100000000002,6.458326068000072,2.872493181673782,exchange_guard_proxy_touch,False,-5.566980000000072,0.8913460679999999,0.0,0.44734312800000003,-6.458326068000072,-86.62244702683893,1,True
ETHUSDT,long,1d58ddb3ed13c03376fac6bd9ec8c116691b5eb1dc22314de9966f1e801d386e,ETHUSDT|long|high_volume,1681971660000,1681975860000,2023-04-20T06:21:00+00:00,2023-04-20T07:31:00+00:00,1961.8600000000001,1946.81,0.36,706.2696,141.25392,5,1948.47,1948.47,6.262272720000065,5.82631545347246,exchange_guard_proxy_touch,False,-5.418000000000065,0.84427272,0.0,0.42376176,-6.262272720000065,-88.66688754549348,1,True
ETHUSDT,long,045cb79a17a9cd3b5a34ce96d3e12f367e448c730aa84aa51773a70a347ea8eb,ETHUSDT|long|high_volume,1682028360000,1682056260000,2023-04-20T22:06:00+00:00,2023-04-21T05:51:00+00:00,1948.02,1931.3700000000001,0.2,389.60400000000004,77.92080000000001,5,1920.99,1933.02,6.19808439999997,2.8721790207702096,exchange_guard_proxy_touch,False,-3.329999999999973,0.4655268000000001,-0.033481804,0.2337624,-3.829008603999973,-98.27949928645427,1,True
BTCUSDT,long,ad643b5d3d3cf7e876384107e5e71283c99a15ec9074fc66f7d16cde83b69b4c,BTCUSDT|long|high_volume,1682049660000,1682058780000,2023-04-21T04:01:00+00:00,2023-04-21T06:33:00+00:00,28331.100000000002,28052.100000000002,0.020200000000000003,572.2882200000001,114.45764400000003,5,28076.0,28076.0,6.319164384000001,2.925377535867404,exchange_guard_proxy_touch,False,-5.635800000000001,0.6833643840000001,0.0,0.3433729320000001,-6.3191643840000005,-110.41926363607483,1,True
BTCUSDT,long,9c184f4b9006a0eb97d3eef5f7c879708f887ee0468194e6d6b0452a6e79c064,BTCUSDT|long|confirmed_volume,1682163960000,1682209980000,2023-04-22T11:46:00+00:00,2023-04-23T00:33:00+00:00,27305.7,27531.0,0.0318,868.32126,173.664252,5,27165.9,27554.5,6.219097379999932,1.6540301491391696,exchange_guard_proxy_touch,False,7.1645399999999775,1.0462842359999998,-0.0515810846148,0.520992756,6.066674679385177,69.86670670006602,1,True
ETHUSDT,long,589242a2f31ac4364116f0856dd7b5463ee1810622efef7f018f129e56494ba7,ETHUSDT|long|confirmed_volume,1682169360000,1682209980000,2023-04-22T13:16:00+00:00,2023-04-23T00:33:00+00:00,1858.58,1861.19,0.26,483.2308,96.64616,5,1839.25,1862.78,6.010616559999965,1.5629203898553394,exchange_guard_proxy_touch,False,0.6786000000000332,0.5802841200000001,0.02023638874400001,0.28993847999999994,0.11855226874403312,2.453326003723958,1,True
BTCUSDT,long,8b497cb283f013ab586c7f524db2d91f975e09731de9b92b36aa781eaa999d36,BTCUSDT|long|high_volume,1682289360000,1682320260000,2023-04-23T22:36:00+00:00,2023-04-24T07:11:00+00:00,27577.800000000003,27366.9,0.0258,711.50724,142.301448,5,27390.2,27390.2,6.291763956000037,5.135596932255754,exchange_guard_proxy_touch,False,-5.441220000000038,0.850543956,-0.033289130113800004,0.42690434400000005,-6.325053086113837,-88.89653865101693,1,True
ETHUSDT,long,e4cc785d4769a90ca592f335cd83e0036da89a0aa55ba3a53669baf959500254,ETHUSDT|long|high_volume,1682381760000,1682394540000,2023-04-25T00:16:00+00:00,2023-04-25T03:49:00+00:00,1846.66,1825.02,0.26,480.13160000000005,96.02632000000001,5,1826.58,1826.58,6.199182080000027,5.477439797900391,exchange_guard_proxy_touch,False,-5.626400000000026,0.5727820800000001,0.0,0.28807896,-6.199182080000027,-129.11422784919856,1,True
BTCUSDT,long,9f8208bd9fed23974fb5f509947eac9a00e04a4c52cb0abb318b9226a83b1d79,BTCUSDT|long|high_volume,1682402160000,1682407980000,2023-04-25T05:56:00+00:00,2023-04-25T07:33:00+00:00,27457.5,27281.800000000003,0.029500000000000002,809.99625,161.99925000000002,5,27305.100000000002,27305.100000000002,6.152035609999914,3.0876278101929144,exchange_guard_proxy_touch,False,-5.183149999999914,0.96888561,0.0,0.48599775,-6.152035609999914,-75.95140854047057,1,True
BTCUSDT,long,9ec00cc0a31548512f0fd6f81caef0f3bea3c136ac6b9710337a936704d3a909,BTCUSDT|long|high_volume,1682413260000,1682415120000,2023-04-25T09:01:00+00:00,2023-04-25T09:32:00+00:00,27451.9,27281.800000000003,0.030100000000000002,826.3021900000001,165.26043800000002,5,27305.100000000002,27305.100000000002,6.108500621999956,3.272238457987158,exchange_guard_proxy_touch,False,-5.120009999999956,0.9884906220000002,0.0,0.495781314,-6.108500621999957,-73.92574648749213,1,True
ETHUSDT,long,ab10cbb024f2b52707a6fbf710879028d9bf756e116de7a66ab6f7c6a03fa3be,ETHUSDT|long|high_volume,1682489460000,1682493720000,2023-04-26T06:11:00+00:00,2023-04-26T07:22:00+00:00,1871.04,1859.33,0.44,823.2576,164.65152,5,1860.92,1860.92,6.137217680000016,2.6247366716824443,exchange_guard_proxy_touch,False,-5.152400000000016,0.98481768,0.0,0.49395455999999993,-6.137217680000016,-74.54796263040895,1,True
BTCUSDT,long,02721c01c232878d2ee290ac17e511c86911eb89fe1b56416eba289e530a59fe,BTCUSDT|long|high_volume,1682444460000,1682537940000,2023-04-25T17:41:00+00:00,2023-04-26T19:39:00+00:00,27502.800000000003,28275.800000000003,0.016800000000000002,462.0470400000001,92.40940800000001,5,27199.9,28299.9,6.029649360000038,2.392160794495198,exchange_guard_proxy_touch,False,12.986400000000001,0.562248288,-0.07875642089280001,0.277228224,12.345395291107202,267.18914357956277,1,True
ETHUSDT,long,b00ebf861792d24618fc3d5cd3be64d49549e30993b4c6f61e88b80f80454c70,ETHUSDT|long|high_volume,1682497260000,1682537940000,2023-04-26T08:21:00+00:00,2023-04-26T19:39:00+00:00,1868.19,1859.33,0.55,1027.5045,205.5009,5,1860.92,1860.92,6.1030816000000705,3.646566296125242,exchange_guard_proxy_touch,False,-4.87300000000007,1.2300816,-0.09345009300000001,0.6165027000000001,-6.196531693000071,-60.30661367419871,1,True
BTCUSDT,long,97619672112953fa94fe39628c755ae1696bb3dabddb8835fa453265af3c87d6,BTCUSDT|long|confirmed_volume,1682546460000,1682548020000,2023-04-26T22:01:00+00:00,2023-04-26T22:27:00+00:00,28713.4,28275.800000000003,0.0128,367.53152000000006,73.50630400000001,5,28299.9,28299.9,6.0389570559999814,1.6673047056880612,exchange_guard_proxy_touch,False,-5.601279999999981,0.437677056,0.0,0.220518912,-6.0389570559999814,-164.3112693028337,1,True
BTCUSDT,long,58efcdd411a426b5de492dd663d7d9398584538359f6c9f3061610b05f3c808f,BTCUSDT|long|high_volume,1682593860000,1682670660000,2023-04-27T11:11:00+00:00,2023-04-28T08:31:00+00:00,29084.4,29289.800000000003,0.0112,325.74528000000004,65.149056,5,28612.600000000002,29314.800000000003,5.944999872000008,4.094657171650434,exchange_guard_proxy_touch,False,2.3004800000000163,0.392274624,-0.076659407888,0.195447168,1.831545968112016,56.226324080951095,1,True
ETHUSDT,long,48818d369fb814022838b3e4ab42da27b08651b24be137f4be38a424d3455f16,ETHUSDT|long|high_volume,1682604360000,1682672940000,2023-04-27T14:06:00+00:00,2023-04-28T09:09:00+00:00,1891.71,1899.54,0.25,472.9275,94.5855,5,1871.76,1901.16,5.951780499999988,6.032336076024515,exchange_guard_proxy_touch,False,1.9574999999999818,0.5686874999999999,-0.096074084175,0.28375649999999997,1.292738415824982,27.33481169576694,1,True
ETHUSDT,long,cb206ebe97cccfb3f05855de4158094896b1e45d3ba81c48e0884e113beaaf2d,ETHUSDT|long|high_volume,1682678460000,1682682660000,2023-04-28T10:41:00+00:00,2023-04-28T11:51:00+00:00,1912.32,1899.54,0.39,745.8048,149.16096,5,1901.16,1901.16,5.87617523999999,2.092224249365551,exchange_guard_proxy_touch,False,-4.98419999999999,0.89197524,0.0,0.44748288,-5.87617523999999,-78.78972138554202,1,True
BTCUSDT,long,da3fded6015ecd7dfc0fa08dc8b46bf34e0749e49a21c6b27a2550c434ac3072,BTCUSDT|long|high_volume,1682742360000,1682783280000,2023-04-29T04:26:00+00:00,2023-04-29T15:48:00+00:00,29435.600000000002,29200.0,0.0188,553.3892800000001,110.67785600000002,5,29179.9,29224.9,5.936181968000041,3.1754896528319,exchange_guard_proxy_touch,False,-4.429280000000041,0.661409568,-0.037230106954399995,0.332033568,-5.127919674954441,-92.6638780381586,1,True
ETHUSDT,long,d02017868e80828c64fdbea68e859ed5f8d90e1678cbc7c255404fa2851c56d6,ETHUSDT|long|high_volume,1682742060000,1682789400000,2023-04-29T04:21:00+00:00,2023-04-29T17:30:00+00:00,1900.33,1890.6100000000001,0.31,589.1023,117.82046,5,1885.09,1892.22,5.927288659999971,2.0938797978141888,exchange_guard_proxy_touch,False,-3.013199999999938,0.7051148399999999,-0.071776758672,0.35346137999999994,-3.790091598671938,-64.33673062678483,1,True
ETHUSDT,long,3e6e4a2a61b9aecd4018e8aa2979b89c5ce6e094b57e78e2b95d6fdd88fddc57,ETHUSDT|long|high_volume,1682796660000,1682819880000,2023-04-29T19:31:00+00:00,2023-04-30T01:58:00+00:00,1903.31,1890.6100000000001,0.39,742.2909,148.45818,5,1892.22,1892.22,5.840777279999929,3.988390697436891,exchange_guard_proxy_touch,False,-4.952999999999929,0.8877772799999999,-0.046877547717,0.44537454,-5.887654827716929,-79.3173515628028,1,True
ETHUSDT,long,3fcc35395c45552ce8ce6d06afb490f6724409ed6d5a7accb372b84c40b0e0d8,ETHUSDT|long|high_volume,1682834460000,1682882340000,2023-04-30T06:01:00+00:00,2023-04-30T19:19:00+00:00,1904.66,1894.78,0.34,647.5844000000001,129.51688000000001,5,1891.66,1896.4,5.741520840000043,4.281191725850655,exchange_guard_proxy_touch,False,-3.3592000000000373,0.7750857600000001,-0.05271577504800001,0.38855064,-4.187001535048037,-64.65568866464413,1,True
BTCUSDT,long,99d171ff9b54702b972da7f0772052fd499fe7be4cedaba61b0348528d5f9afd,BTCUSDT|long|high_volume,1682830560000,1682885700000,2023-04-30T04:56:00+00:00,2023-04-30T20:15:00+00:00,29205.9,29125.100000000002,0.029300000000000003,855.7328700000002,171.14657400000004,5,29067.300000000003,29149.9,5.811626872000043,3.1745857483599877,exchange_guard_proxy_touch,False,-2.367439999999979,1.02545898,-0.0827987425743,0.5134397220000001,-3.475697722574279,-40.61662049483127,1,True
BTCUSDT,long,c2833d345664b09536e77bc25889a8a6486b1ac091f8158ff249fb80139b2698,BTCUSDT|long|high_volume,1682888760000,1682899140000,2023-04-30T21:06:00+00:00,2023-04-30T23:59:00+00:00,29379.4,29125.100000000002,0.0198,581.71212,116.34242400000001,5,29149.9,29149.9,5.730173459999986,2.335926029881682,exchange_guard_proxy_touch,False,-5.035139999999986,0.69503346,0.0,0.349027272,-5.730173459999986,-98.50531324669643,1,True
ETHUSDT,long,5d36fa152db2c931344565300b80d3facbb10fa56832f15f709122c25e95d02f,ETHUSDT|long|confirmed_volume,1682944260000,1682949600000,2023-05-01T12:31:00+00:00,2023-05-01T14:00:00+00:00,1848.6200000000001,1829.0900000000001,0.26,480.6412,96.12824,5,1830.65,1830.65,5.651522759999993,1.5511947558331307,exchange_guard_proxy_touch,False,-5.077799999999993,0.57372276,0.0,0.28838472000000004,-5.651522759999993,-117.58298622756418,1,True
ETHUSDT,long,962467fa2ec2edc2d168b3f71b0a124f6a4f80b40939ceea9dd91499008198bf,ETHUSDT|long|confirmed_volume,1682960460000,1682966040000,2023-05-01T17:01:00+00:00,2023-05-01T18:34:00+00:00,1840.01,1829.0900000000001,0.42,772.8041999999999,154.56083999999998,5,1830.65,1830.65,5.511013199999935,1.9666108843471106,exchange_guard_proxy_touch,False,-4.5863999999999345,0.9246131999999999,0.0,0.46368251999999993,-5.511013199999934,-71.31189504404783,1,True
ETHUSDT,long,92468ecab285e875304879613fd1034c1b90fea5cf200daa4b9d3b5f4e52f9c2,ETHUSDT|long|high_volume,1683011760000,1683034560000,2023-05-02T07:16:00+00:00,2023-05-02T13:36:00+00:00,1838.58,1823.23,0.26,478.0308,95.60616,5,1821.24,1824.79,5.482090119999967,4.9408286746785555,exchange_guard_proxy_touch,False,-3.9909999999999766,0.57124236,-0.012189107840000001,0.28681847999999993,-4.574431467839977,-95.69323708514132,1,True
BTCUSDT,long,064e0623451c454c05b0920fd304ffe78e2c05e128037405b09631685cda84b3,BTCUSDT|long|high_volume,1683031260000,1683034740000,2023-05-02T12:41:00+00:00,2023-05-02T13:39:00+00:00,28126.4,27897.7,0.0211,593.46704,118.693408,5,27921.5,27921.5,5.534835106000016,4.1823106780080925,exchange_guard_proxy_touch,False,-4.825570000000016,0.709265106,0.0,0.356080224,-5.534835106000016,-93.26272114454774,1,True
BTCUSDT,long,8ea6ba760f0ec0cd1918c2f93ca552a53c164a60667668031f357f12dbd0e561,BTCUSDT|long|high_volume,1683037860000,1683072720000,2023-05-02T14:31:00+00:00,2023-05-03T00:12:00+00:00,28487.800000000003,28576.100000000002,0.008700000000000001,247.84386000000006,49.56877200000001,5,27921.5,28600.5,5.42820231000002,12.461314652566381,exchange_guard_proxy_touch,False,0.7682099999999937,0.29787355800000004,-0.024348456770400005,0.14870631600000003,0.4459879852295937,17.994715916286715,1,True
ETHUSDT,long,a7e9c5782fac3698ac3c8d5aacb1a8d69286d566cf6dfec458f43194165079bc,ETHUSDT|long|high_volume,1683037560000,1683117720000,2023-05-02T14:26:00+00:00,2023-05-03T12:42:00+00:00,1846.21,1851.22,0.21,387.7041,77.54082,5,1824.79,1852.8,5.288149440000004,6.600521404249923,exchange_guard_proxy_touch,False,1.052099999999998,0.46587618,-0.094808018718,0.23262245999999998,0.4914158012819981,12.675022040829543,1,True
ETHUSDT,long,25dc6b4cc5091a2ddeb62bab7f279bc88d58972263065c8aca2411c3ccd4dd8d,ETHUSDT|long|high_volume,1683165960000,1683204060000,2023-05-04T02:06:00+00:00,2023-05-04T12:41:00+00:00,1907.63,1893.66,0.09,171.6867,34.33734,5,1856.32,1895.28,4.963267980000008,3.387705433423029,exchange_guard_proxy_touch,False,-1.2573000000000023,0.20526965999999996,-0.017082,0.10301201999999998,-1.4796516600000023,-86.18324308172983,1,True
BTCUSDT,long,6f3f40da12fdd88c13f8be499c173858ee5be8c51141ee9bb9fffd70184126e4,BTCUSDT|long|high_volume,1683165960000,1683206280000,2023-05-04T02:06:00+00:00,2023-05-04T13:18:00+00:00,29166.4,28942.600000000002,0.0053,154.58192,30.916384,5,28199.9,28967.300000000003,5.431998514,5.501733681380025,exchange_guard_proxy_touch,False,-1.1861399999999962,0.18478661999999996,-0.015383494351200002,0.092749152,-1.386310114351196,-89.68125860716415,1,True
BTCUSDT,long,b47812f9bec9cdf8fb1cd017d52667da4a2784f7fa15282302b4bd91768245da,BTCUSDT|long|high_volume,1683250560000,1683289800000,2023-05-05T01:36:00+00:00,2023-05-05T12:30:00+00:00,29162.7,28985.2,0.0111,323.70597000000004,64.74119400000001,5,28731.100000000002,29009.9,5.448119537999984,21.679038433502907,exchange_guard_proxy_touch,False,-1.97025,0.387265014,-0.031961855051100004,0.19422358199999998,-2.3894768690511,-73.81627435079743,1,True
ETHUSDT,long,b550281d18b386264784bb0dcf0bc65f8d182019cd1c9960581b15023c88b770,ETHUSDT|long|high_volume,1683250560000,1683289800000,2023-05-05T01:36:00+00:00,2023-05-05T12:30:00+00:00,1893.2,1890.1000000000001,0.19,359.708,71.94160000000001,5,1868.67,1891.71,5.391471920000022,16.708869448324794,exchange_guard_proxy_touch,False,-0.5889999999999828,0.43129619999999996,-0.02044296184,0.21582479999999996,-1.0407391618399826,-28.932888949925566,1,True
BTCUSDT,long,4af8d5c21c70fa91bc3f326307fcfce8af70b1821510ccc15a1ea845c4173f79,BTCUSDT|long|high_volume,1683297660000,1683353100000,2023-05-05T14:41:00+00:00,2023-05-06T06:05:00+00:00,29410.4,29278.9,0.0118,347.04272000000003,69.408544,5,29009.9,29303.9,5.4308008480000085,5.891076994220043,exchange_guard_proxy_touch,False,-1.5516999999999999,0.415520244,-0.06440173673999999,0.208225632,-2.0316219807399998,-58.5409767633218,1,True
BTCUSDT,long,70f000e2dcf16ce2e4228f1ac69f6ee9f9e59fd1cb58e0239aa4203af7916597,BTCUSDT|long|confirmed_volume,1683358560000,1683360060000,2023-05-06T07:36:00+00:00,2023-05-06T08:01:00+00:00,29406.5,29278.9,0.0333,979.2364500000001,195.84729000000002,5,29303.9,29303.9,5.421614291999952,1.8945144429591878,exchange_guard_proxy_touch,False,-4.249079999999952,1.172534292,-0.09773616600000001,0.58754187,-5.519350457999952,-56.36381752333618,1,True
ETHUSDT,long,bfdcd6565ed141507c440cd79c00f5c3a64b871f4ef9bdb56ae9612bead49141,ETHUSDT|long|high_volume,1683294360000,1683376080000,2023-05-05T13:46:00+00:00,2023-05-06T12:28:00+00:00,1929.5900000000001,1918.3500000000001,0.12,231.5508,46.31016,5,1891.71,1919.99,5.013817680000002,6.99117689163663,exchange_guard_proxy_touch,False,-1.348800000000001,0.27705167999999997,-0.07084212,0.13893048,-1.6966938000000011,-73.27522945288901,1,True
BTCUSDT,long,5602b0acf553a0f4c580a5ef7b59a9d944215491ff24900f8d5906196c1e959a,BTCUSDT|long|high_volume,1683420660000,1683458580000,2023-05-07T00:51:00+00:00,2023-05-07T11:23:00+00:00,28914.0,28705.600000000002,0.015000000000000001,433.71000000000004,86.742,5,28620.100000000002,28730.100000000002,5.292087299999989,6.78850149545147,exchange_guard_proxy_touch,False,-3.1259999999999675,0.5185764,-0.01753876719,0.260226,-3.6621151671899677,-84.43695481289265,1,True
BTCUSDT,long,5c2c5d776ddfb8ccd6273f2576f723e50aafce1b1e714c945a8a109ba73c15df,BTCUSDT|long|high_volume,1683459660000,1683486480000,2023-05-07T11:41:00+00:00,2023-05-07T19:08:00+00:00,28883.800000000003,28775.4,0.024800000000000003,716.3182400000002,143.26364800000005,5,28730.100000000002,28799.9,5.276290272000018,10.43804275252055,exchange_guard_proxy_touch,False,-2.6883200000000365,0.8579688960000001,-0.0433825216048,0.4297909440000001,-3.5896714176048365,-50.112802064133334,1,True
ETHUSDT,long,22af80f4464ca43ee886387a44dcc0cc27221457f3deccc9120e2f65428f5880,ETHUSDT|long|high_volume,1683420660000,1683486480000,2023-05-07T00:51:00+00:00,2023-05-07T19:08:00+00:00,1902.6100000000001,1903.3700000000001,0.22,418.5742,83.71484000000001,5,1882.45,1904.99,5.288815399999996,8.755361504849867,exchange_guard_proxy_touch,False,0.167199999999998,0.50238936,-0.02937077264,0.25114452000000004,-0.364560132640002,-8.709570074792044,1,True
ETHUSDT,long,2c8bd57cccce3f0c577922096a4ad8802bde21f56b4769f2cccb14b949431419,ETHUSDT|long|high_volume,1683495060000,1683497100000,2023-05-07T21:31:00+00:00,2023-05-07T22:05:00+00:00,1920.42,1903.3700000000001,0.27,518.5134,103.70268000000002,5,1904.99,1904.99,5.222953979999988,2.2914632815973133,exchange_guard_proxy_touch,False,-4.603499999999988,0.61945398,0.0,0.31110804,-5.222953979999988,-100.72939252871744,1,True
ETHUSDT,long,ee8c0511ca86be24164ee328b8186e925a9169713862244ed7c3da69dd6a4827,ETHUSDT|long|high_volume,1683618960000,1683630720000,2023-05-09T07:56:00+00:00,2023-05-09T11:12:00+00:00,1847.8600000000001,1834.27,0.32,591.3152,118.26304,5,1835.84,1835.84,5.055768960000046,2.0235338639632214,exchange_guard_proxy_touch,False,-4.348800000000047,0.70696896,-0.059122240000000006,0.35478912,-5.114891200000047,-86.50024893660854,1,True
BTCUSDT,long,e5f3302c9b9049c8a92c1c4ff39ee477c185328af6103c4ba9c408320c95be7f,BTCUSDT|long|confirmed_volume,1683628260000,1683641160000,2023-05-09T10:31:00+00:00,2023-05-09T14:06:00+00:00,27644.100000000002,27478.800000000003,0.0187,516.9446700000001,103.38893400000002,5,27423.800000000003,27502.2,5.174789290000014,1.6307637644225383,exchange_guard_proxy_touch,False,-3.0911099999999867,0.6184789380000001,0.0,0.310166802,-3.7095889379999867,-71.75988366414506,1,True
BTCUSDT,long,6646ad3db05f0d611b99a7ba7df8849bae6a6e76b6923cdba8fba879bdef8514,BTCUSDT|long|high_volume,1683651660000,1683659580000,2023-05-09T17:01:00+00:00,2023-05-09T19:13:00+00:00,27726.7,27478.800000000003,0.0181,501.85327000000007,100.37065400000002,5,27502.2,27502.2,5.08652172999996,4.313755787523914,exchange_guard_proxy_touch,False,-4.4869899999999605,0.59953173,0.0,0.301111962,-5.08652172999996,-101.35475913108944,1,True
ETHUSDT,long,e4d31a646ca13d255051e47a91d158aaff74fb705fc280329a78866248ed6866,ETHUSDT|long|high_volume,1683651660000,1683692580000,2023-05-09T17:01:00+00:00,2023-05-10T04:23:00+00:00,1855.95,1838.63,0.19,352.63050000000004,70.52610000000001,5,1833.49,1840.2,4.9842183199999965,6.445097709382354,exchange_guard_proxy_touch,False,-3.290799999999988,0.42118212,-0.0077119369799999995,0.2115783,-3.719694056979988,-105.48418406745836,1,True
BTCUSDT,long,e1eab9014110a6b3e4e4e3c268fbbb944773abdde47b693b5c0d028602a50a42,BTCUSDT|long|high_volume,1683676260000,1683698460000,2023-05-09T23:51:00+00:00,2023-05-10T06:01:00+00:00,27655.4,27605.0,0.0213,589.06002,117.812004,5,27476.300000000003,27628.5,5.017534073999999,2.386775519059069,exchange_guard_proxy_touch,False,-1.073520000000031,0.7062279119999999,-0.0220654091952,0.35343601199999997,-1.8018133211952307,-30.587941126869055,1,True
ETHUSDT,long,1fbdc7df2d24921ee7878834f3a0a54e0c1a3731c3011c670603402695cd93c3,ETHUSDT|long|high_volume,1683695160000,1683698520000,2023-05-10T05:06:00+00:00,2023-05-10T06:02:00+00:00,1847.96,1838.63,0.43,794.6228,158.92455999999999,5,1840.2,1840.2,4.963040219999969,2.320636911697761,exchange_guard_proxy_touch,False,-4.011899999999969,0.95114022,0.0,0.47677368,-4.963040219999969,-62.45781293967362,1,True
ETHUSDT,long,8a14ddf8410027c8fb1b12b44a6a431af2f3b20f30e6f536107435e4802044a0,ETHUSDT|long|high_volume,1683721260000,1683738900000,2023-05-10T12:21:00+00:00,2023-05-10T17:15:00+00:00,1854.57,1832.0,0.19,352.3683,70.47366,5,1833.56,1833.56,4.708568979999988,2.3938676812033517,exchange_guard_proxy_touch,False,-4.288299999999988,0.42026897999999996,-0.015413441934,0.21142097999999998,-4.7239824219339885,-134.0637742366152,1,True
ETHUSDT,long,10121b65563e331d21a8a9786ce26ff1b00be86b11721b824d5b80b2c287e73b,ETHUSDT|long|high_volume,1683745560000,1683753780000,2023-05-10T19:06:00+00:00,2023-05-10T21:23:00+00:00,1856.77,1832.0,0.18,334.2186,66.84371999999999,5,1833.56,1833.56,4.8569871599999965,4.593577659388428,exchange_guard_proxy_touch,False,-4.458599999999996,0.39838715999999996,0.0,0.20053115999999996,-4.856987159999996,-145.3236642125841,1,True
BTCUSDT,long,2a977b26d541f1d888f81e51e5a859b3baa6f4d16ca7136577210e5e9fd01d6d,BTCUSDT|long|high_volume,1683784560000,1683791760000,2023-05-11T05:56:00+00:00,2023-05-11T07:56:00+00:00,27542.100000000002,27386.9,0.0257,707.8319700000001,141.566394,5,27410.2,27410.2,4.835645180000019,4.145513119691512,exchange_guard_proxy_touch,False,-3.988640000000019,0.84700518,0.0,0.424699182,-4.835645180000019,-68.31628670290236,1,True
ETHUSDT,long,beef21337b963ba556ccac0e8f5db55f4b8db0a550e5b3c223fa90a0f7c02012,ETHUSDT|long|high_volume,1683784560000,1683791760000,2023-05-11T05:56:00+00:00,2023-05-11T07:56:00+00:00,1832.3500000000001,1824.57,0.48,879.528,175.9056,5,1826.13,1826.13,4.7875929600000955,2.769258367776885,exchange_guard_proxy_touch,False,-3.734400000000096,1.0531929599999998,0.0,0.5277168,-4.7875929600000955,-54.43366169127186,1,True
BTCUSDT,long,b58307c73c7bb288104ae41b63239d0dc9bfd8f66a6fded331f041d1ae3645a0,BTCUSDT|long|high_volume,1683921660000,1684021260000,2023-05-12T20:01:00+00:00,2023-05-13T23:41:00+00:00,26415.5,26732.100000000002,0.0195,515.10225,103.02045000000001,5,26225.600000000002,26754.9,4.7535399599999435,14.721111586634786,exchange_guard_proxy_touch,False,6.173700000000043,0.6218269200000001,-0.05153433246,0.30906134999999996,5.5003387475400425,106.78149333535318,1,True
ETHUSDT,long,7471882e7bbcd2a3a1f386f047ba5768709e67bdb940293ab9da19d6eaa6ed18,ETHUSDT|long|high_volume,1683921360000,1684066560000,2023-05-12T19:56:00+00:00,2023-05-14T12:16:00+00:00,1787.41,1796.46,0.15,268.1115,53.622299999999996,5,1759.99,1797.99,4.65713100000001,3.342889437466879,exchange_guard_proxy_touch,False,1.357499999999993,0.32254829999999995,-0.030005282925,0.1608669,1.004946417074993,37.48240627779835,1,True
ETHUSDT,long,ec23c77d7c8fab7a257f5b3f12abcd077c340036a61ecb516a447ab7ddb53a74,ETHUSDT|long|confirmed_volume,1684068660000,1684088160000,2023-05-14T12:51:00+00:00,2023-05-14T18:16:00+00:00,1804.73,1796.46,0.46,830.1758000000001,166.03516000000002,5,1797.99,1797.99,4.798128439999992,1.648099937900938,exchange_guard_proxy_touch,False,-3.804199999999992,0.99392844,-0.031756346192,0.49810548,-4.829884786191992,-58.17906022064233,1,True
BTCUSDT,long,6fd40391a0c470154038b3fc7687862d6fc53bb2d71dcacc1dc329f5656b89ec,BTCUSDT|long|high_volume,1684076460000,1684108860000,2023-05-14T15:01:00+00:00,2023-05-15T00:01:00+00:00,26989.100000000002,26883.0,0.015300000000000001,412.93323000000004,82.586646,5,26729.9,26808.9,4.807531116,4.769833417177081,completed_MTF_W_BIAS_REVERSED,False,-1.6233300000000335,0.494545878,-0.03278915691030001,0.24775993799999999,-2.1506650349103333,-52.082634156382454,1,False
ETHUSDT,long,713951e00879b1ab259aee679d5b12c3c6f21996a151dff6fa41229f83ecda19,ETHUSDT|long|confirmed_volume,1684148760000,1684160040000,2023-05-15T11:06:00+00:00,2023-05-15T14:14:00+00:00,1829.18,1814.76,0.28,512.1704000000001,102.43408000000002,5,1816.31,1816.31,4.649781920000021,1.5695351723750552,exchange_guard_proxy_touch,False,-4.037600000000021,0.6121819199999999,0.0,0.30730224,-4.649781920000021,-90.78583846313688,1,True
ETHUSDT,long,d790b3b8869af672cef82f5c65c44e3096e257282d784807d041f1a20abc3555,ETHUSDT|long|high_volume,1684162560000,1684188060000,2023-05-15T14:56:00+00:00,2023-05-15T22:01:00+00:00,1831.19,1818.68,0.25,457.7975,91.5595,5,1816.31,1822.64,4.654392500000016,6.713889877989678,completed_MTF_STRUCTURAL_GUARD_TIGHTENED,False,-3.1274999999999977,0.5474804999999999,0.009079693,0.2746785,-3.6659008069999977,-80.07690751915415,1,False
ETHUSDT,long,47f0d8c8fce9cff17350243d335101f71ac6bd75c220dec3ce97804a79f82c80,ETHUSDT|long|confirmed_volume,1684237260000,1684240200000,2023-05-16T11:41:00+00:00,2023-05-16T12:30:00+00:00,1818.81,1809.15,0.39,709.3359,141.86718000000002,5,1810.69,1810.69,4.616342639999943,1.9493968935431567,exchange_guard_proxy_touch,False,-3.7673999999999435,0.84894264,0.0,0.42560154,-4.616342639999943,-65.07978293499515,1,True
ETHUSDT,long,a26a144c9efb28a85b05f35499bec46c5dbea8cbc6c6c412c815cebe3b232ee8,ETHUSDT|long|high_volume,1684241160000,1684303200000,2023-05-16T12:46:00+00:00,2023-05-17T06:00:00+00:00,1820.76,1815.32,0.23,418.7748,83.75496000000001,5,1805.0,1816.8700000000001,4.479142359999989,6.455206300482183,exchange_guard_proxy_touch,False,-1.2512000000000125,0.50177904,-0.061885386126,0.25126487999999997,-1.8148644261260125,-43.33747938333473,1,True
ETHUSDT,long,73a18a9704cfcbf906de1d5a7d734671f8ed5f6db2ad15675be69f7ef45aca38,ETHUSDT|long|confirmed_volume,1684380060000,1684390260000,2023-05-18T03:21:00+00:00,2023-05-18T06:11:00+00:00,1827.78,1815.45,0.31,566.6118,113.32236,5,1817.0,1817.0,4.499940779999977,1.9058984211659273,exchange_guard_proxy_touch,False,-3.8222999999999776,0.6776407799999999,0.0,0.33996708,-4.499940779999978,-79.41840921773917,1,True
ETHUSDT,long,694c24c846becacfc53abab7dedc1899dbd9e5d94a9d6726782f3db4691ba7d0,ETHUSDT|long|confirmed_volume,1684472160000,1684508880000,2023-05-19T04:56:00+00:00,2023-05-19T15:08:00+00:00,1805.3600000000001,1802.79,0.34,613.8224000000001,122.76448000000002,5,1795.71,1804.33,4.535506160000022,1.985363296432221,exchange_guard_proxy_touch,False,-0.8738000000000558,0.7360626,-0.017068782952000004,0.36829344,-1.6269313829520557,-26.50492036380646,1,True
ETHUSDT,long,8f45e7ebd407236a44c564d07d1ff6d733bb081ed92544c6811ff44bd3b2cdd4,ETHUSDT|long|high_volume,1684509660000,1684510440000,2023-05-19T15:21:00+00:00,2023-05-19T15:34:00+00:00,1828.02,1802.79,0.16,292.4832,58.49664,5,1804.33,1804.33,4.385357760000003,7.964874506689566,exchange_guard_proxy_touch,False,-4.036800000000003,0.34855776,0.0,0.17548992,-4.385357760000003,-149.93537269832945,1,True
ETHUSDT,long,6df5669b9203f0e00733e186ca3b1aad43530199961417678d53debd516cdac8,ETHUSDT|long|high_volume,1684518660000,1684543380000,2023-05-19T17:51:00+00:00,2023-05-20T00:43:00+00:00,1819.46,1804.45,0.23,418.47580000000005,83.69516000000002,5,1804.33,1805.99,4.333970500000016,2.800735490729722,exchange_guard_proxy_touch,False,-3.452299999999998,0.50009958,-0.033050258342000004,0.25108547999999997,-3.985449838341998,-95.23728345443149,1,True
ETHUSDT,long,242340ffcb7d72dbe107a6ce6b2aec69c953d823bf73651b5e39f0b6a5e694f9,ETHUSDT|long|high_volume,1684573860000,1684616520000,2023-05-20T09:11:00+00:00,2023-05-20T21:02:00+00:00,1816.63,1810.99,0.34,617.6542000000001,123.53084000000001,5,1807.29,1812.54,4.438165520000037,2.3020613730944346,exchange_guard_proxy_touch,False,-1.9176000000000342,0.7400344799999999,0.0010870713920000002,0.37059252,-2.6565474086080343,-43.01027028729075,1,True
ETHUSDT,long,c6e7a9b8ed9e3d048ce5df75b8c7538295a298b6c0dba937dc2d97d329e1117b,ETHUSDT|long|high_volume,1684779660000,1684849020000,2023-05-22T18:21:00+00:00,2023-05-23T13:37:00+00:00,1822.76,1843.42,0.22,401.0072,80.20144,5,1806.7,1844.99,4.35088543999998,2.337012148979661,exchange_guard_proxy_touch,False,4.545200000000018,0.48393575999999994,-0.05193636184000001,0.24060431999999998,4.009327878160018,99.98144367881719,1,True
ETHUSDT,long,51e3438bb6ac265fb7fc8a812d327aa5c11031fa141ffd3e1a583bd49f08d4b3,ETHUSDT|long|high_volume,1684855860000,1684866180000,2023-05-23T15:31:00+00:00,2023-05-23T18:23:00+00:00,1858.57,1843.42,0.25,464.6425,92.9285,5,1844.99,1844.99,4.342798499999966,2.768110683188426,exchange_guard_proxy_touch,False,-3.787499999999966,0.5552984999999999,-0.034244094249999996,0.27878549999999996,-4.377042594249966,-94.20237266823344,1,True
ETHUSDT,long,5b9b9febceae1c3b271d0c8df30b050734b02c87a1990d5f90e579e63933c47d,ETHUSDT|long|confirmed_volume,1684884360000,1684893120000,2023-05-23T23:26:00+00:00,2023-05-24T01:52:00+00:00,1855.33,1843.48,0.24,445.27919999999995,89.05583999999999,5,1841.23,1845.05,4.292878559999963,1.6710158434296363,exchange_guard_proxy_touch,False,-2.843999999999978,0.53262864,-0.04037974286399999,0.26716752,-3.417008382863978,-76.73855825432624,1,True
ETHUSDT,long,0b5241c942bcaaa8ec93de0e4722d7cf6af6fafd0345991417d272074188b655,ETHUSDT|long|high_volume,1685016360000,1685181780000,2023-05-25T12:06:00+00:00,2023-05-27T10:03:00+00:00,1803.19,1822.3400000000001,0.14,252.44660000000002,50.489320000000006,5,1776.18,1823.9,4.293340239999998,7.067337719052973,exchange_guard_proxy_touch,False,2.681000000000013,0.30454452,-0.09637593483000001,0.15146796,2.280079545170013,90.3192811933301,1,True
ETHUSDT,long,282aeb13e27cea957fd9c0cfee245c082385821c6c8789f6342d95a5a625e7c1,ETHUSDT|long|high_volume,1685193960000,1685195760000,2023-05-27T13:26:00+00:00,2023-05-27T13:56:00+00:00,1831.08,1822.3400000000001,0.4,732.432,146.4864,5,1823.9,1823.9,4.372820799999913,3.0750503207076685,exchange_guard_proxy_touch,False,-3.495999999999913,0.8768208,0.0,0.43945919999999994,-4.3728207999999125,-59.70275465845174,1,True
ETHUSDT,long,1bf79286baa02e1e13e6b5c702646579323815eda2653b790a4b292770aea997,ETHUSDT|long|confirmed_volume,1685221260000,1685276520000,2023-05-27T21:01:00+00:00,2023-05-28T12:22:00+00:00,1828.74,1840.5,0.26,475.4724,95.09448,5,1815.83,1842.07,4.327911120000009,1.8499696198299524,exchange_guard_proxy_touch,False,3.0575999999999977,0.5724014399999999,0.005784971555999999,0.28528344,2.490983531555998,52.38965566783683,1,True
ETHUSDT,long,1e8bbaf5cedafadacc9c06ca02e080d252d5e89ffc299861fb7d8ed6d7c307ae,ETHUSDT|long|high_volume,1685352360000,1685357400000,2023-05-29T09:26:00+00:00,2023-05-29T10:50:00+00:00,1902.91,1891.6100000000001,0.32,608.9312,121.78623999999999,5,1893.22,1893.22,4.3445478399999855,3.9764037810433654,exchange_guard_proxy_touch,False,-3.6159999999999854,0.72854784,0.0,0.36535871999999997,-4.3445478399999855,-71.34710522305288,1,True
ETHUSDT,long,a98acff2b856cdb2830761a38a70b76ea31a8a0734a8f3cbba1ed3e1d5a661d4,ETHUSDT|long|high_volume,1685416860000,1685463420000,2023-05-30T03:21:00+00:00,2023-05-30T16:17:00+00:00,1907.01,1890.25,0.14,266.9814,53.396280000000004,5,1880.01,1891.86,4.321975279999988,17.3733564067406,exchange_guard_proxy_touch,False,-2.346399999999999,0.31896984000000006,-0.03823278911200001,0.16018884,-2.7036026291119994,-101.26557989103358,1,True
ETHUSDT,long,6c2933c015a17ace3d78bcb74289c682d336eb898dcca8c953f721ba11f9a43c,ETHUSDT|long|high_volume,1685469060000,1685498460000,2023-05-30T17:51:00+00:00,2023-05-31T02:01:00+00:00,1909.53,1894.66,0.2,381.906,76.3812,5,1891.86,1896.28,4.311973599999995,2.7604175086358893,exchange_guard_proxy_touch,False,-2.9739999999999784,0.4565028,-0.03021077862,0.22914359999999998,-3.4607135786199783,-90.61689469712385,1,True
ETHUSDT,long,44b60bdbe599232045ea1d2c02d1207382b28fe8e99edf4e193e406b9ea50a4c,ETHUSDT|long|high_volume,1685578560000,1685587740000,2023-06-01T00:16:00+00:00,2023-06-01T02:49:00+00:00,1886.17,1858.57,0.14,264.0638,52.812760000000004,5,1860.16,1860.16,4.178558160000019,16.000542166075814,exchange_guard_proxy_touch,False,-3.8640000000000194,0.31455816000000003,0.0,0.15843828000000001,-4.178558160000019,-158.24047673327502,1,True
ETHUSDT,long,eab7695748c25899a6c716e96ff50109bcc09e09bcff9bbb160c55dfbd60e987,ETHUSDT|long|high_volume,1685622960000,1685662260000,2023-06-01T12:36:00+00:00,2023-06-01T23:31:00+00:00,1863.6000000000001,1853.89,0.24,447.264,89.4528,5,1850.01,1855.47,4.175332320000018,5.075266615671153,exchange_guard_proxy_touch,False,-2.3304000000000085,0.5353185599999999,-0.0447072,0.2683584,-2.9104257600000083,-65.07176432710901,1,True
ETHUSDT,long,80f5eafea4537c2a7a12b6fc4454d1824a6bd169b79970db2df47f7b5f21710d,ETHUSDT|long|high_volume,1685669460000,1685709000000,2023-06-02T01:31:00+00:00,2023-06-02T12:30:00+00:00,1868.96,1882.6200000000001,0.24,448.55039999999997,89.71007999999999,5,1855.47,1884.23,4.152890399999984,3.1092870627824203,exchange_guard_proxy_touch,False,3.2784000000000195,0.54022752,-0.045239760000000004,0.26913023999999997,2.69293272000002,60.036346417259246,1,True
ETHUSDT,long,01cca8d43e1f09ea72d96108ab8ad996b45cad20a5a25892174951142201e459,ETHUSDT|long|high_volume,1685786160000,1685804400000,2023-06-03T09:56:00+00:00,2023-06-03T15:00:00+00:00,1904.94,1895.81,0.34,647.6796,129.53592,5,1896.34,1897.43,4.249930640000009,2.0573787397726004,exchange_guard_proxy_touch,False,-3.1042000000000374,0.775353,0.0,0.38860775999999997,-3.8795530000000373,-59.899261919011145,1,True
ETHUSDT,long,326ef21ff1d4dd4cfa3eef0aa4af18a0a093eed63aad3241918a88530bdf2889,ETHUSDT|long|high_volume,1685808060000,1685810880000,2023-06-03T16:01:00+00:00,2023-06-03T16:48:00+00:00,1903.95,1895.81,0.4,761.58,152.316,5,1897.43,1897.43,4.16794240000004,6.426824394626283,exchange_guard_proxy_touch,False,-3.25600000000004,0.9119424,0.0,0.45694799999999997,-4.16794240000004,-54.72757162740671,1,True
ETHUSDT,long,81c9a73af1e8dc0e4b3001205116ce8a696c4d413d120b72e654e4519341cc6b,ETHUSDT|long|high_volume,1685852460000,1685920980000,2023-06-04T04:21:00+00:00,2023-06-04T23:23:00+00:00,1895.72,1893.3700000000001,0.25,473.93,94.786,5,1883.18,1894.99,4.1040935000000225,2.499160765638372,exchange_guard_proxy_touch,False,-0.5874999999999773,0.5683635,-0.0611774022,0.284358,-1.2170409021999773,-25.679760770577452,1,True
ETHUSDT,long,7c19863902168a1ba76e0c3c5bb89c034779d8587febe67d6baceaa9a6e01713,ETHUSDT|long|high_volume,1686027360000,1686051780000,2023-06-06T04:56:00+00:00,2023-06-06T11:43:00+00:00,1818.14,1809.05,0.13,236.3582,47.271640000000005,5,1791.04,1810.59,4.003296700000014,7.077947081008001,exchange_guard_proxy_touch,False,-1.181700000000019,0.28292081999999996,-0.000468831662,0.14181492,-1.465089651662019,-61.98598786342166,1,True
BTCUSDT,short,104db429c9b3e433aef3643d589551d88e3db6148b5c11767fcc90bf5c950bbb,BTCUSDT|short|confirmed_volume,1686015060000,1686060060000,2023-06-06T01:31:00+00:00,2023-06-06T14:01:00+00:00,25612.5,25808.4,0.0033,84.52125,16.904249999999998,5,26810.0,25786.399999999998,4.13083169400001,1.5072136427268819,exchange_guard_proxy_touch,False,-0.6464700000000048,0.101813382,-0.0025847941713,0.050712749999999994,-0.7508681761713047,-88.8377983254276,1,True
ETHUSDT,long,6373fe679488152a5f8569913838ad496302d4a63ec0e611af96701c08fea362,ETHUSDT|long|high_volume,1686060360000,1686128820000,2023-06-06T14:06:00+00:00,2023-06-07T09:07:00+00:00,1827.3400000000001,1869.39,0.2,365.4680000000001,73.09360000000001,5,1810.59,1870.99,4.094366800000038,8.156006438263441,exchange_guard_proxy_touch,False,8.409999999999991,0.4436076,-0.10675496356000001,0.2192808,7.859637436439991,215.05678845863358,1,True
BTCUSDT,short,17eb59094e39c41c98061305182787937a4d0658222f638e26278b628d434fb2,BTCUSDT|short|high_volume,1686129660000,1686206580000,2023-06-07T09:21:00+00:00,2023-06-08T06:43:00+00:00,26680.600000000002,26482.100000000002,0.012,320.16720000000004,64.03344000000001,5,26974.0,26459.6,4.183278719999974,6.557878703211325,exchange_guard_proxy_touch,False,2.382,0.38277144,0.030043802772000004,0.19210032,2.029272362772,63.38164442741168,1,True
ETHUSDT,long,6d6d4e8d1557c4c84b44dd4c7126f9d03ccaf2c4234bce010e4b4cc0cfa7ea4a,ETHUSDT|long|high_volume,1686221160000,1686229380000,2023-06-08T10:46:00+00:00,2023-06-08T13:03:00+00:00,1844.57,1835.46,0.24,442.6968,88.53936,5,1831.38,1837.03,4.0691121599999995,2.8888749122166453,exchange_guard_proxy_touch,False,-2.186399999999976,0.5299243199999999,0.0,0.26561808,-2.716324319999976,-61.35857137435771,1,True
ETHUSDT,long,af187d4600293370912fdc48844e238d5a23c3a8db29f161d53a92159bdab83d,ETHUSDT|long|high_volume,1686234960000,1686276480000,2023-06-08T14:36:00+00:00,2023-06-09T02:08:00+00:00,1860.66,1838.57,0.15,279.099,55.8198,5,1837.03,1840.14,4.112650800000007,5.94952901081225,exchange_guard_proxy_touch,False,-3.3135000000000217,0.33293069999999997,-0.037610025165,0.16745939999999998,-3.6840407251650213,-131.99763256640193,1,True
BTCUSDT,short,7ae9494b66f3f4d2fce74aa55e6830cddd5b43d3613f754bc2a0f1fb2ae68620,BTCUSDT|short|high_volume,1686266760000,1686298740000,2023-06-08T23:26:00+00:00,2023-06-09T08:19:00+00:00,26482.100000000002,26612.7,0.019100000000000002,505.8081100000001,101.16162200000002,5,26645.8,26590.0,4.169345875999959,4.357339710185441,exchange_guard_proxy_touch,False,-2.4944599999999726,0.6084664080000001,0.07336822284920001,0.303484866,-3.0295581851507727,-59.895405495787166,1,True
ETHUSDT,long,41f4035f00d677d00f8db99c3c112abe75d1e042c241b1b8ecd793f6e33fd768,ETHUSDT|long|confirmed_volume,1686312660000,1686326040000,2023-06-09T12:11:00+00:00,2023-06-09T15:54:00+00:00,1846.83,1837.45,0.2,369.366,73.8732,5,1829.99,1839.02,4.1210311999999725,1.688212328744979,exchange_guard_proxy_touch,False,-1.8759999999999764,0.4421136,0.0,0.22161959999999997,-2.3181135999999762,-62.75925775517986,1,True
BTCUSDT,short,7971be10fb9e1e0010661fa292a49d14f9c4ad8d5d627b75aa476fd130f5966f,BTCUSDT|short|high_volume,1686358560000,1686359460000,2023-06-10T00:56:00+00:00,2023-06-10T01:11:00+00:00,26421.0,26512.7,0.0333,879.8193000000001,175.96386,5,26490.1,26490.1,4.111225326000024,2.6295690378810876,exchange_guard_proxy_touch,False,-3.0536100000000244,1.057615326,0.0,0.52789158,-4.111225326000024,-46.72806479694209,1,True
BTCUSDT,short,a4d5a1d809ed0baa1ed2f0dff378c072f7bfab45bf4ab07905596b2a1625acd7,BTCUSDT|short|high_volume,1686361860000,1686416880000,2023-06-10T01:51:00+00:00,2023-06-10T17:08:00+00:00,26364.7,25751.100000000002,0.022600000000000002,595.8422200000001,119.16844400000002,5,26490.1,25729.199999999997,4.061817544,5.453042796833005,exchange_guard_proxy_touch,False,13.867359999999968,0.706690248,0.036319205406200004,0.357505332,13.196988957406168,221.4846231844089,1,True
ETHUSDT,long,c73a138f91163d8f1a45790c549423c9177ecaa9d1a84df59408c74ea5c22d1f,ETHUSDT|long|high_volume,1686429660000,1686441660000,2023-06-10T20:41:00+00:00,2023-06-11T00:01:00+00:00,1746.94,1747.83,0.11,192.1634,38.43268,5,1715.28,1715.28,3.8716101600000132,2.1431258619802183,completed_MTF_D_BIAS_REVERSED,False,0.097899999999986,0.23065481999999998,-0.0034335498450000007,0.11529803999999999,-0.13618836984501398,-7.087112834442666,1,False
BTCUSDT,short,2486e7386496d54a5a7cdb8c8dceaf5f26526082b6ef6db612d849f343a4121c,BTCUSDT|short|confirmed_volume,1686453060000,1686483120000,2023-06-11T03:11:00+00:00,2023-06-11T11:32:00+00:00,25716.4,25842.2,0.0164,421.74896000000007,84.34979200000001,5,25919.6,25820.199999999997,4.203235703999988,1.8460539301983203,exchange_guard_proxy_touch,False,-2.063119999999988,0.507336624,0.013489396224,0.253049376,-2.556967227775988,-60.62770677077633,1,True
BTCUSDT,short,85de587442e37eeb4ce624f14ee48103ac003acdc9ef01635f6b470197be0d02,BTCUSDT|short|high_volume,1686491760000,1686500340000,2023-06-11T13:56:00+00:00,2023-06-11T16:19:00+00:00,25678.800000000003,25842.2,0.021500000000000002,552.0942000000001,110.41884000000002,5,25820.199999999997,25820.199999999997,4.1777208999999536,3.6705175865027173,exchange_guard_proxy_touch,False,-3.5130999999999535,0.6646209,0.0327909437625,0.33125652000000005,-4.144929956237454,-75.07649883366739,1,True
BTCUSDT,short,0c13442c79c18c50d51394a6a26e09dbe41fe4bae5441f8c00d3bf08e4bdd181,BTCUSDT|short|high_volume,1686572460000,1686615300000,2023-06-12T12:21:00+00:00,2023-06-13T00:15:00+00:00,25895.600000000002,25984.7,0.0161,416.91916000000003,83.38383200000001,5,26097.8,25962.6,4.115310695999965,2.7176877721414745,exchange_guard_proxy_touch,False,-1.4345099999999766,0.501163698,0.0567494254152,0.250151496,-1.8789242725847768,-45.06687273822524,1,True
BTCUSDT,short,741620929c89dbd4ff29ee5639125aceef1ed10179af6fdae3924832096d5ecf,BTCUSDT|short|high_volume,1686617760000,1686619680000,2023-06-13T00:56:00+00:00,2023-06-13T01:28:00+00:00,25819.2,25984.7,0.020900000000000002,539.6212800000001,107.92425600000001,5,25962.6,25962.6,4.108570906,5.73133601309897,exchange_guard_proxy_touch,False,-3.45895,0.649620906,0.0,0.32377276800000004,-4.108570906000001,-76.13804455598934,1,True
BTCUSDT,short,097385d5d9972513682e0a0ede9ce35fbd71650bb33dcd32405c54a6912e10c7,BTCUSDT|short|high_volume,1686695460000,1686703080000,2023-06-13T22:31:00+00:00,2023-06-14T00:38:00+00:00,25793.600000000002,25995.2,0.0175,451.3880000000001,90.27760000000002,5,25973.1,25973.1,4.071782399999975,2.0979452705096646,exchange_guard_proxy_touch,False,-3.5279999999999747,0.5437824000000001,0.011057914700000001,0.27083280000000004,-4.060724485299975,-89.96084267415115,1,True
BTCUSDT,short,ad66379fdca9654476739c206d4a1616dd69cd2afb79eee78a079fd23379dc3e,BTCUSDT|short|high_volume,1686801960000,1686835320000,2023-06-15T04:06:00+00:00,2023-06-15T13:22:00+00:00,25008.100000000002,25084.9,0.0166,415.13446000000005,83.026892,5,25198.899999999998,25063.5,4.024455859999988,3.2316459415399783,exchange_guard_proxy_touch,False,-1.274879999999988,0.49892627999999994,0.025674837834799995,0.24908067600000003,-1.7481314421651881,-42.110005566996,1,True
BTCUSDT,short,acf50ab940aef8fdee37ab4b65739367e71c4317ce5c2cab809a862465fc0b85,BTCUSDT|short|high_volume,1686844260000,1686851100000,2023-06-15T15:51:00+00:00,2023-06-15T17:45:00+00:00,24941.7,25084.9,0.023200000000000002,578.6474400000001,115.72948800000002,5,25063.5,25063.5,4.018610272000017,2.07774571530935,exchange_guard_proxy_touch,False,-3.322240000000017,0.696370272,0.038704548585600004,0.34718846400000003,-3.979905723414417,-68.77945789260583,1,True
BTCUSDT,short,2d091c13fcb6b3ed30cd32fc0a822f115ae9a76f54e18db32e314b4c9b1ec9ca,BTCUSDT|short|high_volume,1686914760000,1686922080000,2023-06-16T11:26:00+00:00,2023-06-16T13:28:00+00:00,25494.7,25641.9,0.0223,568.5318100000001,113.70636200000001,5,25620.1,25620.1,3.9667677080000163,5.908373857105205,exchange_guard_proxy_touch,False,-3.282560000000016,0.684207708,0.0,0.34111908599999996,-3.966767708000016,-69.77213303157154,1,True
BTCUSDT,short,a132a33f61f47f195e6192f544b7612459e5b0280ae203462c3452ea2ab0b9a4,BTCUSDT|short|high_volume,1686927060000,1686927480000,2023-06-16T14:51:00+00:00,2023-06-16T14:58:00+00:00,25348.100000000002,25641.9,0.012100000000000001,306.7120100000001,61.342402000000014,5,25620.1,25620.1,3.9251673999999914,28.255653608764217,exchange_guard_proxy_touch,False,-3.5549799999999916,0.3701874,0.0,0.18402720600000003,-3.9251673999999914,-127.97566681526393,1,True
BTCUSDT,short,646fa7dab49ac70a31d16bc6644a545d990e18c80cb0dacb4ba90ccd2ec01d92,BTCUSDT|short|confirmed_volume,1687079160000,1687104540000,2023-06-18T09:06:00+00:00,2023-06-18T16:09:00+00:00,26451.300000000003,26588.7,0.0201,531.6711300000001,106.33422600000002,5,26590.1,26566.1,3.886103046,1.8288098784185511,exchange_guard_proxy_touch,False,-2.761739999999956,0.6396624,0.035778198487499996,0.319002678,-3.365624201512456,-63.302745091922816,1,True
BTCUSDT,short,50b291fcb522bc8344c44b40c36bb84be3042921b4fc46a77f66f98116a0d908,BTCUSDT|short|high_volume,1687269660000,1687276140000,2023-06-20T14:01:00+00:00,2023-06-20T15:49:00+00:00,26767.4,26993.0,0.0123,329.23902000000004,65.84780400000001,5,27024.3,26970.0,3.8399224860000176,4.370377442531059,exchange_guard_proxy_touch,False,-2.7748799999999822,0.39675175199999996,0.0,0.197543412,-3.1716317519999824,-96.33219513288499,1,True
BTCUSDT,long,e6c3275dcc5ef4934dfbeffd31ddf34392f399859cd7aa55a6f817414140c869,BTCUSDT|long|high_volume,1687781460000,1687797900000,2023-06-26T12:11:00+00:00,2023-06-26T16:45:00+00:00,30359.600000000002,30127.800000000003,0.0143,434.14228,86.828456,5,30153.5,30153.5,3.8337218919999896,2.4640605095032995,exchange_guard_proxy_touch,False,-3.31473999999999,0.518981892,-0.043473001000000004,0.260485368,-3.87719489299999,-89.30700997378072,1,True
BTCUSDT,long,d1f316976d390b59ec87118ee4d988e04a462b0d2119b536419cd3dac3c38215,BTCUSDT|long|confirmed_volume,1687830960000,1687911540000,2023-06-27T01:56:00+00:00,2023-06-28T00:19:00+00:00,30390.7,30507.0,0.0103,313.02421000000004,62.604842000000005,5,30086.0,30533.0,3.7756777979999927,1.7272164750790897,exchange_guard_proxy_touch,False,1.1978899999999926,0.37634778599999996,-0.09432235300000001,0.187814526,0.7272198609999926,23.232064414442334,1,True
BTCUSDT,long,9a724e9cd0513f3e21bb0fc94d75984948dff8757aca52b3ef13120a4aaf29d6,BTCUSDT|long|confirmed_volume,1688013660000,1688070180000,2023-06-29T04:41:00+00:00,2023-06-29T20:23:00+00:00,30233.5,30354.0,0.0146,441.4091,88.28182000000001,5,30036.0,30379.9,3.7849965639999787,1.6085493291395283,exchange_guard_proxy_touch,False,1.7593,0.5307465,-0.08567094142000001,0.26484546,1.14288255858,25.89168548133693,1,True
BTCUSDT,long,efa09583eec1fd7a3571cef17533b73fee8ed4e41202f87141063b6038214550,BTCUSDT|long|high_volume,1688100060000,1688132160000,2023-06-30T04:41:00+00:00,2023-06-30T13:36:00+00:00,31069.100000000002,30577.800000000003,0.0048000000000000004,149.13168000000002,29.826336000000005,5,30337.300000000003,30603.9,3.8132561280000106,6.089652766142235,exchange_guard_proxy_touch,False,-2.358239999999997,0.17754307200000002,-0.014764416000000002,0.089479008,-2.5505474879999968,-171.0265376209801,1,True
BTCUSDT,long,8f29c0ed44e47b60de5df2023d98db00cc7308905b009605e0c91140d60d248b,BTCUSDT|long|high_volume,1688157060000,1688264280000,2023-06-30T20:31:00+00:00,2023-07-02T02:18:00+00:00,30492.9,30508.2,0.011300000000000001,344.56977000000006,68.91395400000002,5,30221.9,30534.2,3.7641820980000085,5.06527140466201,exchange_guard_proxy_touch,False,0.1728899999999918,0.413587458,-0.13790904200000004,0.206741862,-0.3786065000000083,-10.987803718242846,1,True
BTCUSDT,long,02a492e2beb662c85cea0ac1d1f2bc5c378accaf36584a8fe8338b64185874d5,BTCUSDT|long|high_volume,1688299560000,1688311380000,2023-07-02T12:06:00+00:00,2023-07-02T15:23:00+00:00,30589.5,30436.100000000002,0.0199,608.73105,121.74620999999999,5,30462.0,30462.0,3.781305663999957,5.091441306917888,exchange_guard_proxy_touch,False,-3.052659999999957,0.7286456640000001,0.0,0.36523863,-3.781305663999957,-62.11783782016635,1,True
BTCUSDT,long,ecd162246e7bc779bfb9e85a64db0a2ef81cb22f40b4932dbff27996f786f364,BTCUSDT|long|high_volume,1688336760000,1688337780000,2023-07-02T22:26:00+00:00,2023-07-02T22:43:00+00:00,30690.600000000002,30432.0,0.012700000000000001,389.77062000000006,77.95412400000001,5,30457.9,30457.9,3.749974212000028,2.1007139814479268,exchange_guard_proxy_touch,False,-3.284220000000028,0.46575421200000006,0.0,0.233862372,-3.749974212000028,-96.20977106997,1,True
BTCUSDT,long,ad81b8665258309b768641969bd423a864c36fbdce886861a65a95b7aa86e9ca,BTCUSDT|long|confirmed_volume,1688347860000,1688450640000,2023-07-03T01:31:00+00:00,2023-07-04T06:04:00+00:00,30727.0,30848.800000000003,0.010100000000000001,310.34270000000004,62.068540000000006,5,30424.9,30875.100000000002,3.68322356,1.8269368661987406,exchange_guard_proxy_touch,False,1.2301800000000296,0.373149348,-0.09380869900000002,0.18620562000000002,0.7632219530000296,24.592875972272893,1,True
BTCUSDT,long,c72a66289159d2f90cf1b592fc9f190ed53044d9eef4cf1fd06dd5037519855e,BTCUSDT|long|high_volume,1688632560000,1688650980000,2023-07-06T08:36:00+00:00,2023-07-06T13:43:00+00:00,30920.5,30394.600000000002,0.0066,204.0753,40.81506,5,30420.5,30420.5,3.713747795999985,3.782697894372359,exchange_guard_proxy_touch,False,-3.4709399999999855,0.242807796,0.0,0.12244517999999999,-3.7137477959999856,-181.97928882133144,1,True
BTCUSDT,long,ea81cd5d0ad1cc67826b7e2bbf11c14c2c85a4340f67abdc709493923ba25feb,BTCUSDT|long|high_volume,1688733360000,1688789340000,2023-07-07T12:36:00+00:00,2023-07-08T04:09:00+00:00,30286.4,30214.100000000002,0.0083,251.37712000000002,50.275424,5,29904.300000000003,30239.9,3.682702695999988,23.796872611192306,exchange_guard_proxy_touch,False,-0.600089999999994,0.30129249,-0.007798283011000002,0.150826272,-0.9091807730109941,-36.16800021461754,1,True
BTCUSDT,long,f4ab7bb1107a6a4e804adea8c78b5085f720df01a521f7248ca9f87ec66d583d,BTCUSDT|long|high_volume,1688832360000,1688844180000,2023-07-08T16:06:00+00:00,2023-07-08T19:23:00+00:00,30245.7,30106.7,0.020900000000000002,632.1351300000001,126.42702600000003,5,30132.4,30132.4,3.661919096,3.3450735266783145,exchange_guard_proxy_touch,False,-2.9051000000000005,0.756819096,0.0,0.37928107800000005,-3.6619190960000005,-57.92937177846768,1,True
BTCUSDT,long,f76cb7e619539aeea058f3338d0a6aa39db568d18738efbf3591e43278d28f0d,BTCUSDT|long|high_volume,1688890260000,1688895180000,2023-07-09T08:11:00+00:00,2023-07-09T09:33:00+00:00,30307.100000000002,30215.800000000003,0.0285,863.7523500000001,172.75047,5,30241.600000000002,30241.600000000002,3.636991589999979,2.437892643897064,exchange_guard_proxy_touch,False,-2.6020499999999793,1.03494159,0.0,0.51825141,-3.6369915899999796,-42.10687924611701,1,True
BTCUSDT,long,8f2c75ebb0436c2df826ea4d14b2fa130547b3743e0ef2bd95027b0d4f5a9bdb,BTCUSDT|long|high_volume,1688990460000,1689067200000,2023-07-10T12:01:00+00:00,2023-07-11T09:20:00+00:00,30256.4,30356.4,0.0102,308.61528000000004,61.72305600000001,5,29966.5,30382.300000000003,3.5854880880000155,3.154447547760026,exchange_guard_proxy_touch,False,1.02,0.37095033600000005,-0.059826984171000006,0.185169168,0.589222679829,19.092466187319044,1,True
BTCUSDT,long,a3cc1b23ff20e1ba780ef8095f122bd588706997eb444dd2470498c212705933,BTCUSDT|long|high_volume,1689117360000,1689169080000,2023-07-11T23:16:00+00:00,2023-07-12T13:38:00+00:00,30631.100000000002,30458.9,0.011600000000000001,355.32076000000006,71.064152,5,30383.800000000003,30484.9,3.5936034400000083,2.044720078395577,exchange_guard_proxy_touch,False,-1.9975200000000086,0.42518639999999996,-0.0480956004896,0.21319245600000003,-2.4708020004896083,-69.53722604020119,1,True
ETHUSDT,long,6ad2692ac24e54faf13d6e427a208dd755a7db4b4852cb20f61ab91fa463f365,ETHUSDT|long|high_volume,1689293760000,1689316320000,2023-07-14T00:16:00+00:00,2023-07-14T06:32:00+00:00,2011.71,2002.3400000000001,0.08,160.9368,32.18736,5,1970.99,2004.05,3.5830889600000075,2.095973836766823,exchange_guard_proxy_touch,False,-0.7495999999999913,0.19267440000000002,0.0,0.09656208,-0.9422743999999913,-58.549343593260915,1,True
BTCUSDT,long,7578fd377c9747f5b2d140ad62bed0586d1898d83f764ba761c6d85b5ef38fc4,BTCUSDT|long|high_volume,1689231660000,1689341880000,2023-07-13T07:01:00+00:00,2023-07-14T13:38:00+00:00,30400.9,31041.9,0.0155,471.21395,94.24279,5,30232.9,31068.4,3.566005330000011,4.418549025588104,exchange_guard_proxy_touch,False,9.9355,0.57141804,-0.12826288928250001,0.28272837,9.2358190707175,196.00054435395006,1,True
BTCUSDT,long,80440283f347cbda1bb61a8ca679a4f9ff27b0b41c65028cfcedfce66fa68f1a,BTCUSDT|long|high_volume,1689342960000,1689352260000,2023-07-14T13:56:00+00:00,2023-07-14T16:31:00+00:00,31294.5,31041.9,0.0126,394.3107,78.86214,5,31068.4,31068.4,3.6540231839999815,3.7921368713390704,exchange_guard_proxy_touch,False,-3.182759999999982,0.471263184,-0.039358116,0.23658642,-3.6933812999999818,-93.666778507405,1,True
ETHUSDT,long,a407d45c1da93bc85ef4410498115ce96fc3542ab2bea4441d2caa1875c41f6a,ETHUSDT|long|confirmed_volume,1689404460000,1689455460000,2023-07-15T07:01:00+00:00,2023-07-15T21:11:00+00:00,1934.52,1925.66,0.28,541.6656,108.33312000000001,5,1925.56,1927.3,3.6162179199999747,1.7030828897996333,exchange_guard_proxy_touch,False,-2.4807999999999724,0.64851024,-0.09167553533600001,0.32499936,-3.220985775335972,-59.46446987469708,1,True
ETHUSDT,long,df90571997133cf783146853bf9e13412aa25ef7f422df23ac46ebe02206aa4e,ETHUSDT|long|high_volume,1689499860000,1689549900000,2023-07-16T09:31:00+00:00,2023-07-16T23:25:00+00:00,1931.3400000000001,1923.19,0.22,424.89480000000003,84.97896,5,1919.33,1924.83,3.51107196000002,4.290469122710938,exchange_guard_proxy_touch,False,-1.79300000000002,0.50879796,-0.0173817952,0.25493688,-2.31917975520002,-54.58244617726599,1,True
BTCUSDT,long,0e9dbad561bdb6b1758d36a9adf7b5232277b8efe2fdfaee5c6270c3aefc7c3d,BTCUSDT|long|high_volume,1689679560000,1689681180000,2023-07-18T11:26:00+00:00,2023-07-18T11:53:00+00:00,30035.2,29839.100000000002,0.015300000000000001,459.53856,91.907712,5,29864.5,29864.5,3.5499760739999777,3.529266831392127,exchange_guard_proxy_touch,False,-3.0003299999999777,0.549646074,0.0,0.27572313600000004,-3.5499760739999777,-77.25088562752988,1,True
ETHUSDT,long,04764f2f84bb33625cd3cab4f1570536f9b42f2f0b307293e8c0232548492e09,ETHUSDT|long|high_volume,1689679560000,1689681300000,2023-07-18T11:26:00+00:00,2023-07-18T11:55:00+00:00,1907.4,1890.68,0.18,343.332,68.6664,5,1892.29,1892.29,3.4197926400000047,4.462219989703366,exchange_guard_proxy_touch,False,-3.0096000000000047,0.4101926399999999,0.0,0.20599919999999997,-3.4197926400000047,-99.60599769319506,1,True
ETHUSDT,long,5c2b1e066667f91d5c76218578e9ef8c4a032cf1941bfe9d777c72795617a163,ETHUSDT|long|high_volume,1689690360000,1689690720000,2023-07-18T14:26:00+00:00,2023-07-18T14:32:00+00:00,1901.8600000000001,1890.68,0.26,494.4836,98.89672,5,1892.29,1892.29,3.498436240000017,3.5361570164559786,exchange_guard_proxy_touch,False,-2.9068000000000165,0.59163624,0.0,0.29669016000000004,-3.4984362400000166,-70.74928753956686,1,True
BTCUSDT,long,0c66cb67f67d457b7c5f63a09bfff14b6741c5594b2670de22a4340c7f55e19e,BTCUSDT|long|high_volume,1689774360000,1689776100000,2023-07-19T13:46:00+00:00,2023-07-19T14:15:00+00:00,30093.600000000002,29826.7,0.0114,343.06704,68.613408,5,29852.100000000002,29852.100000000002,3.4525148520000166,3.071081770035552,exchange_guard_proxy_touch,False,-3.0426600000000166,0.409854852,0.0,0.205840224,-3.4525148520000166,-100.63674003774936,1,True
ETHUSDT,long,300e63057ebf60ca43071ce1c7e5d3aed8c49dd013e2f3f11931e6df2e5a9a60,ETHUSDT|long|high_volume,1689726960000,1689776100000,2023-07-19T00:36:00+00:00,2023-07-19T14:15:00+00:00,1908.53,1899.74,0.14,267.1942,53.438840000000006,5,1888.61,1901.36,3.333024519999997,5.583091982565991,exchange_guard_proxy_touch,False,-1.230599999999995,0.31989468,-0.026709060000000003,0.16031652,-1.577203739999995,-59.028367382225916,1,True
ETHUSDT,long,7b64fc13eb76149f18dc5be0c24ac0f7ea9109dd6641d62361afa82d2f7788fb,ETHUSDT|long|confirmed_volume,1689788460000,1689798180000,2023-07-19T17:41:00+00:00,2023-07-19T20:23:00+00:00,1910.47,1899.74,0.26,496.72220000000004,99.34444,5,1901.36,1901.36,3.384192760000005,1.5687633773150087,exchange_guard_proxy_touch,False,-2.789800000000005,0.59439276,0.0,0.29803332,-3.384192760000005,-68.13049144974805,1,True
BTCUSDT,long,d187ec4dfff80082bca363c9db39ffd6a10e3af34685f0abe8381ce47c780d55,BTCUSDT|long|high_volume,1689789060000,1689801600000,2023-07-19T17:51:00+00:00,2023-07-19T21:20:00+00:00,30064.4,29826.7,0.0125,375.80500000000006,75.16100000000002,5,29852.100000000002,29852.100000000002,3.420433250000009,5.239864096353884,exchange_guard_proxy_touch,False,-2.9712500000000093,0.44918325000000003,0.0,0.22548300000000002,-3.420433250000009,-91.01617195087901,1,True
BTCUSDT,long,76b52acec8aecaaeb43971b549ed61da322275f8e28a325c1910ce7eb90aaff6,BTCUSDT|long|high_volume,1689819060000,1689863820000,2023-07-20T02:11:00+00:00,2023-07-20T14:37:00+00:00,30037.100000000002,29874.9,0.011600000000000001,348.43036000000006,69.68607200000001,5,29810.9,29900.4,3.3349252960000255,2.1750934676914686,exchange_guard_proxy_touch,False,-1.8815200000000085,0.41698752,-0.0337694304336,0.20905821600000002,-2.3322769504336085,-66.93667424485076,1,True
ETHUSDT,long,128f96f638493ef82f38ede9a9c066e6db3da9c9327aceefa1ce7d185dae7828,ETHUSDT|long|confirmed_volume,1689830160000,1689864240000,2023-07-20T05:16:00+00:00,2023-07-20T14:44:00+00:00,1902.3,1889.7,0.13,247.299,49.4598,5,1881.6,1891.31,3.194019399999994,1.6477566079705592,exchange_guard_proxy_touch,False,-1.6379999999999881,0.295776,-0.022906060749,0.1483794,-1.956682060748988,-79.12211779056882,1,True
BTCUSDT,long,73760775252894abe581941bec2f53b4925d0a57685a4507c9dff987b5e09ed7,BTCUSDT|long|confirmed_volume,1689931260000,1689938580000,2023-07-21T09:21:00+00:00,2023-07-21T11:23:00+00:00,29844.800000000003,29704.2,0.0165,492.4392000000001,98.48784000000002,5,29705.800000000003,29729.5,3.3002504700000483,1.6519300843162166,exchange_guard_proxy_touch,False,-2.319900000000036,0.5895351,0.0,0.29546352000000004,-2.909435100000036,-59.08211815793778,1,True
ETHUSDT,long,547964ae8350a27c9934ddafaf5655d768ad6c38779c041b73deb41481cf6c36,ETHUSDT|long|high_volume,1689962460000,1689966900000,2023-07-21T18:01:00+00:00,2023-07-21T19:15:00+00:00,1899.97,1883.57,0.17,322.99490000000003,64.59898000000001,5,1885.18,1885.18,3.1739210800000155,3.7169444762562502,exchange_guard_proxy_touch,False,-2.788000000000016,0.38592107999999997,0.0,0.19379693999999997,-3.173921080000016,-98.26536208466497,1,True
BTCUSDT,long,c780befed9fab2313d4a630752544f0c8e8aac60b0a7f8fe472f6b8cce084260,BTCUSDT|long|high_volume,1689942360000,1690029780000,2023-07-21T12:26:00+00:00,2023-07-22T12:43:00+00:00,29852.5,29796.5,0.0178,531.3745,106.2749,5,29729.5,29821.9,3.2758055559999866,2.0789223870629203,exchange_guard_proxy_touch,False,-0.9968,0.6370513199999999,-0.0364594523698,0.3188247,-1.6703107723697999,-31.433777352315545,1,True
BTCUSDT,long,ab46e73532fbf7db31e0e27fa73fb7df032c81019c079aa2777c99b0fd13f5bd,BTCUSDT|long|high_volume,1690112760000,1690117440000,2023-07-23T11:46:00+00:00,2023-07-23T13:04:00+00:00,29923.0,29844.100000000002,0.0281,840.8363,168.16726,5,29869.5,29869.5,3.224763305999939,2.8804225401031043,exchange_guard_proxy_touch,False,-2.2170899999999385,1.007673306,0.0,0.5045017799999999,-3.2247633059999385,-38.3518564315068,1,True
ETHUSDT,long,3c908adb5546eda0910012b285ca3c2a9868262ceb5ecb6d9eecafa3bdf2302b,ETHUSDT|long|confirmed_volume,1690223460000,1690330980000,2023-07-24T18:31:00+00:00,2023-07-26T00:23:00+00:00,1848.76,1853.82,0.18,332.7768,66.55536,5,1835.38,1855.4,3.088717560000008,1.785756036211518,exchange_guard_proxy_touch,False,0.9107999999999902,0.39987863999999995,-0.116522333676,0.19966607999999997,0.3943990263239902,11.85175848568741,1,True
ETHUSDT,long,269eeb754b84b2ed4151c81d25b5dfc305b5bcb77f0266ef82fd580e7c8a311a,ETHUSDT|long|high_volume,1690340460000,1690345380000,2023-07-26T03:01:00+00:00,2023-07-26T04:23:00+00:00,1860.78,1853.82,0.34,632.6652,126.53304,5,1855.4,1855.4,3.1241784000000123,4.203687382166381,exchange_guard_proxy_touch,False,-2.3664000000000125,0.7577784,0.0,0.37959911999999996,-3.1241784000000123,-49.38122722729197,1,True
ETHUSDT,long,3fbbfb582a10517dd9c71523bf53ce6c6e3ce04959befb04117200a7b301f9ca,ETHUSDT|long|confirmed_volume,1690420860000,1690444320000,2023-07-27T01:21:00+00:00,2023-07-27T07:52:00+00:00,1873.74,1863.81,0.26,487.17240000000004,97.43448000000001,5,1865.4,1865.4,3.164857800000017,1.7376317532984016,exchange_guard_proxy_touch,False,-2.5818000000000167,0.5830578,0.0,0.29230343999999997,-3.164857800000017,-64.96381568414009,1,True
ETHUSDT,long,6f0b8077227e6179d01fbe69cdf28b45d84949dab1d37788e26288287d413220,ETHUSDT|long|high_volume,1690448760000,1690470540000,2023-07-27T09:06:00+00:00,2023-07-27T15:09:00+00:00,1880.01,1863.81,0.17,319.6017,63.920339999999996,5,1865.4,1865.4,3.135869640000008,3.4716591749714434,exchange_guard_proxy_touch,False,-2.754000000000008,0.38186963999999995,0.0,0.19176101999999998,-3.135869640000008,-98.11805256355045,1,True
ETHUSDT,long,eb3d0d10478a5626817fc7ad369bfff9fa1e54e1a4bed2a55368af6cfc45c769,ETHUSDT|long|high_volume,1690535160000,1690611000000,2023-07-28T09:06:00+00:00,2023-07-29T06:10:00+00:00,1864.8,1870.26,0.23,428.904,85.7808,5,1855.56,1871.86,3.0017916399999853,2.5847230721717867,exchange_guard_proxy_touch,False,1.2558000000000085,0.51543828,-0.0836543304,0.25734239999999997,0.6567073896000084,15.31129086229106,1,True
ETHUSDT,long,7555a040f81966d7a1fe6558a57ff485e83965085051b2ff770ac9f01291f151,ETHUSDT|long|high_volume,1690657860000,1690694040000,2023-07-29T19:11:00+00:00,2023-07-30T05:14:00+00:00,1879.6200000000001,1874.7,0.23,432.31260000000003,86.46252000000001,5,1870.46,1876.3,2.98979162,4.613908495150388,exchange_guard_proxy_touch,False,-1.1316000000000168,0.51809616,-0.04323678,0.25938756,-1.6929329400000168,-39.159925942478125,1,True
ETHUSDT,long,b930e9bff7475e67060ce5dff755c0ccae811dec2c18dc70a93c15ba5c969862,ETHUSDT|long|high_volume,1690792260000,1690812000000,2023-07-31T08:31:00+00:00,2023-07-31T14:00:00+00:00,1869.3500000000001,1860.05,0.26,486.03100000000006,97.20620000000001,5,1861.64,1861.64,2.999786400000047,9.786976746924317,exchange_guard_proxy_touch,False,-2.4180000000000472,0.5817863999999999,0.0,0.2916186,-2.999786400000047,-61.72006312354657,1,True
BTCUSDT,short,6b82191c9a5eb94e26c08fe0689fd888fcf70d58ad42166aeb6fa7ddf15d5fbf,BTCUSDT|short|high_volume,1690854960000,1690905960000,2023-08-01T01:56:00+00:00,2023-08-01T16:06:00+00:00,29131.300000000003,29011.300000000003,0.0143,416.57759000000004,83.31551800000001,5,29285.399999999998,28986.6,3.061128928,3.7516076672902336,exchange_guard_proxy_touch,False,1.716,0.49886350799999996,0.0693791214688,0.24994655400000002,1.2865156134688,30.882977009608222,1,True
ETHUSDT,long,2ca8912c7c038374a3d89a0767da2384a2daf302953a07d57002d5ffe1fe4261,ETHUSDT|long|high_volume,1690913160000,1690981440000,2023-08-01T18:06:00+00:00,2023-08-02T13:04:00+00:00,1839.69,1851.26,0.09,165.5721,33.11442,5,1810.83,1852.84,2.9330449200000084,2.2263447234949507,exchange_guard_proxy_touch,False,1.0412999999999943,0.19931129999999997,-0.03356397,0.09934325999999999,0.8084247299999944,48.82614462219144,1,True
BTCUSDT,short,df4a38b359a869e6d59646f3e5c51f43ffdb226321e6024a875642233c2864b4,BTCUSDT|short|confirmed_volume,1690989660000,1691027220000,2023-08-02T15:21:00+00:00,2023-08-03T01:47:00+00:00,29171.800000000003,29254.100000000002,0.0063,183.78234000000003,36.756468000000005,5,29599.1,29229.199999999997,3.072999258,1.8571323164132432,exchange_guard_proxy_touch,False,-0.5184899999999955,0.22084990200000001,0.036844101000000004,0.110269404,-0.7024958009999954,-38.22433651677279,1,True
ETHUSDT,long,e9460143a7701878719d4a4cb269798b3f26d997ea3fb4709afae6f0cad70035,ETHUSDT|long|high_volume,1691043660000,1691044980000,2023-08-03T06:21:00+00:00,2023-08-03T06:43:00+00:00,1840.94,1834.83,0.37,681.1478,136.22956,5,1836.4,1836.4,3.0767209400000475,2.0820664542237632,exchange_guard_proxy_touch,False,-2.260700000000047,0.8160209399999999,0.0,0.40868867999999997,-3.076720940000047,-45.16965246015692,1,True
ETHUSDT,long,d4ec0f7e6e370720d043d570d5019a6927c092992d22c5c6102501edbe8d29a6,ETHUSDT|long|high_volume,1691074860000,1691100420000,2023-08-03T15:01:00+00:00,2023-08-03T22:07:00+00:00,1850.47,1831.5900000000001,0.14,259.0658,51.81316,5,1833.15,1833.15,2.952493039999984,5.844890802363616,exchange_guard_proxy_touch,False,-2.643199999999984,0.3092930400000001,-0.025754820000000005,0.15543948000000002,-2.9782478599999838,-114.96105854188332,1,True
BTCUSDT,short,4b689378968c97bf4e54d82e24d3e6a5373c0edfb2ae4108ea44d82b82290895,BTCUSDT|short|high_volume,1691115960000,1691152200000,2023-08-04T02:26:00+00:00,2023-08-04T12:30:00+00:00,29108.0,29275.0,0.0099,288.16920000000005,57.633840000000006,5,29352.5,29250.1,3.01545387,8.618932696506015,exchange_guard_proxy_touch,False,-1.6533000000000002,0.34679501999999995,0.028909584,0.17290151999999998,-1.9711854360000003,-68.40375154596674,1,True
ETHUSDT,long,9208a1dabc8c8f2f344efb08c76d9c7dc5e5a29cc5868c4244902823d235bada,ETHUSDT|long|high_volume,1691152260000,1691152560000,2023-08-04T12:31:00+00:00,2023-08-04T12:36:00+00:00,1841.22,1829.0900000000001,0.2,368.244,73.64880000000001,5,1830.65,1830.65,2.866437199999977,3.768026984530869,exchange_guard_proxy_touch,False,-2.4259999999999766,0.4404372000000001,0.0,0.2209464,-2.866437199999977,-77.84070344662715,1,True
ETHUSDT,long,c21e81f42a59134b21bbb3b325597f831aebf96e82a9bee7546a2f1ffa2be6be,ETHUSDT|long|high_volume,1691157060000,1691173500000,2023-08-04T13:51:00+00:00,2023-08-04T18:25:00+00:00,1850.45,1829.0900000000001,0.12,222.054,44.4108,5,1830.65,1830.65,2.8281268799999877,2.2365924372527717,exchange_guard_proxy_touch,False,-2.5631999999999877,0.26492688,-0.0221592,0.13323239999999997,-2.8502860799999876,-128.36004215190843,1,True
BTCUSDT,short,af7dd34733a528cd0e18b8a105beb2bb39cc453a677bf200cd92b44f2b4f9f73,BTCUSDT|short|high_volume,1691209260000,1691261700000,2023-08-05T04:21:00+00:00,2023-08-05T18:55:00+00:00,29038.600000000002,29097.800000000003,0.0177,513.9832200000001,102.79664400000001,5,29145.1,29073.0,2.942184269999987,2.3803520601996064,exchange_guard_proxy_touch,False,-1.047840000000013,0.6174085680000001,0.10278460800000001,0.308389932,-1.562463960000013,-30.39912392470736,1,True
ETHUSDT,long,e0053d4d0d7962df72a5c25d24a44da0b4d1e8b62d62161090c4821ae4e741f3,ETHUSDT|long|high_volume,1691275860000,1691303520000,2023-08-05T22:51:00+00:00,2023-08-06T06:32:00+00:00,1839.08,1830.89,0.23,422.9884,84.59768,5,1830.34,1832.45,2.8751646799999895,3.5642320279226216,exchange_guard_proxy_touch,False,-1.8836999999999604,0.5064558600000001,-0.042216500000000004,0.25379303999999997,-2.4323723599999605,-57.50446962611647,1,True
ETHUSDT,long,1705157cedf9d4b8712218a69d6fbc545e26af2dc38e7e0b084b95764bced262,ETHUSDT|long|high_volume,1691310360000,1691313060000,2023-08-06T08:26:00+00:00,2023-08-06T09:11:00+00:00,1836.55,1830.89,0.36,661.158,132.23160000000001,5,1832.45,1832.45,2.8297670399999477,3.16951723121176,exchange_guard_proxy_touch,False,-2.0375999999999475,0.7921670399999999,0.0,0.39669479999999996,-2.8297670399999473,-42.80016334975826,1,True
BTCUSDT,short,1b25a8072d47e96d98cd8a27c2906a88cfef28aec2da260b78d28d44db541e92,BTCUSDT|short|high_volume,1691318460000,1691343240000,2023-08-06T10:41:00+00:00,2023-08-06T17:34:00+00:00,29013.0,29109.2,0.0219,635.3847,127.07694,5,29084.399999999998,29084.399999999998,2.8705057080000156,2.2484717887528993,exchange_guard_proxy_touch,False,-2.106780000000016,0.7637257079999998,0.063512409,0.38123081999999997,-2.806993299000016,-44.17785475476536,1,True
BTCUSDT,short,c9eb8d29c456a3b9a6aa9068b3b95b183da281cd3c6de63c7f3114b2677f8885,BTCUSDT|short|high_volume,1691421060000,1691431800000,2023-08-07T15:11:00+00:00,2023-08-07T18:10:00+00:00,28963.2,29173.7,0.011600000000000001,335.97312000000005,67.194624,5,29148.899999999998,29148.899999999998,2.8464328240000003,2.555888133853369,exchange_guard_proxy_touch,False,-2.4418,0.404632824,0.033469712000000006,0.20158387200000003,-2.8129631120000003,-83.72583830515964,1,True
BTCUSDT,short,bf335c13e69de0c1b52e1bb85ab0673a207e607de8b277b1d3cad977741ef8d9,BTCUSDT|short|high_volume,1691577360000,1691578800000,2023-08-09T10:36:00+00:00,2023-08-09T11:00:00+00:00,29745.600000000002,29900.0,0.0148,440.23488000000003,88.046976,5,29874.6,29874.6,2.814772927999968,4.470541052938603,exchange_guard_proxy_touch,False,-2.2851199999999676,0.529652928,0.0,0.264140928,-2.8147729279999676,-63.93798074336971,1,True
BTCUSDT,short,818fd4d5ddaf73b95a9e7a06c2e2a4fdd8d74f5b2abc04c8198aefdada205f7e,BTCUSDT|short|confirmed_volume,1691592960000,1691670600000,2023-08-09T14:56:00+00:00,2023-08-10T12:30:00+00:00,29726.5,29638.5,0.013300000000000001,395.36245,79.07249,5,29874.6,29613.3,2.7833694700000002,1.809656424362063,exchange_guard_proxy_touch,False,1.1704,0.47373270000000006,0.11369552030130001,0.23721747,0.8103628203013001,20.496706763662058,1,True
BTCUSDT,short,d8601d353b6f5fea14344009c04e78b120b00395b8e8b15b079a68c344226aa3,BTCUSDT|short|confirmed_volume,1691719560000,1691737380000,2023-08-11T02:06:00+00:00,2023-08-11T07:03:00+00:00,29393.9,29505.2,0.019,558.4841,111.69682,5,29480.1,29480.1,2.786149739999986,1.7530624736983054,exchange_guard_proxy_touch,False,-2.1146999999999863,0.67144974,0.0,0.33509046,-2.786149739999986,-49.88771820003445,1,True
BTCUSDT,short,47132f17cc7fbafc816591dc0cdc6556ee3af05b4ae050902bb57f33e87d87aa,BTCUSDT|short|high_volume,1691766960000,1691801460000,2023-08-11T15:16:00+00:00,2023-08-12T00:51:00+00:00,29357.9,29462.4,0.015000000000000001,440.36850000000004,88.0737,5,29482.0,29437.3,2.767785000000011,3.2612618210908266,exchange_guard_proxy_touch,False,-1.5675000000000001,0.5293827000000001,0.07551740950500001,0.2642211,-2.021365290495,-45.9016775835465,1,True
BTCUSDT,short,5ec9abbccc816a7955c288ff87fb9554bcaea3c7e0a7c2cb3748f913b6a9e887,BTCUSDT|short|high_volume,1691805660000,1691826840000,2023-08-12T02:01:00+00:00,2023-08-12T07:54:00+00:00,29367.0,29441.800000000003,0.021,616.707,123.3414,5,29437.3,29416.699999999997,2.7446504400000307,3.4271246972872036,exchange_guard_proxy_touch,False,-1.5708000000000613,0.74099088,0.0,0.37002419999999997,-2.3117908800000615,-37.48604896652805,1,True
BTCUSDT,short,3424ce6a75c7f38f09da221b150843c0a73924e3c2f55a8f7ae1c6965bf2da6a,BTCUSDT|short|confirmed_volume,1691924460000,1691947380000,2023-08-13T11:01:00+00:00,2023-08-13T17:23:00+00:00,29363.100000000002,29425.800000000003,0.0188,552.02628,110.40525600000001,5,29447.5,29400.8,2.722266696,1.618927152085996,exchange_guard_proxy_touch,False,-1.1787600000000138,0.6631387920000001,0.055202064,0.331215768,-1.7866967280000141,-32.366153437477905,1,True
BTCUSDT,short,607c7459f12456d3a8b9e6a147a300705c213c3a023632f01700d07687b24ea2,BTCUSDT|short|high_volume,1692063660000,1692110340000,2023-08-15T01:41:00+00:00,2023-08-15T14:39:00+00:00,29341.0,29471.7,0.0148,434.2468,86.84936,5,29463.1,29446.6,2.700963296000011,3.6617144756613373,exchange_guard_proxy_touch,False,-1.934360000000011,0.522256776,0.04350741200000001,0.26054807999999996,-2.413109364000011,-55.56999761426016,1,True
BTCUSDT,short,219735da356ee5855049d962f57f51ead3a0584100d042f2f78952bbe861fea9,BTCUSDT|short|high_volume,1692118260000,1692208860000,2023-08-15T16:51:00+00:00,2023-08-16T18:01:00+00:00,29240.100000000002,29202.100000000002,0.01,292.401,58.4802,5,29446.6,29177.199999999997,2.6682707999999855,3.7740725588101824,exchange_guard_proxy_touch,False,0.38,0.3506532,0.08747380000000002,0.17544059999999997,0.11682060000000002,3.995218894600224,1,True
BTCUSDT,short,a281697dc304feb2651009b8eaf59ac31f0d21b8b9247dd47d9aea69082225ba,BTCUSDT|short|high_volume,1692217860000,1692455220000,2023-08-16T20:31:00+00:00,2023-08-19T14:27:00+00:00,28995.4,26015.0,0.0111,321.84894,64.369788,5,29177.199999999997,25992.899999999998,2.681965350000008,14.615602889274692,exchange_guard_proxy_touch,False,33.08244000000002,0.366369264,0.13721474283840002,0.193109364,32.85328547883842,1020.7672418880243,1,True
BTCUSDT,short,744a1a8c61e7e2f3a3fc2c764a54de781fcbcf17d644e36a9ef113072d7653f2,BTCUSDT|short|high_volume,1692510660000,1692529320000,2023-08-20T05:51:00+00:00,2023-08-20T11:02:00+00:00,26036.7,26175.800000000003,0.014,364.5138,72.90276,5,26197.1,26153.5,2.9967512400000103,3.7580384810832896,exchange_guard_proxy_touch,False,-1.9474000000000307,0.43858499999999995,-0.015929926655999998,0.21870828,-2.4019149266560302,-65.89366237042412,1,True
BTCUSDT,short,ea9fe5c9f5931b617d36e5b53ac0b69bcd9dab91f459d73f3cbde1c88984df21,BTCUSDT|short|high_volume,1692542460000,1692562020000,2023-08-20T14:41:00+00:00,2023-08-20T20:07:00+00:00,26063.100000000002,26171.4,0.0207,539.50617,107.901234,5,26153.5,26149.1,2.9816971380000155,2.649094138388303,exchange_guard_proxy_touch,False,-2.241809999999985,0.6487524899999999,-0.0010425213450000002,0.323703702,-2.8916050113449847,-53.59725564111685,1,True
BTCUSDT,short,4df3f6b566b568baa93e25a1c2c48b4544c17d97c75becfa40a31795bb78564b,BTCUSDT|short|high_volume,1692612660000,1692626220000,2023-08-21T10:11:00+00:00,2023-08-21T13:57:00+00:00,25950.300000000003,26102.100000000002,0.0106,275.07318000000004,55.01463600000001,5,26174.5,26079.899999999998,2.9445555559999996,5.233283683639508,exchange_guard_proxy_touch,False,-1.6090799999999923,0.331053264,0.0,0.16504390800000002,-1.9401332639999924,-70.53153142738206,1,True
BTCUSDT,short,e9594173a5bc719a5b49d836857c6b0b4b10325d060a2b6b0dfa38c6e366c14f,BTCUSDT|short|high_volume,1692710460000,1692748980000,2023-08-22T13:21:00+00:00,2023-08-23T00:03:00+00:00,25980.5,26109.5,0.0162,420.8841,84.17681999999999,5,26108.8,26087.3,2.9446237799999997,3.097837496826007,exchange_guard_proxy_touch,False,-2.0898,0.5063148,0.015918150699,0.25253045999999996,-2.5801966493009996,-61.304208196532,1,True
ETHUSDT,short,426ab04a787d8bad1e98a70269c05589010dd2481e55e6b3610036416bfbe9b3,ETHUSDT|short|high_volume,1692600360000,1692771900000,2023-08-21T06:46:00+00:00,2023-08-23T06:25:00+00:00,1671.0900000000001,1643.41,0.16,267.37440000000004,53.474880000000006,5,1685.1299999999999,1642.01,2.799135359999967,3.3342414662679536,exchange_guard_proxy_touch,False,4.4288000000000105,0.318192,-0.033138622751999997,0.16042463999999998,4.07746937724801,152.50036567629547,1,True
BTCUSDT,short,3594a8946fd552423dbdd13fb1dad3f417cd93e68a5fe6fe95586efe11f13fab,BTCUSDT|short|high_volume,1692785160000,1692804180000,2023-08-23T10:06:00+00:00,2023-08-23T15:23:00+00:00,25970.4,26192.4,0.011600000000000001,301.25664000000006,60.251328000000015,5,26170.1,26170.1,2.938253088,2.846150198765041,exchange_guard_proxy_touch,False,-2.5752,0.363053088,0.0,0.180753984,-2.938253088,-97.53322243785232,1,True
BTCUSDT,short,5c574f1af4554b461b7151a5281fbff36b66a4aa13fff4d7d5fd730a23fe2f0b,BTCUSDT|short|confirmed_volume,1692857160000,1692867660000,2023-08-24T06:06:00+00:00,2023-08-24T09:01:00+00:00,26362.9,26532.300000000003,0.0128,337.44512000000003,67.489024,5,26536.0,26509.699999999997,2.9113971200000095,1.7418411403049265,exchange_guard_proxy_touch,False,-2.1683200000000187,0.40623513600000005,0.0084877778944,0.202467072,-2.5660673581056184,-76.04399074153504,1,True
ETHUSDT,short,c75402f34a386239afbcf6ce64b251c2eb49df24c9cb09a909a649190b60565f,ETHUSDT|short|high_volume,1692865560000,1692915960000,2023-08-24T08:26:00+00:00,2023-08-24T22:26:00+00:00,1669.6200000000001,1655.51,0.17,283.83540000000005,56.76708000000001,5,1682.89,1654.1,2.8428028999999677,4.9493978797627785,exchange_guard_proxy_touch,False,2.398700000000022,0.33916326,-0.005297833471,0.17030124,2.0542389065290223,72.37430237838628,1,True
BTCUSDT,short,efc722f40ed664a14ca27cdd8e8d98228fa8f26f7debaa88ae833be3b155dc10,BTCUSDT|short|high_volume,1692971760000,1692972180000,2023-08-25T13:56:00+00:00,2023-08-25T14:03:00+00:00,26041.2,26141.100000000002,0.0222,578.11464,115.622928,5,26118.8,26118.8,2.9128482360000327,5.133342050062141,exchange_guard_proxy_touch,False,-2.2177800000000323,0.695068236,0.0,0.34686878400000004,-2.9128482360000323,-50.38530482466302,1,True
BTCUSDT,short,b444b6a0a7fb6d79a273adc4318a245d4a9df9a019c4dd9811e3b28ea94945a1,BTCUSDT|short|high_volume,1692972660000,1692972900000,2023-08-25T14:11:00+00:00,2023-08-25T14:15:00+00:00,26056.0,26141.100000000002,0.024800000000000003,646.1888,129.23776,5,26118.8,26118.8,2.8871728480000547,3.356229949611569,exchange_guard_proxy_touch,False,-2.1104800000000545,0.7766928480000002,0.0,0.38771328000000005,-2.8871728480000547,-44.680019957016505,1,True
BTCUSDT,short,992956ffea6356fd76f289c32c3fbf83516ff3369725d0d7d91bfcac536e1b5d,BTCUSDT|short|high_volume,1692974760000,1693009860000,2023-08-25T14:46:00+00:00,2023-08-26T00:31:00+00:00,25915.9,26100.300000000003,0.0111,287.66649,57.533298,5,26118.8,26078.1,2.8464196200000083,3.4471885927396086,exchange_guard_proxy_touch,False,-2.0468400000000164,0.346427892,0.0260576901594,0.172599894,-2.3672102018406163,-82.2900923163006,1,True
ETHUSDT,short,063fe46f484457ce2ee9cf8161c273f8ce50cd8fcbe6bb937be400fbf4638558,ETHUSDT|short|high_volume,1692974760000,1693058640000,2023-08-25T14:46:00+00:00,2023-08-26T14:04:00+00:00,1648.13,1651.28,0.21,346.1073,69.22146000000001,5,1658.35,1649.87,2.859094139999975,2.821813903504304,exchange_guard_proxy_touch,False,-0.6614999999999713,0.41572565999999994,0.013889459828999999,0.20766437999999998,-1.0633362001709712,-30.722732521705588,1,True
ETHUSDT,short,6d9cc5aae373e93fe16ffcbd78eaec92733bee79ef4926b6b448726a000037b9,ETHUSDT|short|high_volume,1693071060000,1693112160000,2023-08-26T17:31:00+00:00,2023-08-27T04:56:00+00:00,1642.73,1651.23,0.26,427.1098,85.42196,5,1649.87,1649.82,2.7368655599999885,10.026323377640578,exchange_guard_proxy_touch,False,-2.21,0.5138577599999999,0.001707861246,0.25626588,-2.722149898754,-63.73419431616882,1,True
BTCUSDT,short,4f000bc2f4201aa753677910c3d5aa1f193e1addce03f969f772a25710fd3008,BTCUSDT|short|high_volume,1693173360000,1693225500000,2023-08-27T21:56:00+00:00,2023-08-28T12:25:00+00:00,26024.9,26151.800000000003,0.0177,460.64073,92.128146,5,26129.5,26129.5,2.8002465540000254,8.290791748441913,exchange_guard_proxy_touch,False,-2.2461300000000257,0.554116554,0.0184751170548,0.276384438,-2.7817714369452258,-60.38917654861362,1,True
ETHUSDT,short,2ffa453d51fa6a3463d558cf7771dd2985a0496a28524dc1e2c4922ea8237f7f,ETHUSDT|short|high_volume,1693200960000,1693225500000,2023-08-28T05:36:00+00:00,2023-08-28T12:25:00+00:00,1637.79,1652.3600000000001,0.11,180.1569,36.03138,5,1658.45,1650.95,2.645344900000018,68.27798982035111,exchange_guard_proxy_touch,False,-1.602700000000018,0.21714989999999998,-0.00875425485,0.10809413999999999,-1.8286041548500178,-101.50064498501128,1,True
BTCUSDT,short,b86adfd3e30d11eaf919ba7aaf031b9f29c154241d4f926d27453c1bf915d536,BTCUSDT|short|high_volume,1693246260000,1693271820000,2023-08-28T18:11:00+00:00,2023-08-29T01:17:00+00:00,26077.800000000003,26196.0,0.0184,479.83152000000007,95.96630400000001,5,26173.699999999997,26173.699999999997,2.7519827519999467,2.339365252032281,exchange_guard_proxy_touch,False,-2.1748799999999466,0.5771027519999999,0.003958163104,0.287898912,-2.7480245888959467,-57.2706142542688,1,True
ETHUSDT,short,d9cf53411d3d8e6e733b299326d724d7ebeda7448c438c7836f2269e1a6f45cd,ETHUSDT|short|high_volume,1693289760000,1693317780000,2023-08-29T06:16:00+00:00,2023-08-29T14:03:00+00:00,1645.6200000000001,1653.0,0.13,213.93060000000003,42.786120000000004,5,1661.96,1651.59,2.566901999999999,4.248246570749428,exchange_guard_proxy_touch,False,-0.9593999999999847,0.25729236,0.002438091006,0.12835836,-1.2142542689939846,-56.759260666495784,1,True
BTCUSDT,short,1f495d849964fc5182304e1b7132f7629297c414cf235c5f4241ca3c89a9bb50,BTCUSDT|short|high_volume,1693279560000,1693317960000,2023-08-29T03:26:00+00:00,2023-08-29T14:06:00+00:00,26045.5,26207.5,0.014100000000000001,367.24155,73.44831,5,26185.199999999997,26185.199999999997,2.7262603800000003,4.560101154463024,exchange_guard_proxy_touch,False,-2.2842000000000002,0.44206038000000003,0.0138129557109,0.22034493,-2.7124474242891004,-73.86003637902901,1,True
BTCUSDT,short,204ea919d62ce76f53b5d34dfa7a12d1b5ecd7457974e957e5525702a2b61167,BTCUSDT|short|high_volume,1693376760000,1693384620000,2023-08-30T06:26:00+00:00,2023-08-30T08:37:00+00:00,27390.600000000002,27487.5,0.0061,167.08266000000003,33.416532000000004,5,27769.3,27464.1,2.656611975999987,2.4348049510701997,exchange_guard_proxy_touch,False,-0.5910899999999867,0.200853846,0.0095882673161,0.10024959600000001,-0.7823555786838867,-46.82446273502508,1,True
ETHUSDT,short,3f2091cc396ada2a1601b3e2b1267774c2c0ca8451735ada6b65cad5bb129cb9,ETHUSDT|short|high_volume,1693378560000,1693480800000,2023-08-30T06:56:00+00:00,2023-08-31T11:20:00+00:00,1715.25,1709.08,0.09,154.3725,30.8745,5,1741.48,1707.62,2.681543880000002,4.28197652081231,exchange_guard_proxy_touch,False,0.5553000000000066,0.18491381999999998,0.033025201587,0.0926235,0.40341138158700657,26.132334553564043,1,True
BTCUSDT,short,462181620718d10a8bc28f8b8b22cd7e84dc8e946493bfff8e28edd7db30ddd9,BTCUSDT|short|high_volume,1693387560000,1693480860000,2023-08-30T09:26:00+00:00,2023-08-31T11:21:00+00:00,27339.600000000002,27308.300000000003,0.0148,404.62608000000006,80.925216,5,27464.1,27285.1,2.6757846479999676,6.856093799025008,exchange_guard_proxy_touch,False,0.46323999999998927,0.4852733520000001,0.055283163720000014,0.24277564799999998,0.033249811719989184,0.8217416860521987,1,True
ETHUSDT,short,befda57b9a096d32320f23662f25f4391d91fdad0c94e572fe48ed6b7afefa0d,ETHUSDT|short|high_volume,1693489860000,1693632480000,2023-08-31T13:51:00+00:00,2023-09-02T05:28:00+00:00,1698.1200000000001,1635.1200000000001,0.2,339.624,67.9248,5,1707.62,1633.73,2.600863999999962,4.719666559985491,exchange_guard_proxy_touch,False,12.600000000000001,0.39998880000000003,0.024327226979999998,0.20377440000000002,12.224338426980003,359.93741393364434,1,True
BTCUSDT,short,3fc336fd94378258e9648643cc608fc438547844d6a3b56a7418a106cac7cb59,BTCUSDT|short|high_volume,1693576260000,1693632600000,2023-09-01T13:51:00+00:00,2023-09-02T05:30:00+00:00,25838.2,25852.0,0.009000000000000001,232.54380000000003,46.50876000000001,5,26094.199999999997,25830.0,2.784354840000007,7.349436111441277,exchange_guard_proxy_touch,False,-0.12419999999999347,0.27912707999999997,0.026124039072,0.13952628,-0.37720304092799345,-16.22073093017287,1,True
BTCUSDT,short,5c322564c98fde832102002ac821ec324fecd8cf91a620a03a8e00c3b2f15daf,BTCUSDT|short|high_volume,1693638360000,1693649580000,2023-09-02T07:06:00+00:00,2023-09-02T10:13:00+00:00,25763.4,25852.0,0.0234,602.86356,120.572712,5,25830.0,25830.0,2.797920215999966,7.149476311524497,exchange_guard_proxy_touch,False,-2.073239999999966,0.724680216,0.0116867589462,0.36171813599999997,-2.7862334570537657,-46.21665069711239,1,True
ETHUSDT,short,074c296d878583486cb551b61f71b0a92a71bb125f07d508504b460219a319cd,ETHUSDT|short|high_volume,1693700760000,1693744560000,2023-09-03T00:26:00+00:00,2023-09-03T12:36:00+00:00,1633.75,1639.75,0.31,506.4625,101.29249999999999,5,1639.15,1638.35,2.717019799999986,4.83532550895189,exchange_guard_proxy_touch,False,-1.8599999999999999,0.6088709999999999,-0.012544153875,0.30387749999999997,-2.481415153875,-48.99504215761286,1,True
BTCUSDT,short,927f71dabb01cd012ec2daa0ddaacc6b8ee188125b4c5057cf1a45a02d823580,BTCUSDT|short|confirmed_volume,1693807260000,1693808880000,2023-09-04T06:01:00+00:00,2023-09-04T06:28:00+00:00,25895.5,25997.2,0.0207,536.03685,107.20737,5,25975.1,25975.1,2.7496973340000146,1.5122020878891347,exchange_guard_proxy_touch,False,-2.105190000000015,0.6445073339999999,0.0,0.32162210999999996,-2.749697334000015,-51.29679674074674,1,True
BTCUSDT,short,aa5e9994b75c97233798078d74bf9ab80bcc8b6b38b37ff3510f3ca4afc8735c,BTCUSDT|short|high_volume,1693820160000,1693901160000,2023-09-04T09:36:00+00:00,2023-09-05T08:06:00+00:00,25922.5,25769.800000000003,0.0118,305.8855,61.177099999999996,5,26099.399999999998,25747.899999999998,2.7178522280000257,2.2708580408405896,exchange_guard_proxy_touch,False,1.8018599999999656,0.365981484,0.0029320751391999997,0.18353129999999998,1.4388105911391655,47.03755461240123,1,True
ETHUSDT,short,4adefe2b123e1b8888c560548f0a2ba0e8e8eb4d44e6946b1c52e6ab45b24cf6,ETHUSDT|short|high_volume,1693821060000,1693901220000,2023-09-04T09:51:00+00:00,2023-09-05T08:07:00+00:00,1633.3700000000001,1628.92,0.18,294.0066,58.80132,5,1644.51,1627.53,2.6113622399999934,2.9353930258633416,exchange_guard_proxy_touch,False,0.8010000000000081,0.35232731999999994,0.012887111303999998,0.17640395999999997,0.4615597913040082,15.698960203750808,1,True
BTCUSDT,short,5fe34db36138224be63cd81b68c312a7fd8c00f935b33c9956cfadb6b9384a9d,BTCUSDT|short|high_volume,1693903260000,1693906860000,2023-09-05T08:41:00+00:00,2023-09-05T09:41:00+00:00,25643.100000000002,25769.800000000003,0.017400000000000002,446.1899400000001,89.23798800000002,5,25747.899999999998,25747.899999999998,2.741330676000013,5.326413376529146,exchange_guard_proxy_touch,False,-2.204580000000013,0.5367506760000001,0.0,0.267713964,-2.741330676000013,-61.43864821335982,1,True
BTCUSDT,short,51f26671793513fb5beeb53cd47f08400a3760ab51d40688d58ec626bb2b5f42,BTCUSDT|short|high_volume,1693992360000,1694007900000,2023-09-06T09:26:00+00:00,2023-09-06T13:45:00+00:00,25680.600000000002,25788.7,0.0117,300.46302000000003,60.09260400000001,5,25858.6,25766.699999999997,2.701959624,2.0045040877434985,exchange_guard_proxy_touch,False,-1.264769999999983,0.361314486,0.0,0.180277812,-1.626084485999983,-54.119288490143745,1,True
BTCUSDT,short,85f491abd030095194ce77bb56bafe2676f3a3dbd365fed202fe8b863345a2c9,BTCUSDT|short|high_volume,1694010360000,1694022840000,2023-09-06T14:26:00+00:00,2023-09-06T17:54:00+00:00,25568.100000000002,25788.7,0.010700000000000001,273.57867000000005,54.71573400000001,5,25766.699999999997,25766.699999999997,2.6901306559999845,3.732481293923811,exchange_guard_proxy_touch,False,-2.360419999999985,0.32971065600000005,0.0058427778535,0.16414720200000002,-2.6842878781464847,-98.11758636543135,1,True
ETHUSDT,short,5c520e80fbf91831fcc8c37a4eb0088ed1f09364fe686c2db296ba14668d5fba,ETHUSDT|short|confirmed_volume,1693977960000,1694022840000,2023-09-06T05:26:00+00:00,2023-09-06T17:54:00+00:00,1626.8500000000001,1637.15,0.18,292.833,58.56660000000001,5,1638.48,1635.75,2.698206839999995,1.8056966969458157,exchange_guard_proxy_touch,False,-1.8539999999999917,0.352512,0.007434272627999998,0.1756998,-2.1990777273719915,-75.09664987798477,1,True
ETHUSDT,short,6ab560c7cd23313bf028ddb922864ce7a50c3a0c6b6f45c9f85c92fe858cc8fc,ETHUSDT|short|high_volume,1694167260000,1694202240000,2023-09-08T10:01:00+00:00,2023-09-08T19:44:00+00:00,1631.81,1635.68,0.1,163.181,32.6362,5,1653.01,1634.29,2.458173800000013,14.039257519617843,exchange_guard_proxy_touch,False,-0.38700000000001183,0.19604939999999998,0.00406484133,0.0979086,-0.5789845586700119,-35.481125784865384,1,True
BTCUSDT,short,8ffb4f16370b594b481aeadb4d3e74302c297d6400fdd55f47d57a353663b4bd,BTCUSDT|short|high_volume,1694163960000,1694271840000,2023-09-08T09:06:00+00:00,2023-09-09T15:04:00+00:00,26136.2,25918.300000000003,0.0089,232.61218,46.522436,5,26378.5,25896.199999999997,2.6372686479999934,5.564056364899853,exchange_guard_proxy_touch,False,1.9393099999999805,0.27797102999999995,-0.0164122694758,0.13956730799999997,1.6449267005241806,70.71541569853224,1,True
BTCUSDT,short,2a1dbb6bb4e0f3f720a097e3fc936b4e8e21ca2062cf822c4873112f441d758b,BTCUSDT|short|high_volume,1694283360000,1694297880000,2023-09-09T18:16:00+00:00,2023-09-09T22:18:00+00:00,25823.0,25918.300000000003,0.021,542.283,108.45660000000001,5,25896.199999999997,25896.199999999997,2.6532403800000615,2.3501648987127437,exchange_guard_proxy_touch,False,-2.0013000000000614,0.65194038,0.0,0.3253698,-2.6532403800000615,-48.92722766526078,1,True
BTCUSDT,short,0bd080354eef392ccfa1fded6b6f5038857d88263827378cb9789157d4d98739,BTCUSDT|short|high_volume,1694424660000,1694479800000,2023-09-11T09:31:00+00:00,2023-09-12T00:50:00+00:00,25648.600000000002,25231.600000000002,0.009000000000000001,230.83740000000006,46.16748000000001,5,25895.1,25210.1,2.6958553199999873,12.698159472649929,exchange_guard_proxy_touch,False,3.7530000000000006,0.27475308000000004,0.010331892288000001,0.13850244000000003,3.4885788122880004,151.12710558549003,1,True
ETHUSDT,short,b05cc6aceabf1714add7d80485ba447ce5b42da20af3d98a9b257ab4d6bc1779,ETHUSDT|short|high_volume,1694309460000,1694487720000,2023-09-10T01:31:00+00:00,2023-09-12T03:02:00+00:00,1627.0,1559.83,0.2,325.40000000000003,65.08000000000001,5,1636.51,1558.5,2.573789200000016,13.028303998061814,exchange_guard_proxy_touch,False,13.434000000000015,0.38241959999999997,0.024199506840000003,0.19524,13.075779906840015,401.8371206773207,1,True
BTCUSDT,short,ed0d794b03819b218db8eb1077c0f5aec9afab8ddd42774960588f5a335c936f,BTCUSDT|short|high_volume,1694575860000,1694590680000,2023-09-13T03:31:00+00:00,2023-09-13T07:38:00+00:00,25838.600000000002,26059.600000000002,0.0111,286.80846,57.361692000000005,5,26037.399999999998,26037.399999999998,2.798742012,2.4002774484520337,exchange_guard_proxy_touch,False,-2.4531,0.345642012,0.0,0.172085076,-2.798742012,-97.5822683891542,1,True
ETHUSDT,short,929d16a76b2b7b266e923de90d9f5e53d7181853ad8d67995b4aa510b01813c1,ETHUSDT|short|high_volume,1694559960000,1694590680000,2023-09-12T23:06:00+00:00,2023-09-13T07:38:00+00:00,1592.13,1602.05,0.11,175.13430000000002,35.026860000000006,5,1614.01,1600.68,2.770296319999999,3.3017113563280946,exchange_guard_proxy_touch,False,-1.091199999999983,0.21081588,0.003510044076,0.10508057999999999,-1.298505835923983,-74.1434336919714,1,True
BTCUSDT,short,5cae74327ecc8b645ab3364c0d1256b6f596a483cbf8b118762da8a24e94f468,BTCUSDT|short|high_volume,1694608560000,1694615760000,2023-09-13T12:36:00+00:00,2023-09-13T14:36:00+00:00,26098.9,26282.5,0.0128,334.06592000000006,66.813184,5,26260.1,26260.1,2.7523691519999818,16.017053304077663,exchange_guard_proxy_touch,False,-2.3500799999999815,0.402289152,0.0,0.20043955200000002,-2.7523691519999813,-82.39000111115736,1,True
BTCUSDT,short,a4516b47506a7e2e46ab9c9d72fec5735e2a5de21fd0bfb334ddde602e565b16,BTCUSDT|short|high_volume,1694628060000,1694640600000,2023-09-13T18:01:00+00:00,2023-09-13T21:30:00+00:00,26079.800000000003,26282.5,0.011600000000000001,302.5256800000001,60.505136000000014,5,26260.1,26260.1,2.7157616079999665,2.886553457334518,exchange_guard_proxy_touch,False,-2.3513199999999665,0.36444160800000003,0.0,0.18151540800000002,-2.7157616079999665,-89.76962246642883,1,True
ETHUSDT,short,e9d35ae3a8ae01a967fd4bee4a604ec3b98cca22cf56c875d955e87497dc0764,ETHUSDT|short|high_volume,1694735160000,1694811900000,2023-09-14T23:46:00+00:00,2023-09-15T21:05:00+00:00,1623.64,1624.39,0.14,227.30960000000005,45.461920000000006,5,1639.01,1623.01,2.6219801999999977,2.376882322936776,exchange_guard_proxy_touch,False,-0.10500000000000001,0.27283452,0.004804144800000001,0.13638576,-0.37303037520000004,-16.41067404104358,1,True
ETHUSDT,short,cd51e76b50db5413af03f002315161d69d3a1d2cc1e41b111bcde2a9eb210790,ETHUSDT|short|high_volume,1694845560000,1694868360000,2023-09-16T06:26:00+00:00,2023-09-16T12:46:00+00:00,1634.73,1639.46,0.2,326.946,65.3892,5,1644.46,1638.06,2.619670800000022,3.1191816351625996,exchange_guard_proxy_touch,False,-0.9460000000000037,0.3929028,0.0030433506000000004,0.1961676,-1.3358594494000036,-40.858718240932866,1,True
BTCUSDT,short,f174fccaef655161dea6567d1b0d24db8653d6effb3a8e37c4a671345fdbe642,BTCUSDT|short|high_volume,1694845560000,1694886120000,2023-09-16T06:26:00+00:00,2023-09-16T17:42:00+00:00,26455.4,26589.100000000002,0.0092,243.38968,48.677936,5,26691.6,26566.5,2.675376744000013,2.406663711419056,exchange_guard_proxy_touch,False,-1.2300400000000067,0.29280564,-0.018231252643199997,0.146033808,-1.5410768926432066,-63.31726524490301,1,True
ETHUSDT,short,c3faea454f9e6987d9a9dad8c80de15bc83486053fb67895d68198b55c5a9b40,ETHUSDT|short|high_volume,1694909460000,1694939580000,2023-09-17T00:11:00+00:00,2023-09-17T08:33:00+00:00,1628.1200000000001,1632.3500000000001,0.21,341.90520000000004,68.38104000000001,5,1637.28,1630.96,2.6292167999999885,9.222567357647563,exchange_guard_proxy_touch,False,-0.8883000000000038,0.41081922,-0.0032148182849999997,0.20514311999999998,-1.3023340382850037,-38.09050105950432,1,True
BTCUSDT,short,f00441dc67dd16e3ef37cddc1afd5281138f4810e4f7d93db60c1dc93596b07d,BTCUSDT|short|high_volume,1694983560000,1695003840000,2023-09-17T20:46:00+00:00,2023-09-18T02:24:00+00:00,26415.800000000003,26621.5,0.0112,295.85696,59.171392000000004,5,26598.8,26598.8,2.6602506559999677,14.178527202598456,exchange_guard_proxy_touch,False,-2.3038399999999672,0.356410656,-0.0015085519231999999,0.177514176,-2.661759207923167,-89.96777388381085,1,True
ETHUSDT,short,393bb55313b6127222ebedca2175b8a30d319cfb586757127249fd771b8602dd,ETHUSDT|short|high_volume,1694997360000,1695003840000,2023-09-18T00:36:00+00:00,2023-09-18T02:24:00+00:00,1609.49,1627.6000000000001,0.13,209.2337,41.84674,5,1626.21,1626.21,2.6067930200000164,27.84671154945836,exchange_guard_proxy_touch,False,-2.3543000000000167,0.25249302,0.0,0.12554022,-2.606793020000017,-124.58762713654717,1,True
ETHUSDT,short,087040e1d8f9e5b75e95d42231cc66ec09c704a3d8047f2e5e3089c38670e0ab,ETHUSDT|short|confirmed_volume,1695103860000,1695112020000,2023-09-19T06:11:00+00:00,2023-09-19T08:27:00+00:00,1631.82,1640.81,0.23,375.3186,75.06372,5,1639.41,1639.41,2.519322940000002,1.5063895019020621,exchange_guard_proxy_touch,False,-2.067700000000002,0.45162294,-0.004694280864000001,0.22519115999999997,-2.524017220864002,-67.24999029794958,1,True
BTCUSDT,short,e39df0da40696b198dbcd6c37fff250065344aef9c944978c450d79d2a376c72,BTCUSDT|short|high_volume,1695213960000,1695217920000,2023-09-20T12:46:00+00:00,2023-09-20T13:52:00+00:00,27010.2,27205.300000000003,0.0114,307.91628000000003,61.583256000000006,5,27182.1,27182.1,2.594974020000025,3.3906448347339846,exchange_guard_proxy_touch,False,-2.224140000000025,0.37083402,0.0,0.18474976799999998,-2.5949740200000253,-84.27531080851018,1,True
ETHUSDT,short,e4640ae4e8fb7635a309c5bd020d1e66dcaaef9109cfa0daa9bdd02c1eed519c,ETHUSDT|short|high_volume,1695150960000,1695233760000,2023-09-19T19:16:00+00:00,2023-09-20T18:16:00+00:00,1639.68,1635.1000000000001,0.11,180.3648,36.07296,5,1658.97,1633.71,2.495904620000004,2.231391353690551,exchange_guard_proxy_touch,False,0.503799999999992,0.21613548,0.017836933840000003,0.10821887999999999,0.30550145383999205,16.937975361045616,1,True
BTCUSDT,short,05d6363be513a611577f764f4d4074d064ef36cd09dc48299fbcc5eb048f25dd,BTCUSDT|short|high_volume,1695237660000,1695244680000,2023-09-20T19:21:00+00:00,2023-09-20T21:18:00+00:00,26838.7,27205.300000000003,0.0064,171.76768,34.353536000000005,5,27182.1,27182.1,2.553768960000014,10.717540887062547,exchange_guard_proxy_touch,False,-2.346240000000014,0.20752895999999998,0.0,0.10306060800000001,-2.553768960000014,-148.67575553212419,1,True
ETHUSDT,short,68ceccb7690bebab9f85504645a612f6286dcb594addbef65a41f48cffdb987e,ETHUSDT|short|high_volume,1695237660000,1695345900000,2023-09-20T19:21:00+00:00,2023-09-22T01:25:00+00:00,1608.14,1594.07,0.08,128.65120000000002,25.730240000000002,5,1633.71,1592.71,2.312475520000003,20.41270045686191,exchange_guard_proxy_touch,False,1.125600000000013,0.15370608,0.016870278600000004,0.07719072,0.9887641986000131,76.85619711281457,1,True
BTCUSDT,short,1120737c7d28df33b6fe1551ac22d3dbb756016c1dac0eb63a66d8df2e1d995f,BTCUSDT|short|high_volume,1695257760000,1695362280000,2023-09-21T00:56:00+00:00,2023-09-22T05:58:00+00:00,27026.5,26678.7,0.0095,256.75175,51.350350000000006,5,27235.1,26656.0,2.5115233600000275,3.411595622747628,exchange_guard_proxy_touch,False,3.304099999999993,0.3061196399999999,0.029622186967999994,0.15405104999999997,3.027602546967993,117.91945125857926,1,True
BTCUSDT,short,83f7248c02af5bec3296c6a46cba1714e5efb88e34bae66cdecaa42a47bbbd2f,BTCUSDT|short|confirmed_volume,1695367560000,1695369060000,2023-09-22T07:26:00+00:00,2023-09-22T07:51:00+00:00,26546.0,26678.7,0.015600000000000001,414.11760000000004,82.82352,5,26656.0,26656.0,2.5683031920000117,1.6086422171953758,exchange_guard_proxy_touch,False,-2.0701200000000113,0.49818319199999994,0.0,0.24847055999999998,-2.5683031920000112,-62.018692081669826,1,True
BTCUSDT,short,1d2e745c8dc4d830cb5d001f7f4db4b458697a6370a75baa31765a7ff3a12488,BTCUSDT|short|high_volume,1695378360000,1695391500000,2023-09-22T10:26:00+00:00,2023-09-22T14:05:00+00:00,26572.9,26678.7,0.018500000000000003,491.5986500000001,98.31973000000002,5,26656.0,26656.0,2.548392759999987,10.81936788090525,exchange_guard_proxy_touch,False,-1.9572999999999867,0.5910927600000001,0.0,0.29495919000000004,-2.5483927599999867,-51.838888491658516,1,True
BTCUSDT,short,bedc691f7ef020d97e217c41c1a5214027a461349ac7611453c671aeabde2186,BTCUSDT|short|high_volume,1695412860000,1695488220000,2023-09-22T20:01:00+00:00,2023-09-23T16:57:00+00:00,26509.5,26602.7,0.0108,286.30260000000004,57.26052000000001,5,26688.3,26580.1,2.5210688400000003,2.3191887657535193,exchange_guard_proxy_touch,False,-1.006560000000008,0.34416705599999997,0.024219837237600003,0.17178155999999997,-1.3265072187624078,-46.33234971538532,1,True
ETHUSDT,short,7523777058b4c75e924eb10a91ad612527e2d29a8553c50e6dbde25e31e4f41f,ETHUSDT|short|high_volume,1695540060000,1695546120000,2023-09-24T07:21:00+00:00,2023-09-24T09:02:00+00:00,1589.15,1595.73,0.29,460.8535,92.1707,5,1594.37,1594.37,2.4623691199999787,3.704033766283372,exchange_guard_proxy_touch,False,-1.9081999999999788,0.55416912,-0.0025745400179999997,0.2765121,-2.464943660017979,-53.48649104363923,1,True
ETHUSDT,short,014f0cd95f648cb8175f82935f2d75196b32dc236392210962920cc11985a902,ETHUSDT|short|high_volume,1695614760000,1695655260000,2023-09-25T04:06:00+00:00,2023-09-25T15:21:00+00:00,1574.8,1583.97,0.12,188.976,37.7952,5,1590.76,1582.62,2.3064182400000193,5.617438988327091,exchange_guard_proxy_touch,False,-1.1004000000000087,0.22743143999999996,0.00816496632,0.11338559999999999,-1.3196664736800086,-69.83249056388158,1,True
ETHUSDT,short,c3075f00cebcdcf289b6dc2ee9c666d508b974459542f07ccd11830a7e73199b,ETHUSDT|short|high_volume,1695688560000,1695708720000,2023-09-26T00:36:00+00:00,2023-09-26T06:12:00+00:00,1585.0900000000001,1595.3400000000001,0.17,269.46530000000007,53.89306000000001,5,1596.0,1593.98,2.410509899999997,2.634762324794013,exchange_guard_proxy_touch,False,-1.7425000000000002,0.32440386000000004,0.0,0.16167918,-2.06690386,-76.70389693960594,1,True
ETHUSDT,short,229a0e6668d6ace359d9667888e139534bc7edcb098e4f891c08f2b3f121113d,ETHUSDT|short|high_volume,1695709560000,1695720960000,2023-09-26T06:26:00+00:00,2023-09-26T09:36:00+00:00,1588.18,1595.3400000000001,0.27,428.80860000000007,85.76172000000001,5,1593.98,1593.98,2.4489302400000224,2.46887179509119,exchange_guard_proxy_touch,False,-1.9332000000000222,0.51573024,0.006680922120000001,0.25728516,-2.442249317880022,-56.95429890818472,1,True
BTCUSDT,short,6908734c24f89fd69d21e7ddffe3191f25ae0f24589607e67921fbe185feffaf,BTCUSDT|short|high_volume,1695738060000,1695787020000,2023-09-26T14:21:00+00:00,2023-09-27T03:57:00+00:00,26094.2,26303.4,0.0086,224.41012,44.882024,5,26322.5,26281.0,2.426605756000006,2.2101944311445223,exchange_guard_proxy_touch,False,-1.7991200000000063,0.27037161600000004,0.0350485412736,0.13464607199999998,-2.0344430747264064,-90.65736762345685,1,True
BTCUSDT,short,f0b779d9b5cd65c3f34801c27324fb68f019d142b82768ae0bfcdcca8ca98c57,BTCUSDT|short|confirmed_volume,1695870660000,1695897600000,2023-09-28T03:11:00+00:00,2023-09-28T10:40:00+00:00,26309.5,26519.4,0.0081,213.10694999999998,42.62139,5,26550.0,26496.8,2.3881170060000176,1.9547650493838573,exchange_guard_proxy_touch,False,-1.7001900000000116,0.25674845399999996,-0.0033866627877,0.12786416999999997,-1.9603251167877116,-91.98785477375148,1,True
ETHUSDT,short,aede62b3bfa9daa469d6a0ae1d94bbf0f2da6a363069523398e0281f5aecd5d7,ETHUSDT|short|high_volume,1696010760000,1696034700000,2023-09-29T18:06:00+00:00,2023-09-30T00:45:00+00:00,1657.01,1672.21,0.07,115.9907,23.198140000000002,5,1684.0,1670.78,2.1304829000000045,6.900574619145165,exchange_guard_proxy_touch,False,-1.0640000000000034,0.13982724000000002,0.001058130689,0.06959442,-1.2027691093110033,-103.69530568493882,1,True
BTCUSDT,short,d9b491cc53a65b303047951289343dce62738b9dce8e04e609f974454f1fb6a2,BTCUSDT|short|confirmed_volume,1695978060000,1696051320000,2023-09-29T09:01:00+00:00,2023-09-30T05:22:00+00:00,26967.0,26957.9,0.0109,293.9403,58.788059999999994,5,27130.3,26935.0,2.385707416000016,1.6094767373965955,exchange_guard_proxy_touch,False,0.09918999999998414,0.352668846,0.0032790798199,0.17636417999999998,-0.25019976618011586,-8.511924570401401,1,True
ETHUSDT,short,e1cd8b81c75b6c1dc1408683c994a8cbf443cd97b014101d771665ebeb7139a7,ETHUSDT|short|high_volume,1696127760000,1696137780000,2023-10-01T02:36:00+00:00,2023-10-01T05:23:00+00:00,1670.92,1679.3400000000001,0.15,250.638,50.1276,5,1682.83,1677.91,2.3044670999999863,2.10086990594106,exchange_guard_proxy_touch,False,-1.2630000000000108,0.30152339999999994,0.0,0.15038279999999998,-1.5645234000000108,-62.4216359849668,1,True
ETHUSDT,short,767d5128cef748ddbef54a49f5987db1ece0505b588466d9ae4e141ff3123c20,ETHUSDT|short|high_volume,1696182060000,1696198620000,2023-10-01T17:41:00+00:00,2023-10-01T22:17:00+00:00,1674.9,1691.89,0.12,200.988,40.1976,5,1690.45,1690.45,2.281208880000001,6.047769951832857,exchange_guard_proxy_touch,False,-2.038800000000001,0.24240887999999997,0.0,0.12059279999999999,-2.281208880000001,-113.49975520926628,1,True
ETHUSDT,short,98a4ac05e431c59ccdbbd350b52a1d34c06df876cc0c842d82130a8242f2c122,ETHUSDT|short|confirmed_volume,1697168160000,1697181540000,2023-10-13T03:36:00+00:00,2023-10-13T07:19:00+00:00,1537.15,1548.29,0.07,107.60050000000001,21.520100000000003,5,1566.28,1546.97,2.263300340000002,1.7924580811996726,exchange_guard_proxy_touch,False,-0.7797999999999912,0.12958848,0.0,0.0645603,-0.9093884799999912,-84.51526526363642,1,True
ETHUSDT,short,3c6c92663ddf22b9067631b5476874c4c9a8da18b19bc415889df274ac9874a7,ETHUSDT|short|high_volume,1697262660000,1697288040000,2023-10-14T05:51:00+00:00,2023-10-14T12:54:00+00:00,1548.49,1550.3700000000001,0.25,387.1225,77.4245,5,1554.26,1549.05,2.2406120000000342,2.2808746804000153,exchange_guard_proxy_touch,False,-0.4700000000000273,0.464829,0.0120229095,0.2322735,-0.9228060905000273,-23.837573132536274,1,True
ETHUSDT,short,45c8089a6ea400adff360931a26136adf230ec9abfb99e6119d14329cbcc9ac9,ETHUSDT|short|confirmed_volume,1697374260000,1697376480000,2023-10-15T12:51:00+00:00,2023-10-15T13:28:00+00:00,1550.73,1561.05,0.19,294.63870000000003,58.92774000000001,5,1559.72,1559.72,2.315542919999988,1.8518809609251403,exchange_guard_proxy_touch,False,-1.9607999999999879,0.35474291999999996,0.0,0.17678322,-2.315542919999988,-78.58923216807527,1,True
ETHUSDT,short,d3a4a170d1b47ff135744ff59f08851a54b1a0dc1c401ec1ecb56e70cf3a1dcb,ETHUSDT|short|high_volume,1697502660000,1697604960000,2023-10-17T00:31:00+00:00,2023-10-18T04:56:00+00:00,1593.8,1581.06,0.2,318.76,63.751999999999995,5,1601.94,1579.71,2.2856531999999983,2.635886460616031,exchange_guard_proxy_touch,False,2.548000000000002,0.38098319999999997,0.047964452680000005,0.19125599999999998,2.2149812526800017,69.48742792947678,1,True
ETHUSDT,short,81e037d7536c5d934b1d4c8a699847be3fa5a5ff0e2210aac8cd0730c23cd92a,ETHUSDT|short|confirmed_volume,1697699460000,1697710140000,2023-10-19T07:11:00+00:00,2023-10-19T10:09:00+00:00,1547.72,1554.16,0.1,154.77200000000002,30.954400000000003,5,1566.67,1552.84,2.2159437999999962,1.750945667999092,exchange_guard_proxy_touch,False,-0.6440000000000055,0.1861128,0.00463459716,0.09286319999999999,-0.8254782028400054,-53.33511247770949,1,True
ETHUSDT,short,c5e5fde1874fe717993ebe36772b3b4ee80f5cfe6c6991993a461247796410d6,ETHUSDT|short|high_volume,1697764260000,1697768160000,2023-10-20T01:11:00+00:00,2023-10-20T02:16:00+00:00,1559.3700000000001,1574.3,0.13,202.71810000000002,40.543620000000004,5,1572.96,1572.96,2.1853262599999788,2.228635493888691,exchange_guard_proxy_touch,False,-1.9408999999999788,0.24442626,0.0,0.12163086,-2.1853262599999788,-107.80124024445665,1,True
BTCUSDT,long,7215f60d030f5ccdb75236d4a6d60cb868b8f422bd4bce9803a838f7619bdbea,BTCUSDT|long|confirmed_volume,1698074160000,1698086640000,2023-10-23T15:16:00+00:00,2023-10-23T18:44:00+00:00,30920.600000000002,30352.5,0.0035,108.22210000000001,21.644420000000004,5,30332.9,30378.4,2.27582817,1.8394162717238056,exchange_guard_proxy_touch,False,-1.9883500000000076,0.12867351000000002,-0.0006999977879999999,0.06493326,-2.1177235077880074,-195.6830913268184,1,True
BTCUSDT,long,91593a60eaf3b2befcef9a43fbf1bf6c4ab6410cd2bbb9af1efc4f7072b3bb5b,BTCUSDT|long|high_volume,1698087960000,1698161160000,2023-10-23T19:06:00+00:00,2023-10-24T15:26:00+00:00,31319.600000000002,33681.200000000004,0.0022,68.90312000000002,13.780624000000003,5,30378.4,33709.9,2.2090271720000048,6.203718124227155,exchange_guard_proxy_touch,False,5.1955200000000055,0.085801056,-0.014761956000000001,0.041341872,5.094956988000005,739.4377769831038,1,True
BTCUSDT,long,2cb74607f739f4a4bf2573880b4ee1efd2e9141fb15c3b33327ed3309b5b64b0,BTCUSDT|long|high_volume,1698184560000,1698275040000,2023-10-24T21:56:00+00:00,2023-10-25T23:04:00+00:00,34052.8,34335.200000000004,0.0031000000000000003,105.56368000000002,21.112736000000005,5,33379.1,34364.5,2.3018805099999957,11.07434870525598,exchange_guard_proxy_touch,False,0.8754400000000045,0.12720167999999998,-0.031809689,0.06333820800000001,0.7164286310000045,67.8669624817934,1,True
BTCUSDT,long,690dd70010ca48bc30f0eb7a8933092e33484c2cae24c2ee1687957d4e820088,BTCUSDT|long|high_volume,1698281760000,1698312540000,2023-10-26T00:56:00+00:00,2023-10-26T09:29:00+00:00,34616.9,34372.3,0.0071,245.77999000000003,49.155998000000004,5,34364.5,34401.6,2.2938059459999796,3.017628655174161,exchange_guard_proxy_touch,False,-1.7366599999999899,0.29389399200000005,-0.024600506,0.147467994,-2.05515449799999,-83.61764918291314,1,True
BTCUSDT,long,4726286f884bd5dc8e3b6a218ff71b1e97bedebdb3a77cd03aa8c813a95d8f02,BTCUSDT|long|high_volume,1698382260000,1698409800000,2023-10-27T04:51:00+00:00,2023-10-27T12:30:00+00:00,34211.1,33900.3,0.0045000000000000005,153.94995,30.78999,5,33773.9,33929.200000000004,2.2804817400000004,3.3350890650302563,exchange_guard_proxy_touch,False,-1.3985999999999805,0.18390078,-0.015279300000000003,0.09236997,-1.5977800799999806,-103.78568359392001,1,True
BTCUSDT,long,0d920c32081b61746c33a53e80a2f956db55c71b18b6013580a568dd01a689fd,BTCUSDT|long|high_volume,1698411060000,1698417000000,2023-10-27T12:51:00+00:00,2023-10-27T14:30:00+00:00,34245.8,33900.3,0.0059,202.05022000000002,40.410044000000006,5,33929.200000000004,33929.200000000004,2.2796871939999996,4.102977983019757,exchange_guard_proxy_touch,False,-2.03845,0.241237194,0.0,0.121230132,-2.279687194,-112.8277511402858,1,True
BTCUSDT,long,d848d50fe519c394e34fb89afe72f899564ba11e656b1830f6eda323ec6c02ff,BTCUSDT|long|high_volume,1698491460000,1698497280000,2023-10-28T11:11:00+00:00,2023-10-28T12:48:00+00:00,34195.0,34008.9,0.0099,338.5305,67.7061,5,34037.9,34037.9,2.2475211659999856,5.5667684990558985,exchange_guard_proxy_touch,False,-1.8423899999999858,0.40513116599999993,0.0,0.2031183,-2.2475211659999856,-66.39050738412006,1,True
BTCUSDT,long,59af837501c279e94720601edd35ab0ac53e7f8c2ebff4a4efa8a53231cb5472,BTCUSDT|long|confirmed_volume,1698561360000,1698631200000,2023-10-29T06:36:00+00:00,2023-10-30T02:00:00+00:00,34116.200000000004,34370.6,0.0097,330.92714000000007,66.18542800000002,5,33956.0,34399.9,2.2302820060000568,1.7662650286306483,exchange_guard_proxy_touch,False,2.4676799999999437,0.398593176,-0.099984981,0.19855628400000003,1.9691018429999438,59.50257941974609,1,True
ETHUSDT,long,27a7d2b4def45d4b305eead3aca945ca3974f94c6915f4675a4d27320302eccf,ETHUSDT|long|high_volume,1698752160000,1698765120000,2023-10-31T11:36:00+00:00,2023-10-31T15:12:00+00:00,1815.02,1781.22,0.06,108.90119999999999,21.78024,5,1782.74,1782.74,2.157464639999997,3.791237089776082,exchange_guard_proxy_touch,False,-2.0279999999999974,0.12946463999999996,0.0,0.06534071999999999,-2.1574646399999975,-198.11210895747683,1,True
BTCUSDT,long,b2339423c07bbd6cd5d81796eea53d40c109cb4d1e869816030ef11eeae1597a,BTCUSDT|long|high_volume,1698778560000,1698804060000,2023-10-31T18:56:00+00:00,2023-11-01T02:01:00+00:00,34491.8,34410.1,0.005200000000000001,179.35736000000003,35.871472000000004,5,34133.6,34439.4,2.2279804560000156,2.426680320263536,exchange_guard_proxy_touch,False,-0.42484000000002275,0.214973928,-0.018018728000000005,0.10761441600000002,-0.6578326560000228,-36.67720443699788,1,True
ETHUSDT,long,e73033948ce7324d01c44627f575a240bba15c713a3cf5302326d6e0619ef568,ETHUSDT|long|high_volume,1698770760000,1698817260000,2023-10-31T16:46:00+00:00,2023-11-01T05:41:00+00:00,1803.0900000000001,1801.13,0.09,162.2781,32.455619999999996,5,1782.74,1802.67,2.1618527400000107,5.335033324802143,exchange_guard_proxy_touch,False,-0.17640000000000328,0.19462788,-0.01634094,0.09736686,-0.38736882000000333,-23.870677559079343,1,True
BTCUSDT,long,39ec715a631dc03dcacd4de53d2b86b272e534d9c3446fa348e15c3a867de23b,BTCUSDT|long|confirmed_volume,1698917760000,1698932640000,2023-11-02T09:36:00+00:00,2023-11-02T13:44:00+00:00,35386.1,35020.1,0.0054,191.08494,38.216988,5,35049.9,35049.9,2.204516088,1.7198663995849364,exchange_guard_proxy_touch,False,-1.9764000000000002,0.228116088,0.0,0.114650964,-2.204516088,-115.36838476124807,1,True
ETHUSDT,long,fc612a03038bbd638d857cf8d85fb0f9cfb9d8aaaa2589465c53ca4e01fb6c1e,ETHUSDT|long|high_volume,1698925260000,1698932640000,2023-11-02T11:41:00+00:00,2023-11-02T13:44:00+00:00,1840.75,1819.54,0.09,165.6675,33.1335,5,1821.09,1821.09,2.1065556600000033,2.8943453574243647,exchange_guard_proxy_touch,False,-1.9089000000000031,0.19765565999999996,0.0,0.09940049999999999,-2.1065556600000033,-127.15563764769816,1,True
ETHUSDT,long,d36a7a95eefd669aef0b26b092927161e52ea8b820fbd8979eb3349b332c55c5,ETHUSDT|long|high_volume,1699019760000,1699110360000,2023-11-03T13:56:00+00:00,2023-11-04T15:06:00+00:00,1804.94,1828.89,0.07,126.34580000000001,25.269160000000003,5,1780.5,1830.45,1.9677246400000026,2.851841197777585,exchange_guard_proxy_touch,False,1.6765000000000034,0.15262086,-0.03835335,0.07580748000000001,1.4855257900000034,117.57619089831266,1,True
BTCUSDT,long,61a0791b05f8410f18d21dc32c4ea67741a4457863a815c939cdc5414437a286,BTCUSDT|long|high_volume,1699042860000,1699192500000,2023-11-03T20:21:00+00:00,2023-11-05T13:55:00+00:00,34659.4,34993.200000000004,0.0051,176.76294000000001,35.352588000000004,5,34304.0,35023.0,2.172398651999993,2.4491629525052203,exchange_guard_proxy_touch,False,1.7023800000000149,0.213136956,-0.08895154800000002,0.106057764,1.4002914960000148,79.21861313236896,1,True
ETHUSDT,long,82336db4c3ee248674dc904079ff76f75798cc0945e2989b9422094f4a68016f,ETHUSDT|long|high_volume,1699138860000,1699192500000,2023-11-04T23:01:00+00:00,2023-11-05T13:55:00+00:00,1858.31,1875.0900000000001,0.07,130.0817,26.016340000000003,5,1834.25,1876.69,1.9484219999999925,5.527875024608126,exchange_guard_proxy_touch,False,1.174600000000014,0.15680280000000002,-0.026193300000000003,0.07804902,0.9916039000000142,76.22931588378796,1,True
ETHUSDT,long,3ee0aba652a727e7f653ac8d79bff6cce241b63ea6c88a63dbb9d8d139f8be71,ETHUSDT|long|high_volume,1699261260000,1699290300000,2023-11-06T09:01:00+00:00,2023-11-06T17:05:00+00:00,1887.48,1887.15,0.1,188.74800000000002,37.7496,5,1869.1200000000001,1888.76,2.2203006000000047,5.046198388632189,exchange_guard_proxy_touch,False,-0.03299999999999272,0.22647779999999998,-0.019018900000000002,0.1132488,-0.2784966999999927,-14.754948396803819,1,True
ETHUSDT,long,8a0c6b36484d8eafe675383f9c9a52a75da86db9a9e02be8e0f11e5e362cb0f7,ETHUSDT|long|confirmed_volume,1699299960000,1699305540000,2023-11-06T19:46:00+00:00,2023-11-06T21:19:00+00:00,1901.97,1887.15,0.12,228.2364,45.64728,5,1888.76,1888.76,2.0512166399999923,1.892879450843011,exchange_guard_proxy_touch,False,-1.7783999999999922,0.27281664,0.0,0.13694183999999998,-2.0512166399999923,-89.87245855612831,1,True
BTCUSDT,long,8ba05b2a74f16e61ba5d3e683e13c89afbdb6d71070ae1b83496fcbac0fb8a8d,BTCUSDT|long|high_volume,1699390260000,1699423440000,2023-11-07T20:51:00+00:00,2023-11-08T06:04:00+00:00,35866.9,35180.9,0.0015,53.80035,10.76007,5,34559.9,35210.9,2.0679576600000025,7.072821449812327,exchange_guard_proxy_touch,False,-1.029,0.06394301999999999,-0.005310975000000001,0.03228021,-1.0982539949999999,-204.13510228093307,1,True
ETHUSDT,long,2cba0c630cbb818098cac2b153ec3c1d83f760e1bcc7701ee1890cf614eb1289,ETHUSDT|long|confirmed_volume,1699407360000,1699489020000,2023-11-08T01:36:00+00:00,2023-11-09T00:17:00+00:00,1893.89,1881.4,0.08,151.5112,30.30224,5,1872.3,1883.01,2.0359003200000045,1.6944115823314385,exchange_guard_proxy_touch,False,-0.9992000000000008,0.18121391999999997,-0.045228000000000004,0.09090672,-1.2256419200000008,-80.89447644794582,1,True
BTCUSDT,long,ee461bd8044269612c9ce095f4c45ae063df8da06714ad23d53a5670624560f9,BTCUSDT|long|confirmed_volume,1699494060000,1699547760000,2023-11-09T01:41:00+00:00,2023-11-09T16:36:00+00:00,35975.8,35508.4,0.0032,115.12256000000002,23.024512000000005,5,35389.9,35538.700000000004,2.108164352,1.7808732177188087,exchange_guard_proxy_touch,False,-1.4956800000000048,0.13724966400000002,-0.035498842256,0.069073536,-1.668428506256005,-144.92628606035208,1,True
BTCUSDT,long,1394ba6be41958d065770c9b08cecf1d91b5e24efbd60fd8855f12003e63ed11,BTCUSDT|long|high_volume,1699573560000,1699603200000,2023-11-09T23:46:00+00:00,2023-11-10T08:00:00+00:00,36776.0,36430.700000000004,0.0033,121.3608,24.27216,5,36150.5,36461.700000000004,2.3101234859999855,2.2123802846181952,exchange_guard_proxy_touch,False,-1.1394899999999857,0.14494926600000002,-0.026180842531800003,0.07281647999999999,-1.3106201085317857,-107.99369388894813,1,True
ETHUSDT,long,bb84a5c5294730cb85aaf0ecdeeae939b3943fbb2e66098e780f7f2c8f7a707b,ETHUSDT|long|high_volume,1699490760000,1699618380000,2023-11-09T00:46:00+00:00,2023-11-10T12:13:00+00:00,1904.6200000000001,2082.52,0.08,152.36960000000002,30.473920000000003,5,1883.01,2084.2999999999997,2.0393289600000024,2.826215464345658,exchange_guard_proxy_touch,False,14.231999999999989,0.19138272,-0.24786635882400002,0.09142175999999999,13.792750921175989,905.2167178476537,1,True
ETHUSDT,long,ad9656ce3142e047aecc1b9fda752ef80177a62ccfe8bfa86d7b93cf7204058e,ETHUSDT|long|high_volume,1699632660000,1699646880000,2023-11-10T16:11:00+00:00,2023-11-10T20:08:00+00:00,2099.29,2082.52,0.11,230.9219,46.18438,5,2084.2999999999997,2084.2999999999997,2.120699459999998,4.1124622804565645,exchange_guard_proxy_touch,False,-1.844699999999998,0.2759994599999999,0.0,0.13855314,-2.1206994599999978,-91.8362208175144,1,True
BTCUSDT,long,548e606e04bd7e7c5f697f676b1cdda3946174db4071d12e35f9724e64fac36b,BTCUSDT|long|high_volume,1699705260000,1699734840000,2023-11-11T12:21:00+00:00,2023-11-11T20:34:00+00:00,37116.700000000004,37013.3,0.009300000000000001,345.1853100000001,69.03706200000002,5,36951.5,37044.8,2.242434786000041,3.071575465746638,exchange_guard_proxy_touch,False,-0.9616200000000137,0.4136454,-0.05050116987600001,0.20711118600000003,-1.4257665698760138,-41.30438140244188,1,True
BTCUSDT,long,58e8df692d0057b3dc3c8a33ac5fe6cfa227d2567023db4bf67379a62ce9689a,BTCUSDT|long|high_volume,1699747260000,1699748820000,2023-11-12T00:01:00+00:00,2023-11-12T00:27:00+00:00,37209.0,37013.3,0.009300000000000001,346.04370000000006,69.20874,5,37044.8,37044.8,2.234170433999973,2.23458094059863,exchange_guard_proxy_touch,False,-1.820009999999973,0.4141604340000001,0.0,0.20762622,-2.234170433999973,-64.5632454513685,1,True
BTCUSDT,long,f38da136a10279f0c8b4f327cdb7b4bb41efe057f1f344d8a0d6e9206bc0ddaa,BTCUSDT|long|high_volume,1699801560000,1699831140000,2023-11-12T15:06:00+00:00,2023-11-12T23:19:00+00:00,37238.8,37048.4,0.0086,320.25368000000003,64.050736,5,37057.0,37080.0,2.217583788000025,7.686803530496348,exchange_guard_proxy_touch,False,-1.6374400000000124,0.383321952,-0.0870346233698,0.192152208,-2.1077965753698122,-65.81646697611131,1,True
BTCUSDT,long,3d4c7713e07f67f44809a3052ef7c4fdb5fbe7e5df16fcb6c816260b16ae6d23,BTCUSDT|long|confirmed_volume,1699838160000,1699844880000,2023-11-13T01:16:00+00:00,2023-11-13T03:08:00+00:00,37264.3,37048.4,0.008400000000000001,313.0201200000001,62.60402400000002,5,37080.0,37080.0,2.1880960080000125,1.9157475142922744,exchange_guard_proxy_touch,False,-1.8135600000000125,0.3745360080000001,0.0,0.18781207200000002,-2.1880960080000125,-69.90272727516722,1,True
ETHUSDT,long,8746e86d25bc0e4adfeb75fbb6801785f3498a2da5ba0b213fe851b590db61de,ETHUSDT|long|confirmed_volume,1699884360000,1699909980000,2023-11-13T14:06:00+00:00,2023-11-13T21:13:00+00:00,2061.27,2064.23,0.08,164.9016,32.98032,5,2039.99,2065.99,2.0383769599999986,1.6323501346075135,exchange_guard_proxy_touch,False,0.23680000000000292,0.19802399999999998,-0.03848127688800001,0.09894096,0.0002947231120029384,0.01787266539578381,1,True
ETHUSDT,long,569c5db6c37a23e7aecb7a444dd3674266fe903c88fed59539f6a4e6842db003,ETHUSDT|long|confirmed_volume,1700027760000,1700122560000,2023-11-15T05:56:00+00:00,2023-11-16T08:16:00+00:00,1988.6200000000001,2047.38,0.08,159.08960000000002,31.817920000000004,5,1967.84,2049.1299999999997,1.986629440000003,1.5196628698470191,exchange_guard_proxy_touch,False,4.700799999999999,0.19372799999999998,-0.06496176000000001,0.09545376,4.442110239999999,279.2206555299654,1,True
BTCUSDT,long,d2134b4be0fd5ccadec0ab0eca4841df243825d899f75daf9a965cc4e10b3667,BTCUSDT|long|high_volume,1700036160000,1700122980000,2023-11-15T08:16:00+00:00,2023-11-16T08:23:00+00:00,35759.9,37319.1,0.0048000000000000004,171.64752000000001,34.329504,5,35387.9,37350.9,2.134898975999993,8.007708867000998,exchange_guard_proxy_touch,False,7.484159999999987,0.21046752,-0.0629923516512,0.102988512,7.210700128348787,420.0876382221419,1,True
BTCUSDT,long,74a671033b8ac0163c443f623ba6bf92c0717c83db07df1728ceb153f9f3afa4,BTCUSDT|long|confirmed_volume,1700304960000,1700356020000,2023-11-18T10:56:00+00:00,2023-11-19T01:07:00+00:00,36490.8,36418.9,0.006200000000000001,226.24296000000004,45.24859200000001,5,36195.9,36449.9,2.289619948000027,1.5481227150931316,exchange_guard_proxy_touch,False,-0.44578000000000906,0.27122408400000003,-0.04541679800000001,0.135745776,-0.7624208820000091,-33.69920911572272,1,True
ETHUSDT,long,e1e3178b151e8e7a78a38c789b07f065fbf1f08f3509f1268f078af12cba016c,ETHUSDT|long|high_volume,1700320560000,1700357220000,2023-11-18T15:16:00+00:00,2023-11-19T01:27:00+00:00,1950.23,1948.83,0.06,117.0138,23.40276,5,1915.99,1950.49,2.2913252399999933,3.2304757324870175,exchange_guard_proxy_touch,False,-0.08400000000000546,0.14036615999999996,-0.023499600000000002,0.07020828,-0.24786576000000543,-21.182609230706582,1,True
BTCUSDT,long,e6455a3ca5df5bbb47e2df5c26fe666561974e16ce8c129dc2242f2b34c24912,BTCUSDT|long|high_volume,1700418060000,1700489460000,2023-11-19T18:21:00+00:00,2023-11-20T14:11:00+00:00,36705.200000000004,37018.4,0.0057,209.21964000000003,41.843928000000005,5,36382.9,37049.9,2.2636652820000167,5.789132526695699,exchange_guard_proxy_touch,False,1.7852399999999835,0.25213471200000004,-0.042542976,0.125531784,1.4905623119999833,71.24390004685904,1,True
ETHUSDT,long,f3cb11ed660cdeaf77b07f74d68dee2239e1fe5f6b8103198d3c084f850c98ed,ETHUSDT|long|high_volume,1700407260000,1700489460000,2023-11-19T15:21:00+00:00,2023-11-20T14:11:00+00:00,1964.03,1992.14,0.09,176.7627,35.35254,5,1945.04,1993.84,2.0695001399999873,4.194637980231539,exchange_guard_proxy_touch,False,2.5299000000000116,0.21363317999999998,-0.0539991,0.10605761999999999,2.2622677200000116,127.98332001038746,1,True
BTCUSDT,long,ddd7a4c1683862731a3d9e38f7a2b296d969d5013556bef643ece67fe79a05bb,BTCUSDT|long|high_volume,1700491560000,1700501280000,2023-11-20T14:46:00+00:00,2023-11-20T17:28:00+00:00,37277.3,37018.4,0.0076,283.30748,56.661496,5,37049.9,37049.9,2.306428392000011,2.635922995929531,exchange_guard_proxy_touch,False,-1.9676400000000112,0.33878839200000005,-0.028481,0.169984488,-2.3349093920000112,-82.41608700200966,1,True
ETHUSDT,long,1496c00f077f350e5345b8eaabfca1f10a797a5237ffad9d7dcdec1093c9eead,ETHUSDT|long|high_volume,1700492460000,1700535060000,2023-11-20T15:01:00+00:00,2023-11-21T02:51:00+00:00,2036.92,2013.27,0.04,81.47680000000001,16.295360000000002,5,1993.84,2014.99,1.887897439999999,5.540413632094986,exchange_guard_proxy_touch,False,-0.9460000000000036,0.09720456,-0.016262080000000005,0.04888608,-1.0594666400000035,-130.03292225516998,1,True
BTCUSDT,long,96518de4feffc1d2922251beea67faf52a5fa20cb249544b40fabb5b0850280c,BTCUSDT|long|high_volume,1700522160000,1700550480000,2023-11-20T23:16:00+00:00,2023-11-21T07:08:00+00:00,37614.200000000004,37289.200000000004,0.0025,94.03550000000001,18.807100000000002,5,36779.9,37321.0,2.2755442000000143,2.6057193510708916,exchange_guard_proxy_touch,False,-0.8125,0.1123551,-0.009365650000000001,0.0564213,-0.93422075,-99.34766657273049,1,True
BTCUSDT,long,71c51d70a38ed9eb2158d35d922da020c6351ef5555de6ebc5d4840c64fe8241,BTCUSDT|long|confirmed_volume,1700674860000,1700738520000,2023-11-22T17:41:00+00:00,2023-11-23T11:22:00+00:00,36651.0,37243.200000000004,0.0076,278.5476,55.70952,5,36428.9,37274.9,2.256662983999989,1.6642136585085547,exchange_guard_proxy_touch,False,4.500720000000033,0.336957552,-0.056841920000000004,0.16712855999999998,4.106920528000033,147.44052822569762,1,True
ETHUSDT,long,3d59e68044bbebb0b55d6f962dcd0349ed15d4e002689c0abebad406dfaf7c70,ETHUSDT|long|high_volume,1700677260000,1700738520000,2023-11-22T18:21:00+00:00,2023-11-23T11:22:00+00:00,2051.1,2051.88,0.05,102.555,20.511000000000003,5,2015.53,2053.6299999999997,1.9864472999999983,12.14893971495057,exchange_guard_proxy_touch,False,0.039000000000010006,0.12308939999999997,-0.02065185,0.061533,-0.10474124999998996,-10.213178294572664,1,True
ETHUSDT,long,f8f61788f0cc00ae0cf7b2a2de8e924780c03be9bef4b6b73fa718d121a4af2d,ETHUSDT|long|high_volume,1700771160000,1700844420000,2023-11-23T20:26:00+00:00,2023-11-24T16:47:00+00:00,2068.62,2094.64,0.07,144.8034,28.960680000000004,5,2040.2,2096.43,2.28369735999999,2.527557782976208,exchange_guard_proxy_touch,False,1.8213999999999988,0.17485692,-0.04382434,0.08688204,1.6027187399999987,110.68239696029228,1,True
BTCUSDT,long,48ce6526d54cae8e9fa1a555292f52eeff00659c23efcffcde2d8cef258b7ab9,BTCUSDT|long|high_volume,1700818860000,1700904720000,2023-11-24T09:41:00+00:00,2023-11-25T09:32:00+00:00,37669.3,37675.9,0.005200000000000001,195.88036000000005,39.17607200000001,5,37300.0,37708.0,2.3195249999999925,5.493429242400302,exchange_guard_proxy_touch,False,0.03431999999999244,0.23507702400000005,-0.05913367200000001,0.117528216,-0.25989069600000764,-13.267828178384375,1,True
BTCUSDT,long,1ed36111824fb5f8a8fef749077c6ae4fe558a6e9729e4809d804ca8c8b35988,BTCUSDT|long|high_volume,1700937660000,1700961600000,2023-11-25T18:41:00+00:00,2023-11-26T01:20:00+00:00,37834.0,37661.0,0.0076,287.5384,57.50768000000001,5,37607.5,37693.1,2.30846732,2.595800717846949,exchange_guard_proxy_touch,False,-1.3148,0.3442572,-0.028702692,0.17252304,-1.6877598919999999,-58.696852037849546,1,True
ETHUSDT,long,bafffb56fb90bbc6679f149461db40aee1baf9572832895e705a6d8bf5e3f5cf,ETHUSDT|long|high_volume,1700973960000,1701001500000,2023-11-26T04:46:00+00:00,2023-11-26T12:25:00+00:00,2083.18,2072.2200000000003,0.17,354.1406,70.82812,5,2073.99,2073.99,2.287050799999929,2.697351544371605,exchange_guard_proxy_touch,False,-1.863199999999929,0.42385079999999997,-0.03551623000000001,0.21248435999999998,-2.3225670299999286,-65.58319012279102,1,True
BTCUSDT,long,a01675ce071328a64844a7ab7a3445adc40faf389973f9754c15b25406ac7aa6,BTCUSDT|long|confirmed_volume,1701131760000,1701137280000,2023-11-28T00:36:00+00:00,2023-11-28T02:08:00+00:00,37291.8,37094.3,0.0094,350.54292000000004,70.10858400000001,5,37125.9,37125.9,2.2760376040000003,1.6346006944309257,exchange_guard_proxy_touch,False,-1.8565,0.419537604,0.0,0.210325752,-2.276037604,-64.92892807534095,1,True
ETHUSDT,long,bc47add4c45144793f0885b5e882c576c494e52a16303c191d1db6c36f8f44ef,ETHUSDT|long|high_volume,1701164460000,1701254400000,2023-11-28T09:41:00+00:00,2023-11-29T10:40:00+00:00,2020.17,2045.42,0.07,141.41190000000003,28.282380000000007,5,1994.84,2047.17,2.0606590199999983,2.9936556036294144,exchange_guard_proxy_touch,False,1.7675,0.17075478,-0.04299449,0.08484714000000002,1.55375073,109.87411455471566,1,True
BTCUSDT,long,e2faa4f443491dc6b9ea2cd0dc508d4cda22462155716e609d78ab4354ca6981,BTCUSDT|long|high_volume,1701158160000,1701269040000,2023-11-28T07:56:00+00:00,2023-11-29T14:44:00+00:00,37159.700000000004,37862.8,0.0049,182.08253000000002,36.416506000000005,5,36775.8,37895.1,2.2517583480000214,3.025232774674116,exchange_guard_proxy_touch,False,3.4451899999999926,0.22056614999999996,-0.07374353,0.10924951799999999,3.1508803199999926,173.0468222294578,1,True
BTCUSDT,long,4d15fdf3685fc4fc284c267b5bdcd46f9652efc07d51384c0606a23f598e0ffc,BTCUSDT|long|high_volume,1701317460000,1701332580000,2023-11-30T04:11:00+00:00,2023-11-30T08:23:00+00:00,38104.700000000004,37640.8,0.0037,140.98739000000003,28.197478000000007,5,37564.1,37672.9,2.2865336960000215,2.1749709801429145,exchange_guard_proxy_touch,False,-1.7164300000000055,0.16815501,-0.013979747000000002,0.084592434,-1.8985647570000055,-134.66202594430644,1,True
ETHUSDT,long,b7b12483aee67feda82eb29892afb8e695d5f7080173ae5b7b10d67ae22dc305,ETHUSDT|long|high_volume,1701303960000,1701333600000,2023-11-30T00:26:00+00:00,2023-11-30T08:40:00+00:00,2031.69,2020.27,0.13,264.1197,52.82394000000001,5,2018.96,2021.99,2.194316540000006,2.2842211867141837,exchange_guard_proxy_touch,False,-1.4846000000000095,0.31605288,-0.02646176,0.15847181999999999,-1.8271146400000093,-69.1775221613537,1,True
ETHUSDT,long,8a20200b7f765f6cde2deede04cf417bd8e8c137ad40ee1d9ac8a1dc7c9be0d3,ETHUSDT|long|confirmed_volume,1701366660000,1701429240000,2023-11-30T17:51:00+00:00,2023-12-01T11:14:00+00:00,2040.6200000000001,2084.94,0.11,224.46820000000002,44.893640000000005,5,2024.23,2086.72,2.2613659200000127,1.6578664614309946,exchange_guard_proxy_touch,False,4.875199999999993,0.27228696,-0.04558477000000001,0.13468092,4.557328269999994,203.02779057345288,1,True
ETHUSDT,long,3491854230790cf997f4507562ab4eacfcf57bb7a6062bf7a847eed6cc540506,ETHUSDT|long|high_volume,1701480960000,1701528600000,2023-12-02T01:36:00+00:00,2023-12-02T14:50:00+00:00,2095.83,2094.55,0.12,251.4996,50.29992,5,2081.85,2096.3399999999997,2.1906655199999996,2.5004001877757034,exchange_guard_proxy_touch,False,-0.15359999999996943,0.3017073599999999,-0.025147919999999997,0.15089975999999997,-0.48045527999996934,-19.103620045517744,1,True
BTCUSDT,long,fe557271a8b34158a17c015418e9d903d484d7c921fe712e9d75991965d8dd35,BTCUSDT|long|high_volume,1701399060000,1701573120000,2023-12-01T02:51:00+00:00,2023-12-03T03:12:00+00:00,38071.4,39237.3,0.0041,156.09274000000002,31.218548000000006,5,37584.9,39270.700000000004,2.311885778,3.7854073845280083,exchange_guard_proxy_touch,False,4.780190000000006,0.19017940200000003,-0.08800247185660001,0.09365564400000001,4.502008126143406,288.4188032155375,1,True
ETHUSDT,long,35b4dd4834833cc2d1d8459ffbb500d1b7d15570be1b2306d4f8068474544748,ETHUSDT|long|high_volume,1701597660000,1701607620000,2023-12-03T10:01:00+00:00,2023-12-03T12:47:00+00:00,2169.15,2150.9700000000003,0.11,238.6065,47.7213,5,2152.7999999999997,2152.7999999999997,2.284927919999982,3.5898438353525943,exchange_guard_proxy_touch,False,-1.999799999999982,0.28512792000000003,0.0,0.1431639,-2.284927919999982,-95.76134430537233,1,True
ETHUSDT,long,616a87f83ee972b0aff803cd1b562effa4ab130340352657239e684f9b354201,ETHUSDT|long|high_volume,1701641460000,1701703740000,2023-12-03T22:11:00+00:00,2023-12-04T15:29:00+00:00,2197.07,2211.7000000000003,0.04,87.8828,17.57656,5,2149.1299999999997,2213.5899999999997,2.0950648799999994,12.62075064137202,exchange_guard_proxy_touch,False,0.5852000000000044,0.10581048000000001,-0.017763320000000003,0.05272968,0.4616262000000043,52.527479779889156,1,True
BTCUSDT,long,05f834af63dcde22baa1116469be0046f4022da9126019b3a5f84040c1911ef2,BTCUSDT|long|high_volume,1701609360000,1701703980000,2023-12-03T13:16:00+00:00,2023-12-04T15:33:00+00:00,39574.100000000006,41300.8,0.008700000000000001,344.2946700000001,68.85893400000002,5,39386.200000000004,41336.0,2.3381778960000132,14.726504969497753,exchange_guard_proxy_touch,False,15.022289999999977,0.4221669780000001,-0.10545287400000003,0.20657680200000003,14.494670147999976,420.99606560856637,1,True
ETHUSDT,long,24d2eef37eb200b2d1af1587f777f71f0719864ab230dae63d57adcd47d31600,ETHUSDT|long|confirmed_volume,1701709860000,1701752760000,2023-12-04T17:11:00+00:00,2023-12-05T05:06:00+00:00,2229.69,2221.1,0.12,267.5628,53.51255999999999,5,2213.5899999999997,2222.99,2.4785800799999738,1.7779452521728125,exchange_guard_proxy_touch,False,-1.0308000000000175,0.32045687999999994,-0.026924040000000003,0.16053768,-1.3781809200000175,-51.50868954877201,1,True
BTCUSDT,long,65e5396db07594e4aa88258e1ab1993bceb16fb12831c925112122db69605339,BTCUSDT|long|high_volume,1701709860000,1701841620000,2023-12-04T17:11:00+00:00,2023-12-06T05:47:00+00:00,41778.700000000004,43532.0,0.0047,196.35989000000004,39.271978000000004,5,41336.0,43569.1,2.480414190000007,2.275574257320674,exchange_guard_proxy_touch,False,8.24050999999998,0.24057617400000003,-0.079841673,0.117815934,7.920092152999979,403.34572162369705,1,True
ETHUSDT,long,59e680f3ed7256e79fbdcfd298ddbad3d057c4cde3b04214a4d965f07e9f7706,ETHUSDT|long|confirmed_volume,1701788760000,1701861240000,2023-12-05T15:06:00+00:00,2023-12-06T11:14:00+00:00,2219.05,2256.9,0.11,244.09550000000002,48.819100000000006,5,2200.89,2258.8199999999997,2.495991959999996,1.796687660722974,exchange_guard_proxy_touch,False,4.16349999999999,0.29541270000000003,-0.07467702000000001,0.14645729999999998,3.79341027999999,155.40680922016136,1,True
BTCUSDT,long,f425e8144d8e7565f63d05a7843227965874c6139965ce98d20a0adac14e1246,BTCUSDT|long|confirmed_volume,1701850560000,1701861540000,2023-12-06T08:16:00+00:00,2023-12-06T11:19:00+00:00,43868.700000000004,43532.0,0.0067,293.92029,58.784058,5,43569.1,43569.1,2.6072408140000296,1.566653085307456,exchange_guard_proxy_touch,False,-2.2558900000000293,0.351350814,0.0,0.176352174,-2.607240814000029,-88.70571044959262,1,True
BTCUSDT,long,93aace175e29bc6f04ba8cbf636f683c943c148157c84a0052ce9c7988046fde,BTCUSDT|long|high_volume,1701891960000,1701898320000,2023-12-06T19:46:00+00:00,2023-12-06T21:32:00+00:00,44175.5,43692.700000000004,0.0048000000000000004,212.04240000000001,42.408480000000004,5,43729.9,43729.9,2.5705004159999794,4.13826018911767,exchange_guard_proxy_touch,False,-2.317439999999979,0.253060416,0.0,0.12722544,-2.570500415999979,-121.22577446774696,1,True
BTCUSDT,long,6b401a37dac0208e59472bf38bcb76c96f25d2c5710e0a1eba161302f98b0011,BTCUSDT|long|high_volume,1701984960000,1702019040000,2023-12-07T21:36:00+00:00,2023-12-08T07:04:00+00:00,43436.5,43343.0,0.0047,204.15155000000001,40.830310000000004,5,42964.6,43379.9,2.63349789,2.7962669134823046,exchange_guard_proxy_touch,False,-0.43945,0.24471818999999997,-0.020349120000000002,0.12249093,-0.70451731,-34.50952539914588,1,True
ETHUSDT,long,c1e9da95ac2b0677522f0bb7ba7a5c26687deede6cf984d4f9996d052ef499d2,ETHUSDT|long|high_volume,1701952260000,1702042200000,2023-12-07T12:31:00+00:00,2023-12-08T13:30:00+00:00,2251.3,2343.7000000000003,0.07,157.59100000000004,31.518200000000007,5,2222.0699999999997,2345.7,2.3662021600000243,2.3477841519530274,exchange_guard_proxy_touch,False,6.468000000000007,0.19299,-0.07414146645500001,0.09455460000000002,6.200868533545007,393.47859544929634,1,True
ETHUSDT,long,ddfb31a1eea432f94f8bb24b043e9bad5f352d81c6c337d48b50b1c00d12b948,ETHUSDT|long|high_volume,1702047960000,1702050960000,2023-12-08T15:06:00+00:00,2023-12-08T15:56:00+00:00,2372.5,2343.7000000000003,0.08,189.8,37.96,5,2345.7,2345.7,2.5303775999999782,3.603764275718229,exchange_guard_proxy_touch,False,-2.303999999999978,0.2263776,0.0,0.11387999999999998,-2.5303775999999782,-133.31810326659527,1,True
BTCUSDT,long,ba4c46c07b23bcdf3a53655851d8e75da2d4a2dc6a5414146f3036cab8dab4b8,BTCUSDT|long|high_volume,1702065660000,1702110960000,2023-12-08T20:01:00+00:00,2023-12-09T08:36:00+00:00,44014.8,44033.600000000006,0.0056,246.48288000000002,49.296576,5,43649.9,44071.1,2.5461883999999917,2.770935333117827,exchange_guard_proxy_touch,False,0.10528000000001629,0.295842624,-0.1031654024632,0.147889728,-0.2937280264631837,-11.916771926033308,1,True
ETHUSDT,long,8eb7835e205d1824a9e9e22fdcf959c7d01c4899fe3d364c5c82472535ec8f47,ETHUSDT|long|high_volume,1702068360000,1702121340000,2023-12-08T20:46:00+00:00,2023-12-09T11:29:00+00:00,2362.4500000000003,2348.07,0.09,212.62050000000002,42.524100000000004,5,2340.5299999999997,2350.0699999999997,2.4057534600000277,3.0318109816469483,exchange_guard_proxy_touch,False,-1.2942000000000098,0.25436808,-0.11504412636299999,0.1275723,-1.6636122063630097,-78.24326470697838,1,True
BTCUSDT,long,eb1264d98fdd17a63681451691571194a31b22abd2fc89c13d224d87519eab31,BTCUSDT|long|high_volume,1702157760000,1702163280000,2023-12-09T21:36:00+00:00,2023-12-09T23:08:00+00:00,44119.4,43845.700000000004,0.0057,251.48058,50.296116,5,43762.0,43883.1,2.549647163999992,5.627466918099944,exchange_guard_proxy_touch,False,-1.5600899999999835,0.300840642,0.0,0.15088834799999998,-1.8609306419999836,-73.99898004052574,1,True
ETHUSDT,long,0183856a599faf4fc7aca3d2ba827ab3334632c71054c579fe4fbad27bf098e1,ETHUSDT|long|confirmed_volume,1702159860000,1702164720000,2023-12-09T22:11:00+00:00,2023-12-09T23:32:00+00:00,2363.7200000000003,2341.51,0.1,236.37200000000004,47.27440000000001,5,2343.5099999999998,2343.5099999999998,2.503313800000004,1.7393736556623707,exchange_guard_proxy_touch,False,-2.2210000000000036,0.2823138,0.0,0.1418232,-2.5033138000000035,-105.90568256815541,1,True
BTCUSDT,long,b7f671f85b1f720c8cc76c06d95d12c9ac8cb5cf3a41cc99e72903a67b02cbe7,BTCUSDT|long|high_volume,1702211160000,1702250040000,2023-12-10T12:26:00+00:00,2023-12-10T23:14:00+00:00,43850.3,43716.5,0.0079,346.41737000000006,69.28347400000001,5,43623.9,43753.700000000004,2.4961018540000004,2.397963060671847,exchange_guard_proxy_touch,False,-1.0570200000000232,0.415066632,-0.08305296954010001,0.207850422,-1.5551396015401233,-44.89207921473808,1,True
ETHUSDT,long,b929e5b6aab7866c2c3430627551725005996d813d97147cc743feef5a4a4986,ETHUSDT|long|high_volume,1702241160000,1702256400000,2023-12-10T20:46:00+00:00,2023-12-11T01:00:00+00:00,2375.35,2340.1,0.06,142.521,28.504199999999997,5,2342.1,2342.1,2.2847562,10.805999755886695,exchange_guard_proxy_touch,False,-2.1149999999999998,0.16975619999999997,-0.034055644127999996,0.0855126,-2.3188118441279997,-162.69966139221586,1,True
ETHUSDT,long,c294bc7214f597901adc101787ed2bd5d7b9e0edc9b8f779e1548755e886b742,ETHUSDT|long|confirmed_volume,1702297260000,1702303560000,2023-12-11T12:21:00+00:00,2023-12-11T14:06:00+00:00,2252.2400000000002,2223.75,0.07,157.65680000000003,31.531360000000006,5,2225.6499999999996,2225.6499999999996,2.1822915800000167,1.5318010436794949,exchange_guard_proxy_touch,False,-1.9943000000000168,0.18799158,0.0,0.09459408000000001,-2.1822915800000167,-138.4203903669246,1,True
BTCUSDT,long,bbf04617b1c666188e011b4b7321ece02a8b179dea5d5195095cbc26f156c4f8,BTCUSDT|long|high_volume,1702364760000,1702392300000,2023-12-12T07:06:00+00:00,2023-12-12T14:45:00+00:00,41898.700000000004,41535.3,0.004200000000000001,175.97454000000005,35.19490800000001,5,41400.9,41570.700000000004,2.4484262880000007,4.009117948507844,exchange_guard_proxy_touch,False,-1.5262800000000063,0.21025368,-0.017610600000000004,0.10558472400000002,-1.7541442800000062,-99.68170850169608,1,True
BTCUSDT,long,60033440238b708483d127aa89410c4ff1eaf5fd4202b9703d1cb2e63dd4c971,BTCUSDT|long|high_volume,1702470360000,1702560540000,2023-12-13T12:26:00+00:00,2023-12-14T13:29:00+00:00,41276.600000000006,42648.0,0.0044,181.61704000000003,36.32340800000001,5,40812.8,42684.3,2.410024408,2.8229897212535446,exchange_guard_proxy_touch,False,6.034159999999975,0.221560944,-0.061009958239999995,0.108970224,5.751589097759975,316.6877456961073,1,True
ETHUSDT,long,3469dfc873b6f4beec6bb7d65af78e90896742c24fffe2447f1401cc7b8fc344,ETHUSDT|long|high_volume,1702473060000,1702560600000,2023-12-13T13:11:00+00:00,2023-12-14T13:30:00+00:00,2191.41,2244.21,0.06,131.4846,26.29692,5,2155.99,2246.12,2.3920401599999854,3.8765930825361963,exchange_guard_proxy_touch,False,3.168000000000011,0.15968231999999996,-0.041354046708,0.07889075999999998,2.966963633292011,225.65103694972728,1,True
ETHUSDT,long,e94dfe823a9964fa6ae955e9f0ac013bdd8bb2fa910acc2188d5d19dd24b7bfd,ETHUSDT|long|high_volume,1702595160000,1702610160000,2023-12-14T23:06:00+00:00,2023-12-15T03:16:00+00:00,2325.29,2281.31,0.05,116.2645,23.2529,5,2283.2599999999998,2283.2599999999998,2.3371980000000008,6.822173742159277,exchange_guard_proxy_touch,False,-2.199000000000001,0.13819800000000002,-0.011582650000000002,0.06975869999999999,-2.348780650000001,-202.0204490622676,1,True
BTCUSDT,long,c36111f942ad53421e8312076011cc21e3fd23950d82b43bae6ef31f8f2d2c8d,BTCUSDT|long|confirmed_volume,1702625160000,1702645500000,2023-12-15T07:26:00+00:00,2023-12-15T13:05:00+00:00,42735.5,42482.4,0.006,256.413,51.2826,5,42410.4,42518.6,2.4735952799999827,1.6977473682535027,exchange_guard_proxy_touch,False,-1.5185999999999913,0.30678443999999994,-0.025634880000000006,0.15384779999999998,-1.8510193199999911,-72.18898105790232,1,True
ETHUSDT,long,8b8fa48863dc2c98eea15f9080f08fc812e2d31dcec00467a26c80d655f30624,ETHUSDT|long|high_volume,1702745160000,1702752840000,2023-12-16T16:46:00+00:00,2023-12-16T18:54:00+00:00,2263.56,2238.11,0.08,181.0848,36.21696,5,2240.02,2240.02,2.2520801599999856,4.300723996823945,exchange_guard_proxy_touch,False,-2.0359999999999854,0.21608016,0.0,0.10865087999999999,-2.2520801599999856,-124.36605170616119,1,True
BTCUSDT,long,155682f170156a4c5047afbcf979697ed45da767a6ffe675806a05e49fb7264c,BTCUSDT|long|high_volume,1702726860000,1702777140000,2023-12-16T11:41:00+00:00,2023-12-17T01:39:00+00:00,42361.200000000004,42081.200000000004,0.0074,313.47288000000003,62.694576000000005,5,42114.6,42117.0,2.464673600000011,5.497421439313029,exchange_guard_proxy_touch,False,-2.072,0.37492425600000007,-0.06284006,0.18808372800000003,-2.509764316,-80.06320406409638,1,True
BTCUSDT,long,c9a581480ea25a8df9d2b2ad0a48c6db8d5786627aa2f9fdbdc34eea931f8f46,BTCUSDT|long|high_volume,1702932360000,1702994700000,2023-12-18T20:46:00+00:00,2023-12-19T14:05:00+00:00,41972.600000000006,42803.600000000006,0.0027,113.32602000000003,22.665204000000006,5,41169.9,42840.1,2.396424150000012,6.825663410418849,exchange_guard_proxy_touch,False,2.2437,0.137337444,-0.023148153,0.067995612,2.083214403,183.82489767133794,1,True
ETHUSDT,long,bda576102b7383d426e9b5844034e81540098e0d34791860212461a2627e1121,ETHUSDT|long|confirmed_volume,1702932660000,1703007180000,2023-12-18T20:51:00+00:00,2023-12-19T17:33:00+00:00,2188.93,2148.4700000000003,0.05,109.4465,21.8893,5,2150.2999999999997,2150.2999999999997,2.1531219999999793,1.7985288672333897,exchange_guard_proxy_touch,False,-2.0229999999999793,0.130122,-0.03330955,0.06566789999999999,-2.186431549999979,-199.77171951592598,1,True
ETHUSDT,long,d7f12afbfc470ea70429fce6422ae8c563c7950e60a91b1fe01aa45804a390bf,ETHUSDT|long|confirmed_volume,1703014560000,1703100900000,2023-12-19T19:36:00+00:00,2023-12-20T19:35:00+00:00,2184.2,2211.87,0.06,131.052,26.2104,5,2150.2999999999997,2213.7599999999998,2.2997761199999736,1.974425365811806,exchange_guard_proxy_touch,False,1.6602000000000043,0.15825851999999996,-0.057625934688,0.07863119999999998,1.4443155453120045,110.20934783994174,1,True
BTCUSDT,long,9978fcfef00015ada44a43cc4ccd30892d07e1060e3ab4f2bc67ed13481161b3,BTCUSDT|long|high_volume,1703046060000,1703102700000,2023-12-20T04:21:00+00:00,2023-12-20T20:05:00+00:00,42607.600000000006,43474.700000000004,0.005200000000000001,221.55952000000005,44.31190400000001,5,42225.700000000004,43511.700000000004,2.4371278880000156,13.541623397080615,exchange_guard_proxy_touch,False,4.508919999999993,0.2685767760000001,-0.0765124338836,0.132935712,4.163830790116393,187.93283132750926,1,True
BTCUSDT,long,4cbb10d22fe3672dd81e54920cabbfb17be71248250e87e3604db8c35a82b1a4,BTCUSDT|long|high_volume,1703142060000,1703170740000,2023-12-21T07:01:00+00:00,2023-12-21T14:59:00+00:00,43822.4,43572.8,0.0041,179.67184000000003,35.934368000000006,5,43317.1,43609.9,2.4372923959999886,5.9166351992479385,exchange_guard_proxy_touch,False,-1.023359999999994,0.21499219200000003,-0.052459983734400015,0.107803104,-1.290812175734394,-71.84276488371209,1,True
ETHUSDT,long,8e833f8d25fb13a9cbc85393590d8a52239d353c0836505473f0f36f95d402a0,ETHUSDT|long|high_volume,1703141760000,1703170980000,2023-12-21T06:56:00+00:00,2023-12-21T15:03:00+00:00,2213.7000000000003,2203.11,0.07,154.95900000000003,30.991800000000005,5,2184.89,2204.99,2.3315626600000052,3.0179645546278624,exchange_guard_proxy_touch,False,-0.7413000000000103,0.18550602000000002,-0.041199413850000005,0.0929754,-0.9680054338500104,-62.46848739666687,1,True
BTCUSDT,long,a385c1b2eb75f4d313221110e75c81a30824f96926a2637a903520ef47d0147f,BTCUSDT|long|high_volume,1703219460000,1703228520000,2023-12-22T04:31:00+00:00,2023-12-22T07:02:00+00:00,44129.5,43712.9,0.005200000000000001,229.47340000000003,45.89468000000001,5,43750.1,43750.1,2.4403882879999927,2.2206080758433577,exchange_guard_proxy_touch,False,-2.1663199999999927,0.274068288,0.0,0.13768404,-2.4403882879999927,-106.34732775127716,1,True
ETHUSDT,long,8b94a2458f91d8eeefc552d5a8472e7167b908835b53fbf8d34f39e51c7b50d7,ETHUSDT|long|high_volume,1703180160000,1703283120000,2023-12-21T17:36:00+00:00,2023-12-22T22:12:00+00:00,2239.36,2305.15,0.06,134.3616,26.872320000000002,5,2204.99,2307.12,2.33492892,3.1272459707814493,exchange_guard_proxy_touch,False,3.947399999999998,0.16360236,-0.189788072664,0.08061695999999999,3.5940095673359975,267.4878512414259,1,True
ETHUSDT,long,2c9a212ae4bef4a255af7c20c250c9b77914032908a6767fbe75160775bfda1e,ETHUSDT|long|high_volume,1703286960000,1703294280000,2023-12-22T23:16:00+00:00,2023-12-23T01:18:00+00:00,2327.7200000000003,2305.15,0.09,209.49480000000003,41.89896,5,2307.12,2307.12,2.2814749800000147,8.466773083677145,exchange_guard_proxy_touch,False,-2.0313000000000145,0.25017498,-0.038820646439999995,0.12569688,-2.3202956264400147,-110.75671694190092,1,True
ETHUSDT,long,2813588ca48aa0114af65e4caf9123881cddf07420f7e872d20aa502beb4711d,ETHUSDT|long|high_volume,1703333460000,1703396220000,2023-12-23T12:11:00+00:00,2023-12-24T05:37:00+00:00,2296.2400000000002,2283.81,0.13,298.51120000000003,59.70224,5,2282.35,2285.7599999999998,2.41487870000005,2.6750318249343383,exchange_guard_proxy_touch,False,-1.6159000000000379,0.3572439,-0.09334590918900001,0.17910672000000002,-2.066489809189038,-69.22654189152827,1,True
ETHUSDT,long,731e1cd8e3a00fe8882eea33a5569abcb13e32cbd96cfe4fa0b1f5b0bcbada4d,ETHUSDT|long|high_volume,1703508660000,1703535000000,2023-12-25T12:51:00+00:00,2023-12-25T20:10:00+00:00,2296.76,2269.02,0.06,137.8056,27.56112,5,2264.95,2270.9599999999996,2.1885520800000138,6.453210020763469,exchange_guard_proxy_touch,False,-1.664400000000014,0.16436808,-0.060251628,0.08268336,-1.8890197080000142,-137.07858809801735,1,True
BTCUSDT,long,a40381b305722caa513f87c6e6894afe58c21ed8a568c2d042cb6b553b5058c9,BTCUSDT|long|high_volume,1703508660000,1703561760000,2023-12-25T12:51:00+00:00,2023-12-26T03:36:00+00:00,43439.100000000006,43388.700000000004,0.0054,234.57114000000004,46.91422800000001,5,43083.1,43425.700000000004,2.4007930200000236,13.14705717374454,exchange_guard_proxy_touch,False,-0.2721600000000079,0.28132207200000003,-0.1915631176086,0.14074268400000003,-0.745045189608608,-31.762014270323615,1,True
BTCUSDT,long,e62e427e0d0ee3ea59130226e89613688ec8e6663e77d828184dff20c0ce01e1,BTCUSDT|long|high_volume,1703659260000,1703739720000,2023-12-27T06:41:00+00:00,2023-12-28T05:02:00+00:00,42609.100000000006,43296.100000000006,0.0043,183.21913000000004,36.643826000000004,5,42145.6,43333.0,2.3659945040000063,2.828738999345617,exchange_guard_proxy_touch,False,2.9541,0.221635416,-0.1534063786774,0.10993147800000001,2.5790582053226,140.7635875862198,1,True
ETHUSDT,long,7c489c7085fb34635a7804cbdc3fab843da507411f9dd39da42ce40f792fdaf8,ETHUSDT|long|high_volume,1703664960000,1703768460000,2023-12-27T08:16:00+00:00,2023-12-28T13:01:00+00:00,2236.4,2362.9700000000003,0.08,178.912,35.7824,5,2213.6699999999996,2364.99,2.1831126399999916,2.33412080608998,exchange_guard_proxy_touch,False,10.125600000000013,0.22076976000000004,-0.252900102384,0.10734719999999999,9.651930137616013,539.4791929896269,1,True
BTCUSDT,long,e8bdf7b84b05c7c9329b47d10085d9f5f39df748045dfc4c53d4834f2870613c,BTCUSDT|long|confirmed_volume,1703820960000,1703835360000,2023-12-29T03:36:00+00:00,2023-12-29T07:36:00+00:00,42784.8,42333.5,0.005,213.924,42.784800000000004,5,42369.6,42369.6,2.5118549000000145,1.7443284723536592,exchange_guard_proxy_touch,False,-2.2565000000000146,0.2553549,0.0,0.1283544,-2.5118549000000145,-117.41809708120708,1,True
ETHUSDT,long,6651f7ec1a72a3c50663c31d6203de24c21dce370860b5363d1cd7aaa77564f5,ETHUSDT|long|high_volume,1703844060000,1703864820000,2023-12-29T10:01:00+00:00,2023-12-29T15:47:00+00:00,2370.78,2331.4500000000003,0.05,118.53900000000002,23.707800000000002,5,2333.4399999999996,2333.4399999999996,2.107566899999996,3.0518371595307348,exchange_guard_proxy_touch,False,-1.9664999999999964,0.1410669,0.0,0.0711234,-2.1075668999999966,-177.7952319489785,1,True
BTCUSDT,long,857c3f658ea6d5d62783dd6c486d7dedb6a4d0c3bdd8ce0df98d034b197ad1c0,BTCUSDT|long|high_volume,1703844960000,1703865120000,2023-12-29T10:16:00+00:00,2023-12-29T15:52:00+00:00,42791.4,42217.100000000006,0.004,171.1656,34.23312,5,42253.1,42253.1,2.5012203999999825,4.369643788112212,exchange_guard_proxy_touch,False,-2.2971999999999824,0.2040204,0.0,0.10269936,-2.5012203999999825,-146.1286847357169,1,True
ETHUSDT,long,4b953ee61eb5bfe6a31d8fdd8ccc53e1f2c5e9d325120f143e39cbccbc041cba,ETHUSDT|long|confirmed_volume,1703952960000,1703976720000,2023-12-30T16:16:00+00:00,2023-12-30T22:52:00+00:00,2320.48,2282.23,0.05,116.024,23.2048,5,2284.18,2284.18,2.0505813,1.5547599063988249,exchange_guard_proxy_touch,False,-1.9125,0.1380813,0.0,0.0696144,-2.0505813,-176.73768358270704,1,True
ETHUSDT,long,6308520cbb2fbb8f9d288e4e7d48af308949e766ffe6b91baab252567daaa25c,ETHUSDT|long|high_volume,1703982060000,1703990760000,2023-12-31T00:21:00+00:00,2023-12-31T02:46:00+00:00,2305.06,2282.23,0.09,207.4554,41.49108,5,2284.18,2284.18,2.3024136599999934,2.0171418769268827,exchange_guard_proxy_touch,False,-2.0546999999999933,0.24771365999999995,0.0,0.12447323999999999,-2.3024136599999934,-110.98354923516058,1,True
BTCUSDT,long,4830aed2d5268c66a534de48c3362ef703b96a9daf876397bc6e0e33528324e0,BTCUSDT|long|confirmed_volume,1703995860000,1704063060000,2023-12-31T04:11:00+00:00,2023-12-31T22:51:00+00:00,42292.9,42347.600000000006,0.0088,372.17752,74.43550400000001,5,42106.4,42383.700000000004,2.401679279999962,1.876720357427909,exchange_guard_proxy_touch,False,0.4813600000000384,0.44690184,-0.2551288944336,0.223306512,-0.22067073443356156,-5.929179560161547,1,True
BTCUSDT,long,0d915193a454e3dd5df95914992a7decf311775fe40f8869ce962e998cc9e49c,BTCUSDT|long|high_volume,1704073260000,1704080520000,2024-01-01T01:41:00+00:00,2024-01-01T03:42:00+00:00,42775.5,42347.600000000006,0.005,213.8775,42.7755,5,42383.700000000004,42383.700000000004,2.394869299999971,8.59312222089884,exchange_guard_proxy_touch,False,-2.139499999999971,0.25536929999999997,0.0,0.12832649999999998,-2.394869299999971,-111.97387757010303,1,True
ETHUSDT,long,197d95c13737a04d83eb3fb21cecb62aa1d530fcc028516b354db7ce6814baad,ETHUSDT|long|confirmed_volume,1704092760000,1704206040000,2024-01-01T07:06:00+00:00,2024-01-02T14:34:00+00:00,2288.75,2379.9700000000003,0.12,274.65,54.92999999999999,5,2273.85,2382.0,2.3491675200000173,1.5844595296142028,exchange_guard_proxy_touch,False,10.94640000000003,0.33614784,-0.502910827896,0.16478999999999996,10.10734133210403,368.00805869666965,1,True
BTCUSDT,long,69e7a3a95bc1ad53e25b2dab3010e574109a9199ee197756a5eed9a7e2c18499,BTCUSDT|long|high_volume,1704101160000,1704206940000,2024-01-01T09:26:00+00:00,2024-01-02T14:49:00+00:00,42724.0,45219.4,0.0039000000000000003,166.6236,33.32472,5,42207.8,45257.9,2.3518464059999946,2.253576602284622,exchange_guard_proxy_touch,False,9.732060000000006,0.20578755599999998,-0.23211262090380003,0.09997416,9.294159823096205,557.7937232838688,1,True
ETHUSDT,long,def0f16965cd6ebac40168b79e5e140fce7e2cbeeb624f5e516d13818c80c516,ETHUSDT|long|confirmed_volume,1704259260000,1704267960000,2024-01-03T05:21:00+00:00,2024-01-03T07:46:00+00:00,2377.67,2362.98,0.07,166.4369,33.28738,5,2348.45,2365.0,2.383813039999986,1.8820958443596627,exchange_guard_proxy_touch,False,-1.028300000000004,0.19910730000000001,0.0,0.09986214,-1.227407300000004,-73.74610437949782,1,True
BTCUSDT,long,d7ca1518d5cdcdfd5f32bb016c96b5cfbc87ff3f0c2031b679371e08e3f2e566,BTCUSDT|long|confirmed_volume,1704274260000,1704278340000,2024-01-03T09:31:00+00:00,2024-01-03T10:39:00+00:00,45402.700000000004,45105.5,0.0073,331.43971000000005,66.28794200000002,5,45143.9,45143.9,2.565985916000032,1.6668332297010688,exchange_guard_proxy_touch,False,-2.1695600000000317,0.39642591600000004,0.0,0.19886382600000002,-2.565985916000032,-77.41938695275927,1,True
BTCUSDT,long,2854d93781f7d33e98400c770d647da613f7f2dd3c2f47779fd243ea7d56573c,BTCUSDT|long|high_volume,1704327060000,1704419280000,2024-01-04T00:11:00+00:00,2024-01-05T01:48:00+00:00,42935.4,42608.700000000004,0.0023,98.75142,19.750284,5,41919.9,42645.0,2.5348110479999932,3.031322810782512,exchange_guard_proxy_touch,False,-0.7514099999999932,0.118050858,-0.030122939,0.05925085199999999,-0.8995837969999932,-91.09578343278439,1,True
ETHUSDT,long,0d57ab0d15bc2a7665d558a010db2cb3295b99fc1ecfbe637d6488060b956f6d,ETHUSDT|long|high_volume,1704334560000,1704464400000,2024-01-04T02:16:00+00:00,2024-01-05T14:20:00+00:00,2222.57,2231.32,0.08,177.80560000000003,35.56112,5,2196.14,2233.22,2.4760083200000147,2.1376015072116075,exchange_guard_proxy_touch,False,0.7000000000000001,0.21378671999999999,-0.07216888,0.10668336,0.4140444000000001,23.286353185726433,1,True
BTCUSDT,long,f866c09c2b757bf7dd3af96a472d6b50fd43b8d86bdd84ed274e4107083d9b9e,BTCUSDT|long|high_volume,1704445560000,1704465720000,2024-01-05T09:06:00+00:00,2024-01-05T14:42:00+00:00,44272.8,43421.9,0.0021000000000000003,92.97288000000002,18.594576000000004,5,43193.4,43458.9,2.4541810439999945,16.60228620577239,exchange_guard_proxy_touch,False,-1.7868900000000034,0.11049532200000002,0.0,0.055783728000000005,-1.8973853220000034,-204.0794392945559,1,True
ETHUSDT,long,9582810e657cec6e693ed8c2d1524ffed92395c32a9f3951d8a40b8d2b7333fc,ETHUSDT|long|high_volume,1704542760000,1704619380000,2024-01-06T12:06:00+00:00,2024-01-07T09:23:00+00:00,2241.9700000000003,2233.17,0.08,179.35760000000002,35.871520000000004,5,2215.5499999999997,2235.0699999999997,2.478670240000032,3.4993561691031005,exchange_guard_proxy_touch,False,-0.7040000000000146,0.21480671999999998,-0.053884240000000014,0.10761456000000001,-0.9726909600000146,-54.231934414823485,1,True
BTCUSDT,long,b45c092b5b15d2dc617952ce5689b412f077b9f3b08619319f1e5590d0815c52,BTCUSDT|long|high_volume,1704488160000,1704646200000,2024-01-05T20:56:00+00:00,2024-01-07T16:50:00+00:00,44069.0,43825.4,0.0023,101.3587,20.27174,5,43089.9,43862.700000000004,2.45656863599999,27.50466116205624,exchange_guard_proxy_touch,False,-0.5602799999999967,0.12129427199999998,-0.060655002,0.060815219999999996,-0.7422292739999966,-73.22797885134642,1,True
ETHUSDT,long,602e3ae2c731c987b40bd34a6642e452e8e151916a6dae1a19474702ffad1fba,ETHUSDT|long|high_volume,1704653460000,1704665220000,2024-01-07T18:51:00+00:00,2024-01-07T22:07:00+00:00,2249.92,2228.87,0.1,224.99200000000002,44.998400000000004,5,2230.77,2230.77,2.373727400000018,2.798115281049025,exchange_guard_proxy_touch,False,-2.105000000000018,0.2687274,0.0,0.13499519999999998,-2.373727400000018,-105.5027467643302,1,True
BTCUSDT,long,b2ac42614887b62abeab8953d49a4bbe63848608937f35195f446609e715dff4,BTCUSDT|long|high_volume,1704656460000,1704666660000,2024-01-07T19:41:00+00:00,2024-01-07T22:31:00+00:00,44237.3,43825.4,0.0053,234.45769,46.891538000000004,5,43862.700000000004,43862.700000000004,2.4631093860000077,3.376588476579244,exchange_guard_proxy_touch,False,-2.183070000000008,0.280039386,0.0,0.14067461399999998,-2.4631093860000077,-105.05560239888091,1,True
BTCUSDT,long,a7c042a324f6a0d5953504164dc9409b6abe1772944d884e510fbc0ddc586e7d,BTCUSDT|long|high_volume,1704715260000,1704790380000,2024-01-08T12:01:00+00:00,2024-01-09T08:53:00+00:00,44764.600000000006,46560.4,0.002,89.52920000000002,17.905840000000005,5,43629.6,46600.1,2.4502285200000116,7.570090388970139,exchange_guard_proxy_touch,False,3.5915999999999912,0.10958999999999999,-0.027756660000000002,0.053717520000000005,3.4542533399999913,385.8242160099711,1,True
ETHUSDT,long,ffed0abcd37e1c851d164d1b904e4c4a44cf59c6d03af5f7de9668f273c95a5c,ETHUSDT|long|high_volume,1704715260000,1704792060000,2024-01-08T12:01:00+00:00,2024-01-09T09:21:00+00:00,2243.9900000000002,2286.05,0.05,112.19950000000001,22.4399,5,2204.1499999999996,2288.0,2.2193878000000127,9.123348841077354,exchange_guard_proxy_touch,False,2.1029999999999975,0.13590120000000003,-0.034535750000000004,0.06731970000000001,1.9325630499999975,172.24346365179858,1,True
BTCUSDT,long,83cffecc1a02ddcbb90ddfb486bdffdd25f4e9a9c5617a0eece3a9678104bdb0,BTCUSDT|long|high_volume,1704834960000,1704835020000,2024-01-09T21:16:00+00:00,2024-01-09T21:17:00+00:00,46777.700000000004,46460.3,0.0067,313.41059,62.682118,5,46499.9,46499.9,2.5013967600000098,51.35829121027798,exchange_guard_proxy_touch,False,-2.12658000000001,0.37481676,0.0,0.188046354,-2.5013967600000098,-79.81213270425896,1,True
ETHUSDT,long,c8aea44c174a1eb729b0747fe98b8f6df4ae8d096ca07e912a9d32556053fb15,ETHUSDT|long|high_volume,1704845760000,1704889680000,2024-01-10T00:16:00+00:00,2024-01-10T12:28:00+00:00,2371.03,2360.48,0.01,23.710300000000004,4.74206,5,2243.25,2362.49,1.3245742200000006,2.135888745680604,exchange_guard_proxy_touch,False,-0.10550000000000181,0.028389059999999997,-0.0023694200000000006,0.01422618,-0.13625848000000182,-57.46805396810745,1,True
ETHUSDT,long,99ab512ec5583a09aa15a8da7c6fc0fbe178b05ef9a036222fe9ce683fee1b4f,ETHUSDT|long|high_volume,1704928260000,1704989760000,2024-01-10T23:11:00+00:00,2024-01-11T16:16:00+00:00,2592.92,2571.28,0.01,25.9292,5.185840000000001,5,2408.9399999999996,2573.47,1.8902988600000021,2.664022382235442,exchange_guard_proxy_touch,False,-0.21639999999999873,0.0309852,-0.007790470000000002,0.015557519999999998,-0.25517566999999874,-98.41247319624158,1,True
BTCUSDT,long,688f6a86c2ed6b6e317ba4e871d13e10385739fc3fe1639c796a74ab09212ae7,BTCUSDT|long|high_volume,1704928260000,1704994140000,2024-01-10T23:11:00+00:00,2024-01-11T17:29:00+00:00,47309.700000000004,45571.200000000004,0.0009000000000000001,42.57873000000001,8.515746000000002,5,44719.9,45610.0,2.4147854100000017,2.2595988863543273,exchange_guard_proxy_touch,False,-1.56465,0.050155686000000005,-0.012561525000000002,0.025547238,-1.6273672110000001,-382.20191419518613,1,True
ETHUSDT,long,fa0576150c3a8e402ca1004a3c3e9ad68a62565780e1f128b16f9d14bb76b852,ETHUSDT|long|high_volume,1705027560000,1705032360000,2024-01-12T02:46:00+00:00,2024-01-12T04:06:00+00:00,2608.8,2586.18,0.09,234.792,46.9584,5,2588.39,2588.39,2.3163289200000308,2.3842051324134124,exchange_guard_proxy_touch,False,-2.035800000000031,0.28052891999999996,0.0,0.1408752,-2.316328920000031,-98.65450781968853,1,True
BTCUSDT,long,587653e2af4b82fe5b37b3e3c2d3e7c367e774732e4b12eec39b554c8224b7d0,BTCUSDT|long|confirmed_volume,1705002660000,1705034880000,2024-01-11T19:51:00+00:00,2024-01-12T04:48:00+00:00,46671.200000000004,45861.700000000004,0.0021000000000000003,98.00952000000002,19.601904000000005,5,45610.0,45900.8,2.4262254240000005,1.7471867210205785,exchange_guard_proxy_touch,False,-1.6999500000000003,0.11659145400000001,-0.009730959,0.05880571200000001,-1.8262724130000003,-186.3362266236994,1,True
BTCUSDT,long,7126fd552542613685888a845c0083b5f69f03ad935a2698bc7b4ba224a50d0f,BTCUSDT|long|confirmed_volume,1705038960000,1705043640000,2024-01-12T05:56:00+00:00,2024-01-12T07:14:00+00:00,46230.4,45861.700000000004,0.0057,263.51328,52.702656000000005,5,45900.8,45900.8,2.4165449819999836,1.7313860399093204,exchange_guard_proxy_touch,False,-2.1015899999999834,0.314954982,0.0,0.158107968,-2.4165449819999836,-91.70486519692606,1,True
ETHUSDT,long,9b8aa48a3b9aa0e8a2c0e6ce81a722400ec05b1bddd2aab3e6da1ac71560c305,ETHUSDT|long|confirmed_volume,1705052760000,1705080000000,2024-01-12T09:46:00+00:00,2024-01-12T17:20:00+00:00,2612.4500000000003,2584.04,0.07,182.87150000000003,36.57430000000001,5,2586.24,2586.24,2.206952580000022,1.5711786624472193,exchange_guard_proxy_touch,False,-1.988700000000022,0.21825258,-0.0185388,0.1097229,-2.225491380000022,-121.69700472736439,1,True
BTCUSDT,long,0558d85dddc2ca304545da8bee72ecf7cd959a16b06fc5844a0e8df3b4cf38f1,BTCUSDT|long|high_volume,1705156560000,1705192260000,2024-01-13T14:36:00+00:00,2024-01-14T00:31:00+00:00,42886.5,42666.8,0.0045000000000000005,192.98925000000003,38.59785000000001,5,42445.6,42703.1,2.3767992000000002,6.299395603617885,exchange_guard_proxy_touch,False,-0.988649999999987,0.23099391,-0.038702835000000005,0.11579355,-1.258346744999987,-65.20294498268618,1,True
ETHUSDT,long,f2ea81a5bbde77ac73729db8d6a7eaf0b3bac0c0e75719d7ed8ac69d073d18d8,ETHUSDT|long|high_volume,1705158660000,1705225080000,2024-01-13T15:11:00+00:00,2024-01-14T09:38:00+00:00,2553.29,2540.83,0.06,153.1974,30.63948,5,2521.2299999999996,2543.0,2.235205320000002,2.116689647664031,exchange_guard_proxy_touch,False,-0.7476000000000022,0.18338832,-0.04616664,0.09191843999999999,-0.9771549600000022,-63.784043332328245,1,True
ETHUSDT,long,7510b77c39f72c9a866903580e28ffc8bf980a44b9de216c4334421a5a2a2f2e,ETHUSDT|long|high_volume,1705226460000,1705229400000,2024-01-14T10:01:00+00:00,2024-01-14T10:50:00+00:00,2555.39,2540.83,0.13,332.2007,66.44014,5,2543.0,2543.0,2.290305159999993,3.6348714304540874,exchange_guard_proxy_touch,False,-1.892799999999993,0.3975051599999999,0.0,0.19932041999999997,-2.290305159999993,-68.94341763879464,1,True
BTCUSDT,long,02deb2c32d4e397a333a7159ab9c6462ac700b354be262f4b413cbcc0cc0b8a0,BTCUSDT|long|high_volume,1705326660000,1705328820000,2024-01-15T13:51:00+00:00,2024-01-15T14:27:00+00:00,42916.4,42499.5,0.0049,210.29036,42.058071999999996,5,42535.700000000004,42535.700000000004,2.293932746000007,5.209923118140093,exchange_guard_proxy_touch,False,-2.042810000000007,0.25112274599999995,0.0,0.12617421599999998,-2.293932746000007,-109.08406576506916,1,True
ETHUSDT,long,90256021f8221b222e312b373b4ed61f6c03a5b7b7f849ba5834dff6d11e5b4a,ETHUSDT|long|high_volume,1705315260000,1705357020000,2024-01-15T10:41:00+00:00,2024-01-15T22:17:00+00:00,2541.37,2503.25,0.05,127.0685,25.4137,5,2504.2099999999996,2505.3799999999997,2.115803499999998,2.472372671062211,exchange_guard_proxy_touch,False,-1.9059999999999946,0.1513386,-0.012575050000000003,0.0762411,-2.069913649999995,-162.8974647532626,1,True
ETHUSDT,long,4672eafccb5abeeb27329f150d39d094056bd5c544d9f8492049ef01a9f6fc0a,ETHUSDT|long|high_volume,1705377660000,1705404600000,2024-01-16T04:01:00+00:00,2024-01-16T11:30:00+00:00,2540.26,2520.31,0.05,127.01300000000002,25.402600000000003,5,2505.0,2522.4599999999996,2.0207939000000166,4.432253684390464,exchange_guard_proxy_touch,False,-0.9975000000000137,0.15181709999999998,-0.012642850000000002,0.0762078,-1.1619599500000137,-91.48354499145863,1,True
ETHUSDT,long,68814d76cc2a2a8925d8a40fb0b728ecabfb8d926bbb3ab3053384d9bc141a9c,ETHUSDT|long|high_volume,1705410060000,1705413600000,2024-01-16T13:01:00+00:00,2024-01-16T14:00:00+00:00,2547.71,2520.31,0.07,178.33970000000002,35.66794,5,2522.4599999999996,2522.4599999999996,2.1308568400000065,3.4334758650467747,exchange_guard_proxy_touch,False,-1.9180000000000066,0.21285684000000002,0.0,0.10700382,-2.1308568400000065,-119.48303378328023,1,True
BTCUSDT,long,19769f3fc9f085957f044a538e285b94723f68300bb17a5f87938e67a6f4726f,BTCUSDT|long|confirmed_volume,1705367160000,1705415700000,2024-01-16T01:06:00+00:00,2024-01-16T14:35:00+00:00,42719.5,42564.100000000006,0.0049,209.32555,41.86511,5,42341.200000000004,42600.4,2.2800426179999786,1.5411550684439257,exchange_guard_proxy_touch,False,-0.7614599999999715,0.25073378399999996,-0.020966364999999997,0.12559532999999998,-1.0331601489999716,-49.3566193424535,1,True
BTCUSDT,long,afc508498d85a927c47e6932ee21374a7ebf44b605ca7f276281b59a2c5926e4,BTCUSDT|long|high_volume,1705418460000,1705464540000,2024-01-16T15:21:00+00:00,2024-01-17T04:09:00+00:00,42950.5,42788.9,0.0051,219.04755000000003,43.80951,5,42600.4,42825.4,2.2323146759999704,4.551433598426384,exchange_guard_proxy_touch,False,-0.8241599999999927,0.262362564,-0.044055840000000006,0.13142853000000002,-1.1305784039999927,-51.61337819117322,1,True
ETHUSDT,long,f2f92305c8a94b86085a09d70afa6b21c289ab46b750a63a0640709305fdcdc0,ETHUSDT|long|high_volume,1705502760000,1705503600000,2024-01-17T14:46:00+00:00,2024-01-17T15:00:00+00:00,2572.32,2533.02,0.05,128.616,25.723200000000002,5,2535.18,2535.18,2.118160200000009,7.612114824424185,exchange_guard_proxy_touch,False,-1.9650000000000092,0.1531602,0.0,0.0771696,-2.118160200000009,-164.68870125023395,1,True
ETHUSDT,long,81d95d7baac86cd8445dea0f06ac538434b86bc4b69200babf56227e97621228,ETHUSDT|long|high_volume,1705551060000,1705574640000,2024-01-18T04:11:00+00:00,2024-01-18T10:44:00+00:00,2532.81,2522.86,0.07,177.29670000000002,35.459340000000005,5,2509.24,2525.0099999999998,2.0113762200000025,9.285012064687065,exchange_guard_proxy_touch,False,-0.6964999999999874,0.21233814,-0.01777209,0.10637802,-0.9266102299999874,-52.26325306675123,1,True
ETHUSDT,long,1360b6352e75cb03d9743d0bf8a48abbd2d758570aec26d5b0eea720194ce12c,ETHUSDT|long|high_volume,1705654560000,1705678140000,2024-01-19T08:56:00+00:00,2024-01-19T15:29:00+00:00,2479.79,2458.29,0.05,123.9895,24.797900000000002,5,2442.97,2460.39,2.0926204000000044,2.2387457746261115,exchange_guard_proxy_touch,False,-1.075,0.14814239999999998,0.0,0.0743937,-1.2231424,-98.64886946072045,1,True
ETHUSDT,long,73521b67c84cf991b93f1c65abcc3bfabeca111b667d06a5833c2259008eace0,ETHUSDT|long|confirmed_volume,1705689060000,1705711140000,2024-01-19T18:31:00+00:00,2024-01-20T00:39:00+00:00,2487.38,2478.41,0.06,149.2428,29.84856,5,2460.39,2480.52,1.9234441200000088,1.8550957529631502,exchange_guard_proxy_touch,False,-0.5382000000000152,0.17876843999999997,-0.014954760000000001,0.08954567999999999,-0.7319232000000151,-49.04244626876574,1,True
BTCUSDT,long,43d2b8120d92c4b61630d1238377b03bfa125fbcb8404fc1b252f138f297164b,BTCUSDT|long|confirmed_volume,1705690260000,1705744560000,2024-01-19T18:51:00+00:00,2024-01-20T09:56:00+00:00,41749.700000000004,41423.100000000006,0.0031000000000000003,129.42407000000003,25.884814000000006,5,41132.4,41458.4,2.1762256060000094,1.9574584190771616,exchange_guard_proxy_touch,False,-1.0124599999999957,0.15470140800000004,-0.025827495000000006,0.077654442,-1.1929889029999956,-92.17674138975812,1,True
BTCUSDT,long,46a61576f95e87f64a7d421b20aa783f89a98480ac619df2f7abe09c49a6a7d1,BTCUSDT|long|confirmed_volume,1705781760000,1705817940000,2024-01-20T20:16:00+00:00,2024-01-21T06:19:00+00:00,41749.4,41585.3,0.0061,254.67134000000001,50.934268,5,41479.9,41620.700000000004,2.1637700399999735,1.583800404688694,exchange_guard_proxy_touch,False,-1.0010099999999913,0.305005002,-0.025431998000000004,0.15280280400000001,-1.3314469999999912,-52.28099086453902,1,True
ETHUSDT,long,ae57e9213f55d8e335dcdb847460eddb191365f6b0eb613f808dca4cb467091e,ETHUSDT|long|high_volume,1705824960000,1705850880000,2024-01-21T08:16:00+00:00,2024-01-21T15:28:00+00:00,2479.48,2469.05,0.11,272.7428,54.548559999999995,5,2465.1499999999996,2471.16,2.1335069799999817,3.044949002016728,exchange_guard_proxy_touch,False,-1.147299999999982,0.32660298,0.0,0.16364568,-1.4739029799999819,-54.04003258747736,1,True
ETHUSDT,long,978e930d30f014cc73009394d0508276696aba086d194ce6e3dbd15f284440a9,ETHUSDT|long|confirmed_volume,1706057460000,1706120460000,2024-01-24T00:51:00+00:00,2024-01-24T18:21:00+00:00,2253.34,2215.28,0.02,45.0668,9.01336,5,2180.3999999999996,2217.1699999999996,1.5491825600000035,1.5974222027403637,exchange_guard_proxy_touch,False,-0.7611999999999989,0.05362344,-0.008935560000000002,0.02704008,-0.8237589999999988,-182.78621956739744,1,True
ETHUSDT,long,e1e9b367ed5871b9537a4be6770e09c90e5afbaf1c00e9a69db579a7f4b64fe8,ETHUSDT|long|high_volume,1706285460000,1706396700000,2024-01-26T16:11:00+00:00,2024-01-27T23:05:00+00:00,2263.6,2258.17,0.06,135.816,27.1632,5,2232.7099999999996,2260.1,2.1291987599999977,6.370542411687363,exchange_guard_proxy_touch,False,-0.32579999999999015,0.16278372,-0.036515521326,0.08148959999999998,-0.5250992413259902,-38.662546483918696,1,True
ETHUSDT,long,40d69579531fbcaffb1f6473199a2ec72b76bfcfa9885561dc10fc5a4ecbc0da,ETHUSDT|long|high_volume,1706404260000,1706441880000,2024-01-28T01:11:00+00:00,2024-01-28T11:38:00+00:00,2273.56,2274.71,0.11,250.0916,50.01832,5,2260.1,2276.6499999999996,1.9919941799999858,2.2389015941687838,exchange_guard_proxy_touch,False,0.12650000000001,0.30018582,-0.015398929754999999,0.15005496,-0.18908474975499,-7.560619779112534,1,True
ETHUSDT,long,2db060f77729e485bc2923bc6f43685730e77a2e7eff9d6b0ca885925e8a95bb,ETHUSDT|long|high_volume,1706544060000,1706596440000,2024-01-29T16:01:00+00:00,2024-01-30T06:34:00+00:00,2277.52,2300.73,0.07,159.4264,31.88528,5,2253.18,2302.6899999999996,2.0284087599999836,3.264575761378868,exchange_guard_proxy_touch,False,1.6247000000000027,0.1922865,-0.016215710000000005,0.09565584,1.4161977900000027,88.83082036601233,1,True
ETHUSDT,long,f4e527e0ae5ab03acc84dacd4a1e8c57eb9d09ca227316eac8623734a6b427bd,ETHUSDT|long|confirmed_volume,1706790660000,1706793060000,2024-02-01T12:31:00+00:00,2024-02-01T13:11:00+00:00,2275.38,2262.03,0.13,295.79940000000005,59.15988000000001,5,2263.9599999999996,2263.9599999999996,2.089417979999988,1.966474578155839,exchange_guard_proxy_touch,False,-1.7354999999999883,0.35391797999999997,0.0,0.17747964,-2.0894179799999884,-70.6363156923235,1,True
ETHUSDT,long,a38969ebb028275d155772cff1a4466e10b96ab14e186649b308d4ce98873002,ETHUSDT|long|high_volume,1706797260000,1706880600000,2024-02-01T14:21:00+00:00,2024-02-02T13:30:00+00:00,2282.18,2302.1,0.09,205.39619999999996,41.07923999999999,5,2263.9599999999996,2304.06,2.058887339999967,5.656671460902569,exchange_guard_proxy_touch,False,1.7928000000000064,0.24755111999999993,-0.048979360602000005,0.12323771999999997,1.4962695193980065,72.84796502554607,1,True
ETHUSDT,long,2e386747531587a57d49d50e5c507489756d7aa375aa2a48dc62e1bc39b5b0b9,ETHUSDT|long|high_volume,1706889960000,1706891100000,2024-02-02T16:06:00+00:00,2024-02-02T16:25:00+00:00,2325.15,2302.1,0.08,186.012,37.2024,5,2304.06,2304.06,2.0661080000000145,3.1979206226350914,exchange_guard_proxy_touch,False,-1.8440000000000145,0.222108,0.0,0.1116072,-2.0661080000000145,-111.07390921015927,1,True
ETHUSDT,long,6d6034ce2aaf3a90e0b7d17725e182e55872b011663fe6852465dd50be910a17,ETHUSDT|long|high_volume,1706912160000,1706959620000,2024-02-02T22:16:00+00:00,2024-02-03T11:27:00+00:00,2304.4,2303.48,0.08,184.352,36.870400000000004,5,2285.2799999999997,2305.4399999999996,1.9058110400000132,2.9936941801163917,exchange_guard_proxy_touch,False,-0.07360000000000583,0.22117824,-0.033555760000000004,0.11061119999999999,-0.32833400000000584,-17.8101675056417,1,True
ETHUSDT,long,e62669c81cf6319991f0129d7df4e55914b535f6d2e6ccbe0842f138734df1fe,ETHUSDT|long|high_volume,1707011460000,1707020760000,2024-02-04T01:51:00+00:00,2024-02-04T04:26:00+00:00,2306.16,2293.44,0.13,299.8008,59.960159999999995,5,2295.3999999999996,2295.3999999999996,2.012368799999974,2.429511281547567,exchange_guard_proxy_touch,False,-1.653599999999974,0.3587688,0.0,0.17988047999999998,-2.012368799999974,-67.12353002393503,1,True
ETHUSDT,long,1e555d1321bda74633362c6504cd19bf15039d51401b57411642ec1db6ed378a,ETHUSDT|long|high_volume,1707068760000,1707072540000,2024-02-04T17:46:00+00:00,2024-02-04T18:49:00+00:00,2308.54,2294.17,0.12,277.02479999999997,55.404959999999996,5,2296.1299999999997,2296.1299999999997,2.0557951199999867,3.7679710541051783,exchange_guard_proxy_touch,False,-1.7243999999999868,0.33139511999999993,0.0,0.16621487999999998,-2.0557951199999867,-74.20978627184233,1,True
ETHUSDT,long,d31239bcd3782483b4397a15fde30cf5a37e1e327c00fce6ff370fd3a53cc0b6,ETHUSDT|long|high_volume,1707105660000,1707164460000,2024-02-05T04:01:00+00:00,2024-02-05T20:21:00+00:00,2295.34,2286.89,0.06,137.7204,27.54408,5,2267.6099999999997,2288.8399999999997,1.9437967200000186,5.822655020330045,exchange_guard_proxy_touch,False,-0.5070000000000163,0.16496027999999996,-0.027641699999999998,0.08263224,-0.6996019800000163,-50.79871827267538,1,True
ETHUSDT,long,ff8d718ea9efaebbdcc2e53165e674ecba150d580129e8f7499cb55faf31b614,ETHUSDT|long|high_volume,1707207360000,1707276480000,2024-02-06T08:16:00+00:00,2024-02-07T03:28:00+00:00,2336.58,2368.56,0.06,140.1948,28.038959999999996,5,2306.99,2370.58,2.0606975999999966,4.742493049849404,exchange_guard_proxy_touch,False,1.918800000000001,0.16938503999999996,-0.024956133995999996,0.08411687999999998,1.724458826004001,123.0044784830822,1,True
ETHUSDT,long,44c4b24e9c124c4a972eb232468b7853f2e0310b66b6e83f6890a6a768f3629b,ETHUSDT|long|high_volume,1707336660000,1707411120000,2024-02-07T20:11:00+00:00,2024-02-08T16:52:00+00:00,2427.83,2412.93,0.02,48.5566,9.71132,5,2360.1499999999996,2414.99,1.4512316400000012,2.6463505008763986,exchange_guard_proxy_touch,False,-0.2980000000000018,0.058089119999999994,-0.013297675108,0.029133959999999997,-0.3693867951080018,-76.07344729820494,1,True
ETHUSDT,long,a9d520d339a329f19df4ad0ec434fd1cf0f72330eaf99c6e81fb112a65d05898,ETHUSDT|long|high_volume,1707467760000,1707561900000,2024-02-09T08:36:00+00:00,2024-02-10T10:45:00+00:00,2465.9,2479.53,0.06,147.954,29.5908,5,2438.43,2481.64,1.949481000000011,4.139928276552184,exchange_guard_proxy_touch,False,0.8178000000000065,0.17803547999999997,-0.041041258812,0.08877239999999999,0.5987232611880066,40.46685193965736,1,True
BTCUSDT,long,57218679c27678d4d449b8e579971fca5dfeb46364c864cc272bbb2a8cff0578,BTCUSDT|long|high_volume,1707350760000,1707561960000,2024-02-08T00:06:00+00:00,2024-02-10T10:46:00+00:00,44415.200000000004,46980.0,0.0012000000000000001,53.29824000000001,10.659648,5,42899.9,47020.0,1.9250005920000037,6.6854247407976635,exchange_guard_proxy_touch,False,3.077759999999995,0.065804544,-0.027905679277200002,0.031978944,2.984049776722795,559.8777326836298,1,True
BTCUSDT,long,f1211c21a218c418315f54559904fafd8c264daf50d7e10dcf3e0203b697979e,BTCUSDT|long|confirmed_volume,1707566760000,1707648300000,2024-02-10T12:06:00+00:00,2024-02-11T10:45:00+00:00,47270.200000000004,48007.200000000004,0.006,283.62120000000004,56.72424000000001,5,47020.0,48048.1,2.080500720000026,1.8598535311237843,exchange_guard_proxy_touch,False,4.422,0.34299864,-0.0859404,0.17017272,3.9930609599999993,140.7885221556075,1,True
BTCUSDT,long,8437525161fac7cf58ff6086d7544263f466995fe1eb4fff098ac148e149ba39,BTCUSDT|long|high_volume,1707650760000,1707657900000,2024-02-11T11:26:00+00:00,2024-02-11T13:25:00+00:00,48299.0,48007.200000000004,0.0061,294.6239,58.92478,5,48048.1,48048.1,2.132460691999974,2.5239359634731593,exchange_guard_proxy_touch,False,-1.7799799999999735,0.35248069200000004,0.0,0.17677434,-2.1324606919999733,-72.37908031222089,1,True
BTCUSDT,long,11fef418a9c361d6955e3df73f23bfb97e3a14f190058c1c0bafa026950a0408,BTCUSDT|long|high_volume,1707671460000,1707720360000,2024-02-11T17:11:00+00:00,2024-02-12T06:46:00+00:00,48431.200000000004,47960.0,0.0034000000000000002,164.66608000000002,32.933216,5,47914.0,48000.9,2.0936609760000002,6.771351741904687,exchange_guard_proxy_touch,False,-1.602080000000015,0.19663804800000004,-0.016423156,0.098799648,-1.8151412040000152,-110.23163993458853,1,True
BTCUSDT,long,5d81d3f98dcc9c7722fae17d6377235ddb157d767bb4996a295c67080be8db68,BTCUSDT|long|high_volume,1707721860000,1707729780000,2024-02-12T07:11:00+00:00,2024-02-12T09:23:00+00:00,48256.4,47960.0,0.0059,284.71276,56.942552,5,48000.9,48000.9,2.0893660560000082,6.462178969128295,exchange_guard_proxy_touch,False,-1.7487600000000085,0.34060605599999993,-0.02844567,0.170827656,-2.117811726000008,-74.38415215391147,1,True
BTCUSDT,long,ca1b2c75e662cbd87affd808f30fb269dafaf7bc8921b6a7ba1e0cd93ac6862c,BTCUSDT|long|high_volume,1707742860000,1707822660000,2024-02-12T13:01:00+00:00,2024-02-13T11:11:00+00:00,48078.0,49712.0,0.0045000000000000005,216.35100000000003,43.2702,5,47710.9,49754.3,2.093170409999987,2.5351683914790715,exchange_guard_proxy_touch,False,7.353000000000001,0.264033,-0.06745000500000001,0.1298106,7.021516995,324.54284912017965,1,True
ETHUSDT,long,1a4c7c2db313682c40a373b6ae9a25ac8687e3c160915e802bda76603608570f,ETHUSDT|long|high_volume,1707818460000,1707831360000,2024-02-13T10:01:00+00:00,2024-02-13T13:36:00+00:00,2680.44,2639.27,0.04,107.2176,21.44352,5,2641.52,2641.52,1.7744730400000028,4.068475666019939,exchange_guard_proxy_touch,False,-1.646800000000003,0.12767304,0.0,0.06433056,-1.7744730400000028,-165.50202951754218,1,True
ETHUSDT,long,5675ede01ee9a494a3684007108cf03d0db87f82113ca433d59b7a3a2489680b,ETHUSDT|long|high_volume,1707858660000,1707923760000,2024-02-13T21:11:00+00:00,2024-02-14T15:16:00+00:00,2648.11,2731.38,0.03,79.44330000000001,15.888660000000002,5,2592.99,2733.7099999999996,1.814200019999998,3.7946484595210195,exchange_guard_proxy_touch,False,2.4980999999999995,0.09683081999999998,-0.015883500000000002,0.04766598,2.3853856799999993,300.26266280479274,1,True
BTCUSDT,long,8a4b0a495c82682702d3c3a11a1b79dbeb150acfe144db7fb38829b2cebe782f,BTCUSDT|long|high_volume,1707956460000,1707982920000,2024-02-15T00:21:00+00:00,2024-02-15T07:42:00+00:00,52030.4,51688.5,0.0023,119.66992,23.933984000000002,5,51219.9,51732.5,2.1068552459999967,3.120251359214837,exchange_guard_proxy_touch,False,-0.7863700000000033,0.14313208199999997,0.0,0.07180195199999999,-0.9295020820000033,-77.67215704664993,1,True
ETHUSDT,long,906ae5dad0c485dfc8e9358d79d7a4c494bd533ea8957edd6454245a751620eb,ETHUSDT|long|confirmed_volume,1707937860000,1708095180000,2024-02-14T19:11:00+00:00,2024-02-16T14:53:00+00:00,2755.2000000000003,2793.11,0.08,220.41600000000003,44.083200000000005,5,2733.7099999999996,2795.49,2.168955840000013,1.6795650989434225,exchange_guard_proxy_touch,False,3.0327999999999884,0.26631888,-0.135286913768,0.1322496,2.631194206231988,119.3740112438293,1,True
BTCUSDT,long,69fa61bae4687581ae1e151c5be3bb40db39c4eaeaf725f8d78c8cc3bffe27ac,BTCUSDT|long|high_volume,1708092060000,1708147560000,2024-02-16T14:01:00+00:00,2024-02-17T05:26:00+00:00,52571.9,51825.8,0.002,105.1438,21.02876,5,51611.6,51869.9,2.1333675199999944,3.93335813329418,exchange_guard_proxy_touch,False,-1.492199999999997,0.12527724,-0.02081158,0.06308628,-1.638288819999997,-155.8141155255942,1,True
ETHUSDT,long,6e7ddf4ee390c06742a82546449785f6700f73da309dcdc4700a823807b3e277,ETHUSDT|long|high_volume,1708125060000,1708159020000,2024-02-16T23:11:00+00:00,2024-02-17T08:37:00+00:00,2797.59,2777.93,0.04,111.90360000000001,22.380720000000004,5,2756.74,2780.2999999999997,1.861247520000011,2.135145832939531,exchange_guard_proxy_touch,False,-0.7864000000000124,0.13381247999999998,-0.022403600000000003,0.06714215999999999,-0.9426160800000124,-84.23465196830239,1,True
ETHUSDT,long,fbeab2705e742953a9eb2b3f9dca5c08d58cf142144b635122abb0d649cbd224,ETHUSDT|long|high_volume,1708247160000,1708351440000,2024-02-18T09:06:00+00:00,2024-02-19T14:04:00+00:00,2821.7200000000003,2888.62,0.04,112.86880000000001,22.57376,5,2780.2,2891.08,1.8899892000000131,9.678055862652613,exchange_guard_proxy_touch,False,2.6759999999999855,0.13704816,-0.0344802,0.06772128000000001,2.5044716399999856,221.89228910026378,1,True
BTCUSDT,long,38550939d2af0711f208a2f608fe9ce5b8a63493be590e309bc7fca72852c192,BTCUSDT|long|high_volume,1708241160000,1708351500000,2024-02-18T07:26:00+00:00,2024-02-19T14:05:00+00:00,51785.3,52044.3,0.003,155.35590000000002,31.071180000000005,5,51177.9,52088.6,2.13825528,2.7590342154377456,exchange_guard_proxy_touch,False,0.777,0.18689328,-0.117227423913,0.09321354,0.4728792960870001,30.438451071829263,1,True
BTCUSDT,long,d7f75de6a6d33d8a4ae9db3da0af7a7b0722a73997bcd0c45344543f0eca0fc5,BTCUSDT|long|high_volume,1708356060000,1708357560000,2024-02-19T15:21:00+00:00,2024-02-19T15:46:00+00:00,52356.4,52044.3,0.0058000000000000005,303.66712,60.733424,5,52088.6,52088.6,2.173494435999992,2.216766195711866,exchange_guard_proxy_touch,False,-1.8101799999999917,0.363314436,0.0,0.182200272,-2.1734944359999915,-71.5749020177091,1,True
ETHUSDT,long,6c4149c9e3807fdd2fa7a9d58da4f1914809367f0670de727818f797b1ea6af8,ETHUSDT|long|high_volume,1708361160000,1708362060000,2024-02-19T16:46:00+00:00,2024-02-19T17:01:00+00:00,2936.56,2888.62,0.04,117.4624,23.49248,5,2891.08,2891.08,2.0574043200000025,7.638871236191932,exchange_guard_proxy_touch,False,-1.9176000000000022,0.13980431999999998,0.0,0.07047743999999999,-2.057404320000002,-175.1542893725994,1,True
ETHUSDT,long,a835b0e077a84d1cd904f43a404998f755fa478226371d874b3c3b456699a494,ETHUSDT|long|confirmed_volume,1708377060000,1708401780000,2024-02-19T21:11:00+00:00,2024-02-20T04:03:00+00:00,2945.44,2902.66,0.03,88.36319999999999,17.672639999999998,5,2888.56,2905.1299999999997,1.8851677200000043,1.7252057683746373,exchange_guard_proxy_touch,False,-1.2834000000000059,0.10526579999999999,-0.0234250725,0.053017919999999996,-1.4120908725000059,-159.8053117700588,1,True
ETHUSDT,long,2910e33b4084a3aa59d8e6cf9a0061f3cfaaa1ab089a92eb66b6df2e1c94722a,ETHUSDT|long|confirmed_volume,1708405860000,1708420620000,2024-02-20T05:11:00+00:00,2024-02-20T09:17:00+00:00,2932.66,2902.66,0.06,175.9596,35.191919999999996,5,2905.1299999999997,2905.1299999999997,2.0100715200000003,1.7430836990294023,exchange_guard_proxy_touch,False,-1.7999999999999998,0.21007151999999998,-0.01753992,0.10557575999999998,-2.02761144,-115.23164635518607,1,True
BTCUSDT,long,3648d473859a1f7bc51d09e2e8c5f5852465ab48513570db4d1738d197c7b987,BTCUSDT|long|high_volume,1708423860000,1708442940000,2024-02-20T10:11:00+00:00,2024-02-20T15:29:00+00:00,52019.9,51540.9,0.0035,182.06965,36.41393,5,51533.0,51584.8,2.075168899999985,3.148367556235338,exchange_guard_proxy_touch,False,-1.6765,0.21747768,0.0,0.10924178999999999,-1.89397768,-104.02489816397187,1,True
ETHUSDT,long,2ab20bc69011e52ecdad6a21f129186ab10a3b71f254e54748cc28c98b533131,ETHUSDT|long|high_volume,1708459260000,1708490160000,2024-02-20T20:01:00+00:00,2024-02-21T04:36:00+00:00,2989.81,2987.94,0.01,29.8981,5.97962,5,2884.99,2990.49,1.1080340399999975,2.090552736992945,exchange_guard_proxy_touch,False,-0.01869999999999891,0.035866499999999996,-0.0061306893179999995,0.017938859999999997,-0.060697189317998904,-20.30135336961175,1,True
BTCUSDT,long,b722d34cf6053e0c303ee6931e23e8ba15e3443739883deef761d8d234ba1c21,BTCUSDT|long|high_volume,1708556460000,1708608000000,2024-02-21T23:01:00+00:00,2024-02-22T13:20:00+00:00,51624.100000000006,51133.100000000006,0.0022,113.57302000000001,22.714604,5,50787.9,51176.700000000004,2.0698068160000034,2.9464601547322373,exchange_guard_proxy_touch,False,-1.0802,0.135639504,-0.026792917536,0.06814381200000001,-1.242632421536,-109.41264232790498,1,True
ETHUSDT,long,da497955333aa113279a7496da4d81056b18c2f28660ffe2c1a070288002cbd7,ETHUSDT|long|high_volume,1708551060000,1708656600000,2024-02-21T21:31:00+00:00,2024-02-23T02:50:00+00:00,2927.23,2966.58,0.04,117.0892,23.41784,5,2885.99,2969.1099999999997,1.8874582399999926,5.189048380899932,exchange_guard_proxy_touch,False,1.5739999999999963,0.14145143999999998,-0.047706920000000014,0.07025352,1.3848416399999963,118.27236329225892,1,True
BTCUSDT,long,f1b4e3d4a3e98101a3a38a9a4126ae598b00a01b607cf7ec4bacf5f2f977491c,BTCUSDT|long|high_volume,1708616160000,1708656840000,2024-02-22T15:36:00+00:00,2024-02-23T02:54:00+00:00,51717.700000000004,51160.0,0.0032,165.49664,33.099328,5,51176.700000000004,51203.6,2.0681935359999954,3.6683549474582846,exchange_guard_proxy_touch,False,-1.784640000000014,0.19752518400000002,-0.03716758112,0.099297984,-2.019332765120014,-122.01654155153928,1,True
BTCUSDT,long,6c96b411847cc6e0ae9544a92df7f0f222609e8fc2865d0eab08a5d96f0d8417,BTCUSDT|long|high_volume,1708826760000,1708875900000,2024-02-25T02:06:00+00:00,2024-02-25T15:45:00+00:00,51895.100000000006,51506.0,0.0022,114.16922000000002,22.833844000000006,5,51053.200000000004,51549.9,2.0834944680000063,7.22479257447013,exchange_guard_proxy_touch,False,-0.8560200000000129,0.136489452,-0.017093440821600005,0.068501532,-1.0096028928216128,-88.4303924316565,1,True
ETHUSDT,long,b7102c90d095cdcf0605e8b8e906eefe7b44789529f385163599b02eb5d34253,ETHUSDT|long|high_volume,1708745460000,1708938960000,2024-02-24T03:31:00+00:00,2024-02-26T09:16:00+00:00,2928.15,3084.38,0.07,204.97050000000002,40.9941,5,2906.99,3087.0099999999998,1.8997717199999913,2.7035650345624926,exchange_guard_proxy_touch,False,10.936100000000001,0.25252626000000006,-0.33152678972000005,0.1229823,10.352046950280002,505.05057802366684,1,True
ETHUSDT,long,2d2fda6ebc4d37370e4521bedb6a9632fc08fe60046afc6978114c2bb4688a9e,ETHUSDT|long|high_volume,1708960260000,1709050200000,2024-02-26T15:11:00+00:00,2024-02-27T16:10:00+00:00,3123.14,3202.52,0.02,62.4628,12.492560000000001,5,3039.41,3205.25,1.8003195199999942,3.8799549066557755,exchange_guard_proxy_touch,False,1.5876000000000021,0.07590792,-0.09301793181000001,0.03747767999999999,1.4186741481900023,227.12304734818198,1,True
ETHUSDT,long,2209e4201f9898b690170724faf4d396ae03715d18ef0b710719f668b645d007,ETHUSDT|long|high_volume,1709105460000,1709141460000,2024-02-28T07:31:00+00:00,2024-02-28T17:31:00+00:00,3278.23,3277.2000000000003,0.04,131.1292,26.225839999999998,5,3233.04,3279.99,2.0738044800000024,4.09343738263194,exchange_guard_proxy_touch,False,-0.041199999999989814,0.15733032,-0.10075415014000001,0.07867752,-0.2992844701399898,-22.823632733211962,1,True
BTCUSDT,long,c12dcbc7f4fff5db5928fd94bac1e8b4131bb1120acc7fb2cc02ca565c5d5766,BTCUSDT|long|high_volume,1709062560000,1709213340000,2024-02-27T19:36:00+00:00,2024-02-29T13:29:00+00:00,57257.8,62098.100000000006,0.0019,108.78982,21.757964,5,56230.9,62151.0,2.1712526259999945,3.2741596679744798,exchange_guard_proxy_touch,False,9.196570000000005,0.136065726,-0.2903276817076,0.065273892,8.770176592292405,806.1578364862083,1,True
BTCUSDT,long,ce98b62784ea3c830d8207f2be9434a69b5c077a617f9a2f7d1912fe7c9cc73d,BTCUSDT|long|confirmed_volume,1709215860000,1709224740000,2024-02-29T14:11:00+00:00,2024-02-29T16:39:00+00:00,63213.8,62098.100000000006,0.0019,120.10622000000001,24.021244000000003,5,62151.0,62151.0,2.2626855659999943,1.8659027882914654,exchange_guard_proxy_touch,False,-2.1198299999999946,0.142855566,-0.0680592498599,0.072063732,-2.330744815859895,-194.05696190088196,1,True
BTCUSDT,long,8315e73eb34a11160f39bed7cb9b0f1c6c3c44d95f22365a0f17a7b081017541,BTCUSDT|long|high_volume,1709253060000,1709303820000,2024-03-01T00:31:00+00:00,2024-03-01T14:37:00+00:00,61780.4,61822.3,0.0017000000000000001,105.02668000000001,21.005336000000003,5,60619.6,61874.9,2.1858753680000027,3.089849985517365,exchange_guard_proxy_touch,False,0.07123000000000249,0.126074754,-0.0677579536872,0.063016008,-0.12260270768719753,-11.67348217492903,1,True
ETHUSDT,long,2ac4aa7bebb8947bb8de07dc096d32707d7504638be6739aadbc353e109b0b2e,ETHUSDT|long|confirmed_volume,1709295660000,1709304000000,2024-03-01T12:21:00+00:00,2024-03-01T14:40:00+00:00,3431.6,3398.65,0.02,68.632,13.726400000000002,5,3355.2299999999996,3401.5499999999997,1.6660076400000003,1.6027392249402945,exchange_guard_proxy_touch,False,-0.6589999999999964,0.081963,0.0,0.0411792,-0.7409629999999964,-107.96173796479724,1,True
ETHUSDT,long,60edcbdfad011498d428906ee3b3ce4c7d99efda80e64500817c1cc8c4dabf11,ETHUSDT|long|high_volume,1709426460000,1709450580000,2024-03-03T00:41:00+00:00,2024-03-03T07:23:00+00:00,3433.79,3402.19,0.06,206.0274,41.20548,5,3405.0899999999997,3405.0899999999997,2.1420952799999946,3.8830088213540512,exchange_guard_proxy_touch,False,-1.8959999999999946,0.24609527999999997,0.0,0.12361643999999998,-2.1420952799999946,-103.97137856421013,1,True
BTCUSDT,long,8a8c3495bb560473d4b4d8372bbcddcf9cb890365d6ad2b9e8612334940a0023,BTCUSDT|long|high_volume,1709538060000,1709654880000,2024-03-04T07:41:00+00:00,2024-03-05T16:08:00+00:00,64178.100000000006,65544.1,0.0011,70.59591000000002,14.119182000000004,5,62298.9,65599.9,2.208859840000005,2.7261488497970228,exchange_guard_proxy_touch,False,1.5026000000000002,0.085616652,-0.2416056214044,0.042357546,1.1753777265956002,166.4937425688825,1,True
ETHUSDT,long,97b65f9e50ae877134997839aafcc3e35acf3a2a6ed1a91f96a214c80b2a50ff,ETHUSDT|long|confirmed_volume,1709538060000,1709658180000,2024-03-04T07:41:00+00:00,2024-03-05T17:03:00+00:00,3485.34,3652.88,0.03,104.5602,20.912039999999998,5,3420.2099999999996,3655.99,2.1654475199999985,1.7842024099370952,exchange_guard_proxy_touch,False,5.0261999999999984,0.12848795999999998,-0.331867063779,0.06273611999999999,4.5658449762209985,436.6714080712354,1,True
ETHUSDT,long,195c4b36388a9f81af4b6afac8d72fa67661e05309f196abf40d8e9384a10d80,ETHUSDT|long|high_volume,1709701260000,1709737440000,2024-03-06T05:01:00+00:00,2024-03-06T15:04:00+00:00,3671.96,3757.79,0.01,36.7196,7.34392,5,3500.99,3760.99,1.7825198199999983,4.785889253851783,exchange_guard_proxy_touch,False,0.8582999999999993,0.0445785,-0.01453862257,0.02203176,0.7991828774299993,217.6447666722947,1,True
ETHUSDT,long,328c62a16a5148290c05758fde2ad010a0dcf09c726ea716e3b632a891d3946d,ETHUSDT|long|high_volume,1709744460000,1709790240000,2024-03-06T17:01:00+00:00,2024-03-07T05:44:00+00:00,3810.13,3757.79,0.04,152.4052,30.48104,5,3760.99,3760.99,2.275230080000006,2.4861076784620812,exchange_guard_proxy_touch,False,-2.0936000000000057,0.18163007999999997,-0.054581629060000005,0.09144311999999999,-2.3298117090600057,-152.86956803704896,1,True
BTCUSDT,long,fcbdbd5b7c434df7937971388ec82a09fac52f939437b2d852ddce2813a5fdd4,BTCUSDT|long|high_volume,1709701260000,1709913720000,2024-03-06T05:01:00+00:00,2024-03-08T16:02:00+00:00,64714.600000000006,66761.2,0.0011,71.18606000000001,14.237212000000003,5,62829.200000000004,66818.0,2.2169335980000016,5.100131646355487,exchange_guard_proxy_touch,False,2.2512599999999905,0.08677402799999999,-0.25781181285750004,0.042711636000000004,1.9066741591424907,267.8437546820951,1,True
ETHUSDT,long,c0cbb2fa448a279768aa123f5f3360a166d5332e95d9d65a13cf6fd826c574f5,ETHUSDT|long|high_volume,1709809560000,1709913720000,2024-03-07T11:06:00+00:00,2024-03-08T16:02:00+00:00,3819.01,3879.79,0.02,76.3802,15.27604,5,3736.43,3883.1,1.8058271200000044,2.5757321357113976,exchange_guard_proxy_touch,False,1.215599999999995,0.0923856,-0.15071208594200003,0.04582812,0.9725023140579948,127.32387635250952,1,True
ETHUSDT,long,8ba0dc709057e2f39ba546911c90603e4c6e14ef401d8042b89f563959e3fac6,ETHUSDT|long|confirmed_volume,1709920260000,1709937660000,2024-03-08T17:51:00+00:00,2024-03-08T22:41:00+00:00,3971.87,3883.4500000000003,0.02,79.4374,15.88748,5,3883.1,3886.7599999999998,1.9358199199999986,1.978289670553363,exchange_guard_proxy_touch,False,-1.7683999999999924,0.09426383999999999,0.0,0.04766243999999999,-1.8626638399999924,-234.48197448556883,1,True
ETHUSDT,long,406f0a2988e92a3994538ed4691abec1544e19aedd3142ec94bcf4c6c50638c3,ETHUSDT|long|high_volume,1709991660000,1710002220000,2024-03-09T13:41:00+00:00,2024-03-09T16:37:00+00:00,3929.48,3886.69,0.04,157.1792,31.435840000000002,5,3890.0,3890.0,1.8991880799999985,3.0169079975169732,exchange_guard_proxy_touch,False,-1.7115999999999987,0.18758808,-0.055664129816,0.09430752,-1.9548522098159988,-124.37092247676529,1,True
BTCUSDT,long,e7cbf37b280d35dc70fdb787f18b0161675044a2a9dc44c762eea286e1d15014,BTCUSDT|long|high_volume,1709954460000,1710079080000,2024-03-09T03:21:00+00:00,2024-03-10T13:58:00+00:00,68365.5,69168.3,0.0033,225.60614999999999,45.12123,5,67819.9,69227.2,2.2604228460000093,2.1963367579663386,exchange_guard_proxy_touch,False,2.6492400000000096,0.27231692399999996,-0.34542974986409997,0.13536368999999998,2.0314933261359096,90.04600832627611,1,True
BTCUSDT,long,72a42ba54ee9fa99a171b835f9189a64a18cc257c52d1e84103258760eb998d5,BTCUSDT|long|high_volume,1710087660000,1710097500000,2024-03-10T16:21:00+00:00,2024-03-10T19:05:00+00:00,69743.40000000001,69168.3,0.0034000000000000002,237.12756000000005,47.42551200000001,5,69227.2,69227.2,2.23871986800002,3.925684667825839,exchange_guard_proxy_touch,False,-1.9553400000000198,0.28337986800000003,0.0,0.142276536,-2.23871986800002,-94.4099398652784,1,True
ETHUSDT,long,3c89bc4479821c3e3301eae7d1f74d090a7a4d2f9c33666fd9a7e5074f60a383,ETHUSDT|long|high_volume,1710151260000,1710172920000,2024-03-11T10:01:00+00:00,2024-03-11T16:02:00+00:00,4045.65,4013.98,0.01,40.4565,8.0913,5,3871.45,4017.3999999999996,1.8224828,5.1901411392805805,exchange_guard_proxy_touch,False,-0.31670000000000076,0.048357779999999996,-0.025851428424,0.0242739,-0.3909092084240008,-96.62457415347369,1,True
BTCUSDT,long,81d05116cf216e43eb391fe82e0597107b0c15b33b21e6b2eb44c3b974bc6f81,BTCUSDT|long|high_volume,1710157560000,1710213660000,2024-03-11T11:46:00+00:00,2024-03-12T03:21:00+00:00,72315.2,71738.8,0.0005,36.1576,7.231520000000001,5,68502.29999999999,71799.9,1.9778277599999985,8.092727885015647,exchange_guard_proxy_touch,False,-0.28819999999999707,0.043216199999999996,-0.039966330039,0.021694559999999995,-0.37138253003899707,-102.7121628755772,1,True
ETHUSDT,long,04b1574e1bfa2b9b07755f457ee6928989f8349eb628cd27d5cb87c312b18322,ETHUSDT|long|high_volume,1710181260000,1710215700000,2024-03-11T18:21:00+00:00,2024-03-12T03:55:00+00:00,4079.6600000000003,4028.36,0.03,122.38980000000001,24.477960000000003,5,4017.3999999999996,4031.79,2.116085520000009,3.848313284758111,exchange_guard_proxy_touch,False,-1.5390000000000055,0.14594436,-0.083168050536,0.07343387999999999,-1.7681124105360055,-144.46566711735827,1,True
BTCUSDT,long,9da11e0ba0f65b1d760a72dd1f42ca0de614d4bf9cb479d5417934b6f12a62b9,BTCUSDT|long|high_volume,1710241860000,1710255600000,2024-03-12T11:11:00+00:00,2024-03-12T15:00:00+00:00,72298.1,71377.6,0.0022,159.05582,31.811164,5,71438.4,71438.4,2.214751924,2.0133696674658963,exchange_guard_proxy_touch,False,-2.0251,0.18965192400000003,0.0,0.09543349200000001,-2.214751924,-139.2436896681932,1,True
ETHUSDT,long,63441cbe37f07619b5ae3697be733f0932f06c73a1b04a9aa1f9f425b61aa706,ETHUSDT|long|high_volume,1710285660000,1710391920000,2024-03-12T23:21:00+00:00,2024-03-14T04:52:00+00:00,3968.01,3952.2400000000002,0.04,158.7204,31.744080000000004,5,3929.5899999999997,3955.6099999999997,1.8602619999999994,2.6439257818644095,exchange_guard_proxy_touch,False,-0.6307999999999993,0.19008599999999998,-0.308025462148,0.09523224,-1.1289114621479992,-71.12579492919619,1,True
ETHUSDT,long,edb8ab263a426c134d6eb723528bdd7c07a03c456a892c532f4c4dd567e93741,ETHUSDT|long|confirmed_volume,1710397560000,1710414480000,2024-03-14T06:26:00+00:00,2024-03-14T11:08:00+00:00,3996.26,3952.2400000000002,0.04,159.8504,31.970080000000003,5,3955.6099999999997,3955.6099999999997,1.9515639999999994,1.9283879491934202,exchange_guard_proxy_touch,False,-1.7607999999999993,0.190764,-0.07991273528,0.09591024,-2.031476735279999,-127.08612147858243,1,True
BTCUSDT,long,4f8bb35605df28c2178a43eb2dc76f4a1c00bf2a51f45f83363b74297495a97d,BTCUSDT|long|high_volume,1710293460000,1710414900000,2024-03-13T01:31:00+00:00,2024-03-14T11:15:00+00:00,72116.2,72658.0,0.0023,165.86726,33.173452,5,71299.9,72719.9,2.214930452,4.020945189869519,exchange_guard_proxy_touch,False,1.2461400000000067,0.199788396,-0.29033746989490006,0.09952035599999998,0.7560141341051066,45.5794672260883,1,True
BTCUSDT,long,28a6ef26178a2dca03bf2baf99814c0d7714a6b63bd31d2a74d23e7fc9ed916e,BTCUSDT|long|high_volume,1710542460000,1710584340000,2024-03-15T22:41:00+00:00,2024-03-16T10:19:00+00:00,68868.40000000001,68587.5,0.0015,103.30260000000001,20.66052,5,67567.9,68645.9,2.15974092,2.598983175121288,exchange_guard_proxy_touch,False,-0.4213500000000131,0.12371031,-0.034617489306,0.061981560000000005,-0.579677799306013,-56.114541096353136,1,True
ETHUSDT,long,a00685cf2caccdefdfba55c03ea7f2806acc0d40d5528513ddc79bf98c6a4753,ETHUSDT|long|high_volume,1710542760000,1710587580000,2024-03-15T22:46:00+00:00,2024-03-16T11:13:00+00:00,3709.02,3689.75,0.03,111.2706,22.25412,5,3661.8199999999997,3692.89,1.6422189599999912,3.824127332357313,exchange_guard_proxy_touch,False,-0.5780999999999994,0.13317786,-0.052056592368000004,0.06676235999999999,-0.7633344523679993,-68.60162993351338,1,True
ETHUSDT,long,cfa623738a59c2a24e690e01d45ad462057bddfc5f64cb4e2052bcda516500fc,ETHUSDT|long|high_volume,1710698160000,1710720480000,2024-03-17T17:56:00+00:00,2024-03-18T00:08:00+00:00,3647.11,3624.16,0.01,36.4711,7.29422,5,3531.7599999999998,3627.25,1.2266551600000013,2.347075471470205,exchange_guard_proxy_touch,False,-0.22950000000000273,0.04362762,-0.0063107514960000005,0.02188266,-0.27943837149600276,-76.61912349668718,1,True
ETHUSDT,long,30b70f9f73e3e13016042d006095ce10e31f05296023c177f49e3a39d3b7807b,ETHUSDT|long|confirmed_volume,1710761460000,1710767340000,2024-03-18T11:31:00+00:00,2024-03-18T13:09:00+00:00,3615.33,3576.94,0.05,180.7665,36.1533,5,3579.99,3579.99,2.1352680999999936,1.674082810714939,exchange_guard_proxy_touch,False,-1.9194999999999938,0.2157681,0.0,0.1084599,-2.1352680999999936,-118.12299845380608,1,True
BTCUSDT,long,c9d0b1c7ba53c55be114922049bb605e8a206db667d15b23adeea26bc08c706c,BTCUSDT|long|confirmed_volume,1710761160000,1710769620000,2024-03-18T11:26:00+00:00,2024-03-18T13:47:00+00:00,68466.1,67293.2,0.0017000000000000001,116.39237000000001,23.278474000000003,5,67350.5,67350.5,2.132404486000015,1.524869085613361,exchange_guard_proxy_touch,False,-1.993930000000015,0.13847448599999998,0.0,0.069835422,-2.132404486000015,-183.20827095453205,1,True
BTCUSDT,long,d2c80314c10014debed2bc44cb05d0c0e287b51d052b1e128dfa743c57ddb074,BTCUSDT|long|high_volume,1710778860000,1710780660000,2024-03-18T16:21:00+00:00,2024-03-18T16:51:00+00:00,68018.5,67293.2,0.0026000000000000003,176.84810000000002,35.369620000000005,5,67350.5,67350.5,2.096866252000008,2.156433958897032,exchange_guard_proxy_touch,False,-1.8857800000000078,0.21108625200000003,0.0,0.10610886,-2.096866252000008,-118.56877467159714,1,True
BTCUSDT,long,6883c7be8eefacf888995331f2d0f5ba2372ca2c00ea617c5f5f1330b46e60b7,BTCUSDT|long|high_volume,1710961260000,1711029300000,2024-03-20T19:01:00+00:00,2024-03-21T13:55:00+00:00,65554.5,66638.8,0.0005,32.77725,6.55545,5,62057.6,66695.5,1.8131177899999986,2.4981546298502555,exchange_guard_proxy_touch,False,0.5421500000000015,0.03965798999999999,-0.010000500282,0.01966635,0.49249150971800143,150.2540663777472,1,True
ETHUSDT,long,9dfff2a9742e0d02a4641fd14fb05a682ddb628e88a1fc5b1e10e2426fb467ad,ETHUSDT|long|high_volume,1711008660000,1711044660000,2024-03-21T08:11:00+00:00,2024-03-21T18:11:00+00:00,3548.01,3447.05,0.02,70.9602,14.19204,5,3449.99,3449.99,2.1031407200000007,3.029030551224643,exchange_guard_proxy_touch,False,-2.0192000000000005,0.08394072,-0.012423009852,0.04257612,-2.115563729852001,-298.13384543053724,1,True
ETHUSDT,long,48dd6a3578bea79638091ca108d1266c68ded2662e4a825fc68f2613d047ef6d,ETHUSDT|long|confirmed_volume,1711087260000,1711102020000,2024-03-22T06:01:00+00:00,2024-03-22T10:07:00+00:00,3535.44,3452.2200000000003,0.02,70.7088,14.14176,5,3455.16,3455.16,1.748251919999996,1.7679088291470737,exchange_guard_proxy_touch,False,-1.664399999999996,0.08385192,-0.016389659202,0.04242528,-1.7646415792019963,-249.564633992091,1,True
BTCUSDT,long,c646a3930b12ab71fb6164e0ff3d524185c41d9467649d2cab142bee5a5e9407,BTCUSDT|long|high_volume,1711086960000,1711102500000,2024-03-22T05:56:00+00:00,2024-03-22T10:15:00+00:00,66394.3,65107.5,0.0015,99.59145000000001,19.918290000000002,5,65162.9,65162.9,2.0485516200000045,2.288320777031746,exchange_guard_proxy_touch,False,-1.9302000000000044,0.11835161999999998,-0.009933495000000002,0.059754869999999995,-2.0584851150000043,-206.69295556998156,1,True
BTCUSDT,long,88db9dcc081094d368c404270002f74826fc509577d4a1f809fbcae4ce2cae03,BTCUSDT|long|confirmed_volume,1711189560000,1711235340000,2024-03-23T10:26:00+00:00,2024-03-23T23:09:00+00:00,64741.200000000004,64658.4,0.0011,71.21532,14.243064,5,63020.1,64713.5,2.036457082000005,1.8198127729872473,exchange_guard_proxy_touch,False,-0.0910800000000032,0.085403736,-0.007743810848400001,0.042729192000000006,-0.1842275468484032,-25.869089242090492,1,True
ETHUSDT,long,9939c69b4f9b7931c73ba3ee26f0ebdbe0d4db83eb13e5c58a8f09420dd8fd32,ETHUSDT|long|high_volume,1711188360000,1711238160000,2024-03-23T10:06:00+00:00,2024-03-23T23:56:00+00:00,3365.63,3327.23,0.02,67.3126,13.462520000000001,5,3271.37,3330.0699999999997,2.0206105200000035,2.403482091761671,exchange_guard_proxy_touch,False,-0.7680000000000018,0.08031432000000001,-0.009477161496,0.040387559999999996,-0.8577914814960018,-127.43401406215207,1,True
BTCUSDT,long,ccf6895b3c7afae2af63943d7428142fa9477b5dd5eebcd23bac6bf39b9a1c5f,BTCUSDT|long|high_volume,1711277460000,1711460160000,2024-03-24T10:51:00+00:00,2024-03-26T13:36:00+00:00,65323.9,70242.5,0.0014,91.45346,18.290692,5,64060.8,70302.29999999999,1.9532773679999982,3.1528781931304235,exchange_guard_proxy_touch,False,6.886039999999998,0.113875776,-0.12174768630919998,0.05487207599999999,6.6504165376907975,727.1913536886191,1,True
ETHUSDT,long,dbd11519865b0c10fa821d77a7ba18a399a17ce53ece86c75b972ec686a6a4db,ETHUSDT|long|high_volume,1711311360000,1711463340000,2024-03-24T20:16:00+00:00,2024-03-26T14:29:00+00:00,3409.87,3565.02,0.02,68.1974,13.63948,5,3334.2999999999997,3568.06,1.649095959999997,3.48868189221173,exchange_guard_proxy_touch,False,3.103000000000002,0.08369867999999998,-0.079184981472,0.04091843999999999,2.9401163385280022,431.11853802754973,1,True
BTCUSDT,long,44803de73514a527fa0c79a73b83e2f8eee95a741f541e2542a7036425de81ad,BTCUSDT|long|high_volume,1711494060000,1711523760000,2024-03-26T23:01:00+00:00,2024-03-27T07:16:00+00:00,70366.6,70027.5,0.0019,133.69654,26.739308,5,69419.9,70087.09999999999,2.0703092360000057,2.7856114743511275,exchange_guard_proxy_touch,False,-0.644290000000011,0.160049274,-0.0382709601286,0.080217924,-0.842610234128611,-63.024086796009165,1,True
BTCUSDT,long,567050db0ae2272cd404713963020debd55d62d8f3548240f859d879cca6fef9,BTCUSDT|long|high_volume,1711603560000,1711682400000,2024-03-28T05:26:00+00:00,2024-03-29T03:20:00+00:00,69989.5,70532.1,0.0017000000000000001,118.98215,23.79643,5,68940.9,70592.2,2.023889235999995,2.004287488974171,exchange_guard_proxy_touch,False,0.92242000000001,0.143332032,-0.09347954694300001,0.07138929,0.68560842105701,57.62279644946826,1,True
ETHUSDT,long,c41f9feb2e3be81856ab6e6cb5e4d24c6816bc2d760b99390f90f9b8b27eedd7,ETHUSDT|long|high_volume,1711675560000,1711697820000,2024-03-29T01:26:00+00:00,2024-03-29T07:37:00+00:00,3583.73,3549.4700000000003,0.04,143.3492,28.66984,5,3545.39,3552.49,1.8254264000000051,2.7471819767206624,exchange_guard_proxy_touch,False,-1.3703999999999905,0.17119679999999998,0.0,0.08600951999999999,-1.5415967999999904,-107.54136053776305,1,True
BTCUSDT,long,60f8a3632ff4ba01ff4939e0bcaf83fa083d6f7abc5a260a43c04e359798bca6,BTCUSDT|long|confirmed_volume,1711760460000,1711825500000,2024-03-30T01:01:00+00:00,2024-03-30T19:05:00+00:00,70027.6,69812.8,0.0025,175.06900000000002,35.0138,5,69326.9,69872.2,2.1081932499999927,1.7559654971688623,exchange_guard_proxy_touch,False,-0.5370000000000072,0.20976060000000002,-0.116572578835,0.1050414,-0.8633331788350074,-49.313880746163356,1,True
ETHUSDT,long,1680ebd0e607298153703bf81406588ad951cf8277041a6b11eeb4a71f5b20d9,ETHUSDT|long|high_volume,1711775160000,1711826160000,2024-03-30T05:06:00+00:00,2024-03-30T19:16:00+00:00,3533.9300000000003,3491.0,0.03,106.01790000000001,21.203580000000002,5,3477.7599999999998,3493.97,1.9000571400000033,4.258425715464741,exchange_guard_proxy_touch,False,-1.2879000000000087,0.12644874,-0.07406728701599999,0.06361074,-1.4884160270160087,-140.39289846488268,1,True
BTCUSDT,long,cde0bab1b98cfbadea307fdf104faedde49f22d1bdbef98ce0a0bdb99f3e4e4f,BTCUSDT|long|high_volume,1711873560000,1711942080000,2024-03-31T08:26:00+00:00,2024-04-01T03:28:00+00:00,70516.6,70650.7,0.0023,162.18818000000002,32.437636000000005,5,69790.29999999999,70710.9,2.0006515499999935,5.738769728365578,exchange_guard_proxy_touch,False,0.3084299999999799,0.19481087399999997,-0.1804568902316,0.09731290799999999,-0.06683776423162008,-4.121000940489009,1,True
ETHUSDT,long,73e27748f39f0e130ab4213bb91b929de1a864f61d8ab249590848683c45f2cc,ETHUSDT|long|high_volume,1712153160000,1712168520000,2024-04-03T14:06:00+00:00,2024-04-03T18:22:00+00:00,3352.34,3288.23,0.03,100.5702,20.11404,5,3291.0299999999997,3291.0299999999997,2.0428302600000037,5.886016044117753,exchange_guard_proxy_touch,False,-1.9233000000000038,0.11953025999999997,-0.00999234,0.06034211999999999,-2.052822600000004,-204.11837701426506,1,True
ETHUSDT,long,331a9589147ca0e97f0b3d5b2a26acc61b705a0c1117dc9c3edb9dc45d68756c,ETHUSDT|long|confirmed_volume,1712191860000,1712197620000,2024-04-04T00:51:00+00:00,2024-04-04T02:27:00+00:00,3333.94,3287.23,0.04,133.3576,26.671519999999997,5,3290.0299999999997,3290.0299999999997,2.0273080800000014,1.6577192884729373,exchange_guard_proxy_touch,False,-1.8684000000000014,0.15890807999999998,0.0,0.08001456,-2.0273080800000014,-152.02043828023312,1,True
BTCUSDT,long,9e93709d5a3cfb83ce6ec673bb95a1684a478b37ce437c0775e20c11e8fd9a2f,BTCUSDT|long|high_volume,1712191860000,1712197980000,2024-04-04T00:51:00+00:00,2024-04-04T02:33:00+00:00,66381.6,65444.3,0.002,132.7632,26.552640000000004,5,65500.0,65500.0,2.0327910800000057,2.2312595743248176,exchange_guard_proxy_touch,False,-1.8746000000000058,0.15819108000000004,0.0,0.07965792000000001,-2.0327910800000057,-153.11404666353368,1,True
ETHUSDT,long,701eca8d38a8ceab134fe9d4b35ab5b03a194dee5de7182f2f0d3dc3571b6d51,ETHUSDT|long|confirmed_volume,1712211060000,1712261400000,2024-04-04T06:11:00+00:00,2024-04-04T20:10:00+00:00,3309.6,3287.23,0.07,231.67200000000003,46.3344,5,3290.0299999999997,3290.0299999999997,1.8429668599999924,1.9579339734178378,exchange_guard_proxy_touch,False,-1.5658999999999925,0.27706686,-0.04683637000000001,0.1390032,-1.8898032299999927,-81.57236221899896,1,True
BTCUSDT,long,4f97548bfbbe484ab653afdfdc7cbe3395d0f3e0f6f6ec2d455f5a395a22110b,BTCUSDT|long|high_volume,1712253060000,1712294100000,2024-04-04T17:51:00+00:00,2024-04-05T05:15:00+00:00,68467.40000000001,67362.7,0.0008,54.77392000000001,10.954784000000002,5,66117.5,67420.09999999999,1.9894537760000048,4.426925379831781,exchange_guard_proxy_touch,False,-0.8837600000000093,0.065198448,-0.005479184000000001,0.032864352000000006,-0.9544376320000093,-174.25037901249522,1,True
ETHUSDT,long,d60f6820b1be98c551a9a4d13cc50e25547102feac16f0861ba2c664f87194ea,ETHUSDT|long|confirmed_volume,1712290260000,1712294100000,2024-04-05T04:11:00+00:00,2024-04-05T05:15:00+00:00,3320.7000000000003,3274.75,0.04,132.828,26.5656,5,3277.54,3277.54,1.996290800000011,1.643148892401165,exchange_guard_proxy_touch,False,-1.838000000000011,0.1582908,0.0,0.0796968,-1.996290800000011,-150.2914144608073,1,True
ETHUSDT,long,3762af67f74431cb8ccb4a208e8121f8262a1058de7302bb22c75a41f03c800b,ETHUSDT|long|high_volume,1712466660000,1712511180000,2024-04-07T05:11:00+00:00,2024-04-07T17:33:00+00:00,3404.51,3374.87,0.03,102.1353,20.42706,5,3345.5,3377.75,1.9772488800000037,9.299641557211647,exchange_guard_proxy_touch,False,-0.8892000000000098,0.12202884,-0.02033508,0.06128118,-1.0315639200000097,-100.99974445661879,1,True
BTCUSDT,long,15c6971961e28c1d41f0e9f2cb05764e0334334812b561a9f8b4fd6b30bef252,BTCUSDT|long|high_volume,1712324160000,1712519520000,2024-04-05T13:36:00+00:00,2024-04-07T19:52:00+00:00,67192.8,69139.3,0.002,134.3856,26.87712,5,66388.29999999999,69198.2,1.8822295199999999,2.402123571266186,exchange_guard_proxy_touch,False,3.8930000000000002,0.16359851999999997,-0.09598832,0.08063136,3.6334131600000004,270.3722095224488,1,True
BTCUSDT,long,c48dcfd428df7d38570a23b613e91b2238df6c30deccf66e5bb9617c65508075,BTCUSDT|long|high_volume,1712562060000,1712622360000,2024-04-08T07:41:00+00:00,2024-04-09T00:26:00+00:00,70820.1,71491.5,0.0009000000000000001,63.738090000000014,12.747618000000003,5,68900.79999999999,71552.4,1.855527642000008,14.583981811585806,exchange_guard_proxy_touch,False,0.6042599999999948,0.07684826400000001,-0.042603554806200004,0.03824285400000001,0.4848081811937948,76.06255242254588,1,True
ETHUSDT,long,c0445378c1b1a6e5a71e174d2cb9e3096ea4e68b90e1097d2b3ea8d09057a27d,ETHUSDT|long|high_volume,1712521260000,1712644620000,2024-04-07T20:21:00+00:00,2024-04-09T06:37:00+00:00,3401.44,3664.17,0.06,204.0864,40.81728,5,3377.75,3667.29,1.8381471600000097,4.599118886513037,exchange_guard_proxy_touch,False,15.7638,0.25436196,-0.166220523456,0.12245183999999999,15.343217516544,751.8000962604074,1,True
BTCUSDT,long,5001c8a6400adf057cbfd5224b3ac64cc3974fb8a559ffa0893404f416b60ccb,BTCUSDT|long|high_volume,1712726160000,1712752260000,2024-04-10T05:16:00+00:00,2024-04-10T12:31:00+00:00,69436.40000000001,68455.6,0.002,138.8728,27.77456,5,68513.9,68513.9,2.127070400000006,2.1738372192819337,exchange_guard_proxy_touch,False,-1.9616000000000058,0.1654704,-0.017285731824000002,0.08332368000000001,-2.1443561318240056,-154.41152852279248,1,True
ETHUSDT,long,ad096be86a1ccf4987cf7cd2d19e1407c98ef66d8a36c616d07db8ed6a1c86ac,ETHUSDT|long|confirmed_volume,1712726160000,1712752560000,2024-04-10T05:16:00+00:00,2024-04-10T12:36:00+00:00,3535.79,3464.6,0.02,70.7158,14.14316,5,3467.5499999999997,3467.5499999999997,1.5078046800000011,1.5574419936896042,exchange_guard_proxy_touch,False,-1.423800000000001,0.08400467999999998,-0.010873685592,0.04242947999999999,-1.518678365592001,-214.75799829627906,1,True
BTCUSDT,long,c81e3aae2568af297383a45baad85d8d837a95f7e9aabfced6664d352b6686e3,BTCUSDT|long|high_volume,1712819460000,1712833260000,2024-04-11T07:11:00+00:00,2024-04-11T11:01:00+00:00,71028.0,70361.0,0.0028,198.8784,39.77568,5,70420.9,70420.9,2.10513352,4.270244324496194,exchange_guard_proxy_touch,False,-1.8676,0.23753352,-0.0399451565044,0.11932704,-2.1450786765044,-107.85880600932026,1,True
ETHUSDT,long,d3266086dc3985b3dcaecb9bd4b4ad3dfe0bc3ad833b25905443231c5ba861b3,ETHUSDT|long|high_volume,1712817960000,1712836620000,2024-04-11T06:46:00+00:00,2024-04-11T11:57:00+00:00,3585.46,3522.96,0.03,107.5638,21.51276,5,3525.9599999999996,3525.9599999999996,2.0029515599999996,3.7958731728581445,exchange_guard_proxy_touch,False,-1.875,0.12795156,-0.016653917358000002,0.06453827999999999,-2.019605477358,-187.75884427270142,1,True
ETHUSDT,long,85dfef0dd75bc9c7936bfd942272861d09082b39535c1092137b5864f9826656,ETHUSDT|long|high_volume,1712892660000,1712925420000,2024-04-12T03:31:00+00:00,2024-04-12T12:37:00+00:00,3540.03,3506.46,0.03,106.2009,21.240180000000002,5,3491.5899999999997,3509.45,1.6688157000000092,3.940005685757614,exchange_guard_proxy_touch,False,-1.0071000000000048,0.12683681999999996,-0.01055637,0.06372053999999999,-1.1444931900000046,-107.76680706095753,1,True
BTCUSDT,long,0fc4fc0d53b08f085fd6a23ea60b6fbd5e26875fb251e46dc1c79732ccf557a0,BTCUSDT|long|high_volume,1712887860000,1712925540000,2024-04-12T02:11:00+00:00,2024-04-12T12:39:00+00:00,70505.1,70492.8,0.0024000000000000002,169.21224000000004,33.842448000000005,5,69799.9,70552.79999999999,2.036993664000014,4.130126161274011,exchange_guard_proxy_touch,False,-0.02952000000000699,0.20303697600000004,-0.043566427608,0.10152734400000002,-0.276123403608007,-16.318169631700815,1,True
BTCUSDT,long,19b73a78cb3e56f3dd07a85e7990489cd42f13b0b615c16c29f23dd6fbd05819,BTCUSDT|long|confirmed_volume,1712980860000,1713027660000,2024-04-13T04:01:00+00:00,2024-04-13T17:01:00+00:00,67249.90000000001,67117.8,0.0012000000000000001,80.69988000000002,16.139976000000004,5,65754.5,67174.9,1.9572829200000037,1.958013042342605,exchange_guard_proxy_touch,False,-0.158520000000007,0.09674474400000001,-0.016217916000000002,0.04841992800000001,-0.271482660000007,-33.64102400152353,1,True
ETHUSDT,long,3e06b613dad91a5eae4f4bf9eda6c08b5f5f6007deac278ac9a30baf8d1055e8,ETHUSDT|long|high_volume,1712983560000,1713037920000,2024-04-13T04:46:00+00:00,2024-04-13T19:52:00+00:00,3251.1800000000003,3140.61,0.01,32.5118,6.50236,5,3143.29,3143.29,1.1440507400000017,2.272930141232477,exchange_guard_proxy_touch,False,-1.1057000000000017,0.03835074,-0.0065316800000000015,0.019507080000000003,-1.1505824200000017,-353.8968682140028,1,True
BTCUSDT,long,2f40d1d752d205d95fe36ee201a024b037ecacd52a6d391e85e182ee68d1d663,BTCUSDT|long|high_volume,1713099060000,1713104700000,2024-04-14T12:51:00+00:00,2024-04-14T14:25:00+00:00,64670.100000000006,63795.600000000006,0.0007,45.269070000000006,9.053814000000001,5,62139.200000000004,63849.9,1.861897688000002,3.285490938743603,exchange_guard_proxy_touch,False,-0.61215,0.053955593999999996,0.0,0.027161441999999997,-0.666105594,-147.14364443537275,1,True
BTCUSDT,long,e9ba7970e75c1a32b4f8f8b63ace54bc5c798186dfbf42b5f68123825d83b879,BTCUSDT|long|confirmed_volume,1713112260000,1713114780000,2024-04-14T16:31:00+00:00,2024-04-14T17:13:00+00:00,64623.0,63795.600000000006,0.0022,142.1706,28.43412,5,63849.9,63849.9,1.9897925519999873,1.8755941034773205,exchange_guard_proxy_touch,False,-1.8202799999999872,0.169512552,0.0,0.08530236,-1.9897925519999873,-139.95808922519754,1,True
BTCUSDT,long,6ca9fb000a396c973dbee14015c08528e7d8c727538df73e16007c637ac41b6a,BTCUSDT|long|confirmed_volume,1713160560000,1713192360000,2024-04-15T05:56:00+00:00,2024-04-15T14:46:00+00:00,65427.700000000004,64594.100000000006,0.0008,52.34216000000001,10.468432000000002,5,63299.9,64649.1,1.8071233760000036,1.6399080357473952,exchange_guard_proxy_touch,False,-0.6668799999999989,0.062410464000000006,-0.0009319167927999999,0.031405296,-0.730222380792799,-139.50940901040363,1,True
BTCUSDT,long,bd864d082914349b76f5a64da40350243ac6e8f06b962ee5e5815dcd8ece034a,BTCUSDT|long|high_volume,1713301560000,1713337500000,2024-04-16T21:06:00+00:00,2024-04-17T07:05:00+00:00,63144.5,63578.8,0.0012000000000000001,75.77340000000001,15.154680000000003,5,61679.9,63632.9,1.9103557679999983,2.1698387215494823,exchange_guard_proxy_touch,False,0.5211600000000035,0.09124077600000001,-0.004878014850000001,0.045464040000000004,0.4250412091500035,56.09372275099223,1,True
BTCUSDT,long,515510c91e7189e17b9d882dee70c34f07bd79266efc46cae49c23332e5bac1e,BTCUSDT|long|high_volume,1713429360000,1713489120000,2024-04-18T08:36:00+00:00,2024-04-19T01:12:00+00:00,61452.3,62215.3,0.0029000000000000002,178.21167000000003,35.642334000000005,5,60899.9,62268.3,1.9649826959999916,3.197112240183605,exchange_guard_proxy_touch,False,2.2127000000000003,0.21518162400000002,0.011877541095400002,0.10692700200000002,2.0093959170954006,112.75332962736954,1,True
BTCUSDT,long,642f157316f458af898ca0bd70527db733b0a37724b81074df65d44b55afe85e,BTCUSDT|long|high_volume,1713618360000,1713690900000,2024-04-20T13:06:00+00:00,2024-04-21T09:15:00+00:00,63999.4,64747.9,0.0023,147.19862,29.439724000000002,5,63243.9,64803.0,2.03691150999999,2.9536881439879714,exchange_guard_proxy_touch,False,1.72155,0.177671274,-0.0078840538914,0.08831917199999999,1.5359946721086,104.34844240446004,1,True
BTCUSDT,long,8831e9f137140a8d4a332978e3419260523add4f2855c8069b264d9454518062,BTCUSDT|long|high_volume,1713697860000,1713707580000,2024-04-21T11:11:00+00:00,2024-04-21T13:53:00+00:00,65233.3,64747.9,0.0036000000000000003,234.83988000000002,46.96797600000001,5,64803.0,64803.0,2.0281993920000057,3.5998525937824817,exchange_guard_proxy_touch,False,-1.7474400000000054,0.28075939200000005,0.0,0.140903928,-2.0281993920000057,-86.36520304813669,1,True
BTCUSDT,long,34d786b38bd4ecb88aade92effea14bb5104d809da4fec274362a0ddf6ef05a8,BTCUSDT|long|high_volume,1713744660000,1713857760000,2024-04-22T00:11:00+00:00,2024-04-23T07:36:00+00:00,65106.9,66086.2,0.0022,143.23518,28.647036000000003,5,64322.6,66142.5,2.016574736,2.687272754703318,exchange_guard_proxy_touch,False,2.1544599999999905,0.173174892,-0.0031099721532000008,0.08594110799999999,1.9781751358467905,138.10679302715926,1,True
BTCUSDT,long,2918f6d8a303c181ab3c1ac1b33a96140ef2bb9bfbedba1a64c54adba588faf7,BTCUSDT|long|high_volume,1713917160000,1713963660000,2024-04-24T00:06:00+00:00,2024-04-24T13:01:00+00:00,66646.7,66115.6,0.0023,153.28741,30.657481999999998,5,65924.59999999999,66171.9,1.9727309759999931,5.865292889598429,exchange_guard_proxy_touch,False,-1.2215299999999798,0.18321197399999997,-0.0081202499994,0.09197244599999999,-1.4128622239993798,-92.17079367440417,1,True
BTCUSDT,long,10e1037cb898c22b0ff5625626e0cb89db4e420393b0cc26b5e315fadf1bd373,BTCUSDT|long|high_volume,1714110960000,1714136040000,2024-04-26T05:56:00+00:00,2024-04-26T12:54:00+00:00,64570.8,63938.100000000006,0.0023,148.51284,29.702568000000003,5,63843.9,63992.5,1.9738973519999934,4.379425876792638,exchange_guard_proxy_touch,False,-1.4552099999999932,0.177342282,-0.0010120492084999997,0.089107704,-1.633564331208493,-109.99482140456631,1,True
BTCUSDT,long,21e735f6e11613a63003e17136a668499247e778cfaa56810db3c9dc391cece3,BTCUSDT|long|confirmed_volume,1714140960000,1714142340000,2024-04-26T14:16:00+00:00,2024-04-26T14:39:00+00:00,64662.9,63938.100000000006,0.0025,161.65725,32.331450000000004,5,63992.5,63992.5,2.004901499999989,1.9693505889244198,exchange_guard_proxy_touch,False,-1.8119999999999892,0.19290149999999998,0.0,0.09699435,-2.0049014999999892,-124.02174972047274,1,True
BTCUSDT,long,97ff9952881974d5ad39791d2a2381334c8ea393fe4ee709e70de3f075852c2d,BTCUSDT|long|high_volume,1714224360000,1714235340000,2024-04-27T13:26:00+00:00,2024-04-27T16:29:00+00:00,63179.4,62707.200000000004,0.0036000000000000003,227.44584000000003,45.48916800000001,5,62760.6,62760.6,1.9718350559999898,3.5520098320570295,exchange_guard_proxy_touch,False,-1.6999199999999897,0.27191505600000004,-0.006420196879200001,0.13646750400000002,-1.9782552528791897,-86.97698110808224,1,True
BTCUSDT,long,d3ccb09db60f007fd0a420e9e659c19e3de5b4c8e65d489c00e15c9716ada938,BTCUSDT|long|confirmed_volume,1714262160000,1714342380000,2024-04-27T23:56:00+00:00,2024-04-28T22:13:00+00:00,63544.3,63369.600000000006,0.002,127.08860000000001,25.417720000000003,5,62700.1,63423.6,1.94642932,1.8203342279593606,exchange_guard_proxy_touch,False,-0.34939999999999416,0.15229668000000002,-0.002150822664,0.07625316,-0.5038475026639943,-39.64537359479876,1,True
BTCUSDT,long,8230bce15c3b6ebad4d877817bc960b3ce564e1ea58c3849f13bed8aa9fb37dc,BTCUSDT|long|high_volume,1714438260000,1714455420000,2024-04-30T00:51:00+00:00,2024-04-30T05:37:00+00:00,64371.9,63022.100000000006,0.0009000000000000001,57.93471000000001,11.586942000000002,5,62511.0,63075.8,1.7911780379999989,8.000305536931005,exchange_guard_proxy_touch,False,-1.2148199999999962,0.06879276,0.0,0.034760826,-1.2836127599999962,-221.5619548281153,1,True
BTCUSDT,long,1b24606030e206a0ba198a0469cae821470cfaf8b88d958de2975270a2a3531f,BTCUSDT|long|high_volume,1714598760000,1714608060000,2024-05-01T21:26:00+00:00,2024-05-02T00:01:00+00:00,58015.200000000004,58250.4,0.0012000000000000001,69.61824000000001,13.923648000000004,5,56599.9,56728.9,1.838688168,2.386553442346831,completed_MTF_D_BIAS_REVERSED,False,0.28223999999999655,0.08371123200000001,-0.0046417593816,0.041770944000000004,0.19388700861839653,27.850030195879196,1,False
BTCUSDT,long,ecdf3a369e8e5d2dd805a41f5d2840da5795d3bc3c52b148216f17955640f6db,BTCUSDT|long|high_volume,1715818260000,1715837220000,2024-05-16T00:11:00+00:00,2024-05-16T05:27:00+00:00,66654.6,65679.90000000001,0.00030000000000000003,19.996380000000002,3.9992760000000005,5,61316.0,65735.79999999999,1.640265312000001,3.571568709764689,exchange_guard_proxy_touch,False,-0.29240999999999917,0.023820209999999998,0.0,0.011997828,-0.3162302099999992,-158.14372901495128,1,True
BTCUSDT,long,8386d0ef1cbefe0b44be053b7cc5e213615f1f2bb941ddee17344cb77216dbf9,BTCUSDT|long|high_volume,1715844960000,1715869440000,2024-05-16T07:36:00+00:00,2024-05-16T14:24:00+00:00,66176.2,65679.90000000001,0.0034000000000000002,224.99908,44.999815999999996,5,65735.79999999999,65735.79999999999,1.9564064439999604,2.397560167300049,exchange_guard_proxy_touch,False,-1.6874199999999606,0.268986444,-0.011569615200000001,0.134999448,-1.9679760591999607,-87.46596026970246,1,True
BTCUSDT,long,c77bde7f1ee055ff0fe6c23384a69c8fdab720c79f3550b605c17a4460053806,BTCUSDT|long|high_volume,1715925660000,1716043440000,2024-05-17T06:01:00+00:00,2024-05-18T14:44:00+00:00,65699.8,66643.3,0.0025,164.2495,32.849900000000005,5,65061.1,66700.0,1.9313082499999965,2.0793088933356647,exchange_guard_proxy_touch,False,2.35875,0.19851465,-0.015293937912500003,0.0985497,2.1449414120875003,130.59043784532068,1,True
BTCUSDT,long,b7652f1812a6f7066a685c31e8d9a092aee310bd48da9226585cd6ac88bd0d14,BTCUSDT|long|high_volume,1716114360000,1716121200000,2024-05-19T10:26:00+00:00,2024-05-19T12:20:00+00:00,67327.2,66838.0,0.0034000000000000002,228.91248000000002,45.782496,5,66894.9,66894.9,1.9369770079999902,2.6331251835410105,exchange_guard_proxy_touch,False,-1.6632799999999903,0.273697008,0.0,0.137347488,-1.9369770079999904,-84.61648783849576,1,True
BTCUSDT,long,65fe04db423adab1a22f877b006753905f3501ca34a87ac5f687d41781426d76,BTCUSDT|long|high_volume,1716179760000,1716297360000,2024-05-20T04:36:00+00:00,2024-05-21T13:16:00+00:00,66972.0,70839.8,0.0017000000000000001,113.8524,22.77048,5,66009.9,70900.09999999999,1.866694214000005,6.680025891476419,exchange_guard_proxy_touch,False,6.575260000000005,0.14056803599999998,-0.0305681368898,0.06831144,6.4041238271102054,562.4935290876789,1,True
ETHUSDT,long,af58373a3e9670af56ee4f62949f5b37739c59f7030516286ed67ec25a072224,ETHUSDT|long|high_volume,1716285060000,1716378720000,2024-05-21T09:51:00+00:00,2024-05-22T11:52:00+00:00,3691.9300000000003,3719.4,0.02,73.83860000000001,14.767720000000002,5,3627.99,3722.5699999999997,1.428401960000004,3.13046764892571,exchange_guard_proxy_touch,False,0.549399999999996,0.08893596,-0.028392039904,0.04430316,0.432072000095996,58.51573568512891,1,True
BTCUSDT,long,c4a3a32348fe8d9f68a014b9b3f316a2ebc8fc8e35b66f0533df2e9dcf687c81,BTCUSDT|long|high_volume,1716366960000,1716402060000,2024-05-22T08:36:00+00:00,2024-05-22T18:21:00+00:00,70220.7,69407.5,0.0018000000000000002,126.39726,25.279452,5,69241.9,69466.59999999999,2.018415995999995,4.978525375480637,exchange_guard_proxy_touch,False,-1.4637599999999948,0.15079845600000003,-0.012687426000000002,0.075838356,-1.6272458819999949,-128.7405978578962,1,True
ETHUSDT,long,aa03b78140434b15fc9f8b9fc0365c208347026e54cea02836045f2f13a19759,ETHUSDT|long|confirmed_volume,1716414960000,1716472200000,2024-05-22T21:56:00+00:00,2024-05-23T13:50:00+00:00,3785.75,3757.9500000000003,0.02,75.715,15.143,5,3701.97,3761.1499999999996,1.8284148399999967,1.819529536466961,exchange_guard_proxy_touch,False,-0.5559999999999946,0.0905244,-0.015112080000000003,0.045429,-0.6616364799999945,-87.38512580069927,1,True
ETHUSDT,long,a457d51fa89a7c4cf430b2f24ecb29753e85e9165925a6052d0d3ea8b88acc71,ETHUSDT|long|high_volume,1716581460000,1716638520000,2024-05-24T20:11:00+00:00,2024-05-25T12:02:00+00:00,3754.5,3734.61,0.01,37.545,7.509,5,3655.33,3737.79,1.0672403199999974,2.1729779273780316,exchange_guard_proxy_touch,False,-0.19889999999999874,0.04493466,-0.007477520000000001,0.022527,-0.2513121799999988,-66.93625782394427,1,True
BTCUSDT,long,ef96a2688cbaadf7cc3a9ae82442aa4d53d12e267599921925e431c3664db809,BTCUSDT|long|high_volume,1716561060000,1716690000000,2024-05-24T14:31:00+00:00,2024-05-26T02:20:00+00:00,67922.3,69002.6,0.0014,95.09122,19.018244000000003,5,66638.9,69061.4,1.9891237800000081,7.774855222659831,exchange_guard_proxy_touch,False,1.512420000000004,0.11501691600000001,-0.04815480600000001,0.057054732,1.349248278000004,141.8898903600147,1,True
ETHUSDT,long,708c78b8e5558400c44721519afb9b66c93cd8574c4a70b410e3f291b65c364c,ETHUSDT|long|high_volume,1716707160000,1716806700000,2024-05-26T07:06:00+00:00,2024-05-27T10:45:00+00:00,3769.1,3887.7000000000003,0.04,150.764,30.152800000000003,5,3732.0499999999997,3891.0099999999998,1.7891512800000007,2.2639789738907585,exchange_guard_proxy_touch,False,4.744000000000015,0.1837632,-0.061460360000000006,0.09045839999999998,4.498776440000015,298.39858586930666,1,True
BTCUSDT,long,971f180330153f0b2bb42f0a8548b90ce66ee417462f10a0707b95fc06bbccb3,BTCUSDT|long|high_volume,1716815460000,1716860700000,2024-05-27T13:11:00+00:00,2024-05-28T01:45:00+00:00,68851.40000000001,69041.1,0.003,206.55420000000004,41.310840000000006,5,68327.2,69099.9,1.9937169000000088,2.352641097238096,exchange_guard_proxy_touch,False,0.5690999999999913,0.24820649999999997,-0.04196487,0.12393252,0.2789286299999913,13.503895345627988,1,True
ETHUSDT,long,01833e71b8fa921ad9369cb441cbd77900fc271e74154a44f39121d8d2121c66,ETHUSDT|long|high_volume,1716956460000,1716967560000,2024-05-29T04:21:00+00:00,2024-05-29T07:26:00+00:00,3877.54,3834.0,0.04,155.1016,31.020319999999998,5,3837.27,3837.27,1.9266769599999987,5.98813077453896,exchange_guard_proxy_touch,False,-1.7415999999999985,0.18507695999999998,0.0,0.09306095999999998,-1.9266769599999984,-124.22031494194763,1,True
BTCUSDT,long,2d78fe09dba386f7771a3cde7099fb2fa0c610927f020260a5b594fdc2e3da35,BTCUSDT|long|high_volume,1717033860000,1717056420000,2024-05-30T01:51:00+00:00,2024-05-30T08:07:00+00:00,67900.2,67444.2,0.0026000000000000003,176.54052000000001,35.308104,5,67272.9,67501.59999999999,1.9904808040000002,2.7235641245101134,exchange_guard_proxy_touch,False,-1.1856000000000002,0.21113726400000002,-0.017583254000000003,0.105924312,-1.4143205180000002,-80.11308214114246,1,True
BTCUSDT,long,ea6e904b5ea97190758bf91049e36840ba24f4e47b0ef01e6f8825f35dd13039,BTCUSDT|long|high_volume,1717065660000,1717147080000,2024-05-30T10:41:00+00:00,2024-05-31T09:18:00+00:00,67946.5,68010.8,0.0034000000000000002,231.0181,46.20362,5,67501.59999999999,68068.7,1.98401702800001,2.9483267772646937,exchange_guard_proxy_touch,False,0.21862000000000992,0.27735289199999996,-0.08572326768600001,0.13861086,-0.14445615968599007,-6.253023450802776,1,True
ETHUSDT,long,f2123e330d4408a294945e41f1be56f538874ef70f53c6daf1f84b669e329bb7,ETHUSDT|long|confirmed_volume,1717211460000,1717313700000,2024-06-01T03:11:00+00:00,2024-06-02T07:35:00+00:00,3785.21,3795.35,0.04,151.4084,30.28168,5,3743.2799999999997,3798.58,1.9854071999999958,1.5944893745322248,exchange_guard_proxy_touch,False,0.4055999999999949,0.18193343999999997,-0.061186032108,0.09084503999999999,0.16248052789199494,10.731275668456634,1,True
ETHUSDT,long,affcadaca0c0345e2517e00ad8ac0e225b1dd0b48cbf7bbf8d52e860fd3842e0,ETHUSDT|long|high_volume,1717390260000,1717425000000,2024-06-03T04:51:00+00:00,2024-06-03T14:30:00+00:00,3822.9,3803.59,0.02,76.458,15.291599999999999,5,3762.99,3806.83,1.3531922800000027,2.9157383217957884,exchange_guard_proxy_touch,False,-0.38619999999999893,0.09151788,-0.012073492000000002,0.04587479999999999,-0.48979137199999895,-64.06018624604344,1,True
BTCUSDT,long,12269aeae7826d3f75b6a2c611f36bb5b96a1e7c0004a1832bfde4433b4f355c,BTCUSDT|long|high_volume,1717392060000,1717426500000,2024-06-03T05:21:00+00:00,2024-06-03T14:55:00+00:00,68737.3,68813.40000000001,0.0016,109.97968000000002,21.995936000000004,5,67642.5,68872.0,1.9745494080000048,3.547510848452288,exchange_guard_proxy_touch,False,0.12176000000000932,0.132048672,-0.015593732,0.065987808,-0.025882403999990686,-2.3533805517519855,1,True
BTCUSDT,long,c4fcd489e07806415d07a0e8f5733b9a7644156436f2b60f0443035b5cbaf6f1,BTCUSDT|long|confirmed_volume,1717470660000,1717491840000,2024-06-04T03:11:00+00:00,2024-06-04T09:04:00+00:00,69427.90000000001,68728.6,0.0022,152.74138000000002,30.548276000000005,5,68658.9,68787.09999999999,2.0024774880000193,1.5416720511163757,exchange_guard_proxy_touch,False,-1.5384600000000066,0.18236657999999997,-0.015192012000000001,0.091644828,-1.7360185920000066,-113.65738557553993,1,True
BTCUSDT,long,3965bea48e631cf7e8e29156e20691fb4186a6fd0daa4dfd8f6de287729e5d78,BTCUSDT|long|confirmed_volume,1717538760000,1717580700000,2024-06-04T22:06:00+00:00,2024-06-05T09:45:00+00:00,70722.1,70812.0,0.0026000000000000003,183.87746000000004,36.77549200000001,5,70117.7,70872.29999999999,1.9462769560000155,1.7501223625901183,exchange_guard_proxy_touch,False,0.2337399999999849,0.220793196,-0.048705161128,0.110326476,-0.035758357128015096,-1.9446840916779624,1,True
BTCUSDT,long,b8f38301fd978fe7be0ec50027cbd73096c2cfbc02e1dc6ca90ddc1b4801c76d,BTCUSDT|long|high_volume,1717600860000,1717630080000,2024-06-05T15:21:00+00:00,2024-06-05T23:28:00+00:00,71333.90000000001,70848.8,0.0032,228.26848000000004,45.65369600000001,5,70872.29999999999,70909.09999999999,1.9430001280000282,3.7723678182461833,exchange_guard_proxy_touch,False,-1.5523200000000188,0.272990784,-0.030314076646400005,0.136961088,-1.8556248606464187,-81.2913311836316,1,True
ETHUSDT,long,a6f6e393ed5adf9d108f25d505762e110c6ab1aa3951922d41a54f61c135e0dc,ETHUSDT|long|high_volume,1717641360000,1717656240000,2024-06-06T02:36:00+00:00,2024-06-06T06:44:00+00:00,3882.23,3841.15,0.04,155.2892,31.05784,5,3844.4199999999996,3844.4199999999996,1.8285611199999972,6.7247579778315085,exchange_guard_proxy_touch,False,-1.643199999999997,0.18536112,0.0,0.09317352,-1.8285611199999972,-117.75198275218092,1,True
ETHUSDT,long,75983d32865db9684b2449f9ed0740b3eac5d5244592e37adb2073ea4c119867,ETHUSDT|long|high_volume,1717739460000,1717763400000,2024-06-07T05:51:00+00:00,2024-06-07T12:30:00+00:00,3830.25,3789.86,0.04,153.21,30.642000000000003,5,3793.0899999999997,3793.0899999999997,1.798482639999995,2.364613884558692,exchange_guard_proxy_touch,False,-1.615599999999995,0.18288263999999999,-0.0202084156,0.091926,-1.818691055599995,-118.70576696038086,1,True
ETHUSDT,long,684b117ceb2a0836fe0e28cb266d52c8431f2021b9a4ad34eee9e6cf089810ef,ETHUSDT|long|high_volume,1717830960000,1717848240000,2024-06-08T07:16:00+00:00,2024-06-08T12:04:00+00:00,3696.39,3675.21,0.06,221.78339999999997,44.35668,5,3674.99,3678.3399999999997,1.7370569999999845,5.592395878352251,exchange_guard_proxy_touch,False,-1.2707999999999902,0.2653776,-0.022261560000000003,0.13307004,-1.55843915999999,-70.26852144930551,1,True
BTCUSDT,long,60f6d5773c0f14f23d45e52ab600000396c4b2626bcfafddb117c87cebb48e69,BTCUSDT|long|high_volume,1717956960000,1717977900000,2024-06-09T18:16:00+00:00,2024-06-10T00:05:00+00:00,69816.3,69547.1,0.0028,195.48564000000002,39.097128000000005,5,69284.7,69606.29999999999,1.886990728,4.925223406978752,exchange_guard_proxy_touch,False,-0.7537599999999919,0.234130512,-0.019506788000000004,0.11729138399999998,-1.0073972999999918,-51.53305889885271,1,True
BTCUSDT,long,32b1a9d933ecbebcffca86cc002e8d6d1672b803aa84eba8bc33856e38d6b0e3,BTCUSDT|long|high_volume,1718043360000,1718070720000,2024-06-10T18:16:00+00:00,2024-06-11T01:52:00+00:00,70167.5,69301.3,0.0018000000000000002,126.30150000000002,25.260300000000004,5,69255.0,69360.29999999999,1.8990326879999897,3.5307037645902914,exchange_guard_proxy_touch,False,-1.559159999999995,0.150626304,-0.012520584000000003,0.0757809,-1.722306887999995,-136.36472155912597,1,True
BTCUSDT,long,2d367af9d804b182bd70de574a247318763eacb6f51142f4cb7a1965aff5e3b4,BTCUSDT|long|confirmed_volume,1718167260000,1718249820000,2024-06-12T04:41:00+00:00,2024-06-13T03:37:00+00:00,67641.40000000001,67157.90000000001,0.0022,148.81108000000003,29.762216000000006,5,66919.9,67215.09999999999,1.8900258080000192,1.5644578684353478,exchange_guard_proxy_touch,False,-1.0637,0.17793507600000003,-0.045200716,0.08928664800000001,-1.2868357920000002,-86.47446090707763,1,True
BTCUSDT,long,6e0ecce1818630c5769d79208abca2dca1e27c8594a8d5894cad5ae8287fb290,BTCUSDT|long|high_volume,1718276160000,1718288700000,2024-06-13T10:56:00+00:00,2024-06-13T14:25:00+00:00,67929.8,67242.6,0.0024000000000000002,163.03152000000003,32.60630400000001,5,67299.9,67299.9,1.8439282559999932,3.6477408619766547,exchange_guard_proxy_touch,False,-1.6492799999999932,0.19464825600000002,0.0,0.09781891200000001,-1.8439282559999932,-113.10256176228945,1,True
BTCUSDT,long,49c3c341657238873c68dfce4a0a77d35a92a9df51d1b0e9fccf853675670c2e,BTCUSDT|long|high_volume,1718534760000,1718586960000,2024-06-16T10:46:00+00:00,2024-06-17T01:16:00+00:00,66571.0,66376.3,0.0026000000000000003,173.08460000000002,34.61692000000001,5,66012.0,66432.79999999999,1.8062618079999926,13.572740570411597,exchange_guard_proxy_touch,False,-0.5062199999999925,0.20739778799999997,-0.03466941400000001,0.10385076000000001,-0.7482872019999924,-43.23245407159229,1,True
BTCUSDT,long,0a274ae50afd3d884760195d5f053aa7db1df298ceca37f905e41c94b0883757,BTCUSDT|long|high_volume,1718794560000,1718805780000,2024-06-19T10:56:00+00:00,2024-06-19T14:03:00+00:00,65365.600000000006,64900.5,0.0025,163.41400000000002,32.6828,5,64777.0,64955.8,1.804381250000011,2.4587453959113366,exchange_guard_proxy_touch,False,-1.1627500000000146,0.19539915000000002,0.0,0.09804840000000001,-1.3581491500000147,-83.11094214694056,1,True
BTCUSDT,long,2cb5ff561f557d9c4d7cc6135500bd9aae34f174e29a3b8f8359e712b3dc8ada,BTCUSDT|long|high_volume,1718860260000,1718892660000,2024-06-20T05:11:00+00:00,2024-06-20T14:11:00+00:00,65353.3,64711.600000000006,0.0025,163.38325,32.67665,5,64766.700000000004,64766.700000000004,1.7993473499999928,3.1897358542313037,exchange_guard_proxy_touch,False,-1.6042499999999928,0.19509735,-0.009797343222500001,0.09802994999999999,-1.8091446932224928,-110.73012032888884,1,True
BTCUSDT,long,14bcddccac1faa5bb044313dbc75e9c603adefbcea06a91fe753b3cff7ac17cc,BTCUSDT|long|high_volume,1719038760000,1719084720000,2024-06-22T06:46:00+00:00,2024-06-22T19:32:00+00:00,64516.100000000006,64167.3,0.0025,161.29025000000001,32.258050000000004,5,63915.700000000004,64221.9,1.8295661000000072,2.5780951188295544,exchange_guard_proxy_touch,False,-0.8720000000000073,0.19302509999999998,-0.022755213500000003,0.09677415,-1.0877803135000073,-67.44240978608485,1,True
BTCUSDT,short,1df45919fa4728f66c59dbe03b3909e272a523ff6d388b3c1d4c39b9a700de9d,BTCUSDT|short|high_volume,1719187260000,1719309180000,2024-06-24T00:01:00+00:00,2024-06-25T09:53:00+00:00,63185.9,61618.5,0.0016,101.09744,20.219488000000002,5,64166.5,61566.1,1.7786307200000069,5.1781957095715,exchange_guard_proxy_touch,False,2.5078400000000025,0.119812224,0.030232149104000003,0.060658463999999995,2.4182599251040027,239.20090608664302,1,True
BTCUSDT,short,fe4354015dd35cbf2f928deec2b49bfbca5c2ee506cc8e944b775aedf7127dcb,BTCUSDT|short|confirmed_volume,1719396660000,1719409800000,2024-06-26T10:11:00+00:00,2024-06-26T13:50:00+00:00,61240.5,61835.9,0.0027,165.34935000000002,33.06987,5,61783.299999999996,61783.299999999996,1.806963768000004,1.9739189106640087,exchange_guard_proxy_touch,False,-1.607580000000004,0.199383768,0.0,0.09920960999999999,-1.806963768000004,-109.28157673435086,1,True
BTCUSDT,short,c826fd7f3b00add001164152c54cac77426b32c120ef8e89740ee1bd41e8b8ea,BTCUSDT|short|high_volume,1719414960000,1719482220000,2024-06-26T15:16:00+00:00,2024-06-27T09:57:00+00:00,61212.700000000004,61380.200000000004,0.0026000000000000003,159.15302000000003,31.830604000000005,5,61783.299999999996,61328.0,1.8122758159999928,3.985056381061178,exchange_guard_proxy_touch,False,-0.43550000000000005,0.191244924,0.04760594800000001,0.09549181200000001,-0.5791389760000001,-36.38881473942499,1,True
BTCUSDT,short,0323ff8f3155b7c56581cc6c142349eb0375bbc3a919414a123c728e462a9740,BTCUSDT|short|high_volume,1719602460000,1719645840000,2024-06-28T19:21:00+00:00,2024-06-29T07:24:00+00:00,60416.0,61075.0,0.0011,66.4576,13.29152,5,61868.2,61023.1,1.7360222880000034,18.875426631048885,exchange_guard_proxy_touch,False,-0.7249,0.08018406,0.006647278,0.039874559999999996,-0.798436782,-120.14228350105932,1,True
BTCUSDT,short,7ad63ca6cf14f2639fc1403ac0732cdbd4af78701026d5b481c104fba37b3fe4,BTCUSDT|short|high_volume,1719903960000,1720108320000,2024-07-02T07:06:00+00:00,2024-07-04T15:52:00+00:00,62638.100000000006,58137.5,0.0023,144.06763,28.813526000000003,5,63284.1,58088.1,1.78338687999999,5.699183048936532,exchange_guard_proxy_touch,False,10.351380000000013,0.166670328,0.098013189,0.086440578,10.282722861000012,713.7427651860457,1,True
BTCUSDT,short,120d49d95171d61e844fcb3ca6144694d8408aa28bda9c98d662d6003a9a476f,BTCUSDT|short|high_volume,1720240860000,1720273620000,2024-07-06T04:41:00+00:00,2024-07-06T13:47:00+00:00,56038.0,56898.5,0.0018000000000000002,100.86840000000001,20.17368,5,56975.1,56850.1,1.8961865280000108,3.636604280434121,exchange_guard_proxy_touch,False,-1.5489000000000002,0.12197142000000001,0.007649317857600001,0.060521040000000005,-1.6632221021424,-164.89030282451193,1,True
ETHUSDT,short,16550b7f1f827c995c58eb6f048afda7a9ce3fbb357c5c9c5ee6cf70318dc1f8,ETHUSDT|short|high_volume,1720397460000,1720427100000,2024-07-08T00:11:00+00:00,2024-07-08T08:25:00+00:00,2931.02,3011.41,0.02,58.620400000000004,11.72408,5,3008.8500000000004,3008.8500000000004,1.6791091599999977,4.083065908306759,exchange_guard_proxy_touch,False,-1.6077999999999975,0.07130916,0.00200303691,0.03517224,-1.6771061230899975,-286.0959875896441,1,True
BTCUSDT,short,b34c4ecb0c51c31c1e4dccac51800b3434d165556fbbbc3ef6017d7f9bb44d6f,BTCUSDT|short|high_volume,1720349460000,1720428480000,2024-07-07T10:51:00+00:00,2024-07-08T08:48:00+00:00,57436.700000000004,57421.100000000006,0.0016,91.89872000000001,18.379744000000002,5,58443.1,57372.299999999996,1.801052319999998,2.8959732586625377,exchange_guard_proxy_touch,False,0.02495999999999767,0.110263488,0.0234948345568,0.055139232,-0.06180865344320234,-6.725736054125926,1,True
BTCUSDT,short,48b95d8faea8571c556ae2b594e2ca61857661c31f81dadbb51482550b8c94e0,BTCUSDT|short|high_volume,1720436460000,1720443060000,2024-07-08T11:01:00+00:00,2024-07-08T12:51:00+00:00,56720.100000000006,57421.100000000006,0.0024000000000000002,136.12824000000003,27.225648000000007,5,57372.299999999996,57372.299999999996,1.8467633280000002,4.5829884396102525,exchange_guard_proxy_touch,False,-1.6824000000000001,0.164363328,0.0,0.08167694400000002,-1.8467633280000002,-135.663498477612,1,True
ETHUSDT,short,cb7e10fccab48bbb8f69695ab4d7a0d10034440571cf8d9cb0718319af801f77,ETHUSDT|short|high_volume,1720547160000,1720584420000,2024-07-09T17:46:00+00:00,2024-07-10T04:07:00+00:00,3044.32,3100.65,0.03,91.3296,18.26592,5,3098.01,3098.01,1.8005094599999978,2.59827141331374,exchange_guard_proxy_touch,False,-1.6898999999999977,0.11060945999999999,0.00344450319,0.05479776,-1.797064956809998,-196.76697990684266,1,True
ETHUSDT,short,b1ecb7b2a396ee6b7be48f485237a81a3d75b97fad8eeebe168e18a4313383a3,ETHUSDT|short|high_volume,1720668060000,1720682280000,2024-07-11T03:21:00+00:00,2024-07-11T07:18:00+00:00,3056.79,3113.63,0.03,91.7037,18.34074,5,3110.98,3110.98,1.8162675600000044,9.152610604790997,exchange_guard_proxy_touch,False,-1.7052000000000043,0.11106755999999998,0.0,0.05502221999999999,-1.8162675600000042,-198.05826373417912,1,True
BTCUSDT,short,37f6c9f02fcb22bca7f662da4481c3cc47adfaf841d089d8809b531f3016d6b5,BTCUSDT|short|high_volume,1720736460000,1720786260000,2024-07-11T22:21:00+00:00,2024-07-12T12:11:00+00:00,57280.200000000004,57426.9,0.0022,126.01644000000002,25.203288000000004,5,57969.7,57378.1,1.7775549439999905,2.6074438228420855,exchange_guard_proxy_touch,False,-0.32273999999999364,0.151413372,0.011841667002000003,0.075609864,-0.4623117049979936,-36.68661842835693,1,True
ETHUSDT,short,30a1158715900a37c6eb31e3b6a118824783e7502cedd3f41f7b7fed4b36f42a,ETHUSDT|short|high_volume,1720747260000,1720790280000,2024-07-12T01:21:00+00:00,2024-07-12T13:18:00+00:00,3058.9900000000002,3100.15,0.01,30.589900000000004,6.117980000000001,5,3146.71,3097.51,0.9412502799999963,10.49903976594232,exchange_guard_proxy_touch,False,-0.4115999999999986,0.03695484,0.00145241745,0.01835394,-0.44710242254999855,-146.16014519498216,1,True
ETHUSDT,short,90e56522ff9ebb752af904799f97655e5135029cdce727821c554334a9080fdf,ETHUSDT|short|high_volume,1720844760000,1720849380000,2024-07-13T04:26:00+00:00,2024-07-13T05:43:00+00:00,3111.4900000000002,3141.59,0.05,155.57450000000003,31.114900000000006,5,3138.92,3138.92,1.6925923999999957,2.0500637605717036,exchange_guard_proxy_touch,False,-1.5049999999999955,0.1875924,0.0,0.0933447,-1.6925923999999954,-108.79626159814077,1,True
ETHUSDT,short,01766919bac33bea2515563ade156b449c428d2cfd206a93efe8f653d343d128,ETHUSDT|short|high_volume,1721167860000,1721178540000,2024-07-16T22:11:00+00:00,2024-07-17T01:09:00+00:00,3413.94,3485.91,0.02,68.2788,13.65576,5,3482.94,3482.94,1.522198199999996,8.633389580517418,exchange_guard_proxy_touch,False,-1.439399999999996,0.08279819999999999,0.004010220032,0.040967279999999995,-1.518187979967996,-222.35129790916008,1,True
ETHUSDT,short,f0dfb06eeaa23241a9dcc50a59d57bc93c89d79bfd8027485fc9e98e869a0ea8,ETHUSDT|short|high_volume,1721204460000,1721205060000,2024-07-17T08:21:00+00:00,2024-07-17T08:31:00+00:00,3466.71,3500.73,0.04,138.6684,27.73368,5,3497.75,3497.75,1.5280185599999994,3.1335543666767696,exchange_guard_proxy_touch,False,-1.3607999999999993,0.16721856,0.0,0.08320103999999999,-1.5280185599999994,-110.19226875048675,1,True
ETHUSDT,short,e273ff8fd015ad5ac0078df31cc6714fbd911eeee03ca6a982395703db9677a1,ETHUSDT|short|high_volume,1721231460000,1721268060000,2024-07-17T15:51:00+00:00,2024-07-18T02:01:00+00:00,3432.86,3430.73,0.01,34.3286,6.8657200000000005,5,3514.9500000000003,3427.8100000000004,0.8925047999999993,2.8638486756965023,exchange_guard_proxy_touch,False,0.021300000000001092,0.041181539999999996,0.005486540721000001,0.02059716,-0.014394999278998902,-4.193296341534144,1,True
ETHUSDT,short,ab2fed316d0db16753a99e05b5ca81b2edca0b204318796ce50d630cac4128a7,ETHUSDT|short|high_volume,1721376660000,1721397300000,2024-07-19T08:11:00+00:00,2024-07-19T13:55:00+00:00,3380.7000000000003,3438.84,0.02,67.614,13.5228,5,3435.9100000000003,3435.9100000000003,1.2446344799999975,6.0434880675673055,exchange_guard_proxy_touch,False,-1.1627999999999974,0.08183448,0.0,0.040568400000000004,-1.2446344799999973,-184.07940367379496,1,True
ETHUSDT,short,251657dd2f33d1f3d49f90106c3c2630a14467d11e41dc94c64e9ed56177be75,ETHUSDT|short|high_volume,1721542860000,1721571780000,2024-07-21T06:21:00+00:00,2024-07-21T14:23:00+00:00,3486.9500000000003,3509.89,0.03,104.6085,20.9217,5,3527.9100000000003,3506.9,1.4451214799999874,13.644415558729438,exchange_guard_proxy_touch,False,-0.6881999999999879,0.12594312,0.0015923681639999998,0.06276509999999999,-0.8125507518359879,-77.67540418187698,1,True
ETHUSDT,short,485f4a74d94efa9c0a410cd109be1e5617ec137ae8646bc69f833726a64932b7,ETHUSDT|short|high_volume,1721585460000,1721593260000,2024-07-21T18:11:00+00:00,2024-07-21T20:21:00+00:00,3411.1,3509.89,0.01,34.111,6.8222,5,3506.9,3506.9,1.0294259399999997,10.656914828163462,exchange_guard_proxy_touch,False,-0.9878999999999997,0.04152594,0.0,0.020466599999999998,-1.0294259399999997,-301.7870892087596,1,True
ETHUSDT,short,b4a158b1068b54f6d80e13e68e0a5f92ef13224156fba0c99edf326f209b99fc,ETHUSDT|short|high_volume,1721682660000,1721723280000,2024-07-22T21:11:00+00:00,2024-07-23T08:28:00+00:00,3468.05,3492.84,0.03,104.0415,20.8083,5,3505.8900000000003,3489.8700000000003,1.3504847399999977,2.1211258539557063,exchange_guard_proxy_touch,False,-0.7436999999999989,0.12529602,0.018396779183999998,0.06242489999999999,-0.8505992408159989,-81.7557648453741,1,True
ETHUSDT,short,ddafd6934e1c9d66895578cc6b6a88cdbecdb6e2d82a48c968aa2146c0f27de0,ETHUSDT|short|confirmed_volume,1721773560000,1721775480000,2024-07-23T22:26:00+00:00,2024-07-23T22:58:00+00:00,3454.69,3498.8,0.03,103.6407,20.72814,5,3495.82,3495.82,1.4484628200000038,1.5780798871551012,exchange_guard_proxy_touch,False,-1.3233000000000037,0.12516281999999998,0.0,0.06218441999999999,-1.4484628200000036,-139.75810854230082,1,True
ETHUSDT,short,3d3bea43db83a2365c9d04b9607c601d18065f9752192d62f22389cf09dccd84,ETHUSDT|short|high_volume,1721785560000,1721942640000,2024-07-24T01:46:00+00:00,2024-07-25T21:24:00+00:00,3447.04,3185.28,0.03,103.4112,20.68224,5,3495.82,3182.57,1.6778251200000065,2.6310732313908116,exchange_guard_proxy_touch,False,7.852799999999992,0.11938175999999998,0.028708115375999994,0.06204671999999999,7.762126355375993,750.6078988906418,1,True
BTCUSDT,long,5a39272f402033d66720dd6776142c19fbe3918b4ef60a040b0ddd059e715ffb,BTCUSDT|long|confirmed_volume,1721952660000,1722109260000,2024-07-26T00:11:00+00:00,2024-07-27T19:41:00+00:00,66029.7,67530.7,0.0009000000000000001,59.426730000000006,11.885346000000002,5,64357.4,67588.2,1.6247694419999923,1.789964567044423,exchange_guard_proxy_touch,False,1.3509000000000002,0.072122616,-0.0226008890784,0.035656038,1.2561764949216003,211.38240231653336,1,True
ETHUSDT,short,6f884afa3dbaabdfa101e8ab5b2d630cd07781cc16f6efdfdb2bac0ef255c856,ETHUSDT|short|high_volume,1722125160000,1722191400000,2024-07-28T00:06:00+00:00,2024-07-28T18:30:00+00:00,3235.35,3281.32,0.02,64.707,12.941399999999998,5,3293.96,3278.53,1.3065853200000062,6.405928191417509,exchange_guard_proxy_touch,False,-0.9194000000000051,0.07820004,0.0129884,0.038824199999999996,-0.9846116400000051,-152.16462515647538,1,True
BTCUSDT,long,a2bfd02224325ac0aa815006cd3ce27ee0ec53bef212476f0a1d6dc819486779,BTCUSDT|long|high_volume,1722191460000,1722260640000,2024-07-28T18:31:00+00:00,2024-07-29T13:44:00+00:00,68281.3,69285.90000000001,0.002,136.5626,27.31252,5,67527.29999999999,69344.9,1.7857014399999884,2.833351187652293,exchange_guard_proxy_touch,False,2.009200000000012,0.16508064,-0.019224146739999996,0.08193755999999999,1.8248952132600118,133.63067291191086,1,True
ETHUSDT,short,7cd34dddb8a135ac1d7cb89e41db242c406232af197bb426074e7785ff984358,ETHUSDT|short|confirmed_volume,1722306360000,1722323640000,2024-07-30T02:26:00+00:00,2024-07-30T07:14:00+00:00,3289.4,3339.8,0.02,65.788,13.157599999999999,5,3351.7200000000003,3336.96,1.3831276400000017,1.6042546487260556,exchange_guard_proxy_touch,False,-1.0080000000000018,0.07955040000000001,0.0,0.039472799999999995,-1.0875504000000018,-165.31136377454882,1,True
BTCUSDT,long,d85367eaf2775360c3be5d28ad3a0270fefe655c4c87e7334ebf674c4160064e,BTCUSDT|long|high_volume,1722406260000,1722453840000,2024-07-31T06:11:00+00:00,2024-07-31T19:24:00+00:00,66486.5,65883.5,0.0022,146.27030000000002,29.254060000000003,5,65825.79999999999,65939.59999999999,1.7513183159999937,2.9131299710701573,exchange_guard_proxy_touch,False,-1.3266,0.1747284,-0.016038653259199998,0.08776218000000001,-1.5173670532592,-103.73719430801742,1,True
ETHUSDT,short,d01b821fc6eaedb3ab86791a60d9f73d9398d7dfe3f9a5d2b8e96894313e60ae,ETHUSDT|short|high_volume,1722472260000,1722514200000,2024-08-01T00:31:00+00:00,2024-08-01T12:10:00+00:00,3218.04,3195.58,0.01,32.1804,6.43608,5,3329.38,3192.86,1.1810015000000007,4.414170568062559,exchange_guard_proxy_touch,False,0.22460000000000035,0.03848172,0.0018906635549999998,0.01930824,0.18800894355500036,58.4234327587601,1,True
ETHUSDT,short,c56b64dd1ab715d2078119e1a8397e14b66296c80be3aed9c4a608287324af0e,ETHUSDT|short|high_volume,1722522660000,1722550380000,2024-08-01T14:31:00+00:00,2024-08-01T22:13:00+00:00,3161.62,3195.58,0.04,126.4648,25.29296,5,3192.86,3192.86,1.5109728000000016,2.364655906120305,exchange_guard_proxy_touch,False,-1.3584000000000014,0.15257279999999998,0.012462720000000002,0.07587887999999998,-1.4985100800000013,-118.49226662280739,1,True
BTCUSDT,long,b2deb554d70937c06268eef39455381f7c5028f0ab3018d473e7519064202d3f,BTCUSDT|long|high_volume,1722581760000,1722610200000,2024-08-02T06:56:00+00:00,2024-08-02T14:50:00+00:00,64540.0,63745.600000000006,0.0017000000000000001,109.718,21.9436,5,63630.5,63799.9,1.7687987279999977,2.1178992063761326,exchange_guard_proxy_touch,False,-1.3504799999999901,0.130851312,-0.01090482,0.0658308,-1.4922361319999902,-136.00650139448314,1,True
ETHUSDT,short,a063c66be411d785350369e3b33996ec6816ec2dd86c3577e156f86d7f49a555,ETHUSDT|short|high_volume,1722646560000,1722665400000,2024-08-03T00:56:00+00:00,2024-08-03T06:10:00+00:00,2945.9700000000003,2984.76,0.01,29.4597,5.89194,5,3041.75,2982.2200000000003,1.0196418599999988,6.111904862734275,exchange_guard_proxy_touch,False,-0.38789999999999963,0.03558438,0.0,0.017675820000000002,-0.42348437999999966,-143.75040479027268,1,True
BTCUSDT,long,6778b3960ca87bffc189f82e9585ba56093d3a65a3bebf7614b28bd1b1c58fc6,BTCUSDT|long|high_volume,1722688260000,1722699240000,2024-08-03T12:31:00+00:00,2024-08-03T15:34:00+00:00,62199.4,61367.8,0.0019,118.17886,23.635772,5,61420.1,61420.1,1.7209066079999973,3.665458375627631,exchange_guard_proxy_touch,False,-1.5800399999999972,0.140866608,0.0,0.070907316,-1.7209066079999973,-145.6188194741426,1,True
ETHUSDT,short,df83a6e2054368291054b3c1b44fbd0ff34db1c712b220b21f08fb3b117e6e8f,ETHUSDT|short|high_volume,1722735360000,1722738660000,2024-08-04T01:36:00+00:00,2024-08-04T02:31:00+00:00,2882.54,2923.92,0.03,86.47619999999999,17.29524,5,2921.4300000000003,2921.4300000000003,1.3459162800000033,3.458447805783645,exchange_guard_proxy_touch,False,-1.2414000000000032,0.10451627999999998,0.0,0.051885719999999996,-1.345916280000003,-155.64008131717205,1,True
ETHUSDT,short,ad3e880746fb20b9894d057f45f2c4caa13db0ac71eb86f3823f04ea2c1d2ce9,ETHUSDT|short|confirmed_volume,1722815460000,1722866400000,2024-08-04T23:51:00+00:00,2024-08-05T14:00:00+00:00,2690.01,2369.56,0.01,26.900100000000002,5.38002,5,2771.3500000000004,2367.5400000000004,0.8697823199999982,1.5364948525029545,exchange_guard_proxy_touch,False,3.204500000000003,0.030357419999999996,-0.0005648160360000001,0.01614006,3.173577763964003,1179.7642997475855,1,True
ETHUSDT,short,ac109b6e395b25401517dcbb47e2ae345bd633ac1bd758df27e1203cba26e19a,ETHUSDT|short|high_volume,1722948660000,1722953700000,2024-08-06T12:51:00+00:00,2024-08-06T14:15:00+00:00,2434.8,2536.11,0.01,24.348000000000003,4.8696,5,2533.9500000000003,2533.9500000000003,1.0429254599999995,2.849813054667536,exchange_guard_proxy_touch,False,-1.0130999999999994,0.029825459999999998,0.0,0.0146088,-1.0429254599999995,-428.3413257762442,1,True
ETHUSDT,short,43c4084ff11bbed88c9b59f759d4407b6fae86e07a44e88b2b637f11a02c7ce2,ETHUSDT|short|confirmed_volume,1723077060000,1723079520000,2024-08-08T00:31:00+00:00,2024-08-08T01:12:00+00:00,2331.81,2370.9500000000003,0.04,93.2724,18.65448,5,2368.9300000000003,2368.9300000000003,1.678466240000013,1.7815980228452581,exchange_guard_proxy_touch,False,-1.5656000000000132,0.11286624,0.0,0.055963439999999996,-1.6784662400000132,-179.9531522722706,1,True
ETHUSDT,short,c18a7188f35c245f9f50b640ae10386baf0097149d733d62114823aa1c458de1,ETHUSDT|short|high_volume,1723199160000,1723240860000,2024-08-09T10:26:00+00:00,2024-08-09T22:01:00+00:00,2627.19,2610.7200000000003,0.01,26.271900000000002,5.25438,5,2708.8100000000004,2608.5,0.8713298599999983,16.68476276232898,exchange_guard_proxy_touch,False,0.16469999999999801,0.03142746,-0.000704032949,0.015763140000000002,0.132568507050998,50.460190184569065,1,True
ETHUSDT,short,4b00cf499a737e69df60765c9e94f0175fac0a055ca6113940f8d9078ba2f40b,ETHUSDT|short|high_volume,1723298460000,1723335060000,2024-08-10T14:01:00+00:00,2024-08-11T00:11:00+00:00,2606.85,2619.23,0.04,104.274,20.8548,5,2642.03,2617.0,1.6232271200000117,3.869810290822626,exchange_guard_proxy_touch,False,-0.49520000000000436,0.12542592,0.0007572046320000003,0.06256439999999999,-0.6198687153680044,-59.4461433692008,1,True
ETHUSDT,short,3e7f9f41b45c9e19407802f3ed1885517a68d99d866fedabdcdd3fcb8d4f999b,ETHUSDT|short|high_volume,1723422660000,1723460520000,2024-08-12T00:31:00+00:00,2024-08-12T11:02:00+00:00,2541.91,2647.26,0.01,25.4191,5.08382,5,2645.01,2645.01,1.0846350200000037,2.5252158539327256,exchange_guard_proxy_touch,False,-1.0535000000000037,0.03113502,0.001736040578,0.015251459999999996,-1.0828989794220036,-426.0178288853671,1,True
ETHUSDT,short,ec41d6a6cd5ce4b4912d1f3acf82b20dc7d3e1065555b9e539eb658f94870bd4,ETHUSDT|short|high_volume,1723471260000,1723471800000,2024-08-12T14:01:00+00:00,2024-08-12T14:10:00+00:00,2604.08,2647.26,0.03,78.1224,15.62448,5,2645.01,2645.01,1.3899241200000088,4.363771684464391,exchange_guard_proxy_touch,False,-1.2954000000000088,0.09452411999999999,0.0,0.046873439999999995,-1.3899241200000088,-177.91620841141705,1,True
ETHUSDT,short,cd1f98c2df31f0a865ec6ae2bbe31a9d029469bb4c449c80078524c12234070c,ETHUSDT|short|high_volume,1723530060000,1723565820000,2024-08-13T06:21:00+00:00,2024-08-13T16:17:00+00:00,2642.4700000000003,2675.9900000000002,0.02,52.8494,10.569880000000001,5,2720.7900000000004,2673.71,1.6771869599999973,2.710723653589846,exchange_guard_proxy_touch,False,-0.6703999999999997,0.06382152,-0.005598267208,0.031709640000000004,-0.7398197872079997,-139.98641180562117,1,True
ETHUSDT,short,2a37bc0b1ea28fc7297191671cd1f0e3e3679149c97778da8b66556e3e43701d,ETHUSDT|short|high_volume,1723695360000,1723725420000,2024-08-15T04:16:00+00:00,2024-08-15T12:37:00+00:00,2641.88,2657.83,0.03,79.2564,15.85128,5,2678.8,2655.57,1.2718132799999944,2.868138101977785,exchange_guard_proxy_touch,False,-0.47849999999999454,0.09539477999999998,0.006096758475,0.04755383999999999,-0.5677980215249945,-71.64065255613357,1,True
ETHUSDT,short,037501d8a5d22c345e7c39826197b96c28fce0ae8ea5095f9153faec48c08611,ETHUSDT|short|high_volume,1724044560000,1724088720000,2024-08-19T05:16:00+00:00,2024-08-19T17:32:00+00:00,2622.89,2605.23,0.03,78.68669999999999,15.737339999999998,5,2669.53,2603.01,1.5626044200000093,2.001671800461048,exchange_guard_proxy_touch,False,0.5297999999999956,0.09410615999999998,-0.000512355507,0.04721201999999999,0.4351814844929956,55.30559605282668,1,True
ETHUSDT,short,7b3724af2b62d7e36d34401b4d38c323630e8569918798101afc22e42542c5f5,ETHUSDT|short|high_volume,1724198160000,1724220720000,2024-08-20T23:56:00+00:00,2024-08-21T06:12:00+00:00,2569.31,2599.15,0.03,77.07929999999999,15.415859999999999,5,2608.7900000000004,2596.94,1.3442457600000082,2.2012178607815835,exchange_guard_proxy_touch,False,-0.8952000000000043,0.09303228,0.00102603249,0.046247579999999996,-0.9872062475100043,-128.07670120382573,1,True
ETHUSDT,short,e96127be2c557bbf02f566e3a51cb64630999c3ddfcc55efadff833cb3e73eca,ETHUSDT|short|high_volume,1724569860000,1724592300000,2024-08-25T07:11:00+00:00,2024-08-25T13:25:00+00:00,2741.71,2762.32,0.03,82.2513,16.45026,5,2782.63,2759.9700000000003,1.3981807799999988,4.247064851356091,exchange_guard_proxy_touch,False,-0.6183000000000038,0.09907254,0.002723678265,0.04935078,-0.7146488617350039,-86.88602632845972,1,True
ETHUSDT,short,f32000345948623e1d8c3bcd390d16b771d270d981f6ab87d0f430ea8721cfc7,ETHUSDT|short|high_volume,1724682060000,1724735940000,2024-08-26T14:21:00+00:00,2024-08-27T05:19:00+00:00,2707.17,2695.4,0.03,81.21509999999999,16.243019999999998,5,2747.9700000000003,2693.11,1.392434639999996,5.040185843594446,exchange_guard_proxy_touch,False,0.3530999999999994,0.09724625999999999,0.012759669648000002,0.04872906,0.26861340964799946,33.07431864862562,1,True
ETHUSDT,short,193ca126c93fa84718d2f4e850b2abb3a4bd234b0a1f90b4983859178b3dfd85,ETHUSDT|short|confirmed_volume,1724804760000,1724838480000,2024-08-28T00:26:00+00:00,2024-08-28T09:48:00+00:00,2432.36,2486.7200000000003,0.01,24.323600000000003,4.86472,5,2590.9700000000003,2484.6000000000004,1.6383532399999972,1.5794516597942034,exchange_guard_proxy_touch,False,-0.5436000000000013,0.029514479999999996,-0.000185617104,0.01459416,-0.5733000971040013,-235.69705845516341,1,True
BTCUSDT,long,3e88ee761a345b12148d7aac0e6a36ecabcbbe482764cade9482bc10ac06c243,BTCUSDT|long|high_volume,1724838960000,1724857800000,2024-08-28T09:56:00+00:00,2024-08-28T15:10:00+00:00,59899.3,58822.100000000006,0.0014,83.85902,16.771804,5,58872.200000000004,58872.200000000004,1.6078059759999959,7.011141547366716,exchange_guard_proxy_touch,False,-1.5080799999999959,0.099725976,0.0,0.050315412,-1.6078059759999959,-191.7272555772767,1,True
BTCUSDT,long,4eff5a0ac313880ec96e68521cc8275fcb842e1008fd5d34f9690067c9e573aa,BTCUSDT|long|high_volume,1724931360000,1724969280000,2024-08-29T11:36:00+00:00,2024-08-29T22:08:00+00:00,60192.5,58826.600000000006,0.0011,66.21175000000001,13.242350000000002,5,58833.9,58876.700000000004,1.628094357999997,4.903543153463658,exchange_guard_proxy_touch,False,-1.5024899999999937,0.078552606,-0.00037355728410000004,0.03972705,-1.5814161632840935,-238.8422241194491,1,True
ETHUSDT,short,cca72962779980d61e1dc50ecdd05af468919aeba7a98b046a099f765e49bcd8,ETHUSDT|short|high_volume,1725168660000,1725215220000,2024-09-01T05:31:00+00:00,2024-09-01T18:27:00+00:00,2468.34,2491.12,0.02,49.366800000000005,9.873360000000002,5,2527.51,2489.0,1.2863759999999942,14.466570427646753,exchange_guard_proxy_touch,False,-0.4555999999999949,0.05951351999999999,0.004695189606,0.02962008,-0.5104183303939949,-103.3930354801192,1,True
ETHUSDT,short,f7ab5ae3b9d65ea47375c4d7673d8443578dcb6a2786bc4e92193e6361af3683,ETHUSDT|short|high_volume,1725229860000,1725265800000,2024-09-01T22:31:00+00:00,2024-09-02T08:30:00+00:00,2423.9,2468.07,0.02,48.478,9.6956,5,2489.0,2465.9700000000003,1.403380239999996,9.136950829021524,exchange_guard_proxy_touch,False,-0.8834000000000015,0.058703639999999994,0.0007384116919999999,0.0290868,-0.9413652283080015,-194.18400682949,1,True
BTCUSDT,long,6486dc3eaadb2d0c3d4a00406961acbc146c6414bacf78ccd70d18ef32d1787d,BTCUSDT|long|high_volume,1725287760000,1725370620000,2024-09-02T14:36:00+00:00,2024-09-03T13:37:00+00:00,58779.0,58618.5,0.001,58.779,11.7558,5,57316.5,58668.4,1.5809280199999958,10.002566803297759,exchange_guard_proxy_touch,False,-0.1605,0.07043849999999999,-0.00650573879,0.0352674,-0.23744423878999998,-40.39610044233484,1,True
ETHUSDT,short,4b28bcd592da180fc5447086a6515ec2193ea37344432da5303d7d36e58caccd,ETHUSDT|short|high_volume,1725370860000,1725458940000,2024-09-03T13:41:00+00:00,2024-09-04T14:09:00+00:00,2475.9500000000003,2416.73,0.01,24.759500000000003,4.9519,5,2552.5600000000004,2414.67,0.8179840799999974,11.481959891640606,exchange_guard_proxy_touch,False,0.5922000000000026,0.02935608,0.002960384743,0.014855700000000001,0.5658043047430026,228.5200851160171,1,True
BTCUSDT,long,ce2124564d7d97c7d3167e3144c3bc45f774239c5910fbb050c638257f65fd60,BTCUSDT|long|high_volume,1725461760000,1725502080000,2024-09-04T14:56:00+00:00,2024-09-05T02:08:00+00:00,57483.0,57811.3,0.001,57.483000000000004,11.4966,5,56107.8,57860.5,1.4910258599999944,3.283158474170338,exchange_guard_proxy_touch,False,0.3283000000000029,0.06917658,-0.004370291968000001,0.034489799999999994,0.25475312803200295,44.31799454308281,1,True
ETHUSDT,short,dec2c6f996decb9d3c35e8adedc6fe895f574553919a89ceedd359bb698b6bb2,ETHUSDT|short|high_volume,1725505860000,1725586860000,2024-09-05T03:11:00+00:00,2024-09-06T01:41:00+00:00,2411.93,2397.05,0.02,48.2386,9.64772,5,2468.4100000000003,2395.01,1.2301892800000078,16.713586251843925,exchange_guard_proxy_touch,False,0.2975999999999931,0.05770775999999999,0.004396955984,0.028943159999999996,0.2442891959839931,50.64185029913661,1,True
ETHUSDT,short,946ad84155f5f3a5d5032d33d3a74d60b4c841ddd9749d99dd6715c0869f3f44,ETHUSDT|short|high_volume,1726062960000,1726072800000,2024-09-11T13:56:00+00:00,2024-09-11T16:40:00+00:00,2290.23,2344.9700000000003,0.02,45.8046,9.16092,5,2342.9700000000003,2342.9700000000003,1.1504224000000047,5.365384200962964,exchange_guard_proxy_touch,False,-1.0948000000000047,0.0556224,-0.0008350897120000001,0.02748276,-1.1512574897120047,-251.3410202713275,1,True
ETHUSDT,short,74a55417d2be79f74be6af7e66adf6f223eb9b275a2910475fa19c024c4e6e52,ETHUSDT|short|high_volume,1726425960000,1726552320000,2024-09-15T18:46:00+00:00,2024-09-17T05:52:00+00:00,2362.4700000000003,2302.9500000000003,0.02,47.24940000000001,9.449880000000002,5,2418.25,2300.9900000000002,1.214193359999994,7.09757006122221,exchange_guard_proxy_touch,False,1.1903999999999997,0.05598503999999999,0.001315806510000001,0.028349640000000002,1.1357307665099998,240.36935209970912,1,True
ETHUSDT,short,8a1d35907e852301e64b5b14e769f80cebe62c9edbc9d86dc907c349ca216b79,ETHUSDT|short|high_volume,1726654560000,1726681980000,2024-09-18T10:16:00+00:00,2024-09-18T17:53:00+00:00,2279.76,2319.46,0.02,45.595200000000006,9.119040000000002,5,2333.8100000000004,2317.4900000000002,1.1761867199999994,6.4628139510115155,exchange_guard_proxy_touch,False,-0.7939999999999964,0.055190640000000006,0.00106903429,0.02735712,-0.8481216057099963,-186.0111603216997,1,True
BTCUSDT,long,129f830243b9b0de50b9e9bb15a926b5824851035905f641ed2e5c9b94c23a5f,BTCUSDT|long|high_volume,1726704060000,1726794420000,2024-09-19T00:01:00+00:00,2024-09-20T01:07:00+00:00,61743.5,62570.0,0.0006000000000000001,37.0461,7.40922,5,59429.9,62623.3,1.4621242079999983,5.427038507466633,exchange_guard_proxy_touch,False,0.49590000000000006,0.044752860000000005,-0.005685684693,0.02222766,0.44546145530700004,120.24516894005038,1,True
BTCUSDT,long,3180841cd8694f5933887f47e3ca093184d2c564143d80aabeace5ae615f373c,BTCUSDT|long|high_volume,1727364960000,1727510880000,2024-09-26T15:36:00+00:00,2024-09-28T08:08:00+00:00,65413.200000000004,65597.5,0.0008,52.330560000000006,10.466112,5,63566.9,65653.4,1.5822044800000012,3.748467973572831,exchange_guard_proxy_touch,False,0.14743999999999652,0.06288513600000001,-0.0223846577088,0.031398336,0.06217020629119651,11.880286832626386,1,True
BTCUSDT,long,2eac79a5857a8e3f556e2f7e56821a5fa08e7493ce3b7d245b61c7a61bac6276,BTCUSDT|long|high_volume,1728046860000,1728096360000,2024-10-04T13:01:00+00:00,2024-10-05T02:46:00+00:00,61863.0,61881.200000000004,0.001,61.863,12.3726,5,60434.0,61933.9,1.5537473599999942,6.656145974151021,exchange_guard_proxy_touch,False,0.018200000000004365,0.07424652000000001,0.0008401076519999999,0.0371178,-0.05520641234799564,-8.923979171394151,1,True
BTCUSDT,long,6458c26f4846762e6a73e1ce319cedf6869517ca481044b4240f4c79c4e2f931,BTCUSDT|long|high_volume,1728262260000,1728292680000,2024-10-07T00:51:00+00:00,2024-10-07T09:18:00+00:00,63667.0,63227.700000000004,0.001,63.667,12.7334,5,62264.9,63281.5,1.5306273399999988,6.8362311205512425,exchange_guard_proxy_touch,False,-0.43929999999999564,0.07613682000000001,0.000604614248,0.0382002,-0.5148322057519957,-80.86327387060733,1,True
BTCUSDT,long,2ad795f27a8312e73dc712a0d2fb57b07feb0454333eded30fda20cec5c2225f,BTCUSDT|long|high_volume,1728650160000,1728782220000,2024-10-11T12:36:00+00:00,2024-10-13T01:17:00+00:00,61424.3,62808.4,0.001,61.4243,12.28486,5,60057.700000000004,62861.9,1.490558539999997,10.479209465232564,exchange_guard_proxy_touch,False,1.3840999999999986,0.07453962,-0.007229635499,0.03685458,1.3023307445009986,212.0220734303848,1,True
BTCUSDT,long,1aaf80af9fa1b2197a892aac8d6c1ab9b839b219aa1ab97c7c8a7fd1e4a57ef4,BTCUSDT|long|high_volume,1728877260000,1728963180000,2024-10-14T03:41:00+00:00,2024-10-15T03:33:00+00:00,63868.200000000004,65464.200000000004,0.001,63.86820000000001,12.773640000000002,5,62419.9,65519.9,1.5771410000000015,28.03807156730421,exchange_guard_proxy_touch,False,1.596,0.07759944,-0.01965153,0.03832092,1.4987490300000001,234.66279463019154,1,True
BTCUSDT,long,e647f5b7267ac71270e6dd153d148a4414209c6b8429ac6b6d076e70e81a4ee9,BTCUSDT|long|high_volume,1729000860000,1729003500000,2024-10-15T14:01:00+00:00,2024-10-15T14:45:00+00:00,67918.6,65199.4,0.0005,33.959300000000006,6.791860000000002,5,65254.9,65254.9,1.3995354000000022,11.276162666470471,exchange_guard_proxy_touch,False,-1.3596000000000021,0.039935399999999996,0.0,0.02037558,-1.3995354000000022,-412.1213923726349,1,True
BTCUSDT,long,de0075cae55f21afae8561e5c56394a189d334ee9421c2b8705e90175fe168ff,BTCUSDT|long|high_volume,1729216860000,1729332240000,2024-10-18T02:01:00+00:00,2024-10-19T10:04:00+00:00,68103.3,68212.6,0.001,68.1033,13.62066,5,66682.2,68270.7,1.558637280000003,7.023595200867928,exchange_guard_proxy_touch,False,0.10930000000000291,0.08178954000000001,-0.027340180000000006,0.04086198,0.00017028000000289534,0.025003193678264538,1,True
ETHUSDT,long,09e07c3c0b6e619c35965e9200528708952a24b513ec5571e6974c0a67063d51,ETHUSDT|long|high_volume,1729470060000,1729493940000,2024-10-21T00:21:00+00:00,2024-10-21T06:59:00+00:00,2760.85,2724.03,0.01,27.6085,5.5217,5,2640.66,2726.35,1.2567955600000005,6.354043139346825,exchange_guard_proxy_touch,False,-0.3681999999999971,0.03290928,0.0,0.016565099999999996,-0.40110927999999707,-145.28470579712663,1,True
BTCUSDT,long,03934197493c2c0fafb529000b4ffb77c56d23a2f7347cef68f01fb274703f13,BTCUSDT|long|high_volume,1730118960000,1730288760000,2024-10-28T12:36:00+00:00,2024-10-30T11:46:00+00:00,69079.6,72051.2,0.0009000000000000001,62.17164000000001,12.434328000000002,5,67584.09999999999,72112.5,1.471467348,3.1446999506414297,exchange_guard_proxy_touch,False,2.6744399999999926,0.07621063199999999,-0.0377592039774,0.037302984000000004,2.5604701640225924,411.838929135952,1,True
ETHUSDT,long,f74dd9ddeed66b07c072aba33a6a0dea2cdc4a0611843ee5313250f33d3c1156,ETHUSDT|long|high_volume,1730464560000,1730476260000,2024-11-01T12:36:00+00:00,2024-11-01T15:51:00+00:00,2528.56,2483.19,0.03,75.85679999999999,15.171359999999998,5,2485.31,2485.31,1.4513114999999968,9.752408604038019,exchange_guard_proxy_touch,False,-1.3610999999999966,0.09021149999999999,0.0,0.04551407999999999,-1.4513114999999965,-191.32253140127145,1,True
BTCUSDT,long,4cd65509e93d3c8608db3ad797a4e3cc11a6884bb9e812db24beb622d584d908,BTCUSDT|long|high_volume,1730669160000,1730730660000,2024-11-03T21:26:00+00:00,2024-11-04T14:31:00+00:00,69341.8,68398.0,0.001,69.3418,13.868360000000001,5,67845.9,68456.2,1.635878000000006,4.374813847219231,exchange_guard_proxy_touch,False,-0.943800000000003,0.08264387999999999,-0.013736350000000001,0.04160508,-1.040180230000003,-150.00767646643192,1,True
BTCUSDT,long,3ab9c1eddfd05aac5b0407435a9889a73005e3a381971cce44e0eba1a4533ea8,BTCUSDT|long|high_volume,1730792760000,1730948700000,2024-11-05T07:46:00+00:00,2024-11-07T03:05:00+00:00,68978.40000000001,74987.1,0.0009000000000000001,62.08056000000001,12.416112000000002,5,67454.09999999999,75050.9,1.4971725540000105,7.106599874445921,exchange_guard_proxy_touch,False,5.407829999999998,0.07774136999999999,-0.038803464,0.037248336,5.291285165999998,852.3256178745805,1,True
ETHUSDT,long,4e7e78e79c98e13ce4dd43180e20a1f5111986910a34a0e38e274b3d69401dae,ETHUSDT|long|high_volume,1730906460000,1730990700000,2024-11-06T15:21:00+00:00,2024-11-07T14:45:00+00:00,2666.19,2787.2200000000003,0.01,26.661900000000003,5.332380000000001,5,2572.39,2789.6,0.9913183399999979,3.5864180417835416,exchange_guard_proxy_touch,False,1.210300000000002,0.03272045999999999,-0.009556776255000001,0.01599714,1.168022763745002,438.0868444278172,1,True
BTCUSDT,long,c98b84221884ba5c61ef5915e97a811f12938de2ff5e7b0b5cef86707f32696a,BTCUSDT|long|high_volume,1731025560000,1731077040000,2024-11-08T00:26:00+00:00,2024-11-08T14:44:00+00:00,76329.40000000001,75631.6,0.0008,61.06352000000001,12.212704000000002,5,74507.9,75696.0,1.580291472000007,2.329887690444212,exchange_guard_proxy_touch,False,-0.5582400000000024,0.07294128,-0.00609368,0.036638112,-0.6372749600000024,-104.36263091285964,1,True
ETHUSDT,long,56e8a4cf4069872762ac4a11446157c94799163d08c78bded14ad81916f4d8b4,ETHUSDT|long|high_volume,1731091260000,1731267840000,2024-11-08T18:41:00+00:00,2024-11-10T19:44:00+00:00,2958.91,3167.85,0.02,59.1782,11.83564,5,2892.6,3170.5499999999997,1.4455885999999996,5.384217890989062,exchange_guard_proxy_touch,False,4.178800000000001,0.07352112,-0.047853787272,0.03550691999999999,4.057425092728001,685.628338261049,1,True
ETHUSDT,long,b914ab5eff4d67e8b86ce07b1cc1f6010c8cdcd54698b4729d697a6c77d0b72e,ETHUSDT|long|high_volume,1731320160000,1731408540000,2024-11-11T10:16:00+00:00,2024-11-12T10:49:00+00:00,3196.59,3247.23,0.01,31.9659,6.39318,5,3107.14,3250.0,0.9588064799999991,3.141797783329532,exchange_guard_proxy_touch,False,0.5063999999999987,0.038662919999999996,-0.031004618888,0.01917954,0.43673246111199876,136.62448456386298,1,True
BTCUSDT,long,225d68d0dcf9501338b9551a27a80505a1fb40d566544e6c293e2ac08c33d233,BTCUSDT|long|confirmed_volume,1731276660000,1731418560000,2024-11-10T22:11:00+00:00,2024-11-12T13:36:00+00:00,80504.8,85427.20000000001,0.0011,88.55528000000001,17.711056000000003,5,79199.9,85499.9,1.6148906180000033,1.7559740872624303,exchange_guard_proxy_touch,False,5.41464000000001,0.10951512,-0.1416169384597,0.053133167999999995,5.16350794154031,583.0830122766603,1,True
BTCUSDT,long,aa3deab33652fe96509ba59024cc7ec0ce12b99aba5ec757c6d7fc294332b5ff,BTCUSDT|long|confirmed_volume,1731423360000,1731464580000,2024-11-12T14:56:00+00:00,2024-11-13T02:23:00+00:00,87078.0,87310.20000000001,0.001,87.078,17.4156,5,85499.9,87384.5,1.7543031199999886,1.5973742785591678,exchange_guard_proxy_touch,False,0.23220000000001165,0.10463292,-0.04238141640000001,0.052246799999999996,0.08518566360001165,9.782684903191582,1,True
BTCUSDT,long,54cfef4a8913d35fcebe7febcee153dfe74d657ea1d1e66b61eb6d834605f2d3,BTCUSDT|long|high_volume,1731560160000,1731595620000,2024-11-14T04:56:00+00:00,2024-11-14T14:47:00+00:00,90210.6,89019.6,0.0007,63.147420000000004,12.629484000000001,5,88005.0,89095.4,1.671169094,2.1321749089221718,exchange_guard_proxy_touch,False,-0.8337,0.075276684,-0.006357323,0.037888451999999996,-0.915334007,-144.9519247183812,1,True
BTCUSDT,long,8cc31c78039fd9fdae236dbdb3f410769bd8296ff6d32a7e9428679164862c0f,BTCUSDT|long|high_volume,1731661860000,1731757320000,2024-11-15T09:11:00+00:00,2024-11-16T11:42:00+00:00,88618.20000000001,90998.6,0.001,88.61820000000002,17.723640000000003,5,87110.9,91076.09999999999,1.6867930000000089,5.164187710158536,exchange_guard_proxy_touch,False,2.380399999999994,0.10777008,-0.027937843335000004,0.05317092,2.244692076664994,253.2992180686353,1,True
ETHUSDT,long,fe75ea6ee0096d56449c640acc9b651f3f54bf5745c7c72d462d51359728c210,ETHUSDT|long|high_volume,1731720060000,1731807120000,2024-11-16T01:21:00+00:00,2024-11-17T01:32:00+00:00,3110.81,3118.44,0.01,31.1081,6.22162,5,3017.2799999999997,3121.1,0.9977531199999992,2.6353210155015723,exchange_guard_proxy_touch,False,0.07630000000000109,0.0373755,-0.009811123618000002,0.01866486,0.029113376382001087,9.358776775824008,1,True
ETHUSDT,long,688a5f1f0fdb04b422cbeaa76d5e0de660f6c4e9ef1da674e19f581d5e28e5cd,ETHUSDT|long|high_volume,1731864660000,1731875280000,2024-11-17T17:31:00+00:00,2024-11-17T20:28:00+00:00,3106.94,3065.4500000000003,0.03,93.2082,18.641640000000002,5,3068.06,3068.06,1.3558030199999935,3.390920745182862,exchange_guard_proxy_touch,False,-1.2446999999999935,0.11110301999999998,0.0,0.055924919999999996,-1.3558030199999935,-145.45962908842714,1,True
ETHUSDT,long,8293fa5b0a3d0fa09a883bca1bd9f8827428bf613c583b9e91649ca40cb593ef,ETHUSDT|long|confirmed_volume,1731889860000,1731930060000,2024-11-18T00:31:00+00:00,2024-11-18T11:41:00+00:00,3098.77,3065.4500000000003,0.04,123.9508,24.79016,5,3068.06,3068.06,1.4807412799999884,1.972975340262522,exchange_guard_proxy_touch,False,-1.3327999999999884,0.14794127999999998,-0.039669590944,0.07437047999999999,-1.5204108709439883,-122.66244920920141,1,True
ETHUSDT,long,8256c34a7793c924623c88a3ecf96dff9d1184c420c0b02288ec2e12aa7af25c,ETHUSDT|long|high_volume,1731939360000,1731991740000,2024-11-18T14:16:00+00:00,2024-11-19T04:49:00+00:00,3099.85,3139.91,0.03,92.99549999999999,18.5991,5,3051.49,3142.5899999999997,1.639477320000001,2.421424732938874,exchange_guard_proxy_touch,False,1.2017999999999984,0.11231567999999999,-0.05761902627,0.05579729999999999,1.0318652937299984,110.95862635611384,1,True
BTCUSDT,long,77669cf26c4791269683f27a4945d3edfbab6c75e7e98c354e86813643be4d4c,BTCUSDT|long|high_volume,1731996060000,1732024440000,2024-11-19T06:01:00+00:00,2024-11-19T13:54:00+00:00,91978.3,91172.3,0.0009000000000000001,82.78047000000001,16.556094,5,90279.9,91249.9,1.6960579559999975,2.1705153389961422,exchange_guard_proxy_touch,False,-0.7254,0.098901324,-0.024936204218400006,0.049668282,-0.8492375282184,-102.58911651726548,1,True
ETHUSDT,long,2077f3e63352443d40459fe1ff2ec4f64e4e10d7f3058282bb88e9c5a6e4932a,ETHUSDT|long|high_volume,1732111860000,1732120080000,2024-11-20T14:11:00+00:00,2024-11-20T16:28:00+00:00,3164.06,3080.6,0.01,31.6406,6.32812,5,3073.5499999999997,3083.2299999999996,0.9687099399999965,8.053597684331008,exchange_guard_proxy_touch,False,-0.8346000000000003,0.03746796,-0.004265443562,0.01898436,-0.8763334035620003,-276.9648500856495,1,True
BTCUSDT,long,6418a25378b190b42b201dd09a8472a29bf789892dcc6e99007ecefdd0b90ec8,BTCUSDT|long|confirmed_volume,1732080360000,1732199940000,2024-11-20T05:26:00+00:00,2024-11-21T14:39:00+00:00,92456.1,96675.20000000001,0.0013000000000000002,120.19293000000002,24.038586000000002,5,91334.29999999999,96757.5,1.7026459060000003,1.738932996634372,exchange_guard_proxy_touch,False,5.4848300000000085,0.14752241400000002,-0.04924818600000001,0.072115758,5.288059400000009,439.96426412102676,1,True
ETHUSDT,long,79decc01e4749e561da8fa72031fae497236171a134b478fa88f3bf892fc0374,ETHUSDT|long|high_volume,1732173060000,1732236060000,2024-11-21T07:11:00+00:00,2024-11-22T00:41:00+00:00,3138.35,3334.05,0.01,31.3835,6.2767,5,3033.31,3336.89,1.113214479999999,2.6110569973510813,exchange_guard_proxy_touch,False,1.9570000000000027,0.03883439999999999,-0.021225418886000005,0.0188301,1.8969401811140028,604.438695847819,1,True
BTCUSDT,long,6148c6effe863dd47011b5269780f5c7ae5c4e5bdac3bd9b3395a44f870fa4ce,BTCUSDT|long|high_volume,1732243260000,1732281900000,2024-11-22T02:41:00+00:00,2024-11-22T13:25:00+00:00,98798.8,97776.8,0.0012000000000000001,118.55856000000001,23.711712000000002,5,97531.59999999999,97860.0,1.7615381279999967,2.45583285099815,exchange_guard_proxy_touch,False,-1.2264000000000002,0.14153443200000002,-0.011910312000000003,0.071135136,-1.3798447440000001,-116.38507957586529,1,True
ETHUSDT,long,3225b1c1002a9a182e3de2e2af6edcaa75dd3a592dd0d46292064b3ca608ddb0,ETHUSDT|long|high_volume,1732318860000,1732438260000,2024-11-22T23:41:00+00:00,2024-11-24T08:51:00+00:00,3331.84,3397.1,0.02,66.63680000000001,13.327360000000002,5,3266.6,3399.99,1.4395479199999996,4.105892504467224,exchange_guard_proxy_touch,False,1.3051999999999953,0.08074728,-0.092063348154,0.03998208,1.1323893718459952,169.9345364492285,1,True
BTCUSDT,long,5d4ded42620c70292edb069cfa5051fefc2e3ded329e69a09347b05d3e0ab6ab,BTCUSDT|long|high_volume,1732515060000,1732539900000,2024-11-25T06:11:00+00:00,2024-11-25T13:05:00+00:00,98442.0,97700.0,0.001,98.44200000000001,19.6884,5,96929.79999999999,97783.2,1.7117736399999912,2.23318023636327,exchange_guard_proxy_touch,False,-0.742,0.1176852,-0.0098113,0.0590652,-0.8694965,-88.32576542532658,1,True
ETHUSDT,long,2a4adb76a95843531629806350c3f5431188ff27c55a86a78c92403a7db347b7,ETHUSDT|long|high_volume,1732508160000,1732608960000,2024-11-25T04:16:00+00:00,2024-11-26T08:16:00+00:00,3386.98,3363.4300000000003,0.02,67.7396,13.54792,5,3301.95,3366.2999999999997,1.837033440000003,6.610593716816681,exchange_guard_proxy_touch,False,-0.47099999999999453,0.08100492,-0.063741718792,0.040643759999999994,-0.6157466387919945,-90.89906624662599,1,True
BTCUSDT,long,643f265326be8a2f11b35d35fe6957d41287251a1bb3099e9dd0815a550f9c15,BTCUSDT|long|high_volume,1732704360000,1732787880000,2024-11-27T10:46:00+00:00,2024-11-28T09:58:00+00:00,93979.90000000001,95054.8,0.001,93.97990000000001,18.795980000000004,5,92413.09999999999,95135.7,1.7571886400000087,2.9882110296596416,exchange_guard_proxy_touch,False,1.0748999999999942,0.11342081999999999,-0.03281448109,0.056387940000000004,0.9286646989099943,98.81524654846346,1,True
ETHUSDT,long,220c9e282b15ee1761b4ce3eeaef5bf452d954097a8b3f641d1a29c36b6ed9df,ETHUSDT|long|confirmed_volume,1732680660000,1732803600000,2024-11-27T04:11:00+00:00,2024-11-28T14:20:00+00:00,3378.88,3565.63,0.02,67.5776,13.51552,5,3304.99,3568.6699999999996,1.6141727199999962,1.666639031306571,exchange_guard_proxy_touch,False,3.735,0.08333412,-0.048986129768,0.040546559999999995,3.602679750232,533.11744575599,1,True
BTCUSDT,long,47882a8acd0c18f9c215a84023b4c972e25901d16695d75e674694e9f4015c4b,BTCUSDT|long|confirmed_volume,1732833960000,1732928700000,2024-11-28T22:46:00+00:00,2024-11-30T01:05:00+00:00,95694.40000000001,96820.70000000001,0.0018000000000000002,172.24992000000003,34.44998400000001,5,94863.7,96903.09999999999,1.846235592000016,1.7972682589473163,exchange_guard_proxy_touch,False,2.0273400000000055,0.20791630800000002,-0.11200118733540002,0.10334995200000001,1.7074225046646054,99.12471974817782,1,True
BTCUSDT,long,8d116823b31662b1c2268d40a1319298af84a73bead9a516522b85fc7a61b181,BTCUSDT|long|high_volume,1733089860000,1733110980000,2024-12-01T21:51:00+00:00,2024-12-02T03:43:00+00:00,97875.3,97064.70000000001,0.0013000000000000002,127.23789000000002,25.447578000000004,5,96705.2,97147.29999999999,1.7796986740000038,2.158826547893583,exchange_guard_proxy_touch,False,-1.0537799999999888,0.1520532,-0.032529112070000005,0.076342734,-1.2383623120699887,-97.32653630691209,1,True
ETHUSDT,long,b1c0bdbf91170c1ad7b0a14bb65bf00158a263ef316a7e2f89b234a969eb7443,ETHUSDT|long|high_volume,1732931160000,1733111760000,2024-11-30T01:46:00+00:00,2024-12-02T03:56:00+00:00,3628.64,3692.4500000000003,0.02,72.5728,14.51456,5,3561.2599999999998,3695.6,1.4944424399999972,2.9494067780992834,exchange_guard_proxy_touch,False,1.276200000000008,0.08785307999999999,-0.08450209545000001,0.043543679999999994,1.103844824550008,152.10172744471868,1,True
ETHUSDT,long,0057d88d7c6bc038f4815892df91674d55979b31f10045c8ebb33e46dedb6139,ETHUSDT|long|confirmed_volume,1733194260000,1733211420000,2024-12-03T02:51:00+00:00,2024-12-03T07:37:00+00:00,3659.21,3607.92,0.02,73.1842,14.636840000000001,5,3600.6299999999997,3610.99,1.320081240000002,1.7473451597748078,exchange_guard_proxy_touch,False,-1.0257999999999994,0.08720556,0.0,0.043910519999999995,-1.1130055599999993,-152.08276649877968,1,True
BTCUSDT,long,a6b8ed062463e57a4857c6eb35e001f1bd3934ba1f6bf9ab344e7ac2f76824a2,BTCUSDT|long|confirmed_volume,1733390160000,1733412180000,2024-12-05T09:16:00+00:00,2024-12-05T15:23:00+00:00,103291.5,102270.6,0.00030000000000000003,30.987450000000003,6.19749,5,97970.4,102357.7,1.6575321479999985,1.6432250699410709,exchange_guard_proxy_touch,False,-0.30626999999999827,0.037001178,0.0,0.01859247,-0.3432711779999983,-110.7774850786361,1,True
ETHUSDT,long,00bab6f9830bab9a70b5842ad7e4f5557457dc09a97e126406f3dc61eeae26bc,ETHUSDT|long|high_volume,1733257560000,1733425320000,2024-12-03T20:26:00+00:00,2024-12-05T19:02:00+00:00,3593.25,3859.07,0.04,143.73,28.746,5,3557.6,3862.3599999999997,1.7187476799999934,2.2262383715831993,exchange_guard_proxy_touch,False,10.632800000000007,0.17885568,-0.242229514156,0.086238,10.211714805844007,710.4790096600576,1,True
BTCUSDT,long,38c391f9e4cbab07b9f9906e477060f87c11bfb4698f117cfb5f5300bee87521,BTCUSDT|long|high_volume,1733506860000,1733550120000,2024-12-06T17:41:00+00:00,2024-12-07T05:42:00+00:00,99990.3,99026.6,0.0007,69.99321,13.998642,5,97549.9,99110.9,1.8493120239999958,2.884350849060233,exchange_guard_proxy_touch,False,-0.6745899999999979,0.083587098,-0.02233619871,0.041995925999999996,-0.7805132967099979,-111.51271626347724,1,True
ETHUSDT,long,beafea0e0ad2c1585008caa3414d59a6f0abadfa306458d6fd7f26096e855f8d,ETHUSDT|long|high_volume,1733497260000,1733555280000,2024-12-06T15:01:00+00:00,2024-12-07T07:08:00+00:00,3986.13,3968.85,0.01,39.8613,7.97226,5,3835.35,3972.2299999999996,1.5874092600000018,5.560022984267688,exchange_guard_proxy_touch,False,-0.172800000000002,0.04772987999999999,-0.022771577400000003,0.02391678,-0.243301457400002,-61.03701018280939,1,True
ETHUSDT,long,766a0c92e8c703c9b3fe55abdda5e94c5e0b09d83f196f0e1c56b4d4a9c03909,ETHUSDT|long|high_volume,1733559060000,1733621640000,2024-12-07T08:11:00+00:00,2024-12-08T01:34:00+00:00,3998.78,3991.85,0.05,199.93900000000002,39.98780000000001,5,3972.2299999999996,3995.25,1.7355289000000145,3.68880639885972,exchange_guard_proxy_touch,False,-0.3465000000000146,0.2397189,-0.08801238277000001,0.1199634,-0.6742312827700147,-33.721849302538004,1,True
BTCUSDT,long,00363183a0f6d860e9592712ab98a7f4138f7704874e6ea099681b245e474b7b,BTCUSDT|long|high_volume,1733625060000,1733648160000,2024-12-08T02:31:00+00:00,2024-12-08T08:56:00+00:00,100283.5,99017.3,0.0014,140.3969,28.079379999999997,5,99101.59999999999,99101.59999999999,1.940092671999996,3.120347213376538,exchange_guard_proxy_touch,False,-1.7726799999999958,0.16741267199999996,-0.0231408491328,0.08423814,-1.9632335211327958,-139.83453488879,1,True
BTCUSDT,long,c36259a0ea23ad556d14dc2163a83d7fdd79033f16a34043d7aee4126202a298,BTCUSDT|long|high_volume,1733658060000,1733704440000,2024-12-08T11:41:00+00:00,2024-12-09T00:34:00+00:00,99887.8,99453.6,0.0019,189.78682,37.957364,5,99101.59999999999,99538.29999999999,1.880701814,2.425951618835371,exchange_guard_proxy_touch,False,-0.8249799999999945,0.22724919600000001,-0.09187179028270001,0.113872092,-1.1441009862826945,-60.28347944723951,1,True
ETHUSDT,long,51c19dade40204c1bac53fd42856585964accb85411839504ce8946f7c15c3da,ETHUSDT|long|high_volume,1733820660000,1733844480000,2024-12-10T08:51:00+00:00,2024-12-10T15:28:00+00:00,3748.19,3612.91,0.01,37.4819,7.49638,5,3615.99,3615.99,1.396966600000002,4.013229022346096,exchange_guard_proxy_touch,False,-1.352800000000002,0.0441666,0.0,0.022489139999999998,-1.396966600000002,-372.70431861778667,1,True
BTCUSDT,long,ad3d747e1c87acd3864f71c984c86131cbd324c854044d9cb30db9b9d21fac99,BTCUSDT|long|confirmed_volume,1733822160000,1733844540000,2024-12-10T09:16:00+00:00,2024-12-10T15:29:00+00:00,97639.20000000001,96798.40000000001,0.0008,78.11136000000002,15.622272000000004,5,95591.79999999999,96880.79999999999,1.7956718560000093,1.8782578829518435,exchange_guard_proxy_touch,False,-0.6726400000000023,0.09333004800000001,0.0,0.046866816000000006,-0.7659700480000023,-98.06128686019576,1,True
ETHUSDT,long,c0829975afcd006c32314d2fb7444af247987fa7440e016570adb68082adc0d2,ETHUSDT|long|confirmed_volume,1733862360000,1733874360000,2024-12-10T20:26:00+00:00,2024-12-10T23:46:00+00:00,3657.23,3612.91,0.03,109.7169,21.943379999999998,5,3615.99,3615.99,1.4604625200000048,1.7727625725375689,exchange_guard_proxy_touch,False,-1.3296000000000048,0.13086251999999998,0.0,0.06583013999999998,-1.4604625200000048,-133.1119016304694,1,True
BTCUSDT,long,565b3f3e0370db6b307302489c1f45d9d52c9241ad8ed7e63b32c54912e7f59e,BTCUSDT|long|confirmed_volume,1733900760000,1734001860000,2024-12-11T07:06:00+00:00,2024-12-12T11:11:00+00:00,97857.20000000001,100274.1,0.0007,68.50004000000001,13.700008000000002,5,95649.9,100359.5,1.6833287940000081,1.9595968799194166,exchange_guard_proxy_touch,False,1.691829999999996,0.083215146,-0.027950118000000003,0.041100024,1.5806647359999961,230.7538413116249,1,True
ETHUSDT,long,c4b00f6c4c889c5aad728de283f2eec0d32a0fd0f017403b4977b36a09b59453,ETHUSDT|long|high_volume,1733906160000,1734031740000,2024-12-11T08:36:00+00:00,2024-12-12T19:29:00+00:00,3690.73,3886.9300000000003,0.03,110.72189999999999,22.144379999999998,5,3646.6,3890.24,1.5489161400000004,2.135378103853819,exchange_guard_proxy_touch,False,5.886000000000008,0.13639787999999997,-0.046436069999999996,0.06643314,5.703166050000008,515.0892506360539,1,True
BTCUSDT,long,b0c382559ca24b81ab9b109e70cf73050c6492fb49ce6fd5c937981ef0a4617c,BTCUSDT|long|high_volume,1734087060000,1734165120000,2024-12-13T10:51:00+00:00,2024-12-14T08:32:00+00:00,100469.5,101471.3,0.0015,150.70425,30.14085,5,99446.29999999999,101557.7,1.8415480799999824,2.356306124909264,exchange_guard_proxy_touch,False,1.5027000000000044,0.18174671999999997,-0.040506604875000005,0.09042254999999999,1.2804466751250043,84.9642047337752,1,True
ETHUSDT,long,de8e5e4441e36da5253683872b7c8a387283f9829b4cad1dcdd976dbdb4c52f8,ETHUSDT|long|confirmed_volume,1734102060000,1734171780000,2024-12-13T15:01:00+00:00,2024-12-14T10:23:00+00:00,3954.52,3886.14,0.02,79.0904,15.81808,5,3870.8399999999997,3889.45,1.8334647200000003,1.6003701925767844,exchange_guard_proxy_touch,False,-1.3676000000000021,0.09408791999999999,-0.023421200000000003,0.04745424,-1.4851091200000022,-187.773626129088,1,True
ETHUSDT,long,7ed0ea8d547d73c8c435d240b2585e2ab4583212252b4cb04a1dda4632b88fa1,ETHUSDT|long|high_volume,1734305160000,1734344640000,2024-12-15T23:26:00+00:00,2024-12-16T10:24:00+00:00,3940.0,3923.8,0.01,39.4,7.88,5,3828.99,3927.14,1.1892943799999998,4.811884311889346,exchange_guard_proxy_touch,False,-0.16199999999999817,0.047182800000000004,-0.0074020027,0.023639999999999998,-0.21658480269999816,-54.97076210659853,1,True
BTCUSDT,long,0c56a5a7303771a675bfa4865b3643acbddfc83839f8e01610023bfbf2e21f41,BTCUSDT|long|confirmed_volume,1734257160000,1734348960000,2024-12-15T10:06:00+00:00,2024-12-16T11:36:00+00:00,102376.0,104156.40000000001,0.0017000000000000001,174.03920000000002,34.807840000000006,5,101460.7,104245.09999999999,1.9105454079999855,1.9419444501495888,exchange_guard_proxy_touch,False,3.026680000000015,0.21066304800000002,-0.05305343,0.10442352,2.7629635220000153,158.7552414628437,1,True
ETHUSDT,long,5584979ce82c9250f0ce7c47d16e5a8bd5680d1bacc2db11dc093a804bb4c0be,ETHUSDT|long|high_volume,1734415260000,1734446400000,2024-12-17T06:01:00+00:00,2024-12-17T14:40:00+00:00,4025.61,3977.9100000000003,0.02,80.5122,16.10244,5,3941.99,3981.2999999999997,1.8351708800000004,2.134630732560926,exchange_guard_proxy_touch,False,-0.9539999999999964,0.09604224,-0.007986100000000001,0.048307319999999994,-1.0580283399999966,-131.412176042885,1,True
BTCUSDT,long,799e1680e847209b5c8a22cd5321dfc13cf661d76a01ba62c5e0897185219ff2,BTCUSDT|long|confirmed_volume,1734401460000,1734448740000,2024-12-17T02:11:00+00:00,2024-12-17T15:19:00+00:00,106540.5,106413.3,0.0014,149.1567,29.83134,5,105423.9,106503.9,1.8667947479999836,1.5194300958114186,exchange_guard_proxy_touch,False,-0.17807999999999594,0.17888119199999997,-0.014949760000000001,0.08949402,-0.37191095199999585,-24.934243785226933,1,True
BTCUSDT,long,e3fea041723209d6bc4d5b1b8b69bf94dc7b1bd0b8ac2ec6cd0b4257945d1a2e,BTCUSDT|long|high_volume,1734456360000,1734461460000,2024-12-17T17:26:00+00:00,2024-12-17T18:51:00+00:00,107471.70000000001,106413.3,0.0016,171.95472000000004,34.390944000000005,5,106503.9,106503.9,1.8987696000000138,3.4265013766008874,exchange_guard_proxy_touch,False,-1.693440000000014,0.2053296,0.0,0.10317283199999999,-1.898769600000014,-110.42265080016493,1,True
ETHUSDT,long,bf26e53d16897ad238238b7342d158b3d1c77add0d9fff194de394bff59eab98,ETHUSDT|long|high_volume,1734548460000,1734551100000,2024-12-18T19:01:00+00:00,2024-12-18T19:45:00+00:00,3897.7200000000003,3819.75,0.02,77.9544,15.590880000000002,5,3823.0,3823.0,1.652009640000005,3.8025070185798295,exchange_guard_proxy_touch,False,-1.5594000000000052,0.09260964,0.0,0.046772640000000004,-1.6520096400000053,-211.91999938425607,1,True
BTCUSDT,long,1637fbf2ed1be36dd4c493bf05a13032e3259e63b24be7cb05969b074595c1f5,BTCUSDT|long|high_volume,1734759960000,1734785820000,2024-12-21T05:46:00+00:00,2024-12-21T12:57:00+00:00,97978.40000000001,97059.3,0.0018000000000000002,176.36112000000003,35.27222400000001,5,97141.9,97141.9,1.8650207160000105,7.627890164214021,exchange_guard_proxy_touch,False,-1.6543800000000106,0.21064071600000003,-0.002148831504,0.105816672,-1.8671695475040107,-105.87194884586864,1,True
BTCUSDT,long,7c06f34e9d640308f5456a232cf3bf258975bd1c4cbcc65e0fbe8ef6e73bb5ad,BTCUSDT|long|high_volume,1734812160000,1734817080000,2024-12-21T20:16:00+00:00,2024-12-21T21:38:00+00:00,97853.0,96828.40000000001,0.0016,156.56480000000002,31.312960000000004,5,96910.79999999999,96910.79999999999,1.826254143999986,3.562431591475043,exchange_guard_proxy_touch,False,-1.6393599999999862,0.186894144,0.0,0.09393888,-1.8262541439999862,-116.64525768244113,1,True
BTCUSDT,long,46b7bf6d5d37346f202c74f25f6d8c65e5a193c244e67c6544895a84fbd71423,BTCUSDT|long|confirmed_volume,1735017960000,1735127940000,2024-12-24T05:26:00+00:00,2024-12-25T11:59:00+00:00,94644.20000000001,97724.20000000001,0.0016,151.43072000000004,30.286144000000007,5,93655.2,97807.4,1.8906109120000187,1.8048667037713668,exchange_guard_proxy_touch,False,4.928,0.18467366400000002,-0.06225921599999999,0.090858432,4.68106712,309.1226879195977,1,True
BTCUSDT,long,23e6c5ea9383e5a7e00b7a74002d594ab4b9555b8dd22be32543ffec07128b63,BTCUSDT|long|high_volume,1735136460000,1735187640000,2024-12-25T14:21:00+00:00,2024-12-26T04:34:00+00:00,98780.1,98247.8,0.0016,158.04816000000002,31.609632000000005,5,97807.4,98331.4,1.8780841279999907,2.4164709220322527,exchange_guard_proxy_touch,False,-0.8516800000000047,0.189146784,-0.03138458126720001,0.094828896,-1.0722113652672047,-67.84080025146794,1,True
BTCUSDT,long,193163483f9484b85190450dce252bcff1198df0ecd17368dfa1a7d7e83b9a46,BTCUSDT|long|confirmed_volume,1735243260000,1735285080000,2024-12-26T20:01:00+00:00,2024-12-27T07:38:00+00:00,96093.70000000001,95195.3,0.0017000000000000001,163.35929000000004,32.67185800000001,5,95200.0,95276.29999999999,1.85202695400002,1.7730647789469915,exchange_guard_proxy_touch,False,-1.5272800000000148,0.19511478000000002,-0.016277653,0.09801557400000001,-1.7386724330000147,-106.43241856646257,1,True
BTCUSDT,long,b67d212f55a9e81eadb375b1a8c0888ef7db0ee3924da0498b14d7cea825dd85,BTCUSDT|long|high_volume,1735395360000,1735475400000,2024-12-28T14:16:00+00:00,2024-12-29T12:30:00+00:00,95059.70000000001,94849.20000000001,0.0019,180.61343000000002,36.122686,5,94256.79999999999,94929.9,1.8936193820000111,3.803460971816395,exchange_guard_proxy_touch,False,-0.39994999999999997,0.216496146,-0.0418762986363,0.108368058,-0.6583224446363,-36.44925212019393,1,True
BTCUSDT,long,2414caacd79f5fe87e482068d1e8764cf5857624e80939d8810f0b1ef8bf17f4,BTCUSDT|long|high_volume,1735551960000,1735564920000,2024-12-30T09:46:00+00:00,2024-12-30T13:22:00+00:00,94012.20000000001,93102.40000000001,0.0018000000000000002,169.22196000000002,33.844392000000006,5,93181.7,93181.7,1.8397237680000056,2.310203427005986,exchange_guard_proxy_touch,False,-1.6376400000000053,0.20208376800000005,0.0,0.101533176,-1.8397237680000054,-108.71660912094417,1,True
BTCUSDT,long,3ee26adb386dbd1c7e3085fde9515ca15468d612cea0d84e253cf2cf049f2c4a,BTCUSDT|long|confirmed_volume,1735625460000,1735689600000,2024-12-31T06:11:00+00:00,2025-01-01T00:00:00+00:00,93034.1,93469.20000000001,0.0015,139.55115,27.910230000000002,5,91999.9,93145.0,1.8350602199999915,1.940395856835196,administrative_period_end_mark,True,0.6526500000000087,0.16785297,-0.028231320000000004,0.08373069,0.45656571000000873,32.71672859736439,1,False
