symbol,side,event_id,state,entry_ms,exit_ms,entry_utc,exit_utc,entry,exit,qty,notional_usdt,margin_usdt,leverage,initial_guard,last_guard,planned_guard_risk_usdt,volume_ratio,reason,censored,gross_usdt,fees_usdt,funding_usdt,entry_fees_usdt,net_usdt,net_bps,cost_multiplier,exit_intraminute
ETHUSDT,long,8a5346ef7ac50d6d10a0d7ceb840963a0561323256fd27942037eeb62a66c6f7,ETHUSDT|long|high_volume,1672588860000,1672622160000,2023-01-01T16:01:00+00:00,2023-01-02T01:16:00+00:00,1197.63,1191.96,1.25,1497.0375000000001,299.4075,5,1192.98,1192.98,8.28229500000009,2.925158153428165,exchange_guard_proxy_touch,False,-7.087500000000091,1.194795,-0.14999500000000002,0.5988150000000001,-8.43229000000009,-56.32651152693296,1,True
ETHUSDT,long,7db1ca2203ab98414bbfc6dd8bdf45dcc795d86bea87b25a5a845ae2233e0d3f,ETHUSDT|long|confirmed_volume,1672630860000,1672699680000,2023-01-02T03:41:00+00:00,2023-01-02T22:48:00+00:00,1198.3600000000001,1212.25,1.25,1497.9500000000003,299.59000000000003,5,1192.98,1213.29,9.195160000000113,1.9564500657755488,exchange_guard_proxy_touch,False,17.36249999999984,1.205305,-0.24827892625,0.59918,15.908916073749841,106.20458676023792,1,True
ETHUSDT,long,0b13de80fc597fce11480cb5479ec3df14eff1be81d9ac01a664a9d3b5246e0d,ETHUSDT|long|high_volume,1672724460000,1672757400000,2023-01-03T05:41:00+00:00,2023-01-03T14:50:00+00:00,1217.29,1212.49,1.21,1472.9208999999998,294.58417999999995,5,1210.63,1213.53,10.479514759999791,3.4117702852729646,exchange_guard_proxy_touch,False,-5.807999999999945,1.17601352,-0.07691384456799999,0.58916836,-7.060927364567944,-47.938265826548765,1,True
ETHUSDT,long,2971694993fe7e1e559e940191ce97cb47e30fb70839cfcc80faa42f7fa42b08,ETHUSDT|long|confirmed_volume,1672871460000,1672900140000,2023-01-04T22:31:00+00:00,2023-01-05T06:29:00+00:00,1254.84,1250.43,0.56,702.7104,140.54208,5,1238.6,1251.5,10.246293119999976,1.6410338541573681,exchange_guard_proxy_touch,False,-2.4695999999999185,0.5611804800000001,-0.07035784000000002,0.28108415999999997,-3.1011383199999187,-44.13110037933007,1,True
ETHUSDT,long,6e42fb8b09556c0748946d1c27dfd07cd11c789393427c100cbca3916446286b,ETHUSDT|long|high_volume,1672965360000,1672983780000,2023-01-06T00:36:00+00:00,2023-01-06T05:43:00+00:00,1254.77,1246.32,0.99,1242.2223,248.44446,5,1246.33,1247.39,10.395015840000001,2.13543876029371,exchange_guard_proxy_touch,False,-8.365500000000045,0.9904316400000001,0.0,0.49688892,-9.355931640000046,-75.31608183173049,1,True
ETHUSDT,long,dba376a15593e1d6aa60c89c5e091e7538319475953e3dd8634532dfcfd1af0a,ETHUSDT|long|confirmed_volume,1672993260000,1672995840000,2023-01-06T08:21:00+00:00,2023-01-06T09:04:00+00:00,1250.04,1246.32,1.19,1487.5475999999999,297.50951999999995,5,1247.39,1247.39,5.615067360000032,1.5447286538509404,exchange_guard_proxy_touch,False,-4.426800000000032,1.1882673599999998,0.0,0.5950190399999999,-5.615067360000031,-37.74714409138929,1,True
ETHUSDT,long,ba7c84cf0c09b86ccc7ed9626e4ea7167d8189643f6c382205278aba79226abe,ETHUSDT|long|confirmed_volume,1673097060000,1673100480000,2023-01-07T13:11:00+00:00,2023-01-07T14:08:00+00:00,1265.44,1259.94,1.18,1493.2192,298.64384,5,1261.02,1261.02,7.68197936,1.930227363651159,exchange_guard_proxy_touch,False,-6.489999999999999,1.1919793600000002,0.0,0.5972876800000001,-7.68197936,-51.44575799721836,1,True
ETHUSDT,long,3e57d42f5a7e6db0b49f2bd7046c52378634825c7ca0004b97afdcbac8a88e4c,ETHUSDT|long|high_volume,1673190060000,1673403840000,2023-01-08T15:01:00+00:00,2023-01-11T02:24:00+00:00,1267.02,1331.8600000000001,1.17,1482.4134,296.48267999999996,5,1260.42,1333.0,10.167936480000073,4.185772650664748,exchange_guard_proxy_touch,False,75.86280000000016,1.21627584,-1.088826172785,0.59296536,73.55769798721516,496.20232782039864,1,True
ETHUSDT,long,3eed65f11cd9fd2ce9ffae67d2ec21ed6518f5757eb398d181daa66ccd3ee199,ETHUSDT|long|high_volume,1673529060000,1673529900000,2023-01-12T13:11:00+00:00,2023-01-12T13:25:00+00:00,1401.91,1393.56,1.06,1486.0246000000002,297.20492,5,1394.75,1394.75,10.036279280000144,2.079376934718842,exchange_guard_proxy_touch,False,-8.851000000000145,1.1852792800000003,0.0,0.5944098400000001,-10.036279280000144,-67.53777346620065,1,True
ETHUSDT,long,cb863b838d8ff0ef0f78aab5db498c6b1870d2f3962d85b02e503c1f7a22059f,ETHUSDT|long|high_volume,1673601360000,1673605980000,2023-01-13T09:16:00+00:00,2023-01-13T10:33:00+00:00,1412.79,1404.03,0.74,1045.4646,209.09292,5,1400.69,1405.23,10.674434879999966,2.7021554284638074,exchange_guard_proxy_touch,False,-6.482399999999993,0.83377872,0.0,0.41818584000000003,-7.316178719999993,-69.98016690378606,1,True
BTCUSDT,long,2881be86f5a082fecc4d4b1bca5520608dcbb77a2d420b76fba8c6719eed45d5,BTCUSDT|long|high_volume,1673830560000,1673856540000,2023-01-16T00:56:00+00:00,2023-01-16T08:09:00+00:00,21003.300000000003,20732.2,0.029300000000000003,615.3966900000001,123.07933800000004,5,20669.9,20749.9,10.772503632000001,3.0813008697524946,exchange_guard_proxy_touch,False,-7.943230000000065,0.4891400600000001,-0.06186988000000001,0.24615867600000008,-8.494239940000064,-138.02869072955303,1,True
ETHUSDT,long,f796f904efb4565f87ccfd8f31bb6bf20f7c50264590f00d4c7f42880c875df5,ETHUSDT|long|confirmed_volume,1673725860000,1673856540000,2023-01-14T19:51:00+00:00,2023-01-16T08:09:00+00:00,1538.05,1539.91,0.35000000000000003,538.3175,107.6635,5,1509.99,1541.23,10.699044999999968,1.6608324411356614,exchange_guard_proxy_touch,False,0.6510000000000447,0.4309144000000001,-0.46520622176,0.21532700000000002,-0.24512062175995541,-4.553458168459235,1,True
BTCUSDT,long,4d9134fab9084cf77a04d30070d2f96838866c17dc6ced33fc06d60d5c74b6d8,BTCUSDT|long|high_volume,1673914560000,1673917920000,2023-01-17T00:16:00+00:00,2023-01-17T01:12:00+00:00,21307.2,21038.0,0.037200000000000004,792.6278400000001,158.52556800000002,5,21055.9,21055.9,10.644336576000029,8.690767791508849,exchange_guard_proxy_touch,False,-10.014240000000028,0.630096576,0.0,0.31705113600000007,-10.644336576000027,-134.29173237215622,1,True
ETHUSDT,long,11dd446c946b3bbb8a4dd5e0913f93fbd231a9d2c7cabdf24946c8868c26e5bc,ETHUSDT|long|high_volume,1673895660000,1674056820000,2023-01-16T19:01:00+00:00,2023-01-18T15:47:00+00:00,1574.1100000000001,1569.46,0.19,299.08090000000004,59.81618000000001,5,1520.73,1570.8,10.624309040000012,6.052390651976966,exchange_guard_proxy_touch,False,-0.8835000000000173,0.23891132000000004,-0.14936185000000002,0.11963236000000002,-1.2717731700000172,-42.522714422753744,1,True
BTCUSDT,long,ac29d9c2ae6abe5e88a2ccd9c3ed2093eb95f10791cc6f4c1a8cb031f5a87729,BTCUSDT|long|high_volume,1674102660000,1674190320000,2023-01-19T04:31:00+00:00,2023-01-20T04:52:00+00:00,20838.800000000003,20993.4,0.0417,868.9779600000002,173.79559200000003,5,20621.0,21011.300000000003,10.507435896000061,3.445012067962185,exchange_guard_proxy_touch,False,6.446819999999939,0.697761096,-0.261697941,0.34759118400000005,5.48736096299994,63.14729734917488,1,True
ETHUSDT,long,3dfdf1842f7c3bbe61c4acd333217df3edc8a6f8a1a4cbf8d2622395cef0c0c1,ETHUSDT|long|high_volume,1674141660000,1674190500000,2023-01-19T15:21:00+00:00,2023-01-20T04:55:00+00:00,1544.82,1544.04,0.3,463.44599999999997,92.6892,5,1512.81,1545.36,10.356760799999986,3.4959623098080477,exchange_guard_proxy_touch,False,-0.2339999999999918,0.37066319999999997,-0.0925359,0.1853784,-0.6971990999999917,-15.04380445618242,1,True
ETHUSDT,long,bf407b642684167d7982ff6e328c974016efcb1ba09a69c7c95b35547800ebd9,ETHUSDT|long|high_volume,1674284160000,1674291660000,2023-01-21T06:56:00+00:00,2023-01-21T09:01:00+00:00,1655.64,1644.17,0.68,1125.8352000000002,225.16704000000004,5,1642.99,1645.57,10.45084655999997,2.075120774913779,exchange_guard_proxy_touch,False,-7.799600000000019,0.8975483200000003,-0.11233668000000002,0.4503340800000001,-8.80948500000002,-78.24844169022268,1,True
ETHUSDT,long,f2cd559fd070ebf779306f25a32799898efe66d48fc5926ed43047abcb470dcd,ETHUSDT|long|high_volume,1674295260000,1674296760000,2023-01-21T10:01:00+00:00,2023-01-21T10:26:00+00:00,1661.56,1644.17,0.5700000000000001,947.0892000000001,189.41784,5,1645.57,1645.57,10.66600643999993,7.062620625946517,exchange_guard_proxy_touch,False,-9.912299999999929,0.7537064400000001,0.0,0.37883568000000006,-10.66600643999993,-112.61881605238375,1,True
ETHUSDT,long,e3c93fb9e221da001f60f11ed414661491a716415c1dff9d18a0318ab6467a1d,ETHUSDT|long|high_volume,1674328260000,1674341940000,2023-01-21T19:11:00+00:00,2023-01-21T22:59:00+00:00,1665.6100000000001,1641.0900000000001,0.41000000000000003,682.9001000000001,136.58002000000002,5,1642.49,1642.49,10.595498799999993,3.24226379541105,exchange_guard_proxy_touch,False,-10.053199999999993,0.5422988000000001,0.0,0.27316004000000005,-10.595498799999993,-155.15444791998115,1,True
BTCUSDT,long,d82a40fddde7e498ea16d3d8a507d4918a582c036cc814d3d3d79ca16dbc1850,BTCUSDT|long|confirmed_volume,1674285060000,1674355440000,2023-01-21T07:11:00+00:00,2023-01-22T02:44:00+00:00,22636.9,22650.600000000002,0.0563,1274.45747,254.89149400000002,5,22486.9,22669.9,10.541715592000042,1.629674594380477,exchange_guard_proxy_touch,False,0.771310000000041,1.0198745000000002,-0.385146048,0.5097829880000001,-0.6337105479999592,-4.972394630006438,1,True
BTCUSDT,long,7d825ec9a3c1230a3d469b7e5d1151d4e009e1d4d83e8e823228a9d5981d627c,BTCUSDT|long|high_volume,1674362160000,1674386280000,2023-01-22T04:36:00+00:00,2023-01-22T11:18:00+00:00,22821.800000000003,22792.800000000003,0.0541,1234.6593800000003,246.93187600000005,5,22669.9,22812.2,10.24594273600004,3.5776772993859347,exchange_guard_proxy_touch,False,-1.5689,0.9870999440000003,-0.12385221200000002,0.4938637520000001,-2.6798521560000004,-21.705194156464433,1,True
BTCUSDT,long,90310b43f28c5787e1fe606244a66d20d6d6db01459bf2f3fac17c64182d5623,BTCUSDT|long|high_volume,1674392760000,1674400920000,2023-01-22T13:06:00+00:00,2023-01-22T15:22:00+00:00,22933.800000000003,22792.800000000003,0.06420000000000001,1472.3499600000002,294.46999200000005,5,22812.2,22812.2,10.226459088,2.0547386886886407,exchange_guard_proxy_touch,False,-9.052200000000001,1.1742590880000003,0.0,0.5889399840000001,-10.226459088000002,-69.4567145435994,1,True
ETHUSDT,long,eab8b2e5dd5718012376943f4524b5b8a390b53c8c61da33b5640457f5e818fa,ETHUSDT|long|high_volume,1674399360000,1674400980000,2023-01-22T14:56:00+00:00,2023-01-22T15:23:00+00:00,1644.1200000000001,1617.3600000000001,0.36,591.8832,118.37664,5,1618.74,1618.74,10.103253119999996,7.400036528567047,exchange_guard_proxy_touch,False,-9.633599999999996,0.46965312000000004,0.0,0.23675328000000004,-10.103253119999996,-170.6967374644186,1,True
ETHUSDT,long,93819c7d3c34f6131ee7e3fff2c87a6633e40acab86df36e9f8a7257253c83d1,ETHUSDT|long|confirmed_volume,1674407460000,1674419820000,2023-01-22T17:11:00+00:00,2023-01-22T20:37:00+00:00,1645.23,1617.3600000000001,0.34,559.3782,111.87564,5,1618.74,1618.74,9.919512239999964,1.9896300410998216,exchange_guard_proxy_touch,False,-9.475799999999964,0.44371224000000004,0.0,0.22375128000000002,-9.919512239999964,-177.33104793858544,1,True
BTCUSDT,long,e962d2f6f09f45a3b1ebaed50d3cfe8d9ea77b6f2ba52f5dc08167c4b2294cdf,BTCUSDT|long|high_volume,1674456660000,1674458760000,2023-01-23T06:51:00+00:00,2023-01-23T07:26:00+00:00,22803.4,22626.2,0.050800000000000005,1158.4127200000003,231.68254400000006,5,22645.5,22645.5,9.924889472000038,2.115657503348062,exchange_guard_proxy_touch,False,-9.001760000000038,0.9231294720000003,0.0,0.4633650880000001,-9.92488947200004,-85.67662716963292,1,True
ETHUSDT,long,71e434b0c7a78cbe40283c8224ba1df486ed7d589d67d9205ab49f8f24b23942,ETHUSDT|long|high_volume,1674457560000,1674458760000,2023-01-23T07:06:00+00:00,2023-01-23T07:26:00+00:00,1639.19,1626.72,0.71,1163.8249,232.76498,5,1628.11,1628.11,9.78121844000002,2.1008064414726686,exchange_guard_proxy_touch,False,-8.85370000000002,0.92751844,0.0,0.46552996,-9.78121844000002,-84.04372891489105,1,True
ETHUSDT,long,6d2a0201125f94b4d195c900654fa11f507f20e4db83c4cad6656c3066570d90,ETHUSDT|long|high_volume,1674462060000,1674479520000,2023-01-23T08:21:00+00:00,2023-01-23T13:12:00+00:00,1640.39,1626.72,0.65,1066.2535,213.2507,5,1628.11,1628.11,9.734948600000047,2.0742200887937448,exchange_guard_proxy_touch,False,-8.885500000000048,0.8494486000000001,0.0,0.4265014000000001,-9.734948600000049,-91.30050780607097,1,True
ETHUSDT,long,2b138dee2cb3002b7680dca22580b719fee2894c1cc639a2435ec60a48c14854,ETHUSDT|long|high_volume,1674525360000,1674567720000,2023-01-24T01:56:00+00:00,2023-01-24T13:42:00+00:00,1638.15,1612.03,0.3,491.445,98.289,5,1609.61,1613.41,9.362566800000025,4.505816366192789,exchange_guard_proxy_touch,False,-7.836000000000035,0.3900216,-0.0490902,0.196578,-8.275111800000035,-168.38327381497493,1,True
BTCUSDT,long,d05bf07097c1a9c25c2ee24ce48093c3f12c21afe7c5adad2826bbf03bf8c492,BTCUSDT|long|confirmed_volume,1674520560000,1674570660000,2023-01-24T00:36:00+00:00,2023-01-24T14:31:00+00:00,22997.800000000003,22740.5,0.0252,579.54456,115.90891200000002,5,22652.9,22759.9,9.637804512000018,1.7677847981760222,exchange_guard_proxy_touch,False,-6.483960000000073,0.4610420640000001,-0.058091796,0.23181782400000006,-7.003093860000074,-120.83788449330062,1,True
ETHUSDT,long,937f37af1d91638c698ed059310fc4cfbd4d86df1849193e80d4a545e1544916,ETHUSDT|long|high_volume,1674651960000,1674658740000,2023-01-25T13:06:00+00:00,2023-01-25T14:59:00+00:00,1565.63,1535.54,0.3,469.689,93.93780000000001,5,1536.85,1536.85,9.399140400000043,4.512266946974689,exchange_guard_proxy_touch,False,-9.027000000000044,0.37214040000000004,0.0,0.1878756,-9.399140400000043,-200.1141265816326,1,True
ETHUSDT,long,a8a9843c79ec6a6fcf7a9022725fdbfcae324084727b375d3e9892076fe46ba7,ETHUSDT|long|high_volume,1674735960000,1674748500000,2023-01-26T12:26:00+00:00,2023-01-26T15:55:00+00:00,1610.17,1589.88,0.4,644.0680000000001,128.8136,5,1589.56,1591.24,9.29973920000001,2.4322649701755488,exchange_guard_proxy_touch,False,-8.115999999999985,0.5120080000000001,0.0,0.25762720000000006,-8.628007999999985,-133.96113453858885,1,True
BTCUSDT,long,7175c0736951046a544b22cc83afb09597d9bc618a6b534fd622e1166297593d,BTCUSDT|long|high_volume,1674757860000,1674778800000,2023-01-26T18:31:00+00:00,2023-01-27T00:20:00+00:00,23089.9,22935.300000000003,0.0341,787.36559,157.473118,5,22855.9,22954.9,9.270784732,3.947375990199357,exchange_guard_proxy_touch,False,-5.2718599999999505,0.6277837280000002,-0.078436479,0.314946236,-5.97808020699995,-75.92508845858949,1,True
ETHUSDT,long,df9c9b3d783265d7f48e2c328fcd7a0bfb80afba0d81a41bf2d40aca0a95455b,ETHUSDT|long|high_volume,1674757860000,1674778980000,2023-01-26T18:31:00+00:00,2023-01-27T00:23:00+00:00,1604.15,1592.07,0.59,946.4485,189.28969999999998,5,1591.24,1593.43,9.173091079999988,4.747554696349755,exchange_guard_proxy_touch,False,-7.127200000000091,0.75430792,-0.09444071,0.37857940000000007,-7.975948630000091,-84.27239971324474,1,True
ETHUSDT,long,d7d2246b67954743830696a61f788bf12b96b9e6637e8b7ef73f706ef03343aa,ETHUSDT|long|high_volume,1674842160000,1674890400000,2023-01-27T17:56:00+00:00,2023-01-28T07:20:00+00:00,1608.58,1590.31,0.16,257.3728,51.47456,5,1555.29,1591.67,8.941602559999984,8.55409179900164,exchange_guard_proxy_touch,False,-2.9231999999999974,0.20472896,-0.025553280000000005,0.10294912,-3.1534822399999975,-122.52585510201536,1,True
BTCUSDT,long,dce55fe1dc7f39357c136321aa27cde2d2df2e9c06beaece0824f794e16a1045,BTCUSDT|long|high_volume,1674832560000,1674897420000,2023-01-27T15:16:00+00:00,2023-01-28T09:17:00+00:00,23124.7,22920.4,0.0349,807.0520300000001,161.41040600000002,5,22900.0,22939.9,9.164812592000025,2.163672727249122,exchange_guard_proxy_touch,False,-7.130069999999975,0.6427895960000002,-0.24074438799999998,0.322820812,-8.013603983999975,-99.2947627428677,1,True
ETHUSDT,long,ba951f8e668d80ad1b9ee92fb96ad1f077ced4fb4b106ef2d0cae9cd25a4a54c,ETHUSDT|long|high_volume,1674987060000,1675060680000,2023-01-29T10:11:00+00:00,2023-01-30T06:38:00+00:00,1609.23,1630.77,0.38,611.5074,122.30148,5,1587.8700000000001,1632.16,9.115554000000014,7.363863485702559,exchange_guard_proxy_touch,False,8.185199999999986,0.49248000000000003,-0.12375194,0.24460296,7.568968059999985,123.77557589654656,1,True
BTCUSDT,long,182e76558c4708014bce007abd90f9477c7b0e76d3638eb8f7134cb85f113d4c,BTCUSDT|long|high_volume,1674950460000,1675067160000,2023-01-29T00:01:00+00:00,2023-01-30T08:26:00+00:00,23040.9,23547.800000000003,0.0629,1449.27261,289.854522,5,22935.0,23567.9,9.043923024000092,3.456692395234151,exchange_guard_proxy_touch,False,31.88401000000009,1.172171692,-0.591960077,0.5797090440000001,30.11987823100009,207.82755447920934,1,True
ETHUSDT,long,dbd01bfcf91ffa6c00baa0aec313466864bafdfa0d9ac0520cf770a844e3d7b3,ETHUSDT|long|confirmed_volume,1675168260000,1675199820000,2023-01-31T12:31:00+00:00,2023-01-31T21:17:00+00:00,1575.89,1563.75,0.54,850.9806000000001,170.19612,5,1561.03,1565.09,9.41988744000003,1.5611434952066827,exchange_guard_proxy_touch,False,-6.555600000000054,0.6781622400000001,-0.08577846000000001,0.34039224,-7.319540700000054,-86.01301486778964,1,True
ETHUSDT,long,ba13dc4e4706016d7234ddb8abcd9df1a30a6affa3070c4006282c0540ec90fc,ETHUSDT|long|high_volume,1675205760000,1675232340000,2023-01-31T22:56:00+00:00,2023-02-01T06:19:00+00:00,1593.92,1576.76,0.3,478.176,95.6352,5,1565.09,1578.11,9.429920400000022,5.821877102608349,exchange_guard_proxy_touch,False,-5.148000000000025,0.3804816000000001,-0.0475506,0.1912704,-5.576032200000025,-116.61045723750304,1,True
BTCUSDT,long,2b0ecd6d53081c88ce3675ae2d56a8014aa0a7a3aafc889ab1690766d955fae2,BTCUSDT|long|confirmed_volume,1675169760000,1675234860000,2023-01-31T12:56:00+00:00,2023-02-01T07:01:00+00:00,22927.0,23008.300000000003,0.041100000000000005,942.2997000000001,188.45994000000002,5,22735.4,23027.9,9.422470920000002,1.7814741796022726,exchange_guard_proxy_touch,False,3.34143000000012,0.7551763320000001,-0.19001968500000002,0.37691988000000004,2.3962339830001196,25.429637545253588,1,True
BTCUSDT,long,6fdcde83854433f81546f70816147b1db1d5eb01e2318eeb66f20b1b69afb2aa,BTCUSDT|long|high_volume,1675347660000,1675349820000,2023-02-02T14:21:00+00:00,2023-02-02T14:57:00+00:00,23923.300000000003,23639.7,0.0309,739.2299700000001,147.84599400000002,5,23659.9,23659.9,9.351118680000067,3.6869511646256687,exchange_guard_proxy_touch,False,-8.763240000000067,0.5878786800000001,0.0,0.295691988,-9.351118680000067,-126.49810017848796,1,True
ETHUSDT,long,3f7a4c307679a53f7f1de1ed9ecfb5fd35c1a95798d2cd2cbb8a9aed6f8b2d93,ETHUSDT|long|high_volume,1675332060000,1675349820000,2023-02-02T10:01:00+00:00,2023-02-02T14:57:00+00:00,1675.8600000000001,1659.17,0.51,854.6886000000001,170.93772,5,1660.59,1660.59,9.192246120000028,3.3592604108160895,exchange_guard_proxy_touch,False,-8.511900000000027,0.6803461200000002,0.0,0.34187544000000003,-9.192246120000027,-107.55082166768139,1,True
ETHUSDT,long,a836b5548174e25b0dd0e9a38e1db64e686450616cd41ee16d7b7299df3f90d5,ETHUSDT|long|high_volume,1675421160000,1675431060000,2023-02-03T10:46:00+00:00,2023-02-03T13:31:00+00:00,1645.25,1629.6000000000001,0.53,871.9825000000001,174.3965,5,1630.99,1630.99,8.988768199999928,2.667813677031414,exchange_guard_proxy_touch,False,-8.294499999999928,0.6942682000000001,0.0,0.348793,-8.988768199999928,-103.08427290685222,1,True
BTCUSDT,long,80c1a7e97028cac58f049954c4dba3f24f5b14e0df4080ed81363e8ce6ecff76,BTCUSDT|long|confirmed_volume,1675505460000,1675553880000,2023-02-04T10:11:00+00:00,2023-02-04T23:38:00+00:00,23370.0,23335.0,0.057100000000000005,1334.4270000000001,266.8854,5,23249.9,23354.9,9.052636283999876,1.9752339734519069,exchange_guard_proxy_touch,False,-1.9985000000000002,1.0667422000000002,-0.133728771,0.5337708000000001,-3.198970971,-23.97261874197689,1,True
ETHUSDT,long,63596855024b51cb0abfd0481a00302b6841e9ec826c39f4be487424a50f56b6,ETHUSDT|long|high_volume,1675494660000,1675553880000,2023-02-04T07:11:00+00:00,2023-02-04T23:38:00+00:00,1657.0,1670.5900000000001,0.9,1491.3,298.26,5,1649.99,1672.02,8.768008800000066,2.3056269006420878,exchange_guard_proxy_touch,False,12.231000000000131,1.1979324000000002,-0.30048300000000006,0.59652,10.73258460000013,71.96797827399001,1,True
ETHUSDT,long,8636e3400f2f15772639d8b983f323c8d6fa5ba939475577658db4bbd41b4b9a,ETHUSDT|long|high_volume,1675577160000,1675601400000,2023-02-05T06:06:00+00:00,2023-02-05T12:50:00+00:00,1670.0,1655.27,0.56,935.2,187.04000000000002,5,1656.68,1656.68,8.99366048000001,2.331012258124071,exchange_guard_proxy_touch,False,-8.248800000000012,0.7448604800000002,-0.09341024,0.3740800000000001,-9.087070720000012,-97.16713772455101,1,True
ETHUSDT,long,23875b83419bfac5c139fbf51bd6453de23ce57e6d12821ff7f3f1add5d5729e,ETHUSDT|long|high_volume,1675698960000,1675724880000,2023-02-06T15:56:00+00:00,2023-02-06T23:08:00+00:00,1635.58,1620.9,0.56,915.9248,183.18496,5,1622.28,1622.28,8.95025151999991,2.453172557510956,exchange_guard_proxy_touch,False,-8.22079999999991,0.72945152,-0.09232104000000001,0.36636992000000007,-9.04257255999991,-98.72614607662014,1,True
BTCUSDT,long,35c5cccf04202eaa5f64281f611832a8d83b61902faae3a8243c382b82cd7a33,BTCUSDT|long|high_volume,1675698960000,1675725060000,2023-02-06T15:56:00+00:00,2023-02-06T23:11:00+00:00,22922.2,22721.5,0.0412,944.3946400000001,188.87892800000003,5,22740.9,22740.9,9.02104817600003,2.362654582636285,exchange_guard_proxy_touch,False,-8.26884000000003,0.752208176,-0.09492686,0.37775785600000006,-9.115975036000028,-96.52717889207872,1,True
BTCUSDT,long,68da81c98bb5c56f16a8d9da33fec929ad4467a1066bd5250dc907d8af922d00,BTCUSDT|long|high_volume,1675792260000,1675794420000,2023-02-07T17:51:00+00:00,2023-02-07T18:27:00+00:00,23191.2,22835.2,0.0236,547.31232,109.462464,5,22854.7,22854.7,8.836089216,15.898857684441563,exchange_guard_proxy_touch,False,-8.4016,0.434489216,0.0,0.21892492800000002,-8.836089216,-161.4450998654662,1,True
ETHUSDT,long,cc4256b447d6f13029f5239f316af4511499f507ddf48c94e11282a093db68d6,ETHUSDT|long|high_volume,1675792260000,1675794600000,2023-02-07T17:51:00+00:00,2023-02-07T18:30:00+00:00,1658.69,1626.6000000000001,0.26,431.2594,86.25188,5,1627.99,1627.99,8.685070159999979,15.026715903437703,exchange_guard_proxy_touch,False,-8.34339999999998,0.34167016,0.0,0.17250376000000003,-8.685070159999979,-201.3885415599052,1,True
ETHUSDT,long,ddb8a01059c05ed5e6569185b8a6e9c6655bdf3f6733eb330c5a728c16cf717f,ETHUSDT|long|high_volume,1675867560000,1675867980000,2023-02-08T14:46:00+00:00,2023-02-08T14:53:00+00:00,1680.69,1666.24,0.54,907.5726000000001,181.51452,5,1667.66,1667.66,8.525936880000025,6.335383380297092,exchange_guard_proxy_touch,False,-7.803000000000025,0.7229368800000001,0.0,0.3630290400000001,-8.525936880000025,-93.9422023097659,1,True
BTCUSDT,long,a899bedf1202c3a1e225527fec8cfda6a3a1cf815a340a3075e04a606c6943f1,BTCUSDT|long|high_volume,1675801860000,1675871520000,2023-02-07T20:31:00+00:00,2023-02-08T15:52:00+00:00,23186.7,22835.2,0.0234,542.5687800000001,108.51375600000001,5,22854.7,22854.7,8.655864984,2.255243517261677,exchange_guard_proxy_touch,False,-8.2251,0.430764984,-0.108718974,0.217027512,-8.764583958,-161.5386708759763,1,True
ETHUSDT,long,88acfdaec2ea46613ab4adcb8fb925f34d196e02608288c6f86878f07fabfbb1,ETHUSDT|long|high_volume,1675904460000,1675911300000,2023-02-09T01:01:00+00:00,2023-02-09T02:55:00+00:00,1656.72,1634.81,0.36,596.4191999999999,119.28383999999998,5,1636.21,1636.21,8.361580320000028,2.0927546957275744,exchange_guard_proxy_touch,False,-7.887600000000029,0.47398031999999996,0.0,0.23856768,-8.36158032000003,-140.19636389975426,1,True
BTCUSDT,long,bb8695f0b53c5ac5196db6a647fb38486ac23ef72acb3a35c021e54c592e78db,BTCUSDT|long|high_volume,1675901160000,1675911660000,2023-02-09T00:06:00+00:00,2023-02-09T03:01:00+00:00,23005.5,22746.9,0.0307,706.26885,141.25377,5,22766.300000000003,22766.300000000003,8.500859471999956,2.4656483505642988,exchange_guard_proxy_touch,False,-7.939019999999956,0.5618394720000001,0.0,0.28250754000000006,-8.500859471999956,-120.36293929712397,1,True
ETHUSDT,long,edc86d474a87c41122b8467553fb719153258fe38c1bb21c27ed6827f4d31ec3,ETHUSDT|long|high_volume,1676039760000,1676043720000,2023-02-10T14:36:00+00:00,2023-02-10T15:42:00+00:00,1546.52,1529.68,0.39,603.1428,120.62856,5,1527.84,1530.99,8.271597360000007,3.068639070880564,exchange_guard_proxy_touch,False,-6.567599999999969,0.4798872,0.0,0.24125712000000002,-7.047487199999969,-116.8460802317456,1,True
BTCUSDT,long,7b6925c7dc1c565ae8c08ccff71b332249dff1eb13cfcc07c86804db9322379f,BTCUSDT|long|high_volume,1676506560000,1676555340000,2023-02-16T00:16:00+00:00,2023-02-16T13:49:00+00:00,24668.100000000002,24406.100000000002,0.0031000000000000003,76.47111000000001,15.294222000000001,5,22075.800000000003,24426.9,8.152349124000008,9.31862707741009,exchange_guard_proxy_touch,False,-0.8122,0.06085200800000002,-0.007635548000000001,0.030588444000000006,-0.880687556,-115.16604845934627,1,True
BTCUSDT,long,0cb2e2e89ab95548c8aee533f2817495b8ca04abede80f2515ee8666541e207c,BTCUSDT|long|high_volume,1676562360000,1676583060000,2023-02-16T15:46:00+00:00,2023-02-16T21:31:00+00:00,24880.800000000003,24406.100000000002,0.0167,415.50936,83.101872,5,24426.9,24426.9,8.256726492000013,3.4952537181238283,exchange_guard_proxy_touch,False,-7.927490000000012,0.3292364920000001,-0.09708795904140001,0.16620374400000004,-8.353814451041412,-201.04997035545512,1,True
BTCUSDT,long,d7cb7ae6fe97535fb4c2e2f673d02ea329a5803e22d4b768a5ebf7f8641202ef,BTCUSDT|long|high_volume,1676633460000,1676706840000,2023-02-17T11:31:00+00:00,2023-02-18T07:54:00+00:00,23827.5,24481.600000000002,0.0235,559.94625,111.98925,5,23519.9,24502.5,8.143477559999967,3.15763556127957,exchange_guard_proxy_touch,False,15.371350000000051,0.4541055400000001,-0.11447460999999999,0.22397850000000002,14.80276985000005,264.3605497849133,1,True
BTCUSDT,long,83011cf9cb1286e4ded2ef9fe9d2faf49bfc035aa4878249af3296b687401aaf,BTCUSDT|long|high_volume,1676732160000,1676826420000,2023-02-18T14:56:00+00:00,2023-02-19T17:07:00+00:00,24696.2,24532.600000000002,0.027700000000000002,684.0847400000001,136.81694800000002,5,24436.300000000003,24553.5,8.31954763600002,3.4181898687082595,exchange_guard_proxy_touch,False,-4.53171999999996,0.5454551040000001,-0.27371228700000005,0.27363389600000004,-5.350887390999961,-78.21965727520775,1,True
BTCUSDT,long,329b1bbaede9f7a3af3c8bab61e12b922dfd7819802d9064bf24558bac085633,BTCUSDT|long|high_volume,1676903160000,1676969220000,2023-02-20T14:26:00+00:00,2023-02-21T08:47:00+00:00,24951.0,24630.100000000002,0.0131,326.85810000000004,65.37162000000001,5,24361.100000000002,24651.100000000002,8.258456411999962,4.22587905939408,exchange_guard_proxy_touch,False,-4.203789999999971,0.259804964,-0.09798695200000002,0.13074324,-4.561581915999971,-139.55847861809056,1,True
BTCUSDT,long,76c045c27776f9e8b9f4b222399bcb4b86018e09ab05ac05d440a3025669f13d,BTCUSDT|long|high_volume,1677196260000,1677226500000,2023-02-23T23:51:00+00:00,2023-02-24T08:15:00+00:00,23940.300000000003,23729.7,0.030600000000000002,732.5731800000001,146.51463600000002,5,23711.4,23749.9,8.205469560000067,2.1917257959267786,exchange_guard_proxy_touch,False,-6.444360000000067,0.5834808000000001,-0.072525111102,0.29302927200000006,-7.100365911102068,-96.92363991679395,1,True
BTCUSDT,long,b4ecd7f4b22d50b217c6d71f4588b78f662826621802fee6465483e80604e91c,BTCUSDT|long|high_volume,1677227760000,1677245760000,2023-02-24T08:36:00+00:00,2023-02-24T13:36:00+00:00,23957.300000000003,23729.7,0.033,790.5909000000001,158.11818000000002,5,23749.9,23749.9,8.140268400000073,6.329684974082351,exchange_guard_proxy_touch,False,-7.5108000000000725,0.6294684,0.0,0.31623636000000005,-8.140268400000073,-102.96435741924263,1,True
BTCUSDT,long,22f964ffd6fc4b79515eab5ffd3559696cdb59f7039f932f6c27e76f45f3d93b,BTCUSDT|long|high_volume,1677312060000,1677318780000,2023-02-25T08:01:00+00:00,2023-02-25T09:53:00+00:00,23126.100000000002,22990.4,0.0523,1209.49503,241.899006,5,23010.0,23010.0,8.061867180000037,2.4005642888033223,exchange_guard_proxy_touch,False,-7.097110000000038,0.96475718,0.0,0.48379801200000006,-8.061867180000037,-66.65481858160291,1,True
BTCUSDT,long,ffd7ad027f51ff8cd9a61426bc81571cb3f1811a66e7e9bb75e91beb7d5e6c89,BTCUSDT|long|high_volume,1677403860000,1677476700000,2023-02-26T09:31:00+00:00,2023-02-27T05:45:00+00:00,23252.2,23404.300000000003,0.0374,869.63228,173.926456,5,23077.100000000002,23424.300000000003,7.978311615999973,3.3445781516693738,exchange_guard_proxy_touch,False,5.688540000000082,0.6979812400000001,-0.12891526899240002,0.34785291200000007,4.8616434910076824,55.904588672900715,1,True
BTCUSDT,long,34db206a22f99e94ace446ba7d3a761436d2ed0ce9ea29f63edac9ec0d4b2b0b,BTCUSDT|long|high_volume,1677682260000,1677682740000,2023-03-01T14:51:00+00:00,2023-03-01T14:59:00+00:00,23823.5,23650.0,0.0417,993.4399500000001,198.68799,5,23670.2,23670.2,8.02680798,8.997038563781205,exchange_guard_proxy_touch,False,-7.23495,0.79185798,0.0,0.39737598,-8.026807980000001,-80.79811950385124,1,True
BTCUSDT,long,1fc38f8c43361f363d3c49085cfdba35310f6fc55092f3649969e310a195e38c,BTCUSDT|long|high_volume,1677789960000,1677806280000,2023-03-02T20:46:00+00:00,2023-03-03T01:18:00+00:00,23540.100000000002,23352.2,0.0267,628.5206700000001,125.70413400000002,5,23281.5,23372.100000000002,7.93312322400004,4.893994969303451,exchange_guard_proxy_touch,False,-5.016930000000039,0.5008097640000001,-0.062630457,0.25140826800000005,-5.58037022100004,-88.78578680634384,1,True
BTCUSDT,long,f81bb115d9071e73c6588c5153c5b7dcfb024f574a1e996953484afd745e3064,BTCUSDT|long|confirmed_volume,1677931860000,1677944520000,2023-03-04T12:11:00+00:00,2023-03-04T15:42:00+00:00,22370.7,22291.9,0.0543,1214.72901,242.94580200000001,5,22262.100000000002,22310.9,7.897691735999921,1.960553263742611,exchange_guard_proxy_touch,False,-4.278839999999961,0.9700716720000002,0.0,0.48589160400000003,-5.248911671999961,-43.210556665638215,1,True
BTCUSDT,long,d81ca642cfa7ba43134ef4e06f71103491d2e731cb4e5ca49a48df3c9c64be15,BTCUSDT|long|high_volume,1678011960000,1678067640000,2023-03-05T10:26:00+00:00,2023-03-06T01:54:00+00:00,22450.7,22290.9,0.0251,563.51257,112.702514,5,22174.800000000003,22309.9,7.847330263999982,3.231075281206343,exchange_guard_proxy_touch,False,-4.010979999999982,0.44920566400000006,-0.043672252839199996,0.225405028,-4.503857916839182,-79.92471076269307,1,True
BTCUSDT,long,b0345351e02c8f6576496e29503ec60a6be970f7719e1090af5f4b66efdda019,BTCUSDT|long|high_volume,1678092060000,1678136220000,2023-03-06T08:41:00+00:00,2023-03-06T20:57:00+00:00,22444.9,22328.9,0.0443,994.30907,198.861814,5,22305.9,22347.9,7.7920474959999995,6.475695731991862,exchange_guard_proxy_touch,False,-5.1388,0.793391736,-0.05406861532719999,0.39772362800000005,-5.9862603513272,-60.20522724716974,1,True
BTCUSDT,long,7e2132555fde4457a90ac0a5ddc210f6c8e05eeba19633211de4785c9d6fe117,BTCUSDT|long|high_volume,1678158360000,1678181160000,2023-03-07T03:06:00+00:00,2023-03-07T09:26:00+00:00,22538.2,22345.0,0.0366,824.8981200000001,164.979624,5,22364.100000000002,22364.100000000002,7.728210048000027,2.7011967858021317,exchange_guard_proxy_touch,False,-7.071120000000027,0.657090048,-0.035881610625,0.32995924800000004,-7.764091658625027,-94.12182511247603,1,True
BTCUSDT,long,4c7a688250a94f9e6f99c0f29e15e60fc1e39492a7b18ad4e802261a1aed9a01,BTCUSDT|long|confirmed_volume,1678185060000,1678186260000,2023-03-07T10:31:00+00:00,2023-03-07T10:51:00+00:00,22430.7,22345.0,0.0668,1498.37076,299.674152,5,22364.100000000002,22364.100000000002,6.921166704000049,1.7292617553860958,exchange_guard_proxy_touch,False,-5.724760000000049,1.196406704,0.0,0.599348304,-6.921166704000049,-46.19128248338248,1,True
BTCUSDT,long,81b9d4d82f41e8ef7b95cb1d505f5a9fed7c11e735df81ec68156485b8e052f4,BTCUSDT|long|high_volume,1678233960000,1678254000000,2023-03-08T00:06:00+00:00,2023-03-08T05:40:00+00:00,22253.9,21910.2,0.021,467.3319000000001,93.46638000000002,5,21928.9,21928.9,7.588678440000016,4.998362331267201,exchange_guard_proxy_touch,False,-7.217700000000016,0.3709784400000001,0.0,0.18693276000000006,-7.588678440000016,-162.38306094662093,1,True
BTCUSDT,long,3cf2194eed3dfb1761f990c2b6b5d6201f5989b241f1ef7190ed0501da8dd4f6,BTCUSDT|long|high_volume,1678307760000,1678312140000,2023-03-08T20:36:00+00:00,2023-03-08T21:49:00+00:00,22130.800000000003,21917.2,0.0262,579.8269600000001,115.96539200000002,5,21879.9,21935.9,7.521937208,7.896270948914969,exchange_guard_proxy_touch,False,-5.596320000000057,0.46162304,0.0,0.23193078400000008,-6.057943040000057,-104.47846440255306,1,True
BTCUSDT,long,d31ebebe63d0f59a5415deea88c4995f994849df52d23ab1e3092a072618ddb9,BTCUSDT|long|high_volume,1678856760000,1678860420000,2023-03-15T05:06:00+00:00,2023-03-15T06:07:00+00:00,24898.100000000002,24646.4,0.012,298.77720000000005,59.75544000000001,5,24317.9,24667.4,7.446937440000018,2.4157361500323344,exchange_guard_proxy_touch,False,-3.020400000000009,0.2378136,0.0,0.11951088000000001,-3.258213600000009,-109.05161438021402,1,True
BTCUSDT,long,75bdfa68c669a5133bff602d5bbe56f4177a6cf7b4c1007cc0241771ceb1caea,BTCUSDT|long|high_volume,1678867260000,1678872600000,2023-03-15T08:01:00+00:00,2023-03-15T09:30:00+00:00,24895.0,24646.4,0.027600000000000003,687.1020000000001,137.42040000000003,5,24667.4,24667.4,7.40829705599996,3.933707110273252,exchange_guard_proxy_touch,False,-6.86135999999996,0.5469370560000001,0.0,0.27484080000000005,-7.40829705599996,-107.81946575617535,1,True
BTCUSDT,long,43216923bdc9a22fbbaeb435564881a757a8dc1d17dcc3dcb64490120a0574f9,BTCUSDT|long|high_volume,1678944360000,1679127180000,2023-03-16T05:26:00+00:00,2023-03-18T08:13:00+00:00,24388.600000000002,27126.800000000003,0.0238,580.4486800000001,116.08973600000002,5,24120.4,27149.9,7.335049567999983,4.181546233755037,exchange_guard_proxy_touch,False,65.16916000000002,0.4904266080000002,-0.39261659182900005,0.23217947200000005,64.28611680017102,1107.5245584186875,1,True
ETHUSDT,long,5fca97f7c61a40d244ce7d17605c2e480679ecdf292d370449298e8312b201fa,ETHUSDT|long|high_volume,1679101260000,1679127180000,2023-03-18T01:01:00+00:00,2023-03-18T08:13:00+00:00,1819.26,1799.45,0.06,109.15559999999999,21.83112,5,1702.46,1800.99,7.17948648,7.911962106830924,exchange_guard_proxy_touch,False,-1.1885999999999968,0.08684904,-0.01088574,0.04366224,-1.2863347799999967,-117.84413992502415,1,True
ETHUSDT,long,8ff1d65b9efec80b7da9fb040a985878b7c08eb7e59570bda9b804c8e1d5850e,ETHUSDT|long|confirmed_volume,1679134860000,1679152080000,2023-03-18T10:21:00+00:00,2023-03-18T15:08:00+00:00,1814.96,1801.52,0.47000000000000003,853.0312000000001,170.60624,5,1800.99,1803.06,7.969209079999996,1.8013741110244441,exchange_guard_proxy_touch,False,-6.316800000000026,0.6798982400000001,0.0,0.34121248000000004,-6.996698240000026,-82.02159827213852,1,True
BTCUSDT,long,68f7d77afa7fbbd0736f65ec12c6ccbefc1dabbcd9f8b28f346eb97f788ea317,BTCUSDT|long|high_volume,1679132760000,1679153280000,2023-03-18T09:46:00+00:00,2023-03-18T15:28:00+00:00,27390.800000000003,27246.7,0.0279,764.2033200000001,152.840664,5,27149.9,27269.9,7.974016416000001,2.038010995370518,exchange_guard_proxy_touch,False,-4.020390000000061,0.6097545000000001,0.0,0.3056813280000001,-4.630144500000061,-60.587861617770265,1,True
ETHUSDT,long,0ea267479d2c5fad09280dfda4cf5ea402922cb508bc43cd6be8bb0ac62be817,ETHUSDT|long|high_volume,1679214360000,1679270700000,2023-03-19T08:26:00+00:00,2023-03-20T00:05:00+00:00,1777.79,1763.66,0.25,444.4475,88.8895,5,1750.22,1765.17,7.617651999999986,2.850238597638887,exchange_guard_proxy_touch,False,-3.5324999999999704,0.354145,-0.08931900000000001,0.177779,-3.9759639999999705,-89.4585749722964,1,True
BTCUSDT,long,6f7514b947cc9d06c3b1e34ea2c89d83dc2afbb927450db2a8a4dec871fedd70,BTCUSDT|long|high_volume,1679198460000,1679274120000,2023-03-19T04:01:00+00:00,2023-03-20T01:02:00+00:00,27252.100000000002,27698.7,0.0155,422.40755,84.48151,5,26789.9,27722.300000000003,7.85241904,3.3970898771598805,exchange_guard_proxy_touch,False,6.922299999999978,0.34069496000000005,-0.127801995,0.16896302000000002,6.453803044999978,152.78616693759326,1,True
BTCUSDT,long,e234537008240b98b9c10323350c881eb04a9e2c3b12c2f79faa81a6074e6767,BTCUSDT|long|confirmed_volume,1679372460000,1679382420000,2023-03-21T04:21:00+00:00,2023-03-21T07:07:00+00:00,27902.4,27543.2,0.0207,577.57968,115.51593600000001,5,27566.7,27566.7,7.894529568000015,1.5802086720940047,exchange_guard_proxy_touch,False,-7.435440000000015,0.45908956800000006,0.0,0.23103187200000003,-7.894529568000015,-136.68295200412894,1,True
BTCUSDT,long,c0f40c1e831d3eab4883c5617ffe6858a529bd4d6ba3deee7be9a6d366f243ec,BTCUSDT|long|confirmed_volume,1679389860000,1679434620000,2023-03-21T09:11:00+00:00,2023-03-21T21:37:00+00:00,27698.9,27897.600000000002,0.0439,1215.98171,243.19634200000002,5,27566.7,27921.4,7.8052812760000325,1.6155961668989587,exchange_guard_proxy_touch,False,8.722930000000032,0.9762745400000001,-0.0035929429956000005,0.4863926840000001,7.743062517004431,63.677458742405186,1,True
ETHUSDT,long,a7c3a70764a095f19c104f1c896d0bb5522ded737b97d3e70cae5a5c1d652142,ETHUSDT|long|confirmed_volume,1679440860000,1679445480000,2023-03-21T23:21:00+00:00,2023-03-22T00:38:00+00:00,1797.89,1779.32,0.27,485.43030000000005,97.08606,5,1772.3,1780.84,7.702417440000038,1.8037772751898271,exchange_guard_proxy_touch,False,-5.013900000000045,0.38633868000000005,-0.025011366246000002,0.19417212000000006,-5.4252500462460445,-111.7616688996555,1,True
ETHUSDT,long,b11eab85b36a58326e8b630ee25cd16ba87cacf0674a50ac5b4739c3ad14a343,ETHUSDT|long|confirmed_volume,1679451360000,1679476560000,2023-03-22T02:16:00+00:00,2023-03-22T09:16:00+00:00,1798.5,1779.32,0.37,665.4449999999999,133.089,5,1780.84,1780.84,7.626117360000024,1.675458677087687,exchange_guard_proxy_touch,False,-7.096600000000024,0.5295173599999999,-0.008399451067000002,0.266178,-7.634516811067023,-114.7279912098975,1,True
ETHUSDT,long,dac28589bd22e4629f6b110238c091c6355eee7b76ace714d4ad21c8ead51236,ETHUSDT|long|high_volume,1679496660000,1679505540000,2023-03-22T14:51:00+00:00,2023-03-22T17:19:00+00:00,1810.63,1778.49,0.23,416.4449,83.28898000000001,5,1780.01,1780.01,7.722399040000023,9.575831754486503,exchange_guard_proxy_touch,False,-7.392200000000023,0.33019904,-0.02300262292,0.16657796000000002,-7.745401662920023,-185.9886304987772,1,True
BTCUSDT,long,2baf85416d774666956923007dc4aed292d5e30f8dc9747825b6fcfe91f4f22c,BTCUSDT|long|high_volume,1679441460000,1679510100000,2023-03-21T23:31:00+00:00,2023-03-22T18:35:00+00:00,28105.300000000003,27938.2,0.0342,961.2012600000002,192.24025200000003,5,27921.4,27962.0,7.869459672000025,2.2536476560081518,exchange_guard_proxy_touch,False,-5.714820000000075,0.7666750800000001,-0.0547799188788,0.38448050400000006,-6.536274998878874,-68.00110726944817,1,True
BTCUSDT,long,bfabfbc671480540d2b7c77a8c882fc3b02e13301997bfd50c437fe42c37bcc3,BTCUSDT|long|high_volume,1679549760000,1679577480000,2023-03-23T05:36:00+00:00,2023-03-23T13:18:00+00:00,27517.300000000003,27264.7,0.027700000000000002,762.2292100000002,152.44584200000003,5,27287.9,27287.9,7.604004560000061,8.745409942564418,exchange_guard_proxy_touch,False,-6.997020000000061,0.6069845600000001,0.008338189459,0.30489168400000005,-7.595666370541061,-99.65068605204803,1,True
ETHUSDT,long,dbd4c029d3e1d1b0ab68a223e03a06a16fe1a3a5bac92be599edb152e7337b80,ETHUSDT|long|high_volume,1679613660000,1679632980000,2023-03-23T23:21:00+00:00,2023-03-24T04:43:00+00:00,1816.1100000000001,1804.02,0.27,490.34970000000004,98.06994,5,1791.64,1805.56,7.409471760000001,3.559031574320678,exchange_guard_proxy_touch,False,-3.2643000000000395,0.3909740400000001,-0.048958020000000005,0.19613988000000004,-3.70423206000004,-75.54265986091231,1,True
BTCUSDT,long,d5a252ec47bcd888720a3109a140e8c36d767f55d491e1b53b8965ad3d51859b,BTCUSDT|long|high_volume,1679583060000,1679633760000,2023-03-23T14:51:00+00:00,2023-03-24T04:56:00+00:00,27575.5,28095.9,0.0145,399.84475000000003,79.96895,5,27100.9,28119.9,7.533639139999958,4.139980950635045,exchange_guard_proxy_touch,False,7.545800000000021,0.32289412,-0.08244497,0.15993790000000002,7.140460910000021,178.58083443636613,1,True
BTCUSDT,long,f0a61749cc369a00ff2732dbebb099cf39a0c25c036a200370c85e39dad80f61,BTCUSDT|long|high_volume,1679639460000,1679645340000,2023-03-24T06:31:00+00:00,2023-03-24T08:09:00+00:00,28333.100000000002,28095.9,0.0291,824.4932100000001,164.89864200000002,5,28119.9,28119.9,7.559353560000021,2.5806741227170127,exchange_guard_proxy_touch,False,-6.902520000000021,0.65683356,-0.0822657,0.3297972840000001,-7.641619260000021,-92.68262209218219,1,True
ETHUSDT,long,97ec9f949b44bb4e8b7184edd7b1d4ba5edcac3a6dd8e3d78f9e2d273c04d8c1,ETHUSDT|long|high_volume,1679700360000,1679769180000,2023-03-24T23:26:00+00:00,2023-03-25T18:33:00+00:00,1752.74,1735.67,0.24,420.6576,84.13152,5,1724.99,1737.15,7.3465209600000065,3.421477005443997,exchange_guard_proxy_touch,False,-4.096799999999985,0.33488736,-0.011133705455999999,0.16826304,-4.442821065455985,-105.61608931957927,1,True
ETHUSDT,long,4e9717b2eaca7831ccc3fbb0016564deac1f1fe3e405aaf615566a2f698018d5,ETHUSDT|long|high_volume,1679820060000,1679894220000,2023-03-26T08:41:00+00:00,2023-03-27T05:17:00+00:00,1782.95,1755.78,0.18,320.931,64.1862,5,1745.09,1757.28,7.336911599999984,35.56276713655327,exchange_guard_proxy_touch,False,-4.8906000000000125,0.25478856,-0.019117815102,0.1283724,-5.164506375102012,-160.922639916431,1,True
BTCUSDT,long,83ce16dbf03fdea492a004df04c0cc4c4c67005af7481a7c24da40ad22603904,BTCUSDT|long|high_volume,1679820060000,1679896320000,2023-03-26T08:41:00+00:00,2023-03-27T05:52:00+00:00,27740.600000000002,27733.7,0.0218,604.74508,120.949016,5,27444.600000000002,27757.300000000003,7.443930896000032,21.67367428141115,exchange_guard_proxy_touch,False,-0.15042000000003172,0.483735896,-0.0397188293482,0.24189803200000004,-0.6738747253482318,-11.143120426018708,1,True
BTCUSDT,long,d69521bb92a5a82a1e6b3e76262481717c55b6fe9e66d10fb3a7c210c4b647ce,BTCUSDT|long|high_volume,1680052860000,1680108420000,2023-03-29T01:21:00+00:00,2023-03-29T16:47:00+00:00,27460.4,28187.4,0.0177,486.04908000000006,97.20981600000002,5,27079.9,28211.4,7.529701775999974,7.456757325171077,exchange_guard_proxy_touch,False,12.8679,0.39398642400000006,-0.08559015971880002,0.19441963200000004,12.388323416281201,254.8780344627172,1,True
ETHUSDT,long,c8bf1b1f73bb3cf0021b4950bc07e4e3f1c8c80b909180fda8ff1a7527f44dfb,ETHUSDT|long|high_volume,1679967660000,1680127260000,2023-03-28T01:41:00+00:00,2023-03-29T22:01:00+00:00,1722.6000000000001,1789.05,0.24,413.42400000000004,82.68480000000001,5,1694.99,1790.58,7.302349440000041,5.981955888218989,exchange_guard_proxy_touch,False,15.947999999999956,0.3371184,-0.160623377688,0.1653696,15.450258222311957,373.7145937901998,1,True
ETHUSDT,long,c2acaf9f8dc89610711ddf167bf4a070cac5ad08c82e088600723ab1e6b89f32,ETHUSDT|long|confirmed_volume,1680135660000,1680137160000,2023-03-30T00:21:00+00:00,2023-03-30T00:46:00+00:00,1798.8600000000001,1789.05,0.68,1223.2248000000002,244.64496000000003,5,1790.58,1790.58,7.646711520000118,1.7016869863159885,exchange_guard_proxy_touch,False,-6.670800000000118,0.9759115200000001,0.0,0.4892899200000001,-7.646711520000118,-62.51272472566055,1,True
BTCUSDT,long,e3aae4d16bcbf69ee616460a697b12f92e6f5c8bcd48fc0fd7b81bb5032b0152,BTCUSDT|long|high_volume,1680142860000,1680145860000,2023-03-30T02:21:00+00:00,2023-03-30T03:11:00+00:00,28774.5,28175.9,0.0122,351.0489,70.20978,5,28199.9,28199.9,7.580837951999983,7.727914308232429,exchange_guard_proxy_touch,False,-7.3029199999999825,0.277917952,0.0,0.14041956,-7.580837951999983,-215.94820413908099,1,True
ETHUSDT,long,04151591cf46bcdb9f0972c9ee6f1e5fa67041e981b2d28d9d40bb8ad99168db,ETHUSDT|long|confirmed_volume,1680233760000,1680247320000,2023-03-31T03:36:00+00:00,2023-03-31T07:22:00+00:00,1808.19,1779.58,0.25,452.0475,90.40950000000001,5,1781.1,1781.1,7.511277000000032,1.8598905383901176,exchange_guard_proxy_touch,False,-7.152500000000032,0.358777,0.0,0.180819,-7.511277000000032,-166.16123305626138,1,True
ETHUSDT,long,50cf156c23ed3c12f1e73893058689f6cf1f5f6e716f9813c5f97c812d4bfb30,ETHUSDT|long|high_volume,1680291660000,1680296220000,2023-03-31T19:41:00+00:00,2023-03-31T20:57:00+00:00,1828.79,1816.13,0.52,950.9708,190.19416,5,1817.68,1817.68,7.341343359999925,4.07469887146659,exchange_guard_proxy_touch,False,-6.583199999999924,0.7581433600000002,0.0,0.38038832000000006,-7.341343359999924,-77.19840987756852,1,True
ETHUSDT,long,b58d0563bdb106591745b6df0f2507da5ea8c98c32e1c6dedb83579202586d36,ETHUSDT|long|confirmed_volume,1680302460000,1680326880000,2023-03-31T22:41:00+00:00,2023-04-01T05:28:00+00:00,1828.6100000000001,1817.44,0.53,969.1633000000002,193.83266000000003,5,1817.68,1818.99,7.3870848800000095,1.6369396353696695,exchange_guard_proxy_touch,False,-5.920100000000039,0.7729626,-0.09650293000000001,0.3876653200000001,-6.789565530000038,-70.05594960106347,1,True
BTCUSDT,long,f5f4d19cd8ca965a0b4ff4f795eae20432fb792e933a7836c260d9341af2f4b5,BTCUSDT|long|high_volume,1680299760000,1680330600000,2023-03-31T21:56:00+00:00,2023-04-01T06:30:00+00:00,28522.600000000002,28375.7,0.023100000000000002,658.8720600000001,131.77441200000004,5,28250.0,28399.9,7.378126140000018,4.331880577409084,exchange_guard_proxy_touch,False,-3.393390000000034,0.5257402920000002,-0.065730588,0.26354882400000007,-3.984860880000034,-60.48004038902535,1,True
ETHUSDT,long,2c63e1f809a61c87f5454f11db5d356034e9db542e85ea22c9ae2b329ed326be,ETHUSDT|long|high_volume,1680337860000,1680358740000,2023-04-01T08:31:00+00:00,2023-04-01T14:19:00+00:00,1827.8600000000001,1817.44,0.61,1114.9946,222.99892,5,1818.99,1818.99,7.245653200000045,3.7987937225713373,exchange_guard_proxy_touch,False,-6.356200000000044,0.8894532,0.0,0.4459978400000001,-7.245653200000044,-64.98375149081478,1,True
ETHUSDT,long,605250f2655e53d45b55b9c742a27f08abc9e171bd5e5b5eea725f68b971e9bd,ETHUSDT|long|high_volume,1680387960000,1680396600000,2023-04-01T22:26:00+00:00,2023-04-02T00:50:00+00:00,1822.83,1809.65,0.49,893.1867,178.63734,5,1811.19,1811.19,7.17016607999992,2.1989127766571657,exchange_guard_proxy_touch,False,-6.45819999999992,0.7119660800000001,-0.035552744829,0.35727468,-7.20571882482892,-80.67427364098592,1,True
BTCUSDT,long,28a8ecb6a05f31bde0b02a4566276fe0772ef88d3be915a9c4f917f0586cf0c4,BTCUSDT|long|confirmed_volume,1680418260000,1680423300000,2023-04-02T06:51:00+00:00,2023-04-02T08:15:00+00:00,28504.2,28341.7,0.0337,960.59154,192.118308,5,28339.9,28365.9,7.115013599999927,1.6970684788715233,exchange_guard_proxy_touch,False,-5.47625,0.7662827320000001,-0.06597454422330001,0.38423661600000003,-6.308507276223301,-65.67315048624414,1,True
BTCUSDT,long,d933712108a5f70e77d8b69155d7a8fed6533a0f1b4049de660f85240e4c8cdf,BTCUSDT|long|high_volume,1680529860000,1680552660000,2023-04-03T13:51:00+00:00,2023-04-03T20:11:00+00:00,28336.300000000003,27839.2,0.0085,240.85855000000004,48.171710000000004,5,27559.100000000002,27862.9,6.995914460000006,4.046073997607861,exchange_guard_proxy_touch,False,-4.225350000000019,0.19099670000000002,-0.013553926667999998,0.09634342000000001,-4.42990062666802,-183.92125281282392,1,True
ETHUSDT,long,014024f39e00e4046c3e4217cbf7f1d0518f29370926c3c6b10e1754b40e77ae,ETHUSDT|long|high_volume,1680546660000,1680552720000,2023-04-03T18:31:00+00:00,2023-04-03T20:12:00+00:00,1813.88,1785.49,0.23,417.1924,83.43848,5,1787.01,1787.01,6.860842040000024,5.423899043089774,exchange_guard_proxy_touch,False,-6.529700000000023,0.33114204,0.0,0.16687696000000002,-6.860842040000023,-164.4527091097542,1,True
ETHUSDT,long,bec66ea82ed24d40ffd2db26c88d58f010e65a048ab6779441e56b15b8f1b402,ETHUSDT|long|high_volume,1680560460000,1680682200000,2023-04-03T22:21:00+00:00,2023-04-05T08:10:00+00:00,1815.5,1902.51,0.22,399.41,79.882,5,1787.01,1904.13,6.919087119999998,3.552184510442661,exchange_guard_proxy_touch,False,19.1422,0.32718488000000007,-0.14938007183000002,0.15976400000000002,18.66563504817,467.330188231892,1,True
BTCUSDT,long,4cc07b6c5dcd27a77c23d32de23ca33ccbf86686a183f14b89347d62835e2b92,BTCUSDT|long|high_volume,1680601560000,1680698040000,2023-04-04T09:46:00+00:00,2023-04-05T12:34:00+00:00,28157.5,28408.100000000002,0.0154,433.6255,86.7251,5,27753.100000000002,28432.300000000003,6.93546392,3.664906451364371,exchange_guard_proxy_touch,False,3.8592400000000335,0.34844409600000004,-0.043864338009800004,0.1734502,3.4669315659902336,79.95220682340484,1,True
ETHUSDT,long,7ff6c86e5b770708b715cad512bda813793133a354a1fc4b76295317adfffa06,ETHUSDT|long|high_volume,1680683760000,1680698040000,2023-04-05T08:36:00+00:00,2023-04-05T12:34:00+00:00,1914.96,1902.51,0.51,976.6296,195.32592,5,1904.13,1904.13,7.128263880000023,2.0589189066583313,exchange_guard_proxy_touch,False,-6.349500000000023,0.7787638800000002,0.0,0.39065184000000003,-7.1282638800000235,-72.9884070685552,1,True
BTCUSDT,long,35258eb5b779e7d8afdc31af9bee7d57c39327f9dc316c45e98b16b0898d1bd8,BTCUSDT|long|high_volume,1680753660000,1680768000000,2023-04-06T04:01:00+00:00,2023-04-06T08:00:00+00:00,28131.0,27831.2,0.022000000000000002,618.8820000000001,123.77640000000001,5,27854.9,27854.9,7.088067359999985,4.02372840186965,exchange_guard_proxy_touch,False,-6.595599999999985,0.49246736,-0.022081911852,0.24755280000000002,-7.110149271851985,-114.88699415804604,1,True
BTCUSDT,long,2057b9960220a1bdf1746d695337f78f5a469f444dfe1e7f38fbd04caaa54664,BTCUSDT|long|confirmed_volume,1680773460000,1680775260000,2023-04-06T09:31:00+00:00,2023-04-06T10:01:00+00:00,28011.7,27831.2,0.0346,969.20482,193.840964,5,27854.9,27854.9,7.018165736,1.680411167637445,exchange_guard_proxy_touch,False,-6.245299999999999,0.772865736,0.0,0.38768192800000006,-7.018165735999999,-72.41158515905853,1,True
BTCUSDT,long,5f37384ec3fe209b768c6c7e2904c49214402cd0d8931686ecbd3cefd87228a8,BTCUSDT|long|high_volume,1680784260000,1680785340000,2023-04-06T12:31:00+00:00,2023-04-06T12:49:00+00:00,27974.7,27831.2,0.0419,1172.13993,234.427986,5,27854.9,27854.9,6.947956884,3.780540488280231,exchange_guard_proxy_touch,False,-6.01265,0.9353068840000002,0.0,0.468855972,-6.947956884,-59.27583137620778,1,True
BTCUSDT,long,410fe9a2a92328facc04073cc6057666124d95e0b8ff939195ad136c532705ef,BTCUSDT|long|confirmed_volume,1680813360000,1680819180000,2023-04-06T20:36:00+00:00,2023-04-06T22:13:00+00:00,28108.4,27907.4,0.0159,446.92356000000007,89.38471200000001,5,27723.9,27931.2,6.843733331999977,1.6261170581754376,exchange_guard_proxy_touch,False,-3.1959000000000004,0.35626048800000004,0.0,0.17876942400000004,-3.5521604880000006,-79.48026924335785,1,True
BTCUSDT,long,da3886de0a7a1937f4f3998e8e41efa730d4131b3f8178cf2ca4fcbc696af0d5,BTCUSDT|long|high_volume,1680828060000,1680834780000,2023-04-07T00:41:00+00:00,2023-04-07T02:33:00+00:00,28065.800000000003,27907.4,0.0378,1060.88724,212.177448,5,27931.2,27931.2,6.8338347840000555,2.09550671730246,exchange_guard_proxy_touch,False,-5.987520000000055,0.8463147840000002,0.0,0.42435489600000004,-6.8338347840000555,-64.41622187858584,1,True
ETHUSDT,long,f315bcd9582cd828212856e4843aed92e1628cb8cb98388bf398afd8e35a1359,ETHUSDT|long|high_volume,1680813360000,1680845520000,2023-04-06T20:36:00+00:00,2023-04-07T05:32:00+00:00,1877.38,1863.5900000000001,0.25,469.345,93.869,5,1853.23,1865.18,6.8054030000000045,2.505054412783988,exchange_guard_proxy_touch,False,-3.447499999999991,0.37409700000000007,-0.0097683948,0.18773800000000002,-3.831365394799991,-81.63217664617692,1,True
ETHUSDT,long,1d5cf9e45443424386901a5fc738642b40f0924fcd625f3778ff95cfd3d06e0b,ETHUSDT|long|high_volume,1680902460000,1680956400000,2023-04-07T21:21:00+00:00,2023-04-08T12:20:00+00:00,1858.8700000000001,1863.01,0.5700000000000001,1059.5559000000003,211.91118000000006,5,1850.21,1864.6,6.682110000000006,3.4824397656071833,exchange_guard_proxy_touch,False,2.3597999999999275,0.8485886400000001,-0.050710485594,0.4238223600000001,1.4605008744059276,13.78408514742759,1,True
ETHUSDT,long,80c2911d80b98040a5484cd7f94e3aa446e96a9f2d4d0f3ab5d575f756bbcf86,ETHUSDT|long|confirmed_volume,1680963060000,1680968640000,2023-04-08T14:11:00+00:00,2023-04-08T15:44:00+00:00,1869.51,1863.01,0.8,1495.6080000000002,299.12160000000006,5,1864.6,1864.6,6.3944064,1.5101361082479177,exchange_guard_proxy_touch,False,-5.2,1.1944064,0.0,0.5982432000000001,-6.3944064,-42.75456135564934,1,True
BTCUSDT,long,8903b7ab618c2991296026697ffb9cbfbe3fb9bf7c3aa1b2b9e9cd7c9d821897,BTCUSDT|long|high_volume,1680907560000,1680976320000,2023-04-07T22:46:00+00:00,2023-04-08T17:52:00+00:00,27973.600000000002,27901.2,0.038200000000000005,1068.5915200000002,213.71830400000005,5,27842.100000000002,27925.0,6.781141760000029,8.373998633529762,exchange_guard_proxy_touch,False,-2.765680000000056,0.8537669440000002,-0.041999686768000005,0.4274366080000001,-3.661446630768056,-34.264230646038214,1,True
BTCUSDT,long,9c2ce94211154d1713c413bf5ee3e40b33999999f5afdbb2f359179a4670c95f,BTCUSDT|long|high_volume,1681017060000,1681023420000,2023-04-09T05:11:00+00:00,2023-04-09T06:57:00+00:00,28063.600000000002,27842.600000000002,0.0273,766.13628,153.227256,5,27866.300000000003,27866.300000000003,6.643795704,2.092862867649535,exchange_guard_proxy_touch,False,-6.0333000000000006,0.6104957040000001,0.0,0.306454512,-6.643795704,-86.71819723770292,1,True
BTCUSDT,long,fffe105976a55ab8bb0e69d861f7a03663c5e2935337ba104affc6904743c3b9,BTCUSDT|long|high_volume,1681032360000,1681032780000,2023-04-09T09:26:00+00:00,2023-04-09T09:33:00+00:00,27915.100000000002,27842.600000000002,0.053700000000000005,1499.0408700000003,299.80817400000007,5,27866.300000000003,27866.300000000003,5.090925396,2.1207181652215286,exchange_guard_proxy_touch,False,-3.8932500000000005,1.1976753960000002,0.0,0.5996163480000001,-5.090925396000001,-33.96121812209163,1,True
BTCUSDT,long,56594e09a934505a0f7c72b0f3a13defd7849c1a96a87fd2297022a3f74a2707,BTCUSDT|long|high_volume,1681066560000,1681102560000,2023-04-09T18:56:00+00:00,2023-04-10T04:56:00+00:00,28047.800000000003,28205.9,0.0273,765.7049400000001,153.14098800000002,5,27854.9,28229.9,6.52337868000006,24.73321625036515,exchange_guard_proxy_touch,False,4.31612999999996,0.6142904040000001,-0.077284662,0.30628197600000007,3.6245549339999603,47.33618323005673,1,True
ETHUSDT,long,2bc69a2ab0a3ad881114bbe34e2d649e29cb2482ecefb05c8c7d04814c526a0e,ETHUSDT|long|high_volume,1681115760000,1681129800000,2023-04-10T08:36:00+00:00,2023-04-10T12:30:00+00:00,1861.52,1850.79,0.53,986.6056000000001,197.32112,5,1852.3700000000001,1852.3700000000001,6.47390972000001,2.9417287637328164,exchange_guard_proxy_touch,False,-5.68690000000001,0.7870097200000001,0.0,0.39464224000000003,-6.473909720000011,-65.61801108771337,1,True
ETHUSDT,long,6cde833ed5a69e866c15ea852033d8bce132d450e432605c0e3ce6d44aaabfbd,ETHUSDT|long|high_volume,1681139760000,1681215600000,2023-04-10T15:16:00+00:00,2023-04-11T12:20:00+00:00,1865.2,1909.41,0.4,746.08,149.216,5,1852.3700000000001,1911.04,6.358558400000033,2.446706988315706,exchange_guard_proxy_touch,False,17.684000000000015,0.6039376000000001,-0.10200865592000001,0.29843200000000003,16.978053744080018,227.56344821037982,1,True
ETHUSDT,long,b77cd17079267855acce40d271c275a1dc50b19bfe273e8cf7c80ebc98de9cc2,ETHUSDT|long|high_volume,1681221960000,1681223700000,2023-04-11T14:06:00+00:00,2023-04-11T14:35:00+00:00,1920.06,1909.41,0.54,1036.8324,207.36648,5,1911.04,1911.04,6.578165519999927,2.94292948579953,exchange_guard_proxy_touch,False,-5.750999999999927,0.8271655200000001,0.0,0.41473296000000004,-6.578165519999927,-63.444829849066515,1,True
BTCUSDT,long,af27530a18070d76e827f488e78f8ce123f15d0be9778c10d13ad70e77c45763,BTCUSDT|long|high_volume,1681209960000,1681224240000,2023-04-11T10:46:00+00:00,2023-04-11T14:44:00+00:00,30132.600000000002,29940.4,0.015600000000000001,470.06856000000005,94.01371200000001,5,29752.0,29965.9,6.705562032000023,2.6343696783110526,exchange_guard_proxy_touch,False,-2.9983200000000116,0.37485552,0.0,0.18802742400000003,-3.3731755200000118,-71.75922422890847,1,True
BTCUSDT,long,127672f3174cbf11ddce66069e79e81aea065582157ef0ec7a26c7e31d9d8580,BTCUSDT|long|high_volume,1681302960000,1681312260000,2023-04-12T12:36:00+00:00,2023-04-12T15:11:00+00:00,30404.0,29884.4,0.0115,349.646,69.92920000000001,5,29881.300000000003,29909.9,6.580345539999984,68.23189927141772,exchange_guard_proxy_touch,False,-5.975399999999983,0.27732664,0.0,0.1398584,-6.252726639999983,-178.830206551769,1,True
BTCUSDT,long,db1237a0e4f06076bd2944c06596dad1455488dc41191006c48f2fa72f30655e,BTCUSDT|long|high_volume,1681320960000,1681325220000,2023-04-12T17:36:00+00:00,2023-04-12T18:47:00+00:00,30051.7,29884.4,0.0342,1027.7681400000001,205.55362800000003,5,29909.9,29909.9,6.541585847999976,2.510800054479065,exchange_guard_proxy_touch,False,-5.721659999999975,0.8199258480000002,0.0,0.41110725600000003,-6.541585847999976,-63.648459155388636,1,True
BTCUSDT,long,db8886a3439902f8e13025f32b67ae56ecdbf5c131d3a0b18cbaad75e6b00607,BTCUSDT|long|high_volume,1681346160000,1681476300000,2023-04-13T00:36:00+00:00,2023-04-14T12:45:00+00:00,30003.5,30620.800000000003,0.0205,615.0717500000001,123.01435000000001,5,29735.9,30646.9,6.494105619999956,3.353698252989326,exchange_guard_proxy_touch,False,12.65465000000006,0.4971192600000001,-0.15195482994450002,0.24602870000000002,12.00557591005556,195.18984427516887,1,True
ETHUSDT,long,b60e39be31e1be7e97de8d258a2403992103ddaf90af415e76d732906e8802ad,ETHUSDT|long|high_volume,1681302960000,1681476780000,2023-04-12T12:36:00+00:00,2023-04-14T12:53:00+00:00,1893.07,2099.21,0.19,359.6833,71.93665999999999,5,1862.8,2101.0,6.338725279999981,40.977093389613806,exchange_guard_proxy_touch,False,39.16660000000002,0.30341328,-0.20226910240799997,0.14387332,38.66091761759201,1074.859956455916,1,True
ETHUSDT,long,1ee237dd2d5a8ca3dc2e89e716e3dfc4e29c57b3378abb418fbcf04334b913a4,ETHUSDT|long|high_volume,1681543560000,1681580100000,2023-04-15T07:26:00+00:00,2023-04-15T17:35:00+00:00,2094.13,2090.51,0.26,544.4738000000001,108.89476000000002,5,2070.99,2092.29,6.909588399999962,3.199200667470259,exchange_guard_proxy_touch,False,-0.9411999999999716,0.43520256000000007,-0.10908196,0.21778952000000001,-1.4854845199999716,-27.282938499519563,1,True
ETHUSDT,long,41b95787c3566bfbe65610c806bb2377b181943e08e1b138470d4128525a4be1,ETHUSDT|long|high_volume,1681588860000,1681591500000,2023-04-15T20:01:00+00:00,2023-04-15T20:45:00+00:00,2101.89,2090.51,0.53,1114.0017,222.80034,5,2092.29,2092.29,6.920188799999817,3.156753424684384,exchange_guard_proxy_touch,False,-6.031399999999818,0.8887888,0.0,0.44560067999999997,-6.920188799999818,-62.120091917272816,1,True
BTCUSDT,long,1a46fd15ac2a0dd92d43cf84d8a517a13ff4268966248f4c0ad01a6a602b57d1,BTCUSDT|long|high_volume,1681671660000,1681691340000,2023-04-16T19:01:00+00:00,2023-04-17T00:29:00+00:00,30481.9,30145.100000000002,0.0176,536.48144,107.296288,5,30142.4,30170.800000000003,6.854134144000013,21.756401022242848,exchange_guard_proxy_touch,False,-5.927679999999987,0.42681408000000004,-0.053304416,0.21459257600000003,-6.4077984959999865,-119.4411962508896,1,True
ETHUSDT,long,00feedddbd008efc9be51c4ff4277bf43a78803e66ea23df76fcd9b8a121b01b,ETHUSDT|long|high_volume,1681671660000,1681691400000,2023-04-16T19:01:00+00:00,2023-04-17T00:30:00+00:00,2131.81,2094.56,0.11,234.4991,46.89982,5,2074.99,2096.35,6.6299213199999665,32.54848885791236,exchange_guard_proxy_touch,False,-4.0975,0.18596028,-0.023298990000000006,0.09379964,-4.30675927,-183.6578165971639,1,True
ETHUSDT,long,671e44498d9447c52e36a9e949373636853cce8812d687d4203e8956e09ca27f,ETHUSDT|long|confirmed_volume,1681784760000,1681828080000,2023-04-18T02:26:00+00:00,2023-04-18T14:28:00+00:00,2078.7400000000002,2092.12,0.42,873.0708000000001,174.61416000000003,5,2066.39,2093.8999999999996,6.622286160000053,1.58602844096186,exchange_guard_proxy_touch,False,5.6195999999998545,0.7007044800000001,-0.08820042,0.34922832000000004,4.830695099999855,55.329935441660105,1,True
BTCUSDT,long,89f1d7806f2996b61e2722c269c709c57e96f26d207e7c05bfedd8c54e732449,BTCUSDT|long|high_volume,1681883160000,1681885080000,2023-04-19T05:46:00+00:00,2023-04-19T06:18:00+00:00,30307.800000000003,30081.5,0.027200000000000002,824.3721600000001,164.874432,5,30107.100000000002,30107.100000000002,6.81239558400008,2.872493181673782,exchange_guard_proxy_touch,False,-6.15536000000008,0.6570355840000001,0.0,0.3297488640000001,-6.81239558400008,-82.63738047631398,1,True
ETHUSDT,long,1d58ddb3ed13c03376fac6bd9ec8c116691b5eb1dc22314de9966f1e801d386e,ETHUSDT|long|high_volume,1681971660000,1681975860000,2023-04-20T06:21:00+00:00,2023-04-20T07:31:00+00:00,1961.8600000000001,1946.81,0.4,784.7440000000001,156.94880000000003,5,1948.47,1948.47,6.645387200000073,5.82631545347246,exchange_guard_proxy_touch,False,-6.020000000000073,0.6253872,0.0,0.31389760000000005,-6.645387200000073,-84.6822301285524,1,True
ETHUSDT,long,045cb79a17a9cd3b5a34ce96d3e12f367e448c730aa84aa51773a70a347ea8eb,ETHUSDT|long|high_volume,1682028360000,1682056260000,2023-04-20T22:06:00+00:00,2023-04-21T05:51:00+00:00,1948.02,1931.3700000000001,0.22,428.5644,85.71288,5,1920.99,1933.02,6.647728559999966,2.8721790207702096,exchange_guard_proxy_touch,False,-3.66299999999997,0.34138632,-0.0368299844,0.17142576,-4.04121630439997,-94.29659356680047,1,True
BTCUSDT,long,ad643b5d3d3cf7e876384107e5e71283c99a15ec9074fc66f7d16cde83b69b4c,BTCUSDT|long|high_volume,1682049660000,1682058780000,2023-04-21T04:01:00+00:00,2023-04-21T06:33:00+00:00,28331.100000000002,28052.100000000002,0.0221,626.1173100000001,125.22346200000001,5,28076.0,28076.0,6.664327488000001,2.925377535867404,exchange_guard_proxy_touch,False,-6.165900000000001,0.49842748800000014,0.0,0.25044692400000007,-6.6643274880000005,-106.43895930620413,1,True
BTCUSDT,long,9c184f4b9006a0eb97d3eef5f7c879708f887ee0468194e6d6b0452a6e79c064,BTCUSDT|long|confirmed_volume,1682163960000,1682209980000,2023-04-22T11:46:00+00:00,2023-04-23T00:33:00+00:00,27305.7,27531.0,0.0356,972.0829200000001,194.416584,5,27165.9,27554.5,6.574586639999922,1.6540301491391696,exchange_guard_proxy_touch,False,8.020679999999974,0.780874608,-0.0577448620216,0.388833168,7.182060529978374,73.88320874908875,1,True
ETHUSDT,long,589242a2f31ac4364116f0856dd7b5463ee1810622efef7f018f129e56494ba7,ETHUSDT|long|confirmed_volume,1682169360000,1682209980000,2023-04-22T13:16:00+00:00,2023-04-23T00:33:00+00:00,1858.58,1861.19,0.29,538.9881999999999,107.79763999999997,5,1839.25,1862.78,6.48976615999996,1.5629203898553394,exchange_guard_proxy_touch,False,0.7569000000000369,0.43149331999999996,0.022571356676,0.21559527999999997,0.34797803667603694,6.456134599533664,1,True
BTCUSDT,long,8b497cb283f013ab586c7f524db2d91f975e09731de9b92b36aa781eaa999d36,BTCUSDT|long|high_volume,1682289360000,1682320260000,2023-04-23T22:36:00+00:00,2023-04-24T07:11:00+00:00,27577.800000000003,27366.9,0.0285,785.9673000000001,157.19346000000002,5,27390.2,27390.2,6.637019580000041,5.135596932255754,exchange_guard_proxy_touch,False,-6.010650000000042,0.6263695800000001,-0.036772876288500005,0.31438692000000007,-6.673792456288542,-84.91183356214108,1,True
ETHUSDT,long,e4cc785d4769a90ca592f335cd83e0036da89a0aa55ba3a53669baf959500254,ETHUSDT|long|high_volume,1682381760000,1682394540000,2023-04-25T00:16:00+00:00,2023-04-25T03:49:00+00:00,1846.66,1825.02,0.28,517.0648000000001,103.41296000000003,5,1826.58,1826.58,6.470428160000029,5.477439797900391,exchange_guard_proxy_touch,False,-6.059200000000029,0.4112281600000001,0.0,0.20682592000000005,-6.470428160000029,-125.13766475691301,1,True
BTCUSDT,long,9f8208bd9fed23974fb5f509947eac9a00e04a4c52cb0abb318b9226a83b1d79,BTCUSDT|long|high_volume,1682402160000,1682407980000,2023-04-25T05:56:00+00:00,2023-04-25T07:33:00+00:00,27457.5,27281.800000000003,0.033,906.0975000000001,181.2195,5,27305.100000000002,27305.100000000002,6.520658759999905,3.0876278101929144,exchange_guard_proxy_touch,False,-5.798099999999904,0.7225587600000001,0.0,0.362439,-6.520658759999904,-71.96420650095496,1,True
BTCUSDT,long,9ec00cc0a31548512f0fd6f81caef0f3bea3c136ac6b9710337a936704d3a909,BTCUSDT|long|high_volume,1682413260000,1682415120000,2023-04-25T09:01:00+00:00,2023-04-25T09:32:00+00:00,27451.9,27281.800000000003,0.033600000000000005,922.3838400000002,184.47676800000005,5,27305.100000000002,27305.100000000002,6.450980927999953,3.272238457987158,exchange_guard_proxy_touch,False,-5.715359999999952,0.7356209280000002,0.0,0.36895353600000014,-6.450980927999952,-69.93813907234055,1,True
ETHUSDT,long,ab10cbb024f2b52707a6fbf710879028d9bf756e116de7a66ab6f7c6a03fa3be,ETHUSDT|long|high_volume,1682489460000,1682493720000,2023-04-26T06:11:00+00:00,2023-04-26T07:22:00+00:00,1871.04,1859.33,0.49,916.8095999999999,183.36192,5,1860.92,1860.92,6.469052520000018,2.6247366716824443,exchange_guard_proxy_touch,False,-5.7379000000000175,0.73115252,0.0,0.36672383999999997,-6.469052520000018,-70.5604797331967,1,True
BTCUSDT,long,02721c01c232878d2ee290ac17e511c86911eb89fe1b56416eba289e530a59fe,BTCUSDT|long|high_volume,1682444460000,1682537940000,2023-04-25T17:41:00+00:00,2023-04-26T19:39:00+00:00,27502.800000000003,28275.800000000003,0.0183,503.30124000000006,100.66024800000001,5,27199.9,28299.9,6.36788394000004,2.392160794495198,exchange_guard_proxy_touch,False,14.145900000000001,0.4082993520000001,-0.0857882441868,0.20132049600000004,13.651812403813201,271.24535603793066,1,True
ETHUSDT,long,b00ebf861792d24618fc3d5cd3be64d49549e30993b4c6f61e88b80f80454c70,ETHUSDT|long|high_volume,1682497260000,1682537940000,2023-04-26T08:21:00+00:00,2023-04-26T19:39:00+00:00,1868.19,1859.33,0.62,1158.2778,231.65556,5,1860.92,1860.92,6.417624960000079,3.646566296125242,exchange_guard_proxy_touch,False,-5.493200000000079,0.9244249600000001,-0.10534374120000001,0.46331112,-6.52296870120008,-56.3160987908089,1,True
BTCUSDT,long,97619672112953fa94fe39628c755ae1696bb3dabddb8835fa453265af3c87d6,BTCUSDT|long|confirmed_volume,1682546460000,1682548020000,2023-04-26T22:01:00+00:00,2023-04-26T22:27:00+00:00,28713.4,28275.800000000003,0.013900000000000001,399.11626000000007,79.82325200000001,5,28299.9,28299.9,6.399499951999981,1.6673047056880612,exchange_guard_proxy_touch,False,-6.08263999999998,0.31685995200000006,0.0,0.15964650400000002,-6.39949995199998,-160.34174984501956,1,True
BTCUSDT,long,58efcdd411a426b5de492dd663d7d9398584538359f6c9f3061610b05f3c808f,BTCUSDT|long|high_volume,1682593860000,1682670660000,2023-04-27T11:11:00+00:00,2023-04-28T08:31:00+00:00,29084.4,29289.800000000003,0.0122,354.82968000000005,70.96593600000001,5,28612.600000000002,29314.800000000003,6.335082288000009,4.094657171650434,exchange_guard_proxy_touch,False,2.505880000000018,0.28486609600000007,-0.083503997878,0.14193187200000001,2.137509906122018,60.24044849128793,1,True
ETHUSDT,long,48818d369fb814022838b3e4ab42da27b08651b24be137f4be38a424d3455f16,ETHUSDT|long|high_volume,1682604360000,1682672940000,2023-04-27T14:06:00+00:00,2023-04-28T09:09:00+00:00,1891.71,1899.54,0.27,510.7617,102.15234000000001,5,1871.76,1901.16,6.224781959999988,6.032336076024515,exchange_guard_proxy_touch,False,2.1140999999999806,0.40945500000000007,-0.103760010909,0.20430468000000002,1.6008849890909804,31.34308992023052,1,True
ETHUSDT,long,cb206ebe97cccfb3f05855de4158094896b1e45d3ba81c48e0884e113beaaf2d,ETHUSDT|long|high_volume,1682678460000,1682682660000,2023-04-28T10:41:00+00:00,2023-04-28T11:51:00+00:00,1912.32,1899.54,0.44,841.4208,168.28415999999999,5,1901.16,1901.16,6.294087359999988,2.092224249365551,exchange_guard_proxy_touch,False,-5.623199999999988,0.6708873599999999,0.0,0.33656832000000003,-6.294087359999988,-74.80308734939744,1,True
BTCUSDT,long,da3fded6015ecd7dfc0fa08dc8b46bf34e0749e49a21c6b27a2550c434ac3072,BTCUSDT|long|high_volume,1682742360000,1682783280000,2023-04-29T04:26:00+00:00,2023-04-29T15:48:00+00:00,29435.600000000002,29200.0,0.0207,609.31692,121.863384,5,29179.9,29224.9,6.293550168000045,3.1754896528319,exchange_guard_proxy_touch,False,-4.876920000000045,0.48550276800000003,-0.0409927241466,0.243726768,-5.403415492146645,-88.67988586541541,1,True
ETHUSDT,long,d02017868e80828c64fdbea68e859ed5f8d90e1678cbc7c255404fa2851c56d6,ETHUSDT|long|high_volume,1682742060000,1682789400000,2023-04-29T04:21:00+00:00,2023-04-29T17:30:00+00:00,1900.33,1890.6100000000001,0.34,646.1122,129.22244,5,1885.09,1892.22,6.243598159999969,2.0938797978141888,exchange_guard_proxy_touch,False,-3.3047999999999322,0.5155678400000001,-0.078722896608,0.25844488000000004,-3.899090736607932,-60.34696042897707,1,True
ETHUSDT,long,3e6e4a2a61b9aecd4018e8aa2979b89c5ce6e094b57e78e2b95d6fdd88fddc57,ETHUSDT|long|high_volume,1682796660000,1682819880000,2023-04-29T19:31:00+00:00,2023-04-30T01:58:00+00:00,1903.31,1890.6100000000001,0.43,818.4232999999999,163.68465999999998,5,1892.22,1892.22,6.113554239999922,3.988390697436891,exchange_guard_proxy_touch,False,-5.460999999999922,0.65255424,-0.051685501328999996,0.32736932,-6.1652397413289215,-75.33069673516043,1,True
ETHUSDT,long,3fcc35395c45552ce8ce6d06afb490f6724409ed6d5a7accb372b84c40b0e0d8,ETHUSDT|long|high_volume,1682834460000,1682882340000,2023-04-30T06:01:00+00:00,2023-04-30T19:19:00+00:00,1904.66,1894.78,0.38,723.7708,144.75416,5,1891.66,1896.4,6.128595920000048,4.281191725850655,exchange_guard_proxy_touch,False,-3.7544000000000417,0.5775148800000001,-0.058917630936,0.28950832000000004,-4.3908325109360415,-60.666063219682826,1,True
BTCUSDT,long,99d171ff9b54702b972da7f0772052fd499fe7be4cedaba61b0348528d5f9afd,BTCUSDT|long|high_volume,1682830560000,1682885700000,2023-04-30T04:56:00+00:00,2023-04-30T20:15:00+00:00,29205.9,29125.100000000002,0.0329,960.87411,192.174822,5,29067.300000000003,29149.9,6.1424089440000476,3.1745857483599877,exchange_guard_proxy_touch,False,-2.658319999999976,0.76763596,-0.0929719669179,0.384349644,-3.5189279269178755,-36.62215362341145,1,True
BTCUSDT,long,c2833d345664b09536e77bc25889a8a6486b1ac091f8158ff249fb80139b2698,BTCUSDT|long|high_volume,1682888760000,1682899140000,2023-04-30T21:06:00+00:00,2023-04-30T23:59:00+00:00,29379.4,29125.100000000002,0.0218,640.47092,128.09418399999998,5,29149.9,29149.9,6.053899239999984,2.335926029881682,exchange_guard_proxy_touch,False,-5.543739999999984,0.51015924,0.0,0.256188368,-6.053899239999984,-94.52262469621546,1,True
ETHUSDT,long,5d36fa152db2c931344565300b80d3facbb10fa56832f15f709122c25e95d02f,ETHUSDT|long|confirmed_volume,1682944260000,1682949600000,2023-05-01T12:31:00+00:00,2023-05-01T14:00:00+00:00,1848.6200000000001,1829.0900000000001,0.28,517.6136000000001,103.52272000000002,5,1830.65,1830.65,5.880303519999993,1.5511947558331307,exchange_guard_proxy_touch,False,-5.468399999999993,0.4119035200000001,0.0,0.20704544000000005,-5.880303519999993,-113.60411550237457,1,True
ETHUSDT,long,962467fa2ec2edc2d168b3f71b0a124f6a4f80b40939ceea9dd91499008198bf,ETHUSDT|long|confirmed_volume,1682960460000,1682966040000,2023-05-01T17:01:00+00:00,2023-05-01T18:34:00+00:00,1840.01,1829.0900000000001,0.48,883.2048,176.64096,5,1830.65,1830.65,5.946067199999925,1.9666108843471106,exchange_guard_proxy_touch,False,-5.241599999999925,0.7044672000000001,0.0,0.35328191999999997,-5.946067199999925,-67.32376454475707,1,True
ETHUSDT,long,92468ecab285e875304879613fd1034c1b90fea5cf200daa4b9d3b5f4e52f9c2,ETHUSDT|long|high_volume,1683011760000,1683034560000,2023-05-02T07:16:00+00:00,2023-05-02T13:36:00+00:00,1838.58,1823.23,0.28,514.8024,102.96048,5,1821.24,1824.79,5.698926239999965,4.9408286746785555,exchange_guard_proxy_touch,False,-4.297999999999975,0.41012272000000005,-0.013126731520000004,0.20592096000000001,-4.721249451519975,-91.70993475399445,1,True
BTCUSDT,long,064e0623451c454c05b0920fd304ffe78e2c05e128037405b09631685cda84b3,BTCUSDT|long|high_volume,1683031260000,1683034740000,2023-05-02T12:41:00+00:00,2023-05-02T13:39:00+00:00,28126.4,27897.7,0.0234,658.15776,131.631552,5,27921.5,27921.5,5.875965576000017,4.1823106780080925,exchange_guard_proxy_touch,False,-5.351580000000017,0.5243855760000001,0.0,0.263263104,-5.875965576000017,-89.2789834461576,1,True
BTCUSDT,long,8ea6ba760f0ec0cd1918c2f93ca552a53c164a60667668031f357f12dbd0e561,BTCUSDT|long|high_volume,1683037860000,1683072720000,2023-05-02T14:31:00+00:00,2023-05-03T00:12:00+00:00,28487.800000000003,28576.100000000002,0.0094,267.78532,53.557064000000004,5,27921.5,28600.5,5.758949480000021,12.461314652566381,exchange_guard_proxy_touch,False,0.8300199999999932,0.21456026400000003,-0.026307528004800004,0.10711412800000003,0.5891522079951932,22.000915061183832,1,True
ETHUSDT,long,a7e9c5782fac3698ac3c8d5aacb1a8d69286d566cf6dfec458f43194165079bc,ETHUSDT|long|high_volume,1683037560000,1683117720000,2023-05-02T14:26:00+00:00,2023-05-03T12:42:00+00:00,1846.21,1851.22,0.23,424.6283,84.92566000000001,5,1824.79,1852.8,5.6229884800000045,6.600521404249923,exchange_guard_proxy_touch,False,1.1522999999999979,0.34016356000000003,-0.103837353834,0.16985132000000003,0.7082990861659979,16.680449375748104,1,True
ETHUSDT,long,25dc6b4cc5091a2ddeb62bab7f279bc88d58972263065c8aca2411c3ccd4dd8d,ETHUSDT|long|high_volume,1683165960000,1683204060000,2023-05-04T02:06:00+00:00,2023-05-04T12:41:00+00:00,1907.63,1893.66,0.1,190.76300000000003,38.15260000000001,5,1856.32,1895.28,5.43949480000001,3.387705433423029,exchange_guard_proxy_touch,False,-1.397000000000003,0.1520516,-0.01898,0.07630520000000002,-1.568031600000003,-82.19788952784359,1,True
BTCUSDT,long,6f3f40da12fdd88c13f8be499c173858ee5be8c51141ee9bb9fffd70184126e4,BTCUSDT|long|high_volume,1683165960000,1683206280000,2023-05-04T02:06:00+00:00,2023-05-04T13:18:00+00:00,29166.4,28942.600000000002,0.0057,166.24848,33.249696,5,28199.9,28967.300000000003,5.776590444,5.501733681380025,exchange_guard_proxy_touch,False,-1.2756599999999958,0.13248852,-0.016544512792800004,0.066499392,-1.4246930327927956,-85.6966050331886,1,True
BTCUSDT,long,b47812f9bec9cdf8fb1cd017d52667da4a2784f7fa15282302b4bd91768245da,BTCUSDT|long|high_volume,1683250560000,1683289800000,2023-05-05T01:36:00+00:00,2023-05-05T12:30:00+00:00,29162.7,28985.2,0.012,349.9524,69.99048,5,28731.100000000002,29009.9,5.750972639999983,21.679038433502907,exchange_guard_proxy_touch,False,-2.13,0.27910992,-0.034553356812,0.13998096000000002,-2.443663276812,-69.82844743490828,1,True
ETHUSDT,long,b550281d18b386264784bb0dcf0bc65f8d182019cd1c9960581b15023c88b770,ETHUSDT|long|high_volume,1683250560000,1683289800000,2023-05-05T01:36:00+00:00,2023-05-05T12:30:00+00:00,1893.2,1890.1000000000001,0.2,378.64000000000004,75.72800000000001,5,1868.67,1891.71,5.524822400000024,16.708869448324794,exchange_guard_proxy_touch,False,-0.6199999999999819,0.30266400000000004,-0.0215189072,0.15145600000000004,-0.944182907199982,-24.936163828438143,1,True
BTCUSDT,long,4af8d5c21c70fa91bc3f326307fcfce8af70b1821510ccc15a1ea845c4173f79,BTCUSDT|long|high_volume,1683297660000,1683353100000,2023-05-05T14:41:00+00:00,2023-05-06T06:05:00+00:00,29410.4,29278.9,0.0128,376.45312,75.29062400000001,5,29009.9,29303.9,5.74154547200001,5.891076994220043,exchange_guard_proxy_touch,False,-1.6832,0.30048921600000006,-0.06985951104,0.150581248,-2.0535487270400004,-54.54991917824988,1,True
BTCUSDT,long,70f000e2dcf16ce2e4228f1ac69f6ee9f9e59fd1cb58e0239aa4203af7916597,BTCUSDT|long|confirmed_volume,1683358560000,1683360060000,2023-05-06T07:36:00+00:00,2023-05-06T08:01:00+00:00,29406.5,29278.9,0.0381,1120.3876500000001,224.07753000000002,5,29303.9,29303.9,5.7559254959999455,1.8945144429591878,exchange_guard_proxy_touch,False,-4.861559999999945,0.894365496,-0.11182426200000001,0.44815506000000005,-5.8677497579999445,-52.37249587676144,1,True
ETHUSDT,long,bfdcd6565ed141507c440cd79c00f5c3a64b871f4ef9bdb56ae9612bead49141,ETHUSDT|long|high_volume,1683294360000,1683376080000,2023-05-05T13:46:00+00:00,2023-05-06T12:28:00+00:00,1929.5900000000001,1918.3500000000001,0.13,250.84670000000003,50.169340000000005,5,1891.71,1919.99,5.3323238800000015,6.99117689163663,exchange_guard_proxy_touch,False,-1.4612000000000012,0.20009288000000006,-0.07674563,0.10033868000000001,-1.7380385100000013,-69.2868795961837,1,True
BTCUSDT,long,5602b0acf553a0f4c580a5ef7b59a9d944215491ff24900f8d5906196c1e959a,BTCUSDT|long|high_volume,1683420660000,1683458580000,2023-05-07T00:51:00+00:00,2023-05-07T11:23:00+00:00,28914.0,28705.600000000002,0.0165,477.081,95.4162,5,28620.100000000002,28730.100000000002,5.631514019999988,6.78850149545147,exchange_guard_proxy_touch,False,-3.438599999999964,0.3802893600000001,-0.019292643909,0.1908324,-3.838182003908964,-80.4513699750978,1,True
BTCUSDT,long,5c2c5d776ddfb8ccd6273f2576f723e50aafce1b1e714c945a8a109ba73c15df,BTCUSDT|long|high_volume,1683459660000,1683486480000,2023-05-07T11:41:00+00:00,2023-05-07T19:08:00+00:00,28883.800000000003,28775.4,0.027800000000000002,802.9696400000001,160.59392800000003,5,28730.100000000002,28799.9,5.594354128000021,10.43804275252055,exchange_guard_proxy_touch,False,-3.0135200000000406,0.6411703040000001,-0.0486304072828,0.3211878560000001,-3.703320711282841,-46.120308001717724,1,True
ETHUSDT,long,22af80f4464ca43ee886387a44dcc0cc27221457f3deccc9120e2f65428f5880,ETHUSDT|long|high_volume,1683420660000,1683486480000,2023-05-07T00:51:00+00:00,2023-05-07T19:08:00+00:00,1902.6100000000001,1903.3700000000001,0.24,456.6264,91.32527999999999,5,1882.45,1904.99,5.588011199999996,8.755361504849867,exchange_guard_proxy_touch,False,0.18239999999999781,0.36537408000000005,-0.03204084288,0.18265056000000002,-0.21501492288000223,-4.708771172231878,1,True
ETHUSDT,long,2c8bd57cccce3f0c577922096a4ad8802bde21f56b4769f2cccb14b949431419,ETHUSDT|long|high_volume,1683495060000,1683497100000,2023-05-07T21:31:00+00:00,2023-05-07T22:05:00+00:00,1920.42,1903.3700000000001,0.29,556.9218,111.38435999999999,5,1904.99,1904.99,5.3880596399999865,2.2914632815973133,exchange_guard_proxy_touch,False,-4.944499999999986,0.44355964,0.0,0.22276872,-5.3880596399999865,-96.74714906114265,1,True
ETHUSDT,long,ee8c0511ca86be24164ee328b8186e925a9169713862244ed7c3da69dd6a4827,ETHUSDT|long|high_volume,1683618960000,1683630720000,2023-05-09T07:56:00+00:00,2023-05-09T11:12:00+00:00,1847.8600000000001,1834.27,0.36,665.2296,133.04592,5,1835.84,1835.84,5.422626720000052,2.0235338639632214,exchange_guard_proxy_touch,False,-4.892400000000052,0.53022672,-0.06651252,0.26609184,-5.489139240000052,-82.51495784312742,1,True
BTCUSDT,long,e5f3302c9b9049c8a92c1c4ff39ee477c185328af6103c4ba9c408320c95be7f,BTCUSDT|long|confirmed_volume,1683628260000,1683641160000,2023-05-09T10:31:00+00:00,2023-05-09T14:06:00+00:00,27644.100000000002,27478.800000000003,0.0206,569.46846,113.89369200000002,5,27423.800000000003,27502.2,5.473786680000016,1.6307637644225383,exchange_guard_proxy_touch,False,-3.405179999999985,0.4542126960000001,0.0,0.22778738400000004,-3.859392695999985,-67.77184281636923,1,True
BTCUSDT,long,6646ad3db05f0d611b99a7ba7df8849bae6a6e76b6923cdba8fba879bdef8514,BTCUSDT|long|high_volume,1683651660000,1683659580000,2023-05-09T17:01:00+00:00,2023-05-09T19:13:00+00:00,27726.7,27478.800000000003,0.02,554.534,110.9068,5,27502.2,27502.2,5.399643999999957,4.313755787523914,exchange_guard_proxy_touch,False,-4.957999999999957,0.44164400000000004,0.0,0.22181360000000003,-5.399643999999957,-97.3726408119242,1,True
ETHUSDT,long,e4d31a646ca13d255051e47a91d158aaff74fb705fc280329a78866248ed6866,ETHUSDT|long|high_volume,1683651660000,1683692580000,2023-05-09T17:01:00+00:00,2023-05-10T04:23:00+00:00,1855.95,1838.63,0.21,389.7495,77.9499,5,1833.49,1840.2,5.353981919999996,6.445097709382354,exchange_guard_proxy_touch,False,-3.6371999999999867,0.31034472,-0.008523719820000001,0.1558998,-3.9560684398199863,-101.50284836337151,1,True
BTCUSDT,long,bd83f6150ea06e3bc0331ee6009b7e78c3abe0b8bacdd7d0236ebbc5dfa1d312,BTCUSDT|long|high_volume,1683678060000,1683698460000,2023-05-10T00:21:00+00:00,2023-05-10T06:01:00+00:00,27713.5,27605.0,0.0189,523.78515,104.75703000000001,5,27476.300000000003,27628.5,5.342397983999972,4.4671725324194,exchange_guard_proxy_touch,False,-2.05065,0.41820786000000004,0.0,0.20951406,-2.46885786,-47.13493423782632,1,True
ETHUSDT,long,1fbdc7df2d24921ee7878834f3a0a54e0c1a3731c3011c670603402695cd93c3,ETHUSDT|long|high_volume,1683695160000,1683698520000,2023-05-10T05:06:00+00:00,2023-05-10T06:02:00+00:00,1847.96,1838.63,0.49,905.5004,181.10008,5,1840.2,1840.2,5.294271639999964,2.320636911697761,exchange_guard_proxy_touch,False,-4.571699999999964,0.7225716400000001,0.0,0.36220016000000005,-5.294271639999964,-58.467910560834255,1,True
ETHUSDT,long,8a14ddf8410027c8fb1b12b44a6a431af2f3b20f30e6f536107435e4802044a0,ETHUSDT|long|high_volume,1683721260000,1683738900000,2023-05-10T12:21:00+00:00,2023-05-10T17:15:00+00:00,1854.57,1832.0,0.21,389.4597,77.89194,5,1833.56,1833.56,5.0493718799999865,2.3938676812033517,exchange_guard_proxy_touch,False,-4.739699999999987,0.30967188,-0.017035909506,0.15578388,-5.066407789505987,-130.0881141105482,1,True
ETHUSDT,long,10121b65563e331d21a8a9786ce26ff1b00be86b11721b824d5b80b2c287e73b,ETHUSDT|long|high_volume,1683745560000,1683753780000,2023-05-10T19:06:00+00:00,2023-05-10T21:23:00+00:00,1856.77,1832.0,0.19,352.7863,70.55726,5,1833.56,1833.56,4.986646519999997,4.593577659388428,exchange_guard_proxy_touch,False,-4.706299999999997,0.28034652,0.0,0.14111452000000002,-4.986646519999997,-141.35034495387143,1,True
BTCUSDT,long,2a977b26d541f1d888f81e51e5a859b3baa6f4d16ca7136577210e5e9fd01d6d,BTCUSDT|long|high_volume,1683784560000,1683791760000,2023-05-11T05:56:00+00:00,2023-05-11T07:56:00+00:00,27542.100000000002,27386.9,0.029,798.7209000000001,159.74418000000003,5,27410.2,27410.2,5.137976400000022,4.145513119691512,exchange_guard_proxy_touch,False,-4.500800000000021,0.6371764000000001,0.0,0.3194883600000001,-5.137976400000022,-64.32755672225456,1,True
ETHUSDT,long,beef21337b963ba556ccac0e8f5db55f4b8db0a550e5b3c223fa90a0f7c02012,ETHUSDT|long|high_volume,1683784560000,1683791760000,2023-05-11T05:56:00+00:00,2023-05-11T07:56:00+00:00,1832.3500000000001,1824.57,0.55,1007.7925000000001,201.55850000000004,5,1826.13,1826.13,5.083522400000111,2.769258367776885,exchange_guard_proxy_touch,False,-4.27900000000011,0.8045224000000001,0.0,0.40311700000000006,-5.08352240000011,-50.44215351870657,1,True
BTCUSDT,long,b58307c73c7bb288104ae41b63239d0dc9bfd8f66a6fded331f041d1ae3645a0,BTCUSDT|long|high_volume,1683921660000,1684021260000,2023-05-12T20:01:00+00:00,2023-05-13T23:41:00+00:00,26415.5,26732.100000000002,0.0216,570.5748,114.11496,5,26225.600000000002,26754.9,5.038146431999937,14.721111586634786,exchange_guard_proxy_touch,False,6.838560000000047,0.4591952640000001,-0.057084183648000004,0.22822992000000003,6.322280552352048,110.80546411008773,1,True
ETHUSDT,long,7471882e7bbcd2a3a1f386f047ba5768709e67bdb940293ab9da19d6eaa6ed18,ETHUSDT|long|high_volume,1683921360000,1684066560000,2023-05-12T19:56:00+00:00,2023-05-14T12:16:00+00:00,1787.41,1796.46,0.16,285.98560000000003,57.197120000000005,5,1759.99,1797.99,4.854137600000012,3.342889437466879,exchange_guard_proxy_touch,False,1.4479999999999928,0.22936768000000002,-0.03200563512,0.11439424000000001,1.186626684879993,41.49253266178411,1,True
ETHUSDT,long,ec23c77d7c8fab7a257f5b3f12abcd077c340036a61ecb516a447ab7ddb53a74,ETHUSDT|long|confirmed_volume,1684068660000,1684088160000,2023-05-14T12:51:00+00:00,2023-05-14T18:16:00+00:00,1804.73,1796.46,0.52,938.4596,187.69192,5,1797.99,1797.99,5.049447519999991,1.648099937900938,exchange_guard_proxy_touch,False,-4.300399999999991,0.7490475200000001,-0.035898478304,0.3753838400000001,-5.085345998303992,-54.188225026458156,1,True
BTCUSDT,long,6fd40391a0c470154038b3fc7687862d6fc53bb2d71dcacc1dc329f5656b89ec,BTCUSDT|long|high_volume,1684076460000,1684108860000,2023-05-14T15:01:00+00:00,2023-05-15T00:01:00+00:00,26989.100000000002,26883.0,0.016900000000000002,456.11579000000006,91.22315800000001,5,26729.9,26808.9,5.128786312000001,4.769833417177081,completed_MTF_W_BIAS_REVERSED,False,-1.7930900000000372,0.3641753960000001,-0.036218088351900005,0.18244631600000003,-2.1934834843519373,-48.09049658973518,1,False
ETHUSDT,long,713951e00879b1ab259aee679d5b12c3c6f21996a151dff6fa41229f83ecda19,ETHUSDT|long|confirmed_volume,1684148760000,1684160040000,2023-05-15T11:06:00+00:00,2023-05-15T14:14:00+00:00,1829.18,1814.76,0.31,567.0458,113.40916,5,1816.31,1816.31,4.9220485600000226,1.5695351723750552,exchange_guard_proxy_touch,False,-4.470200000000022,0.45184856,0.0,0.22681832000000002,-4.9220485600000226,-86.80160509080612,1,True
ETHUSDT,long,d790b3b8869af672cef82f5c65c44e3096e257282d784807d041f1a20abc3555,ETHUSDT|long|high_volume,1684162560000,1684188060000,2023-05-15T14:56:00+00:00,2023-05-15T22:01:00+00:00,1831.19,1818.68,0.27,494.42130000000003,98.88426000000001,5,1816.31,1822.64,4.829862600000017,6.713889877989678,completed_MTF_STRUCTURAL_GUARD_TIGHTENED,False,-3.3776999999999977,0.39418596000000006,0.009806068440000001,0.19776852000000003,-3.762079891559998,-76.09057076545848,1,False
ETHUSDT,long,47f0d8c8fce9cff17350243d335101f71ac6bd75c220dec3ce97804a79f82c80,ETHUSDT|long|confirmed_volume,1684237260000,1684240200000,2023-05-16T11:41:00+00:00,2023-05-16T12:30:00+00:00,1818.81,1809.15,0.44,800.2764,160.05527999999998,5,1810.69,1810.69,4.888920959999936,1.9493968935431567,exchange_guard_proxy_touch,False,-4.250399999999936,0.63852096,0.0,0.32011056000000004,-4.888920959999936,-61.090405264980156,1,True
ETHUSDT,long,a26a144c9efb28a85b05f35499bec46c5dbea8cbc6c6c412c815cebe3b232ee8,ETHUSDT|long|high_volume,1684241160000,1684303200000,2023-05-16T12:46:00+00:00,2023-05-17T06:00:00+00:00,1820.76,1815.32,0.26,473.3976,94.67952,5,1805.0,1816.8700000000001,4.8749188799999885,6.455206300482183,exchange_guard_proxy_touch,False,-1.4144000000000143,0.37815232,-0.069957393012,0.18935904000000003,-1.8625097130120143,-39.34345491003787,1,True
ETHUSDT,long,73a18a9704cfcbf906de1d5a7d734671f8ed5f6db2ad15675be69f7ef45aca38,ETHUSDT|long|confirmed_volume,1684380060000,1684390260000,2023-05-18T03:21:00+00:00,2023-05-18T06:11:00+00:00,1827.78,1815.45,0.35000000000000003,639.7230000000001,127.94460000000001,5,1817.0,1817.0,4.825552199999975,1.9058984211659273,exchange_guard_proxy_touch,False,-4.315499999999975,0.5100522000000001,0.0,0.25588920000000004,-4.825552199999976,-75.43190099464886,1,True
ETHUSDT,long,694c24c846becacfc53abab7dedc1899dbd9e5d94a9d6726782f3db4691ba7d0,ETHUSDT|long|confirmed_volume,1684472160000,1684508880000,2023-05-19T04:56:00+00:00,2023-05-19T15:08:00+00:00,1805.3600000000001,1802.79,0.38,686.0368000000001,137.20736000000002,5,1795.71,1804.33,4.795530080000025,1.985363296432221,exchange_guard_proxy_touch,False,-0.9766000000000622,0.5484388000000001,-0.019076875064,0.27441472000000006,-1.5441156750640623,-22.507767441397636,1,True
ETHUSDT,long,8f45e7ebd407236a44c564d07d1ff6d733bb081ed92544c6811ff44bd3b2cdd4,ETHUSDT|long|high_volume,1684509660000,1684510440000,2023-05-19T15:21:00+00:00,2023-05-19T15:34:00+00:00,1828.02,1802.79,0.18,329.04359999999997,65.80872,5,1804.33,1804.33,4.802818320000004,7.964874506689566,exchange_guard_proxy_touch,False,-4.541400000000003,0.26141832,0.0,0.13161744,-4.802818320000003,-145.96297633505114,1,True
ETHUSDT,long,6df5669b9203f0e00733e186ca3b1aad43530199961417678d53debd516cdac8,ETHUSDT|long|high_volume,1684518660000,1684543380000,2023-05-19T17:51:00+00:00,2023-05-20T00:43:00+00:00,1819.46,1804.45,0.26,473.05960000000005,94.61192000000001,5,1804.33,1805.99,4.710914000000019,2.800735490729722,exchange_guard_proxy_touch,False,-3.902599999999998,0.37688664000000005,-0.03736116160400001,0.18922384000000003,-4.316847801603998,-91.25378285535264,1,True
ETHUSDT,long,242340ffcb7d72dbe107a6ce6b2aec69c953d823bf73651b5e39f0b6a5e694f9,ETHUSDT|long|high_volume,1684573860000,1684616520000,2023-05-20T09:11:00+00:00,2023-05-20T21:02:00+00:00,1816.63,1810.99,0.38,690.3194000000001,138.06388,5,1807.29,1812.54,4.685001760000041,2.3020613730944346,exchange_guard_proxy_touch,False,-2.143200000000038,0.55139824,0.0012149621440000003,0.27612776000000006,-2.693383277856038,-39.01647958692799,1,True
ETHUSDT,long,c6e7a9b8ed9e3d048ce5df75b8c7538295a298b6c0dba937dc2d97d329e1117b,ETHUSDT|long|high_volume,1684779660000,1684849020000,2023-05-22T18:21:00+00:00,2023-05-23T13:37:00+00:00,1822.76,1843.42,0.24,437.4624,87.49248,5,1806.7,1844.99,4.572280319999978,2.337012148979661,exchange_guard_proxy_touch,False,4.95840000000002,0.35195328000000003,-0.056657849280000006,0.17498496000000002,4.54978887072002,104.00411259847749,1,True
ETHUSDT,long,51e3438bb6ac265fb7fc8a812d327aa5c11031fa141ffd3e1a583bd49f08d4b3,ETHUSDT|long|high_volume,1684855860000,1684866180000,2023-05-23T15:31:00+00:00,2023-05-23T18:23:00+00:00,1858.57,1843.42,0.28,520.3996000000001,104.07992000000002,5,1844.99,1844.99,4.656622879999962,2.768110683188426,exchange_guard_proxy_touch,False,-4.241999999999962,0.41462288,-0.03835338556,0.20815984,-4.694976265559961,-90.21867552473061,1,True
ETHUSDT,long,5b9b9febceae1c3b271d0c8df30b050734b02c87a1990d5f90e579e63933c47d,ETHUSDT|long|confirmed_volume,1684884360000,1684893120000,2023-05-23T23:26:00+00:00,2023-05-24T01:52:00+00:00,1855.33,1843.48,0.27,500.9391,100.18782,5,1841.23,1845.05,4.629958919999959,1.6710158434296363,exchange_guard_proxy_touch,False,-3.1994999999999756,0.39947148000000005,-0.045427210722,0.20037564000000002,-3.6443986907219754,-72.75133226218468,1,True
ETHUSDT,long,0b5241c942bcaaa8ec93de0e4722d7cf6af6fafd0345991417d272074188b655,ETHUSDT|long|high_volume,1685016360000,1685181780000,2023-05-25T12:06:00+00:00,2023-05-27T10:03:00+00:00,1803.19,1822.3400000000001,0.15,270.4785,54.0957,5,1776.18,1823.9,4.492671599999997,7.067337719052973,exchange_guard_proxy_touch,False,2.8725000000000134,0.2175318,-0.103259930175,0.10819140000000001,2.551708269825013,94.34052132886765,1,True
ETHUSDT,long,282aeb13e27cea957fd9c0cfee245c082385821c6c8789f6342d95a5a625e7c1,ETHUSDT|long|high_volume,1685193960000,1685195760000,2023-05-27T13:26:00+00:00,2023-05-27T13:56:00+00:00,1831.08,1822.3400000000001,0.46,842.2968,168.45936,5,1823.9,1823.9,4.6926292799999,3.0750503207076685,exchange_guard_proxy_touch,False,-4.0203999999999,0.67222928,0.0,0.33691872,-4.6926292799999,-55.71230093715066,1,True
ETHUSDT,long,1bf79286baa02e1e13e6b5c702646579323815eda2653b790a4b292770aea997,ETHUSDT|long|confirmed_volume,1685221260000,1685276520000,2023-05-27T21:01:00+00:00,2023-05-28T12:22:00+00:00,1828.74,1840.5,0.29,530.3345999999999,106.06691999999998,5,1815.83,1842.07,4.6159903200000105,1.8499696198299524,exchange_guard_proxy_touch,False,3.410399999999997,0.42563183999999993,0.006452468273999999,0.21213384,2.991220628273997,56.40251698218441,1,True
ETHUSDT,long,1e8bbaf5cedafadacc9c06ca02e080d252d5e89ffc299861fb7d8ed6d7c307ae,ETHUSDT|long|high_volume,1685352360000,1685357400000,2023-05-29T09:26:00+00:00,2023-05-29T10:50:00+00:00,1902.91,1891.6100000000001,0.36,685.0476,137.00952,5,1893.22,1893.22,4.6144108799999835,3.9764037810433654,exchange_guard_proxy_touch,False,-4.067999999999984,0.54641088,0.0,0.27401904,-4.6144108799999835,-67.35898177002566,1,True
ETHUSDT,long,a98acff2b856cdb2830761a38a70b76ea31a8a0734a8f3cbba1ed3e1d5a661d4,ETHUSDT|long|high_volume,1685416860000,1685463420000,2023-05-30T03:21:00+00:00,2023-05-30T16:17:00+00:00,1907.01,1890.25,0.15,286.0515,57.2103,5,1880.01,1891.86,4.517125199999986,17.3733564067406,exchange_guard_proxy_touch,False,-2.5139999999999985,0.22783560000000003,-0.04096370262,0.1144206,-2.7827993026199986,-97.28315714547901,1,True
ETHUSDT,long,6c2933c015a17ace3d78bcb74289c682d336eb898dcca8c953f721ba11f9a43c,ETHUSDT|long|high_volume,1685469060000,1685498460000,2023-05-30T17:51:00+00:00,2023-05-31T02:01:00+00:00,1909.53,1894.66,0.22,420.0966,84.01932000000001,5,1891.86,1896.28,4.575980639999995,2.7604175086358893,exchange_guard_proxy_touch,False,-3.271399999999976,0.33476872,-0.033231856482,0.16803864000000002,-3.639400576481976,-86.63246921022393,1,True
ETHUSDT,long,44b60bdbe599232045ea1d2c02d1207382b28fe8e99edf4e193e406b9ea50a4c,ETHUSDT|long|high_volume,1685578560000,1685587740000,2023-06-01T00:16:00+00:00,2023-06-01T02:49:00+00:00,1886.17,1858.57,0.15,282.9255,56.5851,5,1860.16,1860.16,4.36468440000002,16.000542166075814,exchange_guard_proxy_touch,False,-4.14000000000002,0.22468439999999998,0.0,0.1131702,-4.36468440000002,-154.26974238801452,1,True
ETHUSDT,long,eab7695748c25899a6c716e96ff50109bcc09e09bcff9bbb160c55dfbd60e987,ETHUSDT|long|high_volume,1685622960000,1685662260000,2023-06-01T12:36:00+00:00,2023-06-01T23:31:00+00:00,1863.6000000000001,1853.89,0.27,503.1720000000001,100.63440000000001,5,1850.01,1855.47,4.49679924000002,5.075266615671153,exchange_guard_proxy_touch,False,-2.62170000000001,0.4014889200000001,-0.0502956,0.20126880000000005,-3.0734845200000103,-61.08218501824445,1,True
ETHUSDT,long,80f5eafea4537c2a7a12b6fc4454d1824a6bd169b79970db2df47f7b5f21710d,ETHUSDT|long|high_volume,1685669460000,1685709000000,2023-06-02T01:31:00+00:00,2023-06-02T12:30:00+00:00,1868.96,1882.6200000000001,0.27,504.61920000000003,100.92384000000001,5,1855.47,1884.23,4.470967799999983,3.1092870627824203,exchange_guard_proxy_touch,False,3.6882000000000223,0.40517064,-0.050894730000000006,0.20184768000000003,3.232134630000022,64.05096417258841,1,True
ETHUSDT,long,01cca8d43e1f09ea72d96108ab8ad996b45cad20a5a25892174951142201e459,ETHUSDT|long|high_volume,1685786160000,1685804400000,2023-06-03T09:56:00+00:00,2023-06-03T15:00:00+00:00,1904.94,1895.81,0.38,723.8772,144.77544,5,1896.34,1897.43,4.46114832000001,2.0573787397726004,exchange_guard_proxy_touch,False,-3.4694000000000416,0.577714,0.0,0.28955088000000007,-4.047114000000041,-55.90884752275719,1,True
ETHUSDT,long,326ef21ff1d4dd4cfa3eef0aa4af18a0a093eed63aad3241918a88530bdf2889,ETHUSDT|long|high_volume,1685808060000,1685810880000,2023-06-03T16:01:00+00:00,2023-06-03T16:48:00+00:00,1903.95,1895.81,0.46,875.817,175.1634,5,1897.43,1897.43,4.443555840000046,6.426824394626283,exchange_guard_proxy_touch,False,-3.7444000000000464,0.6991558400000001,0.0,0.35032680000000005,-4.443555840000046,-50.73612227211902,1,True
ETHUSDT,long,81c9a73af1e8dc0e4b3001205116ce8a696c4d413d120b72e654e4519341cc6b,ETHUSDT|long|high_volume,1685852460000,1685920980000,2023-06-04T04:21:00+00:00,2023-06-04T23:23:00+00:00,1895.72,1893.3700000000001,0.28,530.8016,106.16032,5,1883.18,1894.99,4.385056480000026,2.499160765638372,exchange_guard_proxy_touch,False,-0.6579999999999746,0.4243780800000001,-0.068518690464,0.21232064000000003,-1.1508967704639748,-21.68224003966783,1,True
ETHUSDT,long,7c19863902168a1ba76e0c3c5bb89c034779d8587febe67d6baceaa9a6e01713,ETHUSDT|long|high_volume,1686027360000,1686051780000,2023-06-06T04:56:00+00:00,2023-06-06T11:43:00+00:00,1818.14,1809.05,0.14,254.53960000000004,50.907920000000004,5,1791.04,1810.59,4.210228400000015,7.077947081008001,exchange_guard_proxy_touch,False,-1.2726000000000206,0.20312264000000002,-0.0005048956360000001,0.10181584000000003,-1.4762275356360208,-57.99598709340396,1,True
BTCUSDT,short,104db429c9b3e433aef3643d589551d88e3db6148b5c11767fcc90bf5c950bbb,BTCUSDT|short|confirmed_volume,1686015060000,1686060060000,2023-06-06T01:31:00+00:00,2023-06-06T14:01:00+00:00,25612.5,25808.4,0.0035,89.64375,17.92875,5,26810.0,25786.399999999998,4.344473420000011,1.5072136427268819,exchange_guard_proxy_touch,False,-0.6856500000000051,0.07198926000000001,-0.0027414483635,0.03585750000000001,-0.7603807083635051,-84.82250110727242,1,True
ETHUSDT,long,6373fe679488152a5f8569913838ad496302d4a63ec0e611af96701c08fea362,ETHUSDT|long|high_volume,1686060360000,1686128820000,2023-06-06T14:06:00+00:00,2023-06-07T09:07:00+00:00,1827.3400000000001,1869.39,0.22,402.01480000000004,80.40296000000001,5,1810.59,1870.99,4.343802320000042,8.156006438263441,exchange_guard_proxy_touch,False,9.25099999999999,0.3253122400000001,-0.117430459916,0.16080592000000002,8.80825730008399,219.10281163986974,1,True
BTCUSDT,short,17eb59094e39c41c98061305182787937a4d0658222f638e26278b628d434fb2,BTCUSDT|short|high_volume,1686129660000,1686206580000,2023-06-07T09:21:00+00:00,2023-06-08T06:43:00+00:00,26680.600000000002,26482.100000000002,0.013300000000000001,354.8519800000001,70.97039600000002,5,26974.0,26459.6,4.493684831999971,6.557878703211325,exchange_guard_proxy_touch,False,2.64005,0.28282556400000003,0.033298548072300004,0.14194079200000004,2.3905229840723,67.36676470206815,1,True
ETHUSDT,long,6d6d4e8d1557c4c84b44dd4c7126f9d03ccaf2c4234bce010e4b4cc0cfa7ea4a,ETHUSDT|long|high_volume,1686221160000,1686229380000,2023-06-08T10:46:00+00:00,2023-06-08T13:03:00+00:00,1844.57,1835.46,0.27,498.0339,99.60678,5,1831.38,1837.03,4.37933412,2.8888749122166453,exchange_guard_proxy_touch,False,-2.459699999999973,0.39744324,0.0,0.19921356,-2.857143239999973,-57.368449015217095,1,True
ETHUSDT,long,af187d4600293370912fdc48844e238d5a23c3a8db29f161d53a92159bdab83d,ETHUSDT|long|high_volume,1686234960000,1686276480000,2023-06-08T14:36:00+00:00,2023-06-09T02:08:00+00:00,1860.66,1838.57,0.16,297.7056,59.54112,5,1837.03,1840.14,4.268551680000008,5.94952901081225,exchange_guard_proxy_touch,False,-3.5344000000000233,0.23675072,-0.040117360176000004,0.11908224,-3.8112680801760233,-128.02137682919042,1,True
BTCUSDT,short,7ae9494b66f3f4d2fce74aa55e6830cddd5b43d3613f754bc2a0f1fb2ae68620,BTCUSDT|short|high_volume,1686266760000,1686298740000,2023-06-08T23:26:00+00:00,2023-06-09T08:19:00+00:00,26482.100000000002,26612.7,0.021500000000000002,569.3651500000001,113.87303000000001,5,26645.8,26590.0,4.464695159999954,4.357339710185441,exchange_guard_proxy_touch,False,-2.807899999999969,0.45661528000000007,0.082587266558,0.22774606000000003,-3.1819280134419694,-55.885542229656465,1,True
ETHUSDT,long,41f4035f00d677d00f8db99c3c112abe75d1e042c241b1b8ecd793f6e33fd768,ETHUSDT|long|confirmed_volume,1686312660000,1686326040000,2023-06-09T12:11:00+00:00,2023-06-09T15:54:00+00:00,1846.83,1837.45,0.22,406.3026,81.26052,5,1829.99,1839.02,4.37142287999997,1.688212328744979,exchange_guard_proxy_touch,False,-2.063599999999974,0.32421664,0.0,0.16252104,-2.387816639999974,-58.76941570149869,1,True
BTCUSDT,short,7971be10fb9e1e0010661fa292a49d14f9c4ad8d5d627b75aa476fd130f5966f,BTCUSDT|short|high_volume,1686358560000,1686359460000,2023-06-10T00:56:00+00:00,2023-06-10T01:11:00+00:00,26421.0,26512.7,0.038900000000000004,1027.7769,205.55538,5,26490.1,26490.1,4.390778372000029,2.6295690378810876,exchange_guard_proxy_touch,False,-3.5671300000000286,0.8236483720000002,0.0,0.4111107600000001,-4.390778372000029,-42.72112334885158,1,True
BTCUSDT,short,a4d5a1d809ed0baa1ed2f0dff378c072f7bfab45bf4ab07905596b2a1625acd7,BTCUSDT|short|high_volume,1686361860000,1686416880000,2023-06-10T01:51:00+00:00,2023-06-10T17:08:00+00:00,26364.7,25751.100000000002,0.0257,677.57279,135.51455800000002,5,26490.1,25729.199999999997,4.347179672,5.453042796833005,exchange_guard_proxy_touch,False,15.769519999999963,0.5357504240000001,0.04130104331590001,0.271029116,15.275070619315862,225.43807609682585,1,True
ETHUSDT,long,c73a138f91163d8f1a45790c549423c9177ecaa9d1a84df59408c74ea5c22d1f,ETHUSDT|long|high_volume,1686429660000,1686441660000,2023-06-10T20:41:00+00:00,2023-06-11T00:01:00+00:00,1746.94,1747.83,0.13,227.1022,45.42044,5,1715.28,1715.28,4.485559520000016,2.1431258619802183,completed_MTF_D_BIAS_REVERSED,False,0.11569999999998345,0.18172804000000004,-0.004057831635000001,0.09084088000000001,-0.07008587163501658,-3.086093909923223,1,False
BTCUSDT,short,2486e7386496d54a5a7cdb8c8dceaf5f26526082b6ef6db612d849f343a4121c,BTCUSDT|short|confirmed_volume,1686453060000,1686483120000,2023-06-11T03:11:00+00:00,2023-06-11T11:32:00+00:00,25716.4,25842.2,0.0183,470.61012000000005,94.12202400000001,5,25919.6,25820.199999999997,4.501127291999987,1.8460539301983203,exchange_guard_proxy_touch,False,-2.3021399999999868,0.377408952,0.015052192128000002,0.18824404800000002,-2.664496759871987,-56.61792313076452,1,True
BTCUSDT,short,85de587442e37eeb4ce624f14ee48103ac003acdc9ef01635f6b470197be0d02,BTCUSDT|short|high_volume,1686491760000,1686500340000,2023-06-11T13:56:00+00:00,2023-06-11T16:19:00+00:00,25678.800000000003,25842.2,0.024300000000000002,623.9948400000002,124.79896800000003,5,25820.199999999997,25820.199999999997,4.4714041199999475,3.6705175865027173,exchange_guard_proxy_touch,False,-3.9706199999999474,0.50078412,0.0370613922525,0.24959793600000008,-4.434342727747447,-71.06377238227556,1,True
BTCUSDT,short,0c13442c79c18c50d51394a6a26e09dbe41fe4bae5441f8c00d3bf08e4bdd181,BTCUSDT|short|high_volume,1686572460000,1686615300000,2023-06-12T12:21:00+00:00,2023-06-13T00:15:00+00:00,25895.600000000002,25984.7,0.0181,468.7103600000001,93.74207200000002,5,26097.8,25962.6,4.438232943999961,2.7176877721414745,exchange_guard_proxy_touch,False,-1.6127099999999739,0.37561337200000006,0.0637990434792,0.18748414400000005,-1.924524328520774,-41.05999126029076,1,True
BTCUSDT,short,741620929c89dbd4ff29ee5639125aceef1ed10179af6fdae3924832096d5ecf,BTCUSDT|short|high_volume,1686617760000,1686619680000,2023-06-13T00:56:00+00:00,2023-06-13T01:28:00+00:00,25819.2,25984.7,0.023700000000000002,611.9150400000001,122.38300800000002,5,25962.6,25962.6,4.413450972000001,5.73133601309897,exchange_guard_proxy_touch,False,-3.9223500000000002,0.4911009720000001,0.0,0.24476601600000003,-4.413450972000001,-72.12522463902832,1,True
BTCUSDT,short,097385d5d9972513682e0a0ede9ce35fbd71650bb33dcd32405c54a6912e10c7,BTCUSDT|short|high_volume,1686695460000,1686703080000,2023-06-13T22:31:00+00:00,2023-06-14T00:38:00+00:00,25793.600000000002,25995.2,0.0196,505.55456000000004,101.11091200000001,5,25973.1,25973.1,4.357384191999971,2.0979452705096646,exchange_guard_proxy_touch,False,-3.9513599999999713,0.406024192,0.012384864463999999,0.20222182400000002,-4.344999327535971,-85.9452108895224,1,True
BTCUSDT,short,ad66379fdca9654476739c206d4a1616dd69cd2afb79eee78a079fd23379dc3e,BTCUSDT|short|high_volume,1686801960000,1686835320000,2023-06-15T04:06:00+00:00,2023-06-15T13:22:00+00:00,25008.100000000002,25084.9,0.018600000000000002,465.1506600000001,93.03013200000001,5,25198.899999999998,25063.5,4.322480039999987,3.2316459415399783,exchange_guard_proxy_touch,False,-1.4284799999999866,0.37269192000000007,0.0287681917908,0.18606026400000006,-1.7724037282091867,-38.10386355700724,1,True
BTCUSDT,short,acf50ab940aef8fdee37ab4b65739367e71c4317ce5c2cab809a862465fc0b85,BTCUSDT|short|high_volume,1686844260000,1686851100000,2023-06-15T15:51:00+00:00,2023-06-15T17:45:00+00:00,24941.7,25084.9,0.0264,658.46088,131.692176,5,25063.5,25063.5,4.308760896000019,2.07774571530935,exchange_guard_proxy_touch,False,-3.7804800000000194,0.528280896,0.044043107011200004,0.263384352,-4.264717788988819,-64.76797511476794,1,True
BTCUSDT,short,2d091c13fcb6b3ed30cd32fc0a822f115ae9a76f54e18db32e314b4c9b1ec9ca,BTCUSDT|short|high_volume,1686914760000,1686922080000,2023-06-16T11:26:00+00:00,2023-06-16T13:28:00+00:00,25494.7,25641.9,0.025400000000000002,647.5653800000001,129.513076,5,25620.1,25620.1,4.2584278560000195,5.908373857105205,exchange_guard_proxy_touch,False,-3.7388800000000186,0.5195478560000002,0.0,0.25902615200000007,-4.258427856000019,-65.7605855334641,1,True
BTCUSDT,short,a132a33f61f47f195e6192f544b7612459e5b0280ae203462c3452ea2ab0b9a4,BTCUSDT|short|high_volume,1686927060000,1686927480000,2023-06-16T14:51:00+00:00,2023-06-16T14:58:00+00:00,25348.100000000002,25641.9,0.0134,339.66454000000004,67.93290800000001,5,25620.1,25620.1,4.210226399999991,28.255653608764217,exchange_guard_proxy_touch,False,-3.9369199999999904,0.2733064,0.0,0.13586581600000003,-4.21022639999999,-123.95248559063567,1,True
BTCUSDT,short,646fa7dab49ac70a31d16bc6644a545d990e18c80cb0dacb4ba90ccd2ec01d92,BTCUSDT|short|confirmed_volume,1687079160000,1687104540000,2023-06-18T09:06:00+00:00,2023-06-18T16:09:00+00:00,26451.300000000003,26588.7,0.0229,605.73477,121.14695400000001,5,26590.1,26566.1,4.184417156,1.8288098784185511,exchange_guard_proxy_touch,False,-3.14645999999995,0.4858464,0.0407622261375,0.24229390800000003,-3.5915441738624505,-59.292356188541895,1,True
BTCUSDT,short,50b291fcb522bc8344c44b40c36bb84be3042921b4fc46a77f66f98116a0d908,BTCUSDT|short|high_volume,1687269660000,1687276140000,2023-06-20T14:01:00+00:00,2023-06-20T15:49:00+00:00,26767.4,26993.0,0.0137,366.71338000000003,73.34267600000001,5,27024.3,26970.0,4.129534556000021,4.370377442531059,exchange_guard_proxy_touch,False,-3.09071999999998,0.29460699200000007,0.0,0.14668535200000002,-3.38532699199998,-92.31533880765353,1,True
BTCUSDT,long,e6c3275dcc5ef4934dfbeffd31ddf34392f399859cd7aa55a6f817414140c869,BTCUSDT|long|high_volume,1687781460000,1687797900000,2023-06-26T12:11:00+00:00,2023-06-26T16:45:00+00:00,30359.600000000002,30127.800000000003,0.016,485.75360000000006,97.15072,5,30153.5,30153.5,4.095919359999988,2.4640605095032995,exchange_guard_proxy_touch,False,-3.7087999999999886,0.3871193600000001,-0.04864112,0.19430144000000002,-4.1445604799999884,-85.32228026719696,1,True
BTCUSDT,long,d1f316976d390b59ec87118ee4d988e04a462b0d2119b536419cd3dac3c38215,BTCUSDT|long|confirmed_volume,1687830960000,1687911540000,2023-06-27T01:56:00+00:00,2023-06-28T00:19:00+00:00,30390.7,30507.0,0.0114,346.45398,69.290796,5,30086.0,30533.0,4.041077015999991,1.7272164750790897,exchange_guard_proxy_touch,False,1.3258199999999918,0.277693512,-0.10439561400000003,0.138581592,0.9437308739999919,27.239718071646685,1,True
BTCUSDT,long,9a724e9cd0513f3e21bb0fc94d75984948dff8757aca52b3ef13120a4aaf29d6,BTCUSDT|long|confirmed_volume,1688013660000,1688070180000,2023-06-29T04:41:00+00:00,2023-06-29T20:23:00+00:00,30233.5,30354.0,0.0165,498.85275,99.77055,5,30036.0,30379.9,4.078759739999976,1.6085493291395283,exchange_guard_proxy_touch,False,1.98825,0.3998775,-0.09681989955,0.19954110000000003,1.4915526004500002,29.899656771462123,1,True
BTCUSDT,long,efa09583eec1fd7a3571cef17533b73fee8ed4e41202f87141063b6038214550,BTCUSDT|long|high_volume,1688100060000,1688132160000,2023-06-30T04:41:00+00:00,2023-06-30T13:36:00+00:00,31069.100000000002,30577.800000000003,0.005200000000000001,161.55932000000004,32.31186400000001,5,30337.300000000003,30603.9,4.067191648000012,6.089652766142235,exchange_guard_proxy_touch,False,-2.5547599999999964,0.12822555200000005,-0.015994784000000005,0.06462372800000002,-2.6989803359999964,-167.0581638991793,1,True
BTCUSDT,long,8f29c0ed44e47b60de5df2023d98db00cc7308905b009605e0c91140d60d248b,BTCUSDT|long|high_volume,1688157060000,1688264280000,2023-06-30T20:31:00+00:00,2023-07-02T02:18:00+00:00,30492.9,30508.2,0.0126,384.21054000000004,76.84210800000001,5,30221.9,30534.2,4.044293064000009,5.06527140466201,exchange_guard_proxy_touch,False,0.19277999999999082,0.30744554400000007,-0.153774684,0.15368421600000004,-0.2684402280000092,-6.986800205949821,1,True
BTCUSDT,long,02a492e2beb662c85cea0ac1d1f2bc5c378accaf36584a8fe8338b64185874d5,BTCUSDT|long|high_volume,1688299560000,1688311380000,2023-07-02T12:06:00+00:00,2023-07-02T15:23:00+00:00,30589.5,30436.100000000002,0.0228,697.4406,139.48812,5,30462.0,30462.0,4.054073471999951,5.091441306917888,exchange_guard_proxy_touch,False,-3.4975199999999504,0.5565534720000002,0.0,0.27897624000000004,-4.054073471999951,-58.12786740548157,1,True
BTCUSDT,long,ecd162246e7bc779bfb9e85a64db0a2ef81cb22f40b4932dbff27996f786f364,BTCUSDT|long|high_volume,1688336760000,1688337780000,2023-07-02T22:26:00+00:00,2023-07-02T22:43:00+00:00,30690.600000000002,30432.0,0.0142,435.80652000000003,87.161304,5,30457.9,30457.9,4.019296368000032,2.1007139814479268,exchange_guard_proxy_touch,False,-3.672120000000031,0.34717636800000007,0.0,0.17432260800000002,-4.019296368000031,-92.22662313542327,1,True
BTCUSDT,long,ad81b8665258309b768641969bd423a864c36fbdce886861a65a95b7aa86e9ca,BTCUSDT|long|confirmed_volume,1688347860000,1688450640000,2023-07-03T01:31:00+00:00,2023-07-04T06:04:00+00:00,30727.0,30848.800000000003,0.011300000000000001,347.2151,69.44302,5,30424.9,30875.100000000002,3.9826895200000005,1.8269368661987406,exchange_guard_proxy_touch,False,1.376340000000033,0.278322616,-0.10495428700000002,0.13888604000000002,0.9930630970000329,28.600803853289584,1,True
BTCUSDT,long,c72a66289159d2f90cf1b592fc9f190ed53044d9eef4cf1fd06dd5037519855e,BTCUSDT|long|high_volume,1688632560000,1688650980000,2023-07-06T08:36:00+00:00,2023-07-06T13:43:00+00:00,30920.5,30394.600000000002,0.007200000000000001,222.62760000000003,44.52552000000001,5,30420.5,30420.5,3.9630674879999845,3.782697894372359,exchange_guard_proxy_touch,False,-3.7864799999999845,0.17658748800000004,0.0,0.08905104000000001,-3.9630674879999845,-178.01330508885619,1,True
BTCUSDT,long,ea81cd5d0ad1cc67826b7e2bbf11c14c2c85a4340f67abdc709493923ba25feb,BTCUSDT|long|high_volume,1688733360000,1688789340000,2023-07-07T12:36:00+00:00,2023-07-08T04:09:00+00:00,30286.4,30214.100000000002,0.0091,275.60624,55.121248,5,29904.300000000003,30239.9,3.928161327999987,23.796872611192306,exchange_guard_proxy_touch,False,-0.6579299999999935,0.22022182000000004,-0.008549924747,0.11024249600000001,-0.8867017447469935,-32.172774634819355,1,True
BTCUSDT,long,f4ab7bb1107a6a4e804adea8c78b5085f720df01a521f7248ca9f87ec66d583d,BTCUSDT|long|high_volume,1688832360000,1688844180000,2023-07-08T16:06:00+00:00,2023-07-08T19:23:00+00:00,30245.7,30106.7,0.024200000000000003,731.9459400000001,146.38918800000002,5,30132.4,30132.4,3.9480112320000007,3.3450735266783145,exchange_guard_proxy_touch,False,-3.3638000000000003,0.5842112320000001,0.0,0.29277837600000006,-3.9480112320000007,-53.9385631676569,1,True
BTCUSDT,long,f76cb7e619539aeea058f3338d0a6aa39db568d18738efbf3591e43278d28f0d,BTCUSDT|long|high_volume,1688890260000,1688895180000,2023-07-09T08:11:00+00:00,2023-07-09T09:33:00+00:00,30307.100000000002,30215.800000000003,0.033800000000000004,1024.3799800000002,204.87599600000004,5,30241.600000000002,30241.600000000002,3.9042096079999755,2.437892643897064,exchange_guard_proxy_touch,False,-3.085939999999976,0.8182696080000003,0.0,0.4097519920000001,-3.9042096079999764,-38.11290423696074,1,True
BTCUSDT,long,8f2c75ebb0436c2df826ea4d14b2fa130547b3743e0ef2bd95027b0d4f5a9bdb,BTCUSDT|long|high_volume,1688990460000,1689067200000,2023-07-10T12:01:00+00:00,2023-07-11T09:20:00+00:00,30256.4,30356.4,0.0114,344.92296000000005,68.984592,5,29966.5,30382.300000000003,3.870060144000017,3.154447547760026,exchange_guard_proxy_touch,False,1.1400000000000001,0.27639436800000006,-0.066865452897,0.13796918400000002,0.7967401791030001,23.09907635905131,1,True
BTCUSDT,long,a3cc1b23ff20e1ba780ef8095f122bd588706997eb444dd2470498c212705933,BTCUSDT|long|high_volume,1689117360000,1689169080000,2023-07-11T23:16:00+00:00,2023-07-12T13:38:00+00:00,30631.100000000002,30458.9,0.013000000000000001,398.20430000000005,79.64086,5,30383.800000000003,30484.9,3.86874280000001,2.044720078395577,exchange_guard_proxy_touch,False,-2.2386000000000097,0.317668,-0.053900241928,0.15928172000000004,-2.6101682419280094,-65.54846951497031,1,True
ETHUSDT,long,6ad2692ac24e54faf13d6e427a208dd755a7db4b4852cb20f61ab91fa463f365,ETHUSDT|long|high_volume,1689293760000,1689316320000,2023-07-14T00:16:00+00:00,2023-07-14T06:32:00+00:00,2011.71,2002.3400000000001,0.09,181.0539,36.21078,5,1970.99,2004.05,3.959316720000008,2.095973836766823,exchange_guard_proxy_touch,False,-0.8432999999999902,0.1445058,0.0,0.07242156000000001,-0.9878057999999902,-54.55865905125436,1,True
BTCUSDT,long,7578fd377c9747f5b2d140ad62bed0586d1898d83f764ba761c6d85b5ef38fc4,BTCUSDT|long|high_volume,1689231660000,1689341880000,2023-07-13T07:01:00+00:00,2023-07-14T13:38:00+00:00,30400.9,31041.9,0.0176,535.0558400000001,107.01116800000003,5,30232.9,31068.4,3.835801024000013,4.418549025588104,exchange_guard_proxy_touch,False,11.281600000000001,0.432557312,-0.145640442024,0.21402233600000004,10.703402245976001,200.04271415813346,1,True
BTCUSDT,long,80440283f347cbda1bb61a8ca679a4f9ff27b0b41c65028cfcedfce66fa68f1a,BTCUSDT|long|high_volume,1689342960000,1689352260000,2023-07-14T13:56:00+00:00,2023-07-14T16:31:00+00:00,31294.5,31041.9,0.0142,444.38190000000003,88.87638000000001,5,31068.4,31068.4,3.9409907519999794,3.7921368713390704,exchange_guard_proxy_touch,False,-3.5869199999999797,0.35407075200000004,-0.044355972,0.17775276000000004,-3.98534672399998,-89.68292191918663,1,True
ETHUSDT,long,a407d45c1da93bc85ef4410498115ce96fc3542ab2bea4441d2caa1875c41f6a,ETHUSDT|long|confirmed_volume,1689404460000,1689455460000,2023-07-15T07:01:00+00:00,2023-07-15T21:11:00+00:00,1934.52,1925.66,0.32,619.0464000000001,123.80928000000002,5,1925.56,1927.3,3.885880319999971,1.7030828897996333,exchange_guard_proxy_touch,False,-2.835199999999968,0.49410304000000005,-0.10477204038400001,0.24761856000000002,-3.434075080383968,-55.473629769658096,1,True
ETHUSDT,long,df90571997133cf783146853bf9e13412aa25ef7f422df23ac46ebe02206aa4e,ETHUSDT|long|high_volume,1689499860000,1689549900000,2023-07-16T09:31:00+00:00,2023-07-16T23:25:00+00:00,1931.3400000000001,1923.19,0.25,482.83500000000004,96.56700000000001,5,1919.33,1924.83,3.7974030000000227,4.290469122710938,exchange_guard_proxy_touch,False,-2.0375000000000227,0.38545300000000005,-0.01975204,0.19313400000000003,-2.442705040000023,-50.590885913407746,1,True
BTCUSDT,long,0e9dbad561bdb6b1758d36a9adf7b5232277b8efe2fdfaee5c6270c3aefc7c3d,BTCUSDT|long|high_volume,1689679560000,1689681180000,2023-07-18T11:26:00+00:00,2023-07-18T11:53:00+00:00,30035.2,29839.100000000002,0.017400000000000002,522.6124800000001,104.52249600000002,5,29864.5,29864.5,3.8288651279999755,3.529266831392127,exchange_guard_proxy_touch,False,-3.412139999999975,0.4167251280000001,0.0,0.20904499200000007,-3.828865127999975,-73.26394363946254,1,True
ETHUSDT,long,04764f2f84bb33625cd3cab4f1570536f9b42f2f0b307293e8c0232548492e09,ETHUSDT|long|high_volume,1689679560000,1689681300000,2023-07-18T11:26:00+00:00,2023-07-18T11:55:00+00:00,1907.4,1890.68,0.21,400.55400000000003,80.11080000000001,5,1892.29,1892.29,3.8302387200000054,4.462219989703366,exchange_guard_proxy_touch,False,-3.5112000000000054,0.31903872,0.0,0.16022160000000002,-3.8302387200000054,-95.62352941176484,1,True
ETHUSDT,long,5c2b1e066667f91d5c76218578e9ef8c4a032cf1941bfe9d777c72795617a163,ETHUSDT|long|high_volume,1689690360000,1689690720000,2023-07-18T14:26:00+00:00,2023-07-18T14:32:00+00:00,1901.8600000000001,1890.68,0.29,551.5394,110.30788,5,1892.29,1892.29,3.6821346400000183,3.5361570164559786,exchange_guard_proxy_touch,False,-3.242200000000018,0.43993464,0.0,0.22061576000000002,-3.6821346400000183,-66.76104445122176,1,True
BTCUSDT,long,0c66cb67f67d457b7c5f63a09bfff14b6741c5594b2670de22a4340c7f55e19e,BTCUSDT|long|high_volume,1689774360000,1689776100000,2023-07-19T13:46:00+00:00,2023-07-19T14:15:00+00:00,30093.600000000002,29826.7,0.0128,385.19808000000006,77.03961600000001,5,29852.100000000002,29852.100000000002,3.7231119360000187,3.071081770035552,exchange_guard_proxy_touch,False,-3.416320000000019,0.30679193600000004,0.0,0.15407923200000004,-3.723111936000019,-96.65447802855141,1,True
ETHUSDT,long,300e63057ebf60ca43071ce1c7e5d3aed8c49dd013e2f3f11931e6df2e5a9a60,ETHUSDT|long|high_volume,1689726960000,1689776100000,2023-07-19T00:36:00+00:00,2023-07-19T14:15:00+00:00,1908.53,1899.74,0.16,305.3648,61.07296,5,1888.61,1901.36,3.6877139199999953,5.583091982565991,exchange_guard_proxy_touch,False,-1.406399999999994,0.24372928000000002,-0.030524640000000006,0.12214592,-1.6806539199999941,-55.037578660015626,1,True
ETHUSDT,long,7b64fc13eb76149f18dc5be0c24ac0f7ea9109dd6641d62361afa82d2f7788fb,ETHUSDT|long|confirmed_volume,1689788460000,1689798180000,2023-07-19T17:41:00+00:00,2023-07-19T20:23:00+00:00,1910.47,1899.74,0.3,573.141,114.62819999999999,5,1901.36,1901.36,3.6762252000000055,1.5687633773150087,exchange_guard_proxy_touch,False,-3.219000000000005,0.4572252,0.0,0.22925640000000003,-3.676225200000005,-64.1417242877408,1,True
BTCUSDT,long,d187ec4dfff80082bca363c9db39ffd6a10e3af34685f0abe8381ce47c780d55,BTCUSDT|long|high_volume,1689789060000,1689801600000,2023-07-19T17:51:00+00:00,2023-07-19T21:20:00+00:00,30064.4,29826.7,0.014100000000000001,423.9080400000001,84.78160800000002,5,29852.100000000002,29852.100000000002,3.6893558040000105,5.239864096353884,exchange_guard_proxy_touch,False,-3.351570000000011,0.3377858040000001,0.0,0.16956321600000004,-3.689355804000011,-87.03198467290241,1,True
BTCUSDT,long,76b52acec8aecaaeb43971b549ed61da322275f8e28a325c1910ce7eb90aaff6,BTCUSDT|long|high_volume,1689819060000,1689863820000,2023-07-20T02:11:00+00:00,2023-07-20T14:37:00+00:00,30037.100000000002,29874.9,0.0131,393.48601,78.697202,5,29810.9,29900.4,3.6094304240000286,2.1750934676914686,exchange_guard_proxy_touch,False,-2.1248200000000095,0.31393888000000003,-0.0381361671276,0.15739440400000002,-2.4768950471276097,-62.94747422221211,1,True
ETHUSDT,long,128f96f638493ef82f38ede9a9c066e6db3da9c9327aceefa1ce7d185dae7828,ETHUSDT|long|confirmed_volume,1689830160000,1689864240000,2023-07-20T05:16:00+00:00,2023-07-20T14:44:00+00:00,1902.3,1889.7,0.15,285.34499999999997,57.068999999999996,5,1881.6,1891.31,3.571937999999993,1.6477566079705592,exchange_guard_proxy_touch,False,-1.8899999999999864,0.22752,-0.026430070094999997,0.114138,-2.1439500700949865,-75.13536491247392,1,True
BTCUSDT,long,73760775252894abe581941bec2f53b4925d0a57685a4507c9dff987b5e09ed7,BTCUSDT|long|confirmed_volume,1689931260000,1689938580000,2023-07-21T09:21:00+00:00,2023-07-21T11:23:00+00:00,29844.800000000003,29704.2,0.0189,564.06672,112.813344,5,29705.800000000003,29729.5,3.5552812680000554,1.6519300843162166,exchange_guard_proxy_touch,False,-2.6573400000000413,0.45019044,0.0,0.22562668800000005,-3.1075304400000414,-55.091540234815504,1,True
ETHUSDT,long,547964ae8350a27c9934ddafaf5655d768ad6c38779c041b73deb41481cf6c36,ETHUSDT|long|high_volume,1689962460000,1689966900000,2023-07-21T18:01:00+00:00,2023-07-21T19:15:00+00:00,1899.97,1883.57,0.19,360.9943,72.19886,5,1885.18,1885.18,3.403549040000017,3.7169444762562502,exchange_guard_proxy_touch,False,-3.1160000000000174,0.28754904000000003,0.0,0.14439772,-3.4035490400000175,-94.2826255151402,1,True
BTCUSDT,long,c780befed9fab2313d4a630752544f0c8e8aac60b0a7f8fe472f6b8cce084260,BTCUSDT|long|high_volume,1689942360000,1690029780000,2023-07-21T12:26:00+00:00,2023-07-22T12:43:00+00:00,29852.5,29796.5,0.0205,611.97625,122.39525,5,29729.5,29821.9,3.528514939999985,2.0789223870629203,exchange_guard_proxy_touch,False,-1.1480000000000001,0.48912180000000005,-0.04198981874050001,0.24479050000000002,-1.6791116187405,-27.437529131898497,1,True
ETHUSDT,long,3c908adb5546eda0910012b285ca3c2a9868262ceb5ecb6d9eecafa3bdf2302b,ETHUSDT|long|confirmed_volume,1690223460000,1690330980000,2023-07-24T18:31:00+00:00,2023-07-26T00:23:00+00:00,1848.76,1853.82,0.21,388.2396,77.64792,5,1835.38,1855.4,3.448835880000009,1.785756036211518,exchange_guard_proxy_touch,False,1.0625999999999884,0.31101672,-0.135942722622,0.15529584000000002,0.6156405573779884,15.857232424976441,1,True
ETHUSDT,long,269eeb754b84b2ed4151c81d25b5dfc305b5bcb77f0266ef82fd580e7c8a311a,ETHUSDT|long|high_volume,1690340460000,1690345380000,2023-07-26T03:01:00+00:00,2023-07-26T04:23:00+00:00,1860.78,1853.82,0.41000000000000003,762.9198,152.58396,5,1855.4,1855.4,3.462794400000015,4.203687382166381,exchange_guard_proxy_touch,False,-2.8536000000000152,0.6091944,0.0,0.30516792000000004,-3.462794400000015,-45.38870796117777,1,True
ETHUSDT,long,3fbbfb582a10517dd9c71523bf53ce6c6e3ce04959befb04117200a7b301f9ca,ETHUSDT|long|confirmed_volume,1690420860000,1690444320000,2023-07-27T01:21:00+00:00,2023-07-27T07:52:00+00:00,1873.74,1863.81,0.3,562.122,112.42439999999999,5,1865.4,1865.4,3.4275060000000193,1.7376317532984016,exchange_guard_proxy_touch,False,-2.979000000000019,0.44850600000000007,0.0,0.22484880000000002,-3.4275060000000193,-60.97441480675049,1,True
ETHUSDT,long,6f0b8077227e6179d01fbe69cdf28b45d84949dab1d37788e26288287d413220,ETHUSDT|long|high_volume,1690448760000,1690470540000,2023-07-27T09:06:00+00:00,2023-07-27T15:09:00+00:00,1880.01,1863.81,0.19,357.2019,71.44038,5,1865.4,1865.4,3.3625303200000083,3.4716591749714434,exchange_guard_proxy_touch,False,-3.0780000000000087,0.28453032,0.0,0.14288076,-3.3625303200000087,-94.13528651443367,1,True
ETHUSDT,long,eb3d0d10478a5626817fc7ad369bfff9fa1e54e1a4bed2a55368af6cfc45c769,ETHUSDT|long|high_volume,1690535160000,1690611000000,2023-07-28T09:06:00+00:00,2023-07-29T06:10:00+00:00,1864.8,1870.26,0.27,503.49600000000004,100.6992,5,1855.56,1871.86,3.3230282399999833,2.5847230721717867,exchange_guard_proxy_touch,False,1.47420000000001,0.40338648000000005,-0.09820290960000001,0.20139840000000003,0.97261061040001,19.317146718146915,1,True
ETHUSDT,long,7555a040f81966d7a1fe6558a57ff485e83965085051b2ff770ac9f01291f151,ETHUSDT|long|high_volume,1690657860000,1690694040000,2023-07-29T19:11:00+00:00,2023-07-30T05:14:00+00:00,1879.6200000000001,1874.7,0.27,507.4974000000001,101.49948000000002,5,1870.46,1876.3,3.3073369200000005,4.613908495150388,exchange_guard_proxy_touch,False,-1.3284000000000198,0.4054665600000001,-0.050756220000000005,0.20299896000000003,-1.7846227800000198,-35.16516104318997,1,True
ETHUSDT,long,b930e9bff7475e67060ce5dff755c0ccae811dec2c18dc70a93c15ba5c969862,ETHUSDT|long|high_volume,1690792260000,1690812000000,2023-07-31T08:31:00+00:00,2023-07-31T14:00:00+00:00,1869.3500000000001,1860.05,0.31,579.4985,115.89970000000001,5,1861.64,1861.64,3.345445600000056,9.786976746924317,exchange_guard_proxy_touch,False,-2.8830000000000564,0.46244560000000007,0.0,0.23179940000000002,-3.3454456000000565,-57.73001310616087,1,True
BTCUSDT,short,6b82191c9a5eb94e26c08fe0689fd888fcf70d58ad42166aeb6fa7ddf15d5fbf,BTCUSDT|short|high_volume,1690854960000,1690905960000,2023-08-01T01:56:00+00:00,2023-08-01T16:06:00+00:00,29131.300000000003,29011.300000000003,0.0165,480.66645000000005,96.13329000000002,5,29285.399999999998,28986.6,3.3392145600000003,3.7516076672902336,exchange_guard_proxy_touch,False,1.98,0.3837411600000001,0.08005283246400001,0.19226658000000002,1.676311672464,34.874738448335634,1,True
ETHUSDT,long,2ca8912c7c038374a3d89a0767da2384a2daf302953a07d57002d5ffe1fe4261,ETHUSDT|long|high_volume,1690913160000,1690981440000,2023-08-01T18:06:00+00:00,2023-08-02T13:04:00+00:00,1839.69,1851.26,0.1,183.96900000000002,36.793800000000005,5,1810.83,1852.84,3.1859592000000094,2.2263447234949507,exchange_guard_proxy_touch,False,1.1569999999999936,0.14763800000000002,-0.0372933,0.07358760000000002,0.9720686999999937,52.838722828302245,1,True
BTCUSDT,short,df4a38b359a869e6d59646f3e5c51f43ffdb226321e6024a875642233c2864b4,BTCUSDT|short|confirmed_volume,1690989660000,1691027220000,2023-08-02T15:21:00+00:00,2023-08-03T01:47:00+00:00,29171.800000000003,29254.100000000002,0.007,204.20260000000002,40.840520000000005,5,29599.1,29229.199999999997,3.33212908,1.8571323164132432,exchange_guard_proxy_touch,False,-0.576099999999995,0.16359252000000005,0.040937890000000005,0.08168104000000001,-0.6987546299999949,-34.218694081270016,1,True
ETHUSDT,long,e9460143a7701878719d4a4cb269798b3f26d997ea3fb4709afae6f0cad70035,ETHUSDT|long|high_volume,1691043660000,1691044980000,2023-08-03T06:21:00+00:00,2023-08-03T06:43:00+00:00,1840.94,1834.83,0.44,810.0136,162.00272,5,1836.4,1836.4,3.335335520000056,2.0820664542237632,exchange_guard_proxy_touch,False,-2.688400000000056,0.6469355200000001,0.0,0.32400544000000003,-3.335335520000056,-41.17629037339689,1,True
ETHUSDT,long,d4ec0f7e6e370720d043d570d5019a6927c092992d22c5c6102501edbe8d29a6,ETHUSDT|long|high_volume,1691074860000,1691100420000,2023-08-03T15:01:00+00:00,2023-08-03T22:07:00+00:00,1850.47,1831.5900000000001,0.16,296.0752,59.21504,5,1833.15,1833.15,3.256451839999981,5.844890802363616,exchange_guard_proxy_touch,False,-3.0207999999999813,0.23565184000000003,-0.02943408000000001,0.11843008000000001,-3.2858859199999815,-110.98146416856196,1,True
BTCUSDT,short,4b689378968c97bf4e54d82e24d3e6a5373c0edfb2ae4108ea44d82b82290895,BTCUSDT|short|high_volume,1691115960000,1691152200000,2023-08-04T02:26:00+00:00,2023-08-04T12:30:00+00:00,29108.0,29275.0,0.0112,326.0096,65.20192,5,29352.5,29250.1,3.2804150400000003,8.618932696506015,exchange_guard_proxy_touch,False,-1.8704,0.26155584,0.032705792,0.13040384,-2.099250048,-64.39227703724063,1,True
ETHUSDT,long,9208a1dabc8c8f2f344efb08c76d9c7dc5e5a29cc5868c4244902823d235bada,ETHUSDT|long|high_volume,1691152260000,1691152560000,2023-08-04T12:31:00+00:00,2023-08-04T12:36:00+00:00,1841.22,1829.0900000000001,0.24,441.89279999999997,88.37856,5,1830.65,1830.65,3.263549759999971,3.768026984530869,exchange_guard_proxy_touch,False,-2.9111999999999716,0.35234976,0.0,0.17675712,-3.2635497599999717,-73.85387949294426,1,True
ETHUSDT,long,c21e81f42a59134b21bbb3b325597f831aebf96e82a9bee7546a2f1ffa2be6be,ETHUSDT|long|high_volume,1691157060000,1691173500000,2023-08-04T13:51:00+00:00,2023-08-04T18:25:00+00:00,1850.45,1829.0900000000001,0.14,259.06300000000005,51.81260000000001,5,1830.65,1830.65,3.1964542399999862,2.2365924372527717,exchange_guard_proxy_touch,False,-2.9903999999999864,0.20605424000000003,-0.0258524,0.10362520000000001,-3.2223066399999865,-124.38312842821962,1,True
BTCUSDT,short,af7dd34733a528cd0e18b8a105beb2bb39cc453a677bf200cd92b44f2b4f9f73,BTCUSDT|short|high_volume,1691209260000,1691261700000,2023-08-05T04:21:00+00:00,2023-08-05T18:55:00+00:00,29038.600000000002,29097.800000000003,0.0207,601.09902,120.219804,5,29145.1,29073.0,3.199876379999985,2.3803520601996064,exchange_guard_proxy_touch,False,-1.225440000000015,0.4813693920000001,0.12020572800000001,0.24043960800000003,-1.5866036640000152,-26.39504659315557,1,True
ETHUSDT,long,e0053d4d0d7962df72a5c25d24a44da0b4d1e8b62d62161090c4821ae4e741f3,ETHUSDT|long|high_volume,1691275860000,1691303520000,2023-08-05T22:51:00+00:00,2023-08-06T06:32:00+00:00,1839.08,1830.89,0.27,496.5516,99.31032,5,1830.34,1832.45,3.1771288799999877,3.5642320279226216,exchange_guard_proxy_touch,False,-2.2112999999999534,0.39635676000000003,-0.049558500000000005,0.19862064,-2.6572152599999534,-53.513376253343125,1,True
ETHUSDT,long,1705157cedf9d4b8712218a69d6fbc545e26af2dc38e7e0b084b95764bced262,ETHUSDT|long|high_volume,1691310360000,1691313060000,2023-08-06T08:26:00+00:00,2023-08-06T09:11:00+00:00,1836.55,1830.89,0.44,808.082,161.6164,5,1832.45,1832.45,3.135869439999936,3.16951723121176,exchange_guard_proxy_touch,False,-2.4903999999999358,0.6454694400000001,0.0,0.32323280000000004,-3.1358694399999356,-38.806327080666755,1,True
BTCUSDT,short,1b25a8072d47e96d98cd8a27c2906a88cfef28aec2da260b78d28d44db541e92,BTCUSDT|short|high_volume,1691318460000,1691343240000,2023-08-06T10:41:00+00:00,2023-08-06T17:34:00+00:00,29013.0,29109.2,0.0262,760.1406000000001,152.02812,5,29084.399999999998,29084.399999999998,3.1295606560000193,2.2484717887528993,exchange_guard_proxy_touch,False,-2.5204400000000193,0.609120656,0.075982882,0.30405624000000003,-3.0535777740000194,-40.1712232447526,1,True
BTCUSDT,short,c9eb8d29c456a3b9a6aa9068b3b95b183da281cd3c6de63c7f3114b2677f8885,BTCUSDT|short|high_volume,1691421060000,1691431800000,2023-08-07T15:11:00+00:00,2023-08-07T18:10:00+00:00,28963.2,29173.7,0.0132,382.31424,76.462848,5,29148.899999999998,29148.899999999998,3.085562832,2.555888133853369,exchange_guard_proxy_touch,False,-2.7786,0.306962832,0.038086224,0.152925696,-3.0474766079999998,-79.7113026184952,1,True
BTCUSDT,short,bf335c13e69de0c1b52e1bb85ab0673a207e607de8b277b1d3cad977741ef8d9,BTCUSDT|short|high_volume,1691577360000,1691578800000,2023-08-09T10:36:00+00:00,2023-08-09T11:00:00+00:00,29745.600000000002,29900.0,0.0172,511.62432,102.324864,5,29874.6,29874.6,3.0660417279999623,4.470541052938603,exchange_guard_proxy_touch,False,-2.6556799999999625,0.41036172800000004,0.0,0.20464972800000003,-3.0660417279999628,-59.92759937604144,1,True
BTCUSDT,short,818fd4d5ddaf73b95a9e7a06c2e2a4fdd8d74f5b2abc04c8198aefdada205f7e,BTCUSDT|short|confirmed_volume,1691592960000,1691670600000,2023-08-09T14:56:00+00:00,2023-08-10T12:30:00+00:00,29726.5,29638.5,0.0154,457.78810000000004,91.55762000000001,5,29874.6,29613.3,3.03919924,1.809656424362063,exchange_guard_proxy_touch,False,1.3552,0.3656884,0.1316474445594,0.18311524,1.1211590445594,24.490786120464904,1,True
BTCUSDT,short,d8601d353b6f5fea14344009c04e78b120b00395b8e8b15b079a68c344226aa3,BTCUSDT|short|confirmed_volume,1691719560000,1691737380000,2023-08-11T02:06:00+00:00,2023-08-11T07:03:00+00:00,29393.9,29505.2,0.022600000000000002,664.3021400000001,132.860428,5,29480.1,29480.1,3.047827863999984,1.7530624736983054,exchange_guard_proxy_touch,False,-2.515379999999984,0.5324478640000001,0.0,0.26572085600000006,-3.0478278639999843,-45.88014520019435,1,True
BTCUSDT,short,47132f17cc7fbafc816591dc0cdc6556ee3af05b4ae050902bb57f33e87d87aa,BTCUSDT|short|high_volume,1691766960000,1691801460000,2023-08-11T15:16:00+00:00,2023-08-12T00:51:00+00:00,29357.9,29462.4,0.0175,513.7632500000001,102.75265000000002,5,29482.0,29437.3,3.0230550000000127,3.2612618210908266,exchange_guard_proxy_touch,False,-1.82875,0.41174210000000006,0.08810364442250002,0.20550530000000006,-2.1523884555775,-41.89455854574066,1,True
BTCUSDT,short,5ec9abbccc816a7955c288ff87fb9554bcaea3c7e0a7c2cb3748f913b6a9e887,BTCUSDT|short|high_volume,1691805660000,1691826840000,2023-08-12T02:01:00+00:00,2023-08-12T07:54:00+00:00,29367.0,29441.800000000003,0.0252,740.0484,148.00968,5,29437.3,29416.699999999997,2.9970803520000366,3.4271246972872036,exchange_guard_proxy_touch,False,-1.8849600000000735,0.5927927040000001,0.0,0.29601936,-2.4777527040000735,-33.480954813226724,1,True
BTCUSDT,short,3424ce6a75c7f38f09da221b150843c0a73924e3c2f55a8f7ae1c6965bf2da6a,BTCUSDT|short|confirmed_volume,1691924460000,1691947380000,2023-08-13T11:01:00+00:00,2023-08-13T17:23:00+00:00,29363.100000000002,29425.800000000003,0.0224,657.7334400000001,131.54668800000002,5,29447.5,29400.8,2.979967872,1.618927152085996,exchange_guard_proxy_touch,False,-1.4044800000000164,0.526748544,0.065772672,0.263093376,-1.8654558720000165,-28.361882771233528,1,True
BTCUSDT,short,607c7459f12456d3a8b9e6a147a300705c213c3a023632f01700d07687b24ea2,BTCUSDT|short|high_volume,1692063660000,1692110340000,2023-08-15T01:41:00+00:00,2023-08-15T14:39:00+00:00,29341.0,29471.7,0.0173,507.59929999999997,101.51986,5,29463.1,29446.6,2.9536580640000123,3.6617144756613373,exchange_guard_proxy_touch,False,-2.2611100000000124,0.40698388399999996,0.050856637,0.20303971999999998,-2.6172372470000127,-51.561088579121616,1,True
BTCUSDT,short,219735da356ee5855049d962f57f51ead3a0584100d042f2f78952bbe861fea9,BTCUSDT|short|high_volume,1692118260000,1692208860000,2023-08-15T16:51:00+00:00,2023-08-16T18:01:00+00:00,29240.100000000002,29202.100000000002,0.0115,336.26115000000004,67.25223000000001,5,29446.6,29177.199999999997,2.933474279999983,3.7740725588101824,exchange_guard_proxy_touch,False,0.437,0.26883412,0.10059487,0.13450446000000002,0.26876075,7.992619724282747,1,True
BTCUSDT,short,a281697dc304feb2651009b8eaf59ac31f0d21b8b9247dd47d9aea69082225ba,BTCUSDT|short|high_volume,1692217860000,1692455220000,2023-08-16T20:31:00+00:00,2023-08-19T14:27:00+00:00,28995.4,26015.0,0.012700000000000001,368.24158000000006,73.64831600000001,5,29177.199999999997,25992.899999999998,2.9207333000000095,14.615602889274692,exchange_guard_proxy_touch,False,37.851080000000024,0.27945283200000004,0.15699344450879998,0.14729663200000004,37.72862061250883,1024.5616644516033,1,True
BTCUSDT,short,744a1a8c61e7e2f3a3fc2c764a54de781fcbcf17d644e36a9ef113072d7653f2,BTCUSDT|short|high_volume,1692510660000,1692529320000,2023-08-20T05:51:00+00:00,2023-08-20T11:02:00+00:00,26036.7,26175.800000000003,0.0162,421.79454,84.358908,5,26197.1,26153.5,3.2983595280000118,3.7580384810832896,exchange_guard_proxy_touch,False,-2.2534200000000353,0.338337,-0.0184332008448,0.168717816,-2.610190200844835,-61.88297745259659,1,True
BTCUSDT,short,ea9fe5c9f5931b617d36e5b53ac0b69bcd9dab91f459d73f3cbde1c88984df21,BTCUSDT|short|high_volume,1692542460000,1692562020000,2023-08-20T14:41:00+00:00,2023-08-20T20:07:00+00:00,26063.100000000002,26171.4,0.0246,641.1522600000001,128.230452,5,26153.5,26149.1,3.286450776000018,2.649094138388303,exchange_guard_proxy_touch,False,-2.6641799999999822,0.51398748,-0.00123893841,0.256460904,-3.179406418409982,-49.58894504107311,1,True
BTCUSDT,short,4df3f6b566b568baa93e25a1c2c48b4544c17d97c75becfa40a31795bb78564b,BTCUSDT|short|high_volume,1692612660000,1692626220000,2023-08-21T10:11:00+00:00,2023-08-21T13:57:00+00:00,25950.300000000003,26102.100000000002,0.0122,316.59366000000006,63.31873200000001,5,26174.5,26079.899999999998,3.261777848,5.233283683639508,exchange_guard_proxy_touch,False,-1.8519599999999912,0.25401571200000006,0.0,0.12663746400000003,-2.1059757119999913,-66.51983214066861,1,True
BTCUSDT,short,62b2bac7d33baa9d8df5ad7c11fe88b46b12e4239e6b1a897a53c3fbe0236438,BTCUSDT|short|high_volume,1692701760000,1692748980000,2023-08-22T10:56:00+00:00,2023-08-23T00:03:00+00:00,25999.2,26109.5,0.0213,553.78296,110.756592,5,26108.8,26087.3,3.2514893039999846,2.402958008345646,exchange_guard_proxy_touch,False,-2.3493899999999845,0.44396612399999996,0.020929420363499998,0.221513184,-2.7724267036364845,-50.06341660704917,1,True
ETHUSDT,short,426ab04a787d8bad1e98a70269c05589010dd2481e55e6b3610036416bfbe9b3,ETHUSDT|short|high_volume,1692600360000,1692771900000,2023-08-21T06:46:00+00:00,2023-08-23T06:25:00+00:00,1671.0900000000001,1643.41,0.19,317.50710000000004,63.50142000000001,5,1685.1299999999999,1642.01,3.19638215999996,3.3342414662679536,exchange_guard_proxy_touch,False,5.259200000000012,0.251902,-0.039352114518,0.12700284000000003,4.967945885482012,156.46723759821472,1,True
BTCUSDT,short,3594a8946fd552423dbdd13fb1dad3f417cd93e68a5fe6fe95586efe11f13fab,BTCUSDT|short|high_volume,1692785160000,1692804180000,2023-08-23T10:06:00+00:00,2023-08-23T15:23:00+00:00,25970.4,26192.4,0.0134,348.00336000000004,69.600672,5,26170.1,26170.1,3.254392608,2.846150198765041,exchange_guard_proxy_touch,False,-2.9748,0.279592608,0.0,0.139201344,-3.2543926080000003,-93.51612605119674,1,True
BTCUSDT,short,5c574f1af4554b461b7151a5281fbff36b66a4aa13fff4d7d5fd730a23fe2f0b,BTCUSDT|short|confirmed_volume,1692857160000,1692867660000,2023-08-24T06:06:00+00:00,2023-08-24T09:01:00+00:00,26362.9,26532.300000000003,0.0148,390.17092,78.03418400000001,5,26536.0,26509.699999999997,3.209655280000011,1.7418411403049265,exchange_guard_proxy_touch,False,-2.5071200000000218,0.313139584,0.0098139931904,0.156068368,-2.8104455908096218,-72.03113934809959,1,True
ETHUSDT,short,c75402f34a386239afbcf6ce64b251c2eb49df24c9cb09a909a649190b60565f,ETHUSDT|short|high_volume,1692865560000,1692915960000,2023-08-24T08:26:00+00:00,2023-08-24T22:26:00+00:00,1669.6200000000001,1655.51,0.2,333.92400000000004,66.7848,5,1682.89,1654.1,3.210315999999962,4.9493978797627785,exchange_guard_proxy_touch,False,2.822000000000026,0.26601040000000004,-0.00623274526,0.13356960000000004,2.549756854740026,76.3574003288181,1,True
BTCUSDT,short,efc722f40ed664a14ca27cdd8e8d98228fa8f26f7debaa88ae833be3b155dc10,BTCUSDT|short|high_volume,1692971760000,1692972180000,2023-08-25T13:56:00+00:00,2023-08-25T14:03:00+00:00,26041.2,26141.100000000002,0.0267,695.3000400000001,139.060008,5,26118.8,26118.8,3.2246369640000387,5.133342050062141,exchange_guard_proxy_touch,False,-2.667330000000039,0.557306964,0.0,0.278120016,-3.2246369640000387,-46.37763236717257,1,True
BTCUSDT,short,b444b6a0a7fb6d79a273adc4318a245d4a9df9a019c4dd9811e3b28ea94945a1,BTCUSDT|short|high_volume,1692972660000,1692972900000,2023-08-25T14:11:00+00:00,2023-08-25T14:15:00+00:00,26056.0,26141.100000000002,0.030100000000000002,784.2856,156.85712,5,26118.8,26118.8,3.1899630840000657,3.356229949611569,exchange_guard_proxy_touch,False,-2.561510000000066,0.6284530840000001,0.0,0.31371424000000003,-3.189963084000066,-40.67348787227594,1,True
BTCUSDT,short,992956ffea6356fd76f289c32c3fbf83516ff3369725d0d7d91bfcac536e1b5d,BTCUSDT|short|high_volume,1692974760000,1693009860000,2023-08-25T14:46:00+00:00,2023-08-26T00:31:00+00:00,25915.9,26100.300000000003,0.0128,331.72352,66.34470400000001,5,26118.8,26078.1,3.1490918400000094,3.4471885927396086,exchange_guard_proxy_touch,False,-2.360320000000019,0.26632294400000006,0.0300485075712,0.132689408,-2.596594436428819,-78.27586167024933,1,True
ETHUSDT,short,063fe46f484457ce2ee9cf8161c273f8ce50cd8fcbe6bb937be400fbf4638558,ETHUSDT|short|high_volume,1692974760000,1693058640000,2023-08-25T14:46:00+00:00,2023-08-26T14:04:00+00:00,1648.13,1651.28,0.24,395.5512,79.11024,5,1658.35,1649.87,3.108757439999972,2.821813903504304,exchange_guard_proxy_touch,False,-0.7559999999999673,0.31674336,0.015873668376,0.15822048,-1.0568696916239673,-26.718910007704874,1,True
ETHUSDT,short,6d9cc5aae373e93fe16ffcbd78eaec92733bee79ef4926b6b448726a000037b9,ETHUSDT|short|high_volume,1693071060000,1693112160000,2023-08-26T17:31:00+00:00,2023-08-27T04:56:00+00:00,1642.73,1651.23,0.31,509.2463,101.84926,5,1649.87,1649.82,3.0589572399999856,10.026323377640578,exchange_guard_proxy_touch,False,-2.635,0.40845104000000004,0.002036296101,0.20369852,-3.041414743899,-59.72384568918811,1,True
BTCUSDT,short,4f000bc2f4201aa753677910c3d5aa1f193e1addce03f969f772a25710fd3008,BTCUSDT|short|high_volume,1693173360000,1693225500000,2023-08-27T21:56:00+00:00,2023-08-28T12:25:00+00:00,26024.9,26151.800000000003,0.020900000000000002,543.9204100000001,108.78408200000001,5,26129.5,26129.5,3.0884072120000305,8.290791748441913,exchange_guard_proxy_touch,False,-2.652210000000031,0.4361972120000001,0.021815251211600002,0.21756816400000006,-3.066591960788431,-56.379424349757905,1,True
ETHUSDT,short,2ffa453d51fa6a3463d558cf7771dd2985a0496a28524dc1e2c4922ea8237f7f,ETHUSDT|short|high_volume,1693200960000,1693225500000,2023-08-28T05:36:00+00:00,2023-08-28T12:25:00+00:00,1637.79,1652.3600000000001,0.13,212.9127,42.58254,5,1658.45,1650.95,3.0405778000000216,68.27798982035111,exchange_guard_proxy_touch,False,-1.8941000000000214,0.1710878,-0.01034593755,0.08516508,-2.0755337375500216,-97.4828527161612,1,True
BTCUSDT,short,b86adfd3e30d11eaf919ba7aaf031b9f29c154241d4f926d27453c1bf915d536,BTCUSDT|short|high_volume,1693246260000,1693271820000,2023-08-28T18:11:00+00:00,2023-08-29T01:17:00+00:00,26077.800000000003,26196.0,0.0218,568.4960400000001,113.69920800000003,5,26173.699999999997,26173.699999999997,3.0325875359999364,2.339365252032281,exchange_guard_proxy_touch,False,-2.5767599999999367,0.45582753600000003,0.004689562808,0.22739841600000005,-3.0278979731919367,-53.261549072389954,1,True
ETHUSDT,short,b40b1b07ab28e724dfc1dfd5c6c28b8c57ea7d518bbd78db76b9f9a265d5fd98,ETHUSDT|short|high_volume,1693284960000,1693317780000,2023-08-29T04:56:00+00:00,2023-08-29T14:03:00+00:00,1648.78,1653.0,0.18,296.7804,59.35608,5,1661.96,1651.59,2.8664755200000243,4.14437112749754,exchange_guard_proxy_touch,False,-0.7596000000000049,0.23772815999999997,0.0033758183159999997,0.11871216,-0.9939523416840049,-33.49117198049483,1,True
BTCUSDT,short,1f495d849964fc5182304e1b7132f7629297c414cf235c5f4241ca3c89a9bb50,BTCUSDT|short|high_volume,1693279560000,1693317960000,2023-08-29T03:26:00+00:00,2023-08-29T14:06:00+00:00,26045.5,26207.5,0.0164,427.1462,85.42924000000001,5,26185.199999999997,26185.199999999997,2.99957968,4.560101154463024,exchange_guard_proxy_touch,False,-2.6568,0.34277968000000003,0.016066132883600003,0.17085848000000003,-2.9835135471164,-69.84759661016298,1,True
BTCUSDT,short,204ea919d62ce76f53b5d34dfa7a12d1b5ecd7457974e957e5525702a2b61167,BTCUSDT|short|high_volume,1693376760000,1693384620000,2023-08-30T06:26:00+00:00,2023-08-30T08:37:00+00:00,27390.600000000002,27487.5,0.007,191.73420000000002,38.34684,5,27769.3,27464.1,2.971314079999985,2.4348049510701997,exchange_guard_proxy_touch,False,-0.6782999999999847,0.15365868000000002,0.011002929706999998,0.07669368000000001,-0.8209557502929847,-42.81738731499048,1,True
ETHUSDT,short,3f2091cc396ada2a1601b3e2b1267774c2c0ca8451735ada6b65cad5bb129cb9,ETHUSDT|short|high_volume,1693378560000,1693480800000,2023-08-30T06:56:00+00:00,2023-08-31T11:20:00+00:00,1715.25,1709.08,0.1,171.525,34.305,5,1741.48,1707.62,2.910328800000003,4.28197652081231,exchange_guard_proxy_touch,False,0.6170000000000073,0.1369732,0.03669466843,0.06861,0.5167214684300073,30.125140267016896,1,True
BTCUSDT,short,462181620718d10a8bc28f8b8b22cd7e84dc8e946493bfff8e28edd7db30ddd9,BTCUSDT|short|high_volume,1693387560000,1693480860000,2023-08-30T09:26:00+00:00,2023-08-31T11:21:00+00:00,27339.600000000002,27308.300000000003,0.017400000000000002,475.7090400000001,95.14180800000001,5,27464.1,27285.1,2.955056615999962,6.856093799025008,exchange_guard_proxy_touch,False,0.5446199999999874,0.3803493840000001,0.06499507086,0.19028361600000004,0.22926568685998733,4.819451967109712,1,True
BTCUSDT,short,d541072544f4fbf2d90ea89a76cf1014e0d84be63ee0c81e42d9d78605633897,BTCUSDT|short|high_volume,1693557060000,1693570680000,2023-09-01T08:31:00+00:00,2023-09-01T12:18:00+00:00,25926.5,26116.4,0.014700000000000001,381.11955000000006,76.22391000000002,5,26094.199999999997,26094.199999999997,3.0975422520000215,3.487749428522944,exchange_guard_proxy_touch,False,-2.7915300000000216,0.30601225200000004,0.0,0.15244782000000004,-3.0975422520000215,-81.27481920043255,1,True
ETHUSDT,short,befda57b9a096d32320f23662f25f4391d91fdad0c94e572fe48ed6b7afefa0d,ETHUSDT|short|high_volume,1693489860000,1693632480000,2023-08-31T13:51:00+00:00,2023-09-02T05:28:00+00:00,1698.1200000000001,1635.1200000000001,0.24,407.5488,81.50976,5,1707.62,1633.73,2.957491199999954,4.719666559985491,exchange_guard_proxy_touch,False,15.12,0.31999104000000006,0.029192672375999998,0.16301952,14.829201632376,363.8632142304431,1,True
BTCUSDT,short,3fc336fd94378258e9648643cc608fc438547844d6a3b56a7418a106cac7cb59,BTCUSDT|short|high_volume,1693576260000,1693632600000,2023-09-01T13:51:00+00:00,2023-09-02T05:30:00+00:00,25838.2,25852.0,0.0103,266.13346,53.226692,5,26094.199999999997,25830.0,3.0795129520000075,7.349436111441277,exchange_guard_proxy_touch,False,-0.1421399999999925,0.212963624,0.029897511382399995,0.10645338400000001,-0.3252061126175925,-12.21966274430853,1,True
BTCUSDT,short,5c322564c98fde832102002ac821ec324fecd8cf91a620a03a8e00c3b2f15daf,BTCUSDT|short|high_volume,1693638360000,1693649580000,2023-09-02T07:06:00+00:00,2023-09-02T10:13:00+00:00,25763.4,25852.0,0.028200000000000003,726.5278800000001,145.30557600000003,5,25830.0,25830.0,3.0807417119999596,7.149476311524497,exchange_guard_proxy_touch,False,-2.498519999999959,0.5822217120000001,0.014084042832600003,0.29061115200000004,-3.066657669167359,-42.209772722931966,1,True
ETHUSDT,short,074c296d878583486cb551b61f71b0a92a71bb125f07d508504b460219a319cd,ETHUSDT|short|high_volume,1693700760000,1693744560000,2023-09-03T00:26:00+00:00,2023-09-03T12:36:00+00:00,1633.75,1639.75,0.37,604.4875,120.8975,5,1639.15,1638.35,3.000596399999983,4.83532550895189,exchange_guard_proxy_touch,False,-2.2199999999999998,0.484478,-0.014972054625,0.24179500000000004,-2.719450054625,-44.98769709257842,1,True
BTCUSDT,short,927f71dabb01cd012ec2daa0ddaacc6b8ee188125b4c5057cf1a45a02d823580,BTCUSDT|short|confirmed_volume,1693807260000,1693808880000,2023-09-04T06:01:00+00:00,2023-09-04T06:28:00+00:00,25895.5,25997.2,0.0247,639.61885,127.92376999999999,5,25975.1,25975.1,3.024689876000018,1.5122020878891347,exchange_guard_proxy_touch,False,-2.511990000000018,0.512699876,0.0,0.25584754,-3.0246898760000183,-47.28894209418653,1,True
BTCUSDT,short,aa5e9994b75c97233798078d74bf9ab80bcc8b6b38b37ff3510f3ca4afc8735c,BTCUSDT|short|high_volume,1693820160000,1693901160000,2023-09-04T09:36:00+00:00,2023-09-05T08:06:00+00:00,25922.5,25769.800000000003,0.013600000000000001,352.54600000000005,70.5092,5,26099.399999999998,25747.899999999998,2.99087990400003,2.2708580408405896,exchange_guard_proxy_touch,False,2.0767199999999604,0.28120611200000006,0.0033793408383999994,0.14101840000000002,1.7988932288383603,51.025773341304685,1,True
ETHUSDT,short,07829b93eb9df90e52bd1351632b723bb76533bbc4bb643dce5903c2ac2c5fe7,ETHUSDT|short|high_volume,1693820760000,1693901220000,2023-09-04T09:46:00+00:00,2023-09-05T08:07:00+00:00,1635.05,1628.92,0.24,392.412,78.4824,5,1644.51,1627.53,2.9213721600000304,8.567737077169824,exchange_guard_proxy_touch,False,1.4711999999999716,0.31334112000000003,0.017182815072,0.15696480000000002,1.1750416950719715,29.944081604843163,1,True
BTCUSDT,short,5fe34db36138224be63cd81b68c312a7fd8c00f935b33c9956cfadb6b9384a9d,BTCUSDT|short|high_volume,1693903260000,1693906860000,2023-09-05T08:41:00+00:00,2023-09-05T09:41:00+00:00,25643.100000000002,25769.800000000003,0.0205,525.6835500000001,105.13671000000002,5,25747.899999999998,25747.899999999998,3.0189357800000147,5.326413376529146,exchange_guard_proxy_touch,False,-2.597350000000015,0.42158578000000013,0.0,0.21027342000000004,-3.018935780000015,-57.42876641279748,1,True
BTCUSDT,short,d0688679d77fd96a5302d9de306266aa49e5021b2ad765d5957c2c7a616f7066,BTCUSDT|short|high_volume,1693986960000,1694007900000,2023-09-06T07:56:00+00:00,2023-09-06T13:45:00+00:00,25706.2,25788.7,0.015300000000000001,393.30486,78.660972,5,25858.6,25766.699999999997,2.9840312160000226,2.5591214947490273,exchange_guard_proxy_touch,False,-1.26225,0.315148788,-0.010870775658900001,0.15732194400000002,-1.5882695636589,-40.38265796305949,1,True
BTCUSDT,short,86b9b107e0084f7d999850ccfc63b6283c5611ac209112c38a3f10c69f0b9aef,BTCUSDT|short|high_volume,1694009160000,1694022840000,2023-09-06T14:06:00+00:00,2023-09-06T17:54:00+00:00,25614.2,25788.7,0.015300000000000001,391.89726,78.379452,5,25766.699999999997,25766.699999999997,2.984435748,9.450623864105427,exchange_guard_proxy_touch,False,-2.6698500000000003,0.31458574800000005,0.0083546262765,0.156758904,-2.9760811217235,-75.94034012188551,1,True
ETHUSDT,short,5c520e80fbf91831fcc8c37a4eb0088ed1f09364fe686c2db296ba14668d5fba,ETHUSDT|short|confirmed_volume,1693977960000,1694022840000,2023-09-06T05:26:00+00:00,2023-09-06T17:54:00+00:00,1626.8500000000001,1637.15,0.2,325.37000000000006,65.07400000000001,5,1638.48,1635.75,2.8673383999999946,1.8056966969458157,exchange_guard_proxy_touch,False,-2.059999999999991,0.26112,0.008260302920000002,0.130148,-2.312859697079991,-71.08398737068539,1,True
ETHUSDT,short,6ab560c7cd23313bf028ddb922864ce7a50c3a0c6b6f45c9f85c92fe858cc8fc,ETHUSDT|short|high_volume,1694167260000,1694202240000,2023-09-08T10:01:00+00:00,2023-09-08T19:44:00+00:00,1631.81,1635.68,0.12,195.81719999999999,39.163439999999994,5,1653.01,1634.29,2.870939040000015,14.039257519617843,exchange_guard_proxy_touch,False,-0.4644000000000142,0.15683952,0.004877809596,0.07832687999999999,-0.6163617104040142,-31.476382585595864,1,True
BTCUSDT,short,8ffb4f16370b594b481aeadb4d3e74302c297d6400fdd55f47d57a353663b4bd,BTCUSDT|short|high_volume,1694163960000,1694271840000,2023-09-08T09:06:00+00:00,2023-09-09T15:04:00+00:00,26136.2,25918.300000000003,0.0102,266.58924,53.317848000000005,5,26378.5,25896.199999999997,2.9153117759999927,5.564056364899853,exchange_guard_proxy_touch,False,2.222579999999978,0.21238236000000002,-0.018809567264400005,0.10663569600000002,1.9913880727355782,74.69874150718078,1,True
BTCUSDT,short,2a1dbb6bb4e0f3f720a097e3fc936b4e8e21ca2062cf822c4873112f441d758b,BTCUSDT|short|high_volume,1694283360000,1694297880000,2023-09-09T18:16:00+00:00,2023-09-09T22:18:00+00:00,25823.0,25918.300000000003,0.0253,653.3219,130.66438,5,25896.199999999997,25896.199999999997,2.934711956000074,2.3501648987127437,exchange_guard_proxy_touch,False,-2.4110900000000735,0.523621956,0.0,0.26132876,-2.9347119560000734,-44.91984664833788,1,True
BTCUSDT,short,0d70782365df21f9d679a74b88744304668dbaff55f7c7469efb0a118c9d3a9b,BTCUSDT|short|high_volume,1694424360000,1694479800000,2023-09-11T09:26:00+00:00,2023-09-12T00:50:00+00:00,25706.7,25231.600000000002,0.0129,331.61643000000004,66.32328600000001,5,25895.1,25210.1,2.981829324,8.137704494968203,exchange_guard_proxy_touch,False,6.128789999999981,0.26284162800000005,0.014809045612800002,0.13264657200000002,5.880757417612781,177.33612950398086,1,True
ETHUSDT,short,b05cc6aceabf1714add7d80485ba447ce5b42da20af3d98a9b257ab4d6bc1779,ETHUSDT|short|high_volume,1694309460000,1694487720000,2023-09-10T01:31:00+00:00,2023-09-12T03:02:00+00:00,1627.0,1559.83,0.23,374.21000000000004,74.84200000000001,5,1636.51,1558.5,2.809671720000019,13.028303998061814,exchange_guard_proxy_touch,False,15.449100000000017,0.29318836,0.027829432866000002,0.149684,15.183741072866017,405.7545515316537,1,True
BTCUSDT,short,ed0d794b03819b218db8eb1077c0f5aec9afab8ddd42774960588f5a335c936f,BTCUSDT|short|high_volume,1694575860000,1694590680000,2023-09-13T03:31:00+00:00,2023-09-13T07:38:00+00:00,25838.600000000002,26059.600000000002,0.0129,333.31794,66.663588,5,26037.399999999998,26037.399999999998,3.118694712,2.4002774484520337,exchange_guard_proxy_touch,False,-2.8509,0.26779471200000005,0.0,0.13332717600000002,-3.1186947120000004,-93.56516219919037,1,True
ETHUSDT,short,929d16a76b2b7b266e923de90d9f5e53d7181853ad8d67995b4aa510b01813c1,ETHUSDT|short|high_volume,1694559960000,1694590680000,2023-09-12T23:06:00+00:00,2023-09-13T07:38:00+00:00,1592.13,1602.05,0.12,191.0556,38.21112,5,1614.01,1600.68,2.9451609599999986,3.3017113563280946,exchange_guard_proxy_touch,False,-1.1903999999999815,0.15332064,0.003829138992,0.07642224,-1.3398915010079815,-70.13097239798161,1,True
BTCUSDT,short,5cae74327ecc8b645ab3364c0d1256b6f596a483cbf8b118762da8a24e94f468,BTCUSDT|short|high_volume,1694608560000,1694615760000,2023-09-13T12:36:00+00:00,2023-09-13T14:36:00+00:00,26098.9,26282.5,0.015000000000000001,391.48350000000005,78.29670000000002,5,26260.1,26260.1,3.0682883999999784,16.017053304077663,exchange_guard_proxy_touch,False,-2.7539999999999782,0.3142884000000001,0.0,0.15659340000000005,-3.0682883999999784,-78.37593155267024,1,True
BTCUSDT,short,a4516b47506a7e2e46ab9c9d72fec5735e2a5de21fd0bfb334ddde602e565b16,BTCUSDT|short|high_volume,1694628060000,1694640600000,2023-09-13T18:01:00+00:00,2023-09-13T21:30:00+00:00,26079.800000000003,26282.5,0.013600000000000001,354.6852800000001,70.93705600000001,5,26260.1,26260.1,3.0415709119999605,2.886553457334518,exchange_guard_proxy_touch,False,-2.7567199999999605,0.28485091200000007,0.0,0.14187411200000002,-3.0415709119999605,-85.75407786869417,1,True
ETHUSDT,short,e9d35ae3a8ae01a967fd4bee4a604ec3b98cca22cf56c875d955e87497dc0764,ETHUSDT|short|high_volume,1694735160000,1694811900000,2023-09-14T23:46:00+00:00,2023-09-15T21:05:00+00:00,1623.64,1624.39,0.16,259.7824,51.95648,5,1639.01,1623.01,2.8920991999999974,2.376882322936776,exchange_guard_proxy_touch,False,-0.12,0.20787392000000002,0.005490451200000001,0.10391296000000001,-0.3223834688,-12.409750190929024,1,True
ETHUSDT,short,cd51e76b50db5413af03f002315161d69d3a1d2cc1e41b111bcde2a9eb210790,ETHUSDT|short|high_volume,1694845560000,1694868360000,2023-09-16T06:26:00+00:00,2023-09-16T12:46:00+00:00,1634.73,1639.46,0.24,392.3352,78.46704,5,1644.46,1638.06,2.986136640000026,3.1191816351625996,exchange_guard_proxy_touch,False,-1.1352000000000044,0.31432224000000003,0.00365202072,0.15693408,-1.4458702192800046,-36.85293135257822,1,True
BTCUSDT,short,f174fccaef655161dea6567d1b0d24db8653d6effb3a8e37c4a671345fdbe642,BTCUSDT|short|high_volume,1694845560000,1694886120000,2023-09-16T06:26:00+00:00,2023-09-16T17:42:00+00:00,26455.4,26589.100000000002,0.010700000000000001,283.07278,56.61455600000001,5,26691.6,26566.5,2.9977963160000156,2.406663711419056,exchange_guard_proxy_touch,False,-1.430590000000008,0.22703046000000002,-0.021203739487200002,0.11322911200000003,-1.678824199487208,-59.30715766762201,1,True
ETHUSDT,short,c3faea454f9e6987d9a9dad8c80de15bc83486053fb67895d68198b55c5a9b40,ETHUSDT|short|high_volume,1694909460000,1694939580000,2023-09-17T00:11:00+00:00,2023-09-17T08:33:00+00:00,1628.1200000000001,1632.3500000000001,0.25,407.03000000000003,81.406,5,1637.28,1630.96,2.9666799999999864,9.222567357647563,exchange_guard_proxy_touch,False,-1.0575000000000045,0.32604700000000003,-0.0038271646249999998,0.162812,-1.3873741646250046,-34.08530488231837,1,True
BTCUSDT,short,f00441dc67dd16e3ef37cddc1afd5281138f4810e4f7d93db60c1dc93596b07d,BTCUSDT|short|high_volume,1694983560000,1695003840000,2023-09-17T20:46:00+00:00,2023-09-18T02:24:00+00:00,26415.800000000003,26621.5,0.013000000000000001,343.40540000000004,68.68108000000001,5,26598.8,26598.8,2.9498939599999625,14.178527202598456,exchange_guard_proxy_touch,False,-2.6740999999999624,0.27579396000000006,-0.001750997768,0.13736216000000004,-2.9516449577679627,-85.95219987128806,1,True
ETHUSDT,short,393bb55313b6127222ebedca2175b8a30d319cfb586757127249fd771b8602dd,ETHUSDT|short|high_volume,1694997360000,1695003840000,2023-09-18T00:36:00+00:00,2023-09-18T02:24:00+00:00,1609.49,1627.6000000000001,0.15,241.4235,48.2847,5,1626.21,1626.21,2.910725400000019,27.84671154945836,exchange_guard_proxy_touch,False,-2.716500000000019,0.19422540000000002,0.0,0.0965694,-2.910725400000019,-120.56512311353364,1,True
ETHUSDT,short,087040e1d8f9e5b75e95d42231cc66ec09c704a3d8047f2e5e3089c38670e0ab,ETHUSDT|short|confirmed_volume,1695103860000,1695112020000,2023-09-19T06:11:00+00:00,2023-09-19T08:27:00+00:00,1631.82,1640.81,0.28,456.9096,91.38192000000001,5,1639.41,1639.41,2.883734560000003,1.5063895019020621,exchange_guard_proxy_touch,False,-2.517200000000003,0.36653456000000006,-0.005714776704000001,0.18276384,-2.8894493367040033,-63.23897192582522,1,True
BTCUSDT,short,6cc81d169d90c24a66adbc7464a0f7216ff30d061c9c973384e37117adff7327,BTCUSDT|short|confirmed_volume,1695182160000,1695217920000,2023-09-20T03:56:00+00:00,2023-09-20T13:52:00+00:00,27072.9,27205.300000000003,0.0164,443.99556000000007,88.79911200000001,5,27203.199999999997,27182.1,2.873603408,1.8735114399194643,exchange_guard_proxy_touch,False,-2.171360000000024,0.3560649920000001,-0.016779994806000002,0.17759822400000005,-2.544204986806024,-57.302487142124214,1,True
ETHUSDT,short,e4640ae4e8fb7635a309c5bd020d1e66dcaaef9109cfa0daa9bdd02c1eed519c,ETHUSDT|short|high_volume,1695150960000,1695233760000,2023-09-19T19:16:00+00:00,2023-09-20T18:16:00+00:00,1639.68,1635.1000000000001,0.13,213.15840000000003,42.63168,5,1658.97,1633.71,2.863903640000005,2.231391353690551,exchange_guard_proxy_touch,False,0.5953999999999906,0.17028856000000003,0.02108001272,0.08526336000000001,0.44619145271999056,20.93238890515178,1,True
BTCUSDT,short,05d6363be513a611577f764f4d4074d064ef36cd09dc48299fbcc5eb048f25dd,BTCUSDT|short|high_volume,1695237660000,1695244680000,2023-09-20T19:21:00+00:00,2023-09-20T21:18:00+00:00,26838.7,27205.300000000003,0.0073,195.92251000000002,39.184502,5,27182.1,27182.1,2.833988480000016,10.717540887062547,exchange_guard_proxy_touch,False,-2.676180000000016,0.15780848,0.0,0.078369004,-2.833988480000016,-144.64843677227367,1,True
ETHUSDT,short,68ceccb7690bebab9f85504645a612f6286dcb594addbef65a41f48cffdb987e,ETHUSDT|short|high_volume,1695237660000,1695345900000,2023-09-20T19:21:00+00:00,2023-09-22T01:25:00+00:00,1608.14,1594.07,0.1,160.81400000000002,32.162800000000004,5,1633.71,1592.71,2.825729600000004,20.41270045686191,exchange_guard_proxy_touch,False,1.4070000000000165,0.12808840000000002,0.02108784825,0.06432560000000001,1.2999994482500166,80.83869863631377,1,True
BTCUSDT,short,0296216e3026c4b231dde0ad7855dc645e505ead68241de3e60100e4c41601f5,BTCUSDT|short|high_volume,1695258360000,1695362280000,2023-09-21T01:06:00+00:00,2023-09-22T05:58:00+00:00,27014.9,26678.7,0.0106,286.35794000000004,57.27158800000001,5,27235.1,26656.0,2.8101583680000153,3.5696670039656624,exchange_guard_proxy_touch,False,3.5637200000000075,0.22766086400000005,0.0330521244064,0.11454317600000001,3.3691112604064073,117.65384470940134,1,True
BTCUSDT,short,83f7248c02af5bec3296c6a46cba1714e5efb88e34bae66cdecaa42a47bbbd2f,BTCUSDT|short|confirmed_volume,1695367560000,1695369060000,2023-09-22T07:26:00+00:00,2023-09-22T07:51:00+00:00,26546.0,26678.7,0.018600000000000002,493.7556000000001,98.75112000000001,5,26656.0,26656.0,2.864211768000014,1.6086422171953758,exchange_guard_proxy_touch,False,-2.468220000000014,0.395991768,0.0,0.19750224000000005,-2.864211768000014,-58.00869434189735,1,True
BTCUSDT,short,1d2e745c8dc4d830cb5d001f7f4db4b458697a6370a75baa31765a7ff3a12488,BTCUSDT|short|high_volume,1695378360000,1695391500000,2023-09-22T10:26:00+00:00,2023-09-22T14:05:00+00:00,26572.9,26678.7,0.0224,595.23296,119.046592,5,26656.0,26656.0,2.847054335999984,10.81936788090525,exchange_guard_proxy_touch,False,-2.3699199999999836,0.4771343360000001,0.0,0.238093184,-2.847054335999984,-47.83092549176013,1,True
BTCUSDT,short,bedc691f7ef020d97e217c41c1a5214027a461349ac7611453c671aeabde2186,BTCUSDT|short|high_volume,1695412860000,1695488220000,2023-09-22T20:01:00+00:00,2023-09-23T16:57:00+00:00,26509.5,26602.7,0.0126,334.0197,66.80394,5,26688.3,26580.1,2.80713132,2.3191887657535193,exchange_guard_proxy_touch,False,-1.1743200000000091,0.26768548799999997,0.0282564767772,0.13360787999999998,-1.413749011222809,-42.32531827382664,1,True
ETHUSDT,short,7523777058b4c75e924eb10a91ad612527e2d29a8553c50e6dbde25e31e4f41f,ETHUSDT|short|high_volume,1695540060000,1695546120000,2023-09-24T07:21:00+00:00,2023-09-24T09:02:00+00:00,1589.15,1595.73,0.35000000000000003,556.2025000000001,111.24050000000003,5,1594.37,1594.37,2.748883199999975,3.704033766283372,exchange_guard_proxy_touch,False,-2.3029999999999746,0.4458832000000001,-0.0031072034700000005,0.22248100000000007,-2.7519904034699745,-49.47820988704606,1,True
ETHUSDT,short,014f0cd95f648cb8175f82935f2d75196b32dc236392210962920cc11985a902,ETHUSDT|short|high_volume,1695614760000,1695655260000,2023-09-25T04:06:00+00:00,2023-09-25T15:21:00+00:00,1574.8,1583.97,0.14,220.472,44.0944,5,1590.76,1582.62,2.602147520000023,5.617438988327091,exchange_guard_proxy_touch,False,-1.2838000000000103,0.17689112000000004,0.00952579404,0.08818880000000001,-1.4511653259600104,-65.82084464058974,1,True
ETHUSDT,short,c3075f00cebcdcf289b6dc2ee9c666d508b974459542f07ccd11830a7e73199b,ETHUSDT|short|high_volume,1695688560000,1695708720000,2023-09-26T00:36:00+00:00,2023-09-26T06:12:00+00:00,1585.0900000000001,1595.3400000000001,0.2,317.01800000000003,63.403600000000004,5,1596.0,1593.98,2.7085959999999965,2.634762324794013,exchange_guard_proxy_touch,False,-2.0500000000000003,0.2544344,0.0,0.1268072,-2.3044344000000003,-72.69096392002977,1,True
ETHUSDT,short,229a0e6668d6ace359d9667888e139534bc7edcb098e4f891c08f2b3f121113d,ETHUSDT|short|high_volume,1695709560000,1695720960000,2023-09-26T06:26:00+00:00,2023-09-26T09:36:00+00:00,1588.18,1595.3400000000001,0.32,508.2176,101.64352,5,1593.98,1593.98,2.6986905600000264,2.46887179509119,exchange_guard_proxy_touch,False,-2.291200000000026,0.4074905600000001,0.007918129920000001,0.20328704000000003,-2.690772430080026,-52.94528229797682,1,True
BTCUSDT,short,6908734c24f89fd69d21e7ddffe3191f25ae0f24589607e67921fbe185feffaf,BTCUSDT|short|high_volume,1695738060000,1695787020000,2023-09-26T14:21:00+00:00,2023-09-27T03:57:00+00:00,26094.2,26303.4,0.0099,258.33258,51.666516,5,26322.5,26281.0,2.6895888360000075,2.2101944311445223,exchange_guard_proxy_touch,False,-2.0710800000000074,0.20749449600000003,0.040346576582400005,0.103333032,-2.238227919417607,-86.64133340895705,1,True
BTCUSDT,short,f0b779d9b5cd65c3f34801c27324fb68f019d142b82768ae0bfcdcca8ca98c57,BTCUSDT|short|confirmed_volume,1695870660000,1695897600000,2023-09-28T03:11:00+00:00,2023-09-28T10:40:00+00:00,26309.5,26519.4,0.0094,247.3093,49.46186,5,26550.0,26496.8,2.671976696000021,1.9547650493838573,exchange_guard_proxy_touch,False,-1.9730600000000138,0.19863666400000002,-0.0039302012598000004,0.09892372000000002,-2.175626865259814,-87.97189856021645,1,True
ETHUSDT,short,aede62b3bfa9daa469d6a0ae1d94bbf0f2da6a363069523398e0281f5aecd5d7,ETHUSDT|short|high_volume,1696010760000,1696034700000,2023-09-29T18:06:00+00:00,2023-09-30T00:45:00+00:00,1657.01,1672.21,0.09,149.1309,29.82618,5,1684.0,1670.78,2.6790282000000056,6.900574619145165,exchange_guard_proxy_touch,False,-1.368000000000004,0.11985192000000001,0.0013604537429999998,0.05965236,-1.4864914662570041,-99.67695938648556,1,True
BTCUSDT,short,d9b491cc53a65b303047951289343dce62738b9dce8e04e609f974454f1fb6a2,BTCUSDT|short|confirmed_volume,1695978060000,1696051320000,2023-09-29T09:01:00+00:00,2023-09-30T05:22:00+00:00,26967.0,26957.9,0.0128,345.17760000000004,69.03552,5,27130.3,26935.0,2.6630164480000187,1.6094767373965955,exchange_guard_proxy_touch,False,0.11647999999998138,0.27609548800000006,0.0038506625408000006,0.13807104000000003,-0.1557648254592187,-4.51259946935197,1,True
ETHUSDT,short,e1cd8b81c75b6c1dc1408683c994a8cbf443cd97b014101d771665ebeb7139a7,ETHUSDT|short|high_volume,1696127760000,1696137780000,2023-10-01T02:36:00+00:00,2023-10-01T05:23:00+00:00,1670.92,1679.3400000000001,0.18,300.7656,60.15312,5,1682.83,1677.91,2.6445736799999837,2.10086990594106,exchange_guard_proxy_touch,False,-1.515600000000013,0.24121872000000003,0.0,0.12030624000000001,-1.756818720000013,-58.41155770473794,1,True
BTCUSDT,short,4acddf198677727eaa30242d32de64f0daaa22127e4229f2723a94ad9697fe7b,BTCUSDT|short|high_volume,1696190760000,1696198440000,2023-10-01T20:06:00+00:00,2023-10-01T22:14:00+00:00,27030.5,27243.0,0.0112,302.7416,60.548320000000004,5,27219.8,27219.8,2.62314528,9.281099145933903,exchange_guard_proxy_touch,False,-2.38,0.24314528000000002,0.0,0.12109664,-2.62314528,-86.64634394480309,1,True
ETHUSDT,short,767d5128cef748ddbef54a49f5987db1ece0505b588466d9ae4e141ff3123c20,ETHUSDT|short|high_volume,1696182060000,1696198620000,2023-10-01T17:41:00+00:00,2023-10-01T22:17:00+00:00,1674.9,1691.89,0.14,234.48600000000005,46.89720000000001,5,1690.45,1690.45,2.5671402400000014,6.047769951832857,exchange_guard_proxy_touch,False,-2.3786000000000014,0.18854024000000003,0.0,0.09379440000000003,-2.5671402400000014,-109.47946743089145,1,True
ETHUSDT,short,98a4ac05e431c59ccdbbd350b52a1d34c06df876cc0c842d82130a8242f2c122,ETHUSDT|short|confirmed_volume,1697168160000,1697181540000,2023-10-13T03:36:00+00:00,2023-10-13T07:19:00+00:00,1537.15,1548.29,0.08,122.97200000000001,24.5944,5,1566.28,1546.97,2.536952640000002,1.7924580811996726,exchange_guard_proxy_touch,False,-0.8911999999999898,0.09873408000000002,0.0,0.049188800000000005,-0.9899340799999898,-80.50077090719756,1,True
ETHUSDT,short,18d43c22a34512416507add41fd50079eb6d73a12f4812758c94fe8a24b30aad,ETHUSDT|short|high_volume,1697262060000,1697288040000,2023-10-14T05:41:00+00:00,2023-10-14T12:54:00+00:00,1549.0900000000001,1550.3700000000001,0.33,511.19970000000006,102.23994000000002,5,1554.26,1549.05,2.55481776,2.025611788499409,exchange_guard_proxy_touch,False,-0.422399999999991,0.40912872,0.01587024054,0.20447988000000003,-0.815658479459991,-15.955769916531464,1,True
ETHUSDT,short,45c8089a6ea400adff360931a26136adf230ec9abfb99e6119d14329cbcc9ac9,ETHUSDT|short|confirmed_volume,1697374260000,1697376480000,2023-10-15T12:51:00+00:00,2023-10-15T13:28:00+00:00,1550.73,1561.05,0.22,341.1606,68.23212,5,1559.72,1559.72,2.544236639999986,1.8518809609251403,exchange_guard_proxy_touch,False,-2.270399999999986,0.27383664,0.0,0.13646424000000001,-2.544236639999986,-74.57592230755797,1,True
ETHUSDT,short,d3a4a170d1b47ff135744ff59f08851a54b1a0dc1c401ec1ecb56e70cf3a1dcb,ETHUSDT|short|high_volume,1697502660000,1697604960000,2023-10-17T00:31:00+00:00,2023-10-18T04:56:00+00:00,1593.8,1581.06,0.23,366.574,73.3148,5,1601.94,1579.71,2.481434119999998,2.635886460616031,exchange_guard_proxy_touch,False,2.9302000000000024,0.29208712,0.05515912058200001,0.1466296,2.6932720005820023,73.47144098004775,1,True
ETHUSDT,short,81e037d7536c5d934b1d4c8a699847be3fa5a5ff0e2210aac8cd0730c23cd92a,ETHUSDT|short|confirmed_volume,1697699460000,1697710140000,2023-10-19T07:11:00+00:00,2023-10-19T10:09:00+00:00,1547.72,1554.16,0.11,170.2492,34.04984,5,1566.67,1552.84,2.368992119999996,1.750945667999092,exchange_guard_proxy_touch,False,-0.708400000000006,0.13648272,0.005098056876,0.06809968000000001,-0.839784663124006,-49.326790559016196,1,True
ETHUSDT,short,c5e5fde1874fe717993ebe36772b3b4ee80f5cfe6c6991993a461247796410d6,ETHUSDT|short|high_volume,1697764260000,1697768160000,2023-10-20T01:11:00+00:00,2023-10-20T02:16:00+00:00,1559.3700000000001,1574.3,0.15,233.90550000000002,46.7811,5,1572.96,1572.96,2.4275201999999756,2.228635493888691,exchange_guard_proxy_touch,False,-2.239499999999975,0.1880202,0.0,0.09356220000000001,-2.427520199999975,-103.78209148566302,1,True
BTCUSDT,long,7215f60d030f5ccdb75236d4a6d60cb868b8f422bd4bce9803a838f7619bdbea,BTCUSDT|long|confirmed_volume,1698074160000,1698086640000,2023-10-23T15:16:00+00:00,2023-10-23T18:44:00+00:00,30920.600000000002,30352.5,0.0039000000000000003,120.59034000000001,24.118068,5,30332.9,30378.4,2.488165212,1.8394162717238056,exchange_guard_proxy_touch,False,-2.2155900000000086,0.09558603600000001,-0.0007799975351999999,0.04823613600000001,-2.3119560335352083,-191.71983705620266,1,True
BTCUSDT,long,91593a60eaf3b2befcef9a43fbf1bf6c4ab6410cd2bbb9af1efc4f7072b3bb5b,BTCUSDT|long|high_volume,1698087960000,1698161160000,2023-10-23T19:06:00+00:00,2023-10-24T15:26:00+00:00,31319.600000000002,33681.200000000004,0.0025,78.299,15.6598,5,30378.4,33709.9,2.4794221000000056,6.203718124227155,exchange_guard_proxy_touch,False,5.904000000000005,0.06500080000000001,-0.016774950000000004,0.0313196,5.822224250000005,743.5885835068142,1,True
BTCUSDT,long,2cb74607f739f4a4bf2573880b4ee1efd2e9141fb15c3b33327ed3309b5b64b0,BTCUSDT|long|high_volume,1698184560000,1698275040000,2023-10-24T21:56:00+00:00,2023-10-25T23:04:00+00:00,34052.8,34335.200000000004,0.0035,119.18480000000001,23.83696,5,33379.1,34364.5,2.551714899999995,11.07434870525598,exchange_guard_proxy_touch,False,0.9884000000000052,0.0957432,-0.035914165000000005,0.04767392000000001,0.8567426350000051,71.88354848940511,1,True
BTCUSDT,long,690dd70010ca48bc30f0eb7a8933092e33484c2cae24c2ee1687957d4e820088,BTCUSDT|long|high_volume,1698281760000,1698312540000,2023-10-26T00:56:00+00:00,2023-10-26T09:29:00+00:00,34616.9,34372.3,0.0083,287.32027,57.464054,5,34364.5,34401.6,2.567030971999976,3.017628655174161,exchange_guard_proxy_touch,False,-2.030179999999988,0.22904414400000003,-0.028758338,0.11492810800000001,-2.287982481999988,-79.63178100869763,1,True
BTCUSDT,long,4726286f884bd5dc8e3b6a218ff71b1e97bedebdb3a77cd03aa8c813a95d8f02,BTCUSDT|long|high_volume,1698382260000,1698409800000,2023-10-27T04:51:00+00:00,2023-10-27T12:30:00+00:00,34211.1,33900.3,0.0051,174.47661,34.895322,5,33773.9,33929.200000000004,2.515230648,3.3350890650302563,exchange_guard_proxy_touch,False,-1.5850799999999778,0.13894725600000002,-0.017316540000000002,0.06979064400000001,-1.7413437959999778,-99.80385313538463,1,True
BTCUSDT,long,0d920c32081b61746c33a53e80a2f956db55c71b18b6013580a568dd01a689fd,BTCUSDT|long|high_volume,1698411060000,1698417000000,2023-10-27T12:51:00+00:00,2023-10-27T14:30:00+00:00,34245.8,33900.3,0.0068000000000000005,232.87144000000004,46.57428800000001,5,33929.200000000004,33929.200000000004,2.5347573920000004,4.102977983019757,exchange_guard_proxy_touch,False,-2.3494,0.18535739200000004,0.0,0.09314857600000002,-2.5347573920000004,-108.84792879710797,1,True
BTCUSDT,long,f549fb5dc965e72f03ca19bdc54b754ef3be047cbb5f7699f7c8a3ecf278e0c6,BTCUSDT|long|high_volume,1698491160000,1698497280000,2023-10-28T11:06:00+00:00,2023-10-28T12:48:00+00:00,34161.4,34008.9,0.013900000000000001,474.84346000000005,94.968692,5,34037.9,34037.9,2.498776868,2.5821146104243113,exchange_guard_proxy_touch,False,-2.1197500000000002,0.3790268680000001,0.0,0.18993738400000004,-2.498776868,-52.62317118150895,1,True
BTCUSDT,long,18ae6e0c9daa40f81692b6697a40679ad92d662fa9544487daea74a953af1017,BTCUSDT|long|high_volume,1698560160000,1698631200000,2023-10-29T06:16:00+00:00,2023-10-30T02:00:00+00:00,34090.9,34370.6,0.013000000000000001,443.18170000000003,88.63634,5,33956.0,34399.9,2.483093600000038,3.542342802957115,exchange_guard_proxy_touch,False,3.6360999999999626,0.3559998000000001,-0.13400049000000003,0.17727268000000004,3.1460997099999624,70.98893546371528,1,True
ETHUSDT,long,27a7d2b4def45d4b305eead3aca945ca3974f94c6915f4675a4d27320302eccf,ETHUSDT|long|high_volume,1698752160000,1698765120000,2023-10-31T11:36:00+00:00,2023-10-31T15:12:00+00:00,1815.02,1781.22,0.07,127.05140000000002,25.410280000000004,5,1782.74,1782.74,2.466694719999997,3.791237089776082,exchange_guard_proxy_touch,False,-2.365999999999997,0.10069472000000002,0.0,0.05082056,-2.466694719999997,-194.14935372612948,1,True
BTCUSDT,long,b2339423c07bbd6cd5d81796eea53d40c109cb4d1e869816030ef11eeae1597a,BTCUSDT|long|high_volume,1698778560000,1698804060000,2023-10-31T18:56:00+00:00,2023-11-01T02:01:00+00:00,34491.8,34410.1,0.006,206.95080000000002,41.39016,5,34133.6,34439.4,2.4884311200000173,2.426680320263536,exchange_guard_proxy_touch,False,-0.4902000000000262,0.16536456,-0.020790840000000005,0.08278032000000002,-0.6763554000000261,-32.681941794862645,1,True
ETHUSDT,long,e73033948ce7324d01c44627f575a240bba15c713a3cf5302326d6e0619ef568,ETHUSDT|long|high_volume,1698770760000,1698817260000,2023-10-31T16:46:00+00:00,2023-11-01T05:41:00+00:00,1803.0900000000001,1801.13,0.1,180.30900000000003,36.061800000000005,5,1782.74,1802.67,2.330372400000012,5.335033324802143,exchange_guard_proxy_touch,False,-0.19600000000000364,0.1441688,-0.018156600000000002,0.07212360000000001,-0.3583254000000037,-19.87285160474539,1,True
BTCUSDT,long,39ec715a631dc03dcacd4de53d2b86b272e534d9c3446fa348e15c3a867de23b,BTCUSDT|long|confirmed_volume,1698917760000,1698932640000,2023-11-02T09:36:00+00:00,2023-11-02T13:44:00+00:00,35386.1,35020.1,0.0063,222.93242999999998,44.586485999999994,5,35049.9,35049.9,2.4832236240000003,1.7198663995849364,exchange_guard_proxy_touch,False,-2.3058,0.177423624,0.0,0.08917297199999999,-2.483223624,-111.38907084985347,1,True
ETHUSDT,long,fc612a03038bbd638d857cf8d85fb0f9cfb9d8aaaa2589465c53ca4e01fb6c1e,ETHUSDT|long|high_volume,1698925260000,1698932640000,2023-11-02T11:41:00+00:00,2023-11-02T13:44:00+00:00,1840.75,1819.54,0.1,184.07500000000002,36.815000000000005,5,1821.09,1821.09,2.267411600000004,2.8943453574243647,exchange_guard_proxy_touch,False,-2.1210000000000035,0.1464116,0.0,0.07363000000000001,-2.2674116000000035,-123.17868260220037,1,True
ETHUSDT,long,d36a7a95eefd669aef0b26b092927161e52ea8b820fbd8979eb3349b332c55c5,ETHUSDT|long|high_volume,1699019760000,1699110360000,2023-11-03T13:56:00+00:00,2023-11-04T15:06:00+00:00,1804.94,1828.89,0.08,144.39520000000002,28.879040000000003,5,1780.5,1830.45,2.1914854400000032,2.851841197777585,exchange_guard_proxy_touch,False,1.9160000000000037,0.11628256000000001,-0.04383240000000001,0.05775808,1.7558850400000037,121.60272917659337,1,True
BTCUSDT,long,61a0791b05f8410f18d21dc32c4ea67741a4457863a815c939cdc5414437a286,BTCUSDT|long|high_volume,1699042860000,1699192500000,2023-11-03T20:21:00+00:00,2023-11-05T13:55:00+00:00,34659.4,34993.200000000004,0.0059,204.49046,40.898092000000005,5,34304.0,35023.0,2.4318247119999916,2.4491629525052203,exchange_guard_proxy_touch,False,1.969420000000017,0.164380136,-0.10290473199999998,0.08179618400000001,1.702135132000017,83.23787486223156,1,True
ETHUSDT,long,82336db4c3ee248674dc904079ff76f75798cc0945e2989b9422094f4a68016f,ETHUSDT|long|high_volume,1699138860000,1699192500000,2023-11-04T23:01:00+00:00,2023-11-05T13:55:00+00:00,1858.31,1875.0900000000001,0.09,167.2479,33.44958,5,1834.25,1876.69,2.4386759999999903,5.527875024608126,exchange_guard_proxy_touch,False,1.510200000000018,0.1344024,-0.0336771,0.06689916,1.342120500000018,80.24737530336812,1,True
ETHUSDT,long,3ee0aba652a727e7f653ac8d79bff6cce241b63ea6c88a63dbb9d8d139f8be71,ETHUSDT|long|high_volume,1699261260000,1699290300000,2023-11-06T09:01:00+00:00,2023-11-06T17:05:00+00:00,1887.48,1887.15,0.11,207.6228,41.52456,5,1869.1200000000001,1888.76,2.359720440000005,5.046198388632189,exchange_guard_proxy_touch,False,-0.036299999999992,0.16608372000000002,-0.020920790000000005,0.08304912,-0.22330450999999202,-10.755298069383132,1,True
ETHUSDT,long,8a0c6b36484d8eafe675383f9c9a52a75da86db9a9e02be8e0f11e5e362cb0f7,ETHUSDT|long|confirmed_volume,1699299960000,1699305540000,2023-11-06T19:46:00+00:00,2023-11-06T21:19:00+00:00,1901.97,1887.15,0.15,285.2955,57.0591,5,1888.76,1888.76,2.45034719999999,1.892879450843011,exchange_guard_proxy_touch,False,-2.2229999999999905,0.2273472,0.0,0.1141182,-2.4503471999999906,-85.88804239814476,1,True
BTCUSDT,long,8ba05b2a74f16e61ba5d3e683e13c89afbdb6d71070ae1b83496fcbac0fb8a8d,BTCUSDT|long|high_volume,1699390260000,1699423440000,2023-11-07T20:51:00+00:00,2023-11-08T06:04:00+00:00,35866.9,35180.9,0.0018000000000000002,64.56042000000001,12.912084000000002,5,34559.9,35210.9,2.456206128000003,7.072821449812327,exchange_guard_proxy_touch,False,-1.2348000000000001,0.05115441600000001,-0.006373170000000001,0.025824168000000005,-1.292327586,-200.1733548201824,1,True
ETHUSDT,long,2cba0c630cbb818098cac2b153ec3c1d83f760e1bcc7701ee1890cf614eb1289,ETHUSDT|long|confirmed_volume,1699407360000,1699489020000,2023-11-08T01:36:00+00:00,2023-11-09T00:17:00+00:00,1893.89,1881.4,0.09,170.4501,34.090019999999996,5,1872.3,1883.01,2.2226252400000046,1.6944115823314385,exchange_guard_proxy_touch,False,-1.1241000000000008,0.13591044,-0.0508815,0.06818004000000001,-1.3108919400000008,-76.90766623193538,1,True
BTCUSDT,long,ee461bd8044269612c9ce095f4c45ae063df8da06714ad23d53a5670624560f9,BTCUSDT|long|confirmed_volume,1699494060000,1699547760000,2023-11-09T01:41:00+00:00,2023-11-09T16:36:00+00:00,35975.8,35508.4,0.0037,133.11046000000002,26.622092000000002,5,35389.9,35538.700000000004,2.384776688,1.7808732177188087,exchange_guard_proxy_touch,False,-1.7293800000000055,0.10579661600000002,-0.0410455363585,0.053244184000000014,-1.8762221523585056,-140.9522701941309,1,True
BTCUSDT,long,1394ba6be41958d065770c9b08cecf1d91b5e24efbd60fd8855f12003e63ed11,BTCUSDT|long|high_volume,1699573560000,1699603200000,2023-11-09T23:46:00+00:00,2023-11-10T08:00:00+00:00,36776.0,36430.700000000004,0.0038,139.7488,27.949759999999998,5,36150.5,36461.700000000004,2.6047414639999835,2.2123802846181952,exchange_guard_proxy_touch,False,-1.3121399999999834,0.11127418400000003,-0.0301476368548,0.05589952,-1.4535618208547834,-104.01247244017719,1,True
ETHUSDT,long,bb84a5c5294730cb85aaf0ecdeeae939b3943fbb2e66098e780f7f2c8f7a707b,ETHUSDT|long|high_volume,1699490760000,1699618380000,2023-11-09T00:46:00+00:00,2023-11-10T12:13:00+00:00,1904.6200000000001,2082.52,0.09,171.4158,34.283159999999995,5,1883.01,2084.2999999999997,2.2260967200000024,2.826215464345658,exchange_guard_proxy_touch,False,16.01099999999999,0.14353704000000003,-0.278849653677,0.06856632,15.588613306322989,909.4035267649184,1,True
ETHUSDT,long,ad9656ce3142e047aecc1b9fda752ef80177a62ccfe8bfa86d7b93cf7204058e,ETHUSDT|long|high_volume,1699632660000,1699646880000,2023-11-10T16:11:00+00:00,2023-11-10T20:08:00+00:00,2099.29,2082.52,0.13,272.9077,54.58154,5,2084.2999999999997,2084.2999999999997,2.3975541199999975,4.1124622804565645,exchange_guard_proxy_touch,False,-2.1800999999999977,0.21745412,0.0,0.10916308000000001,-2.397554119999998,-87.85219764777608,1,True
BTCUSDT,long,548e606e04bd7e7c5f697f676b1cdda3946174db4071d12e35f9724e64fac36b,BTCUSDT|long|high_volume,1699705260000,1699734840000,2023-11-11T12:21:00+00:00,2023-11-11T20:34:00+00:00,37116.700000000004,37013.3,0.0111,411.9953700000001,82.39907400000001,5,36951.5,37044.8,2.5120929480000487,3.071575465746638,exchange_guard_proxy_touch,False,-1.1477400000000162,0.3291372,-0.060275589851999996,0.16479814800000003,-1.537152789852016,-37.309953018452994,1,True
ETHUSDT,long,b3786b39b043bbef47e695f6a8aa36351ecc8b38ace2bb4230521c057a2fba77,ETHUSDT|long|high_volume,1699714260000,1699738020000,2023-11-11T14:51:00+00:00,2023-11-11T21:27:00+00:00,2089.98,2052.26,0.05,104.49900000000001,20.899800000000003,5,2047.24,2054.0099999999998,2.3072094000000005,5.382548174546914,exchange_guard_proxy_touch,False,-1.8859999999999901,0.0828448,-0.028400656830000003,0.041799600000000006,-1.99724545682999,-191.1257961157513,1,True
BTCUSDT,long,58e8df692d0057b3dc3c8a33ac5fe6cfa227d2567023db4bf67379a62ce9689a,BTCUSDT|long|high_volume,1699747260000,1699748820000,2023-11-12T00:01:00+00:00,2023-11-12T00:27:00+00:00,37209.0,37013.3,0.011000000000000001,409.29900000000004,81.8598,5,37044.8,37044.8,2.479278119999968,2.23458094059863,exchange_guard_proxy_touch,False,-2.1526999999999683,0.3265781200000001,0.0,0.16371960000000002,-2.4792781199999685,-60.57376441183507,1,True
BTCUSDT,long,2eb97113c99b2118ca446d170274b7b276d1203d2496ba860468f6d8acf8133a,BTCUSDT|long|high_volume,1699799160000,1699831140000,2023-11-12T14:26:00+00:00,2023-11-12T23:19:00+00:00,37203.8,37048.4,0.0118,439.00484,87.800968,5,37057.0,37080.0,2.4543022960000345,4.1798794470773855,exchange_guard_proxy_touch,False,-1.8337200000000171,0.3504703840000001,-0.11941959950740001,0.17560193600000001,-2.303609983507417,-52.47345299216786,1,True
BTCUSDT,long,3d4c7713e07f67f44809a3052ef7c4fdb5fbe7e5df16fcb6c816260b16ae6d23,BTCUSDT|long|confirmed_volume,1699838160000,1699844880000,2023-11-13T01:16:00+00:00,2023-11-13T03:08:00+00:00,37264.3,37048.4,0.0099,368.91657000000004,73.783314,5,37080.0,37080.0,2.4316882920000147,1.9157475142922744,exchange_guard_proxy_touch,False,-2.1374100000000147,0.29427829200000005,0.0,0.14756662800000003,-2.4316882920000147,-65.91431477312105,1,True
ETHUSDT,long,8746e86d25bc0e4adfeb75fbb6801785f3498a2da5ba0b213fe851b590db61de,ETHUSDT|long|confirmed_volume,1699884360000,1699909980000,2023-11-13T14:06:00+00:00,2023-11-13T21:13:00+00:00,2061.27,2064.23,0.09,185.5143,37.10286,5,2039.99,2065.99,2.2193827199999983,1.6323501346075135,exchange_guard_proxy_touch,False,0.26640000000000325,0.148518,-0.043291436499000004,0.07420572,0.07459056350100324,4.020744681191867,1,True
ETHUSDT,long,569c5db6c37a23e7aecb7a444dd3674266fe903c88fed59539f6a4e6842db003,ETHUSDT|long|confirmed_volume,1700027760000,1700122560000,2023-11-15T05:56:00+00:00,2023-11-16T08:16:00+00:00,1988.6200000000001,2047.38,0.1,198.86200000000002,39.772400000000005,5,1967.84,2049.1299999999997,2.4041912000000036,1.5196628698470191,exchange_guard_proxy_touch,False,5.8759999999999994,0.16144000000000003,-0.0812022,0.07954480000000001,5.6333578,283.2797517876718,1,True
BTCUSDT,long,d2134b4be0fd5ccadec0ab0eca4841df243825d899f75daf9a965cc4e10b3667,BTCUSDT|long|high_volume,1700036160000,1700122980000,2023-11-15T08:16:00+00:00,2023-11-16T08:23:00+00:00,35759.9,37319.1,0.0056,200.25544,40.051088,5,35387.9,37350.9,2.411063647999992,8.007708867000998,exchange_guard_proxy_touch,False,8.731519999999984,0.16369696,-0.0734910769264,0.08010217600000001,8.494331963073584,424.1748420454188,1,True
BTCUSDT,long,74a671033b8ac0163c443f623ba6bf92c0717c83db07df1728ceb153f9f3afa4,BTCUSDT|long|confirmed_volume,1700304960000,1700356020000,2023-11-18T10:56:00+00:00,2023-11-19T01:07:00+00:00,36490.8,36418.9,0.007200000000000001,262.73376,52.546752000000005,5,36195.9,36449.9,2.5542889920000316,1.5481227150931316,exchange_guard_proxy_touch,False,-0.5176800000000106,0.20997993600000006,-0.052742088000000006,0.10509350400000003,-0.7804020240000107,-29.703149835027315,1,True
ETHUSDT,long,e1e3178b151e8e7a78a38c789b07f065fbf1f08f3509f1268f078af12cba016c,ETHUSDT|long|high_volume,1700320560000,1700357220000,2023-11-18T15:16:00+00:00,2023-11-19T01:27:00+00:00,1950.23,1948.83,0.06,117.0138,23.40276,5,1915.99,1950.49,2.2449501599999935,3.2304757324870175,exchange_guard_proxy_touch,False,-0.08400000000000546,0.09357744,-0.023499600000000002,0.046805519999999996,-0.20107704000000548,-17.1840449588002,1,True
BTCUSDT,long,6be6a1b01de9dbf338b4f4ec774e11fde2fe81770e49c3206ca8b9a99e3a553c,BTCUSDT|long|confirmed_volume,1700417160000,1700489460000,2023-11-19T18:06:00+00:00,2023-11-20T14:11:00+00:00,36659.200000000004,37018.4,0.0076,278.60992000000005,55.721984000000006,5,36382.9,37049.9,2.557433744000022,1.8541456053523,exchange_guard_proxy_touch,False,2.7299199999999777,0.223979904,-0.056723968,0.11144396800000002,2.4492161279999776,87.90843226256902,1,True
ETHUSDT,long,f3cb11ed660cdeaf77b07f74d68dee2239e1fe5f6b8103198d3c084f850c98ed,ETHUSDT|long|high_volume,1700407260000,1700489460000,2023-11-19T15:21:00+00:00,2023-11-20T14:11:00+00:00,1964.03,1992.14,0.11,216.0433,43.208659999999995,5,1945.04,1993.84,2.443426039999985,4.194637980231539,exchange_guard_proxy_touch,False,3.092100000000014,0.17407148000000003,-0.06599890000000001,0.08641731999999999,2.8520296200000144,132.01194482772735,1,True
BTCUSDT,long,ddd7a4c1683862731a3d9e38f7a2b296d969d5013556bef643ece67fe79a05bb,BTCUSDT|long|high_volume,1700491560000,1700501280000,2023-11-20T14:46:00+00:00,2023-11-20T17:28:00+00:00,37277.3,37018.4,0.009000000000000001,335.49570000000006,67.09914,5,37049.9,37049.9,2.5975645200000135,2.635922995929531,exchange_guard_proxy_touch,False,-2.330100000000013,0.2674645200000001,-0.03372750000000001,0.13419828000000003,-2.631292020000013,-78.4299774930055,1,True
ETHUSDT,long,1496c00f077f350e5345b8eaabfca1f10a797a5237ffad9d7dcdec1093c9eead,ETHUSDT|long|high_volume,1700492460000,1700535060000,2023-11-20T15:01:00+00:00,2023-11-21T02:51:00+00:00,2036.92,2013.27,0.05,101.846,20.3692,5,1993.84,2014.99,2.3195811999999987,5.540413632094986,exchange_guard_proxy_touch,False,-1.1825000000000045,0.08100380000000001,-0.0203276,0.04073840000000001,-1.2838314000000044,-126.05614358934119,1,True
BTCUSDT,long,96518de4feffc1d2922251beea67faf52a5fa20cb249544b40fabb5b0850280c,BTCUSDT|long|high_volume,1700522160000,1700550480000,2023-11-20T23:16:00+00:00,2023-11-21T07:08:00+00:00,37614.200000000004,37289.200000000004,0.0028,105.31976000000002,21.063952000000004,5,36779.9,37321.0,2.5069663360000165,2.6057193510708916,exchange_guard_proxy_touch,False,-0.91,0.08389180800000001,-0.010489528,0.04212790400000001,-1.004381336,-95.3649472805483,1,True
BTCUSDT,long,db204f2d9a6957379e4d1078b41ea606a4ad3f6a3951268e6469199fa968ec20,BTCUSDT|long|confirmed_volume,1700557260000,1700565360000,2023-11-21T09:01:00+00:00,2023-11-21T11:16:00+00:00,37453.9,37289.200000000004,0.0131,490.64609,98.12921800000001,5,37321.0,37321.0,2.549223843999962,1.541925146994684,exchange_guard_proxy_touch,False,-2.157569999999962,0.3916538440000001,0.0,0.19625843600000004,-2.549223843999962,-51.95646915274433,1,True
BTCUSDT,long,71c51d70a38ed9eb2158d35d922da020c6351ef5555de6ebc5d4840c64fe8241,BTCUSDT|long|confirmed_volume,1700674860000,1700738520000,2023-11-22T17:41:00+00:00,2023-11-23T11:22:00+00:00,36651.0,37243.200000000004,0.0089,326.1939,65.23877999999999,5,36428.9,37274.9,2.512644083999987,1.6642136585085547,exchange_guard_proxy_touch,False,5.270580000000039,0.26306335200000003,-0.06656487999999999,0.13047756000000002,4.94095176800004,151.47284385146503,1,True
ETHUSDT,long,3d59e68044bbebb0b55d6f962dcd0349ed15d4e002689c0abebad406dfaf7c70,ETHUSDT|long|high_volume,1700677260000,1700738520000,2023-11-22T18:21:00+00:00,2023-11-23T11:22:00+00:00,2051.1,2051.88,0.06,123.06599999999999,24.6132,5,2015.53,2053.6299999999997,2.3349578399999977,12.14893971495057,exchange_guard_proxy_touch,False,0.046800000000012006,0.09847151999999999,-0.02478222,0.049226400000000003,-0.07645373999998799,-6.212417727072302,1,True
ETHUSDT,long,f8f61788f0cc00ae0cf7b2a2de8e924780c03be9bef4b6b73fa718d121a4af2d,ETHUSDT|long|high_volume,1700771160000,1700844420000,2023-11-23T20:26:00+00:00,2023-11-24T16:47:00+00:00,2068.62,2094.64,0.08,165.4896,33.09792,5,2040.2,2096.43,2.5442265599999883,2.527557782976208,exchange_guard_proxy_touch,False,2.0815999999999986,0.13322432,-0.05008496000000001,0.06619583999999999,1.8982907199999985,114.7075538281559,1,True
BTCUSDT,long,25202f38b85ab0833c1d76e5ede0444f648014471d676ad0c2ae41469aebeab8,BTCUSDT|long|high_volume,1700788260000,1700904720000,2023-11-24T01:11:00+00:00,2023-11-25T09:32:00+00:00,37445.9,37675.9,0.0086,322.03474,64.406948,5,37208.9,37708.0,2.567523463999975,12.169434506891955,exchange_guard_proxy_touch,False,1.978,0.258418992,-0.13007474200000002,0.128813896,1.589506266,49.35822346371699,1,True
BTCUSDT,long,1ed36111824fb5f8a8fef749077c6ae4fe558a6e9729e4809d804ca8c8b35988,BTCUSDT|long|high_volume,1700937660000,1700961600000,2023-11-25T18:41:00+00:00,2023-11-26T01:20:00+00:00,37834.0,37661.0,0.009000000000000001,340.50600000000003,68.1012,5,37607.5,37693.1,2.5979742000000003,2.595800717846949,exchange_guard_proxy_touch,False,-1.5570000000000002,0.271782,-0.033990030000000004,0.13620240000000003,-1.8627720300000001,-54.70599725114975,1,True
ETHUSDT,long,bafffb56fb90bbc6679f149461db40aee1baf9572832895e705a6d8bf5e3f5cf,ETHUSDT|long|high_volume,1700973960000,1701001500000,2023-11-26T04:46:00+00:00,2023-11-26T12:25:00+00:00,2083.18,2072.2200000000003,0.2,416.63599999999997,83.32719999999999,5,2073.99,2073.99,2.5244319999999165,2.697351544371605,exchange_guard_proxy_touch,False,-2.1919999999999162,0.332432,-0.0417838,0.1666544,-2.5662157999999162,-61.593712497237796,1,True
BTCUSDT,long,a01675ce071328a64844a7ab7a3445adc40faf389973f9754c15b25406ac7aa6,BTCUSDT|long|confirmed_volume,1701131760000,1701137280000,2023-11-28T00:36:00+00:00,2023-11-28T02:08:00+00:00,37291.8,37094.3,0.011300000000000001,421.39734000000004,84.27946800000001,5,37125.9,37125.9,2.567975172,1.6346006944309257,exchange_guard_proxy_touch,False,-2.2317500000000003,0.33622517200000007,0.0,0.16855893600000002,-2.5679751720000006,-60.939520216240574,1,True
ETHUSDT,long,bc47add4c45144793f0885b5e882c576c494e52a16303c191d1db6c36f8f44ef,ETHUSDT|long|high_volume,1701164460000,1701254400000,2023-11-28T09:41:00+00:00,2023-11-29T10:40:00+00:00,2020.17,2045.42,0.08,161.61360000000002,32.322720000000004,5,1994.84,2047.17,2.290825919999998,2.9936556036294144,exchange_guard_proxy_touch,False,2.02,0.13009888000000003,-0.04913656000000001,0.06464544000000001,1.84076456,113.89911245093234,1,True
BTCUSDT,long,e2faa4f443491dc6b9ea2cd0dc508d4cda22462155716e609d78ab4354ca6981,BTCUSDT|long|high_volume,1701158160000,1701269040000,2023-11-28T07:56:00+00:00,2023-11-29T14:44:00+00:00,37159.700000000004,37862.8,0.0057,211.81029000000004,42.362058000000005,5,36775.8,37895.1,2.5351415760000253,3.025232774674116,exchange_guard_proxy_touch,False,4.007669999999992,0.17105130000000002,-0.08578329,0.08472411600000002,3.7508354099999917,177.08466430030342,1,True
BTCUSDT,long,c7c07bc3fba00af358441680c29737434d38ea1dbaabb8dafea3febfb48e208a,BTCUSDT|long|high_volume,1701315660000,1701332580000,2023-11-30T03:41:00+00:00,2023-11-30T08:23:00+00:00,37966.700000000004,37640.8,0.0056,212.61352000000002,42.522704000000004,5,37564.1,37672.9,2.602877312000033,3.8315118207381653,exchange_guard_proxy_touch,False,-1.8250400000000082,0.1693608,-0.021158536000000002,0.08504540800000002,-2.0155593360000084,-94.79920825354888,1,True
ETHUSDT,long,b7b12483aee67feda82eb29892afb8e695d5f7080173ae5b7b10d67ae22dc305,ETHUSDT|long|high_volume,1701303960000,1701333600000,2023-11-30T00:26:00+00:00,2023-11-30T08:40:00+00:00,2031.69,2020.27,0.16,325.0704,65.01408,5,2018.96,2021.99,2.5711315200000078,2.2842211867141837,exchange_guard_proxy_touch,False,-1.8272000000000117,0.25932544,-0.032568320000000005,0.13002816,-2.1190937600000117,-65.18876403388347,1,True
ETHUSDT,long,8a20200b7f765f6cde2deede04cf417bd8e8c137ad40ee1d9ac8a1dc7c9be0d3,ETHUSDT|long|confirmed_volume,1701366660000,1701429240000,2023-11-30T17:51:00+00:00,2023-12-01T11:14:00+00:00,2040.6200000000001,2084.94,0.12,244.8744,48.97488,5,2024.23,2086.72,2.369429760000014,1.6578664614309946,exchange_guard_proxy_touch,False,5.3183999999999925,0.19802688000000002,-0.04972884,0.09794976000000001,5.070644279999993,207.07122835216717,1,True
ETHUSDT,long,e499b9165304917840675a77bf91ca32990de8ca97125e0c875756ff0aa1be87,ETHUSDT|long|confirmed_volume,1701477660000,1701528600000,2023-12-02T00:41:00+00:00,2023-12-02T14:50:00+00:00,2091.9700000000003,2094.55,0.17,355.6349000000001,71.12698000000002,5,2079.99,2096.3399999999997,2.6210729200000005,1.7164861722318963,exchange_guard_proxy_touch,False,0.43859999999998767,0.28468336000000005,-0.03562622000000001,0.14225396,0.1182904199999876,3.3261758055800366,1,True
BTCUSDT,long,fe557271a8b34158a17c015418e9d903d484d7c921fe712e9d75991965d8dd35,BTCUSDT|long|high_volume,1701399060000,1701573120000,2023-12-01T02:51:00+00:00,2023-12-03T03:12:00+00:00,38071.4,39237.3,0.0047,178.93558000000002,35.787116000000005,5,37584.9,39270.700000000004,2.5791236840000002,3.7854073845280083,exchange_guard_proxy_touch,False,5.479730000000007,0.14534035600000003,-0.10088088237220001,0.07157423200000002,5.233508761627807,292.480051291521,1,True
ETHUSDT,long,35b4dd4834833cc2d1d8459ffbb500d1b7d15570be1b2306d4f8068474544748,ETHUSDT|long|high_volume,1701597660000,1701607620000,2023-12-03T10:01:00+00:00,2023-12-03T12:47:00+00:00,2169.15,2150.9700000000003,0.13,281.9895,56.39790000000001,5,2152.7999999999997,2152.7999999999997,2.588046239999979,3.5898438353525943,exchange_guard_proxy_touch,False,-2.3633999999999786,0.22464624000000008,0.0,0.11279580000000002,-2.588046239999979,-91.77810663162914,1,True
ETHUSDT,long,ad09e2a83d3c8664b13b70d80b280b1537ffe94383ee1368c3ab8c0fbc681764,ETHUSDT|long|high_volume,1701640560000,1701703740000,2023-12-03T21:56:00+00:00,2023-12-04T15:29:00+00:00,2184.48,2211.7000000000003,0.06,131.0688,26.21376,5,2149.1299999999997,2213.5899999999997,2.33476271999999,7.474783649196983,exchange_guard_proxy_touch,False,1.6332000000000153,0.10550832000000002,-0.02664498,0.05242752,1.5010467000000154,114.52357082692565,1,True
BTCUSDT,long,05f834af63dcde22baa1116469be0046f4022da9126019b3a5f84040c1911ef2,BTCUSDT|long|high_volume,1701609360000,1701703980000,2023-12-03T13:16:00+00:00,2023-12-04T15:33:00+00:00,39574.100000000006,41300.8,0.010400000000000001,411.5706400000001,82.31412800000001,5,39386.200000000004,41336.0,2.6308954880000153,14.726504969497753,exchange_guard_proxy_touch,False,17.95767999999997,0.33643958400000007,-0.12605860800000002,0.16462825600000006,17.49518180799997,425.08332975355006,1,True
ETHUSDT,long,24d2eef37eb200b2d1af1587f777f71f0719864ab230dae63d57adcd47d31600,ETHUSDT|long|confirmed_volume,1701709860000,1701752760000,2023-12-04T17:11:00+00:00,2023-12-05T05:06:00+00:00,2229.69,2221.1,0.14,312.1566,62.43132000000001,5,2213.5899999999997,2222.99,2.76731783999997,1.7779452521728125,exchange_guard_proxy_touch,False,-1.2026000000000205,0.24924424000000003,-0.03141138,0.12486264000000002,-1.4832556200000206,-47.51639465575998,1,True
ETHUSDT,long,8f839f1fd35b4129415c191941d2bbfe77ca64f3eb9762ed05fed53320a9928c,ETHUSDT|long|high_volume,1701754260000,1701759960000,2023-12-05T05:31:00+00:00,2023-12-05T07:06:00+00:00,2233.93,2221.1,0.19,424.44669999999996,84.88933999999999,5,2222.99,2222.99,2.776282279999986,2.194985389383933,exchange_guard_proxy_touch,False,-2.437699999999986,0.33858228,0.0,0.16977868,-2.776282279999986,-65.40944434248131,1,True
BTCUSDT,long,65e5396db07594e4aa88258e1ab1993bceb16fb12831c925112122db69605339,BTCUSDT|long|high_volume,1701709860000,1701841620000,2023-12-04T17:11:00+00:00,2023-12-06T05:47:00+00:00,41778.700000000004,43532.0,0.0055000000000000005,229.78285000000005,45.95657000000001,5,41336.0,43569.1,2.8112249000000085,2.275574257320674,exchange_guard_proxy_touch,False,9.643149999999977,0.18768354000000004,-0.09343174500000002,0.09191314000000002,9.362034714999977,407.429654345395,1,True
ETHUSDT,long,59e680f3ed7256e79fbdcfd298ddbad3d057c4cde3b04214a4d965f07e9f7706,ETHUSDT|long|confirmed_volume,1701788760000,1701861240000,2023-12-05T15:06:00+00:00,2023-12-06T11:14:00+00:00,2219.05,2256.9,0.12,266.286,53.2572,5,2200.89,2258.8199999999997,2.6168668799999955,1.796687660722974,exchange_guard_proxy_touch,False,4.541999999999989,0.21484560000000003,-0.08146584,0.10651440000000001,4.245688559999989,159.44092291746426,1,True
BTCUSDT,long,f425e8144d8e7565f63d05a7843227965874c6139965ce98d20a0adac14e1246,BTCUSDT|long|confirmed_volume,1701850560000,1701861540000,2023-12-06T08:16:00+00:00,2023-12-06T11:19:00+00:00,43868.700000000004,43532.0,0.0079,346.56273000000004,69.31254600000001,5,43569.1,43569.1,2.936116212000035,1.566653085307456,exchange_guard_proxy_touch,False,-2.6599300000000348,0.27618621200000004,0.0,0.13862509200000003,-2.9361162120000346,-84.72106080189391,1,True
BTCUSDT,long,93aace175e29bc6f04ba8cbf636f683c943c148157c84a0052ce9c7988046fde,BTCUSDT|long|high_volume,1701891960000,1701898320000,2023-12-06T19:46:00+00:00,2023-12-06T21:32:00+00:00,44175.5,43692.700000000004,0.0055000000000000005,242.96525000000003,48.593050000000005,5,43729.9,43729.9,2.8487100399999763,4.13826018911767,exchange_guard_proxy_touch,False,-2.6553999999999762,0.19331004000000007,0.0,0.09718610000000001,-2.8487100399999763,-117.24763273760243,1,True
BTCUSDT,long,6b401a37dac0208e59472bf38bcb76c96f25d2c5710e0a1eba161302f98b0011,BTCUSDT|long|high_volume,1701984960000,1702019040000,2023-12-07T21:36:00+00:00,2023-12-08T07:04:00+00:00,43436.5,43343.0,0.0054,234.55710000000002,46.91142000000001,5,42964.6,43379.9,2.93244732,2.7962669134823046,exchange_guard_proxy_touch,False,-0.5049,0.18744372000000004,-0.023379840000000002,0.09382284,-0.71572356,-30.513830534228127,1,True
ETHUSDT,long,c1e9da95ac2b0677522f0bb7ba7a5c26687deede6cf984d4f9996d052ef499d2,ETHUSDT|long|high_volume,1701952260000,1702042200000,2023-12-07T12:31:00+00:00,2023-12-08T13:30:00+00:00,2251.3,2343.7000000000003,0.08,180.104,36.0208,5,2222.0699999999997,2345.7,2.632687360000028,2.3477841519530274,exchange_guard_proxy_touch,False,7.3920000000000075,0.14704,-0.08473310452000002,0.07204160000000001,7.160226895480008,397.56068135521735,1,True
ETHUSDT,long,ddfb31a1eea432f94f8bb24b043e9bad5f352d81c6c337d48b50b1c00d12b948,ETHUSDT|long|high_volume,1702047960000,1702050960000,2023-12-08T15:06:00+00:00,2023-12-08T15:56:00+00:00,2372.5,2343.7000000000003,0.09,213.525,42.705,5,2345.7,2345.7,2.761783199999975,3.603764275718229,exchange_guard_proxy_touch,False,-2.591999999999975,0.16978320000000002,0.0,0.08541,-2.761783199999975,-129.3423814541611,1,True
BTCUSDT,long,ba4c46c07b23bcdf3a53655851d8e75da2d4a2dc6a5414146f3036cab8dab4b8,BTCUSDT|long|high_volume,1702065660000,1702110960000,2023-12-08T20:01:00+00:00,2023-12-09T08:36:00+00:00,44014.8,44033.600000000006,0.0066,290.49768,58.099536,5,43649.9,44071.1,2.8851965999999902,2.770935333117827,exchange_guard_proxy_touch,False,0.1240800000000192,0.23244777600000002,-0.12158779576019998,0.116199072,-0.2299555717601808,-7.915917667920129,1,True
ETHUSDT,long,8eb7835e205d1824a9e9e22fdcf959c7d01c4899fe3d364c5c82472535ec8f47,ETHUSDT|long|high_volume,1702068360000,1702121340000,2023-12-08T20:46:00+00:00,2023-12-09T11:29:00+00:00,2362.4500000000003,2348.07,0.11,259.8695,51.9739,5,2340.5299999999997,2350.0699999999997,2.836943560000034,3.0318109816469483,exchange_guard_proxy_touch,False,-1.581800000000012,0.20726288000000004,-0.140609487777,0.10394780000000002,-1.929672367777012,-74.25543850959855,1,True
BTCUSDT,long,eb1264d98fdd17a63681451691571194a31b22abd2fc89c13d224d87519eab31,BTCUSDT|long|high_volume,1702157760000,1702163280000,2023-12-09T21:36:00+00:00,2023-12-09T23:08:00+00:00,44119.4,43845.700000000004,0.0067,295.59998,59.119996,5,43762.0,43883.1,2.8792424559999903,5.627466918099944,exchange_guard_proxy_touch,False,-1.8337899999999805,0.23574646800000004,0.0,0.11823999200000002,-2.0695364679999804,-70.01138728087804,1,True
ETHUSDT,long,0183856a599faf4fc7aca3d2ba827ab3334632c71054c579fe4fbad27bf098e1,ETHUSDT|long|confirmed_volume,1702159860000,1702164720000,2023-12-09T22:11:00+00:00,2023-12-09T23:32:00+00:00,2363.7200000000003,2341.51,0.11,260.0092,52.00184,5,2343.5099999999998,2343.5099999999998,2.650130120000004,1.7393736556623707,exchange_guard_proxy_touch,False,-2.443100000000004,0.20703012000000004,0.0,0.10400368000000002,-2.650130120000004,-101.92447498011623,1,True
BTCUSDT,long,b7f671f85b1f720c8cc76c06d95d12c9ac8cb5cf3a41cc99e72903a67b02cbe7,BTCUSDT|long|high_volume,1702211160000,1702250040000,2023-12-10T12:26:00+00:00,2023-12-10T23:14:00+00:00,43850.3,43716.5,0.0094,412.19282000000004,82.43856400000001,5,43623.9,43753.700000000004,2.805663496,2.397963060671847,exchange_guard_proxy_touch,False,-1.2577200000000275,0.32925116800000004,-0.09882252071860001,0.164877128,-1.6857936887186276,-40.898181795564206,1,True
ETHUSDT,long,ffc4bd023f43ba38d8fd4aeafcc8832057868f7d0ce7470158793a153991e401,ETHUSDT|long|high_volume,1702240860000,1702256400000,2023-12-10T20:41:00+00:00,2023-12-11T01:00:00+00:00,2365.91,2340.1,0.1,236.591,47.318200000000004,5,2342.1,2342.1,2.769240399999995,2.4718490282775796,exchange_guard_proxy_touch,False,-2.5809999999999946,0.18824040000000003,-0.05675940688,0.09463640000000001,-2.8259998068799947,-119.44663181946882,1,True
ETHUSDT,long,c294bc7214f597901adc101787ed2bd5d7b9e0edc9b8f779e1548755e886b742,ETHUSDT|long|confirmed_volume,1702297260000,1702303560000,2023-12-11T12:21:00+00:00,2023-12-11T14:06:00+00:00,2252.2400000000002,2223.75,0.09,202.7016,40.54032,5,2225.6499999999996,2225.6499999999996,2.7252356400000215,1.5318010436794949,exchange_guard_proxy_touch,False,-2.564100000000021,0.16113564,0.0,0.08108064000000001,-2.725235640000021,-134.44568962455259,1,True
BTCUSDT,long,bbf04617b1c666188e011b4b7321ece02a8b179dea5d5195095cbc26f156c4f8,BTCUSDT|long|high_volume,1702364760000,1702392300000,2023-12-12T07:06:00+00:00,2023-12-12T14:45:00+00:00,41898.700000000004,41535.3,0.0048000000000000004,201.11376000000004,40.22275200000001,5,41400.9,41570.700000000004,2.718267648,4.009117948507844,exchange_guard_proxy_touch,False,-1.7443200000000072,0.16019328000000002,-0.020126400000000003,0.08044550400000003,-1.9246396800000074,-95.69905510194862,1,True
BTCUSDT,long,60033440238b708483d127aa89410c4ff1eaf5fd4202b9703d1cb2e63dd4c971,BTCUSDT|long|high_volume,1702470360000,1702560540000,2023-12-13T12:26:00+00:00,2023-12-14T13:29:00+00:00,41276.600000000006,42648.0,0.0051,210.51066000000006,42.10213200000001,5,40812.8,42684.3,2.709741588,2.8229897212535446,exchange_guard_proxy_touch,False,6.9941399999999705,0.17120618400000004,-0.07071608796000001,0.08420426400000001,6.7522177280399704,320.7541949676073,1,True
ETHUSDT,long,3469dfc873b6f4beec6bb7d65af78e90896742c24fffe2447f1401cc7b8fc344,ETHUSDT|long|high_volume,1702473060000,1702560600000,2023-12-13T13:11:00+00:00,2023-12-14T13:30:00+00:00,2191.41,2244.21,0.07,153.3987,30.67974,5,2155.99,2246.12,2.7298756799999837,3.8765930825361963,exchange_guard_proxy_touch,False,3.696000000000013,0.12419736000000002,-0.048246387826000006,0.06135948000000001,3.523556252174013,229.6992251025604,1,True
ETHUSDT,long,e94dfe823a9964fa6ae955e9f0ac013bdd8bb2fa910acc2188d5d19dd24b7bfd,ETHUSDT|long|high_volume,1702595160000,1702610160000,2023-12-14T23:06:00+00:00,2023-12-15T03:16:00+00:00,2325.29,2281.31,0.06,139.51739999999998,27.903479999999995,5,2283.2599999999998,2283.2599999999998,2.749358400000001,6.822173742159277,exchange_guard_proxy_touch,False,-2.638800000000001,0.11055840000000001,-0.013899180000000002,0.05580696,-2.763257580000001,-198.05827660205836,1,True
BTCUSDT,long,c36111f942ad53421e8312076011cc21e3fd23950d82b43bae6ef31f8f2d2c8d,BTCUSDT|long|confirmed_volume,1702625160000,1702645500000,2023-12-15T07:26:00+00:00,2023-12-15T13:05:00+00:00,42735.5,42482.4,0.0071,303.42205,60.68441,5,42410.4,42518.6,2.8062318319999795,1.6977473682535027,exchange_guard_proxy_touch,False,-1.7970099999999898,0.242018836,-0.030334608000000006,0.12136882000000002,-2.0693634439999897,-68.20082601116134,1,True
ETHUSDT,long,64a43d9d5731896be14e82a66ccfd769daa7f906e126908a9b0df73bee13b555,ETHUSDT|long|confirmed_volume,1702728060000,1702752840000,2023-12-16T12:01:00+00:00,2023-12-16T18:54:00+00:00,2256.94,2238.11,0.12,270.8328,54.166560000000004,5,2238.5899999999997,2240.02,2.646893760000026,1.7879809734882393,exchange_guard_proxy_touch,False,-2.2595999999999914,0.21576240000000002,-0.02709396,0.10833312,-2.5024563599999916,-92.39857063103108,1,True
BTCUSDT,long,155682f170156a4c5047afbcf979697ed45da767a6ffe675806a05e49fb7264c,BTCUSDT|long|high_volume,1702726860000,1702777140000,2023-12-16T11:41:00+00:00,2023-12-17T01:39:00+00:00,42361.200000000004,42081.200000000004,0.0088,372.7785600000001,74.55571200000001,5,42114.6,42117.0,2.782348800000013,5.497421439313029,exchange_guard_proxy_touch,False,-2.464,0.29723724800000006,-0.07472872,0.14911142400000002,-2.835965968,-76.07642370848794,1,True
BTCUSDT,long,c9a581480ea25a8df9d2b2ad0a48c6db8d5786627aa2f9fdbdc34eea931f8f46,BTCUSDT|long|high_volume,1702932360000,1702994700000,2023-12-18T20:46:00+00:00,2023-12-19T14:05:00+00:00,41972.600000000006,42803.600000000006,0.0031000000000000003,130.11506000000003,26.023012000000005,5,41169.9,42840.1,2.699923300000014,6.825663410418849,exchange_guard_proxy_touch,False,2.5761000000000003,0.10512248800000003,-0.026577509000000006,0.05204602400000002,2.444400003,187.86449493240826,1,True
ETHUSDT,long,bda576102b7383d426e9b5844034e81540098e0d34791860212461a2627e1121,ETHUSDT|long|confirmed_volume,1702932660000,1703007180000,2023-12-18T20:51:00+00:00,2023-12-19T17:33:00+00:00,2188.93,2148.4700000000003,0.06,131.33579999999998,26.267159999999997,5,2150.2999999999997,2150.2999999999997,2.531697599999975,1.7985288672333897,exchange_guard_proxy_touch,False,-2.4275999999999747,0.10409759999999998,-0.03997146,0.05253432,-2.5716690599999743,-195.80868734952503,1,True
ETHUSDT,long,d7f12afbfc470ea70429fce6422ae8c563c7950e60a91b1fe01aa45804a390bf,ETHUSDT|long|confirmed_volume,1703014560000,1703100900000,2023-12-19T19:36:00+00:00,2023-12-20T19:35:00+00:00,2184.2,2211.87,0.07,152.894,30.5788,5,2150.2999999999997,2213.7599999999998,2.62241475999997,1.974425365811806,exchange_guard_proxy_touch,False,1.9369000000000052,0.12308996,-0.067230257136,0.061157600000000006,1.7465797828640053,114.23468434758756,1,True
BTCUSDT,long,9978fcfef00015ada44a43cc4ccd30892d07e1060e3ab4f2bc67ed13481161b3,BTCUSDT|long|high_volume,1703046060000,1703102700000,2023-12-20T04:21:00+00:00,2023-12-20T20:05:00+00:00,42607.600000000006,43474.700000000004,0.006,255.64560000000003,51.12912000000001,5,42225.700000000004,43511.700000000004,2.710313760000018,13.541623397080615,exchange_guard_proxy_touch,False,5.2025999999999915,0.20659752000000006,-0.088283577558,0.10225824000000003,4.907718902441991,191.97353298636827,1,True
BTCUSDT,long,4cbb10d22fe3672dd81e54920cabbfb17be71248250e87e3604db8c35a82b1a4,BTCUSDT|long|high_volume,1703142060000,1703170740000,2023-12-21T07:01:00+00:00,2023-12-21T14:59:00+00:00,43822.4,43572.8,0.0048000000000000004,210.34752000000003,42.06950400000001,5,43317.1,43609.9,2.7697969919999865,5.9166351992479385,exchange_guard_proxy_touch,False,-1.1980799999999932,0.16779878400000006,-0.061416566323200014,0.08413900800000002,-1.4272953503231933,-67.85415631822961,1,True
ETHUSDT,long,8e833f8d25fb13a9cbc85393590d8a52239d353c0836505473f0f36f95d402a0,ETHUSDT|long|high_volume,1703141760000,1703170980000,2023-12-21T06:56:00+00:00,2023-12-21T15:03:00+00:00,2213.7000000000003,2203.11,0.08,177.09600000000003,35.419200000000004,5,2184.89,2204.99,2.594295360000006,3.0179645546278624,exchange_guard_proxy_touch,False,-0.8472000000000116,0.14133792,-0.0470850444,0.07083840000000001,-1.0356229644000117,-58.47805508876606,1,True
BTCUSDT,long,a385c1b2eb75f4d313221110e75c81a30824f96926a2637a903520ef47d0147f,BTCUSDT|long|high_volume,1703219460000,1703228520000,2023-12-22T04:31:00+00:00,2023-12-22T07:02:00+00:00,44129.5,43712.9,0.0061,269.18995,53.837990000000005,5,43750.1,43750.1,2.755595455999991,2.2206080758433577,exchange_guard_proxy_touch,False,-2.5412599999999914,0.21433545600000004,0.0,0.10767598000000002,-2.7555954559999916,-102.36620854530383,1,True
ETHUSDT,long,8b94a2458f91d8eeefc552d5a8472e7167b908835b53fbf8d34f39e51c7b50d7,ETHUSDT|long|high_volume,1703180160000,1703283120000,2023-12-21T17:36:00+00:00,2023-12-22T22:12:00+00:00,2239.36,2305.15,0.07,156.75520000000003,31.351040000000005,5,2204.99,2307.12,2.6618891600000003,3.1272459707814493,exchange_guard_proxy_touch,False,4.605299999999998,0.12724628000000002,-0.22141941810800003,0.06270208000000001,4.2566343018919985,271.54660910081435,1,True
ETHUSDT,long,2c9a212ae4bef4a255af7c20c250c9b77914032908a6767fbe75160775bfda1e,ETHUSDT|long|high_volume,1703286960000,1703294280000,2023-12-22T23:16:00+00:00,2023-12-23T01:18:00+00:00,2327.7200000000003,2305.15,0.11,256.04920000000004,51.20984000000001,5,2307.12,2307.12,2.686546280000018,8.466773083677145,exchange_guard_proxy_touch,False,-2.482700000000018,0.20384628000000005,-0.047447456760000006,0.10241968000000001,-2.7339937367600182,-106.77610930868043,1,True
BTCUSDT,long,eaecab7c51e6bc26547f05a5cf334d6afef5c16aba055c35ead94ce9cc47c363,BTCUSDT|long|high_volume,1703357760000,1703377080000,2023-12-23T18:56:00+00:00,2023-12-24T00:18:00+00:00,43898.9,43619.5,0.0061,267.78329,53.556658000000006,5,43513.3,43656.700000000004,2.7910554879999916,2.465515721551792,exchange_guard_proxy_touch,False,-1.704340000000009,0.213544896,-0.026672372000000003,0.10711331600000001,-1.944557268000009,-72.61682638972763,1,True
ETHUSDT,long,2813588ca48aa0114af65e4caf9123881cddf07420f7e872d20aa502beb4711d,ETHUSDT|long|high_volume,1703333460000,1703396220000,2023-12-23T12:11:00+00:00,2023-12-24T05:37:00+00:00,2296.2400000000002,2283.81,0.15,344.43600000000004,68.8872,5,2282.35,2285.7599999999998,2.6490990000000574,2.6750318249343383,exchange_guard_proxy_touch,False,-1.8645000000000436,0.274803,-0.107706818295,0.13777440000000002,-2.2470098182950435,-65.23736828598182,1,True
ETHUSDT,long,731e1cd8e3a00fe8882eea33a5569abcb13e32cbd96cfe4fa0b1f5b0bcbada4d,ETHUSDT|long|high_volume,1703508660000,1703535000000,2023-12-25T12:51:00+00:00,2023-12-25T20:10:00+00:00,2296.76,2269.02,0.07,160.77320000000003,32.15464000000001,5,2264.95,2270.9599999999996,2.489473840000017,6.453210020763469,exchange_guard_proxy_touch,False,-1.9418000000000168,0.12784184000000004,-0.070293566,0.06430928000000001,-2.139935406000017,-133.10274386527212,1,True
ETHUSDT,long,19b850481163155a879a68cfa8f1d9d878f876d6760aafb6a8bfa0893bcf0967,ETHUSDT|long|high_volume,1703542860000,1703550600000,2023-12-25T22:21:00+00:00,2023-12-26T00:30:00+00:00,2288.08,2269.02,0.13,297.4504,59.49008,5,2270.9599999999996,2270.9599999999996,2.714769199999993,2.240647971230717,exchange_guard_proxy_touch,False,-2.477799999999993,0.23696920000000005,-0.147900905204,0.11898016000000002,-2.862670105203993,-96.24025065032669,1,True
BTCUSDT,long,a40381b305722caa513f87c6e6894afe58c21ed8a568c2d042cb6b553b5058c9,BTCUSDT|long|high_volume,1703508660000,1703561760000,2023-12-25T12:51:00+00:00,2023-12-26T03:36:00+00:00,43439.100000000006,43388.700000000004,0.0063,273.66633,54.733266,5,43083.1,43425.700000000004,2.6919534600000277,13.14705717374454,exchange_guard_proxy_touch,False,-0.3175200000000092,0.21880605600000008,-0.2234903038767,0.10946653200000003,-0.7598163598767093,-27.76433476038902,1,True
BTCUSDT,long,e62e427e0d0ee3ea59130226e89613688ec8e6663e77d828184dff20c0ce01e1,BTCUSDT|long|high_volume,1703659260000,1703739720000,2023-12-27T06:41:00+00:00,2023-12-28T05:02:00+00:00,42609.100000000006,43296.100000000006,0.005,213.04550000000003,42.609100000000005,5,42145.6,43333.0,2.666437600000007,2.828738999345617,exchange_guard_proxy_touch,False,3.435,0.17181040000000003,-0.17837951009000003,0.08521820000000002,3.08481008991,144.79583421898138,1,True
ETHUSDT,long,7c489c7085fb34635a7804cbdc3fab843da507411f9dd39da42ce40f792fdaf8,ETHUSDT|long|high_volume,1703664960000,1703768460000,2023-12-27T08:16:00+00:00,2023-12-28T13:01:00+00:00,2236.4,2362.9700000000003,0.1,223.64000000000001,44.728,5,2213.6699999999996,2364.99,2.639927199999989,2.33412080608998,exchange_guard_proxy_touch,False,12.657000000000018,0.18397480000000005,-0.31612512798000003,0.08945600000000002,12.156900072020019,543.5923838320523,1,True
BTCUSDT,long,e8bdf7b84b05c7c9329b47d10085d9f5f39df748045dfc4c53d4834f2870613c,BTCUSDT|long|confirmed_volume,1703820960000,1703835360000,2023-12-29T03:36:00+00:00,2023-12-29T07:36:00+00:00,42784.8,42333.5,0.0058000000000000005,248.15184000000005,49.63036800000001,5,42369.6,42369.6,2.815014456000017,1.7443284723536592,exchange_guard_proxy_touch,False,-2.6175400000000173,0.19747445600000005,0.0,0.09926073600000002,-2.8150144560000174,-113.43919335838963,1,True
ETHUSDT,long,6651f7ec1a72a3c50663c31d6203de24c21dce370860b5363d1cd7aaa77564f5,ETHUSDT|long|high_volume,1703844060000,1703864820000,2023-12-29T10:01:00+00:00,2023-12-29T15:47:00+00:00,2370.78,2331.4500000000003,0.06,142.2468,28.449360000000002,5,2333.4399999999996,2333.4399999999996,2.4726535199999957,3.0518371595307348,exchange_guard_proxy_touch,False,-2.3597999999999955,0.11285352000000001,0.0,0.05689872000000001,-2.4726535199999953,-173.82841090274053,1,True
BTCUSDT,long,857c3f658ea6d5d62783dd6c486d7dedb6a4d0c3bdd8ce0df98d034b197ad1c0,BTCUSDT|long|high_volume,1703844960000,1703865120000,2023-12-29T10:16:00+00:00,2023-12-29T15:52:00+00:00,42791.4,42217.100000000006,0.0045000000000000005,192.56130000000002,38.512260000000005,5,42253.1,42253.1,2.737365299999981,4.369643788112212,exchange_guard_proxy_touch,False,-2.5843499999999806,0.15301530000000002,0.0,0.07702452000000001,-2.7373652999999805,-142.15552657776928,1,True
ETHUSDT,long,4b953ee61eb5bfe6a31d8fdd8ccc53e1f2c5e9d325120f143e39cbccbc041cba,ETHUSDT|long|confirmed_volume,1703952960000,1703976720000,2023-12-30T16:16:00+00:00,2023-12-30T22:52:00+00:00,2320.48,2282.23,0.06,139.2288,27.845760000000002,5,2284.18,2284.18,2.40546504,1.5547599063988249,exchange_guard_proxy_touch,False,-2.295,0.11046504,0.0,0.05569152,-2.4054650399999997,-172.7706508998138,1,True
ETHUSDT,long,6308520cbb2fbb8f9d288e4e7d48af308949e766ffe6b91baab252567daaa25c,ETHUSDT|long|high_volume,1703982060000,1703990760000,2023-12-31T00:21:00+00:00,2023-12-31T02:46:00+00:00,2305.06,2282.23,0.11,253.5566,50.71132,5,2284.18,2284.18,2.713140759999992,2.0171418769268827,exchange_guard_proxy_touch,False,-2.511299999999992,0.20184076,0.0,0.10142264000000001,-2.713140759999992,-107.00335783016463,1,True
ETHUSDT,long,84fad745576b10df84683b6814cddb80e58c8ef9dac64604b19a29daaecc90a0,ETHUSDT|long|high_volume,1704016860000,1704036600000,2023-12-31T10:01:00+00:00,2023-12-31T15:30:00+00:00,2315.36,2294.51,0.07,162.07520000000002,32.415040000000005,5,2280.8999999999996,2296.47,2.6766409600000065,3.1824791409376463,exchange_guard_proxy_touch,False,-1.4594999999999938,0.12907636000000003,0.0,0.06483008000000001,-1.5885763599999938,-98.01477092115225,1,True
BTCUSDT,long,4830aed2d5268c66a534de48c3362ef703b96a9daf876397bc6e0e33528324e0,BTCUSDT|long|confirmed_volume,1703995860000,1704063060000,2023-12-31T04:11:00+00:00,2023-12-31T22:51:00+00:00,42292.9,42347.600000000006,0.0105,444.07545000000005,88.81509000000001,5,42106.4,42383.700000000004,2.6884766999999545,1.876720357427909,exchange_guard_proxy_touch,False,0.5743500000000459,0.35549010000000003,-0.304415158131,0.17763018000000003,-0.08555525813095416,-1.9265928375674484,1,True
BTCUSDT,long,0d915193a454e3dd5df95914992a7decf311775fe40f8869ce962e998cc9e49c,BTCUSDT|long|high_volume,1704073260000,1704080520000,2024-01-01T01:41:00+00:00,2024-01-01T03:42:00+00:00,42775.5,42347.600000000006,0.0057,243.82035000000002,48.764070000000004,5,42383.700000000004,42383.700000000004,2.6331106679999667,8.59312222089884,exchange_guard_proxy_touch,False,-2.439029999999967,0.19408066800000004,0.0,0.09752814000000001,-2.633110667999967,-107.99388434968479,1,True
ETHUSDT,long,197d95c13737a04d83eb3fb21cecb62aa1d530fcc028516b354db7ce6814baad,ETHUSDT|long|confirmed_volume,1704092760000,1704206040000,2024-01-01T07:06:00+00:00,2024-01-02T14:34:00+00:00,2288.75,2379.9700000000003,0.14,320.425,64.08500000000001,5,2273.85,2382.0,2.6129969600000207,1.5844595296142028,exchange_guard_proxy_touch,False,12.770800000000037,0.26144832000000007,-0.5867292992120001,0.12817000000000003,11.922622380788038,372.08777032965713,1,True
BTCUSDT,long,3a8096f70ab5f33ff9e971255d931580c06835cbd9f81c383e7ff05eb13905f7,BTCUSDT|long|confirmed_volume,1704100860000,1704206940000,2024-01-01T09:21:00+00:00,2024-01-02T14:49:00+00:00,42683.600000000006,45219.4,0.0048000000000000004,204.88128000000006,40.976256000000014,5,42207.8,45257.9,2.619082560000021,1.85161282302191,exchange_guard_proxy_touch,False,12.17183999999998,0.16877376000000002,-0.2856770718816,0.08195251200000002,11.717389168118379,571.9111657306307,1,True
BTCUSDT,long,7ad16dab6fd1f59f3ebeccec4f76ea8419ea1fc7216d4c3eaf622262b72ef5c6,BTCUSDT|long|high_volume,1704265260000,1704267900000,2024-01-03T07:01:00+00:00,2024-01-03T07:45:00+00:00,45360.4,45105.5,0.0099,449.06796,89.813592,5,45143.9,45143.9,2.8817549640000144,3.3607341891761453,exchange_guard_proxy_touch,False,-2.5235100000000146,0.35824496400000005,0.0,0.17962718400000005,-2.881754964000015,-64.17191206426784,1,True
ETHUSDT,long,def0f16965cd6ebac40168b79e5e140fce7e2cbeeb624f5e516d13818c80c516,ETHUSDT|long|confirmed_volume,1704259260000,1704267960000,2024-01-03T05:21:00+00:00,2024-01-03T07:46:00+00:00,2377.67,2362.98,0.08,190.2136,38.04272,5,2348.45,2365.0,2.6487718399999842,1.8820958443596627,exchange_guard_proxy_touch,False,-1.1752000000000045,0.1517008,0.0,0.07608544,-1.3269008000000044,-69.75846101435461,1,True
BTCUSDT,long,d7ca1518d5cdcdfd5f32bb016c96b5cfbc87ff3f0c2031b679371e08e3f2e566,BTCUSDT|long|confirmed_volume,1704274260000,1704278340000,2024-01-03T09:31:00+00:00,2024-01-03T10:39:00+00:00,45402.700000000004,45105.5,0.0085,385.92295000000007,77.18459000000001,5,45143.9,45143.9,2.8339278800000374,1.6668332297010688,exchange_guard_proxy_touch,False,-2.526200000000037,0.30772788000000006,0.0,0.15436918000000002,-2.8339278800000374,-73.43247868518928,1,True
ETHUSDT,long,4d5fd127733b00807af8bae8c8a9e2e7a15a6ddf0dd85137c28727cb77eddf8c,ETHUSDT|long|high_volume,1704274860000,1704278580000,2024-01-03T09:41:00+00:00,2024-01-03T10:43:00+00:00,2386.3,2362.98,0.11,262.493,52.498599999999996,5,2365.0,2365.0,2.774168320000018,4.458544984768922,exchange_guard_proxy_touch,False,-2.565200000000018,0.20896832000000004,0.0,0.10499720000000001,-2.774168320000018,-105.68542094455921,1,True
BTCUSDT,long,2854d93781f7d33e98400c770d647da613f7f2dd3c2f47779fd243ea7d56573c,BTCUSDT|long|high_volume,1704327060000,1704419280000,2024-01-04T00:11:00+00:00,2024-01-05T01:48:00+00:00,42935.4,42608.700000000004,0.0025,107.33850000000001,21.4677,5,41919.9,42645.0,2.712819599999993,3.031322810782512,exchange_guard_proxy_touch,False,-0.8167499999999928,0.08554410000000001,-0.032742325,0.042935400000000006,-0.9350364249999927,-87.1110016443301,1,True
ETHUSDT,long,0d57ab0d15bc2a7665d558a010db2cb3295b99fc1ecfbe637d6488060b956f6d,ETHUSDT|long|high_volume,1704334560000,1704464400000,2024-01-04T02:16:00+00:00,2024-01-05T14:20:00+00:00,2222.57,2231.32,0.09,200.03130000000002,40.006260000000005,5,2196.14,2233.22,2.706006240000016,2.1376015072116075,exchange_guard_proxy_touch,False,0.7875,0.16034004000000002,-0.08118999,0.08001252000000002,0.5459699699999999,27.294226953481775,1,True
BTCUSDT,long,f866c09c2b757bf7dd3af96a472d6b50fd43b8d86bdd84ed274e4107083d9b9e,BTCUSDT|long|high_volume,1704445560000,1704465720000,2024-01-05T09:06:00+00:00,2024-01-05T14:42:00+00:00,44272.8,43421.9,0.0024000000000000002,106.25472000000002,21.250944000000004,5,43193.4,43458.9,2.762812223999993,16.60228620577239,exchange_guard_proxy_touch,False,-2.0421600000000035,0.08418691200000003,0.0,0.04250188800000001,-2.1263469120000034,-200.1178782457855,1,True
ETHUSDT,long,9582810e657cec6e693ed8c2d1524ffed92395c32a9f3951d8a40b8d2b7333fc,ETHUSDT|long|high_volume,1704542760000,1704619380000,2024-01-06T12:06:00+00:00,2024-01-07T09:23:00+00:00,2241.9700000000003,2233.17,0.09,201.77730000000003,40.35546000000001,5,2215.5499999999997,2235.0699999999997,2.708302680000036,3.4993561691031005,exchange_guard_proxy_touch,False,-0.7920000000000164,0.16110504000000003,-0.06061977,0.08071092,-1.0137248100000165,-50.239784653675926,1,True
BTCUSDT,long,b45c092b5b15d2dc617952ce5689b412f077b9f3b08619319f1e5590d0815c52,BTCUSDT|long|high_volume,1704488160000,1704646200000,2024-01-05T20:56:00+00:00,2024-01-07T16:50:00+00:00,44069.0,43825.4,0.0026000000000000003,114.5794,22.91588,5,43089.9,43862.700000000004,2.731687087999989,27.50466116205624,exchange_guard_proxy_touch,False,-0.6333599999999963,0.091410176,-0.06856652400000002,0.045831760000000006,-0.7933366999999962,-69.23903424175691,1,True
ETHUSDT,long,602e3ae2c731c987b40bd34a6642e452e8e151916a6dae1a19474702ffad1fba,ETHUSDT|long|high_volume,1704653460000,1704665220000,2024-01-07T18:51:00+00:00,2024-01-07T22:07:00+00:00,2249.92,2228.87,0.12,269.9904,53.99808,5,2230.77,2230.77,2.740981920000022,2.798115281049025,exchange_guard_proxy_touch,False,-2.5260000000000216,0.21498192,0.0,0.10799616000000001,-2.7409819200000216,-101.5214585407489,1,True
BTCUSDT,long,b2ac42614887b62abeab8953d49a4bbe63848608937f35195f446609e715dff4,BTCUSDT|long|high_volume,1704656460000,1704666660000,2024-01-07T19:41:00+00:00,2024-01-07T22:31:00+00:00,44237.3,43825.4,0.0061,269.84753000000006,53.96950600000001,5,43862.700000000004,43862.700000000004,2.727462988000009,3.376588476579244,exchange_guard_proxy_touch,False,-2.512590000000009,0.21487298800000004,0.0,0.10793901200000003,-2.7274629880000094,-101.07422469273699,1,True
BTCUSDT,long,a7c042a324f6a0d5953504164dc9409b6abe1772944d884e510fbc0ddc586e7d,BTCUSDT|long|high_volume,1704715260000,1704790380000,2024-01-08T12:01:00+00:00,2024-01-09T08:53:00+00:00,44764.600000000006,46560.4,0.0022,98.48212000000002,19.696424000000004,5,43629.6,46600.1,2.656374248000013,7.570090388970139,exchange_guard_proxy_touch,False,3.9507599999999905,0.080366,-0.030532326,0.039392848000000015,3.8398616739999905,389.9044490512582,1,True
ETHUSDT,long,ffed0abcd37e1c851d164d1b904e4c4a44cf59c6d03af5f7de9668f273c95a5c,ETHUSDT|long|high_volume,1704715260000,1704792060000,2024-01-08T12:01:00+00:00,2024-01-09T09:21:00+00:00,2243.9900000000002,2286.05,0.06,134.63940000000002,26.927880000000005,5,2204.1499999999996,2288.0,2.609910240000015,9.123348841077354,exchange_guard_proxy_touch,False,2.5235999999999965,0.10872096000000003,-0.041442900000000005,0.05385576000000001,2.373436139999997,176.28095044986807,1,True
BTCUSDT,long,83cffecc1a02ddcbb90ddfb486bdffdd25f4e9a9c5617a0eece3a9678104bdb0,BTCUSDT|long|high_volume,1704834960000,1704835020000,2024-01-09T21:16:00+00:00,2024-01-09T21:17:00+00:00,46777.700000000004,46460.3,0.0077,360.18829000000005,72.03765800000001,5,46499.9,46499.9,2.7311530400000112,51.35829121027798,exchange_guard_proxy_touch,False,-2.4439800000000114,0.28717304000000005,0.0,0.14407531600000004,-2.7311530400000112,-75.82570327314113,1,True
ETHUSDT,long,c8aea44c174a1eb729b0747fe98b8f6df4ae8d096ca07e912a9d32556053fb15,ETHUSDT|long|high_volume,1704845760000,1704889680000,2024-01-10T00:16:00+00:00,2024-01-10T12:28:00+00:00,2371.03,2360.48,0.02,47.42060000000001,9.48412,5,2243.25,2362.49,2.630698960000001,2.135888745680604,exchange_guard_proxy_touch,False,-0.21100000000000363,0.03785208,-0.004738840000000001,0.018968240000000004,-0.25359092000000366,-53.476953054158656,1,True
ETHUSDT,long,99ab512ec5583a09aa15a8da7c6fc0fbe178b05ef9a036222fe9ce683fee1b4f,ETHUSDT|long|high_volume,1704928260000,1704989760000,2024-01-10T23:11:00+00:00,2024-01-11T16:16:00+00:00,2592.92,2571.28,0.01,25.9292,5.185840000000001,5,2408.9399999999996,2573.47,1.880299240000002,2.664022382235442,exchange_guard_proxy_touch,False,-0.21639999999999873,0.020656800000000003,-0.007790470000000002,0.010371680000000001,-0.24484726999999873,-94.42916480261587,1,True
BTCUSDT,long,688f6a86c2ed6b6e317ba4e871d13e10385739fc3fe1639c796a74ab09212ae7,BTCUSDT|long|high_volume,1704928260000,1704994140000,2024-01-10T23:11:00+00:00,2024-01-11T17:29:00+00:00,47309.700000000004,45571.200000000004,0.001,47.30970000000001,9.461940000000002,5,44719.9,45610.0,2.664696600000002,2.2595988863543273,exchange_guard_proxy_touch,False,-1.7385,0.03715236000000001,-0.013957250000000003,0.018923880000000004,-1.78960961,-378.2754086371293,1,True
ETHUSDT,long,fa0576150c3a8e402ca1004a3c3e9ad68a62565780e1f128b16f9d14bb76b852,ETHUSDT|long|high_volume,1705027560000,1705032360000,2024-01-12T02:46:00+00:00,2024-01-12T04:06:00+00:00,2608.8,2586.18,0.1,260.88000000000005,52.17600000000001,5,2588.39,2588.39,2.469799200000035,2.3842051324134124,exchange_guard_proxy_touch,False,-2.2620000000000346,0.20779920000000002,0.0,0.10435200000000003,-2.469799200000035,-94.67184912603628,1,True
BTCUSDT,long,587653e2af4b82fe5b37b3e3c2d3e7c367e774732e4b12eec39b554c8224b7d0,BTCUSDT|long|confirmed_volume,1705002660000,1705034880000,2024-01-11T19:51:00+00:00,2024-01-12T04:48:00+00:00,46671.200000000004,45861.700000000004,0.0023,107.34376,21.468752000000002,5,45610.0,45900.8,2.614863008,1.7471867210205785,exchange_guard_proxy_touch,False,-1.86185,0.08513026800000001,-0.010657717,0.04293750400000001,-1.9576379849999999,-182.37091611100635,1,True
BTCUSDT,long,7126fd552542613685888a845c0083b5f69f03ad935a2698bc7b4ba224a50d0f,BTCUSDT|long|confirmed_volume,1705038960000,1705043640000,2024-01-12T05:56:00+00:00,2024-01-12T07:14:00+00:00,46230.4,45861.700000000004,0.006500000000000001,300.49760000000003,60.099520000000005,5,45900.8,45900.8,2.635989459999981,1.7313860399093204,exchange_guard_proxy_touch,False,-2.3965499999999813,0.23943946000000005,0.0,0.12019904000000002,-2.6359894599999816,-87.72081574029148,1,True
ETHUSDT,long,9b8aa48a3b9aa0e8a2c0e6ce81a722400ec05b1bddd2aab3e6da1ac71560c305,ETHUSDT|long|confirmed_volume,1705052760000,1705080000000,2024-01-12T09:46:00+00:00,2024-01-12T17:20:00+00:00,2612.4500000000003,2584.04,0.08,208.99600000000004,41.799200000000006,5,2586.24,2586.24,2.439087680000025,1.5711786624472193,exchange_guard_proxy_touch,False,-2.2728000000000246,0.16628768000000002,-0.021187200000000003,0.08359840000000002,-2.4602748800000245,-117.71875442592318,1,True
BTCUSDT,long,0558d85dddc2ca304545da8bee72ecf7cd959a16b06fc5844a0e8df3b4cf38f1,BTCUSDT|long|high_volume,1705156560000,1705192260000,2024-01-13T14:36:00+00:00,2024-01-14T00:31:00+00:00,42886.5,42666.8,0.0051,218.72115000000002,43.74423,5,42445.6,42703.1,2.60670384,6.299395603617885,exchange_guard_proxy_touch,False,-1.1204699999999852,0.17452873200000005,-0.04386321300000001,0.08748846000000002,-1.3388619449999852,-61.21319063108369,1,True
ETHUSDT,long,f2ea81a5bbde77ac73729db8d6a7eaf0b3bac0c0e75719d7ed8ac69d073d18d8,ETHUSDT|long|high_volume,1705158660000,1705225080000,2024-01-13T15:11:00+00:00,2024-01-14T09:38:00+00:00,2553.29,2540.83,0.07,178.73030000000003,35.74606000000001,5,2521.2299999999996,2543.0,2.536726360000003,2.116689647664031,exchange_guard_proxy_touch,False,-0.8722000000000026,0.14263536000000002,-0.05386108000000001,0.07149212000000002,-1.0686964400000027,-59.79380328908991,1,True
BTCUSDT,long,4d34c82b2e3f5139a7a2d869322972ff34cabdfc34dee5466193378c1549890a,BTCUSDT|long|high_volume,1705215060000,1705260780000,2024-01-14T06:51:00+00:00,2024-01-14T19:33:00+00:00,42956.4,42673.8,0.008,343.6512,68.73024000000001,5,42703.1,42710.200000000004,2.5907942399999886,2.481799621551638,exchange_guard_proxy_touch,False,-2.2607999999999886,0.27401664000000003,-0.06873696000000001,0.13746048000000002,-2.6035535999999886,-75.76151632818359,1,True
BTCUSDT,long,e26117702167bf2c7cc4deb615a038e15b2188bb44267297fb2d240319714291,BTCUSDT|long|confirmed_volume,1705325460000,1705328820000,2024-01-15T13:31:00+00:00,2024-01-15T14:27:00+00:00,42777.4,42499.5,0.0082,350.77468000000005,70.154936,5,42535.700000000004,42535.700000000004,2.558488232000012,1.7665025669705825,exchange_guard_proxy_touch,False,-2.2787800000000122,0.279708232,0.0,0.14030987200000003,-2.558488232000012,-72.93822438951443,1,True
ETHUSDT,long,90256021f8221b222e312b373b4ed61f6c03a5b7b7f849ba5834dff6d11e5b4a,ETHUSDT|long|high_volume,1705315260000,1705357020000,2024-01-15T10:41:00+00:00,2024-01-15T22:17:00+00:00,2541.37,2503.25,0.06,152.48219999999998,30.496439999999996,5,2504.2099999999996,2505.3799999999997,2.478442799999998,2.472372671062211,exchange_guard_proxy_touch,False,-2.2871999999999932,0.12107087999999999,-0.015090060000000002,0.06099288,-2.423360939999993,-158.92746432042514,1,True
ETHUSDT,long,4672eafccb5abeeb27329f150d39d094056bd5c544d9f8492049ef01a9f6fc0a,ETHUSDT|long|high_volume,1705377660000,1705404600000,2024-01-16T04:01:00+00:00,2024-01-16T11:30:00+00:00,2540.26,2520.31,0.06,152.4156,30.483120000000003,5,2505.0,2522.4599999999996,2.3644351200000195,4.432253684390464,exchange_guard_proxy_touch,False,-1.1970000000000163,0.12145368,-0.015171420000000001,0.060966240000000005,-1.333625100000016,-87.4992520450673,1,True
ETHUSDT,long,ba5b16b7baee39f70d44c2e208d11067b92d90243b133bf8375879f1ee19e656,ETHUSDT|long|high_volume,1705408560000,1705413600000,2024-01-16T12:36:00+00:00,2024-01-16T14:00:00+00:00,2545.44,2520.31,0.09,229.0896,45.81792,5,2522.4599999999996,2522.4599999999996,2.4440670000000098,5.347276937276237,exchange_guard_proxy_touch,False,-2.2617000000000096,0.182367,0.0,0.09163584,-2.4440670000000098,-106.68607392042284,1,True
BTCUSDT,long,19769f3fc9f085957f044a538e285b94723f68300bb17a5f87938e67a6f4726f,BTCUSDT|long|confirmed_volume,1705367160000,1705415700000,2024-01-16T01:06:00+00:00,2024-01-16T14:35:00+00:00,42719.5,42564.100000000006,0.0055000000000000005,234.95725000000002,46.99145,5,42341.200000000004,42600.4,2.4657043399999763,1.5411550684439257,exchange_guard_proxy_touch,False,-0.854699999999968,0.18762392000000006,-0.023533675000000007,0.09398290000000002,-1.065857594999968,-45.36389470850412,1,True
BTCUSDT,long,afc508498d85a927c47e6932ee21374a7ebf44b605ca7f276281b59a2c5926e4,BTCUSDT|long|high_volume,1705418460000,1705464540000,2024-01-16T15:21:00+00:00,2024-01-17T04:09:00+00:00,42950.5,42788.9,0.0058000000000000005,249.11290000000002,49.82258,5,42600.4,42825.4,2.4395138719999667,4.551433598426384,exchange_guard_proxy_touch,False,-0.9372799999999917,0.19891540800000002,-0.05010272,0.09964516000000001,-1.1862981279999916,-47.62090313267565,1,True
ETHUSDT,long,f2f92305c8a94b86085a09d70afa6b21c289ab46b750a63a0640709305fdcdc0,ETHUSDT|long|high_volume,1705502760000,1705503600000,2024-01-17T14:46:00+00:00,2024-01-17T15:00:00+00:00,2572.32,2533.02,0.05,128.616,25.723200000000002,5,2535.18,2535.18,2.0671068000000092,7.612114824424185,exchange_guard_proxy_touch,False,-1.9650000000000092,0.10210680000000001,0.0,0.0514464,-2.0671068000000092,-160.71925732412834,1,True
ETHUSDT,long,81d95d7baac86cd8445dea0f06ac538434b86bc4b69200babf56227e97621228,ETHUSDT|long|high_volume,1705551060000,1705574640000,2024-01-18T04:11:00+00:00,2024-01-18T10:44:00+00:00,2532.81,2522.86,0.08,202.6248,40.52496,5,2509.24,2525.0099999999998,2.218077120000003,9.285012064687065,exchange_guard_proxy_touch,False,-0.7959999999999855,0.16178144,-0.020310960000000003,0.08104992000000001,-0.9780923999999855,-48.27110995297642,1,True
BTCUSDT,long,0fff6e3ff04e64f6138a999b9d42a7c7fdccec33b7100f48b56fdb5257807490,BTCUSDT|long|high_volume,1705557960000,1705575000000,2024-01-18T06:06:00+00:00,2024-01-18T10:50:00+00:00,42855.0,42478.700000000004,0.0059,252.84449999999998,50.5689,5,42514.9,42514.9,2.4215575319999743,4.688999553312783,exchange_guard_proxy_touch,False,-2.220169999999974,0.20138753200000004,-0.025321797,0.1011378,-2.4468793289999744,-96.77407770388419,1,True
ETHUSDT,long,1360b6352e75cb03d9743d0bf8a48abbd2d758570aec26d5b0eea720194ce12c,ETHUSDT|long|high_volume,1705654560000,1705678140000,2024-01-19T08:56:00+00:00,2024-01-19T15:29:00+00:00,2479.79,2458.29,0.05,123.9895,24.797900000000002,5,2442.97,2460.39,2.0434136000000045,2.2387457746261115,exchange_guard_proxy_touch,False,-1.075,0.0987616,0.0,0.0495958,-1.1737616,-94.6662096387194,1,True
ETHUSDT,long,73521b67c84cf991b93f1c65abcc3bfabeca111b667d06a5833c2259008eace0,ETHUSDT|long|confirmed_volume,1705689060000,1705711140000,2024-01-19T18:31:00+00:00,2024-01-20T00:39:00+00:00,2487.38,2478.41,0.07,174.11660000000003,34.82332000000001,5,2460.39,2480.52,2.1747787600000104,1.8550957529631502,exchange_guard_proxy_touch,False,-0.6279000000000179,0.13904212000000002,-0.017447220000000003,0.06964664000000001,-0.7843893400000179,-45.049658677002526,1,True
BTCUSDT,long,43d2b8120d92c4b61630d1238377b03bfa125fbcb8404fc1b252f138f297164b,BTCUSDT|long|confirmed_volume,1705690260000,1705744560000,2024-01-19T18:51:00+00:00,2024-01-20T09:56:00+00:00,41749.700000000004,41423.100000000006,0.0034000000000000002,141.94898000000003,28.389796000000008,5,41132.4,41458.4,2.33049205600001,1.9574584190771616,exchange_guard_proxy_touch,False,-1.1104399999999952,0.11311500800000003,-0.028326930000000004,0.05677959200000002,-1.2518819379999953,-88.1923870111638,1,True
BTCUSDT,long,46a61576f95e87f64a7d421b20aa783f89a98480ac619df2f7abe09c49a6a7d1,BTCUSDT|long|confirmed_volume,1705781760000,1705817940000,2024-01-20T20:16:00+00:00,2024-01-21T06:19:00+00:00,41749.4,41585.3,0.006900000000000001,288.07086000000004,57.61417200000001,5,41479.9,41620.700000000004,2.3327354399999702,1.583800404688694,exchange_guard_proxy_touch,False,-1.13228999999999,0.23000377200000008,-0.028767342000000005,0.11522834400000002,-1.3910611139999902,-48.28885205535854,1,True
ETHUSDT,long,ae57e9213f55d8e335dcdb847460eddb191365f6b0eb613f808dca4cb467091e,ETHUSDT|long|high_volume,1705824960000,1705850880000,2024-01-21T08:16:00+00:00,2024-01-21T15:28:00+00:00,2479.48,2469.05,0.12,297.5376,59.50752,5,2465.1499999999996,2471.16,2.2088414399999805,3.044949002016728,exchange_guard_proxy_touch,False,-1.2515999999999803,0.23752944000000004,0.0,0.11901504,-1.4891294399999804,-50.04844564182747,1,True
ETHUSDT,long,978e930d30f014cc73009394d0508276696aba086d194ce6e3dbd15f284440a9,ETHUSDT|long|confirmed_volume,1706057460000,1706120460000,2024-01-24T00:51:00+00:00,2024-01-24T18:21:00+00:00,2253.34,2215.28,0.03,67.6002,13.52004,5,2180.3999999999996,2217.1699999999996,2.2971825600000053,1.5974222027403637,exchange_guard_proxy_touch,False,-1.1417999999999984,0.05362344000000001,-0.01340334,0.027040080000000005,-1.2088267799999983,-178.82000053254254,1,True
ETHUSDT,long,e1e9b367ed5871b9537a4be6770e09c90e5afbaf1c00e9a69db579a7f4b64fe8,ETHUSDT|long|high_volume,1706285460000,1706396700000,2024-01-26T16:11:00+00:00,2024-01-27T23:05:00+00:00,2263.6,2258.17,0.06,135.816,27.1632,5,2232.7099999999996,2260.1,2.075265839999998,6.370542411687363,exchange_guard_proxy_touch,False,-0.32579999999999015,0.10852248,-0.036515521326,0.0543264,-0.4708380013259902,-34.66734415135111,1,True
ETHUSDT,long,40d69579531fbcaffb1f6473199a2ec72b76bfcfa9885561dc10fc5a4ecbc0da,ETHUSDT|long|high_volume,1706404260000,1706441880000,2024-01-28T01:11:00+00:00,2024-01-28T11:38:00+00:00,2273.56,2274.71,0.13,295.5628,59.112559999999995,5,2260.1,2276.6499999999996,2.236349959999983,2.2389015941687838,exchange_guard_proxy_touch,False,0.14950000000001182,0.23651004000000006,-0.018198735165,0.11822512,-0.10520877516498825,-3.5596081497735255,1,True
ETHUSDT,long,f093731ef35cdf51cd9c0aef3f8e425186c0a7d52c4e0df7cbf6369688580f91,ETHUSDT|long|confirmed_volume,1706451960000,1706452860000,2024-01-28T14:26:00+00:00,2024-01-28T14:41:00+00:00,2286.03,2274.71,0.17,388.6251000000001,77.72502000000001,5,2276.6499999999996,2276.6499999999996,2.234530320000028,1.6183409665906288,exchange_guard_proxy_touch,False,-1.9244000000000279,0.31013032,0.0,0.15545004000000004,-2.2345303200000277,-57.49835303998706,1,True
ETHUSDT,long,2db060f77729e485bc2923bc6f43685730e77a2e7eff9d6b0ca885925e8a95bb,ETHUSDT|long|high_volume,1706544060000,1706596440000,2024-01-29T16:01:00+00:00,2024-01-30T06:34:00+00:00,2277.52,2300.73,0.08,182.2016,36.44032,5,2253.18,2302.6899999999996,2.2457209599999812,3.264575761378868,exchange_guard_proxy_touch,False,1.856800000000003,0.14650400000000002,-0.018532240000000005,0.07288064000000001,1.6917637600000028,92.85120218483277,1,True
ETHUSDT,long,2b1a19457583e0b541bfd5abebfb160e63524f3ed8ca09f25bd2b1d1f39fe140,ETHUSDT|long|high_volume,1706600160000,1706602020000,2024-01-30T07:36:00+00:00,2024-01-30T08:07:00+00:00,2313.11,2300.73,0.16,370.0976,74.01952,5,2302.6899999999996,2302.6899999999996,2.2760857600000173,3.77104958341043,exchange_guard_proxy_touch,False,-1.9808000000000174,0.29528576,-0.022879473120000004,0.14803904,-2.2989652331200174,-62.11780981881583,1,True
ETHUSDT,long,f4e527e0ae5ab03acc84dacd4a1e8c57eb9d09ca227316eac8623734a6b427bd,ETHUSDT|long|confirmed_volume,1706790660000,1706793060000,2024-02-01T12:31:00+00:00,2024-02-01T13:11:00+00:00,2275.38,2262.03,0.15,341.307,68.26140000000001,5,2263.9599999999996,2263.9599999999996,2.2747445999999862,1.966474578155839,exchange_guard_proxy_touch,False,-2.002499999999986,0.2722446,0.0,0.1365228,-2.2747445999999862,-66.64804999604421,1,True
ETHUSDT,long,a38969ebb028275d155772cff1a4466e10b96ab14e186649b308d4ce98873002,ETHUSDT|long|high_volume,1706797260000,1706880600000,2024-02-01T14:21:00+00:00,2024-02-02T13:30:00+00:00,2282.18,2302.1,0.1,228.218,45.6436,5,2263.9599999999996,2304.06,2.196768399999964,5.656671460902569,exchange_guard_proxy_touch,False,1.9920000000000073,0.1833712,-0.05442151178,0.09128720000000001,1.7542072882200073,76.86542201842131,1,True
ETHUSDT,long,2e386747531587a57d49d50e5c507489756d7aa375aa2a48dc62e1bc39b5b0b9,ETHUSDT|long|high_volume,1706889960000,1706891100000,2024-02-02T16:06:00+00:00,2024-02-02T16:25:00+00:00,2325.15,2302.1,0.09,209.2635,41.8527,5,2304.06,2304.06,2.2410810000000163,3.1979206226350914,exchange_guard_proxy_touch,False,-2.0745000000000164,0.16658099999999998,0.0,0.08370540000000001,-2.2410810000000163,-107.09373588800801,1,True
ETHUSDT,long,6d6034ce2aaf3a90e0b7d17725e182e55872b011663fe6852465dd50be910a17,ETHUSDT|long|high_volume,1706912160000,1706959620000,2024-02-02T22:16:00+00:00,2024-02-03T11:27:00+00:00,2304.4,2303.48,0.09,207.396,41.4792,5,2285.2799999999997,2305.4399999999996,2.0614582800000147,2.9936941801163917,exchange_guard_proxy_touch,False,-0.08280000000000655,0.16588368,-0.037750229999999996,0.08295840000000002,-0.28643391000000656,-13.810965978129115,1,True
ETHUSDT,long,e62669c81cf6319991f0129d7df4e55914b535f6d2e6ccbe0842f138734df1fe,ETHUSDT|long|high_volume,1707011460000,1707020760000,2024-02-04T01:51:00+00:00,2024-02-04T04:26:00+00:00,2306.16,2293.44,0.15,345.924,69.1848,5,2295.3999999999996,2295.3999999999996,2.18397599999997,2.429511281547567,exchange_guard_proxy_touch,False,-1.90799999999997,0.275976,0.0,0.13836959999999998,-2.18397599999997,-63.13456134873471,1,True
ETHUSDT,long,1e555d1321bda74633362c6504cd19bf15039d51401b57411642ec1db6ed378a,ETHUSDT|long|high_volume,1707068760000,1707072540000,2024-02-04T17:46:00+00:00,2024-02-04T18:49:00+00:00,2308.54,2294.17,0.13,300.1102,60.022040000000004,5,2296.1299999999997,2296.1299999999997,2.1074409199999855,3.7679710541051783,exchange_guard_proxy_touch,False,-1.8680999999999859,0.23934092000000004,0.0,0.12004408000000001,-2.107440919999986,-70.22223569875285,1,True
ETHUSDT,long,d31239bcd3782483b4397a15fde30cf5a37e1e327c00fce6ff370fd3a53cc0b6,ETHUSDT|long|high_volume,1707105660000,1707164460000,2024-02-05T04:01:00+00:00,2024-02-05T20:21:00+00:00,2295.34,2286.89,0.07,160.67380000000003,32.13476000000001,5,2267.6099999999997,2288.8399999999997,2.203908560000022,5.822655020330045,exchange_guard_proxy_touch,False,-0.5915000000000191,0.12830244000000002,-0.032248650000000004,0.06426952000000001,-0.7520510900000191,-46.8060810163212,1,True
ETHUSDT,long,ff8d718ea9efaebbdcc2e53165e674ecba150d580129e8f7499cb55faf31b614,ETHUSDT|long|high_volume,1707207360000,1707276480000,2024-02-06T08:16:00+00:00,2024-02-07T03:28:00+00:00,2336.58,2368.56,0.06,140.1948,28.038959999999996,5,2306.99,2370.58,2.0049983999999967,4.742493049849404,exchange_guard_proxy_touch,False,1.918800000000001,0.11292335999999999,-0.024956133995999996,0.056077919999999996,1.780920506004001,127.03185182360552,1,True
ETHUSDT,long,44c4b24e9c124c4a972eb232468b7853f2e0310b66b6e83f6890a6a768f3629b,ETHUSDT|long|high_volume,1707336660000,1707411120000,2024-02-07T20:11:00+00:00,2024-02-08T16:52:00+00:00,2427.83,2412.93,0.03,72.83489999999999,14.566979999999997,5,2360.1499999999996,2414.99,2.1481316400000017,2.6463505008763986,exchange_guard_proxy_touch,False,-0.44700000000000273,0.05808912000000001,-0.019946512662,0.02913396,-0.5250356326620027,-72.08572163372268,1,True
ETHUSDT,long,a9d520d339a329f19df4ad0ec434fd1cf0f72330eaf99c6e81fb112a65d05898,ETHUSDT|long|high_volume,1707467760000,1707561900000,2024-02-09T08:36:00+00:00,2024-02-10T10:45:00+00:00,2465.9,2479.53,0.07,172.61300000000003,34.522600000000004,5,2438.43,2481.64,2.205763000000013,4.139928276552184,exchange_guard_proxy_touch,False,0.9541000000000077,0.13847204000000002,-0.047881468614,0.06904520000000001,0.7677464913860077,44.477906726956114,1,True
BTCUSDT,long,57218679c27678d4d449b8e579971fca5dfeb46364c864cc272bbb2a8cff0578,BTCUSDT|long|high_volume,1707350760000,1707561960000,2024-02-08T00:06:00+00:00,2024-02-10T10:46:00+00:00,44415.200000000004,46980.0,0.0014,62.18128000000001,12.436256000000002,5,42899.9,47020.0,2.2213960160000044,6.6854247407976635,exchange_guard_proxy_touch,False,3.590719999999994,0.05118131200000001,-0.0325566258234,0.024872512000000003,3.506982062176594,563.9932246773617,1,True
BTCUSDT,long,f1211c21a218c418315f54559904fafd8c264daf50d7e10dcf3e0203b697979e,BTCUSDT|long|confirmed_volume,1707566760000,1707648300000,2024-02-10T12:06:00+00:00,2024-02-11T10:45:00+00:00,47270.200000000004,48007.200000000004,0.0068000000000000005,321.43736000000007,64.28747200000001,5,47020.0,48048.1,2.22972054400003,1.8598535311237843,exchange_guard_proxy_touch,False,5.0116000000000005,0.25915452800000005,-0.09739912,0.12857494400000002,4.655046352,144.81970459189932,1,True
BTCUSDT,long,8437525161fac7cf58ff6086d7544263f466995fe1eb4fff098ac148e149ba39,BTCUSDT|long|high_volume,1707650760000,1707657900000,2024-02-11T11:26:00+00:00,2024-02-11T13:25:00+00:00,48299.0,48007.200000000004,0.006900000000000001,333.2631,66.65262,5,48048.1,48048.1,2.2792251119999705,2.5239359634731593,exchange_guard_proxy_touch,False,-2.0134199999999702,0.26580511200000007,0.0,0.13330524000000002,-2.2792251119999705,-68.39116337812288,1,True
BTCUSDT,long,11fef418a9c361d6955e3df73f23bfb97e3a14f190058c1c0bafa026950a0408,BTCUSDT|long|high_volume,1707671460000,1707720360000,2024-02-11T17:11:00+00:00,2024-02-12T06:46:00+00:00,48431.200000000004,47960.0,0.0038,184.03856000000002,36.807712,5,47914.0,48000.9,2.2667826879999997,6.771351741904687,exchange_guard_proxy_touch,False,-1.7905600000000166,0.14651462400000004,-0.018355292000000002,0.07361542400000001,-1.9554299160000166,-106.25109846545291,1,True
BTCUSDT,long,5d81d3f98dcc9c7722fae17d6377235ddb157d767bb4996a295c67080be8db68,BTCUSDT|long|high_volume,1707721860000,1707729780000,2024-02-12T07:11:00+00:00,2024-02-12T09:23:00+00:00,48256.4,47960.0,0.0067,323.31788,64.663576,5,48000.9,48000.9,2.2437399520000096,6.462178969128295,exchange_guard_proxy_touch,False,-1.9858800000000099,0.257859952,-0.032302710000000005,0.12932715200000003,-2.2760426620000103,-70.39643653484336,1,True
BTCUSDT,long,ca1b2c75e662cbd87affd808f30fb269dafaf7bc8921b6a7ba1e0cd93ac6862c,BTCUSDT|long|high_volume,1707742860000,1707822660000,2024-02-12T13:01:00+00:00,2024-02-13T11:11:00+00:00,48078.0,49712.0,0.005,240.39000000000001,48.078,5,47710.9,49754.3,2.2299965999999856,2.5351683914790715,exchange_guard_proxy_touch,False,8.17,0.19558,-0.07494445000000001,0.096156,7.89947555,328.6108219975872,1,True
ETHUSDT,long,910e3579ab78cc94c2f5b6c00ac2f38164d6491394f9b2f073195807e9f290d6,ETHUSDT|long|high_volume,1707817860000,1707831360000,2024-02-13T09:51:00+00:00,2024-02-13T13:36:00+00:00,2672.83,2639.27,0.05,133.6415,26.7283,5,2637.45,2641.52,1.987660599999983,3.5861062674765543,exchange_guard_proxy_touch,False,-1.6779999999999973,0.10624200000000002,0.0,0.0534566,-1.7842419999999972,-133.50957599248716,1,True
ETHUSDT,long,5675ede01ee9a494a3684007108cf03d0db87f82113ca433d59b7a3a2489680b,ETHUSDT|long|high_volume,1707858660000,1707923760000,2024-02-13T21:11:00+00:00,2024-02-14T15:16:00+00:00,2648.11,2731.38,0.03,79.44330000000001,15.888660000000002,5,2592.99,2733.7099999999996,1.7827666799999977,3.7946484595210195,exchange_guard_proxy_touch,False,2.4980999999999995,0.06455388,-0.015883500000000002,0.03177732,2.4176626199999993,304.3255529415318,1,True
BTCUSDT,long,6cec42f5c03f8c92af7094a5cfcc197c32c0607d7c3bfeaf33c48f4a29a876a5,BTCUSDT|long|high_volume,1707890160000,1707982920000,2024-02-14T05:56:00+00:00,2024-02-15T07:42:00+00:00,49652.600000000006,51688.5,0.0055000000000000005,273.08930000000004,54.61786000000001,5,49320.8,51732.5,2.2735490800000164,2.548677448148539,exchange_guard_proxy_touch,False,11.19744999999997,0.22295042000000007,-0.09078770082250001,0.10923572000000002,10.88371187917747,398.54039975852106,1,True
BTCUSDT,long,9a6d82842eb6cd6a7112ff817a23547400e614ff57199419327db1a631c1cd8e,BTCUSDT|long|high_volume,1707988860000,1708025520000,2024-02-15T09:21:00+00:00,2024-02-15T19:32:00+00:00,52236.8,51705.9,0.0041,214.17088000000004,42.83417600000001,5,51732.5,51749.9,2.418467492000012,6.6554996301963065,exchange_guard_proxy_touch,False,-2.176690000000006,0.17046602800000005,-0.021307126000000003,0.08566835200000002,-2.368463154000006,-110.5875436473906,1,True
ETHUSDT,long,f423af747d860eb06883d2f6523d4d4c34afcabab7d26b5cd701d2fb7bd4dd2a,ETHUSDT|long|high_volume,1707988860000,1708095180000,2024-02-15T09:21:00+00:00,2024-02-16T14:53:00+00:00,2794.09,2793.11,0.06,167.6454,33.52908,5,2758.56,2795.49,2.4060072000000066,5.734634029208813,exchange_guard_proxy_touch,False,-0.05880000000000109,0.1340928,-0.064609769454,0.06705816,-0.2575025694540011,-15.359954371190684,1,True
BTCUSDT,long,69fa61bae4687581ae1e151c5be3bb40db39c4eaeaf725f8d78c8cc3bffe27ac,BTCUSDT|long|high_volume,1708092060000,1708147560000,2024-02-16T14:01:00+00:00,2024-02-17T05:26:00+00:00,52571.9,51825.8,0.0023,120.91537,24.183073999999998,5,51611.6,51869.9,2.405468431999993,3.93335813329418,exchange_guard_proxy_touch,False,-1.7160299999999966,0.09604588400000001,-0.023933317,0.048366148000000005,-1.8360092009999966,-151.84249951019433,1,True
ETHUSDT,long,6e7ddf4ee390c06742a82546449785f6700f73da309dcdc4700a823807b3e277,ETHUSDT|long|high_volume,1708125060000,1708159020000,2024-02-16T23:11:00+00:00,2024-02-17T08:37:00+00:00,2797.59,2777.93,0.05,139.8795,27.975900000000003,5,2756.74,2780.2999999999997,2.2710396000000137,2.135145832939531,exchange_guard_proxy_touch,False,-0.9830000000000155,0.11151040000000001,-0.0280045,0.05595180000000001,-1.1225149000000154,-80.24870692274531,1,True
ETHUSDT,long,9f7be725405dee434d20753560e1372136db5a5904f7825ddb4b353e14cae9bd,ETHUSDT|long|high_volume,1708174260000,1708175100000,2024-02-17T12:51:00+00:00,2024-02-17T13:05:00+00:00,2791.7400000000002,2777.93,0.14,390.8436000000001,78.16872000000002,5,2780.2999999999997,2780.2999999999997,2.2453015200000563,2.4567303050354194,exchange_guard_proxy_touch,False,-1.9334000000000562,0.31190152000000004,0.0,0.15633744000000002,-2.2453015200000563,-57.44757033248225,1,True
ETHUSDT,long,fbeab2705e742953a9eb2b3f9dca5c08d58cf142144b635122abb0d649cbd224,ETHUSDT|long|high_volume,1708247160000,1708351440000,2024-02-18T09:06:00+00:00,2024-02-19T14:04:00+00:00,2821.7200000000003,2888.62,0.05,141.086,28.217200000000002,5,2780.2,2891.08,2.3064910000000167,9.678055862652613,exchange_guard_proxy_touch,False,3.344999999999982,0.11420680000000001,-0.04310025,0.05643440000000001,3.187692949999982,225.93970698722637,1,True
BTCUSDT,long,38550939d2af0711f208a2f608fe9ce5b8a63493be590e309bc7fca72852c192,BTCUSDT|long|high_volume,1708241160000,1708351500000,2024-02-18T07:26:00+00:00,2024-02-19T14:05:00+00:00,51785.3,52044.3,0.0034000000000000002,176.07002000000003,35.214004,5,51177.9,52088.6,2.353370656,2.7590342154377456,exchange_guard_proxy_touch,False,0.8806,0.14120825600000003,-0.1328577471014,0.07042800800000001,0.6065339968986,34.44845391047266,1,True
BTCUSDT,long,d7f75de6a6d33d8a4ae9db3da0af7a7b0722a73997bcd0c45344543f0eca0fc5,BTCUSDT|long|high_volume,1708356060000,1708357560000,2024-02-19T15:21:00+00:00,2024-02-19T15:46:00+00:00,52356.4,52044.3,0.0067,350.78788000000003,70.157576,5,52088.6,52088.6,2.3708638759999903,2.216766195711866,exchange_guard_proxy_touch,False,-2.0910699999999904,0.27979387600000005,0.0,0.140315152,-2.3708638759999907,-67.58682415139288,1,True
ETHUSDT,long,6c4149c9e3807fdd2fa7a9d58da4f1914809367f0670de727818f797b1ea6af8,ETHUSDT|long|high_volume,1708361160000,1708362060000,2024-02-19T16:46:00+00:00,2024-02-19T17:01:00+00:00,2936.56,2888.62,0.04,117.4624,23.49248,5,2891.08,2891.08,2.010802880000002,7.638871236191932,exchange_guard_proxy_touch,False,-1.9176000000000022,0.09320288000000002,0.0,0.046984960000000006,-2.010802880000002,-171.1869398207428,1,True
ETHUSDT,long,a835b0e077a84d1cd904f43a404998f755fa478226371d874b3c3b456699a494,ETHUSDT|long|confirmed_volume,1708377060000,1708401780000,2024-02-19T21:11:00+00:00,2024-02-20T04:03:00+00:00,2945.44,2902.66,0.03,88.36319999999999,17.672639999999998,5,2888.56,2905.1299999999997,1.8501784800000043,1.7252057683746373,exchange_guard_proxy_touch,False,-1.2834000000000059,0.07017720000000001,-0.0234250725,0.03534528,-1.377002272500006,-155.8343600616553,1,True
ETHUSDT,long,2910e33b4084a3aa59d8e6cf9a0061f3cfaaa1ab089a92eb66b6df2e1c94722a,ETHUSDT|long|confirmed_volume,1708405860000,1708420620000,2024-02-20T05:11:00+00:00,2024-02-20T09:17:00+00:00,2932.66,2902.66,0.07,205.2862,41.05724,5,2905.1299999999997,2905.1299999999997,2.2633889600000003,1.7430836990294023,exchange_guard_proxy_touch,False,-2.1,0.16338896000000003,-0.020463240000000004,0.08211448000000002,-2.2838522000000006,-111.2521055969666,1,True
BTCUSDT,long,3648d473859a1f7bc51d09e2e8c5f5852465ab48513570db4d1738d197c7b987,BTCUSDT|long|high_volume,1708423860000,1708442940000,2024-02-20T10:11:00+00:00,2024-02-20T15:29:00+00:00,52019.9,51540.9,0.004,208.0796,41.61592,5,51533.0,51584.8,2.2888143999999824,3.148367556235338,exchange_guard_proxy_touch,False,-1.9160000000000001,0.16569728,0.0,0.08323184,-2.08169728,-100.04331419322223,1,True
ETHUSDT,long,2ab20bc69011e52ecdad6a21f129186ab10a3b71f254e54748cc28c98b533131,ETHUSDT|long|high_volume,1708459260000,1708490160000,2024-02-20T20:01:00+00:00,2024-02-21T04:36:00+00:00,2989.81,2987.94,0.02,59.7962,11.95924,5,2884.99,2990.49,2.192578719999995,2.090552736992945,exchange_guard_proxy_touch,False,-0.03739999999999782,0.047822,-0.012261378635999999,0.02391848,-0.09748337863599782,-16.302604285221772,1,True
BTCUSDT,long,b722d34cf6053e0c303ee6931e23e8ba15e3443739883deef761d8d234ba1c21,BTCUSDT|long|high_volume,1708556460000,1708608000000,2024-02-21T23:01:00+00:00,2024-02-22T13:20:00+00:00,51624.100000000006,51133.100000000006,0.0024000000000000002,123.89784000000003,24.779568000000005,5,50787.9,51176.700000000004,2.208834048000004,2.9464601547322373,exchange_guard_proxy_touch,False,-1.1784000000000001,0.09864691200000002,-0.029228637312000004,0.04955913600000001,-1.3062755493120002,-105.43166445129307,1,True
ETHUSDT,long,da497955333aa113279a7496da4d81056b18c2f28660ffe2c1a070288002cbd7,ETHUSDT|long|high_volume,1708551060000,1708656600000,2024-02-21T21:31:00+00:00,2024-02-23T02:50:00+00:00,2927.23,2966.58,0.04,117.0892,23.41784,5,2885.99,2969.1099999999997,1.8409721599999926,5.189048380899932,exchange_guard_proxy_touch,False,1.5739999999999963,0.09430095999999999,-0.047706920000000014,0.046835680000000005,1.4319921199999963,122.29924877785452,1,True
BTCUSDT,long,f1b4e3d4a3e98101a3a38a9a4126ae598b00a01b607cf7ec4bacf5f2f977491c,BTCUSDT|long|high_volume,1708616160000,1708656840000,2024-02-22T15:36:00+00:00,2024-02-23T02:54:00+00:00,51717.700000000004,51160.0,0.0036000000000000003,186.18372000000002,37.236744,5,51176.700000000004,51203.6,2.2526651519999947,3.6683549474582846,exchange_guard_proxy_touch,False,-2.007720000000016,0.14814388800000003,-0.04181352876000001,0.07447348800000002,-2.197677416760016,-118.03810863592238,1,True
BTCUSDT,long,5ad96e2e8cdcd52eafcb4be532a265879d5622dc9563237d015cae60e7c7a001,BTCUSDT|long|high_volume,1708769760000,1708875900000,2024-02-24T10:16:00+00:00,2024-02-25T15:45:00+00:00,51228.5,51506.0,0.0032,163.93120000000002,32.78624000000001,5,50611.3,51549.9,2.243259775999986,2.257221596975731,exchange_guard_proxy_touch,False,0.888,0.13150016,-0.0601102848832,0.06557248000000002,0.6963895551168,42.48059888031076,1,True
ETHUSDT,long,b7102c90d095cdcf0605e8b8e906eefe7b44789529f385163599b02eb5d34253,ETHUSDT|long|high_volume,1708745460000,1708938960000,2024-02-24T03:31:00+00:00,2024-02-26T09:16:00+00:00,2928.15,3084.38,0.08,234.252,46.8504,5,2906.99,3087.0099999999998,2.07784511999999,2.7035650345624926,exchange_guard_proxy_touch,False,12.498400000000002,0.19240096000000007,-0.37888775968,0.09370080000000001,11.927111280320002,509.1572870378909,1,True
ETHUSDT,long,2d2fda6ebc4d37370e4521bedb6a9632fc08fe60046afc6978114c2bb4688a9e,ETHUSDT|long|high_volume,1708960260000,1709050200000,2024-02-26T15:11:00+00:00,2024-02-27T16:10:00+00:00,3123.14,3202.52,0.02,62.4628,12.492560000000001,5,3039.41,3205.25,1.775679679999994,3.8799549066557755,exchange_guard_proxy_touch,False,1.5876000000000021,0.050605279999999996,-0.09301793181000001,0.02498512,1.443976788190002,231.17388080425502,1,True
ETHUSDT,long,2209e4201f9898b690170724faf4d396ae03715d18ef0b710719f668b645d007,ETHUSDT|long|high_volume,1709105460000,1709141460000,2024-02-28T07:31:00+00:00,2024-02-28T17:31:00+00:00,3278.23,3277.2000000000003,0.04,131.1292,26.225839999999998,5,3233.04,3279.99,2.0217363200000023,4.09343738263194,exchange_guard_proxy_touch,False,-0.041199999999989814,0.10488688000000002,-0.10075415014000001,0.05245168000000001,-0.24684103013998981,-18.824261121092007,1,True
BTCUSDT,long,c12dcbc7f4fff5db5928fd94bac1e8b4131bb1120acc7fb2cc02ca565c5d5766,BTCUSDT|long|high_volume,1709062560000,1709213340000,2024-02-27T19:36:00+00:00,2024-02-29T13:29:00+00:00,57257.8,62098.100000000006,0.0021000000000000003,120.24138000000002,24.048276000000005,5,56230.9,62151.0,2.3521603559999944,3.2741596679744798,exchange_guard_proxy_touch,False,10.164630000000008,0.10025895600000002,-0.32088849030840005,0.04809655200000001,9.743482553691608,810.326906901069,1,True
BTCUSDT,long,ce98b62784ea3c830d8207f2be9434a69b5c077a617f9a2f7d1912fe7c9cc73d,BTCUSDT|long|confirmed_volume,1709215860000,1709224740000,2024-02-29T14:11:00+00:00,2024-02-29T16:39:00+00:00,63213.8,62098.100000000006,0.0021000000000000003,132.74898000000002,26.549796000000004,5,62151.0,62151.0,2.4482319959999943,1.8659027882914654,exchange_guard_proxy_touch,False,-2.3429699999999944,0.10526199600000004,-0.07522338142410001,0.05309959200000001,-2.5234553774240944,-190.09226115515872,1,True
BTCUSDT,long,8315e73eb34a11160f39bed7cb9b0f1c6c3c44d95f22365a0f17a7b081017541,BTCUSDT|long|high_volume,1709253060000,1709303820000,2024-03-01T00:31:00+00:00,2024-03-01T14:37:00+00:00,61780.4,61822.3,0.0019,117.38276,23.476552,5,60619.6,61874.9,2.3965447840000027,3.089849985517365,exchange_guard_proxy_touch,False,0.07961000000000276,0.09393805200000001,-0.0757294776504,0.046953104,-0.09005752965039725,-7.672125757683431,1,True
ETHUSDT,long,2ac4aa7bebb8947bb8de07dc096d32707d7504638be6739aadbc353e109b0b2e,ETHUSDT|long|confirmed_volume,1709295660000,1709304000000,2024-03-01T12:21:00+00:00,2024-03-01T14:40:00+00:00,3431.6,3398.65,0.03,102.948,20.589599999999997,5,3355.2299999999996,3401.5499999999997,2.4583076400000006,1.6027392249402945,exchange_guard_proxy_touch,False,-0.9884999999999945,0.081963,0.0,0.0411792,-1.0704629999999944,-103.98094183471214,1,True
ETHUSDT,long,60edcbdfad011498d428906ee3b3ce4c7d99efda80e64500817c1cc8c4dabf11,ETHUSDT|long|high_volume,1709426460000,1709450580000,2024-03-03T00:41:00+00:00,2024-03-03T07:23:00+00:00,3433.79,3402.19,0.07,240.36530000000002,48.073060000000005,5,3405.0899999999997,3405.0899999999997,2.403407439999994,3.8830088213540512,exchange_guard_proxy_touch,False,-2.211999999999994,0.19140744000000004,0.0,0.09614612,-2.403407439999994,-99.98978388311431,1,True
BTCUSDT,long,8a8c3495bb560473d4b4d8372bbcddcf9cb890365d6ad2b9e8612334940a0023,BTCUSDT|long|high_volume,1709538060000,1709654880000,2024-03-04T07:41:00+00:00,2024-03-05T16:08:00+00:00,64178.100000000006,65544.1,0.0012000000000000001,77.01372000000002,15.402744000000004,5,62298.9,65599.9,2.3793235200000056,2.7261488497970228,exchange_guard_proxy_touch,False,1.6392000000000002,0.06226665600000002,-0.26356976880480004,0.03080548800000001,1.3133635751952002,170.5363116072305,1,True
ETHUSDT,long,97b65f9e50ae877134997839aafcc3e35acf3a2a6ed1a91f96a214c80b2a50ff,ETHUSDT|long|confirmed_volume,1709538060000,1709658180000,2024-03-04T07:41:00+00:00,2024-03-05T17:03:00+00:00,3485.34,3652.88,0.03,104.5602,20.912039999999998,5,3420.2099999999996,3655.99,2.1240316799999985,1.7842024099370952,exchange_guard_proxy_touch,False,5.0261999999999984,0.08565864000000001,-0.331867063779,0.04182408,4.608674296220999,440.7675479026435,1,True
ETHUSDT,long,195c4b36388a9f81af4b6afac8d72fa67661e05309f196abf40d8e9384a10d80,ETHUSDT|long|high_volume,1709701260000,1709737440000,2024-03-06T05:01:00+00:00,2024-03-06T15:04:00+00:00,3671.96,3757.79,0.01,36.7196,7.34392,5,3500.99,3760.99,1.7681798799999981,4.785889253851783,exchange_guard_proxy_touch,False,0.8582999999999993,0.029719000000000002,-0.01453862257,0.01468784,0.8140423774299992,221.69151554755476,1,True
ETHUSDT,long,328c62a16a5148290c05758fde2ad010a0dcf09c726ea716e3b632a891d3946d,ETHUSDT|long|high_volume,1709744460000,1709790240000,2024-03-06T17:01:00+00:00,2024-03-07T05:44:00+00:00,3810.13,3757.79,0.04,152.4052,30.48104,5,3760.99,3760.99,2.214686720000006,2.4861076784620812,exchange_guard_proxy_touch,False,-2.0936000000000057,0.12108672000000001,-0.054581629060000005,0.06096208000000001,-2.2692683490600056,-148.89704216522833,1,True
BTCUSDT,long,fcbdbd5b7c434df7937971388ec82a09fac52f939437b2d852ddce2813a5fdd4,BTCUSDT|long|high_volume,1709701260000,1709913720000,2024-03-06T05:01:00+00:00,2024-03-08T16:02:00+00:00,64714.600000000006,66761.2,0.0012000000000000001,77.65752000000002,15.531504000000004,5,62829.200000000004,66818.0,2.387875344000002,5.100131646355487,exchange_guard_proxy_touch,False,2.4559199999999897,0.063108384,-0.28124925039000004,0.03106300800000001,2.1115623656099896,271.9070047060464,1,True
ETHUSDT,long,c0cbb2fa448a279768aa123f5f3360a166d5332e95d9d65a13cf6fd826c574f5,ETHUSDT|long|high_volume,1709809560000,1709913720000,2024-03-07T11:06:00+00:00,2024-03-08T16:02:00+00:00,3819.01,3879.79,0.02,76.3802,15.27604,5,3736.43,3883.1,1.7756180800000045,2.5757321357113976,exchange_guard_proxy_touch,False,1.215599999999995,0.061590400000000003,-0.15071208594200003,0.030552080000000006,1.0032975140579947,131.3557065912363,1,True
ETHUSDT,long,8ba0dc709057e2f39ba546911c90603e4c6e14ef401d8042b89f563959e3fac6,ETHUSDT|long|confirmed_volume,1709920260000,1709937660000,2024-03-08T17:51:00+00:00,2024-03-08T22:41:00+00:00,3971.87,3883.4500000000003,0.02,79.4374,15.88748,5,3883.1,3886.7599999999998,1.9044132799999987,1.978289670553363,exchange_guard_proxy_touch,False,-1.7683999999999924,0.06284256,0.0,0.031774960000000005,-1.8312425599999924,-230.52649759433118,1,True
ETHUSDT,long,406f0a2988e92a3994538ed4691abec1544e19aedd3142ec94bcf4c6c50638c3,ETHUSDT|long|high_volume,1709991660000,1710002220000,2024-03-09T13:41:00+00:00,2024-03-09T16:37:00+00:00,3929.48,3886.69,0.05,196.47400000000002,39.2948,5,3890.0,3890.0,2.2958233999999984,3.0169079975169732,exchange_guard_proxy_touch,False,-2.139499999999998,0.1563234,-0.06958016227000001,0.07858960000000001,-2.365403562269998,-120.39270143988504,1,True
ETHUSDT,long,f4d633b3ec50ed0862e5cfeb27156db01de193cd78d113108712cbf5dd64617c,ETHUSDT|long|high_volume,1710061260000,1710062520000,2024-03-10T09:01:00+00:00,2024-03-10T09:22:00+00:00,3964.09,3929.25,0.06,237.8454,47.56908,5,3932.6,3932.6,2.279840160000009,8.437324159281498,exchange_guard_proxy_touch,False,-2.0904000000000087,0.18944016000000002,0.0,0.09513816,-2.279840160000009,-95.85386810087597,1,True
BTCUSDT,long,e7cbf37b280d35dc70fdb787f18b0161675044a2a9dc44c762eea286e1d15014,BTCUSDT|long|high_volume,1709954460000,1710079080000,2024-03-09T03:21:00+00:00,2024-03-10T13:58:00+00:00,68365.5,69168.3,0.0038,259.7889,51.95778,5,67819.9,69227.2,2.4994541040000113,2.1963367579663386,exchange_guard_proxy_touch,False,3.050640000000011,0.209051376,-0.39776759075259993,0.10391556,2.443821033247411,94.06949385625833,1,True
BTCUSDT,long,72a42ba54ee9fa99a171b835f9189a64a18cc257c52d1e84103258760eb998d5,BTCUSDT|long|high_volume,1710087660000,1710097500000,2024-03-10T16:21:00+00:00,2024-03-10T19:05:00+00:00,69743.40000000001,69168.3,0.0039000000000000003,271.99926000000005,54.39985200000001,5,69227.2,69227.2,2.459592252000023,3.925684667825839,exchange_guard_proxy_touch,False,-2.2428900000000227,0.21670225200000004,0.0,0.10879970400000002,-2.459592252000023,-90.42643174838132,1,True
ETHUSDT,long,3c89bc4479821c3e3301eae7d1f74d090a7a4d2f9c33666fd9a7e5074f60a383,ETHUSDT|long|high_volume,1710151260000,1710172920000,2024-03-11T10:01:00+00:00,2024-03-11T16:02:00+00:00,4045.65,4013.98,0.01,40.4565,8.0913,5,3871.45,4017.3999999999996,1.8066551999999998,5.1901411392805805,exchange_guard_proxy_touch,False,-0.31670000000000076,0.03223852000000001,-0.025851428424,0.016182600000000002,-0.37478994842400076,-92.6402304756963,1,True
BTCUSDT,long,81d05116cf216e43eb391fe82e0597107b0c15b33b21e6b2eb44c3b974bc6f81,BTCUSDT|long|high_volume,1710157560000,1710213660000,2024-03-11T11:46:00+00:00,2024-03-12T03:21:00+00:00,72315.2,71738.8,0.0006000000000000001,43.389120000000005,8.677824000000001,5,68502.29999999999,71799.9,2.3565022079999984,8.092727885015647,exchange_guard_proxy_touch,False,-0.34583999999999654,0.03457296000000001,-0.04795959604680001,0.017355648,-0.4283725560467965,-98.72810419911637,1,True
ETHUSDT,long,04b1574e1bfa2b9b07755f457ee6928989f8349eb628cd27d5cb87c312b18322,ETHUSDT|long|high_volume,1710181260000,1710215700000,2024-03-11T18:21:00+00:00,2024-03-12T03:55:00+00:00,4079.6600000000003,4028.36,0.03,122.38980000000001,24.477960000000003,5,4017.3999999999996,4031.79,2.0675236800000083,3.848313284758111,exchange_guard_proxy_touch,False,-1.5390000000000055,0.09729624,-0.083168050536,0.04895592000000001,-1.7194642905360054,-140.49081627194465,1,True
BTCUSDT,long,9da11e0ba0f65b1d760a72dd1f42ca0de614d4bf9cb479d5417934b6f12a62b9,BTCUSDT|long|high_volume,1710241860000,1710255600000,2024-03-12T11:11:00+00:00,2024-03-12T15:00:00+00:00,72298.1,71377.6,0.0024000000000000002,173.51544000000004,34.70308800000001,5,71438.4,71438.4,2.347128672,2.0133696674658963,exchange_guard_proxy_touch,False,-2.2092,0.13792867200000003,0.0,0.06940617600000001,-2.347128672,-135.26915368453663,1,True
ETHUSDT,long,63441cbe37f07619b5ae3697be733f0932f06c73a1b04a9aa1f9f425b61aa706,ETHUSDT|long|high_volume,1710285660000,1710391920000,2024-03-12T23:21:00+00:00,2024-03-14T04:52:00+00:00,3968.01,3952.2400000000002,0.05,198.40050000000002,39.6801,5,3929.5899999999997,3955.6099999999997,2.246384999999999,2.6439257818644095,exchange_guard_proxy_touch,False,-0.7884999999999991,0.15840500000000002,-0.385031827685,0.0793602,-1.331936827684999,-67.13374349787419,1,True
ETHUSDT,long,edb8ab263a426c134d6eb723528bdd7c07a03c456a892c532f4c4dd567e93741,ETHUSDT|long|confirmed_volume,1710397560000,1710414480000,2024-03-14T06:26:00+00:00,2024-03-14T11:08:00+00:00,3996.26,3952.2400000000002,0.05,199.81300000000002,39.9626,5,3955.6099999999997,3955.6099999999997,2.3599699999999992,1.9283879491934202,exchange_guard_proxy_touch,False,-2.200999999999999,0.15897000000000003,-0.0998909191,0.07992520000000002,-2.459860919099999,-123.10815207719213,1,True
BTCUSDT,long,4f8bb35605df28c2178a43eb2dc76f4a1c00bf2a51f45f83363b74297495a97d,BTCUSDT|long|high_volume,1710293460000,1710414900000,2024-03-13T01:31:00+00:00,2024-03-14T11:15:00+00:00,72116.2,72658.0,0.0026000000000000003,187.50212000000002,37.500424,5,71299.9,72719.9,2.4292896160000006,4.020945189869519,exchange_guard_proxy_touch,False,1.4086800000000077,0.15056516800000003,-0.3282075746638,0.07500084800000001,0.9299072573362077,49.59449297619716,1,True
BTCUSDT,long,28a6ef26178a2dca03bf2baf99814c0d7714a6b63bd31d2a74d23e7fc9ed916e,BTCUSDT|long|high_volume,1710542460000,1710584340000,2024-03-15T22:41:00+00:00,2024-03-16T10:19:00+00:00,68868.40000000001,68587.5,0.0016,110.18944000000002,22.037888000000002,5,67567.9,68645.9,2.260082432,2.598983175121288,exchange_guard_proxy_touch,False,-0.449440000000014,0.08797177600000003,-0.0369253219264,0.04407577600000001,-0.574337097926414,-52.12269868386788,1,True
ETHUSDT,long,a00685cf2caccdefdfba55c03ea7f2806acc0d40d5528513ddc79bf98c6a4753,ETHUSDT|long|high_volume,1710542760000,1710587580000,2024-03-15T22:46:00+00:00,2024-03-16T11:13:00+00:00,3709.02,3689.75,0.04,148.3608,29.67216,5,3661.8199999999997,3692.89,2.1306835199999883,3.824127332357313,exchange_guard_proxy_touch,False,-0.7707999999999993,0.11838032000000002,-0.069408789824,0.059344320000000006,-0.9585891098239993,-64.61202081843716,1,True
ETHUSDT,long,cfa623738a59c2a24e690e01d45ad462057bddfc5f64cb4e2052bcda516500fc,ETHUSDT|long|high_volume,1710698160000,1710720480000,2024-03-17T17:56:00+00:00,2024-03-18T00:08:00+00:00,3647.11,3624.16,0.01,36.4711,7.29422,5,3531.7599999999998,3627.25,1.2123034400000012,2.347075471470205,exchange_guard_proxy_touch,False,-0.22950000000000273,0.029085080000000003,-0.0063107514960000005,0.014588440000000001,-0.26489583149600276,-72.63170880395786,1,True
ETHUSDT,long,30b70f9f73e3e13016042d006095ce10e31f05296023c177f49e3a39d3b7807b,ETHUSDT|long|confirmed_volume,1710761460000,1710767340000,2024-03-18T11:31:00+00:00,2024-03-18T13:09:00+00:00,3615.33,3576.94,0.05,180.7665,36.1533,5,3579.99,3579.99,2.0633453999999936,1.674082810714939,exchange_guard_proxy_touch,False,-1.9194999999999938,0.1438454,0.0,0.0723066,-2.063345399999994,-114.1442357959021,1,True
BTCUSDT,long,c9d0b1c7ba53c55be114922049bb605e8a206db667d15b23adeea26bc08c706c,BTCUSDT|long|confirmed_volume,1710761160000,1710769620000,2024-03-18T11:26:00+00:00,2024-03-18T13:47:00+00:00,68466.1,67293.2,0.0019,130.08559000000002,26.017118000000004,5,67350.5,67350.5,2.3316870680000163,1.524869085613361,exchange_guard_proxy_touch,False,-2.2285100000000164,0.103177068,0.0,0.052034236000000005,-2.3316870680000163,-179.24253316604984,1,True
BTCUSDT,long,d2c80314c10014debed2bc44cb05d0c0e287b51d052b1e128dfa743c57ddb074,BTCUSDT|long|high_volume,1710778860000,1710780660000,2024-03-18T16:21:00+00:00,2024-03-18T16:51:00+00:00,68018.5,67293.2,0.0029000000000000002,197.25365000000002,39.45073000000001,5,67350.5,67350.5,2.2603315720000086,2.156433958897032,exchange_guard_proxy_touch,False,-2.1033700000000084,0.15696157200000002,0.0,0.07890146,-2.2603315720000086,-114.59010122246197,1,True
BTCUSDT,long,6883c7be8eefacf888995331f2d0f5ba2372ca2c00ea617c5f5f1330b46e60b7,BTCUSDT|long|high_volume,1710961260000,1711029300000,2024-03-20T19:01:00+00:00,2024-03-21T13:55:00+00:00,65554.5,66638.8,0.0006000000000000001,39.3327,7.8665400000000005,5,62057.6,66695.5,2.1604342319999987,2.4981546298502555,exchange_guard_proxy_touch,False,0.6505800000000018,0.031726392,-0.012000600338400003,0.015733080000000003,0.6068530076616018,154.28714724938837,1,True
ETHUSDT,long,9dfff2a9742e0d02a4641fd14fb05a682ddb628e88a1fc5b1e10e2426fb467ad,ETHUSDT|long|high_volume,1711008660000,1711044660000,2024-03-21T08:11:00+00:00,2024-03-21T18:11:00+00:00,3548.01,3447.05,0.02,70.9602,14.19204,5,3449.99,3449.99,2.0751604800000005,3.029030551224643,exchange_guard_proxy_touch,False,-2.0192000000000005,0.05596048000000001,-0.012423009852,0.028384080000000003,-2.0875834898520007,-294.19075620587324,1,True
ETHUSDT,long,48dd6a3578bea79638091ca108d1266c68ded2662e4a825fc68f2613d047ef6d,ETHUSDT|long|confirmed_volume,1711087260000,1711102020000,2024-03-22T06:01:00+00:00,2024-03-22T10:07:00+00:00,3535.44,3452.2200000000003,0.02,70.7088,14.14176,5,3455.16,3455.16,1.720301279999996,1.7679088291470737,exchange_guard_proxy_touch,False,-1.664399999999996,0.05590128,-0.016389659202,0.028283520000000003,-1.7366909392019962,-245.61171158356473,1,True
BTCUSDT,long,c646a3930b12ab71fb6164e0ff3d524185c41d9467649d2cab142bee5a5e9407,BTCUSDT|long|high_volume,1711086960000,1711102500000,2024-03-22T05:56:00+00:00,2024-03-22T10:15:00+00:00,66394.3,65107.5,0.0017000000000000001,112.87031000000002,22.574062000000005,5,65162.9,65162.9,2.276981224000005,2.288320777031746,exchange_guard_proxy_touch,False,-2.1875600000000053,0.089421224,-0.011257961000000002,0.04514812400000001,-2.2882391850000054,-202.73171793361823,1,True
BTCUSDT,long,88db9dcc081094d368c404270002f74826fc509577d4a1f809fbcae4ce2cae03,BTCUSDT|long|confirmed_volume,1711189560000,1711235340000,2024-03-23T10:26:00+00:00,2024-03-23T23:09:00+00:00,64741.200000000004,64658.4,0.0012000000000000001,77.68944000000002,15.537888000000004,5,63020.1,64713.5,2.1909396960000054,1.8198127729872473,exchange_guard_proxy_touch,False,-0.0993600000000035,0.06211180800000001,-0.008447793652800002,0.031075776000000006,-0.1699196016528035,-21.871647118682212,1,True
ETHUSDT,long,9939c69b4f9b7931c73ba3ee26f0ebdbe0d4db83eb13e5c58a8f09420dd8fd32,ETHUSDT|long|high_volume,1711188360000,1711238160000,2024-03-23T10:06:00+00:00,2024-03-23T23:56:00+00:00,3365.63,3327.23,0.02,67.3126,13.462520000000001,5,3271.37,3330.0699999999997,1.9940736800000036,2.403482091761671,exchange_guard_proxy_touch,False,-0.7680000000000018,0.05354288000000001,-0.009477161496,0.02692504,-0.8310200414960017,-123.45683296975628,1,True
BTCUSDT,long,ccf6895b3c7afae2af63943d7428142fa9477b5dd5eebcd23bac6bf39b9a1c5f,BTCUSDT|long|high_volume,1711277460000,1711460160000,2024-03-24T10:51:00+00:00,2024-03-26T13:36:00+00:00,65323.9,70242.5,0.0016,104.51824,20.903648,5,64060.8,70302.29999999999,2.190931327999998,3.1528781931304235,exchange_guard_proxy_touch,False,7.869759999999998,0.08676249600000001,-0.1391402129248,0.04180729600000001,7.643857291075197,731.3419448198895,1,True
ETHUSDT,long,dbd11519865b0c10fa821d77a7ba18a399a17ce53ece86c75b972ec686a6a4db,ETHUSDT|long|high_volume,1711311360000,1711463340000,2024-03-24T20:16:00+00:00,2024-03-26T14:29:00+00:00,3409.87,3565.02,0.02,68.1974,13.63948,5,3334.2999999999997,3568.06,1.6221306399999973,3.48868189221173,exchange_guard_proxy_touch,False,3.103000000000002,0.05579912,-0.079184981472,0.027278959999999998,2.968015898528002,435.20953856422705,1,True
BTCUSDT,long,44803de73514a527fa0c79a73b83e2f8eee95a741f541e2542a7036425de81ad,BTCUSDT|long|high_volume,1711494060000,1711523760000,2024-03-26T23:01:00+00:00,2024-03-27T07:16:00+00:00,70366.6,70027.5,0.0022,154.80652000000003,30.961304000000005,5,69419.9,70087.09999999999,2.3357201120000064,2.7856114743511275,exchange_guard_proxy_touch,False,-0.7460200000000129,0.12354680800000002,-0.044313743306800005,0.06192260800000002,-0.913880551306813,-59.033724891355526,1,True
BTCUSDT,long,f0a8a0691dad813678fd35c9bff422292dcbdc275ba75faad0936614bcedf6ea,BTCUSDT|long|high_volume,1711539660000,1711543200000,2024-03-27T11:41:00+00:00,2024-03-27T12:40:00+00:00,70411.90000000001,70027.5,0.005200000000000001,366.14188000000007,73.22837600000001,5,70087.09999999999,70087.09999999999,2.2909939520000457,3.0842022413874886,exchange_guard_proxy_touch,False,-1.9988800000000457,0.29211395200000007,0.0,0.14645675200000005,-2.2909939520000457,-62.57120742374637,1,True
BTCUSDT,long,567050db0ae2272cd404713963020debd55d62d8f3548240f859d879cca6fef9,BTCUSDT|long|high_volume,1711603560000,1711682400000,2024-03-28T05:26:00+00:00,2024-03-29T03:20:00+00:00,69989.5,70532.1,0.0019,132.98005,26.59601,5,68940.9,70592.2,2.2092225679999946,2.004287488974171,exchange_guard_proxy_touch,False,1.030940000000011,0.106796416,-0.104477140701,0.053192020000000007,0.8196664432990111,61.63830163238854,1,True
ETHUSDT,long,c41f9feb2e3be81856ab6e6cb5e4d24c6816bc2d760b99390f90f9b8b27eedd7,ETHUSDT|long|high_volume,1711675560000,1711697820000,2024-03-29T01:26:00+00:00,2024-03-29T07:37:00+00:00,3583.73,3549.4700000000003,0.05,179.18650000000002,35.837300000000006,5,3545.39,3552.49,2.2105220000000063,2.7471819767206624,exchange_guard_proxy_touch,False,-1.7129999999999883,0.142664,0.0,0.0716746,-1.8556639999999884,-103.56048028171699,1,True
BTCUSDT,long,60f8a3632ff4ba01ff4939e0bcaf83fa083d6f7abc5a260a43c04e359798bca6,BTCUSDT|long|confirmed_volume,1711760460000,1711825500000,2024-03-30T01:01:00+00:00,2024-03-30T19:05:00+00:00,70027.6,69812.8,0.0028,196.07728,39.215456,5,69326.9,69872.2,2.283170959999992,1.7559654971688623,exchange_guard_proxy_touch,False,-0.6014400000000082,0.15662124800000005,-0.13056128829519997,0.07843091200000002,-0.8886225362952082,-45.320015470186455,1,True
ETHUSDT,long,1680ebd0e607298153703bf81406588ad951cf8277041a6b11eeb4a71f5b20d9,ETHUSDT|long|high_volume,1711775160000,1711826160000,2024-03-30T05:06:00+00:00,2024-03-30T19:16:00+00:00,3533.9300000000003,3491.0,0.03,106.01790000000001,21.203580000000002,5,3477.7599999999998,3493.97,1.8580047600000031,4.258425715464741,exchange_guard_proxy_touch,False,-1.2879000000000087,0.08429916,-0.07406728701599999,0.042407160000000006,-1.4462664470160087,-136.41719436208496,1,True
BTCUSDT,long,26756948f3905cf34d917d5a63ba14dc62a81885bc4853ef2a6b81d868af20f2,BTCUSDT|long|high_volume,1711847460000,1711855080000,2024-03-31T01:11:00+00:00,2024-03-31T03:18:00+00:00,70176.40000000001,69812.8,0.0054,378.95256000000006,75.790512,5,69872.2,69872.2,2.2658166720000317,2.048204816020866,exchange_guard_proxy_touch,False,-1.9634400000000316,0.30237667200000007,0.0,0.15158102400000004,-2.2658166720000317,-59.791565255556826,1,True
ETHUSDT,long,62c4ccc64e67c02695b3659f7d20786c340d0e5291a290cf43a0b11587049006,ETHUSDT|long|high_volume,1711895460000,1711934940000,2024-03-31T14:31:00+00:00,2024-04-01T01:29:00+00:00,3641.25,3613.33,0.05,182.0625,36.4125,5,3603.1499999999996,3616.41,2.2033266000000036,5.181848740890756,exchange_guard_proxy_touch,False,-1.3960000000000037,0.14509160000000002,-0.21666121144,0.07282500000000001,-1.7577528114400036,-96.54667004133215,1,True
BTCUSDT,long,cde0bab1b98cfbadea307fdf104faedde49f22d1bdbef98ce0a0bdb99f3e4e4f,BTCUSDT|long|high_volume,1711873560000,1711942080000,2024-03-31T08:26:00+00:00,2024-04-01T03:28:00+00:00,70516.6,70650.7,0.0026000000000000003,183.34316000000004,36.66863200000001,5,69790.29999999999,70710.9,2.188677399999993,5.738769728365578,exchange_guard_proxy_touch,False,0.3486599999999773,0.146813992,-0.20399474547920002,0.07333726400000001,-0.002148737479222701,-0.11719758071273019,1,True
ETHUSDT,long,73e27748f39f0e130ab4213bb91b929de1a864f61d8ab249590848683c45f2cc,ETHUSDT|long|high_volume,1712153160000,1712168520000,2024-04-03T14:06:00+00:00,2024-04-03T18:22:00+00:00,3352.34,3288.23,0.03,100.5702,20.11404,5,3291.0299999999997,3291.0299999999997,2.0029868400000037,5.886016044117753,exchange_guard_proxy_touch,False,-1.9233000000000038,0.07968684,-0.00999234,0.04022808,-2.012979180000004,-200.15662492467987,1,True
ETHUSDT,long,331a9589147ca0e97f0b3d5b2a26acc61b705a0c1117dc9c3edb9dc45d68756c,ETHUSDT|long|confirmed_volume,1712191860000,1712197620000,2024-04-04T00:51:00+00:00,2024-04-04T02:27:00+00:00,3333.94,3287.23,0.04,133.3576,26.671519999999997,5,3290.0299999999997,3290.0299999999997,1.9743387200000015,1.6577192884729373,exchange_guard_proxy_touch,False,-1.8684000000000014,0.10593872000000001,0.0,0.05334304000000001,-1.9743387200000013,-148.04845918042926,1,True
BTCUSDT,long,9e93709d5a3cfb83ce6ec673bb95a1684a478b37ce437c0775e20c11e8fd9a2f,BTCUSDT|long|high_volume,1712191860000,1712197980000,2024-04-04T00:51:00+00:00,2024-04-04T02:33:00+00:00,66381.6,65444.3,0.0022,146.03952,29.207904000000003,5,65500.0,65500.0,2.1780667920000067,2.2312595743248176,exchange_guard_proxy_touch,False,-2.0620600000000064,0.11600679200000004,0.0,0.058415808000000014,-2.1780667920000063,-149.1422864167183,1,True
ETHUSDT,long,701eca8d38a8ceab134fe9d4b35ab5b03a194dee5de7182f2f0d3dc3571b6d51,ETHUSDT|long|confirmed_volume,1712211060000,1712261400000,2024-04-04T06:11:00+00:00,2024-04-04T20:10:00+00:00,3309.6,3287.23,0.08,264.768,52.953599999999994,5,3290.0299999999997,3290.0299999999997,2.0006985599999916,1.9579339734178378,exchange_guard_proxy_touch,False,-1.7895999999999912,0.21109856000000002,-0.05352728000000001,0.1059072,-2.054225839999991,-77.58588046893851,1,True
BTCUSDT,long,c390acd829fe9569c4dad16ff4e397ad83cd39bc5fea1a443a6f96c536645440,BTCUSDT|long|high_volume,1712239860000,1712294100000,2024-04-04T14:11:00+00:00,2024-04-05T05:15:00+00:00,67678.40000000001,67362.7,0.0013000000000000002,87.98192000000002,17.596384000000004,5,66117.5,67420.09999999999,2.1717746440000076,2.5486202276163623,exchange_guard_proxy_touch,False,-0.4104100000000152,0.07022137200000002,-0.017695795000000004,0.03519276800000001,-0.4983271670000152,-56.63972404785155,1,True
ETHUSDT,long,d60f6820b1be98c551a9a4d13cc50e25547102feac16f0861ba2c664f87194ea,ETHUSDT|long|confirmed_volume,1712290260000,1712294100000,2024-04-05T04:11:00+00:00,2024-04-05T05:15:00+00:00,3320.7000000000003,3274.75,0.04,132.828,26.5656,5,3277.54,3277.54,1.943527200000011,1.643148892401165,exchange_guard_proxy_touch,False,-1.838000000000011,0.10552720000000003,0.0,0.0531312,-1.943527200000011,-146.31908934863213,1,True
ETHUSDT,long,3762af67f74431cb8ccb4a208e8121f8262a1058de7302bb22c75a41f03c800b,ETHUSDT|long|high_volume,1712466660000,1712511180000,2024-04-07T05:11:00+00:00,2024-04-07T17:33:00+00:00,3404.51,3374.87,0.03,102.1353,20.42706,5,3345.5,3377.75,1.9367659200000038,9.299641557211647,exchange_guard_proxy_touch,False,-0.8892000000000098,0.08135256,-0.02033508,0.04085412000000001,-0.9908876400000097,-97.01715665396878,1,True
BTCUSDT,long,15c6971961e28c1d41f0e9f2cb05764e0334334812b561a9f8b4fd6b30bef252,BTCUSDT|long|high_volume,1712324160000,1712519520000,2024-04-05T13:36:00+00:00,2024-04-07T19:52:00+00:00,67192.8,69139.3,0.0023,154.54344,30.908688,5,66388.29999999999,69198.2,2.103142632,2.402123571266186,exchange_guard_proxy_touch,False,4.4769499999999995,0.125425532,-0.11038656799999999,0.061817376,4.241137899999999,274.43014727768445,1,True
BTCUSDT,long,affdfb43dd61d2853012f9b4332089414c3c81669418c7f5fd01313234982516,BTCUSDT|long|high_volume,1712561760000,1712622360000,2024-04-08T07:36:00+00:00,2024-04-09T00:26:00+00:00,70590.0,71491.5,0.0012000000000000001,84.70800000000001,16.9416,5,68900.79999999999,71552.4,2.164287456000004,7.595911785431414,exchange_guard_proxy_touch,False,1.0818,0.06819912,-0.0568047397416,0.0338832,0.9567961402584,112.95227608471454,1,True
ETHUSDT,long,c0445378c1b1a6e5a71e174d2cb9e3096ea4e68b90e1097d2b3ea8d09057a27d,ETHUSDT|long|high_volume,1712521260000,1712644620000,2024-04-07T20:21:00+00:00,2024-04-09T06:37:00+00:00,3401.44,3664.17,0.07,238.10080000000002,47.620160000000006,5,3377.75,3667.29,2.0496366800000114,4.599118886513037,exchange_guard_proxy_touch,False,18.3911,0.19783708000000005,-0.193923944032,0.09524032,17.999338975968,755.9545778917164,1,True
BTCUSDT,long,5001c8a6400adf057cbfd5224b3ac64cc3974fb8a559ffa0893404f416b60ccb,BTCUSDT|long|high_volume,1712726160000,1712752260000,2024-04-10T05:16:00+00:00,2024-04-10T12:31:00+00:00,69436.40000000001,68455.6,0.0022,152.76008000000002,30.552016000000002,5,68513.9,68513.9,2.2791049600000064,2.1738372192819337,exchange_guard_proxy_touch,False,-2.1577600000000063,0.12134496000000002,-0.019014305006400004,0.061104032000000016,-2.2981192650064064,-150.4397788353087,1,True
ETHUSDT,long,ad096be86a1ccf4987cf7cd2d19e1407c98ef66d8a36c616d07db8ed6a1c86ac,ETHUSDT|long|confirmed_volume,1712726160000,1712752560000,2024-04-10T05:16:00+00:00,2024-04-10T12:36:00+00:00,3535.79,3464.6,0.03,106.07369999999999,21.21474,5,3467.5499999999997,3467.5499999999997,2.2197046800000018,1.5574419936896042,exchange_guard_proxy_touch,False,-2.1357000000000017,0.08400468,-0.016310528388,0.042429480000000006,-2.2360152083880016,-210.7982665248786,1,True
BTCUSDT,long,c81e3aae2568af297383a45baad85d8d837a95f7e9aabfced6664d352b6686e3,BTCUSDT|long|high_volume,1712819460000,1712833260000,2024-04-11T07:11:00+00:00,2024-04-11T11:01:00+00:00,71028.0,70361.0,0.0031000000000000003,220.18680000000003,44.03736000000001,5,70420.9,70420.9,2.2430223600000003,4.270244324496194,exchange_guard_proxy_touch,False,-2.0677000000000003,0.17532236000000004,-0.04422499470130001,0.08807472000000001,-2.2872473547013,-103.87758733499464,1,True
ETHUSDT,long,d3266086dc3985b3dcaecb9bd4b4ad3dfe0bc3ad833b25905443231c5ba861b3,ETHUSDT|long|high_volume,1712817960000,1712836620000,2024-04-11T06:46:00+00:00,2024-04-11T11:57:00+00:00,3585.46,3522.96,0.03,107.5638,21.51276,5,3525.9599999999996,3525.9599999999996,1.9603010399999998,3.7958731728581445,exchange_guard_proxy_touch,False,-1.875,0.08530104000000001,-0.016653917358000002,0.043025520000000005,-1.976954957358,-183.79370730282864,1,True
ETHUSDT,long,aee71c747368c4717aa6061c47c412b6b6e9db0ba67b462f6375b1b495f79be3,ETHUSDT|long|high_volume,1712889060000,1712925420000,2024-04-12T02:31:00+00:00,2024-04-12T12:37:00+00:00,3532.58,3506.46,0.04,141.3032,28.260640000000002,5,3491.5899999999997,3509.45,1.8707392000000016,2.2820456892546956,exchange_guard_proxy_touch,False,-1.0447999999999957,0.11262464000000001,-0.014075160000000001,0.05652128000000001,-1.1714997999999957,-82.90681315072806,1,True
BTCUSDT,long,0fc4fc0d53b08f085fd6a23ea60b6fbd5e26875fb251e46dc1c79732ccf557a0,BTCUSDT|long|high_volume,1712887860000,1712925540000,2024-04-12T02:11:00+00:00,2024-04-12T12:39:00+00:00,70505.1,70492.8,0.0027,190.36377000000002,38.072754,5,69799.9,70552.79999999999,2.2158852480000157,4.130126161274011,exchange_guard_proxy_touch,False,-0.03321000000000786,0.15227773200000003,-0.049012231059,0.07614550800000001,-0.2344999630590079,-12.318518542630663,1,True
BTCUSDT,long,19b73a78cb3e56f3dd07a85e7990489cd42f13b0b615c16c29f23dd6fbd05819,BTCUSDT|long|confirmed_volume,1712980860000,1713027660000,2024-04-13T04:01:00+00:00,2024-04-13T17:01:00+00:00,67249.90000000001,67117.8,0.0013000000000000002,87.42487000000003,17.484974000000005,5,65754.5,67174.9,2.085823220000004,1.958013042342605,exchange_guard_proxy_touch,False,-0.1717300000000076,0.06987120400000002,-0.017569409,0.03496994800000001,-0.2591706130000076,-29.644952631900683,1,True
ETHUSDT,long,3e06b613dad91a5eae4f4bf9eda6c08b5f5f6007deac278ac9a30baf8d1055e8,ETHUSDT|long|high_volume,1712983560000,1713037920000,2024-04-13T04:46:00+00:00,2024-04-13T19:52:00+00:00,3251.1800000000003,3140.61,0.01,32.5118,6.50236,5,3143.29,3143.29,1.1312671600000017,2.272930141232477,exchange_guard_proxy_touch,False,-1.1057000000000017,0.025567160000000005,-0.0065316800000000015,0.01300472,-1.1377988400000016,-349.96488659502137,1,True
BTCUSDT,long,2f40d1d752d205d95fe36ee201a024b037ecacd52a6d391e85e182ee68d1d663,BTCUSDT|long|high_volume,1713099060000,1713104700000,2024-04-14T12:51:00+00:00,2024-04-14T14:25:00+00:00,64670.100000000006,63795.600000000006,0.0008,51.73608000000001,10.347216000000001,5,62139.200000000004,63849.9,2.1076020480000026,3.285490938743603,exchange_guard_proxy_touch,False,-0.6996,0.04110902400000001,0.0,0.020694432000000006,-0.740709024,-143.17068939123334,1,True
BTCUSDT,long,e9ba7970e75c1a32b4f8f8b63ace54bc5c798186dfbf42b5f68123825d83b879,BTCUSDT|long|confirmed_volume,1713112260000,1713114780000,2024-04-14T16:31:00+00:00,2024-04-14T17:13:00+00:00,64623.0,63795.600000000006,0.0025,161.5575,32.3115,5,63849.9,63849.9,2.1969185999999854,1.8755941034773205,exchange_guard_proxy_touch,False,-2.0684999999999856,0.1284186,0.0,0.064623,-2.1969185999999854,-135.98369620723182,1,True
BTCUSDT,long,6ca9fb000a396c973dbee14015c08528e7d8c727538df73e16007c637ac41b6a,BTCUSDT|long|confirmed_volume,1713160560000,1713192360000,2024-04-15T05:56:00+00:00,2024-04-15T14:46:00+00:00,65427.700000000004,64594.100000000006,0.0009000000000000001,58.88493000000001,11.776986000000003,5,63299.9,64649.1,2.0098525320000045,1.6399080357473952,exchange_guard_proxy_touch,False,-0.7502399999999988,0.04680784800000001,-0.0010484063919,0.023553972000000006,-0.7980962543918988,-135.5348905724943,1,True
BTCUSDT,long,bd864d082914349b76f5a64da40350243ac6e8f06b962ee5e5815dcd8ece034a,BTCUSDT|long|high_volume,1713301560000,1713337500000,2024-04-16T21:06:00+00:00,2024-04-17T07:05:00+00:00,63144.5,63578.8,0.0014,88.4023,17.68046,5,61679.9,63632.9,2.193812263999998,2.1698387215494823,exchange_guard_proxy_touch,False,0.6080200000000041,0.070965048,-0.0056910173250000005,0.03536092,0.5313639346750041,60.10747850169103,1,True
BTCUSDT,long,515510c91e7189e17b9d882dee70c34f07bd79266efc46cae49c23332e5bac1e,BTCUSDT|long|high_volume,1713429360000,1713489120000,2024-04-18T08:36:00+00:00,2024-04-19T01:12:00+00:00,61452.3,62215.3,0.0033,202.79259000000002,40.55851800000001,5,60899.9,62268.3,2.1552965279999903,3.197112240183605,exchange_guard_proxy_touch,False,2.5179,0.16324123200000001,0.0135158226258,0.081117036,2.3681745906258,116.77816189564913,1,True
BTCUSDT,long,642f157316f458af898ca0bd70527db733b0a37724b81074df65d44b55afe85e,BTCUSDT|long|high_volume,1713618360000,1713690900000,2024-04-20T13:06:00+00:00,2024-04-21T09:15:00+00:00,63999.4,64747.9,0.0025,159.9985,31.9997,5,63243.9,64803.0,2.1504394999999894,2.9536881439879714,exchange_guard_proxy_touch,False,1.87125,0.1287473,-0.008569623795,0.06399940000000001,1.7339330762050003,108.37183324874923,1,True
BTCUSDT,long,e876b06a0c3a99561adf04575cdd13e00673792adaceee386f63642283f39ec3,BTCUSDT|long|high_volume,1713697560000,1713707580000,2024-04-21T11:06:00+00:00,2024-04-21T13:53:00+00:00,65144.4,64747.9,0.0049,319.20756,63.841512,5,64803.0,64803.0,2.197438908,2.1767362751582726,exchange_guard_proxy_touch,False,-1.94285,0.254588908,0.0,0.127683024,-2.197438908,-68.84044062114319,1,True
BTCUSDT,long,34d786b38bd4ecb88aade92effea14bb5104d809da4fec274362a0ddf6ef05a8,BTCUSDT|long|high_volume,1713744660000,1713857760000,2024-04-22T00:11:00+00:00,2024-04-23T07:36:00+00:00,65106.9,66086.2,0.0024000000000000002,156.25656,31.251312000000002,5,64322.6,66142.5,2.137799808,2.687272754703318,exchange_guard_proxy_touch,False,2.3503199999999898,0.12594537600000003,-0.003392696894400001,0.062502624,2.2209819271055897,142.1368758601616,1,True
BTCUSDT,long,2918f6d8a303c181ab3c1ac1b33a96140ef2bb9bfbedba1a64c54adba588faf7,BTCUSDT|long|high_volume,1713917160000,1713963660000,2024-04-24T00:06:00+00:00,2024-04-24T13:01:00+00:00,66646.7,66115.6,0.0026000000000000003,173.28142000000003,34.65628400000001,5,65924.59999999999,66171.9,2.1611358079999925,5.865292889598429,exchange_guard_proxy_touch,False,-1.3808599999999775,0.13807279200000003,-0.0091794130428,0.069312568,-1.5281122050427776,-88.1867314477673,1,True
BTCUSDT,long,10e1037cb898c22b0ff5625626e0cb89db4e420393b0cc26b5e315fadf1bd373,BTCUSDT|long|high_volume,1714110960000,1714136040000,2024-04-26T05:56:00+00:00,2024-04-26T12:54:00+00:00,64570.8,63938.100000000006,0.0026000000000000003,167.88408000000004,33.57681600000001,5,63843.9,63992.5,2.1646148159999927,4.379425876792638,exchange_guard_proxy_touch,False,-1.6450199999999926,0.13364925600000002,-0.001144055627,0.06715363200000002,-1.7798133116269925,-106.01441849798934,1,True
BTCUSDT,long,21e735f6e11613a63003e17136a668499247e778cfaa56810db3c9dc391cece3,BTCUSDT|long|confirmed_volume,1714140960000,1714142340000,2024-04-26T14:16:00+00:00,2024-04-26T14:39:00+00:00,64662.9,63938.100000000006,0.0028,181.05612,36.211224,5,63992.5,63992.5,2.1734731199999877,1.9693505889244198,exchange_guard_proxy_touch,False,-2.0294399999999877,0.14403312000000001,0.0,0.07242244800000001,-2.1734731199999877,-120.04416752109721,1,True
BTCUSDT,long,e25c65183b0bd736605cf01eef54c35184a4cf53b56b351699bc5473fb16b397,BTCUSDT|long|high_volume,1714219860000,1714235340000,2024-04-27T12:11:00+00:00,2024-04-27T16:29:00+00:00,63101.3,62707.200000000004,0.0049,309.19637,61.839274,5,62760.6,62760.6,2.1776746599999925,5.601796229108428,exchange_guard_proxy_touch,False,-1.9310899999999929,0.24658465999999998,-0.0087386013078,0.12367854800000001,-2.186413261307793,-70.71277264050005,1,True
BTCUSDT,long,d3ccb09db60f007fd0a420e9e659c19e3de5b4c8e65d489c00e15c9716ada938,BTCUSDT|long|confirmed_volume,1714262160000,1714342380000,2024-04-27T23:56:00+00:00,2024-04-28T22:13:00+00:00,63544.3,63369.600000000006,0.0022,139.79746,27.959492,5,62700.1,63423.6,2.0855481680000003,1.8203342279593606,exchange_guard_proxy_touch,False,-0.38433999999999363,0.11168423200000002,-0.0023659049304000004,0.05591898400000001,-0.4983901369303937,-35.65087212102378,1,True
BTCUSDT,long,8230bce15c3b6ebad4d877817bc960b3ce564e1ea58c3849f13bed8aa9fb37dc,BTCUSDT|long|high_volume,1714438260000,1714455420000,2024-04-30T00:51:00+00:00,2024-04-30T05:37:00+00:00,64371.9,63022.100000000006,0.001,64.3719,12.874379999999999,5,62511.0,63075.8,1.9648318799999986,8.000305536931005,exchange_guard_proxy_touch,False,-1.3497999999999957,0.0509576,0.0,0.025748760000000002,-1.4007575999999957,-217.60389238161304,1,True
BTCUSDT,long,1b24606030e206a0ba198a0469cae821470cfaf8b88d958de2975270a2a3531f,BTCUSDT|long|high_volume,1714598760000,1714608060000,2024-05-01T21:26:00+00:00,2024-05-02T00:01:00+00:00,58015.200000000004,58250.4,0.0014,81.22128000000001,16.244256,5,56599.9,56728.9,2.1130574639999997,2.386553442346831,completed_MTF_D_BIAS_REVERSED,False,0.3292799999999959,0.065108736,-0.0054153859452,0.032488512000000004,0.2587558780547959,31.858138415793974,1,False
BTCUSDT,long,ecdf3a369e8e5d2dd805a41f5d2840da5795d3bc3c52b148216f17955640f6db,BTCUSDT|long|high_volume,1715818260000,1715837220000,2024-05-16T00:11:00+00:00,2024-05-16T05:27:00+00:00,66654.6,65679.90000000001,0.00030000000000000003,19.996380000000002,3.9992760000000005,5,61316.0,65735.79999999999,1.6325902080000012,3.571568709764689,exchange_guard_proxy_touch,False,-0.29240999999999917,0.015880140000000004,0.0,0.007998552000000003,-0.30829013999999916,-154.1729753085304,1,True
BTCUSDT,long,1cd420b44c6de659f3a78b9e09cfe221600592b891bcb59c7f38f0452a3101c6,BTCUSDT|long|confirmed_volume,1715843160000,1715869440000,2024-05-16T07:06:00+00:00,2024-05-16T14:24:00+00:00,66076.2,65679.90000000001,0.0047,310.55814,62.111627999999996,5,65735.79999999999,65735.79999999999,2.1103114679999453,1.6371145271652892,exchange_guard_proxy_touch,False,-1.8626099999999453,0.24770146800000004,-0.0159932916,0.124223256,-2.1263047595999454,-68.46720422784428,1,True
BTCUSDT,long,c77bde7f1ee055ff0fe6c23384a69c8fdab720c79f3550b605c17a4460053806,BTCUSDT|long|high_volume,1715925660000,1716043440000,2024-05-17T06:01:00+00:00,2024-05-18T14:44:00+00:00,65699.8,66643.3,0.0028,183.95944,36.791888,5,65061.1,66700.0,2.089870159999996,2.0793088933356647,exchange_guard_proxy_touch,False,2.6418,0.14822427200000002,-0.017129210462,0.07358377600000002,2.4764465175379997,134.6191593939403,1,True
BTCUSDT,long,b7652f1812a6f7066a685c31e8d9a092aee310bd48da9226585cd6ac88bd0d14,BTCUSDT|long|high_volume,1716114360000,1716121200000,2024-05-19T10:26:00+00:00,2024-05-19T12:20:00+00:00,67327.2,66838.0,0.0039000000000000003,262.57608,52.515215999999995,5,66894.9,66894.9,2.1171777119999886,2.6331251835410105,exchange_guard_proxy_touch,False,-1.9078799999999887,0.20929771200000005,0.0,0.105030432,-2.1171777119999886,-80.63101985527352,1,True
BTCUSDT,long,65fe04db423adab1a22f877b006753905f3501ca34a87ac5f687d41781426d76,BTCUSDT|long|high_volume,1716179760000,1716297360000,2024-05-20T04:36:00+00:00,2024-05-21T13:16:00+00:00,66972.0,70839.8,0.0019,127.2468,25.44936,5,66009.9,70900.09999999999,2.035793532000006,6.680025891476419,exchange_guard_proxy_touch,False,7.348820000000005,0.104736968,-0.0341643882886,0.05089872,7.209918643711405,566.6090340748377,1,True
ETHUSDT,long,af58373a3e9670af56ee4f62949f5b37739c59f7030516286ed67ec25a072224,ETHUSDT|long|high_volume,1716285060000,1716378720000,2024-05-21T09:51:00+00:00,2024-05-22T11:52:00+00:00,3691.9300000000003,3719.4,0.03,110.7579,22.151580000000003,5,3627.99,3722.5699999999997,2.098701960000006,3.13046764892571,exchange_guard_proxy_touch,False,0.824099999999994,0.08893596000000001,-0.042588059856000005,0.04430316,0.6925759801439939,62.53061679067533,1,True
BTCUSDT,long,c4a3a32348fe8d9f68a014b9b3f316a2ebc8fc8e35b66f0533df2e9dcf687c81,BTCUSDT|long|high_volume,1716366960000,1716402060000,2024-05-22T08:36:00+00:00,2024-05-22T18:21:00+00:00,70220.7,69407.5,0.002,140.4414,28.088279999999997,5,69241.9,69466.59999999999,2.1869229599999946,4.978525375480637,exchange_guard_proxy_touch,False,-1.6263999999999943,0.11170256000000002,-0.014097140000000001,0.05617656,-1.7521996999999945,-124.76375911946154,1,True
ETHUSDT,long,aa03b78140434b15fc9f8b9fc0365c208347026e54cea02836045f2f13a19759,ETHUSDT|long|confirmed_volume,1716414960000,1716472200000,2024-05-22T21:56:00+00:00,2024-05-23T13:50:00+00:00,3785.75,3757.9500000000003,0.02,75.715,15.143,5,3701.97,3761.1499999999996,1.7984765599999966,1.819529536466961,exchange_guard_proxy_touch,False,-0.5559999999999946,0.06034960000000001,-0.015112080000000003,0.030286,-0.6314616799999946,-83.39981245459876,1,True
ETHUSDT,long,a457d51fa89a7c4cf430b2f24ecb29753e85e9165925a6052d0d3ea8b88acc71,ETHUSDT|long|high_volume,1716581460000,1716638520000,2024-05-24T20:11:00+00:00,2024-05-25T12:02:00+00:00,3754.5,3734.61,0.02,75.09,15.018,5,3655.33,3737.79,2.104853759999995,2.1729779273780316,exchange_guard_proxy_touch,False,-0.3977999999999975,0.05991288000000001,-0.014955040000000003,0.030036,-0.47266791999999747,-62.94685310960147,1,True
BTCUSDT,long,ef96a2688cbaadf7cc3a9ae82442aa4d53d12e267599921925e431c3664db809,BTCUSDT|long|high_volume,1716561060000,1716690000000,2024-05-24T14:31:00+00:00,2024-05-26T02:20:00+00:00,67922.3,69002.6,0.0015,101.88345000000001,20.376690000000004,5,66638.9,69061.4,2.0908527000000086,7.774855222659831,exchange_guard_proxy_touch,False,1.6204500000000044,0.08215494000000002,-0.05159443500000001,0.040753380000000006,1.4867006250000043,145.92170023688874,1,True
ETHUSDT,long,708c78b8e5558400c44721519afb9b66c93cd8574c4a70b410e3f291b65c364c,ETHUSDT|long|high_volume,1716707160000,1716806700000,2024-05-26T07:06:00+00:00,2024-05-27T10:45:00+00:00,3769.1,3887.7000000000003,0.05,188.455,37.691,5,3732.0499999999997,3891.0099999999998,2.161459400000001,2.2639789738907585,exchange_guard_proxy_touch,False,5.930000000000018,0.15313600000000002,-0.07682545,0.075382,5.700038550000018,302.4615186649342,1,True
BTCUSDT,long,971f180330153f0b2bb42f0a8548b90ce66ee417462f10a0707b95fc06bbccb3,BTCUSDT|long|high_volume,1716815460000,1716860700000,2024-05-27T13:11:00+00:00,2024-05-28T01:45:00+00:00,68851.40000000001,69041.1,0.0035,240.97990000000004,48.195980000000006,5,68327.2,69099.9,2.2300187000000102,2.352641097238096,exchange_guard_proxy_touch,False,0.6639499999999898,0.1930495,-0.04895901500000001,0.09639196000000003,0.42194148499998985,17.5094057637168,1,True
ETHUSDT,long,01833e71b8fa921ad9369cb441cbd77900fc271e74154a44f39121d8d2121c66,ETHUSDT|long|high_volume,1716956460000,1716967560000,2024-05-29T04:21:00+00:00,2024-05-29T07:26:00+00:00,3877.54,3834.0,0.04,155.1016,31.020319999999998,5,3837.27,3837.27,1.8649846399999985,5.98813077453896,exchange_guard_proxy_touch,False,-1.7415999999999985,0.12338464,0.0,0.06204064,-1.8649846399999985,-120.24277247945852,1,True
BTCUSDT,long,2d78fe09dba386f7771a3cde7099fb2fa0c610927f020260a5b594fdc2e3da35,BTCUSDT|long|high_volume,1717033860000,1717056420000,2024-05-30T01:51:00+00:00,2024-05-30T08:07:00+00:00,67900.2,67444.2,0.003,203.7006,40.740120000000005,5,67272.9,67501.59999999999,2.2156390800000003,2.7235641245101134,exchange_guard_proxy_touch,False,-1.368,0.16241328,-0.02028837,0.08148024000000001,-1.5507016500000002,-76.1265136185166,1,True
BTCUSDT,long,ea6e904b5ea97190758bf91049e36840ba24f4e47b0ef01e6f8825f35dd13039,BTCUSDT|long|high_volume,1717065660000,1717147080000,2024-05-30T10:41:00+00:00,2024-05-31T09:18:00+00:00,67946.5,68010.8,0.0039000000000000003,264.99135,52.998270000000005,5,67501.59999999999,68068.7,2.1701794920000115,2.9483267772646937,exchange_guard_proxy_touch,False,0.2507700000000114,0.21209338800000002,-0.09832963058100003,0.10599654000000001,-0.059653018580988676,-2.2511307852497326,1,True
BTCUSDT,long,57705ba15c16498dc2d8a376ad5d022cc3547754c83fab6a6792c0f96810a307,BTCUSDT|long|high_volume,1717153260000,1717163880000,2024-05-31T11:01:00+00:00,2024-05-31T13:58:00+00:00,68423.5,68010.8,0.0047,321.59045000000003,64.31809000000001,5,68068.7,68068.7,2.1961864839999863,2.025581996372311,exchange_guard_proxy_touch,False,-1.9396899999999864,0.25649648399999997,0.0,0.12863618000000002,-2.1961864839999863,-68.29140865345927,1,True
ETHUSDT,long,f2123e330d4408a294945e41f1be56f538874ef70f53c6daf1f84b669e329bb7,ETHUSDT|long|confirmed_volume,1717211460000,1717313700000,2024-06-01T03:11:00+00:00,2024-06-02T07:35:00+00:00,3785.21,3795.35,0.04,151.4084,30.28168,5,3743.2799999999997,3798.58,1.9252047999999957,1.5944893745322248,exchange_guard_proxy_touch,False,0.4055999999999949,0.12128896,-0.061186032108,0.060563360000000004,0.2231250078919949,14.736633363274093,1,True
ETHUSDT,long,affcadaca0c0345e2517e00ad8ac0e225b1dd0b48cbf7bbf8d52e860fd3842e0,ETHUSDT|long|high_volume,1717390260000,1717425000000,2024-06-03T04:51:00+00:00,2024-06-03T14:30:00+00:00,3822.9,3803.59,0.03,114.687,22.9374,5,3762.99,3806.83,1.9842922800000036,2.9157383217957884,exchange_guard_proxy_touch,False,-0.5792999999999984,0.09151788,-0.018110238,0.0458748,-0.6889281179999984,-60.0702885244185,1,True
BTCUSDT,long,12269aeae7826d3f75b6a2c611f36bb5b96a1e7c0004a1832bfde4433b4f355c,BTCUSDT|long|high_volume,1717392060000,1717426500000,2024-06-03T05:21:00+00:00,2024-06-03T14:55:00+00:00,68737.3,68813.40000000001,0.0018000000000000002,123.72714000000002,24.745428000000004,5,67642.5,68872.0,2.172292056000005,3.547510848452288,exchange_guard_proxy_touch,False,0.13698000000001048,0.09903650400000003,-0.017542948500000002,0.049490856000000014,0.020400547500010455,1.6488336754579838,1,True
ETHUSDT,long,898279595c209fc1659ae91e77fcc006e76d4931382cd39db388aea9082bd504,ETHUSDT|long|high_volume,1717464960000,1717480680000,2024-06-04T01:36:00+00:00,2024-06-04T05:58:00+00:00,3777.26,3758.04,0.09,339.9534,67.99068,5,3761.24,3761.24,2.0010708000000226,3.288310188107438,exchange_guard_proxy_touch,False,-1.7298000000000229,0.2712708,0.0,0.13598136000000002,-2.001070800000023,-58.863091235446475,1,True
BTCUSDT,long,ae13ee29c3f9fd58a2d5f721f1bcfaa5641e20432bd3799c9ecfd236a15ce925,BTCUSDT|long|high_volume,1717488960000,1717491840000,2024-06-04T08:16:00+00:00,2024-06-04T09:04:00+00:00,69260.90000000001,68728.6,0.003,207.78270000000003,41.556540000000005,5,68658.9,68787.09999999999,2.146633680000026,3.334927327604586,exchange_guard_proxy_touch,False,-1.5969000000000089,0.16558740000000002,0.0,0.08311308000000002,-1.7624874000000088,-84.82358733426837,1,True
ETHUSDT,long,79dde0f6615a781ef28f46505cc11a7447c96253ad02f864a114d22a02928259,ETHUSDT|long|high_volume,1717548060000,1717563660000,2024-06-05T00:41:00+00:00,2024-06-05T05:01:00+00:00,3828.25,3796.77,0.03,114.8475,22.9695,5,3777.7599999999998,3800.0,1.7025334800000012,4.87216990578984,exchange_guard_proxy_touch,False,-0.9444000000000005,0.09150024000000001,0.0,0.045939,-1.0359002400000006,-90.19789198720048,1,True
BTCUSDT,long,3965bea48e631cf7e8e29156e20691fb4186a6fd0daa4dfd8f6de287729e5d78,BTCUSDT|long|confirmed_volume,1717538760000,1717580700000,2024-06-04T22:06:00+00:00,2024-06-05T09:45:00+00:00,70722.1,70812.0,0.0029000000000000002,205.09409000000002,41.018818,5,70117.7,70872.29999999999,2.089194916000017,1.7501223625901183,exchange_guard_proxy_touch,False,0.2607099999999831,0.16417955600000003,-0.05432498741200001,0.08203763600000002,0.04220545658798308,2.057858253642661,1,True
BTCUSDT,long,b8f38301fd978fe7be0ec50027cbd73096c2cfbc02e1dc6ca90ddc1b4801c76d,BTCUSDT|long|high_volume,1717600860000,1717630080000,2024-06-05T15:21:00+00:00,2024-06-05T23:28:00+00:00,71333.90000000001,70848.8,0.0037,263.93543000000005,52.78708600000001,5,70872.29999999999,70909.09999999999,2.1414059320000325,3.7723678182461833,exchange_guard_proxy_touch,False,-1.7948700000000217,0.21043039600000005,-0.0350506511224,0.10557417200000002,-2.0403510471224218,-77.30493201016708,1,True
ETHUSDT,long,a6f6e393ed5adf9d108f25d505762e110c6ab1aa3951922d41a54f61c135e0dc,ETHUSDT|long|high_volume,1717641360000,1717656240000,2024-06-06T02:36:00+00:00,2024-06-06T06:44:00+00:00,3882.23,3841.15,0.04,155.2892,31.05784,5,3844.4199999999996,3844.4199999999996,1.7667740799999971,6.7247579778315085,exchange_guard_proxy_touch,False,-1.643199999999997,0.12357408000000002,0.0,0.062115680000000006,-1.7667740799999971,-113.773145846588,1,True
BTCUSDT,long,db43ac8461736fe508cebce92bc56d8dd0e7aa80afa6187a7de3f9b08383d1b8,BTCUSDT|long|high_volume,1717761960000,1717763400000,2024-06-07T12:06:00+00:00,2024-06-07T12:30:00+00:00,71958.6,71024.40000000001,0.0021000000000000003,151.11306000000005,30.22261200000001,5,71084.9,71084.9,2.0819257199999943,14.316683553298155,exchange_guard_proxy_touch,False,-1.9618199999999941,0.12010572000000003,0.0,0.06044522400000001,-2.0819257199999943,-137.7727193136049,1,True
ETHUSDT,long,75983d32865db9684b2449f9ed0740b3eac5d5244592e37adb2073ea4c119867,ETHUSDT|long|high_volume,1717739460000,1717763400000,2024-06-07T05:51:00+00:00,2024-06-07T12:30:00+00:00,3830.25,3789.86,0.04,153.21,30.642000000000003,5,3793.0899999999997,3793.0899999999997,1.7375217599999948,2.364613884558692,exchange_guard_proxy_touch,False,-1.615599999999995,0.12192176000000002,-0.0202084156,0.061284000000000005,-1.757730175599995,-114.72685696756054,1,True
ETHUSDT,long,684b117ceb2a0836fe0e28cb266d52c8431f2021b9a4ad34eee9e6cf089810ef,ETHUSDT|long|high_volume,1717830960000,1717848240000,2024-06-08T07:16:00+00:00,2024-06-08T12:04:00+00:00,3696.39,3675.21,0.07,258.7473,51.74946,5,3674.99,3678.3399999999997,1.9234109999999822,5.592395878352251,exchange_guard_proxy_touch,False,-1.4825999999999886,0.20640480000000003,-0.025971820000000003,0.10349892000000001,-1.7149766199999887,-66.27998127903126,1,True
ETHUSDT,long,48c51eb084abbf381f3f5b91d485d5b7ab46bf6cdf9c8fad3705834276260d93,ETHUSDT|long|high_volume,1717950960000,1717980540000,2024-06-09T16:36:00+00:00,2024-06-10T00:49:00+00:00,3704.15,3691.84,0.07,259.2905,51.8581,5,3682.04,3694.99,1.9735256800000167,4.058604321420413,exchange_guard_proxy_touch,False,-0.8616999999999962,0.20708772000000003,-0.025953690000000005,0.10371620000000002,-1.0947414099999961,-42.22065251137223,1,True
BTCUSDT,long,32b1a9d933ecbebcffca86cc002e8d6d1672b803aa84eba8bc33856e38d6b0e3,BTCUSDT|long|high_volume,1718043360000,1718070720000,2024-06-10T18:16:00+00:00,2024-06-11T01:52:00+00:00,70167.5,69301.3,0.0019,133.31825,26.66365,5,69255.0,69360.29999999999,1.9515763359999887,3.5307037645902914,exchange_guard_proxy_touch,False,-1.6457799999999945,0.10599628800000001,-0.013216172000000002,0.0533273,-1.7649924599999944,-132.38941105212484,1,True
BTCUSDT,long,2d367af9d804b182bd70de574a247318763eacb6f51142f4cb7a1965aff5e3b4,BTCUSDT|long|confirmed_volume,1718167260000,1718249820000,2024-06-12T04:41:00+00:00,2024-06-13T03:37:00+00:00,67641.40000000001,67157.90000000001,0.0024000000000000002,162.33936000000003,32.46787200000001,5,66919.9,67215.09999999999,1.9972842240000213,1.5644578684353478,exchange_guard_proxy_touch,False,-1.1604,0.12940732800000004,-0.049309872000000005,0.06493574400000002,-1.3391172000000002,-82.488756885576,1,True
BTCUSDT,long,6e0ecce1818630c5769d79208abca2dca1e27c8594a8d5894cad5ae8287fb290,BTCUSDT|long|high_volume,1718276160000,1718288700000,2024-06-13T10:56:00+00:00,2024-06-13T14:25:00+00:00,67929.8,67242.6,0.0027,183.41046000000003,36.682092000000004,5,67299.9,67299.9,2.0014261919999923,3.6477408619766547,exchange_guard_proxy_touch,False,-1.8554399999999922,0.14598619200000004,0.0,0.07336418400000001,-2.0014261919999923,-109.12279441423308,1,True
BTCUSDT,long,b5ef41a67b4d86c5dff65ecf34ad59edbf3a085692daba7f72cc5cae8324858f,BTCUSDT|long|high_volume,1718464860000,1718471040000,2024-06-15T15:21:00+00:00,2024-06-15T17:04:00+00:00,66487.2,66101.1,0.0036000000000000003,239.35392000000002,47.870784,5,66054.09999999999,66157.4,1.9522585439999585,8.302484890769017,exchange_guard_proxy_touch,False,-1.3899599999999688,0.19092715200000002,-0.023872248000000006,0.09574156800000001,-1.6047593999999687,-67.04546138203914,1,True
BTCUSDT,long,49c3c341657238873c68dfce4a0a77d35a92a9df51d1b0e9fccf853675670c2e,BTCUSDT|long|high_volume,1718534760000,1718586960000,2024-06-16T10:46:00+00:00,2024-06-17T01:16:00+00:00,66571.0,66376.3,0.0029000000000000002,193.0559,38.611180000000004,5,66012.0,66432.79999999999,1.9378110879999917,13.572740570411597,exchange_guard_proxy_touch,False,-0.5646299999999916,0.154218868,-0.038669731,0.07722236000000002,-0.7575185989999916,-39.23830346547251,1,True
BTCUSDT,long,0a274ae50afd3d884760195d5f053aa7db1df298ceca37f905e41c94b0883757,BTCUSDT|long|high_volume,1718794560000,1718805780000,2024-06-19T10:56:00+00:00,2024-06-19T14:03:00+00:00,65365.600000000006,64900.5,0.0028,183.02368,36.604736,5,64777.0,64955.8,1.948058000000012,2.4587453959113366,exchange_guard_proxy_touch,False,-1.3022800000000163,0.145898032,0.0,0.07320947200000001,-1.4481780320000164,-79.12517287380606,1,True
BTCUSDT,long,2cb5ff561f557d9c4d7cc6135500bd9aae34f174e29a3b8f8359e712b3dc8ada,BTCUSDT|long|high_volume,1718860260000,1718892660000,2024-06-20T05:11:00+00:00,2024-06-20T14:11:00+00:00,65353.3,64711.600000000006,0.0028,182.98924,36.597848,5,64766.700000000004,64766.700000000004,1.942432687999992,3.1897358542313037,exchange_guard_proxy_touch,False,-1.796759999999992,0.14567268800000002,-0.010973024409200002,0.073195696,-1.953405712409192,-106.7497582048645,1,True
BTCUSDT,long,bc548d7e4ce0972bb1afce4138c8905f75d4c5738a4855f6d597b260d0d4a43d,BTCUSDT|long|high_volume,1719022260000,1719084720000,2024-06-22T02:11:00+00:00,2024-06-22T19:32:00+00:00,64339.600000000006,64167.3,0.0029000000000000002,186.58484000000004,37.31696800000001,5,63800.9,64221.9,1.868279992,2.5036865701815936,exchange_guard_proxy_touch,False,-0.4996700000000085,0.14906800400000003,-0.026396047660000005,0.07463393600000001,-0.6751340516600086,-36.18375703299413,1,True
BTCUSDT,short,1df45919fa4728f66c59dbe03b3909e272a523ff6d388b3c1d4c39b9a700de9d,BTCUSDT|short|high_volume,1719187260000,1719309180000,2024-06-24T00:01:00+00:00,2024-06-25T09:53:00+00:00,63185.9,61618.5,0.0017000000000000001,107.41603,21.483206000000003,5,64166.5,61566.1,1.8464767600000076,5.1781957095715,exchange_guard_proxy_touch,False,2.6645800000000026,0.084866992,0.032121658423,0.042966412,2.611834666423003,243.1512937522456,1,True
BTCUSDT,short,42188515ed9c927cdc854e9516929563276d329607258ae9ddee381173c02bb0,BTCUSDT|short|high_volume,1719375060000,1719409800000,2024-06-26T04:11:00+00:00,2024-06-26T13:50:00+00:00,61715.600000000006,61835.9,0.0036000000000000003,222.17616000000004,44.435232000000006,5,62141.5,61783.299999999996,1.9021103999999844,3.3822260507390367,exchange_guard_proxy_touch,False,-0.4330799999999843,0.17791416000000002,0.022213908000000004,0.08887046400000002,-0.5887802519999843,-26.500604385276272,1,True
BTCUSDT,short,c826fd7f3b00add001164152c54cac77426b32c120ef8e89740ee1bd41e8b8ea,BTCUSDT|short|high_volume,1719414960000,1719482220000,2024-06-26T15:16:00+00:00,2024-06-27T09:57:00+00:00,61212.700000000004,61380.200000000004,0.0028,171.39556000000002,34.279112000000005,5,61783.299999999996,61328.0,1.8827744319999917,3.985056381061178,exchange_guard_proxy_touch,False,-0.469,0.137304048,0.05126794400000001,0.06855822400000001,-0.5550361039999999,-32.383342018894766,1,True
BTCUSDT,short,fcaea2bcaea2b6179ebfbf06cdc4c081b32861f1c156b51225d761604cb6c5e2,BTCUSDT|short|high_volume,1719534660000,1719537840000,2024-06-28T00:31:00+00:00,2024-06-28T01:24:00+00:00,61465.9,62050.0,0.003,184.39770000000001,36.879540000000006,5,61997.299999999996,61997.299999999996,1.9005190799999956,5.622573016785285,exchange_guard_proxy_touch,False,-1.7522999999999957,0.14821908,0.0,0.07375908,-1.9005190799999958,-103.06631156462339,1,True
BTCUSDT,short,0323ff8f3155b7c56581cc6c142349eb0375bbc3a919414a123c728e462a9740,BTCUSDT|short|high_volume,1719602460000,1719645840000,2024-06-28T19:21:00+00:00,2024-06-29T07:24:00+00:00,60416.0,61075.0,0.0012000000000000001,72.4992,14.49984,5,61868.2,61023.1,1.8644816640000037,18.875426631048885,exchange_guard_proxy_touch,False,-0.7908000000000001,0.05831568000000001,0.007251576000000001,0.028999680000000003,-0.841864104,-116.12046808792373,1,True
BTCUSDT,short,be60148d1e94d9aa4453bb42fb602e4b8268bfd0a6fc643957e865bc3f474e4b,BTCUSDT|short|high_volume,1719902160000,1720108320000,2024-07-02T06:36:00+00:00,2024-07-04T15:52:00+00:00,62802.9,58137.5,0.0032,200.96928000000003,40.193856000000004,5,63284.1,58088.1,1.873460224,3.03460430982494,exchange_guard_proxy_touch,False,14.929280000000006,0.154803712,0.136366176,0.08038771200000001,14.910842464000005,741.9463543880937,1,True
BTCUSDT,short,120d49d95171d61e844fcb3ca6144694d8408aa28bda9c98d662d6003a9a476f,BTCUSDT|short|high_volume,1720240860000,1720273620000,2024-07-06T04:41:00+00:00,2024-07-06T13:47:00+00:00,56038.0,56898.5,0.0019,106.4722,21.29444,5,56975.1,56850.1,1.958566816000011,3.636604280434121,exchange_guard_proxy_touch,False,-1.63495,0.08583174,0.0080742799608,0.04258888,-1.7127074600391998,-160.85959152146756,1,True
ETHUSDT,short,16550b7f1f827c995c58eb6f048afda7a9ce3fbb357c5c9c5ee6cf70318dc1f8,ETHUSDT|short|high_volume,1720397460000,1720427100000,2024-07-08T00:11:00+00:00,2024-07-08T08:25:00+00:00,2931.02,3011.41,0.02,58.620400000000004,11.72408,5,3008.8500000000004,3008.8500000000004,1.6553394399999974,4.083065908306759,exchange_guard_proxy_touch,False,-1.6077999999999975,0.04753944000000001,0.00200303691,0.023448160000000003,-1.6533364030899975,-282.0411329656566,1,True
BTCUSDT,short,b34c4ecb0c51c31c1e4dccac51800b3434d165556fbbbc3ef6017d7f9bb44d6f,BTCUSDT|short|high_volume,1720349460000,1720428480000,2024-07-07T10:51:00+00:00,2024-07-08T08:48:00+00:00,57436.700000000004,57421.100000000006,0.0018000000000000002,103.38606000000001,20.677212000000004,5,58443.1,57372.299999999996,1.9844492399999973,2.8959732586625377,exchange_guard_proxy_touch,False,0.028079999999997385,0.08269761600000002,0.026431688876400003,0.04135442400000001,-0.028185927123602628,-2.7262792608212965,1,True
BTCUSDT,short,48b95d8faea8571c556ae2b594e2ca61857661c31f81dadbb51482550b8c94e0,BTCUSDT|short|high_volume,1720436460000,1720443060000,2024-07-08T11:01:00+00:00,2024-07-08T12:51:00+00:00,56720.100000000006,57421.100000000006,0.0027,153.14427000000003,30.628854000000008,5,57372.299999999996,57372.299999999996,2.0159724960000003,4.5829884396102525,exchange_guard_proxy_touch,False,-1.8927,0.12327249600000004,0.0,0.061257708000000015,-2.0159724960000003,-131.63878060863786,1,True
BTCUSDT,short,df084ac45a13828cc6bcb63747fc5472b211f2c7304f3713eeb3258bf0c9c1f9,BTCUSDT|short|high_volume,1720573260000,1720584000000,2024-07-10T01:01:00+00:00,2024-07-10T04:00:00+00:00,57449.0,58249.600000000006,0.0023,132.1327,26.42654,5,58200.1,58200.1,1.9478227120000133,4.751927299445518,exchange_guard_proxy_touch,False,-1.8413800000000133,0.106442712,0.0,0.052853080000000004,-1.9478227120000133,-147.4141307942707,1,True
ETHUSDT,short,cb7e10fccab48bbb8f69695ab4d7a0d10034440571cf8d9cb0718319af801f77,ETHUSDT|short|high_volume,1720547160000,1720584420000,2024-07-09T17:46:00+00:00,2024-07-10T04:07:00+00:00,3044.32,3100.65,0.03,91.3296,18.26592,5,3098.01,3098.01,1.7636396399999978,2.59827141331374,exchange_guard_proxy_touch,False,-1.6898999999999977,0.07373964000000001,0.00344450319,0.03653184,-1.760195136809998,-192.7299732846742,1,True
ETHUSDT,short,64cb287aaa0069d353375250f6f4549b892e1a3be394fea479b06bc76a8d8a5f,ETHUSDT|short|high_volume,1720657260000,1720662180000,2024-07-11T00:21:00+00:00,2024-07-11T01:43:00+00:00,3087.76,3113.63,0.06,185.2656,37.05312,5,3110.98,3110.98,1.7010333599999934,5.899412122688502,exchange_guard_proxy_touch,False,-1.5521999999999934,0.14883336000000003,0.0,0.07410624,-1.7010333599999934,-91.81593128999627,1,True
ETHUSDT,short,b1ecb7b2a396ee6b7be48f485237a81a3d75b97fad8eeebe168e18a4313383a3,ETHUSDT|short|high_volume,1720668060000,1720682280000,2024-07-11T03:21:00+00:00,2024-07-11T07:18:00+00:00,3056.79,3113.63,0.03,91.7037,18.34074,5,3110.98,3110.98,1.7792450400000042,9.152610604790997,exchange_guard_proxy_touch,False,-1.7052000000000043,0.07404504,0.0,0.03668148,-1.7792450400000042,-194.02107439503578,1,True
BTCUSDT,short,37f6c9f02fcb22bca7f662da4481c3cc47adfaf841d089d8809b531f3016d6b5,BTCUSDT|short|high_volume,1720736460000,1720786260000,2024-07-11T22:21:00+00:00,2024-07-12T12:11:00+00:00,57280.200000000004,57426.9,0.0024000000000000002,137.47248000000002,27.494496000000005,5,57969.7,57378.1,1.8838072319999897,2.6074438228420855,exchange_guard_proxy_touch,False,-0.35207999999999307,0.11011881600000001,0.012918182184000001,0.054988992000000014,-0.4492806338159931,-32.681496239537765,1,True
ETHUSDT,short,ab19b7cb447f25ae40f4f7b6e93b4db4cb0347fec6dfc959758a9695ee02528c,ETHUSDT|short|high_volume,1720740060000,1720790280000,2024-07-11T23:21:00+00:00,2024-07-12T13:18:00+00:00,3086.81,3100.15,0.02,61.736200000000004,12.347240000000001,5,3146.71,3097.51,1.3014895999999985,3.8068913113785596,exchange_guard_proxy_touch,False,-0.2668000000000029,0.04949568,0.0091013149,0.024694479999999998,-0.3071943651000029,-49.75919559350963,1,True
ETHUSDT,short,37f4bdd4d8aa31dcf0d0a35c02ab13b34bada2cbab16c9bbbefdf12d00c3b774,ETHUSDT|short|high_volume,1720843560000,1720849380000,2024-07-13T04:06:00+00:00,2024-07-13T05:43:00+00:00,3115.78,3141.59,0.06,186.9468,37.389359999999996,5,3138.92,3138.92,1.6987768799999967,2.630474962948052,exchange_guard_proxy_touch,False,-1.5485999999999966,0.15017688,0.0,0.07477872,-1.6987768799999967,-90.8695350762889,1,True
ETHUSDT,short,01766919bac33bea2515563ade156b449c428d2cfd206a93efe8f653d343d128,ETHUSDT|short|high_volume,1721167860000,1721178540000,2024-07-16T22:11:00+00:00,2024-07-17T01:09:00+00:00,3413.94,3485.91,0.02,68.2788,13.65576,5,3482.94,3482.94,1.4945987999999961,8.633389580517418,exchange_guard_proxy_touch,False,-1.439399999999996,0.055198800000000006,0.004010220032,0.027311520000000002,-1.490588579967996,-218.30913548099792,1,True
ETHUSDT,short,7b9c9c98cbf286e31dfc10eb9d5ececd40d0d48a95377a6ffa41769bf94d36a3,ETHUSDT|short|confirmed_volume,1721204160000,1721205060000,2024-07-17T08:16:00+00:00,2024-07-17T08:31:00+00:00,3469.71,3500.73,0.05,173.4855,34.6971,5,3497.75,3497.75,1.6904087999999993,1.682967691850776,exchange_guard_proxy_touch,False,-1.5509999999999993,0.13940880000000003,0.0,0.0693942,-1.6904087999999993,-97.4380452545025,1,True
ETHUSDT,short,878f2132a332feb457fde0d3cde2ee9d9e7e9da6e9a9e3bb360cfb76fcb098fe,ETHUSDT|short|high_volume,1721214360000,1721268060000,2024-07-17T11:06:00+00:00,2024-07-18T02:01:00+00:00,3470.14,3430.73,0.05,173.507,34.7014,5,3497.75,3427.8100000000004,1.6689174000000073,2.624568853490388,exchange_guard_proxy_touch,False,1.9704999999999928,0.1380174,0.027432703605000004,0.0694028,1.8599153036049927,107.19540442777483,1,True
ETHUSDT,short,ab2fed316d0db16753a99e05b5ca81b2edca0b204318796ce50d630cac4128a7,ETHUSDT|short|high_volume,1721376660000,1721397300000,2024-07-19T08:11:00+00:00,2024-07-19T13:55:00+00:00,3380.7000000000003,3438.84,0.03,101.421,20.284200000000002,5,3435.9100000000003,3435.9100000000003,1.8260344799999961,6.0434880675673055,exchange_guard_proxy_touch,False,-1.7441999999999962,0.08183448000000001,0.0,0.040568400000000004,-1.8260344799999961,-180.04500843020637,1,True
ETHUSDT,short,837a0fccfd8aa5186185672606cc80e957221f219eb2fcdcba8c1d030cde4062,ETHUSDT|short|confirmed_volume,1721537760000,1721571780000,2024-07-21T04:56:00+00:00,2024-07-21T14:23:00+00:00,3499.02,3509.89,0.05,174.95100000000002,34.9902,5,3527.9100000000003,3506.9,1.7350985999999935,1.9814560914153143,exchange_guard_proxy_touch,False,-0.5434999999999945,0.1401782,0.00265394694,0.0699804,-0.6810242530599946,-38.926571043320386,1,True
ETHUSDT,short,485f4a74d94efa9c0a410cd109be1e5617ec137ae8646bc69f833726a64932b7,ETHUSDT|short|high_volume,1721585460000,1721593260000,2024-07-21T18:11:00+00:00,2024-07-21T20:21:00+00:00,3411.1,3509.89,0.01,34.111,6.8222,5,3506.9,3506.9,1.0155839599999996,10.656914828163462,exchange_guard_proxy_touch,False,-0.9878999999999997,0.02768396,0.0,0.013644400000000001,-1.0155839599999996,-297.7291665445164,1,True
ETHUSDT,short,b4a158b1068b54f6d80e13e68e0a5f92ef13224156fba0c99edf326f209b99fc,ETHUSDT|short|high_volume,1721682660000,1721723280000,2024-07-22T21:11:00+00:00,2024-07-23T08:28:00+00:00,3468.05,3492.84,0.04,138.722,27.744400000000002,5,3505.8900000000003,3489.8700000000003,1.744830879999997,2.1211258539557063,exchange_guard_proxy_touch,False,-0.9915999999999986,0.11137424000000001,0.024529038912000003,0.055488800000000005,-1.0784452010879986,-77.74146862703813,1,True
ETHUSDT,short,ddafd6934e1c9d66895578cc6b6a88cdbecdb6e2d82a48c968aa2146c0f27de0,ETHUSDT|short|confirmed_volume,1721773560000,1721775480000,2024-07-23T22:26:00+00:00,2024-07-23T22:58:00+00:00,3454.69,3498.8,0.03,103.6407,20.72814,5,3495.82,3495.82,1.4067418800000038,1.5780798871551012,exchange_guard_proxy_touch,False,-1.3233000000000037,0.08344188,0.0,0.04145628,-1.4067418800000038,-135.73257224237233,1,True
ETHUSDT,short,3d3bea43db83a2365c9d04b9607c601d18065f9752192d62f22389cf09dccd84,ETHUSDT|short|high_volume,1721785560000,1721942640000,2024-07-24T01:46:00+00:00,2024-07-25T21:24:00+00:00,3447.04,3185.28,0.03,103.4112,20.68224,5,3495.82,3182.57,1.6361500800000066,2.6310732313908116,exchange_guard_proxy_touch,False,7.852799999999992,0.07958784,0.028708115375999994,0.04136448,7.801920275375992,754.4560236585585,1,True
BTCUSDT,long,5a39272f402033d66720dd6776142c19fbe3918b4ef60a040b0ddd059e715ffb,BTCUSDT|long|confirmed_volume,1721952660000,1722109260000,2024-07-26T00:11:00+00:00,2024-07-27T19:41:00+00:00,66029.7,67530.7,0.001,66.0297,13.205940000000002,5,64357.4,67588.2,1.7792329199999912,1.789964567044423,exchange_guard_proxy_touch,False,1.5010000000000001,0.05342416,-0.025112098975999995,0.026411880000000002,1.422463741024,215.42786670604286,1,True
ETHUSDT,short,6f884afa3dbaabdfa101e8ab5b2d630cd07781cc16f6efdfdb2bac0ef255c856,ETHUSDT|short|high_volume,1722125160000,1722191400000,2024-07-28T00:06:00+00:00,2024-07-28T18:30:00+00:00,3235.35,3281.32,0.03,97.06049999999999,19.4121,5,3293.96,3278.53,1.9206853200000091,6.405928191417509,exchange_guard_proxy_touch,False,-1.3791000000000075,0.07820004,0.0194826,0.0388242,-1.4378174400000077,-148.1362078291383,1,True
BTCUSDT,long,a2bfd02224325ac0aa815006cd3ce27ee0ec53bef212476f0a1d6dc819486779,BTCUSDT|long|high_volume,1722191460000,1722260640000,2024-07-28T18:31:00+00:00,2024-07-29T13:44:00+00:00,68281.3,69285.90000000001,0.0022,150.21886,30.043772,5,67527.29999999999,69344.9,1.9045410559999874,2.833351187652293,exchange_guard_proxy_touch,False,2.2101200000000127,0.12105913600000003,-0.021146561414000002,0.06008754400000001,2.0679143025860127,137.66009824505474,1,True
ETHUSDT,short,7cd34dddb8a135ac1d7cb89e41db242c406232af197bb426074e7785ff984358,ETHUSDT|short|confirmed_volume,1722306360000,1722323640000,2024-07-30T02:26:00+00:00,2024-07-30T07:14:00+00:00,3289.4,3339.8,0.02,65.788,13.157599999999999,5,3351.7200000000003,3336.96,1.3565517600000017,1.6042546487260556,exchange_guard_proxy_touch,False,-1.0080000000000018,0.05303360000000001,0.0,0.0263152,-1.0610336000000018,-161.2807198881258,1,True
BTCUSDT,long,5044cd8bb3951e3b519a5a87492a4361e292fca6fd83b8c0a9b75f5f44a5143e,BTCUSDT|long|high_volume,1722405960000,1722453840000,2024-07-31T06:06:00+00:00,2024-07-31T19:24:00+00:00,66314.5,65883.5,0.0032,212.2064,42.44128,5,65825.79999999999,65939.59999999999,1.9121079039999906,4.956332312927038,exchange_guard_proxy_touch,False,-1.3792,0.16921344000000002,-0.023328950195199996,0.08488256000000001,-1.5717423901952001,-74.06668178693951,1,True
ETHUSDT,short,d01b821fc6eaedb3ab86791a60d9f73d9398d7dfe3f9a5d2b8e96894313e60ae,ETHUSDT|short|high_volume,1722472260000,1722514200000,2024-08-01T00:31:00+00:00,2024-08-01T12:10:00+00:00,3218.04,3195.58,0.01,32.1804,6.43608,5,3329.38,3192.86,1.1679010000000007,4.414170568062559,exchange_guard_proxy_touch,False,0.22460000000000035,0.02565448,0.0018906635549999998,0.012872160000000002,0.20083618355500035,62.40947395153583,1,True
ETHUSDT,short,f7a857d0e5599bd4dd6366c118ec86b4657c6101ed09011db26cbacf4d2d1646,ETHUSDT|short|confirmed_volume,1722521460000,1722550380000,2024-08-01T14:11:00+00:00,2024-08-01T22:13:00+00:00,3170.64,3195.58,0.06,190.23839999999998,38.04768,5,3192.86,3192.86,1.6491892800000032,1.817087056651878,exchange_guard_proxy_touch,False,-1.4964000000000033,0.15278927999999997,0.01869408,0.07609536,-1.6304952000000033,-85.70799586203434,1,True
BTCUSDT,long,b2deb554d70937c06268eef39455381f7c5028f0ab3018d473e7519064202d3f,BTCUSDT|long|high_volume,1722581760000,1722610200000,2024-08-02T06:56:00+00:00,2024-08-02T14:50:00+00:00,64540.0,63745.600000000006,0.0018000000000000002,116.17200000000001,23.2344,5,63630.5,63799.9,1.8267238079999977,2.1178992063761326,exchange_guard_proxy_touch,False,-1.4299199999999896,0.09236563200000002,-0.01154628,0.04646880000000001,-1.5338319119999895,-132.03111868608525,1,True
ETHUSDT,short,a063c66be411d785350369e3b33996ec6816ec2dd86c3577e156f86d7f49a555,ETHUSDT|short|high_volume,1722646560000,1722665400000,2024-08-03T00:56:00+00:00,2024-08-03T06:10:00+00:00,2945.9700000000003,2984.76,0.01,29.4597,5.89194,5,3041.75,2982.2200000000003,1.007661239999999,6.111904862734275,exchange_guard_proxy_touch,False,-0.38789999999999963,0.023722920000000005,0.0,0.011783880000000002,-0.4116229199999996,-139.72407050988286,1,True
BTCUSDT,long,335ae2d6134e65c6fe81c88e7b18c382148b860cd1cebde80b52f862ec83e4c9,BTCUSDT|long|high_volume,1722687960000,1722699240000,2024-08-03T12:26:00+00:00,2024-08-03T15:34:00+00:00,62113.3,61367.8,0.0023,142.86059,28.572118,5,61420.1,61420.1,1.828252612,4.703090365163299,exchange_guard_proxy_touch,False,-1.71465,0.11360261200000002,0.0,0.057144236,-1.828252612,-127.97459481302715,1,True
ETHUSDT,short,df83a6e2054368291054b3c1b44fbd0ff34db1c712b220b21f08fb3b117e6e8f,ETHUSDT|short|high_volume,1722735360000,1722738660000,2024-08-04T01:36:00+00:00,2024-08-04T02:31:00+00:00,2882.54,2923.92,0.04,115.30160000000001,23.06032,5,2921.4300000000003,2921.4300000000003,1.7481033600000044,3.458447805783645,exchange_guard_proxy_touch,False,-1.6552000000000044,0.09290336,0.0,0.046120640000000004,-1.7481033600000044,-151.6113705273825,1,True
BTCUSDT,long,aa4e6d8869732d7cbb634242244f182cc881ad068f747ca9eb30271111529cfd,BTCUSDT|long|high_volume,1722768960000,1722781920000,2024-08-04T10:56:00+00:00,2024-08-04T14:32:00+00:00,60854.9,60239.5,0.0027,164.30823,32.861646,5,60290.8,60290.8,1.792361952000004,2.9108902565864874,exchange_guard_proxy_touch,False,-1.661580000000004,0.130781952,0.0,0.065723292,-1.792361952000004,-109.0853423471243,1,True
ETHUSDT,short,ad3e880746fb20b9894d057f45f2c4caa13db0ac71eb86f3823f04ea2c1d2ce9,ETHUSDT|short|confirmed_volume,1722815460000,1722866400000,2024-08-04T23:51:00+00:00,2024-08-05T14:00:00+00:00,2690.01,2369.56,0.02,53.800200000000004,10.76004,5,2771.3500000000004,2367.5400000000004,1.7177097599999964,1.5364948525029545,exchange_guard_proxy_touch,False,6.409000000000006,0.04047656,-0.0011296320720000001,0.021520080000000004,6.367393807928006,1183.5260478451762,1,True
ETHUSDT,short,ac109b6e395b25401517dcbb47e2ae345bd633ac1bd758df27e1203cba26e19a,ETHUSDT|short|high_volume,1722948660000,1722953700000,2024-08-06T12:51:00+00:00,2024-08-06T14:15:00+00:00,2434.8,2536.11,0.01,24.348000000000003,4.8696,5,2533.9500000000003,2533.9500000000003,1.0329836399999994,2.849813054667536,exchange_guard_proxy_touch,False,-1.0130999999999994,0.01988364,0.0,0.009739200000000002,-1.0329836399999994,-424.2581074420894,1,True
ETHUSDT,short,43c4084ff11bbed88c9b59f759d4407b6fae86e07a44e88b2b637f11a02c7ce2,ETHUSDT|short|confirmed_volume,1723077060000,1723079520000,2024-08-08T00:31:00+00:00,2024-08-08T01:12:00+00:00,2331.81,2370.9500000000003,0.04,93.2724,18.65448,5,2368.9300000000003,2368.9300000000003,1.6408441600000132,1.7815980228452581,exchange_guard_proxy_touch,False,-1.5656000000000132,0.07524416,0.0,0.03730896,-1.6408441600000132,-175.91958178410903,1,True
ETHUSDT,short,c18a7188f35c245f9f50b640ae10386baf0097149d733d62114823aa1c458de1,ETHUSDT|short|high_volume,1723199160000,1723240860000,2024-08-09T10:26:00+00:00,2024-08-09T22:01:00+00:00,2627.19,2610.7200000000003,0.02,52.543800000000005,10.50876,5,2708.8100000000004,2608.5,1.7213064799999966,16.68476276232898,exchange_guard_proxy_touch,False,0.32939999999999603,0.04190328,-0.001408065898,0.021017520000000005,0.286088654101996,54.447652073507435,1,True
ETHUSDT,short,4b00cf499a737e69df60765c9e94f0175fac0a055ca6113940f8d9078ba2f40b,ETHUSDT|short|high_volume,1723298460000,1723335060000,2024-08-10T14:01:00+00:00,2024-08-11T00:11:00+00:00,2606.85,2619.23,0.04,104.274,20.8548,5,2642.03,2617.0,1.5812180800000115,3.869810290822626,exchange_guard_proxy_touch,False,-0.49520000000000436,0.08361728000000002,0.0007572046320000003,0.0417096,-0.5780600753680044,-55.436645315994824,1,True
ETHUSDT,short,3e7f9f41b45c9e19407802f3ed1885517a68d99d866fedabdcdd3fcb8d4f999b,ETHUSDT|short|high_volume,1723422660000,1723460520000,2024-08-12T00:31:00+00:00,2024-08-12T11:02:00+00:00,2541.91,2647.26,0.01,25.4191,5.08382,5,2645.01,2645.01,1.0742566800000037,2.5252158539327256,exchange_guard_proxy_touch,False,-1.0535000000000037,0.020756680000000003,0.001736040578,0.01016764,-1.0725206394220037,-421.9349384604505,1,True
ETHUSDT,short,ec41d6a6cd5ce4b4912d1f3acf82b20dc7d3e1065555b9e539eb658f94870bd4,ETHUSDT|short|high_volume,1723471260000,1723471800000,2024-08-12T14:01:00+00:00,2024-08-12T14:10:00+00:00,2604.08,2647.26,0.04,104.1632,20.83264,5,2645.01,2645.01,1.8112214400000115,4.363771684464391,exchange_guard_proxy_touch,False,-1.7272000000000116,0.08402144,0.0,0.041665280000000006,-1.8112214400000117,-173.883045067741,1,True
ETHUSDT,short,cd1f98c2df31f0a865ec6ae2bbe31a9d029469bb4c449c80078524c12234070c,ETHUSDT|short|high_volume,1723530060000,1723565820000,2024-08-13T06:21:00+00:00,2024-08-13T16:17:00+00:00,2642.4700000000003,2675.9900000000002,0.02,52.8494,10.569880000000001,5,2720.7900000000004,2673.71,1.6557246399999974,2.710723653589846,exchange_guard_proxy_touch,False,-0.6703999999999997,0.04254768000000001,-0.005598267208,0.021139760000000004,-0.7185459472079997,-135.96104160274282,1,True
ETHUSDT,short,c4a9f87a299496e85c7f5122459a0b4d5f53f78d8eb2018d15031c1f74b75664,ETHUSDT|short|high_volume,1723681260000,1723725420000,2024-08-15T00:21:00+00:00,2024-08-15T12:37:00+00:00,2656.4900000000002,2657.83,0.06,159.3894,31.877879999999998,5,2678.8,2655.57,1.6035016799999813,2.408720770435964,exchange_guard_proxy_touch,False,-0.08039999999998144,0.12754368,0.01219351695,0.06375576000000001,-0.1957501630499814,-12.281253524386278,1,True
ETHUSDT,short,2e1653a5e001072849f6f220494fb96bb63e9e3818a81a78c34f6a0fc8cc9f32,ETHUSDT|short|high_volume,1723771260000,1723775460000,2024-08-16T01:21:00+00:00,2024-08-16T02:31:00+00:00,2553.81,2590.64,0.04,102.1524,20.43048,5,2588.4300000000003,2588.4300000000003,1.555511199999997,3.5003589118975884,exchange_guard_proxy_touch,False,-1.4731999999999972,0.08231120000000001,0.0,0.04086096,-1.555511199999997,-152.2735833910899,1,True
ETHUSDT,short,037501d8a5d22c345e7c39826197b96c28fce0ae8ea5095f9153faec48c08611,ETHUSDT|short|high_volume,1724044560000,1724088720000,2024-08-19T05:16:00+00:00,2024-08-19T17:32:00+00:00,2622.89,2605.23,0.03,78.68669999999999,15.737339999999998,5,2669.53,2603.01,1.5308362800000093,2.001671800461048,exchange_guard_proxy_touch,False,0.5297999999999956,0.06273744,-0.000512355507,0.03147468,0.46655020449299556,59.29212999058235,1,True
ETHUSDT,short,0168195024ed532d650f3d74187661bee45550b6357c4e4775a0e107d7c29ad3,ETHUSDT|short|confirmed_volume,1724196660000,1724220720000,2024-08-20T23:31:00+00:00,2024-08-21T06:12:00+00:00,2573.91,2599.15,0.04,102.9564,20.59128,5,2608.7900000000004,2596.94,1.5669587200000146,1.7615318127621475,exchange_guard_proxy_touch,False,-1.0096000000000094,0.08276895999999999,0.0013680433200000002,0.04118256,-1.0910009166800092,-105.9672751455965,1,True
BTCUSDT,long,be1e14ef6e44570152296ada84e52e608ece205e6b2052519602a1b39f678b01,BTCUSDT|long|high_volume,1724490060000,1724514000000,2024-08-24T09:01:00+00:00,2024-08-24T15:40:00+00:00,64455.9,63782.200000000004,0.0018000000000000002,116.02062000000001,23.204124,5,63599.9,63836.5,1.7303412239999976,6.185746089934402,exchange_guard_proxy_touch,False,-1.212659999999995,0.09233143200000002,0.0,0.046408248000000006,-1.304991431999995,-112.47926721991271,1,True
ETHUSDT,short,af9ff5261c4f9d2affe9d7111c4bd7b9705460617dddd09d7474dc42ac6c3d17,ETHUSDT|short|high_volume,1724566260000,1724592300000,2024-08-25T06:11:00+00:00,2024-08-25T13:25:00+00:00,2752.67,2762.32,0.05,137.6335,27.526699999999998,5,2782.63,2759.9700000000003,1.7272533999999966,2.1091162395666996,exchange_guard_proxy_touch,False,-0.4825000000000046,0.1102998,0.0045394637750000005,0.05505340000000001,-0.5882603362250045,-42.74107221170751,1,True
BTCUSDT,long,9ca218eb77f27f67c667b3c9f26b6686cbc3514651b3fcc99a5f171dbaaff106,BTCUSDT|long|high_volume,1724627760000,1724633460000,2024-08-25T23:16:00+00:00,2024-08-26T00:51:00+00:00,64865.0,63895.5,0.0017000000000000001,110.27050000000001,22.054100000000002,5,63949.9,63949.9,1.7357071400000001,6.427129432613427,exchange_guard_proxy_touch,False,-1.6481500000000002,0.08755714000000002,-0.0026615141163,0.04410820000000001,-1.7383686541163001,-157.64584853757805,1,True
ETHUSDT,short,f32000345948623e1d8c3bcd390d16b771d270d981f6ab87d0f430ea8721cfc7,ETHUSDT|short|high_volume,1724682060000,1724735940000,2024-08-26T14:21:00+00:00,2024-08-27T05:19:00+00:00,2707.17,2695.4,0.03,81.21509999999999,16.243019999999998,5,2747.9700000000003,2693.11,1.3596897599999962,5.040185843594446,exchange_guard_proxy_touch,False,0.3530999999999994,0.06483084,0.012759669648000002,0.03248604,0.30102882964799943,37.06562322129745,1,True
ETHUSDT,short,193ca126c93fa84718d2f4e850b2abb3a4bd234b0a1f90b4983859178b3dfd85,ETHUSDT|short|confirmed_volume,1724804760000,1724838480000,2024-08-28T00:26:00+00:00,2024-08-28T09:48:00+00:00,2432.36,2486.7200000000003,0.01,24.323600000000003,4.86472,5,2590.9700000000003,2484.6000000000004,1.6283021599999972,1.5794516597942034,exchange_guard_proxy_touch,False,-0.5436000000000013,0.01967632,-0.000185617104,0.009729440000000002,-0.5634619371040013,-231.6523611241762,1,True
BTCUSDT,long,19415f2e35929c975a393e1895e2aa246322738f632dd31752ca1743344cf245,BTCUSDT|long|high_volume,1724838660000,1724857800000,2024-08-28T09:51:00+00:00,2024-08-28T15:10:00+00:00,59625.700000000004,58822.100000000006,0.002,119.25140000000002,23.850280000000005,5,58872.200000000004,58872.200000000004,1.7019582399999973,2.1889119703680757,exchange_guard_proxy_touch,False,-1.607199999999997,0.09475824000000002,0.0,0.04770056,-1.701958239999997,-142.72018944850936,1,True
BTCUSDT,long,cc29dc1c1ecef87dc1b9043b48f3d27c127c3c35de417488ffee6bf4fcf9c668,BTCUSDT|long|high_volume,1724913360000,1724969280000,2024-08-29T06:36:00+00:00,2024-08-29T22:08:00+00:00,59702.700000000004,58826.600000000006,0.0018000000000000002,107.46486000000002,21.492972,5,58833.9,58876.700000000004,1.7393302800000028,3.3001854699064133,exchange_guard_proxy_touch,False,-1.5769799999999976,0.08534109600000002,0.001150895493,0.04298594400000001,-1.6611702005069977,-154.5779895406738,1,True
ETHUSDT,short,3a4f023fc4aadf09fbf015d7d5b68a1d05c2e2cfb0a2c55369dbb2f12d847a5c,ETHUSDT|short|confirmed_volume,1725029160000,1725043080000,2024-08-30T14:46:00+00:00,2024-08-30T18:38:00+00:00,2485.11,2534.06,0.03,74.55330000000001,14.910660000000002,5,2531.9,2531.9,1.5287300399999946,1.99546173333913,exchange_guard_proxy_touch,False,-1.4684999999999946,0.060230040000000006,0.000757910088,0.029821320000000002,-1.5279721299119946,-204.9503013162388,1,True
ETHUSDT,short,f96a37e4b9d77a6aefe244e1942bdf9f7cf73c7eb688017350dc086480a6f866,ETHUSDT|short|high_volume,1725155760000,1725215220000,2024-09-01T01:56:00+00:00,2024-09-01T18:27:00+00:00,2491.44,2491.12,0.04,99.6576,19.93152,5,2527.51,2489.0,1.609137599999992,2.275918069952676,exchange_guard_proxy_touch,False,0.01280000000000655,0.07972096,0.009390379212,0.03986304,-0.05753058078799345,-5.772824228959302,1,True
ETHUSDT,short,7cedbe87b469df63dffe6b1734fb4f0aaac8a8a6179cb00ee5e2f649f7843149,ETHUSDT|short|high_volume,1725229260000,1725265800000,2024-09-01T22:21:00+00:00,2024-09-02T08:30:00+00:00,2458.14,2468.07,0.04,98.3256,19.665119999999998,5,2489.0,2465.9700000000003,1.3983881600000008,3.2516987828650246,exchange_guard_proxy_touch,False,-0.39720000000001165,0.07881936,0.0014768233839999997,0.03933024,-0.47454253661601165,-48.26235859389738,1,True
BTCUSDT,long,a92461da8fdfc6195cbadbd18ebd59baa5fabd6fc1f017d9a00b18839cb9ee1c,BTCUSDT|long|confirmed_volume,1725276660000,1725370620000,2024-09-02T11:31:00+00:00,2024-09-03T13:37:00+00:00,58657.8,58618.5,0.0011,64.52358000000001,12.904716000000002,5,57316.5,58668.4,1.5801172199999987,1.5503116113680144,exchange_guard_proxy_touch,False,-0.0432300000000032,0.05160157200000001,-0.007156312669000001,0.025809432000000007,-0.10198788466900323,-15.80629665449487,1,True
ETHUSDT,short,4b28bcd592da180fc5447086a6515ec2193ea37344432da5303d7d36e58caccd,ETHUSDT|short|high_volume,1725370860000,1725458940000,2024-09-03T13:41:00+00:00,2024-09-04T14:09:00+00:00,2475.9500000000003,2416.73,0.02,49.519000000000005,9.9038,5,2552.5600000000004,2414.67,1.6158454399999949,11.481959891640606,exchange_guard_proxy_touch,False,1.1844000000000052,0.039141440000000007,0.005920769486,0.019807600000000005,1.151179329486005,232.47224893192615,1,True
BTCUSDT,long,ae23f15b1bed0051c051886f6b6dbfeab0d7b1d9de366c7a7982484bbf152c30,BTCUSDT|long|high_volume,1725461160000,1725502080000,2024-09-04T14:46:00+00:00,2024-09-05T02:08:00+00:00,57143.600000000006,57811.3,0.0015,85.71540000000002,17.143080000000005,5,56107.8,57860.5,1.6931722200000001,3.197228239781451,exchange_guard_proxy_touch,False,1.0015499999999957,0.06897294000000001,-0.006555437952000002,0.03428616000000001,0.9260216220479958,108.03445145773054,1,True
ETHUSDT,short,dec2c6f996decb9d3c35e8adedc6fe895f574553919a89ceedd359bb698b6bb2,ETHUSDT|short|high_volume,1725505860000,1725586860000,2024-09-05T03:11:00+00:00,2024-09-06T01:41:00+00:00,2411.93,2397.05,0.02,48.2386,9.64772,5,2468.4100000000003,2395.01,1.2106595200000076,16.713586251843925,exchange_guard_proxy_touch,False,0.2975999999999931,0.03847184,0.004396955984,0.01929544,0.2635251159839931,54.62951163259155,1,True
ETHUSDT,short,6ab313397fd10c419d546acb1fcf933aa6f08dd51f9397ce55c6b124e3c6ac7e,ETHUSDT|short|confirmed_volume,1725750360000,1725769500000,2024-09-07T23:06:00+00:00,2024-09-08T04:25:00+00:00,2257.15,2295.02,0.04,90.286,18.0572,5,2293.07,2293.07,1.5876347199999956,1.8443566225560424,exchange_guard_proxy_touch,False,-1.5147999999999957,0.07283472,0.004874344892000001,0.036114400000000005,-1.5827603751079957,-175.30518298606603,1,True
ETHUSDT,short,7aa446e602bc44e603e7cd6b080905c86730a0da62e5291f95b1642d224bec27,ETHUSDT|short|high_volume,1725973560000,1725992340000,2024-09-10T13:06:00+00:00,2024-09-10T18:19:00+00:00,2339.79,2365.02,0.04,93.5916,18.71832,5,2371.3500000000004,2363.01,1.4186105599999972,3.6726352257802795,exchange_guard_proxy_touch,False,-1.0092000000000008,0.07527696,0.000211915968,0.03743664000000001,-1.0842650440320007,-115.85067933788937,1,True
ETHUSDT,short,946ad84155f5f3a5d5032d33d3a74d60b4c841ddd9749d99dd6715c0869f3f44,ETHUSDT|short|high_volume,1726062960000,1726072800000,2024-09-11T13:56:00+00:00,2024-09-11T16:40:00+00:00,2290.23,2344.9700000000003,0.03,68.7069,13.741380000000001,5,2342.9700000000003,2342.9700000000003,1.697822400000007,5.365384200962964,exchange_guard_proxy_touch,False,-1.642200000000007,0.05562240000000001,-0.0012526345680000002,0.02748276,-1.699075034568007,-247.29321721224608,1,True
ETHUSDT,short,30eff1afcb892e90590ea79183bc7b24a5050202092996f3a017ff13bb981729,ETHUSDT|short|high_volume,1726153260000,1726180620000,2024-09-12T15:01:00+00:00,2024-09-12T22:37:00+00:00,2320.21,2362.7400000000002,0.03,69.6063,13.92126,5,2365.51,2360.73,1.4758528800000048,2.4079080045908094,exchange_guard_proxy_touch,False,-1.275900000000006,0.056195400000000006,0.000789862752,0.02784252,-1.331305537248006,-191.26221868537849,1,True
ETHUSDT,short,f7aa1b200a199637af03018ef569a8bb406d805e1c2086bc64e40b4030a4862c,ETHUSDT|short|high_volume,1726420560000,1726552320000,2024-09-15T17:16:00+00:00,2024-09-17T05:52:00+00:00,2377.63,2302.9500000000003,0.03,71.3289,14.265780000000001,5,2418.25,2300.9900000000002,1.337975279999995,5.733625066794001,exchange_guard_proxy_touch,False,2.240399999999995,0.05616696,0.0019737097650000023,0.02853156,2.186206749764995,306.4966303651107,1,True
ETHUSDT,short,6f4f5f52d3dbc0ddda5dce00adeb143cce1edaab2c7f626eb5a71378e000d4f6,ETHUSDT|short|high_volume,1726650960000,1726681980000,2024-09-18T09:16:00+00:00,2024-09-18T17:53:00+00:00,2308.13,2319.46,0.04,92.32520000000001,18.465040000000002,5,2343.9100000000003,2317.4900000000002,1.5856646399999899,2.1894432294807986,exchange_guard_proxy_touch,False,-0.4531999999999971,0.07404144,0.00213806858,0.036930080000000004,-0.5251033714199971,-56.87541120084192,1,True
BTCUSDT,long,129f830243b9b0de50b9e9bb15a926b5824851035905f641ed2e5c9b94c23a5f,BTCUSDT|long|high_volume,1726704060000,1726794420000,2024-09-19T00:01:00+00:00,2024-09-20T01:07:00+00:00,61743.5,62570.0,0.0006000000000000001,37.0461,7.40922,5,59429.9,62623.3,1.4475894719999984,5.427038507466633,exchange_guard_proxy_touch,False,0.49590000000000006,0.029835240000000002,-0.005685684693,0.014818440000000002,0.46037907530700006,124.27194098893003,1,True
BTCUSDT,long,aad640b861eb0dfdd950352cbf763c6f1e4741dd72690823218e762aa7384036,BTCUSDT|long|high_volume,1727359860000,1727510880000,2024-09-26T14:11:00+00:00,2024-09-28T08:08:00+00:00,64846.100000000006,65597.5,0.0012000000000000001,77.81532000000001,15.563064000000002,5,63566.9,65653.4,1.6615722720000037,3.6839905823174752,exchange_guard_proxy_touch,False,0.9016799999999932,0.06261292800000001,-0.033576986563200004,0.031126128000000006,0.8054900854367931,103.5130467158386,1,True
BTCUSDT,long,52875e537e8809c087e420d48a40b91d7ac5828d5f75169dfbfee356839586c2,BTCUSDT|long|high_volume,1727985660000,1728096360000,2024-10-03T20:01:00+00:00,2024-10-05T02:46:00+00:00,61011.9,61881.200000000004,0.0014,85.41666000000001,17.083332000000002,5,59934.8,61933.9,1.647041591999998,2.562185949283992,exchange_guard_proxy_touch,False,1.217020000000004,0.068820136,-0.0066791805864,0.034166664000000006,1.141520683413604,133.64145629360874,1,True
BTCUSDT,long,bf225f8218917e3a7a7de200cbe5e1d4bc8a6b9b63470bed1c57764b310d0bb4,BTCUSDT|long|high_volume,1728226860000,1728292680000,2024-10-06T15:01:00+00:00,2024-10-07T09:18:00+00:00,62766.9,63227.700000000004,0.0015,94.15035,18.83007,5,61778.8,63281.5,1.6357458599999959,6.793043977069881,exchange_guard_proxy_touch,False,0.6912000000000044,0.07559676,-0.0073307918820000005,0.03766014,0.6082724481180043,64.60649887313264,1,True
BTCUSDT,long,3c78a82ece9ff4abd38c4cb5dbb02fa8f680fda8cf671a522e7bdad6b95ebd47,BTCUSDT|long|high_volume,1728628860000,1728782220000,2024-10-11T06:41:00+00:00,2024-10-13T01:17:00+00:00,60938.8,62808.4,0.0017000000000000001,103.59596000000002,20.719192000000003,5,60057.700000000004,62861.9,1.666982871999995,7.0822347537065395,exchange_guard_proxy_touch,False,3.1783199999999976,0.08414809600000002,-0.010358409282700001,0.04143838400000001,3.083813494717298,297.6770034967867,1,True
BTCUSDT,long,1719e0a3baf696a4b6446efc772c55469ac5bf669079a2eac28b214df8471753,BTCUSDT|long|high_volume,1728876660000,1728963180000,2024-10-14T03:31:00+00:00,2024-10-15T03:33:00+00:00,63312.700000000004,65464.200000000004,0.0017000000000000001,107.63159000000002,21.526318000000003,5,62419.9,65519.9,1.6934920600000025,21.112087411384742,exchange_guard_proxy_touch,False,3.65755,0.08756829200000002,-0.033407601,0.04305263600000001,3.5365741070000003,328.58142363222544,1,True
BTCUSDT,long,e647f5b7267ac71270e6dd153d148a4414209c6b8429ac6b6d076e70e81a4ee9,BTCUSDT|long|high_volume,1729000860000,1729003500000,2024-10-15T14:01:00+00:00,2024-10-15T14:45:00+00:00,67918.6,65199.4,0.0006000000000000001,40.751160000000006,8.150232,5,65254.9,65254.9,1.6634683200000027,11.276162666470471,exchange_guard_proxy_touch,False,-1.6315200000000027,0.03194832,0.0,0.016300464000000004,-1.6634683200000027,-408.20146469450253,1,True
BTCUSDT,long,d4b2dad628c107d5ed524c1a7bb42d9b05fc8b92f9f5dd96420870ba76b26a85,BTCUSDT|long|high_volume,1729041960000,1729062600000,2024-10-16T01:26:00+00:00,2024-10-16T07:10:00+00:00,67379.1,66802.90000000001,0.0012000000000000001,80.85492000000002,16.170984000000004,5,66095.7,66859.79999999999,1.6715609280000072,3.4328397368146835,exchange_guard_proxy_touch,False,-0.6914399999999966,0.06440736000000001,0.0,0.032341968000000006,-0.7558473599999966,-93.48192540416791,1,True
BTCUSDT,long,80a7fe0d09f692a91e3b6a533d2c3e298bf32172150cb46e309eb17f701e684d,BTCUSDT|long|high_volume,1729213860000,1729332240000,2024-10-18T01:11:00+00:00,2024-10-19T10:04:00+00:00,67594.3,68212.6,0.0017000000000000001,114.91031000000001,22.982062000000003,5,66682.2,68270.7,1.738229464000005,7.670027759835513,exchange_guard_proxy_touch,False,1.051110000000005,0.09234869200000002,-0.046478306000000004,0.04596412400000001,0.912283002000005,79.39087467434427,1,True
ETHUSDT,long,09e07c3c0b6e619c35965e9200528708952a24b513ec5571e6974c0a67063d51,ETHUSDT|long|high_volume,1729470060000,1729493940000,2024-10-21T00:21:00+00:00,2024-10-21T06:59:00+00:00,2760.85,2724.03,0.01,27.6085,5.5217,5,2640.66,2726.35,1.2459970400000007,6.354043139346825,exchange_guard_proxy_touch,False,-0.3681999999999971,0.021939520000000004,0.0,0.011043400000000002,-0.3901395199999971,-141.31137874205302,1,True
BTCUSDT,long,1cec2f62b76438da8bf934129dac68017810b8ebc35abcf5b8215d79580b69ab,BTCUSDT|long|high_volume,1729606560000,1729667520000,2024-10-22T14:16:00+00:00,2024-10-23T07:12:00+00:00,67517.90000000001,66799.7,0.0019,128.28401000000002,25.656802000000006,5,66739.9,66856.59999999999,1.6881127600000054,3.5121515543072372,exchange_guard_proxy_touch,False,-1.364580000000022,0.102081376,-0.025587927000000003,0.05131360400000001,-1.492249303000022,-116.32387411338496,1,True
BTCUSDT,long,1bad95802edc1956b71b4016d5d03b0dc6a4f87bd0aa8227a3125b6c52a3d7d9,BTCUSDT|long|high_volume,1729774560000,1729841280000,2024-10-24T12:56:00+00:00,2024-10-25T07:28:00+00:00,67655.0,67271.8,0.0016,108.248,21.6496,5,66699.9,67329.09999999999,1.7048308480000047,3.8021410738451435,exchange_guard_proxy_touch,False,-0.6131199999999953,0.086353152,-0.02173544,0.0432992,-0.7212085919999954,-66.6255812578519,1,True
ETHUSDT,long,8a82c8326f79f88a289715cf65660ca96ea2e60208e58fcf5864a4a047581eb8,ETHUSDT|long|high_volume,1730035560000,1730086440000,2024-10-27T13:26:00+00:00,2024-10-28T03:34:00+00:00,2499.13,2482.88,0.04,99.96520000000001,19.99304,5,2468.1499999999996,2485.0,1.402642879999997,10.440751092198036,exchange_guard_proxy_touch,False,-0.65,0.07971216000000002,-0.020033240000000004,0.03998608000000001,-0.7497454,-75.00064022279753,1,True
BTCUSDT,long,3e6d0b5db9d6dbc50a81c526ea6fc264ab382a9e6ab75888eb46ddde8d9233ae,BTCUSDT|long|high_volume,1730099760000,1730288760000,2024-10-28T07:16:00+00:00,2024-10-30T11:46:00+00:00,68411.7,72051.2,0.0017000000000000001,116.29989,23.259978,5,67512.9,72112.5,1.7179296959999952,14.478030952125952,exchange_guard_proxy_touch,False,6.187150000000001,0.09551477200000001,-0.0829501418462,0.046519956,6.008685086153801,516.6544083707904,1,True
BTCUSDT,long,31578a726a39fb4baf6f08c3121ad764794fe6638044d380517fe17b949c83eb,BTCUSDT|long|high_volume,1730321160000,1730377080000,2024-10-30T20:46:00+00:00,2024-10-31T12:18:00+00:00,72606.1,72083.3,0.0016,116.16976000000001,23.233952000000002,5,71654.9,72144.7,1.7118079999999956,3.8643871367354126,exchange_guard_proxy_touch,False,-0.8364800000000047,0.09260121600000003,-0.023162688,0.046467904000000004,-0.9522439040000047,-81.97003282093418,1,True
BTCUSDT,long,836c4aaea9b40e3056033749ae3730d2abf18e004b1e19f8ebd904176bde5cf7,BTCUSDT|long|high_volume,1730468460000,1730476260000,2024-11-01T13:41:00+00:00,2024-11-01T15:51:00+00:00,70938.3,69042.0,0.0009000000000000001,63.84447000000001,12.768894000000001,5,69100.79999999999,69100.79999999999,1.7570629080000026,9.461388529824278,exchange_guard_proxy_touch,False,-1.7066700000000028,0.05039290800000001,0.0,0.025537788000000006,-1.7570629080000029,-275.2098823907541,1,True
ETHUSDT,long,f74dd9ddeed66b07c072aba33a6a0dea2cdc4a0611843ee5313250f33d3c1156,ETHUSDT|long|high_volume,1730464560000,1730476260000,2024-11-01T12:36:00+00:00,2024-11-01T15:51:00+00:00,2528.56,2483.19,0.03,75.85679999999999,15.171359999999998,5,2485.31,2485.31,1.4212409999999966,9.752408604038019,exchange_guard_proxy_touch,False,-1.3610999999999966,0.060141,0.0,0.030342720000000004,-1.4212409999999966,-187.35841743917445,1,True
ETHUSDT,long,bc4e31f66122a80853cd0e0811f13ac1276cc18c7f81948b911bcffbe1a8737e,ETHUSDT|long|high_volume,1730514660000,1730536140000,2024-11-02T02:31:00+00:00,2024-11-02T08:29:00+00:00,2522.85,2496.7200000000003,0.04,100.914,20.1828,5,2485.99,2498.85,1.6393075200000007,3.291904685319511,exchange_guard_proxy_touch,False,-1.0451999999999861,0.08031312,-0.010028800000000001,0.040365599999999995,-1.135541919999986,-112.52570703767427,1,True
BTCUSDT,long,643a441909c568deac78763fb074508eee351182ff4b3c0ec55c11b3b9cbe696,BTCUSDT|long|high_volume,1730667960000,1730730660000,2024-11-03T21:06:00+00:00,2024-11-04T14:31:00+00:00,69123.2,68398.0,0.0012000000000000001,82.94784,16.589568,5,67845.9,68456.2,1.6677174720000003,5.848301652004631,exchange_guard_proxy_touch,False,-0.8702399999999966,0.06601017600000002,-0.016483620000000004,0.033179136000000005,-0.9527337959999966,-114.85938585019171,1,True
BTCUSDT,long,8d8156bf068d2500a5f7ffef56814931be3c21e4badc8f94ebb64b6391063149,BTCUSDT|long|high_volume,1730780160000,1730948700000,2024-11-05T04:16:00+00:00,2024-11-07T03:05:00+00:00,68426.2,74987.1,0.0015,102.63929999999999,20.527859999999997,5,67454.09999999999,75050.9,1.62574374,2.154504475906292,exchange_guard_proxy_touch,False,9.841350000000013,0.08604798,-0.06467244000000001,0.041055720000000004,9.690629580000012,944.1441611546467,1,True
ETHUSDT,long,47b31c6271152fb37e0f5434e0b066d24bdf9ccfbda5a81b63f9b1e754c7ae44,ETHUSDT|long|high_volume,1730895060000,1730990700000,2024-11-06T12:11:00+00:00,2024-11-07T14:45:00+00:00,2639.63,2787.2200000000003,0.02,52.7926,10.55852,5,2572.39,2789.6,1.430278639999997,2.960794185080872,exchange_guard_proxy_touch,False,2.951800000000003,0.04341480000000001,-0.019113552510000003,0.02111704,2.8892716474900033,547.2872424335993,1,True
BTCUSDT,long,c98b84221884ba5c61ef5915e97a811f12938de2ff5e7b0b5cef86707f32696a,BTCUSDT|long|high_volume,1731025560000,1731077040000,2024-11-08T00:26:00+00:00,2024-11-08T14:44:00+00:00,76329.40000000001,75631.6,0.0009000000000000001,68.69646000000002,13.739292000000003,5,74507.9,75696.0,1.750688604000008,2.329887690444212,exchange_guard_proxy_touch,False,-0.6280200000000027,0.05470596000000001,-0.006855390000000001,0.027478584000000007,-0.6895813500000028,-100.38091482443237,1,True
ETHUSDT,long,987ba1a658878ad4bf507673034fa584a7c2a20dee3d9331783fef4862a702e1,ETHUSDT|long|high_volume,1731074160000,1731085680000,2024-11-08T13:56:00+00:00,2024-11-08T17:08:00+00:00,2951.42,2890.14,0.02,59.028400000000005,11.80568,5,2892.6,2892.6,1.272332480000004,4.439820286743437,exchange_guard_proxy_touch,False,-1.225600000000004,0.04673248,-0.0058752000000000006,0.02361136,-1.278207680000004,-216.5411361310833,1,True
BTCUSDT,long,bbb23b2361c28950c0c546e8d22746c171c11fde68ad81daa98dcf587ddc9949,BTCUSDT|long|high_volume,1731088560000,1731115800000,2024-11-08T17:56:00+00:00,2024-11-09T01:30:00+00:00,76594.90000000001,76213.5,0.0017000000000000001,130.21133000000003,26.042266000000005,5,75696.0,76278.4,1.7411240200000049,3.4866678660748005,exchange_guard_proxy_touch,False,-0.6483800000000149,0.10390971200000003,-0.013001974000000001,0.05208453200000001,-0.765291686000015,-58.77304885834549,1,True
ETHUSDT,long,0b22aef1587beb2d9193bd46217db61e3e332175008c4122d16b6635d1337485,ETHUSDT|long|high_volume,1731130260000,1731267840000,2024-11-09T05:31:00+00:00,2024-11-10T19:44:00+00:00,2992.41,3167.85,0.02,59.8482,11.96964,5,2915.12,3170.5499999999997,1.6426403999999997,8.198173733390332,exchange_guard_proxy_touch,False,3.5088000000000013,0.049282080000000006,-0.041929547272,0.02393928,3.4175883727280016,571.0428004063617,1,True
BTCUSDT,long,12f116c689e5c9521ee7a7d2adad48325b95c14fa1c145b7004e8e3442b7094b,BTCUSDT|long|high_volume,1731260460000,1731271380000,2024-11-10T17:41:00+00:00,2024-11-10T20:43:00+00:00,80333.8,79132.5,0.0014,112.46732,22.493464,5,79199.9,79199.9,1.7711211280000043,18.518888691377562,exchange_guard_proxy_touch,False,-1.681820000000004,0.089301128,0.0,0.044986928,-1.771121128000004,-157.47873497830338,1,True
ETHUSDT,long,aa23db5bf853a63edf3232ba387a9ed84f7a145fea69263526cbc3ba8772288c,ETHUSDT|long|confirmed_volume,1731318960000,1731408540000,2024-11-11T09:56:00+00:00,2024-11-12T10:49:00+00:00,3179.9,3247.23,0.02,63.598000000000006,12.719600000000002,5,3107.14,3250.0,1.558475119999997,1.5854281668439485,exchange_guard_proxy_touch,False,1.3465999999999985,0.05141704000000001,-0.062009237776,0.025439200000000006,1.2331737222239985,193.90133686971262,1,True
BTCUSDT,long,225d68d0dcf9501338b9551a27a80505a1fb40d566544e6c293e2ac08c33d233,BTCUSDT|long|confirmed_volume,1731276660000,1731418560000,2024-11-10T22:11:00+00:00,2024-11-12T13:36:00+00:00,80504.8,85427.20000000001,0.0012000000000000001,96.60576000000002,19.321152000000005,5,79199.9,85499.9,1.7233859040000037,1.7559740872624303,exchange_guard_proxy_touch,False,5.906880000000011,0.07964736,-0.1544912055924,0.038642304,5.672741434407611,587.2053006371059,1,True
BTCUSDT,long,aa3deab33652fe96509ba59024cc7ec0ce12b99aba5ec757c6d7fc294332b5ff,BTCUSDT|long|confirmed_volume,1731423360000,1731464580000,2024-11-12T14:56:00+00:00,2024-11-13T02:23:00+00:00,87078.0,87310.20000000001,0.0011,95.78580000000001,19.15716,5,85499.9,87384.5,1.8917822879999873,1.5973742785591678,exchange_guard_proxy_touch,False,0.2554200000000128,0.07673080800000003,-0.04661955804,0.038314320000000006,0.13206963396001276,13.788018052781597,1,True
BTCUSDT,long,54cfef4a8913d35fcebe7febcee153dfe74d657ea1d1e66b61eb6d834605f2d3,BTCUSDT|long|high_volume,1731560160000,1731595620000,2024-11-14T04:56:00+00:00,2024-11-14T14:47:00+00:00,90210.6,89019.6,0.0008,72.16848,14.433696000000001,5,88005.0,89095.4,1.8814050240000002,2.1321749089221718,exchange_guard_proxy_touch,False,-0.9528000000000001,0.057353664000000006,-0.007265512,0.028867392000000002,-1.0174191760000002,-140.97832959763045,1,True
BTCUSDT,long,8cc31c78039fd9fdae236dbdb3f410769bd8296ff6d32a7e9428679164862c0f,BTCUSDT|long|high_volume,1731661860000,1731757320000,2024-11-15T09:11:00+00:00,2024-11-16T11:42:00+00:00,88618.20000000001,90998.6,0.0011,97.48002000000002,19.496004000000006,5,87110.9,91076.09999999999,1.8168282000000096,5.164187710158536,exchange_guard_proxy_touch,False,2.618439999999994,0.079031392,-0.030731627668500006,0.03899200800000001,2.5086769803314937,257.35294066737913,1,True
ETHUSDT,long,fe75ea6ee0096d56449c640acc9b651f3f54bf5745c7c72d462d51359728c210,ETHUSDT|long|high_volume,1731720060000,1731807120000,2024-11-16T01:21:00+00:00,2024-11-17T01:32:00+00:00,3110.81,3118.44,0.01,31.1081,6.22162,5,3017.2799999999997,3121.1,0.9855020799999992,2.6353210155015723,exchange_guard_proxy_touch,False,0.07630000000000109,0.024917,-0.009811123618000002,0.01244324,0.041571876382001084,13.363682250603889,1,True
ETHUSDT,long,688a5f1f0fdb04b422cbeaa76d5e0de660f6c4e9ef1da674e19f581d5e28e5cd,ETHUSDT|long|high_volume,1731864660000,1731875280000,2024-11-17T17:31:00+00:00,2024-11-17T20:28:00+00:00,3106.94,3065.4500000000003,0.04,124.2776,24.855520000000002,5,3068.06,3068.06,1.7583582399999913,3.390920745182862,exchange_guard_proxy_touch,False,-1.6595999999999913,0.09875824000000001,0.0,0.049711040000000005,-1.7583582399999913,-141.48633703901518,1,True
ETHUSDT,long,8293fa5b0a3d0fa09a883bca1bd9f8827428bf613c583b9e91649ca40cb593ef,ETHUSDT|long|confirmed_volume,1731889860000,1731930060000,2024-11-18T00:31:00+00:00,2024-11-18T11:41:00+00:00,3098.77,3065.4500000000003,0.05,154.9385,30.9877,5,3068.06,3068.06,1.7892843999999855,1.972975340262522,exchange_guard_proxy_touch,False,-1.6659999999999855,0.12328440000000002,-0.04958698868,0.06197540000000001,-1.8388713886799855,-118.68395451614579,1,True
ETHUSDT,long,8256c34a7793c924623c88a3ecf96dff9d1184c420c0b02288ec2e12aa7af25c,ETHUSDT|long|high_volume,1731939360000,1731991740000,2024-11-18T14:16:00+00:00,2024-11-19T04:49:00+00:00,3099.85,3139.91,0.03,92.99549999999999,18.5991,5,3051.49,3142.5899999999997,1.602584880000001,2.421424732938874,exchange_guard_proxy_touch,False,1.2017999999999984,0.07487712,-0.05761902627,0.0371982,1.0693038537299984,114.984472768037,1,True
BTCUSDT,long,19573ed0b983c2620a83c5a67ad80a8d1e5f2e9d20dcda234bb99e0b91b6c925,BTCUSDT|long|high_volume,1731961560000,1732024440000,2024-11-18T20:26:00+00:00,2024-11-19T13:54:00+00:00,91759.0,91172.3,0.0007,64.2313,12.846260000000001,5,89422.0,91249.9,1.7398793719999939,4.093365149658547,exchange_guard_proxy_touch,False,-0.41068999999999795,0.051220764,-0.033083345693999996,0.02569252,-0.494994109693998,-77.06431439095861,1,True
ETHUSDT,long,2077f3e63352443d40459fe1ff2ec4f64e4e10d7f3058282bb88e9c5a6e4932a,ETHUSDT|long|high_volume,1732111860000,1732120080000,2024-11-20T14:11:00+00:00,2024-11-20T16:28:00+00:00,3164.06,3080.6,0.02,63.2812,12.65624,5,3073.5499999999997,3083.2299999999996,1.9124799199999931,8.053597684331008,exchange_guard_proxy_touch,False,-1.6692000000000007,0.04995728,-0.008530887124,0.025312480000000002,-1.7276881671240008,-273.0176050902955,1,True
BTCUSDT,long,6418a25378b190b42b201dd09a8472a29bf789892dcc6e99007ecefdd0b90ec8,BTCUSDT|long|confirmed_volume,1732080360000,1732199940000,2024-11-20T05:26:00+00:00,2024-11-21T14:39:00+00:00,92456.1,96675.20000000001,0.0014,129.43854000000002,25.887708000000003,5,91334.29999999999,96757.5,1.782179112,1.738932996634372,exchange_guard_proxy_touch,False,5.906740000000008,0.105913528,-0.05303650800000001,0.051775416000000005,5.747789964000008,444.0555312196821,1,True
ETHUSDT,long,79decc01e4749e561da8fa72031fae497236171a134b478fa88f3bf892fc0374,ETHUSDT|long|high_volume,1732173060000,1732236060000,2024-11-21T07:11:00+00:00,2024-11-22T00:41:00+00:00,3138.35,3334.05,0.01,31.3835,6.2767,5,3033.31,3336.89,1.100876319999999,2.6110569973510813,exchange_guard_proxy_touch,False,1.9570000000000027,0.025889600000000002,-0.021225418886000005,0.012553400000000001,1.9098849811140028,608.5634110644137,1,True
BTCUSDT,long,6148c6effe863dd47011b5269780f5c7ae5c4e5bdac3bd9b3395a44f870fa4ce,BTCUSDT|long|high_volume,1732243260000,1732281900000,2024-11-22T02:41:00+00:00,2024-11-22T13:25:00+00:00,98798.8,97776.8,0.0013000000000000002,128.43844,25.687688,5,97531.59999999999,97860.0,1.8573086479999963,2.45583285099815,exchange_guard_proxy_touch,False,-1.3286000000000002,0.102219312,-0.012902838000000003,0.05137537600000001,-1.4437221500000001,-112.40576808625205,1,True
ETHUSDT,long,3225b1c1002a9a182e3de2e2af6edcaa75dd3a592dd0d46292064b3ca608ddb0,ETHUSDT|long|high_volume,1732318860000,1732438260000,2024-11-22T23:41:00+00:00,2024-11-24T08:51:00+00:00,3331.84,3397.1,0.02,66.63680000000001,13.327360000000002,5,3266.6,3399.99,1.4131652799999999,4.105892504467224,exchange_guard_proxy_touch,False,1.3051999999999953,0.05383152000000001,-0.092063348154,0.026654720000000003,1.1593051318459953,173.97370999897882,1,True
BTCUSDT,long,35627a8b2e4372895d72a71614b441da0e34af440aecba6b9479b83ccb7b93e1,BTCUSDT|long|high_volume,1732414560000,1732440300000,2024-11-24T02:16:00+00:00,2024-11-24T09:25:00+00:00,98590.1,97864.0,0.0015,147.88515,29.57703,5,97455.5,97947.29999999999,1.94382762,2.9048234692699655,exchange_guard_proxy_touch,False,-1.0891500000000087,0.11787246000000001,-0.023856272022000004,0.05915406000000001,-1.2308787320220087,-83.2320711053144,1,True
BTCUSDT,long,126df67dcec0dd2176d797881d9b5f10d58122b7d6067dc36f1e194498940945,BTCUSDT|long|confirmed_volume,1732508160000,1732539900000,2024-11-25T04:16:00+00:00,2024-11-25T13:05:00+00:00,98024.0,97700.0,0.0015,147.036,29.4072,5,96929.79999999999,97783.2,1.881822839999987,1.89742060240569,exchange_guard_proxy_touch,False,-0.486,0.11743440000000001,-0.014716950000000001,0.0588144,-0.61815135,-42.04081653472619,1,True
ETHUSDT,long,2a4adb76a95843531629806350c3f5431188ff27c55a86a78c92403a7db347b7,ETHUSDT|long|high_volume,1732508160000,1732608960000,2024-11-25T04:16:00+00:00,2024-11-26T08:16:00+00:00,3386.98,3363.4300000000003,0.02,67.7396,13.54792,5,3301.95,3366.2999999999997,1.810288960000003,6.610593716816681,exchange_guard_proxy_touch,False,-0.47099999999999453,0.05400328,-0.063741718792,0.02709584,-0.5887449987919945,-86.91297244034428,1,True
BTCUSDT,long,63a7c3d4050234d714a6ff357ba3c25e23753d149478fff4e507cea616c754d9,BTCUSDT|long|confirmed_volume,1732702860000,1732787880000,2024-11-27T10:21:00+00:00,2024-11-28T09:58:00+00:00,93765.8,95054.8,0.0012000000000000001,112.51896,22.503792,5,92413.09999999999,95135.7,1.8068881440000035,1.7107546288237612,exchange_guard_proxy_touch,False,1.5468000000000002,0.09063388800000002,-0.039377377308000006,0.04500758400000001,1.4167887346920003,125.9155554487884,1,True
ETHUSDT,long,220c9e282b15ee1761b4ce3eeaef5bf452d954097a8b3f641d1a29c36b6ed9df,ETHUSDT|long|confirmed_volume,1732680660000,1732803600000,2024-11-27T04:11:00+00:00,2024-11-28T14:20:00+00:00,3378.88,3565.63,0.02,67.5776,13.51552,5,3304.99,3568.6699999999996,1.5874484799999966,1.666639031306571,exchange_guard_proxy_touch,False,3.735,0.05555608000000001,-0.048986129768,0.027031040000000003,3.6304577902319997,537.2279853430722,1,True
BTCUSDT,long,4d4738980008259d8159122dbfa2b25bc89245db841efcb571250da8179442a9,BTCUSDT|long|confirmed_volume,1732820760000,1732826220000,2024-11-28T19:06:00+00:00,2024-11-28T20:37:00+00:00,95541.1,94783.0,0.0023,219.74453,43.948906,5,94863.7,94863.7,1.9187281720000133,1.9035006406130994,exchange_guard_proxy_touch,False,-1.7436300000000133,0.17509817200000002,0.0,0.087897812,-1.9187281720000133,-87.31631099076793,1,True
BTCUSDT,long,47882a8acd0c18f9c215a84023b4c972e25901d16695d75e674694e9f4015c4b,BTCUSDT|long|confirmed_volume,1732833960000,1732928700000,2024-11-28T22:46:00+00:00,2024-11-30T01:05:00+00:00,95694.40000000001,96820.70000000001,0.0019,181.81936000000002,36.363872,5,94863.7,96903.09999999999,1.8764228240000167,1.7972682589473163,exchange_guard_proxy_touch,False,2.1399700000000057,0.14631147600000002,-0.1182234755207,0.07272774400000001,1.8754350484793059,103.14825926564177,1,True
BTCUSDT,long,b4147615c32f742aa3d4b997c191ac5cf103feda1be5157b62022b95880608ad,BTCUSDT|long|high_volume,1733076960000,1733110980000,2024-12-01T18:16:00+00:00,2024-12-02T03:43:00+00:00,97651.0,97064.70000000001,0.0018000000000000002,175.7718,35.154360000000004,5,96705.2,97147.29999999999,1.99027728,3.9192399521988768,exchange_guard_proxy_touch,False,-1.055339999999979,0.14019530400000005,-0.04504030902,0.07030872,-1.2405756130199792,-70.57876252163197,1,True
ETHUSDT,long,b1c0bdbf91170c1ad7b0a14bb65bf00158a263ef316a7e2f89b234a969eb7443,ETHUSDT|long|high_volume,1732931160000,1733111760000,2024-11-30T01:46:00+00:00,2024-12-02T03:56:00+00:00,3628.64,3692.4500000000003,0.02,72.5728,14.51456,5,3561.2599999999998,3695.6,1.465694959999997,2.9494067780992834,exchange_guard_proxy_touch,False,1.276200000000008,0.058568720000000005,-0.08450209545000001,0.029029120000000002,1.133129184550008,156.13689764622669,1,True
BTCUSDT,long,e55c601cf417f006bc18a145d57d3ce3f8fa6eecfa40eb5065d8456356ddddab,BTCUSDT|long|high_volume,1733193660000,1733209020000,2024-12-03T02:41:00+00:00,2024-12-03T06:57:00+00:00,96452.5,95655.0,0.0022,212.1955,42.4391,5,95736.4,95736.4,1.9235546000000001,2.787400889546431,exchange_guard_proxy_touch,False,-1.7545000000000002,0.16905460000000003,0.0,0.08487820000000001,-1.9235546000000001,-90.65011274979912,1,True
BTCUSDT,long,a6b8ed062463e57a4857c6eb35e001f1bd3934ba1f6bf9ab344e7ac2f76824a2,BTCUSDT|long|confirmed_volume,1733390160000,1733412180000,2024-12-05T09:16:00+00:00,2024-12-05T15:23:00+00:00,103291.5,102270.6,0.00030000000000000003,30.987450000000003,6.19749,5,97970.4,102357.7,1.6454614319999985,1.6432250699410709,exchange_guard_proxy_touch,False,-0.30626999999999827,0.024667452000000003,0.0,0.012394980000000002,-0.33093745199999824,-106.79725243606629,1,True
ETHUSDT,long,00bab6f9830bab9a70b5842ad7e4f5557457dc09a97e126406f3dc61eeae26bc,ETHUSDT|long|high_volume,1733257560000,1733425320000,2024-12-03T20:26:00+00:00,2024-12-05T19:02:00+00:00,3593.25,3859.07,0.04,143.73,28.746,5,3557.6,3862.3599999999997,1.6615651199999935,2.2262383715831993,exchange_guard_proxy_touch,False,10.632800000000007,0.11923712,-0.242229514156,0.057492,10.271333365844008,714.6269648538238,1,True
BTCUSDT,long,38c391f9e4cbab07b9f9906e477060f87c11bfb4698f117cfb5f5300bee87521,BTCUSDT|long|high_volume,1733506860000,1733550120000,2024-12-06T17:41:00+00:00,2024-12-07T05:42:00+00:00,99990.3,99026.6,0.0007,69.99321,13.998642,5,97549.9,99110.9,1.8216680159999958,2.884350849060233,exchange_guard_proxy_touch,False,-0.6745899999999979,0.055724732000000006,-0.02233619871,0.027997284000000004,-0.752650930709998,-107.53199213323663,1,True
ETHUSDT,long,beafea0e0ad2c1585008caa3414d59a6f0abadfa306458d6fd7f26096e855f8d,ETHUSDT|long|high_volume,1733497260000,1733555280000,2024-12-06T15:01:00+00:00,2024-12-07T07:08:00+00:00,3986.13,3968.85,0.01,39.8613,7.97226,5,3835.35,3972.2299999999996,1.571772840000002,5.560022984267688,exchange_guard_proxy_touch,False,-0.172800000000002,0.03181992,-0.022771577400000003,0.015944520000000004,-0.227391497400002,-57.04568024625439,1,True
ETHUSDT,long,766a0c92e8c703c9b3fe55abdda5e94c5e0b09d83f196f0e1c56b4d4a9c03909,ETHUSDT|long|high_volume,1733559060000,1733621640000,2024-12-07T08:11:00+00:00,2024-12-08T01:34:00+00:00,3998.78,3991.85,0.06,239.92680000000001,47.98536,5,3972.2299999999996,3995.25,1.9870231200000175,3.68880639885972,exchange_guard_proxy_touch,False,-0.41580000000001743,0.19177512000000002,-0.105614859324,0.09597072000000001,-0.7131899793240175,-29.725315359685432,1,True
BTCUSDT,long,00363183a0f6d860e9592712ab98a7f4138f7704874e6ea099681b245e474b7b,BTCUSDT|long|high_volume,1733625060000,1733648160000,2024-12-08T02:31:00+00:00,2024-12-08T08:56:00+00:00,100283.5,99017.3,0.0015,150.42525,30.085050000000003,5,99101.59999999999,99101.59999999999,2.0188804799999955,3.120347213376538,exchange_guard_proxy_touch,False,-1.8992999999999958,0.11958048,-0.024793766928000005,0.0601701,-2.043674246927996,-135.8597872982093,1,True
BTCUSDT,long,8bfaadc1f2b6b2b2625d909c111b9746d41ef26689eec2c005c3a06baaf40e2b,BTCUSDT|long|high_volume,1733657460000,1733704440000,2024-12-08T11:31:00+00:00,2024-12-09T00:34:00+00:00,99694.1,99453.6,0.0026000000000000003,259.20466000000005,51.84093200000001,5,99101.59999999999,99538.29999999999,1.9663398560000078,2.040945191561882,exchange_guard_proxy_touch,False,-0.6253000000000001,0.20711360800000003,-0.1257192919658,0.10368186400000003,-0.9581328999658001,-36.96433929721016,1,True
ETHUSDT,long,51c19dade40204c1bac53fd42856585964accb85411839504ce8946f7c15c3da,ETHUSDT|long|high_volume,1733820660000,1733844480000,2024-12-10T08:51:00+00:00,2024-12-10T15:28:00+00:00,3748.19,3612.91,0.01,37.4819,7.49638,5,3615.99,3615.99,1.3822444000000018,4.013229022346096,exchange_guard_proxy_touch,False,-1.352800000000002,0.029444400000000003,0.0,0.01499276,-1.382244400000002,-368.7765027920148,1,True
BTCUSDT,long,ad3d747e1c87acd3864f71c984c86131cbd324c854044d9cb30db9b9d21fac99,BTCUSDT|long|confirmed_volume,1733822160000,1733844540000,2024-12-10T09:16:00+00:00,2024-12-10T15:29:00+00:00,97639.20000000001,96798.40000000001,0.0009000000000000001,87.87528000000002,17.575056000000004,5,95591.79999999999,96880.79999999999,1.9853638920000107,1.8782578829518435,exchange_guard_proxy_touch,False,-0.7567200000000027,0.06999753600000003,0.0,0.03515011200000001,-0.8267175360000028,-94.07850945112239,1,True
ETHUSDT,long,c0829975afcd006c32314d2fb7444af247987fa7440e016570adb68082adc0d2,ETHUSDT|long|confirmed_volume,1733862360000,1733874360000,2024-12-10T20:26:00+00:00,2024-12-10T23:46:00+00:00,3657.23,3612.91,0.04,146.2892,29.257839999999998,5,3615.99,3615.99,1.8891222400000067,1.7727625725375689,exchange_guard_proxy_touch,False,-1.7728000000000066,0.11632224,0.0,0.05851568000000001,-1.8891222400000065,-129.136138552949,1,True
BTCUSDT,long,565b3f3e0370db6b307302489c1f45d9d52c9241ad8ed7e63b32c54912e7f59e,BTCUSDT|long|confirmed_volume,1733900760000,1734001860000,2024-12-11T07:06:00+00:00,2024-12-12T11:11:00+00:00,97857.20000000001,100274.1,0.0008,78.28576000000001,15.657152000000002,5,95649.9,100359.5,1.8928562240000095,1.9595968799194166,exchange_guard_proxy_touch,False,1.9335199999999955,0.063402016,-0.031942991999999996,0.03131430400000001,1.8381749919999955,234.80323777913063,1,True
BTCUSDT,long,2d2b217169dcb27f4d4ae8968305341d9b0022e0cb88de1d5275a34d9abf21ef,BTCUSDT|long|high_volume,1734009660000,1734031080000,2024-12-12T13:21:00+00:00,2024-12-12T19:18:00+00:00,101506.3,100274.1,0.0015,152.25945000000002,30.451890000000002,5,100359.5,100359.5,1.9693682399999957,5.8182370114417,exchange_guard_proxy_touch,False,-1.8482999999999956,0.12106824000000002,-0.015266265000000003,0.06090378000000001,-1.9846345049999956,-130.3455716541729,1,True
ETHUSDT,long,c4b00f6c4c889c5aad728de283f2eec0d32a0fd0f017403b4977b36a09b59453,ETHUSDT|long|high_volume,1733906160000,1734031740000,2024-12-11T08:36:00+00:00,2024-12-12T19:29:00+00:00,3690.73,3886.9300000000003,0.03,110.72189999999999,22.144379999999998,5,3646.6,3890.24,1.5049107600000005,2.135378103853819,exchange_guard_proxy_touch,False,5.886000000000008,0.09093192,-0.046436069999999996,0.04428876,5.748632010000008,519.1955710658874,1,True
BTCUSDT,long,b0c382559ca24b81ab9b109e70cf73050c6492fb49ce6fd5c937981ef0a4617c,BTCUSDT|long|high_volume,1734087060000,1734165120000,2024-12-13T10:51:00+00:00,2024-12-14T08:32:00+00:00,100469.5,101471.3,0.0017000000000000001,170.79815000000002,34.15963000000001,5,99446.29999999999,101557.7,2.01914521599998,2.356306124909264,exchange_guard_proxy_touch,False,1.7030600000000051,0.137319744,-0.045907485525,0.06831926,1.5198327704750052,88.9841471043454,1,True
ETHUSDT,long,de8e5e4441e36da5253683872b7c8a387283f9829b4cad1dcdd976dbdb4c52f8,ETHUSDT|long|confirmed_volume,1734102060000,1734171780000,2024-12-13T15:01:00+00:00,2024-12-14T10:23:00+00:00,3954.52,3886.14,0.02,79.0904,15.81808,5,3870.8399999999997,3889.45,1.8021764800000002,1.6003701925767844,exchange_guard_proxy_touch,False,-1.3676000000000021,0.06272528000000001,-0.023421200000000003,0.03163616,-1.4537464800000022,-183.80820934019832,1,True
ETHUSDT,long,83e24b8e3fa5bc4e31770f69b7e3798c58c575e32281e6b79f25cc687c4a9e9e,ETHUSDT|long|confirmed_volume,1734273660000,1734344640000,2024-12-15T14:41:00+00:00,2024-12-16T10:24:00+00:00,3897.44,3923.8,0.02,77.9488,15.589760000000002,5,3828.99,3927.14,1.4959853600000008,1.819199587984402,exchange_guard_proxy_touch,False,0.5272000000000026,0.06256992,-0.022126749736,0.031179520000000002,0.44250333026400257,56.768459586806024,1,True
BTCUSDT,long,0c56a5a7303771a675bfa4865b3643acbddfc83839f8e01610023bfbf2e21f41,BTCUSDT|long|confirmed_volume,1734257160000,1734348960000,2024-12-15T10:06:00+00:00,2024-12-16T11:36:00+00:00,102376.0,104156.40000000001,0.0018000000000000002,184.2768,36.855360000000005,5,101460.7,104245.09999999999,1.9495802879999846,1.9419444501495888,exchange_guard_proxy_touch,False,3.204720000000016,0.14870332800000005,-0.05617422000000001,0.07371072000000001,2.999842452000016,162.79002305227874,1,True
ETHUSDT,long,5584979ce82c9250f0ce7c47d16e5a8bd5680d1bacc2db11dc093a804bb4c0be,ETHUSDT|long|high_volume,1734415260000,1734446400000,2024-12-17T06:01:00+00:00,2024-12-17T14:40:00+00:00,4025.61,3977.9100000000003,0.02,80.5122,16.10244,5,3941.99,3981.2999999999997,1.8033139200000006,2.134630732560926,exchange_guard_proxy_touch,False,-0.9539999999999964,0.06402816,-0.007986100000000001,0.032204880000000005,-1.0260142599999966,-127.4358743146997,1,True
BTCUSDT,long,799e1680e847209b5c8a22cd5321dfc13cf661d76a01ba62c5e0897185219ff2,BTCUSDT|long|confirmed_volume,1734401460000,1734448740000,2024-12-17T02:11:00+00:00,2024-12-17T15:19:00+00:00,106540.5,106413.3,0.0015,159.81075,31.96215,5,105423.9,106503.9,1.9365748199999826,1.5194300958114186,exchange_guard_proxy_touch,False,-0.19079999999999564,0.12777228000000002,-0.016017600000000003,0.0639243,-0.3345898799999957,-20.93663160957543,1,True
BTCUSDT,long,e3fea041723209d6bc4d5b1b8b69bf94dc7b1bd0b8ac2ec6cd0b4257945d1a2e,BTCUSDT|long|high_volume,1734456360000,1734461460000,2024-12-17T17:26:00+00:00,2024-12-17T18:51:00+00:00,107471.70000000001,106413.3,0.0017000000000000001,182.70189000000002,36.540378000000004,5,106503.9,106503.9,1.944721800000015,3.4265013766008874,exchange_guard_proxy_touch,False,-1.7992800000000149,0.1454418,0.0,0.07308075600000002,-1.9447218000000148,-106.44234714813376,1,True
ETHUSDT,long,bf26e53d16897ad238238b7342d158b3d1c77add0d9fff194de394bff59eab98,ETHUSDT|long|high_volume,1734548460000,1734551100000,2024-12-18T19:01:00+00:00,2024-12-18T19:45:00+00:00,3897.7200000000003,3819.75,0.02,77.9544,15.590880000000002,5,3823.0,3823.0,1.6211397600000053,3.8025070185798295,exchange_guard_proxy_touch,False,-1.5594000000000052,0.061739760000000005,0.0,0.031181760000000006,-1.6211397600000053,-207.96000738893574,1,True
BTCUSDT,long,1637fbf2ed1be36dd4c493bf05a13032e3259e63b24be7cb05969b074595c1f5,BTCUSDT|long|high_volume,1734759960000,1734785820000,2024-12-21T05:46:00+00:00,2024-12-21T12:57:00+00:00,97978.40000000001,97059.3,0.002,195.95680000000002,39.19136,5,97141.9,97141.9,1.9942301600000116,7.627890164214021,exchange_guard_proxy_touch,False,-1.8382000000000116,0.15603016000000003,-0.00238759056,0.07838272,-1.9966177505600116,-101.89071012386462,1,True
BTCUSDT,long,7c06f34e9d640308f5456a232cf3bf258975bd1c4cbcc65e0fbe8ef6e73bb5ad,BTCUSDT|long|high_volume,1734812160000,1734817080000,2024-12-21T20:16:00+00:00,2024-12-21T21:38:00+00:00,97853.0,96828.40000000001,0.0018000000000000002,176.1354,35.22708,5,96910.79999999999,96910.79999999999,1.9844506079999844,3.562431591475043,exchange_guard_proxy_touch,False,-1.8442799999999844,0.14017060800000003,0.0,0.07045416000000002,-1.9844506079999844,-112.66619929894753,1,True
BTCUSDT,long,46b7bf6d5d37346f202c74f25f6d8c65e5a193c244e67c6544895a84fbd71423,BTCUSDT|long|confirmed_volume,1735017960000,1735127940000,2024-12-24T05:26:00+00:00,2024-12-25T11:59:00+00:00,94644.20000000001,97724.20000000001,0.0017000000000000001,160.89514000000003,32.179028,5,93655.2,97807.4,1.9447793960000201,1.8048667037713668,exchange_guard_proxy_touch,False,5.236000000000001,0.13081051200000005,-0.066150417,0.06435805600000002,5.039039071,313.1877737885681,1,True
BTCUSDT,long,23e6c5ea9383e5a7e00b7a74002d594ab4b9555b8dd22be32543ffec07128b63,BTCUSDT|long|high_volume,1735136460000,1735187640000,2024-12-25T14:21:00+00:00,2024-12-26T04:34:00+00:00,98780.1,98247.8,0.0017000000000000001,167.92617,33.585234,5,97807.4,98331.4,1.9286529239999903,2.4164709220322527,exchange_guard_proxy_touch,False,-0.904910000000005,0.13397897200000003,-0.03334611759640001,0.06717046800000001,-1.072235089596405,-63.85157772587828,1,True
BTCUSDT,long,193163483f9484b85190450dce252bcff1198df0ecd17368dfa1a7d7e83b9a46,BTCUSDT|long|confirmed_volume,1735243260000,1735285080000,2024-12-26T20:01:00+00:00,2024-12-27T07:38:00+00:00,96093.70000000001,95195.3,0.0019,182.57803,36.515606000000005,5,95200.0,95276.29999999999,1.997251652000022,1.7730647789469915,exchange_guard_proxy_touch,False,-1.7069600000000167,0.14537964,-0.018192671,0.07303121200000001,-1.8705323110000167,-102.45111698269592,1,True
BTCUSDT,long,ddcc307a2a9c183e210424b162abd9b8070d504b8d88c2c83efb37a887811eb2,BTCUSDT|long|confirmed_volume,1735377660000,1735475400000,2024-12-28T09:21:00+00:00,2024-12-29T12:30:00+00:00,94698.0,94849.20000000001,0.0026000000000000003,246.21480000000003,49.242960000000004,5,94093.9,94929.9,1.9749203759999776,1.8752861073416927,exchange_guard_proxy_touch,False,0.39312000000003033,0.19712908800000004,-0.05730440866020001,0.09848592000000002,0.1386865033398303,5.6327443898510685,1,True
BTCUSDT,long,2414caacd79f5fe87e482068d1e8764cf5857624e80939d8810f0b1ef8bf17f4,BTCUSDT|long|high_volume,1735551960000,1735564920000,2024-12-30T09:46:00+00:00,2024-12-30T13:22:00+00:00,94012.20000000001,93102.40000000001,0.002,188.0244,37.60488,5,93181.7,93181.7,1.969291680000006,2.310203427005986,exchange_guard_proxy_touch,False,-1.8196000000000059,0.14969168000000005,0.0,0.07520976000000001,-1.969291680000006,-104.73596405572924,1,True
BTCUSDT,long,3ee26adb386dbd1c7e3085fde9515ca15468d612cea0d84e253cf2cf049f2c4a,BTCUSDT|long|confirmed_volume,1735625460000,1735689600000,2024-12-31T06:11:00+00:00,2025-01-01T00:00:00+00:00,93034.1,93469.20000000001,0.0016,148.85456000000002,29.770912000000003,5,91999.9,93145.0,1.8982117119999908,1.940395856835196,administrative_period_end_mark,True,0.6961600000000093,0.11936211200000003,-0.030113408,0.059541824000000014,0.5466844800000094,36.72608215697318,1,False
