symbol,side,event_id,state,entry_ms,exit_ms,entry_utc,exit_utc,entry,exit,qty,notional_usdt,margin_usdt,leverage,initial_guard,last_guard,planned_guard_risk_usdt,volume_ratio,reason,censored,gross_usdt,fees_usdt,funding_usdt,entry_fees_usdt,net_usdt,net_bps,cost_multiplier,exit_intraminute
ETHUSDT,long,8a5346ef7ac50d6d10a0d7ceb840963a0561323256fd27942037eeb62a66c6f7,ETHUSDT|long|high_volume,1672588860000,1672622160000,2023-01-01T16:01:00+00:00,2023-01-02T01:16:00+00:00,1198.65,1190.95,0.98,1174.6770000000001,234.93540000000002,5,1192.98,1192.98,10.356169600000046,2.925158153428165,exchange_guard_proxy_touch,False,-7.546000000000045,2.8101696,-0.23519216,1.4096123999999999,-10.591361760000044,-90.16403453885657,2,True
ETHUSDT,long,7db1ca2203ab98414bbfc6dd8bdf45dcc795d86bea87b25a5a845ae2233e0d3f,ETHUSDT|long|confirmed_volume,1672630860000,1672699680000,2023-01-02T03:41:00+00:00,2023-01-02T22:48:00+00:00,1199.38,1211.22,0.91,1091.4358000000002,218.28716000000003,5,1192.98,1213.29,10.28154036000006,1.9564500657755488,exchange_guard_proxy_touch,False,10.774399999999925,2.6323752000000002,-0.36149411662,1.3097229600000002,7.780530683379925,71.28711265820604,2,True
ETHUSDT,long,0b13de80fc597fce11480cb5479ec3df14eff1be81d9ac01a664a9d3b5246e0d,ETHUSDT|long|high_volume,1672724460000,1672757400000,2023-01-03T05:41:00+00:00,2023-01-03T14:50:00+00:00,1218.32,1211.46,0.8200000000000001,999.0224000000001,199.80448,5,1210.63,1213.53,10.38305976,3.4117702852729646,exchange_guard_proxy_touch,False,-5.625199999999919,2.3909035199999997,-0.10424686371200001,1.19882688,-8.120350383711918,-81.28296606474406,2,True
ETHUSDT,long,2971694993fe7e1e559e940191ce97cb47e30fb70839cfcc80faa42f7fa42b08,ETHUSDT|long|confirmed_volume,1672871460000,1672900140000,2023-01-04T22:31:00+00:00,2023-01-05T06:29:00+00:00,1255.91,1249.3700000000001,0.46,577.7186,115.54372000000001,5,1238.6,1251.5,10.309004800000034,1.6410338541573681,exchange_guard_proxy_touch,False,-3.0083999999999835,1.3829145600000001,-0.11558788000000003,0.69326232,-4.506902439999983,-78.01207092864905,2,True
ETHUSDT,long,6e42fb8b09556c0748946d1c27dfd07cd11c789393427c100cbca3916446286b,ETHUSDT|long|high_volume,1672965360000,1672983780000,2023-01-06T00:36:00+00:00,2023-01-06T05:43:00+00:00,1255.84,1245.26,0.7000000000000001,879.0880000000001,175.81760000000003,5,1246.33,1247.39,10.241041999999918,2.13543876029371,exchange_guard_proxy_touch,False,-7.40599999999995,2.100924,0.0,1.0549055999999999,-9.50692399999995,-108.14530513441144,2,True
ETHUSDT,long,dba376a15593e1d6aa60c89c5e091e7538319475953e3dd8634532dfcfd1af0a,ETHUSDT|long|confirmed_volume,1672993260000,1672995840000,2023-01-06T08:21:00+00:00,2023-01-06T09:04:00+00:00,1251.1000000000001,1245.26,1.1500000000000001,1438.7650000000003,287.75300000000004,5,1247.39,1247.39,10.160976800000169,1.5447286538509404,exchange_guard_proxy_touch,False,-6.716000000000168,3.4449768000000005,0.0,1.7265180000000002,-10.160976800000169,-70.622907841101,2,True
ETHUSDT,long,ba7c84cf0c09b86ccc7ed9626e4ea7167d8189643f6c382205278aba79226abe,ETHUSDT|long|confirmed_volume,1673097060000,1673100480000,2023-01-07T13:11:00+00:00,2023-01-07T14:08:00+00:00,1266.51,1258.8700000000001,0.9400000000000001,1190.5194000000001,238.10388000000003,5,1261.02,1261.02,10.030228639999882,1.930227363651159,exchange_guard_proxy_touch,False,-7.1815999999998805,2.8486286400000003,0.0,1.42862328,-10.03022863999988,-84.25086260668981,2,True
ETHUSDT,long,3e57d42f5a7e6db0b49f2bd7046c52378634825c7ca0004b97afdcbac8a88e4c,ETHUSDT|long|high_volume,1673190060000,1673403840000,2023-01-08T15:01:00+00:00,2023-01-11T02:24:00+00:00,1268.1000000000001,1330.73,0.77,976.4370000000001,195.28740000000002,5,1260.42,1333.0,9.90346588000012,4.185772650664748,exchange_guard_proxy_touch,False,48.22509999999991,2.40131892,-1.43315581717,1.1717244,44.390625262829914,454.61842661461935,2,True
ETHUSDT,long,3eed65f11cd9fd2ce9ffae67d2ec21ed6518f5757eb398d181daa66ccd3ee199,ETHUSDT|long|high_volume,1673529060000,1673529900000,2023-01-12T13:11:00+00:00,2023-01-12T13:25:00+00:00,1403.1000000000001,1392.3700000000001,0.73,1024.2630000000001,204.85260000000002,5,1394.75,1394.75,10.281731720000012,2.079376934718842,exchange_guard_proxy_touch,False,-7.832900000000013,2.44883172,0.0,1.2291156,-10.281731720000012,-100.38175468605242,2,True
ETHUSDT,long,cb863b838d8ff0ef0f78aab5db498c6b1870d2f3962d85b02e503c1f7a22059f,ETHUSDT|long|high_volume,1673601360000,1673605980000,2023-01-13T09:16:00+00:00,2023-01-13T10:33:00+00:00,1413.99,1402.84,0.54,763.5546,152.71092000000002,5,1400.69,1405.23,10.294963920000031,2.7021554284638074,exchange_guard_proxy_touch,False,-6.02100000000005,1.82530584,0.0,0.91626552,-7.846305840000049,-102.76024582917907,2,True
BTCUSDT,long,2881be86f5a082fecc4d4b1bca5520608dcbb77a2d420b76fba8c6719eed45d5,BTCUSDT|long|high_volume,1673830560000,1673856540000,2023-01-16T00:56:00+00:00,2023-01-16T08:09:00+00:00,21021.100000000002,20714.600000000002,0.0235,493.9958500000001,98.79917000000002,5,20669.9,20749.9,10.255093560000034,3.0813008697524946,exchange_guard_proxy_touch,False,-7.20275,1.17694674,-0.09924519999999999,0.59279502,-8.47894194,-171.6399427242152,2,True
ETHUSDT,long,f796f904efb4565f87ccfd8f31bb6bf20f7c50264590f00d4c7f42880c875df5,ETHUSDT|long|confirmed_volume,1673725860000,1673856540000,2023-01-14T19:51:00+00:00,2023-01-16T08:09:00+00:00,1539.3600000000001,1538.6000000000001,0.28,431.02080000000007,86.20416000000002,5,1509.99,1541.23,9.966918080000017,1.6608324411356614,exchange_guard_proxy_touch,False,-0.21279999999999746,1.03419456,-0.7443299548160001,0.5172249600000001,-1.9913245148159975,-46.20019532273146,2,True
BTCUSDT,long,4d9134fab9084cf77a04d30070d2f96838866c17dc6ced33fc06d60d5c74b6d8,BTCUSDT|long|high_volume,1673914560000,1673917920000,2023-01-17T00:16:00+00:00,2023-01-17T01:12:00+00:00,21325.300000000003,21020.100000000002,0.0284,605.6385200000001,121.12770400000002,5,21055.9,21055.9,10.110811232000021,8.690767791508849,exchange_guard_proxy_touch,False,-8.667680000000022,1.4431312320000003,0.0,0.726766224,-10.110811232000023,-166.94465259574343,2,True
BTCUSDT,long,0b0b91b9a52bedc73c8520f0afa6d5ac51e281234bf0e0799a27250e0144aed6,BTCUSDT|long|high_volume,1673956860000,1673966280000,2023-01-17T12:01:00+00:00,2023-01-17T14:38:00+00:00,21264.100000000002,21041.7,0.0346,735.7378600000001,147.14757200000003,5,21062.0,21077.600000000002,9.990689104,3.3423337505441886,exchange_guard_proxy_touch,False,-7.69504000000005,1.756536816,0.0,0.8828854319999999,-9.45157681600005,-128.46391805907678,2,True
ETHUSDT,long,11dd446c946b3bbb8a4dd5e0913f93fbd231a9d2c7cabdf24946c8868c26e5bc,ETHUSDT|long|high_volume,1673895660000,1674056820000,2023-01-16T19:01:00+00:00,2023-01-18T15:47:00+00:00,1575.45,1568.1200000000001,0.16,252.072,50.4144,5,1520.73,1570.8,9.763569279999992,6.052390651976966,exchange_guard_proxy_touch,False,-1.1727999999999883,0.60356544,-0.2515568,0.3024864,-2.027922239999988,-80.4501190136147,2,True
BTCUSDT,long,f6676b09d82d6a1f4ff163a18908eadee42f5e4d47a93f54a1941edb255c5091,BTCUSDT|long|confirmed_volume,1674044460000,1674057120000,2023-01-18T12:21:00+00:00,2023-01-18T15:52:00+00:00,21265.800000000003,21096.0,0.045000000000000005,956.9610000000002,191.39220000000006,5,21132.0,21132.0,9.928537200000132,1.8937019910574386,exchange_guard_proxy_touch,False,-7.6410000000001315,2.2875372,0.0,1.1483532,-9.928537200000132,-103.75069830432096,2,True
BTCUSDT,long,ac29d9c2ae6abe5e88a2ccd9c3ed2093eb95f10791cc6f4c1a8cb031f5a87729,BTCUSDT|long|high_volume,1674102660000,1674190320000,2023-01-19T04:31:00+00:00,2023-01-20T04:52:00+00:00,20856.5,20975.5,0.030600000000000002,638.2089000000001,127.64178000000001,5,20621.0,21011.300000000003,9.802124927999957,3.445012067962185,exchange_guard_proxy_touch,False,3.6414000000000004,1.53607104,-0.384074676,0.76585068,1.7212542840000005,26.970076474959846,2,True
ETHUSDT,long,3dfdf1842f7c3bbe61c4acd333217df3edc8a6f8a1a4cbf8d2622395cef0c0c1,ETHUSDT|long|high_volume,1674141660000,1674190500000,2023-01-19T15:21:00+00:00,2023-01-20T04:55:00+00:00,1546.13,1542.73,0.24,371.07120000000003,74.21424,5,1512.81,1545.36,9.49623168000002,3.4959623098080477,exchange_guard_proxy_touch,False,-0.8160000000000218,0.88959168,-0.14805743999999998,0.44528544,-1.8536491200000218,-49.95400128061735,2,True
ETHUSDT,long,bf407b642684167d7982ff6e328c974016efcb1ba09a69c7c95b35547800ebd9,ETHUSDT|long|high_volume,1674284160000,1674291660000,2023-01-21T06:56:00+00:00,2023-01-21T09:01:00+00:00,1657.05,1642.77,0.47000000000000003,778.8135,155.7627,5,1642.99,1645.57,9.783843359999953,2.075120774913779,exchange_guard_proxy_touch,False,-6.711599999999987,1.8610984799999997,-0.15528894000000001,0.9345761999999999,-8.727987419999987,-112.0677468996106,2,True
ETHUSDT,long,f2cd559fd070ebf779306f25a32799898efe66d48fc5926ed43047abcb470dcd,ETHUSDT|long|high_volume,1674295260000,1674296760000,2023-01-21T10:01:00+00:00,2023-01-21T10:26:00+00:00,1662.97,1642.77,0.4,665.1880000000001,133.03760000000003,5,1645.57,1645.57,9.666755200000019,7.062620625946517,exchange_guard_proxy_touch,False,-8.080000000000018,1.5867551999999998,0.0,0.7982256,-9.666755200000019,-145.32365586871708,2,True
ETHUSDT,long,e3c93fb9e221da001f60f11ed414661491a716415c1dff9d18a0318ab6467a1d,ETHUSDT|long|high_volume,1674328260000,1674341940000,2023-01-21T19:11:00+00:00,2023-01-21T22:59:00+00:00,1667.02,1639.69,0.31,516.7762,103.35524000000001,5,1642.49,1642.49,9.702396119999978,3.24226379541105,exchange_guard_proxy_touch,False,-8.472299999999978,1.2300961199999998,0.0,0.6201314399999999,-9.702396119999978,-187.74850931602458,2,True
BTCUSDT,long,d82a40fddde7e498ea16d3d8a507d4918a582c036cc814d3d3d79ca16dbc1850,BTCUSDT|long|confirmed_volume,1674285060000,1674355440000,2023-01-21T07:11:00+00:00,2023-01-22T02:44:00+00:00,22656.100000000002,22631.300000000003,0.0374,847.3381400000002,169.46762800000005,5,22486.9,22669.9,9.784798936,1.629674594380477,exchange_guard_proxy_touch,False,-0.9275199999999728,2.032498512,-0.511703808,1.016805768,-3.471722319999973,-40.97210022907705,2,True
BTCUSDT,long,7d825ec9a3c1230a3d469b7e5d1151d4e009e1d4d83e8e823228a9d5981d627c,BTCUSDT|long|high_volume,1674362160000,1674386280000,2023-01-22T04:36:00+00:00,2023-01-22T11:18:00+00:00,22841.2,22773.4,0.0359,819.99908,163.999816,5,22669.9,22812.2,9.494365299999922,3.5776772993859347,exchange_guard_proxy_touch,False,-2.434019999999974,1.9650769680000002,-0.164373176,0.983998896,-4.563470143999974,-55.65213736581234,2,True
BTCUSDT,long,90310b43f28c5787e1fe606244a66d20d6d6db01459bf2f3fac17c64182d5623,BTCUSDT|long|high_volume,1674392760000,1674400920000,2023-01-22T13:06:00+00:00,2023-01-22T15:22:00+00:00,22953.300000000003,22773.4,0.0402,922.7226600000001,184.54453200000003,5,22812.2,22812.2,9.437836008000058,2.0547386886886407,exchange_guard_proxy_touch,False,-7.231980000000059,2.205856008,0.0,1.1072671920000001,-9.437836008000058,-102.28247790078177,2,True
ETHUSDT,long,eab8b2e5dd5718012376943f4524b5b8a390b53c8c61da33b5640457f5e818fa,ETHUSDT|long|high_volume,1674399360000,1674400980000,2023-01-22T14:56:00+00:00,2023-01-22T15:23:00+00:00,1645.52,1615.98,0.28,460.7456,92.14912000000001,5,1618.74,1618.74,9.367063999999992,7.400036528567047,exchange_guard_proxy_touch,False,-8.271199999999991,1.095864,0.0,0.55289472,-9.367063999999992,-203.3022995770332,2,True
ETHUSDT,long,93819c7d3c34f6131ee7e3fff2c87a6633e40acab86df36e9f8a7257253c83d1,ETHUSDT|long|confirmed_volume,1674407460000,1674419820000,2023-01-22T17:11:00+00:00,2023-01-22T20:37:00+00:00,1646.63,1615.98,0.26,428.1238,85.62476000000001,5,1618.74,1618.74,8.986934320000024,1.9896300410998216,exchange_guard_proxy_touch,False,-7.969000000000024,1.01793432,0.0,0.51374856,-8.986934320000024,-209.9143827089273,2,True
BTCUSDT,long,e962d2f6f09f45a3b1ebaed50d3cfe8d9ea77b6f2ba52f5dc08167c4b2294cdf,BTCUSDT|long|high_volume,1674456660000,1674458760000,2023-01-23T06:51:00+00:00,2023-01-23T07:26:00+00:00,22822.800000000003,22607.0,0.0339,773.6929200000001,154.738584,5,22645.5,22645.5,9.1637042640001,2.115657503348062,exchange_guard_proxy_touch,False,-7.315620000000099,1.848084264,0.0,0.9284315040000001,-9.1637042640001,-118.4411027568935,2,True
ETHUSDT,long,71e434b0c7a78cbe40283c8224ba1df486ed7d589d67d9205ab49f8f24b23942,ETHUSDT|long|high_volume,1674457560000,1674458760000,2023-01-23T07:06:00+00:00,2023-01-23T07:26:00+00:00,1640.58,1625.3400000000001,0.47000000000000003,771.0726,154.21452,5,1628.11,1628.11,9.004778879999899,2.1008064414726686,exchange_guard_proxy_touch,False,-7.162799999999898,1.84197888,0.0,0.9252871199999999,-9.004778879999897,-116.78250374867291,2,True
ETHUSDT,long,6d2a0201125f94b4d195c900654fa11f507f20e4db83c4cad6656c3066570d90,ETHUSDT|long|high_volume,1674462060000,1674479520000,2023-01-23T08:21:00+00:00,2023-01-23T13:12:00+00:00,1641.78,1625.3400000000001,0.44,722.3832,144.47664,5,1628.11,1628.11,8.958639359999923,2.0742200887937448,exchange_guard_proxy_touch,False,-7.233599999999924,1.7250393599999998,0.0,0.8668598399999999,-8.958639359999923,-124.01505682856306,2,True
BTCUSDT,long,ceeb18e26880daa2c971fbe1fc9199ff235c28ab5bdc064f5ae35ef3e74f267b,BTCUSDT|long|high_volume,1674466260000,1674485940000,2023-01-23T09:31:00+00:00,2023-01-23T14:59:00+00:00,22814.7,22607.0,0.0341,777.98127,155.596254,5,22645.5,22645.5,8.941225964000024,2.145132806720283,exchange_guard_proxy_touch,False,-7.0825700000000245,1.8586559639999995,0.0,0.9335775239999999,-8.941225964000024,-114.9285504521211,2,True
ETHUSDT,long,2b138dee2cb3002b7680dca22580b719fee2894c1cc639a2435ec60a48c14854,ETHUSDT|long|high_volume,1674525360000,1674567720000,2023-01-24T01:56:00+00:00,2023-01-24T13:42:00+00:00,1639.54,1610.66,0.24,393.4896,78.69792,5,1609.61,1613.41,8.775766079999961,4.505816366192789,exchange_guard_proxy_touch,False,-6.931199999999971,0.9360575999999998,-0.07854432,0.47218751999999997,-7.945801919999971,-201.93168815643338,2,True
BTCUSDT,long,d05bf07097c1a9c25c2ee24ce48093c3f12c21afe7c5adad2826bbf03bf8c492,BTCUSDT|long|confirmed_volume,1674520560000,1674570660000,2023-01-24T00:36:00+00:00,2023-01-24T14:31:00+00:00,23017.300000000003,22721.2,0.019200000000000002,441.9321600000001,88.38643200000003,5,22652.9,22759.9,8.788952064000002,1.7677847981760222,exchange_guard_proxy_touch,False,-5.685120000000042,1.05381504,-0.08852083200000001,0.5303185920000001,-6.8274558720000424,-154.49103934866474,2,True
ETHUSDT,long,937f37af1d91638c698ed059310fc4cfbd4d86df1849193e80d4a545e1544916,ETHUSDT|long|high_volume,1674651960000,1674658740000,2023-01-25T13:06:00+00:00,2023-01-25T14:59:00+00:00,1566.96,1534.23,0.23,360.4008,72.08016,5,1536.85,1536.85,8.383828440000006,4.512266946974689,exchange_guard_proxy_touch,False,-7.527900000000004,0.85592844,0.0,0.43248095999999997,-8.383828440000004,-232.62513401746065,2,True
ETHUSDT,long,a8a9843c79ec6a6fcf7a9022725fdbfcae324084727b375d3e9892076fe46ba7,ETHUSDT|long|high_volume,1674735960000,1674748500000,2023-01-26T12:26:00+00:00,2023-01-26T15:55:00+00:00,1611.54,1588.53,0.3,483.462,96.69239999999999,5,1589.56,1591.24,8.558420399999948,2.4322649701755488,exchange_guard_proxy_touch,False,-6.902999999999997,1.1520251999999997,0.0,0.5801544,-8.055025199999996,-166.6113407051639,2,True
BTCUSDT,long,7175c0736951046a544b22cc83afb09597d9bc618a6b534fd622e1166297593d,BTCUSDT|long|high_volume,1674757860000,1674778800000,2023-01-26T18:31:00+00:00,2023-01-27T00:20:00+00:00,23109.5,22915.800000000003,0.024300000000000002,561.5608500000001,112.31217000000001,5,22855.9,22954.9,8.44696674,3.947375990199357,exchange_guard_proxy_touch,False,-4.7069099999999295,1.342097748,-0.11178923400000003,0.67387302,-6.16079698199993,-109.70844890629269,2,True
ETHUSDT,long,df9c9b3d783265d7f48e2c328fcd7a0bfb80afba0d81a41bf2d40aca0a95455b,ETHUSDT|long|high_volume,1674757860000,1674778980000,2023-01-26T18:31:00+00:00,2023-01-27T00:23:00+00:00,1605.51,1590.72,0.4,642.2040000000001,128.44080000000002,5,1591.24,1593.43,8.325139200000008,4.747554696349755,exchange_guard_proxy_touch,False,-5.915999999999986,1.5341904,-0.1280552,0.7706447999999999,-7.5782455999999865,-118.00371221605573,2,True
ETHUSDT,long,d7d2246b67954743830696a61f788bf12b96b9e6637e8b7ef73f706ef03343aa,ETHUSDT|long|high_volume,1674842160000,1674890400000,2023-01-27T17:56:00+00:00,2023-01-28T07:20:00+00:00,1609.95,1588.96,0.13,209.29350000000002,41.858700000000006,5,1555.29,1591.67,7.943664039999993,8.55409179900164,exchange_guard_proxy_touch,False,-2.7287000000000012,0.49902995999999994,-0.04152408,0.2511522,-3.269254040000001,-156.20427963601358,2,True
BTCUSDT,long,dce55fe1dc7f39357c136321aa27cde2d2df2e9c06beaece0824f794e16a1045,BTCUSDT|long|high_volume,1674832560000,1674897420000,2023-01-27T15:16:00+00:00,2023-01-28T09:17:00+00:00,23144.300000000003,22900.9,0.0247,571.66421,114.332842,5,22900.0,22939.9,8.361107092000072,2.163672727249122,exchange_guard_proxy_touch,False,-6.011980000000036,1.364779728,-0.340767128,0.685997052,-7.7175268560000365,-135.00104993454175,2,True
ETHUSDT,long,ba951f8e668d80ad1b9ee92fb96ad1f077ced4fb4b106ef2d0cae9cd25a4a54c,ETHUSDT|long|high_volume,1674987060000,1675060680000,2023-01-29T10:11:00+00:00,2023-01-30T06:38:00+00:00,1610.6000000000001,1629.38,0.28,450.9680000000001,90.19360000000002,5,1587.8700000000001,1632.16,8.19417872000002,7.363863485702559,exchange_guard_proxy_touch,False,5.258399999999993,1.08863328,-0.18237128000000002,0.5411616,3.987395439999993,88.41858934558532,2,True
BTCUSDT,long,182e76558c4708014bce007abd90f9477c7b0e76d3638eb8f7134cb85f113d4c,BTCUSDT|long|high_volume,1674950460000,1675067160000,2023-01-29T00:01:00+00:00,2023-01-30T08:26:00+00:00,23060.5,23527.800000000003,0.0375,864.76875,172.95374999999999,5,22935.0,23567.9,8.2367925,3.456692395234151,exchange_guard_proxy_touch,False,17.52375000000011,2.0964735,-0.70583475,1.0377224999999999,14.72144175000011,170.23558899416878,2,True
ETHUSDT,long,dbd01bfcf91ffa6c00baa0aec313466864bafdfa0d9ac0520cf770a844e3d7b3,ETHUSDT|long|confirmed_volume,1675168260000,1675199820000,2023-01-31T12:31:00+00:00,2023-01-31T21:17:00+00:00,1577.23,1562.42,0.37,583.5751,116.71502000000001,5,1561.03,1565.09,8.370406399999963,1.5611434952066827,exchange_guard_proxy_touch,False,-5.47969999999998,1.3940046,-0.11754825999999999,0.7002901199999999,-6.99125285999998,-119.80039689835944,2,True
ETHUSDT,long,ba13dc4e4706016d7234ddb8abcd9df1a30a6affa3070c4006282c0540ec90fc,ETHUSDT|long|high_volume,1675205760000,1675232340000,2023-01-31T22:56:00+00:00,2023-02-01T06:19:00+00:00,1595.27,1575.42,0.23,366.9121,73.38242,5,1565.09,1578.11,8.42702243999998,5.821877102608349,exchange_guard_proxy_touch,False,-4.56549999999998,0.8751104399999999,-0.07291092,0.44029452,-5.51352135999998,-150.26818030803508,2,True
BTCUSDT,long,2b0ecd6d53081c88ce3675ae2d56a8014aa0a7a3aafc889ab1690766d955fae2,BTCUSDT|long|confirmed_volume,1675169760000,1675234860000,2023-01-31T12:56:00+00:00,2023-02-01T07:01:00+00:00,22946.5,22988.7,0.027600000000000003,633.3234000000001,126.66468000000002,5,22735.4,23027.9,8.40618278399998,1.7814741796022726,exchange_guard_proxy_touch,False,1.1647200000000202,1.5213738239999999,-0.25520892,0.7599880800000001,-0.6118627439999798,-9.661142222125056,2,True
BTCUSDT,long,6fdcde83854433f81546f70816147b1db1d5eb01e2318eeb66f20b1b69afb2aa,BTCUSDT|long|high_volume,1675347660000,1675349820000,2023-02-02T14:21:00+00:00,2023-02-02T14:57:00+00:00,23943.600000000002,23619.600000000002,0.0218,521.9704800000001,104.39409600000002,5,23659.9,23659.9,8.307453312,3.6869511646256687,exchange_guard_proxy_touch,False,-7.0632,1.244253312,0.0,0.6263645760000001,-8.307453312,-159.15561569688768,2,True
ETHUSDT,long,3f7a4c307679a53f7f1de1ed9ecfb5fd35c1a95798d2cd2cbb8a9aed6f8b2d93,ETHUSDT|long|high_volume,1675332060000,1675349820000,2023-02-02T10:01:00+00:00,2023-02-02T14:57:00+00:00,1677.28,1657.76,0.35000000000000003,587.048,117.4096,5,1660.59,1660.59,8.232716799999993,3.3592604108160895,exchange_guard_proxy_touch,False,-6.8319999999999945,1.4007167999999999,0.0,0.7044576,-8.232716799999995,-140.2392444910807,2,True
ETHUSDT,long,a836b5548174e25b0dd0e9a38e1db64e686450616cd41ee16d7b7299df3f90d5,ETHUSDT|long|high_volume,1675421160000,1675431060000,2023-02-03T10:46:00+00:00,2023-02-03T13:31:00+00:00,1646.65,1628.21,0.36,592.794,118.55879999999999,5,1630.99,1630.99,8.05313952000002,2.667813677031414,exchange_guard_proxy_touch,False,-6.638400000000019,1.41473952,0.0,0.7113527999999999,-8.05313952000002,-135.85055719187474,2,True
BTCUSDT,long,80c1a7e97028cac58f049954c4dba3f24f5b14e0df4080ed81363e8ce6ecff76,BTCUSDT|long|confirmed_volume,1675505460000,1675553880000,2023-02-04T10:11:00+00:00,2023-02-04T23:38:00+00:00,23389.800000000003,23315.100000000002,0.0341,797.5921800000001,159.518436,5,23249.9,23354.9,8.027826092,1.9752339734519069,exchange_guard_proxy_touch,False,-2.5472700000000246,1.9111645080000002,-0.159725082,0.9571106159999999,-4.618159590000024,-57.90126465382375,2,True
ETHUSDT,long,63596855024b51cb0abfd0481a00302b6841e9ec826c39f4be487424a50f56b6,ETHUSDT|long|high_volume,1675494660000,1675553880000,2023-02-04T07:11:00+00:00,2023-02-04T23:38:00+00:00,1658.41,1669.17,0.53,878.9573,175.79146,5,1649.99,1672.02,8.05425524000001,2.3056269006420878,exchange_guard_proxy_touch,False,5.702799999999995,2.1163408799999996,-0.35390220000000006,1.05474876,3.232556919999996,36.77717814050803,2,True
ETHUSDT,long,8636e3400f2f15772639d8b983f323c8d6fa5ba939475577658db4bbd41b4b9a,ETHUSDT|long|high_volume,1675577160000,1675601400000,2023-02-05T06:06:00+00:00,2023-02-05T12:50:00+00:00,1671.42,1653.8600000000001,0.37,618.4254,123.68508,5,1656.68,1656.68,7.9736243199999794,2.331012258124071,exchange_guard_proxy_touch,False,-6.49719999999998,1.47642432,-0.12343496,0.7421104799999999,-8.09705927999998,-130.9302509243634,2,True
ETHUSDT,long,23875b83419bfac5c139fbf51bd6453de23ce57e6d12821ff7f3f1add5d5729e,ETHUSDT|long|high_volume,1675698960000,1675724880000,2023-02-06T15:56:00+00:00,2023-02-06T23:08:00+00:00,1636.97,1619.52,0.37,605.6789,121.13578,5,1622.28,1622.28,7.902381560000017,2.453172557510956,exchange_guard_proxy_touch,False,-6.456500000000017,1.44588156,-0.12199565999999999,0.7268146799999999,-8.024377220000018,-132.4856655894735,2,True
BTCUSDT,long,35c5cccf04202eaa5f64281f611832a8d83b61902faae3a8243c382b82cd7a33,BTCUSDT|long|high_volume,1675698960000,1675725060000,2023-02-06T15:56:00+00:00,2023-02-06T23:11:00+00:00,22941.7,22702.2,0.027,619.4259,123.88517999999999,5,22740.9,22740.9,7.945362359999999,2.362654582636285,exchange_guard_proxy_touch,False,-6.4665,1.47886236,-0.1244187,0.74331108,-8.06978106,-130.2783926212966,2,True
BTCUSDT,long,68da81c98bb5c56f16a8d9da33fec929ad4467a1066bd5250dc907d8af922d00,BTCUSDT|long|high_volume,1675792260000,1675794420000,2023-02-07T17:51:00+00:00,2023-02-07T18:27:00+00:00,23210.9,22815.800000000003,0.0173,401.54857,80.309714,5,22854.7,22854.7,7.7907442919999745,15.898857684441563,exchange_guard_proxy_touch,False,-6.835229999999974,0.9555142919999999,0.0,0.48185828399999997,-7.7907442919999745,-194.0174831652364,2,True
ETHUSDT,long,cc4256b447d6f13029f5239f316af4511499f507ddf48c94e11282a093db68d6,ETHUSDT|long|high_volume,1675792260000,1675794600000,2023-02-07T17:51:00+00:00,2023-02-07T18:30:00+00:00,1660.1000000000001,1625.22,0.2,332.02000000000004,66.40400000000001,5,1627.99,1627.99,7.764476800000022,15.026715903437703,exchange_guard_proxy_touch,False,-6.976000000000022,0.7884768,0.0,0.398424,-7.764476800000022,-233.85569544003437,2,True
ETHUSDT,long,ddb8a01059c05ed5e6569185b8a6e9c6655bdf3f6733eb330c5a728c16cf717f,ETHUSDT|long|high_volume,1675867560000,1675867980000,2023-02-08T14:46:00+00:00,2023-02-08T14:53:00+00:00,1682.1200000000001,1664.82,0.35000000000000003,588.7420000000001,117.74840000000002,5,1667.66,1667.66,7.460714800000065,6.335383380297092,exchange_guard_proxy_touch,False,-6.0550000000000646,1.4057148,0.0,0.7064904000000001,-7.460714800000065,-126.72299241433538,2,True
BTCUSDT,long,a899bedf1202c3a1e225527fec8cfda6a3a1cf815a340a3075e04a606c6943f1,BTCUSDT|long|high_volume,1675801860000,1675871520000,2023-02-07T20:31:00+00:00,2023-02-08T15:52:00+00:00,23206.4,22815.800000000003,0.0171,396.82944000000003,79.36588800000001,5,22854.7,22854.7,7.623635543999975,2.255243517261677,exchange_guard_proxy_touch,False,-6.679259999999975,0.9443755440000001,-0.15889696200000003,0.47619532800000003,-7.782532505999976,-196.1178209459453,2,True
ETHUSDT,long,88acfdaec2ea46613ab4adcb8fb925f34d196e02608288c6f86878f07fabfbb1,ETHUSDT|long|high_volume,1675904460000,1675911300000,2023-02-09T01:01:00+00:00,2023-02-09T02:55:00+00:00,1658.13,1633.42,0.26,431.1138,86.22276000000001,5,1636.21,1636.21,7.45156360000001,2.0927546957275744,exchange_guard_proxy_touch,False,-6.42460000000001,1.0269636,0.0,0.51733656,-7.45156360000001,-172.84446937212425,2,True
BTCUSDT,long,bb8695f0b53c5ac5196db6a647fb38486ac23ef72acb3a35c021e54c592e78db,BTCUSDT|long|high_volume,1675901160000,1675911660000,2023-02-09T00:06:00+00:00,2023-02-09T03:01:00+00:00,23025.0,22727.5,0.0212,488.13,97.626,5,22766.300000000003,22766.300000000003,7.4709436,2.4656483505642988,exchange_guard_proxy_touch,False,-6.307,1.1639436,0.0,0.5857559999999999,-7.4709436,-153.05233441910966,2,True
ETHUSDT,long,edc86d474a87c41122b8467553fb719153258fe38c1bb21c27ed6827f4d31ec3,ETHUSDT|long|high_volume,1676039760000,1676043720000,2023-02-10T14:36:00+00:00,2023-02-10T15:42:00+00:00,1547.83,1528.38,0.27,417.9141,83.58282,5,1527.84,1530.99,7.094974679999979,3.068639070880564,exchange_guard_proxy_touch,False,-5.251499999999951,0.9966920399999999,0.0,0.50149692,-6.248192039999951,-149.50900292667683,2,True
BTCUSDT,long,7b6925c7dc1c565ae8c08ccff71b332249dff1eb13cfcc07c86804db9322379f,BTCUSDT|long|high_volume,1676506560000,1676555340000,2023-02-16T00:16:00+00:00,2023-02-16T13:49:00+00:00,24689.100000000002,24385.300000000003,0.0026000000000000003,64.19166000000001,12.838332000000003,5,22075.800000000003,24426.9,7.038129176000004,9.31862707741009,exchange_guard_proxy_touch,False,-0.7898799999999983,0.15311212800000004,-0.012808016000000002,0.077029992,-0.9558001439999984,-148.897869910203,2,True
BTCUSDT,long,0cb2e2e89ab95548c8aee533f2817495b8ca04abede80f2515ee8666541e207c,BTCUSDT|long|high_volume,1676562360000,1676583060000,2023-02-16T15:46:00+00:00,2023-02-16T21:31:00+00:00,24901.9,24385.300000000003,0.0126,313.76394000000005,62.75278800000001,5,24426.9,24426.9,7.254382463999981,3.4952537181238283,exchange_guard_proxy_touch,False,-6.509159999999982,0.745222464,-0.14650398609839999,0.37651672799999997,-7.400886450098382,-235.87434713174437,2,True
BTCUSDT,long,d7cb7ae6fe97535fb4c2e2f673d02ea329a5803e22d4b768a5ebf7f8641202ef,BTCUSDT|long|high_volume,1676633460000,1676706840000,2023-02-17T11:31:00+00:00,2023-02-18T07:54:00+00:00,23847.7,24460.800000000003,0.016900000000000002,403.0261300000001,80.60522600000002,5,23519.9,24502.5,7.175623727999988,3.15763556127957,exchange_guard_proxy_touch,False,10.361390000000037,0.97969638,-0.16464858800000004,0.483631356,9.217045032000037,228.69596648733506,2,True
BTCUSDT,long,83011cf9cb1286e4ded2ef9fe9d2faf49bfc035aa4878249af3296b687401aaf,BTCUSDT|long|high_volume,1676732160000,1676826420000,2023-02-18T14:56:00+00:00,2023-02-19T17:07:00+00:00,24717.2,24511.7,0.019100000000000002,472.09852000000006,94.41970400000001,5,24436.300000000003,24553.5,7.285394748000001,3.4181898687082595,exchange_guard_proxy_touch,False,-3.9250500000000006,1.128326388,-0.3774660420000001,0.5665182240000001,-5.43084243,-115.03620960302946,2,True
BTCUSDT,long,329b1bbaede9f7a3af3c8bab61e12b922dfd7819802d9064bf24558bac085633,BTCUSDT|long|high_volume,1676903160000,1676969220000,2023-02-20T14:26:00+00:00,2023-02-21T08:47:00+00:00,24972.2,24609.100000000002,0.010100000000000001,252.21922000000004,50.443844000000006,5,24361.100000000002,24651.100000000002,7.188676615999986,4.22587905939408,exchange_guard_proxy_touch,False,-3.667309999999986,0.6009253560000001,-0.15109438400000003,0.30266306400000004,-4.419329739999986,-175.21780219604142,2,True
BTCUSDT,long,76c045c27776f9e8b9f4b222399bcb4b86018e09ab05ac05d440a3025669f13d,BTCUSDT|long|high_volume,1677196260000,1677226500000,2023-02-23T23:51:00+00:00,2023-02-24T08:15:00+00:00,23960.600000000002,23709.5,0.0207,495.98442000000006,99.19688400000001,5,23711.4,23749.9,7.177888944000045,2.1917257959267786,exchange_guard_proxy_touch,False,-5.1977700000000455,1.184125284,-0.09812220913799999,0.595181304,-6.480017493138046,-130.64961784763412,2,True
BTCUSDT,long,b4ecd7f4b22d50b217c6d71f4588b78f662826621802fee6465483e80604e91c,BTCUSDT|long|high_volume,1677227760000,1677245760000,2023-02-24T08:36:00+00:00,2023-02-24T13:36:00+00:00,23977.600000000002,23709.5,0.0219,525.1094400000001,105.02188800000002,5,23749.9,23749.9,7.124606988000047,6.329684974082351,exchange_guard_proxy_touch,False,-5.871390000000048,1.2532169880000001,0.0,0.6301313279999999,-7.124606988000048,-135.6785166155087,2,True
BTCUSDT,long,22f964ffd6fc4b79515eab5ffd3559696cdb59f7039f932f6c27e76f45f3d93b,BTCUSDT|long|high_volume,1677312060000,1677318780000,2023-02-25T08:01:00+00:00,2023-02-25T09:53:00+00:00,23145.7,22970.800000000003,0.030600000000000002,708.2584200000001,141.65168400000002,5,23010.0,23010.0,7.045337879999933,2.4005642888033223,exchange_guard_proxy_touch,False,-5.351939999999933,1.69339788,0.0,0.849910104,-7.045337879999933,-99.47411398229382,2,True
BTCUSDT,long,ffd7ad027f51ff8cd9a61426bc81571cb3f1811a66e7e9bb75e91beb7d5e6c89,BTCUSDT|long|high_volume,1677403860000,1677476700000,2023-02-26T09:31:00+00:00,2023-02-27T05:45:00+00:00,23271.9,23384.4,0.0241,560.85279,112.170558,5,23077.100000000002,23424.300000000003,6.981086523999965,3.3445781516693738,exchange_guard_proxy_touch,False,2.71125,1.349300196,-0.1661421381132,0.673023348,1.1958076658868002,21.321239498279045,2,True
BTCUSDT,long,34db206a22f99e94ace446ba7d3a761436d2ed0ce9ea29f63edac9ec0d4b2b0b,BTCUSDT|long|high_volume,1677682260000,1677682740000,2023-03-01T14:51:00+00:00,2023-03-01T14:59:00+00:00,23843.7,23629.9,0.0258,615.16746,123.033492,5,23670.2,23670.2,6.985822655999981,8.997038563781205,exchange_guard_proxy_touch,False,-5.516039999999982,1.469782656,0.0,0.738200952,-6.985822655999982,-113.55969081979698,2,True
BTCUSDT,long,1fc38f8c43361f363d3c49085cfdba35310f6fc55092f3649969e310a195e38c,BTCUSDT|long|high_volume,1677789960000,1677806280000,2023-03-02T20:46:00+00:00,2023-03-03T01:18:00+00:00,23560.100000000002,23332.300000000003,0.018500000000000003,435.8618500000001,87.17237000000003,5,23281.5,23372.100000000002,6.925704400000014,4.893994969303451,exchange_guard_proxy_touch,False,-4.214299999999987,1.0410112800000002,-0.08679127,0.5230342200000001,-5.3421025499999875,-122.56412324226095,2,True
BTCUSDT,long,f81bb115d9071e73c6588c5153c5b7dcfb024f574a1e996953484afd745e3064,BTCUSDT|long|confirmed_volume,1677931860000,1677944520000,2023-03-04T12:11:00+00:00,2023-03-04T15:42:00+00:00,22389.7,22272.9,0.031400000000000004,703.0365800000001,140.60731600000003,5,22262.100000000002,22310.9,6.877751752000001,1.960553263742611,exchange_guard_proxy_touch,False,-3.6675199999999775,1.6828867680000004,0.0,0.843643896,-5.350406767999978,-76.10424436236273,2,True
BTCUSDT,long,d81ca642cfa7ba43134ef4e06f71103491d2e731cb4e5ca49a48df3c9c64be15,BTCUSDT|long|high_volume,1678011960000,1678067640000,2023-03-05T10:26:00+00:00,2023-03-06T01:54:00+00:00,22469.800000000003,22271.9,0.0176,395.46848000000006,79.09369600000001,5,22174.800000000003,22309.9,6.797617728000013,3.231075281206343,exchange_guard_proxy_touch,False,-3.4830400000000257,0.9449447040000001,-0.0612455497984,0.47456217600000006,-4.489230253798426,-113.51676507312101,2,True
BTCUSDT,long,b0345351e02c8f6576496e29503ec60a6be970f7719e1090af5f4b66efdda019,BTCUSDT|long|high_volume,1678092060000,1678136220000,2023-03-06T08:41:00+00:00,2023-03-06T20:57:00+00:00,22464.0,22309.9,0.027100000000000003,608.7744,121.75488,5,22305.9,22347.9,6.768991387999961,6.475695731991862,exchange_guard_proxy_touch,False,-4.176109999999961,1.456047228,-0.0661516693168,0.7305292800000001,-5.698308897316761,-93.60296519230705,2,True
BTCUSDT,long,7e2132555fde4457a90ac0a5ddc210f6c8e05eeba19633211de4785c9d6fe117,BTCUSDT|long|high_volume,1678158360000,1678181160000,2023-03-07T03:06:00+00:00,2023-03-07T09:26:00+00:00,22557.300000000003,22326.0,0.0235,530.0965500000001,106.01931000000002,5,22364.100000000002,22364.100000000002,6.701259060000068,2.7011967858021317,exchange_guard_proxy_touch,False,-5.4355500000000685,1.26570906,-0.046077478125,0.63611586,-6.747336538125069,-127.28504907502355,2,True
BTCUSDT,long,4c7a688250a94f9e6f99c0f29e15e60fc1e39492a7b18ad4e802261a1aed9a01,BTCUSDT|long|confirmed_volume,1678185060000,1678186260000,2023-03-07T10:31:00+00:00,2023-03-07T10:51:00+00:00,22449.7,22326.0,0.0375,841.86375,168.37275,5,22364.100000000002,22364.100000000002,6.653656500000027,1.7292617553860958,exchange_guard_proxy_touch,False,-4.6387500000000275,2.0149064999999995,0.0,1.0102364999999998,-6.653656500000027,-79.03483788202102,2,True
BTCUSDT,long,81b9d4d82f41e8ef7b95cb1d505f5a9fed7c11e735df81ec68156485b8e052f4,BTCUSDT|long|high_volume,1678233960000,1678254000000,2023-03-08T00:06:00+00:00,2023-03-08T05:40:00+00:00,22272.800000000003,21891.600000000002,0.0151,336.31928000000005,67.263856,5,21928.9,21928.9,6.556378928000011,4.998362331267201,exchange_guard_proxy_touch,False,-5.756120000000011,0.8002589280000001,0.0,0.403583136,-6.556378928000011,-194.9450809956542,2,True
BTCUSDT,long,3cf2194eed3dfb1761f990c2b6b5d6201f5989b241f1ef7190ed0501da8dd4f6,BTCUSDT|long|high_volume,1678307760000,1678312140000,2023-03-08T20:36:00+00:00,2023-03-08T21:49:00+00:00,22149.600000000002,21898.600000000002,0.0181,400.90776000000005,80.18155200000001,5,21879.9,21935.9,6.510402756000026,7.896270948914969,exchange_guard_proxy_touch,False,-4.543100000000001,0.9567269040000002,0.0,0.481089312,-5.499826904000001,-137.18434644417957,2,True
BTCUSDT,long,d31ebebe63d0f59a5415deea88c4995f994849df52d23ab1e3092a072618ddb9,BTCUSDT|long|high_volume,1678856760000,1678860420000,2023-03-15T05:06:00+00:00,2023-03-15T06:07:00+00:00,24919.2,24625.4,0.0092,229.25664,45.851328,5,24317.9,24667.4,6.4559605280000065,2.4157361500323344,exchange_guard_proxy_touch,False,-2.7029599999999934,0.546972384,0.0,0.275107968,-3.2499323839999934,-141.7595749462259,2,True
BTCUSDT,long,75bdfa68c669a5133bff602d5bbe56f4177a6cf7b4c1007cc0241771ceb1caea,BTCUSDT|long|high_volume,1678867260000,1678872600000,2023-03-15T08:01:00+00:00,2023-03-15T09:30:00+00:00,24916.100000000002,24625.4,0.0183,455.96463000000006,91.19292600000001,5,24667.4,24667.4,6.407741340000013,3.933707110273252,exchange_guard_proxy_touch,False,-5.319810000000014,1.08793134,0.0,0.547157556,-6.407741340000014,-140.53154386119846,2,True
BTCUSDT,long,43216923bdc9a22fbbaeb435564881a757a8dc1d17dcc3dcb64490120a0574f9,BTCUSDT|long|high_volume,1678944360000,1679127180000,2023-03-16T05:26:00+00:00,2023-03-18T08:13:00+00:00,24409.300000000003,27103.7,0.0164,400.31252000000006,80.06250400000002,5,24120.4,27149.9,6.366255648000001,4.181546233755037,exchange_guard_proxy_touch,False,44.18815999999997,1.01377584,-0.5410850509240002,0.48037502400000004,42.63329910907596,1065.0003929199106,2,True
ETHUSDT,long,5fca97f7c61a40d244ce7d17605c2e480679ecdf292d370449298e8312b201fa,ETHUSDT|long|high_volume,1679101260000,1679127180000,2023-03-18T01:01:00+00:00,2023-03-18T08:13:00+00:00,1820.81,1797.92,0.05,91.04050000000001,18.2081,5,1702.46,1800.99,6.273722200000001,7.911962106830924,exchange_guard_proxy_touch,False,-1.1444999999999936,0.21712379999999998,-0.0181429,0.10924859999999999,-1.3797666999999936,-151.55526386608088,2,True
ETHUSDT,long,8ff1d65b9efec80b7da9fb040a985878b7c08eb7e59570bda9b804c8e1d5850e,ETHUSDT|long|confirmed_volume,1679134860000,1679152080000,2023-03-18T10:21:00+00:00,2023-03-18T15:08:00+00:00,1816.5,1799.99,0.29,526.785,105.357,5,1800.99,1803.06,6.646018159999978,1.8013741110244441,exchange_guard_proxy_touch,False,-4.787899999999997,1.2585385199999999,0.0,0.6321419999999999,-6.046438519999997,-114.78000550509216,2,True
BTCUSDT,long,68f7d77afa7fbbd0736f65ec12c6ccbefc1dabbcd9f8b28f346eb97f788ea317,BTCUSDT|long|high_volume,1679132760000,1679153280000,2023-03-18T09:46:00+00:00,2023-03-18T15:28:00+00:00,27414.100000000002,27223.5,0.018000000000000002,493.4538000000001,98.69076000000003,5,27149.9,27269.9,6.764784480000027,2.038010995370518,exchange_guard_proxy_touch,False,-3.4308000000000396,1.1801721600000004,0.0,0.59214456,-4.61097216000004,-93.44283416198314,2,True
ETHUSDT,long,0ea267479d2c5fad09280dfda4cf5ea402922cb508bc43cd6be8bb0ac62be817,ETHUSDT|long|high_volume,1679214360000,1679270700000,2023-03-19T08:26:00+00:00,2023-03-20T00:05:00+00:00,1779.3,1762.16,0.18,320.274,64.0548,5,1750.22,1765.17,6.53253263999999,2.850238597638887,exchange_guard_proxy_touch,False,-3.085199999999977,0.76495536,-0.12861936000000002,0.38432879999999997,-3.978774719999977,-124.23033777328091,2,True
BTCUSDT,long,6f7514b947cc9d06c3b1e34ea2c89d83dc2afbb927450db2a8a4dec871fedd70,BTCUSDT|long|high_volume,1679198460000,1679274120000,2023-03-19T04:01:00+00:00,2023-03-20T01:02:00+00:00,27275.2,27675.100000000002,0.0112,305.48224,61.096447999999995,5,26789.9,27722.300000000003,6.672102079999975,3.3970898771598805,exchange_guard_proxy_touch,False,4.478880000000016,0.738532032,-0.184694496,0.36657868799999993,3.555653472000016,116.39476887428924,2,True
BTCUSDT,long,e234537008240b98b9c10323350c881eb04a9e2c3b12c2f79faa81a6074e6767,BTCUSDT|long|confirmed_volume,1679372460000,1679382420000,2023-03-21T04:21:00+00:00,2023-03-21T07:07:00+00:00,27926.100000000002,27519.800000000003,0.014100000000000001,393.75801000000007,78.75160200000002,5,27566.7,27566.7,6.66697462799999,1.5802086720940047,exchange_guard_proxy_touch,False,-5.7288299999999905,0.9381446280000002,0.0,0.472509612,-6.66697462799999,-169.31654617007,2,True
BTCUSDT,long,c0f40c1e831d3eab4883c5617ffe6858a529bd4d6ba3deee7be9a6d366f243ec,BTCUSDT|long|confirmed_volume,1679389860000,1679434620000,2023-03-21T09:11:00+00:00,2023-03-21T21:37:00+00:00,27722.4,27873.9,0.0245,679.1988,135.83976,5,27566.7,27921.4,6.587820679999965,1.6155961668989587,exchange_guard_proxy_touch,False,3.7117500000000003,1.63453122,-0.004010346396000001,0.8150385600000001,2.0732084336040004,30.524324153752925,2,True
ETHUSDT,long,a7c3a70764a095f19c104f1c896d0bb5522ded737b97d3e70cae5a5c1d652142,ETHUSDT|long|confirmed_volume,1679440860000,1679445480000,2023-03-21T23:21:00+00:00,2023-03-22T00:38:00+00:00,1799.42,1777.81,0.19,341.88980000000004,68.37796,5,1772.3,1780.84,6.540263600000019,1.8037772751898271,exchange_guard_proxy_touch,False,-4.105900000000024,0.8156084399999999,-0.035201182124,0.41026776000000004,-4.956709622124024,-144.97974558246617,2,True
ETHUSDT,long,b11eab85b36a58326e8b630ee25cd16ba87cacf0674a50ac5b4739c3ad14a343,ETHUSDT|long|confirmed_volume,1679451360000,1679476560000,2023-03-22T02:16:00+00:00,2023-03-22T09:16:00+00:00,1800.03,1777.81,0.24,432.00719999999995,86.40144,5,1780.84,1780.84,6.3632179200000065,1.675458677087687,exchange_guard_proxy_touch,False,-5.332800000000006,1.0304179199999999,-0.010896585168000001,0.51840864,-6.374114505168006,-147.5464877707595,2,True
ETHUSDT,long,0019eb8cd4d99fc1b2ef835351b3b669cc250a9e4c42531c2fd077bb79cf5bc1,ETHUSDT|long|high_volume,1679487660000,1679505540000,2023-03-22T12:21:00+00:00,2023-03-22T17:19:00+00:00,1802.79,1776.98,0.21,378.5859,75.71718,5,1780.01,1780.01,6.322202039999988,4.549350807848571,exchange_guard_proxy_touch,False,-5.420099999999988,0.9021020399999999,-0.042004789679999995,0.4543030799999999,-6.364206829679988,-168.10469776291163,2,True
BTCUSDT,long,2baf85416d774666956923007dc4aed292d5e30f8dc9747825b6fcfe91f4f22c,BTCUSDT|long|high_volume,1679441460000,1679510100000,2023-03-21T23:31:00+00:00,2023-03-22T18:35:00+00:00,28129.2,27914.4,0.0205,576.6486,115.32972,5,27921.4,27962.0,6.611326259999985,2.2536476560081518,exchange_guard_proxy_touch,False,-4.403399999999985,1.37867256,-0.065671832574,0.69197832,-5.847744392573985,-101.40914922144934,2,True
BTCUSDT,long,bfabfbc671480540d2b7c77a8c882fc3b02e13301997bfd50c437fe42c37bcc3,BTCUSDT|long|high_volume,1679549760000,1679577480000,2023-03-23T05:36:00+00:00,2023-03-23T13:18:00+00:00,27540.7,27241.5,0.0175,481.96225000000004,96.39245000000001,5,27287.9,27287.9,6.386426200000013,8.745409942564418,exchange_guard_proxy_touch,False,-5.236000000000013,1.1504261999999998,0.005267809225000001,0.5783547,-6.381158390775013,-132.3995476984974,2,True
ETHUSDT,long,dbd4c029d3e1d1b0ab68a223e03a06a16fe1a3a5bac92be599edb152e7337b80,ETHUSDT|long|high_volume,1679613660000,1679632980000,2023-03-23T23:21:00+00:00,2023-03-24T04:43:00+00:00,1817.65,1802.49,0.19,345.3535,69.0707,5,1791.64,1805.56,6.34362271999999,3.559031574320678,exchange_guard_proxy_touch,False,-2.8804000000000154,0.82539192,-0.06890388,0.41442419999999996,-3.7746958000000155,-109.29948009792909,2,True
BTCUSDT,long,d5a252ec47bcd888720a3109a140e8c36d767f55d491e1b53b8965ad3d51859b,BTCUSDT|long|high_volume,1679583060000,1679633760000,2023-03-23T14:51:00+00:00,2023-03-24T04:56:00+00:00,27598.9,28072.0,0.0103,284.26867000000004,56.85373400000001,5,27100.9,28119.9,6.279749731999985,4.139980950635045,exchange_guard_proxy_touch,False,4.872929999999985,0.6880923239999999,-0.11712871600000001,0.341122404,4.067708959999985,143.09381895655207,2,True
BTCUSDT,long,f0a61749cc369a00ff2732dbebb099cf39a0c25c036a200370c85e39dad80f61,BTCUSDT|long|high_volume,1679639460000,1679645340000,2023-03-24T06:31:00+00:00,2023-03-24T08:09:00+00:00,28357.2,28072.0,0.0179,507.59388,101.518776,5,28119.9,28119.9,6.317179216000013,2.5806741227170127,exchange_guard_proxy_touch,False,-5.1050800000000125,1.2120992159999997,-0.10120660000000001,0.6091126559999999,-6.418385816000012,-126.44726559744991,2,True
ETHUSDT,long,97ec9f949b44bb4e8b7184edd7b1d4ba5edcac3a6dd8e3d78f9e2d273c04d8c1,ETHUSDT|long|high_volume,1679700360000,1679769180000,2023-03-24T23:26:00+00:00,2023-03-25T18:33:00+00:00,1754.23,1734.19,0.17,298.2191,59.643820000000005,5,1724.99,1737.15,6.179761120000012,3.421477005443997,exchange_guard_proxy_touch,False,-3.4067999999999943,0.7116376799999999,-0.018142874945999997,0.35786292000000003,-4.136580554945994,-138.70944399423087,2,True
ETHUSDT,long,4e9717b2eaca7831ccc3fbb0016564deac1f1fe3e405aaf615566a2f698018d5,ETHUSDT|long|high_volume,1679820060000,1679894220000,2023-03-26T08:41:00+00:00,2023-03-27T05:17:00+00:00,1784.46,1754.29,0.13,231.9798,46.39596,5,1745.09,1757.28,6.05434647999999,35.56276713655327,exchange_guard_proxy_touch,False,-3.9221000000000097,0.5520449999999999,-0.027614621814000005,0.27837575999999997,-4.50175962181401,-194.0582594611259,2,True
BTCUSDT,long,83ce16dbf03fdea492a004df04c0cc4c4c67005af7481a7c24da40ad22603904,BTCUSDT|long|high_volume,1679820060000,1679896320000,2023-03-26T08:41:00+00:00,2023-03-27T05:52:00+00:00,27764.2,27710.100000000002,0.0143,397.02806000000004,79.405612,5,27444.600000000002,27757.300000000003,6.18467163599999,21.67367428141115,exchange_guard_proxy_touch,False,-0.7736299999999792,0.951938988,-0.0521081889614,0.476433672,-1.777677176961379,-44.77459797076759,2,True
BTCUSDT,long,d69521bb92a5a82a1e6b3e76262481717c55b6fe9e66d10fb3a7c210c4b647ce,BTCUSDT|long|high_volume,1680052860000,1680108420000,2023-03-29T01:21:00+00:00,2023-03-29T16:47:00+00:00,27483.7,28163.4,0.012100000000000001,332.55277000000007,66.51055400000001,5,27079.9,28211.4,6.235384099999975,7.456757325171077,exchange_guard_proxy_touch,False,8.22437000000001,0.8079958920000001,-0.11702157430480004,0.39906332400000005,7.299352533695209,219.49456423698433,2,True
ETHUSDT,long,c8bf1b1f73bb3cf0021b4950bc07e4e3f1c8c80b909180fda8ff1a7527f44dfb,ETHUSDT|long|high_volume,1679967660000,1680127260000,2023-03-28T01:41:00+00:00,2023-03-29T22:01:00+00:00,1724.06,1787.53,0.17,293.09020000000004,58.61804000000001,5,1694.99,1790.58,6.130096639999969,5.981955888218989,exchange_guard_proxy_touch,False,10.789900000000005,0.71636436,-0.227549785058,0.35170824,9.845985854942004,335.9370546999525,2,True
ETHUSDT,long,c2acaf9f8dc89610711ddf167bf4a070cac5ad08c82e088600723ab1e6b89f32,ETHUSDT|long|confirmed_volume,1680135660000,1680137160000,2023-03-30T00:21:00+00:00,2023-03-30T00:46:00+00:00,1800.39,1787.53,0.36,648.1404,129.62808,5,1790.58,1790.58,6.179581440000045,1.7016869863159885,exchange_guard_proxy_touch,False,-4.629600000000045,1.54998144,0.0,0.7777684799999999,-6.179581440000045,-95.34325340620714,2,True
BTCUSDT,long,e3aae4d16bcbf69ee616460a697b12f92e6f5c8bcd48fc0fd7b81bb5032b0152,BTCUSDT|long|high_volume,1680142860000,1680145860000,2023-03-30T02:21:00+00:00,2023-03-30T03:11:00+00:00,28798.9,28151.9,0.008700000000000001,250.55043000000003,50.11008600000001,5,28199.9,28199.9,6.223466352000001,7.727914308232429,exchange_guard_proxy_touch,False,-5.628900000000001,0.5945663520000001,0.0,0.300660516,-6.223466352000001,-248.39176496324515,2,True
ETHUSDT,long,04151591cf46bcdb9f0972c9ee6f1e5fa67041e981b2d28d9d40bb8ad99168db,ETHUSDT|long|confirmed_volume,1680233760000,1680247320000,2023-03-31T03:36:00+00:00,2023-03-31T07:22:00+00:00,1809.73,1778.07,0.17,307.6541,61.530820000000006,5,1781.1,1781.1,6.114111200000014,1.8598905383901176,exchange_guard_proxy_touch,False,-5.382200000000014,0.7319112,0.0,0.36918491999999997,-6.114111200000014,-198.73329170649808,2,True
ETHUSDT,long,50cf156c23ed3c12f1e73893058689f6cf1f5f6e716f9813c5f97c812d4bfb30,ETHUSDT|long|high_volume,1680291660000,1680296220000,2023-03-31T19:41:00+00:00,2023-03-31T20:57:00+00:00,1830.3400000000001,1814.58,0.3,549.102,109.82039999999999,5,1817.68,1817.68,6.040171200000065,4.07469887146659,exchange_guard_proxy_touch,False,-4.7280000000000655,1.3121711999999999,0.0,0.6589223999999999,-6.040171200000065,-110.00089600839308,2,True
ETHUSDT,long,b58d0563bdb106591745b6df0f2507da5ea8c98c32e1c6dedb83579202586d36,ETHUSDT|long|confirmed_volume,1680302460000,1680326880000,2023-03-31T22:41:00+00:00,2023-04-01T05:28:00+00:00,1830.16,1815.89,0.3,549.048,109.8096,5,1817.68,1818.99,5.986106400000047,1.6369396353696695,exchange_guard_proxy_touch,False,-4.280999999999994,1.312578,-0.1092486,0.6588575999999999,-5.7028265999999945,-103.86754163570387,2,True
BTCUSDT,long,f5f4d19cd8ca965a0b4ff4f795eae20432fb792e933a7836c260d9341af2f4b5,BTCUSDT|long|high_volume,1680299760000,1680330600000,2023-03-31T21:56:00+00:00,2023-04-01T06:30:00+00:00,28546.800000000003,28351.600000000002,0.014700000000000001,419.6379600000001,83.92759200000002,5,28250.0,28399.9,6.0710770680000214,4.331880577409084,exchange_guard_proxy_touch,False,-2.869440000000011,1.003687776,-0.083657112,0.5035655520000001,-3.956784888000011,-94.2904423613157,2,True
ETHUSDT,long,2c63e1f809a61c87f5454f11db5d356034e9db542e85ea22c9ae2b329ed326be,ETHUSDT|long|high_volume,1680337860000,1680358740000,2023-04-01T08:31:00+00:00,2023-04-01T14:19:00+00:00,1829.41,1815.89,0.33,603.7053000000001,120.74106000000002,5,1818.99,1818.99,5.905138799999994,3.7987937225713373,exchange_guard_proxy_touch,False,-4.4615999999999945,1.4435388000000002,0.0,0.72444636,-5.905138799999994,-97.81492393722556,2,True
ETHUSDT,long,605250f2655e53d45b55b9c742a27f08abc9e171bd5e5b5eea725f68b971e9bd,ETHUSDT|long|high_volume,1680387960000,1680396600000,2023-04-01T22:26:00+00:00,2023-04-02T00:50:00+00:00,1824.38,1808.1100000000001,0.28,510.8264000000001,102.16528000000002,5,1811.19,1811.19,5.776116639999995,2.1989127766571657,exchange_guard_proxy_touch,False,-4.555599999999996,1.22051664,-0.04063170837600001,0.61299168,-5.816748348375996,-113.86937613983919,2,True
BTCUSDT,long,28a8ecb6a05f31bde0b02a4566276fe0772ef88d3be915a9c4f917f0586cf0c4,BTCUSDT|long|confirmed_volume,1680418260000,1680423300000,2023-04-02T06:51:00+00:00,2023-04-02T08:15:00+00:00,28528.4,28317.600000000002,0.019200000000000002,547.7452800000001,109.54905600000002,5,28339.9,28365.9,5.8537751040000146,1.6970684788715233,exchange_guard_proxy_touch,False,-4.047359999999986,1.30973184,-0.0751757417856,0.6572943360000001,-5.432267581785586,-99.17506877988224,2,True
BTCUSDT,long,d933712108a5f70e77d8b69155d7a8fed6533a0f1b4049de660f85240e4c8cdf,BTCUSDT|long|high_volume,1680529860000,1680552660000,2023-04-03T13:51:00+00:00,2023-04-03T20:11:00+00:00,28360.4,27815.5,0.0063,178.67052,35.734104,5,27559.100000000002,27862.9,5.766056856000004,4.046073997607861,exchange_guard_proxy_touch,False,-3.432870000000009,0.424689804,-0.020091703060799996,0.214404624,-3.877651507060809,-217.02805292450088,2,True
ETHUSDT,long,014024f39e00e4046c3e4217cbf7f1d0518f29370926c3c6b10e1754b40e77ae,ETHUSDT|long|high_volume,1680546660000,1680552720000,2023-04-03T18:31:00+00:00,2023-04-03T20:12:00+00:00,1815.42,1783.97,0.16,290.4672,58.09344,5,1787.01,1787.01,5.723082880000008,5.423899043089774,exchange_guard_proxy_touch,False,-5.032000000000007,0.6910828800000001,0.0,0.34856064,-5.723082880000007,-197.03026296945086,2,True
ETHUSDT,long,bec66ea82ed24d40ffd2db26c88d58f010e65a048ab6779441e56b15b8f1b402,ETHUSDT|long|high_volume,1680560460000,1680682200000,2023-04-03T22:21:00+00:00,2023-04-05T08:10:00+00:00,1817.04,1900.89,0.15,272.556,54.511199999999995,5,1787.01,1904.13,5.6086817999999905,3.552184510442661,exchange_guard_proxy_touch,False,12.57750000000002,0.6692273999999999,-0.20370009795,0.32706719999999995,11.70457250205002,429.4373450611992,2,True
BTCUSDT,long,4cc07b6c5dcd27a77c23d32de23ca33ccbf86686a183f14b89347d62835e2b92,BTCUSDT|long|high_volume,1680601560000,1680698040000,2023-04-04T09:46:00+00:00,2023-04-05T12:34:00+00:00,28181.4,28383.9,0.0105,295.90470000000005,59.18094000000001,5,27753.100000000002,28432.300000000003,5.69692998,3.664906451364371,exchange_guard_proxy_touch,False,2.12625,0.71272278,-0.063568013943,0.35508564,1.3499592060570003,45.6214181814956,2,True
ETHUSDT,long,7ff6c86e5b770708b715cad512bda813793133a354a1fc4b76295317adfffa06,ETHUSDT|long|high_volume,1680683760000,1680698040000,2023-04-05T08:36:00+00:00,2023-04-05T12:34:00+00:00,1916.5900000000001,1900.89,0.28,536.6452,107.32904,5,1904.13,1904.13,5.678673280000013,2.0589189066583313,exchange_guard_proxy_touch,False,-4.396000000000013,1.2826732800000002,0.0,0.64397424,-5.678673280000013,-105.81802054690908,2,True
BTCUSDT,long,35258eb5b779e7d8afdc31af9bee7d57c39327f9dc316c45e98b16b0898d1bd8,BTCUSDT|long|high_volume,1680753660000,1680768000000,2023-04-06T04:01:00+00:00,2023-04-06T08:00:00+00:00,28154.9,27807.5,0.013900000000000001,391.3531100000001,78.27062200000002,5,27854.9,27854.9,5.7623128320000205,4.02372840186965,exchange_guard_proxy_touch,False,-4.82886000000002,0.933452832,-0.027903506794799998,0.469623732,-5.790216338794821,-147.95375814938126,2,True
BTCUSDT,long,2057b9960220a1bdf1746d695337f78f5a469f444dfe1e7f38fbd04caaa54664,BTCUSDT|long|confirmed_volume,1680773460000,1680775260000,2023-04-06T09:31:00+00:00,2023-04-06T10:01:00+00:00,28035.5,27807.5,0.0194,543.8887,108.77774,5,27854.9,27854.9,5.72322504,1.680411167637445,exchange_guard_proxy_touch,False,-4.4232000000000005,1.3000250399999997,0.0,0.65266644,-5.72322504,-105.2278718053896,2,True
BTCUSDT,long,5f37384ec3fe209b768c6c7e2904c49214402cd0d8931686ecbd3cefd87228a8,BTCUSDT|long|high_volume,1680784260000,1680785340000,2023-04-06T12:31:00+00:00,2023-04-06T12:49:00+00:00,27998.5,27807.5,0.022000000000000002,615.9670000000001,123.19340000000003,5,27854.9,27854.9,5.675278400000001,3.780540488280231,exchange_guard_proxy_touch,False,-4.202000000000001,1.4732783999999999,0.0,0.7391604,-5.675278400000001,-92.13607871850279,2,True
BTCUSDT,long,410fe9a2a92328facc04073cc6057666124d95e0b8ff939195ad136c532705ef,BTCUSDT|long|confirmed_volume,1680813360000,1680819180000,2023-04-06T20:36:00+00:00,2023-04-06T22:13:00+00:00,28132.300000000003,27883.7,0.010700000000000001,301.01561000000004,60.20312200000001,5,27723.9,27931.2,5.591507560000024,1.6261170581754376,exchange_guard_proxy_touch,False,-2.660020000000024,0.7192454400000001,0.0,0.36121873200000004,-3.379265440000024,-112.26213285085194,2,True
BTCUSDT,long,da3886de0a7a1937f4f3998e8e41efa730d4131b3f8178cf2ca4fcbc696af0d5,BTCUSDT|long|high_volume,1680828060000,1680834780000,2023-04-07T00:41:00+00:00,2023-04-07T02:33:00+00:00,28089.600000000002,27883.7,0.0204,573.0278400000001,114.60556800000002,5,27931.2,27931.2,5.57058638400003,2.09550671730246,exchange_guard_proxy_touch,False,-4.20036000000003,1.370226384,0.0,0.6876334080000001,-5.5705863840000305,-97.21318922305817,2,True
ETHUSDT,long,f315bcd9582cd828212856e4843aed92e1628cb8cb98388bf398afd8e35a1359,ETHUSDT|long|high_volume,1680813360000,1680845520000,2023-04-06T20:36:00+00:00,2023-04-07T05:32:00+00:00,1878.97,1862.0,0.16,300.6352,60.12704,5,1853.23,1865.18,5.339975680000015,2.505054412783988,exchange_guard_proxy_touch,False,-2.7152000000000043,0.71826624,-0.012503545344,0.36076223999999996,-3.445969785344004,-114.62296448799088,2,True
ETHUSDT,long,1d5cf9e45443424386901a5fc738642b40f0924fcd625f3778ff95cfd3d06e0b,ETHUSDT|long|high_volume,1680902460000,1680956400000,2023-04-07T21:21:00+00:00,2023-04-08T12:20:00+00:00,1860.45,1861.43,0.3,558.135,111.627,5,1850.21,1864.6,5.35170360000003,3.4824397656071833,exchange_guard_proxy_touch,False,0.2940000000000054,1.3398767999999999,-0.05337945852,0.6697619999999999,-1.0992562585199945,-19.69516798838981,2,True
ETHUSDT,long,80c2911d80b98040a5484cd7f94e3aa446e96a9f2d4d0f3ab5d575f756bbcf86,ETHUSDT|long|confirmed_volume,1680963060000,1680968640000,2023-04-08T14:11:00+00:00,2023-04-08T15:44:00+00:00,1871.1000000000001,1861.43,0.38,711.018,142.2036,5,1864.6,1864.6,5.376633680000028,1.5101361082479177,exchange_guard_proxy_touch,False,-3.674600000000028,1.70203368,0.0,0.8532216,-5.376633680000028,-75.6188124632573,2,True
BTCUSDT,long,8903b7ab618c2991296026697ffb9cbfbe3fb9bf7c3aa1b2b9e9cd7c9d821897,BTCUSDT|long|high_volume,1680907560000,1680976320000,2023-04-07T22:46:00+00:00,2023-04-08T17:52:00+00:00,27997.4,27877.5,0.0204,571.14696,114.229392,5,27842.100000000002,27925.0,5.500870608000015,8.373998633529762,exchange_guard_proxy_touch,False,-2.4459600000000297,1.3678175520000002,-0.044858304192,0.685376352,-3.8586358561920298,-67.55942211776859,2,True
BTCUSDT,long,9c2ce94211154d1713c413bf5ee3e40b33999999f5afdbb2f359179a4670c95f,BTCUSDT|long|high_volume,1681017060000,1681023420000,2023-04-09T05:11:00+00:00,2023-04-09T06:57:00+00:00,28087.4,27818.9,0.016,449.39840000000004,89.87968000000001,5,27866.300000000003,27866.300000000003,5.36940096,2.092862867649535,exchange_guard_proxy_touch,False,-4.296,1.07340096,0.0,0.53927808,-5.36940096,-119.47975248688023,2,True
BTCUSDT,long,fffe105976a55ab8bb0e69d861f7a03663c5e2935337ba104affc6904743c3b9,BTCUSDT|long|high_volume,1681032360000,1681032780000,2023-04-09T09:26:00+00:00,2023-04-09T09:33:00+00:00,27938.800000000003,27818.9,0.0286,799.0496800000001,159.80993600000002,5,27866.300000000003,27866.300000000003,5.342744264000042,2.1207181652215286,exchange_guard_proxy_touch,False,-3.4291400000000416,1.913604264,0.0,0.9588596160000001,-5.342744264000041,-66.86373072572961,2,True
BTCUSDT,long,56594e09a934505a0f7c72b0f3a13defd7849c1a96a87fd2297022a3f74a2707,BTCUSDT|long|high_volume,1681066560000,1681102560000,2023-04-09T18:56:00+00:00,2023-04-10T04:56:00+00:00,28071.600000000002,28181.9,0.0159,446.33844000000005,89.267688,5,27854.9,28229.9,5.265363228000035,24.73321625036515,exchange_guard_proxy_touch,False,1.7537699999999885,1.07331678,-0.09002389200000002,0.5356061280000001,0.5904293279999884,13.22828766440077,2,True
ETHUSDT,long,2bc69a2ab0a3ad881114bbe34e2d649e29cb2482ecefb05c8c7d04814c526a0e,ETHUSDT|long|high_volume,1681115760000,1681129800000,2023-04-10T08:36:00+00:00,2023-04-10T12:30:00+00:00,1863.1000000000001,1849.22,0.28,521.6680000000001,104.33360000000002,5,1852.3700000000001,1852.3700000000001,5.133739520000031,2.9417287637328164,exchange_guard_proxy_touch,False,-3.8864000000000307,1.2473395200000001,0.0,0.6260016,-5.133739520000031,-98.41009070903391,2,True
ETHUSDT,long,6cde833ed5a69e866c15ea852033d8bce132d450e432605c0e3ce6d44aaabfbd,ETHUSDT|long|high_volume,1681139760000,1681215600000,2023-04-10T15:16:00+00:00,2023-04-11T12:20:00+00:00,1866.78,1907.79,0.23,429.3594,85.87188,5,1852.3700000000001,1911.04,5.064415999999987,2.446706988315706,exchange_guard_proxy_touch,False,9.432299999999998,1.04178132,-0.11730995430800001,0.51523128,8.273208725691998,192.68726213265617,2,True
ETHUSDT,long,17612a70bb22b0cc49c236a60f5f1806e985796365402d88bc491f4af27f5125,ETHUSDT|long|high_volume,1681221660000,1681223700000,2023-04-11T14:01:00+00:00,2023-04-11T14:35:00+00:00,1922.38,1907.79,0.27,519.0426000000001,103.80852000000002,5,1911.04,1911.04,5.1802750800000394,3.9621232841183285,exchange_guard_proxy_touch,False,-3.9393000000000398,1.24097508,0.0,0.62285112,-5.1802750800000394,-99.80442992540571,2,True
BTCUSDT,long,af27530a18070d76e827f488e78f8ce123f15d0be9778c10d13ad70e77c45763,BTCUSDT|long|high_volume,1681209960000,1681224240000,2023-04-11T10:46:00+00:00,2023-04-11T14:44:00+00:00,30158.2,29914.9,0.010100000000000001,304.59782000000007,60.919564000000015,5,29752.0,29965.9,5.339178351999993,2.6343696783110526,exchange_guard_proxy_touch,False,-2.457329999999993,0.7280859720000001,0.0,0.365517384,-3.1854159719999933,-104.57776657758065,2,True
BTCUSDT,long,127672f3174cbf11ddce66069e79e81aea065582157ef0ec7a26c7e31d9d8580,BTCUSDT|long|high_volume,1681302960000,1681312260000,2023-04-12T12:36:00+00:00,2023-04-12T15:11:00+00:00,30429.800000000003,29859.0,0.0078000000000000005,237.35244000000003,47.470488,5,29881.300000000003,29909.9,5.238576408000023,68.23189927141772,exchange_guard_proxy_touch,False,-4.452240000000023,0.564303168,0.0,0.28482292800000003,-5.016543168000023,-211.3541856995455,2,True
BTCUSDT,long,db1237a0e4f06076bd2944c06596dad1455488dc41191006c48f2fa72f30655e,BTCUSDT|long|high_volume,1681320960000,1681325220000,2023-04-12T17:36:00+00:00,2023-04-12T18:47:00+00:00,30077.2,29859.0,0.0179,538.38188,107.676376,5,29909.9,29909.9,5.1932095760000125,2.510800054479065,exchange_guard_proxy_touch,False,-3.905780000000013,1.2874295759999996,0.0,0.6460582559999999,-5.1932095760000125,-96.45959065338552,2,True
BTCUSDT,long,db8886a3439902f8e13025f32b67ae56ecdbf5c131d3a0b18cbaad75e6b00607,BTCUSDT|long|high_volume,1681346160000,1681476300000,2023-04-13T00:36:00+00:00,2023-04-14T12:45:00+00:00,30029.0,30594.800000000003,0.012400000000000001,372.35960000000006,74.47192000000001,5,29735.9,30646.9,5.150428783999964,3.353698252989326,exchange_guard_proxy_touch,False,7.015920000000037,0.9020821440000001,-0.18425372423160002,0.44683152000000004,5.929584131768436,159.2434875257261,2,True
ETHUSDT,long,b60e39be31e1be7e97de8d258a2403992103ddaf90af415e76d732906e8802ad,ETHUSDT|long|high_volume,1681302960000,1681476780000,2023-04-12T12:36:00+00:00,2023-04-14T12:53:00+00:00,1894.68,2097.42,0.13,246.3084,49.26168,5,1862.8,2101.0,5.142172359999995,40.977093389613806,exchange_guard_proxy_touch,False,26.3562,0.6227676,-0.27678929803200003,0.29557008,25.456643101968,1033.5272001266706,2,True
ETHUSDT,long,1ee237dd2d5a8ca3dc2e89e716e3dfc4e29c57b3378abb418fbcf04334b913a4,ETHUSDT|long|high_volume,1681543560000,1681580100000,2023-04-15T07:26:00+00:00,2023-04-15T17:35:00+00:00,2095.91,2088.73,0.16,335.3456,67.06912,5,2070.99,2092.29,5.35136703999997,3.199200667470259,exchange_guard_proxy_touch,False,-1.1487999999999738,0.8034508799999998,-0.13425472000000002,0.40241471999999995,-2.0865055999999735,-62.21956095442951,2,True
ETHUSDT,long,41b95787c3566bfbe65610c806bb2377b181943e08e1b138470d4128525a4be1,ETHUSDT|long|high_volume,1681588860000,1681591500000,2023-04-15T20:01:00+00:00,2023-04-15T20:45:00+00:00,2103.68,2088.73,0.27,567.9936,113.59872,5,2092.29,2092.29,5.394840839999952,3.156753424684384,exchange_guard_proxy_touch,False,-4.036499999999951,1.35834084,0.0,0.6815923199999999,-5.394840839999952,-94.98066245816769,2,True
BTCUSDT,long,1a46fd15ac2a0dd92d43cf84d8a517a13ff4268966248f4c0ad01a6a602b57d1,BTCUSDT|long|high_volume,1681671660000,1681691340000,2023-04-16T19:01:00+00:00,2023-04-17T00:29:00+00:00,30507.800000000003,30119.5,0.0109,332.53502000000003,66.50700400000001,5,30142.4,30170.800000000003,5.334663612000008,21.756401022242848,exchange_guard_proxy_touch,False,-4.232470000000032,0.7930050839999999,-0.066024788,0.39904202400000005,-5.091499872000032,-153.1116894695792,2,True
ETHUSDT,long,00feedddbd008efc9be51c4ff4277bf43a78803e66ea23df76fcd9b8a121b01b,ETHUSDT|long|high_volume,1681671660000,1681691400000,2023-04-16T19:01:00+00:00,2023-04-17T00:30:00+00:00,2133.62,2092.78,0.08,170.68959999999998,34.137919999999994,5,2074.99,2096.35,5.376487679999989,32.54848885791236,exchange_guard_proxy_touch,False,-3.2671999999999755,0.40573439999999994,-0.03388944000000001,0.20482751999999999,-3.7068238399999753,-217.1675274884923,2,True
ETHUSDT,long,671e44498d9447c52e36a9e949373636853cce8812d687d4203e8956e09ca27f,ETHUSDT|long|confirmed_volume,1681784760000,1681828080000,2023-04-18T02:26:00+00:00,2023-04-18T14:28:00+00:00,2080.51,2090.34,0.23,478.5173000000001,95.70346000000002,5,2066.39,2093.8999999999996,5.200772880000075,1.58602844096186,exchange_guard_proxy_touch,False,2.2608999999999835,1.1511546000000001,-0.09660046000000003,0.57422076,1.0131449399999832,21.172587490566865,2,True
BTCUSDT,long,89f1d7806f2996b61e2722c269c709c57e96f26d207e7c05bfedd8c54e732449,BTCUSDT|long|high_volume,1681883160000,1681885080000,2023-04-19T05:46:00+00:00,2023-04-19T06:18:00+00:00,30333.5,30055.9,0.0151,458.03585000000004,91.60717000000001,5,30107.100000000002,30107.100000000002,5.286015927999978,2.872493181673782,exchange_guard_proxy_touch,False,-4.191759999999978,1.0942559280000002,0.0,0.54964302,-5.286015927999978,-115.40616150460663,2,True
ETHUSDT,long,1d58ddb3ed13c03376fac6bd9ec8c116691b5eb1dc22314de9966f1e801d386e,ETHUSDT|long|high_volume,1681971660000,1681975860000,2023-04-20T06:21:00+00:00,2023-04-20T07:31:00+00:00,1963.53,1945.15,0.22,431.9766,86.39532,5,1948.47,1948.47,5.075491519999974,5.82631545347246,exchange_guard_proxy_touch,False,-4.043599999999974,1.03189152,0.0,0.5183719199999999,-5.075491519999974,-117.49459392013304,2,True
ETHUSDT,long,045cb79a17a9cd3b5a34ce96d3e12f367e448c730aa84aa51773a70a347ea8eb,ETHUSDT|long|high_volume,1682028360000,1682056260000,2023-04-20T22:06:00+00:00,2023-04-21T05:51:00+00:00,1949.67,1929.73,0.14,272.95380000000006,54.59076000000001,5,1920.99,1933.02,5.122721520000007,2.8721790207702096,exchange_guard_proxy_touch,False,-2.791600000000008,0.6517392,-0.0468745256,0.32754456000000004,-3.4902137256000074,-127.8682958654544,2,True
BTCUSDT,long,ad643b5d3d3cf7e876384107e5e71283c99a15ec9074fc66f7d16cde83b69b4c,BTCUSDT|long|high_volume,1682049660000,1682058780000,2023-04-21T04:01:00+00:00,2023-04-21T06:33:00+00:00,28355.2,28028.2,0.0131,371.45312,74.29062400000001,5,28076.0,28076.0,5.170047048,2.925377535867404,exchange_guard_proxy_touch,False,-4.2837000000000005,0.886347048,0.0,0.44574374400000005,-5.170047048000001,-139.184375352669,2,True
BTCUSDT,long,9c184f4b9006a0eb97d3eef5f7c879708f887ee0468194e6d6b0452a6e79c064,BTCUSDT|long|confirmed_volume,1682163960000,1682209980000,2023-04-22T11:46:00+00:00,2023-04-23T00:33:00+00:00,27328.9,27507.600000000002,0.018600000000000002,508.31754000000006,101.66350800000001,5,27165.9,27554.5,5.106412752000014,1.6540301491391696,exchange_guard_proxy_touch,False,3.3238200000000138,1.22395068,-0.06034013671920001,0.6099810480000001,2.039529183280814,40.123132152410356,2,True
ETHUSDT,long,589242a2f31ac4364116f0856dd7b5463ee1810622efef7f018f129e56494ba7,ETHUSDT|long|confirmed_volume,1682169360000,1682209980000,2023-04-22T13:16:00+00:00,2023-04-23T00:33:00+00:00,1860.16,1859.6100000000001,0.17,316.22720000000004,63.24544000000001,5,1839.25,1862.78,4.840841119999994,1.5629203898553394,exchange_guard_proxy_touch,False,-0.09349999999999227,0.75883308,0.004198172916000005,0.37947264,-0.8481349070839923,-26.820428700756676,2,True
BTCUSDT,long,8b497cb283f013ab586c7f524db2d91f975e09731de9b92b36aa781eaa999d36,BTCUSDT|long|high_volume,1682289360000,1682320260000,2023-04-23T22:36:00+00:00,2023-04-24T07:11:00+00:00,27601.2,27343.600000000002,0.0158,436.09896000000003,87.21979200000001,5,27390.2,27390.2,5.111833407999978,5.135596932255754,exchange_guard_proxy_touch,False,-4.070079999999978,1.041753408,-0.0407727330076,0.523318752,-5.152606141007578,-118.15222262872577,2,True
ETHUSDT,long,e4cc785d4769a90ca592f335cd83e0036da89a0aa55ba3a53669baf959500254,ETHUSDT|long|high_volume,1682381760000,1682394540000,2023-04-25T00:16:00+00:00,2023-04-25T03:49:00+00:00,1848.23,1823.47,0.17,314.19910000000004,62.83982000000001,5,1826.58,1826.58,4.9582267999999985,5.477439797900391,exchange_guard_proxy_touch,False,-4.209199999999999,0.7490267999999999,0.0,0.37703892,-4.958226799999999,-157.80525151090498,2,True
BTCUSDT,long,9f8208bd9fed23974fb5f509947eac9a00e04a4c52cb0abb318b9226a83b1d79,BTCUSDT|long|high_volume,1682402160000,1682407980000,2023-04-25T05:56:00+00:00,2023-04-25T07:33:00+00:00,27480.800000000003,27258.600000000002,0.017400000000000002,478.1659200000001,95.63318400000001,5,27305.100000000002,27305.100000000002,5.009238672000013,3.0876278101929144,exchange_guard_proxy_touch,False,-3.866280000000013,1.1429586720000002,0.0,0.573799104,-5.009238672000013,-104.75942476201591,2,True
BTCUSDT,long,9ec00cc0a31548512f0fd6f81caef0f3bea3c136ac6b9710337a936704d3a909,BTCUSDT|long|high_volume,1682413260000,1682415120000,2023-04-25T09:01:00+00:00,2023-04-25T09:32:00+00:00,27475.2,27258.600000000002,0.0176,483.56352000000004,96.712704,5,27305.100000000002,27305.100000000002,4.968137855999975,3.272238457987158,exchange_guard_proxy_touch,False,-3.8121599999999747,1.155977856,0.0,0.580276224,-4.9681378559999745,-102.74012928022309,2,True
ETHUSDT,long,ab10cbb024f2b52707a6fbf710879028d9bf756e116de7a66ab6f7c6a03fa3be,ETHUSDT|long|high_volume,1682489460000,1682493720000,2023-04-26T06:11:00+00:00,2023-04-26T07:22:00+00:00,1872.63,1857.75,0.25,468.1575,93.6315,5,1860.92,1860.92,4.839114000000027,2.6247366716824443,exchange_guard_proxy_touch,False,-3.7200000000000273,1.119114,0.0,0.561789,-4.839114000000027,-103.36508546803216,2,True
BTCUSDT,long,02721c01c232878d2ee290ac17e511c86911eb89fe1b56416eba289e530a59fe,BTCUSDT|long|high_volume,1682444460000,1682537940000,2023-04-25T17:41:00+00:00,2023-04-26T19:39:00+00:00,27526.2,28251.7,0.0112,308.29344000000003,61.658688000000005,5,27199.9,28299.9,4.908016511999984,2.392160794495198,exchange_guard_proxy_touch,False,8.1256,0.749654976,-0.1050085611904,0.36995212799999994,7.2709364628096,235.84467002637484,2,True
ETHUSDT,long,b00ebf861792d24618fc3d5cd3be64d49549e30993b4c6f61e88b80f80454c70,ETHUSDT|long|high_volume,1682497260000,1682537940000,2023-04-26T08:21:00+00:00,2023-04-26T19:39:00+00:00,1869.78,1857.75,0.3,560.934,112.18679999999999,5,1860.92,1860.92,4.950910799999992,3.646566296125242,exchange_guard_proxy_touch,False,-3.6089999999999915,1.3419107999999997,-0.101945556,0.6731207999999999,-5.0528563559999915,-90.07933831787683,2,True
BTCUSDT,long,97619672112953fa94fe39628c755ae1696bb3dabddb8835fa453265af3c87d6,BTCUSDT|long|confirmed_volume,1682546460000,1682548020000,2023-04-26T22:01:00+00:00,2023-04-26T22:27:00+00:00,28737.800000000003,28251.7,0.0088,252.89264000000003,50.578528000000006,5,28299.9,28299.9,4.879489120000019,1.6673047056880612,exchange_guard_proxy_touch,False,-4.27768000000002,0.6018091200000001,0.0,0.303471168,-4.87948912000002,-192.94705927384913,2,True
BTCUSDT,long,58efcdd411a426b5de492dd663d7d9398584538359f6c9f3061610b05f3c808f,BTCUSDT|long|high_volume,1682593860000,1682670660000,2023-04-27T11:11:00+00:00,2023-04-28T08:31:00+00:00,29109.100000000002,29264.9,0.0078000000000000005,227.05098000000004,45.410196000000006,5,28612.600000000002,29314.800000000003,4.792379280000006,4.094657171650434,exchange_guard_proxy_touch,False,1.2152399999999943,0.5463806400000001,-0.106775603844,0.272461176,0.5620837561559943,24.755839246146135,2,True
ETHUSDT,long,48818d369fb814022838b3e4ab42da27b08651b24be137f4be38a424d3455f16,ETHUSDT|long|high_volume,1682604360000,1682672940000,2023-04-27T14:06:00+00:00,2023-04-28T09:09:00+00:00,1893.32,1897.92,0.16,302.9312,60.58624,5,1871.76,1901.16,4.682282880000001,6.032336076024515,exchange_guard_proxy_touch,False,0.7360000000000219,0.7279180799999999,-0.12297482774400001,0.36351743999999997,-0.11489290774397806,-3.7927063222268975,2,True
ETHUSDT,long,cb206ebe97cccfb3f05855de4158094896b1e45d3ba81c48e0884e113beaaf2d,ETHUSDT|long|high_volume,1682678460000,1682682660000,2023-04-28T10:41:00+00:00,2023-04-28T11:51:00+00:00,1913.94,1897.92,0.23,440.2062,88.04124,5,1901.16,1901.16,4.736673359999996,2.092224249365551,exchange_guard_proxy_touch,False,-3.684599999999996,1.0520733599999998,0.0,0.52824744,-4.736673359999996,-107.60124141822617,2,True
BTCUSDT,long,da3fded6015ecd7dfc0fa08dc8b46bf34e0749e49a21c6b27a2550c434ac3072,BTCUSDT|long|high_volume,1682742360000,1682783280000,2023-04-29T04:26:00+00:00,2023-04-29T15:48:00+00:00,29460.600000000002,29175.2,0.0119,350.58114000000006,70.116228,5,29179.9,29224.9,4.768436624000018,3.1754896528319,exchange_guard_proxy_touch,False,-3.3962600000000176,0.837319224,-0.0471317311444,0.420697368,-4.280710955144418,-122.10328699211877,2,True
ETHUSDT,long,d02017868e80828c64fdbea68e859ed5f8d90e1678cbc7c255404fa2851c56d6,ETHUSDT|long|high_volume,1682742060000,1682789400000,2023-04-29T04:21:00+00:00,2023-04-29T17:30:00+00:00,1901.94,1889.0,0.19,361.3686,72.27372,5,1885.09,1892.22,4.6741109599999895,2.0938797978141888,exchange_guard_proxy_touch,False,-2.4586000000000103,0.86433432,-0.087984413856,0.43364231999999997,-3.4109187338560107,-94.38890744397854,2,True
ETHUSDT,long,3e6e4a2a61b9aecd4018e8aa2979b89c5ce6e094b57e78e2b95d6fdd88fddc57,ETHUSDT|long|high_volume,1682796660000,1682819880000,2023-04-29T19:31:00+00:00,2023-04-30T01:58:00+00:00,1904.93,1889.0,0.23,438.13390000000004,87.62678000000001,5,1892.22,1892.22,4.711024680000015,3.988390697436891,exchange_guard_proxy_touch,False,-3.6639000000000146,1.04712468,-0.055291466538,0.52576068,-4.766316146538014,-108.78674639278117,2,True
ETHUSDT,long,3fcc35395c45552ce8ce6d06afb490f6724409ed6d5a7accb372b84c40b0e0d8,ETHUSDT|long|high_volume,1682834460000,1682882340000,2023-04-30T06:01:00+00:00,2023-04-30T19:19:00+00:00,1906.28,1893.17,0.2,381.25600000000003,76.25120000000001,5,1891.66,1896.4,4.4787327999999835,4.281191725850655,exchange_guard_proxy_touch,False,-2.6219999999999803,0.911868,-0.06282881088000002,0.4575072,-3.5966968108799806,-94.33810381685744,2,True
BTCUSDT,long,99d171ff9b54702b972da7f0772052fd499fe7be4cedaba61b0348528d5f9afd,BTCUSDT|long|high_volume,1682830560000,1682885700000,2023-04-30T04:56:00+00:00,2023-04-30T20:15:00+00:00,29230.7,29100.300000000003,0.0165,482.30655,96.46131,5,29067.300000000003,29149.9,4.666170299999964,3.1745857483599877,exchange_guard_proxy_touch,False,-2.151599999999964,1.1549538,-0.09325455648299999,0.57876786,-3.399808356482964,-70.49061134423664,2,True
BTCUSDT,long,c2833d345664b09536e77bc25889a8a6486b1ac091f8158ff249fb80139b2698,BTCUSDT|long|high_volume,1682888760000,1682899140000,2023-04-30T21:06:00+00:00,2023-04-30T23:59:00+00:00,29404.4,29100.300000000003,0.0123,361.67412,72.334824,5,29149.9,29149.9,4.6039593719999825,2.335926029881682,exchange_guard_proxy_touch,False,-3.740429999999982,0.863529372,0.0,0.434008944,-4.6039593719999825,-127.29579246643311,2,True
ETHUSDT,long,5d36fa152db2c931344565300b80d3facbb10fa56832f15f709122c25e95d02f,ETHUSDT|long|confirmed_volume,1682944260000,1682949600000,2023-05-01T12:31:00+00:00,2023-05-01T14:00:00+00:00,1850.19,1827.53,0.16,296.03040000000004,59.20608000000001,5,1830.65,1830.65,4.331722240000013,1.5511947558331307,exchange_guard_proxy_touch,False,-3.6256000000000133,0.70612224,0.0,0.35523648,-4.331722240000014,-146.3269393954139,2,True
ETHUSDT,long,962467fa2ec2edc2d168b3f71b0a124f6a4f80b40939ceea9dd91499008198bf,ETHUSDT|long|confirmed_volume,1682960460000,1682966040000,2023-05-01T17:01:00+00:00,2023-05-01T18:34:00+00:00,1841.57,1827.53,0.24,441.97679999999997,88.39536,5,1830.65,1830.65,4.426300799999992,1.9666108843471106,exchange_guard_proxy_touch,False,-3.3695999999999913,1.0567008,0.0,0.5303721599999999,-4.426300799999991,-100.14780866325997,2,True
ETHUSDT,long,92468ecab285e875304879613fd1034c1b90fea5cf200daa4b9d3b5f4e52f9c2,ETHUSDT|long|high_volume,1683011760000,1683034560000,2023-05-02T07:16:00+00:00,2023-05-02T13:36:00+00:00,1840.14,1821.68,0.16,294.42240000000004,58.88448000000001,5,1821.24,1824.79,4.2223897599999995,4.9408286746785555,exchange_guard_proxy_touch,False,-2.953600000000006,0.70306944,-0.015001978880000003,0.35330688000000005,-3.671671418880006,-124.70761120349557,2,True
BTCUSDT,long,064e0623451c454c05b0920fd304ffe78e2c05e128037405b09631685cda84b3,BTCUSDT|long|high_volume,1683031260000,1683034740000,2023-05-02T12:41:00+00:00,2023-05-02T13:39:00+00:00,28150.300000000003,27874.0,0.013000000000000001,365.9539000000001,73.19078000000002,5,27921.5,27921.5,4.465879080000038,4.1823106780080925,exchange_guard_proxy_touch,False,-3.591900000000038,0.87397908,0.0,0.43914468000000006,-4.465879080000038,-122.03392503810007,2,True
BTCUSDT,long,8ea6ba760f0ec0cd1918c2f93ca552a53c164a60667668031f357f12dbd0e561,BTCUSDT|long|high_volume,1683037860000,1683072720000,2023-05-02T14:31:00+00:00,2023-05-03T00:12:00+00:00,28512.0,28551.800000000003,0.006200000000000001,176.7744,35.35488,5,27921.5,28600.5,4.375111840000001,12.461314652566381,exchange_guard_proxy_touch,False,0.24676000000001808,0.424554672,-0.03470354758080001,0.21212928,-0.21249821958078197,-12.02087064534129,2,True
ETHUSDT,long,a7e9c5782fac3698ac3c8d5aacb1a8d69286d566cf6dfec458f43194165079bc,ETHUSDT|long|high_volume,1683037560000,1683117720000,2023-05-02T14:26:00+00:00,2023-05-03T12:42:00+00:00,1847.78,1849.65,0.14,258.6892,51.737840000000006,5,1824.79,1852.8,4.270469279999987,6.600521404249923,exchange_guard_proxy_touch,False,0.2618000000000166,0.62116824,-0.12641069162400004,0.31042704000000004,-0.4857789316239835,-18.77847747892001,2,True
ETHUSDT,long,25dc6b4cc5091a2ddeb62bab7f279bc88d58972263065c8aca2411c3ccd4dd8d,ETHUSDT|long|high_volume,1683165960000,1683204060000,2023-05-04T02:06:00+00:00,2023-05-04T12:41:00+00:00,1909.25,1892.05,0.07,133.6475,26.7295,5,1856.32,1895.28,4.2423424399999945,3.387705433423029,exchange_guard_proxy_touch,False,-1.2040000000000033,0.3193092,-0.026572000000000002,0.160377,-1.5498812000000033,-115.96784077517373,2,True
BTCUSDT,long,6f3f40da12fdd88c13f8be499c173858ee5be8c51141ee9bb9fffd70184126e4,BTCUSDT|long|high_volume,1683165960000,1683206280000,2023-05-04T02:06:00+00:00,2023-05-04T13:18:00+00:00,29191.2,28918.0,0.0039000000000000003,113.84568000000002,22.769136000000003,5,28199.9,28967.300000000003,4.321635707999997,5.501733681380025,exchange_guard_proxy_touch,False,-1.0654800000000029,0.27195105599999997,-0.022639859611200002,0.136614816,-1.360070915611203,-119.46618577105453,2,True
BTCUSDT,long,b47812f9bec9cdf8fb1cd017d52667da4a2784f7fa15282302b4bd91768245da,BTCUSDT|long|high_volume,1683250560000,1683289800000,2023-05-05T01:36:00+00:00,2023-05-05T12:30:00+00:00,29187.5,28960.5,0.007500000000000001,218.90625000000003,43.78125000000001,5,28731.100000000002,29009.9,4.310577299999995,21.679038433502907,exchange_guard_proxy_touch,False,-1.7025000000000001,0.523332,-0.04319169601500001,0.2626875,-2.269023696015,-103.65275984650964,2,True
ETHUSDT,long,b550281d18b386264784bb0dcf0bc65f8d182019cd1c9960581b15023c88b770,ETHUSDT|long|high_volume,1683250560000,1683289800000,2023-05-05T01:36:00+00:00,2023-05-05T12:30:00+00:00,1894.81,1888.49,0.12,227.3772,45.47544,5,1868.67,1891.71,4.059883199999993,16.708869448324794,exchange_guard_proxy_touch,False,-0.7583999999999923,0.5447951999999999,-0.025822688639999997,0.2728526399999999,-1.3290178886399922,-58.44991884146661,2,True
BTCUSDT,long,4af8d5c21c70fa91bc3f326307fcfce8af70b1821510ccc15a1ea845c4173f79,BTCUSDT|long|high_volume,1683297660000,1683353100000,2023-05-05T14:41:00+00:00,2023-05-06T06:05:00+00:00,29435.4,29254.0,0.0079,232.53966000000003,46.507932000000004,5,29009.9,29303.9,4.305303132000011,5.891076994220043,exchange_guard_proxy_touch,False,-1.4330600000000115,0.556375512,-0.08623283394000002,0.279047592,-2.0756683459400116,-89.2608317196306,2,True
BTCUSDT,long,70f000e2dcf16ce2e4228f1ac69f6ee9f9e59fd1cb58e0239aa4203af7916597,BTCUSDT|long|confirmed_volume,1683358560000,1683360060000,2023-05-06T07:36:00+00:00,2023-05-06T08:01:00+00:00,29431.5,29254.0,0.017400000000000002,512.1081,102.42162,5,29303.9,29303.9,4.31385324,1.8945144429591878,exchange_guard_proxy_touch,False,-3.0885000000000002,1.22535324,-0.10213869600000001,0.6145297200000001,-4.415991936,-86.2316361721285,2,True
ETHUSDT,long,bfdcd6565ed141507c440cd79c00f5c3a64b871f4ef9bdb56ae9612bead49141,ETHUSDT|long|high_volume,1683294360000,1683376080000,2023-05-05T13:46:00+00:00,2023-05-06T12:28:00+00:00,1931.23,1916.72,0.09,173.8107,34.76214,5,1891.71,1919.99,4.25912976,6.99117689163663,exchange_guard_proxy_touch,False,-1.3058999999999992,0.4155785999999999,-0.10626318,0.20857283999999995,-1.827741779999999,-105.15703463595734,2,True
BTCUSDT,long,5602b0acf553a0f4c580a5ef7b59a9d944215491ff24900f8d5906196c1e959a,BTCUSDT|long|high_volume,1683420660000,1683458580000,2023-05-07T00:51:00+00:00,2023-05-07T11:23:00+00:00,28938.600000000002,28681.2,0.0097,280.70442,56.14088400000001,5,28620.100000000002,28730.100000000002,4.2312564000000075,6.78850149545147,exchange_guard_proxy_touch,False,-2.496780000000014,0.670694472,-0.022683472232399998,0.336845304,-3.190157944232414,-113.64829753063432,2,True
BTCUSDT,long,5c2c5d776ddfb8ccd6273f2576f723e50aafce1b1e714c945a8a109ba73c15df,BTCUSDT|long|high_volume,1683459660000,1683486480000,2023-05-07T11:41:00+00:00,2023-05-07T19:08:00+00:00,28908.300000000003,28750.9,0.0142,410.49786000000006,82.09957200000001,5,28730.100000000002,28799.9,4.206145080000031,10.43804275252055,exchange_guard_proxy_touch,False,-2.235080000000021,0.9825127680000001,-0.0496799844184,0.492597432,-3.2672727524184206,-79.59293021450635,2,True
ETHUSDT,long,22af80f4464ca43ee886387a44dcc0cc27221457f3deccc9120e2f65428f5880,ETHUSDT|long|high_volume,1683420660000,1683486480000,2023-05-07T00:51:00+00:00,2023-05-07T19:08:00+00:00,1904.23,1901.75,0.14,266.59220000000005,53.31844000000001,5,1882.45,1904.99,4.134222960000002,8.755361504849867,exchange_guard_proxy_touch,False,-0.34720000000000256,0.6394046400000001,-0.03738098336,0.31991063999999997,-1.0239856233600027,-38.4101869206977,2,True
ETHUSDT,long,2c8bd57cccce3f0c577922096a4ad8802bde21f56b4769f2cccb14b949431419,ETHUSDT|long|high_volume,1683495060000,1683497100000,2023-05-07T21:31:00+00:00,2023-05-07T22:05:00+00:00,1922.05,1901.75,0.16,307.528,61.5056,5,1904.99,1904.99,3.982169599999993,2.2914632815973133,exchange_guard_proxy_touch,False,-3.2479999999999927,0.7341696000000001,0.0,0.3690336,-3.9821695999999926,-129.4896594781611,2,True
ETHUSDT,long,ee8c0511ca86be24164ee328b8186e925a9169713862244ed7c3da69dd6a4827,ETHUSDT|long|high_volume,1683618960000,1683630720000,2023-05-09T07:56:00+00:00,2023-05-09T11:12:00+00:00,1849.43,1832.71,0.19,351.3917,70.27834,5,1835.84,1835.84,4.0163279200000055,2.0235338639632214,exchange_guard_proxy_touch,False,-3.1768000000000054,0.83952792,-0.07020766,0.42167004,-4.086535580000006,-116.295734361398,2,True
BTCUSDT,long,e5f3302c9b9049c8a92c1c4ff39ee477c185328af6103c4ba9c408320c95be7f,BTCUSDT|long|confirmed_volume,1683628260000,1683641160000,2023-05-09T10:31:00+00:00,2023-05-09T14:06:00+00:00,27667.600000000002,27455.4,0.0115,318.17740000000003,63.63548000000001,5,27423.800000000003,27502.2,4.100366859999999,1.6307637644225383,exchange_guard_proxy_touch,False,-2.440300000000008,0.7606974,0.0,0.38181288,-3.2009974000000083,-100.60417238936543,2,True
BTCUSDT,long,6646ad3db05f0d611b99a7ba7df8849bae6a6e76b6923cdba8fba879bdef8514,BTCUSDT|long|high_volume,1683651660000,1683659580000,2023-05-09T17:01:00+00:00,2023-05-09T19:13:00+00:00,27750.2,27455.4,0.0112,310.80224,62.160447999999995,5,27502.2,27502.2,4.043723263999992,4.313755787523914,exchange_guard_proxy_touch,False,-3.301759999999992,0.7419632639999999,0.0,0.37296268799999993,-4.043723263999992,-130.1059884253084,2,True
ETHUSDT,long,e4d31a646ca13d255051e47a91d158aaff74fb705fc280329a78866248ed6866,ETHUSDT|long|high_volume,1683651660000,1683692580000,2023-05-09T17:01:00+00:00,2023-05-10T04:23:00+00:00,1857.53,1837.07,0.12,222.90359999999998,44.58072,5,1833.49,1840.2,3.7902575999999826,6.445097709382354,exchange_guard_proxy_touch,False,-2.4552000000000045,0.5320223999999999,-0.00974139408,0.26748431999999994,-2.9969637940800045,-134.45111671951483,2,True
BTCUSDT,long,e1eab9014110a6b3e4e4e3c268fbbb944773abdde47b693b5c0d028602a50a42,BTCUSDT|long|high_volume,1683676260000,1683698460000,2023-05-09T23:51:00+00:00,2023-05-10T06:01:00+00:00,27678.9,27581.5,0.0126,348.75414,69.750828,5,27476.300000000003,27628.5,3.975679008000019,2.386775519059069,exchange_guard_proxy_touch,False,-1.2272400000000183,0.835537248,-0.0261055545408,0.41850496800000003,-2.0888828025408186,-59.89557005805919,2,True
ETHUSDT,long,1fbdc7df2d24921ee7878834f3a0a54e0c1a3731c3011c670603402695cd93c3,ETHUSDT|long|high_volume,1683695160000,1683698520000,2023-05-10T05:06:00+00:00,2023-05-10T06:02:00+00:00,1849.53,1837.07,0.23,425.3919,85.07838000000001,5,1840.2,1840.2,3.8833016000000082,2.320636911697761,exchange_guard_proxy_touch,False,-2.8658000000000086,1.0175016000000001,0.0,0.51047028,-3.8833016000000087,-91.28762442350238,2,True
ETHUSDT,long,8a14ddf8410027c8fb1b12b44a6a431af2f3b20f30e6f536107435e4802044a0,ETHUSDT|long|high_volume,1683721260000,1683738900000,2023-05-10T12:21:00+00:00,2023-05-10T17:15:00+00:00,1856.15,1830.44,0.13,241.29950000000002,48.2599,5,1833.56,1833.56,3.917408040000005,2.3938676812033517,exchange_guard_proxy_touch,False,-3.3423000000000047,0.57510804,-0.021092078436,0.28955939999999997,-3.9385001184360044,-163.22040113783922,2,True
ETHUSDT,long,10121b65563e331d21a8a9786ce26ff1b00be86b11721b824d5b80b2c287e73b,ETHUSDT|long|high_volume,1683745560000,1683753780000,2023-05-10T19:06:00+00:00,2023-05-10T21:23:00+00:00,1858.3500000000001,1830.44,0.12,223.002,44.6004,5,1833.56,1833.56,3.880385760000009,4.593577659388428,exchange_guard_proxy_touch,False,-3.3492000000000095,0.53118576,0.0,0.2676024,-3.8803857600000096,-174.00676944601435,2,True
BTCUSDT,long,2a977b26d541f1d888f81e51e5a859b3baa6f4d16ca7136577210e5e9fd01d6d,BTCUSDT|long|high_volume,1683784560000,1683791760000,2023-05-11T05:56:00+00:00,2023-05-11T07:56:00+00:00,27565.5,27363.600000000002,0.0143,394.18665,78.83733,5,27410.2,27410.2,3.829753355999969,4.145513119691512,exchange_guard_proxy_touch,False,-2.8871699999999687,0.942583356,0.0,0.47302397999999996,-3.829753355999969,-97.15583609947137,2,True
ETHUSDT,long,beef21337b963ba556ccac0e8f5db55f4b8db0a550e5b3c223fa90a0f7c02012,ETHUSDT|long|high_volume,1683784560000,1683791760000,2023-05-11T05:56:00+00:00,2023-05-11T07:56:00+00:00,1833.91,1823.02,0.25,458.4775,91.69550000000001,5,1826.13,1826.13,3.819579000000025,2.769258367776885,exchange_guard_proxy_touch,False,-2.722500000000025,1.097079,0.0,0.550173,-3.819579000000025,-83.31006428886968,2,True
BTCUSDT,long,b58307c73c7bb288104ae41b63239d0dc9bfd8f66a6fded331f041d1ae3645a0,BTCUSDT|long|high_volume,1683921660000,1684021260000,2023-05-12T20:01:00+00:00,2023-05-13T23:41:00+00:00,26437.9,26709.4,0.0117,309.32343000000003,61.864686000000006,5,26225.600000000002,26754.9,3.744499356000017,14.721111586634786,exchange_guard_proxy_touch,False,3.17655,0.746188092,-0.06187253763600001,0.37118811599999996,2.368489370364,76.5699956955734,2,True
ETHUSDT,long,7471882e7bbcd2a3a1f386f047ba5768709e67bdb940293ab9da19d6eaa6ed18,ETHUSDT|long|high_volume,1683921360000,1684066560000,2023-05-12T19:56:00+00:00,2023-05-14T12:16:00+00:00,1788.93,1794.93,0.1,178.89300000000003,35.778600000000004,5,1759.99,1797.99,3.619510400000006,3.342889437466879,exchange_guard_proxy_touch,False,0.6000000000000001,0.4300632,-0.04086837510000001,0.21467160000000002,0.1290684249000001,7.214839311767373,2,True
ETHUSDT,long,ec23c77d7c8fab7a257f5b3f12abcd077c340036a61ecb516a447ab7ddb53a74,ETHUSDT|long|confirmed_volume,1684068660000,1684088160000,2023-05-14T12:51:00+00:00,2023-05-14T18:16:00+00:00,1806.26,1794.93,0.24,433.50239999999997,86.70048,5,1797.99,1797.99,3.756342719999983,1.648099937900938,exchange_guard_proxy_touch,False,-2.7191999999999825,1.03714272,-0.033137056895999994,0.5202028799999999,-3.7894797768959823,-87.41542784759629,2,True
BTCUSDT,long,6fd40391a0c470154038b3fc7687862d6fc53bb2d71dcacc1dc329f5656b89ec,BTCUSDT|long|high_volume,1684076460000,1684108860000,2023-05-14T15:01:00+00:00,2023-05-15T00:01:00+00:00,27012.0,26860.100000000002,0.009600000000000001,259.3152,51.86304,5,26729.9,26808.9,3.763542527999986,4.769833417177081,completed_MTF_W_BIAS_REVERSED,False,-1.458239999999979,0.620606592,-0.041147177299200005,0.31117824000000005,-2.119993769299179,-81.75354816451868,2,False
ETHUSDT,long,713951e00879b1ab259aee679d5b12c3c6f21996a151dff6fa41229f83ecda19,ETHUSDT|long|confirmed_volume,1684148760000,1684160040000,2023-05-15T11:06:00+00:00,2023-05-15T14:14:00+00:00,1830.73,1813.22,0.17,311.2241,62.244820000000004,5,1816.31,1816.31,3.7200657999999986,1.5695351723750552,exchange_guard_proxy_touch,False,-2.976699999999999,0.7433658,0.0,0.37346892000000004,-3.7200657999999986,-119.5301327885597,2,True
ETHUSDT,long,d790b3b8869af672cef82f5c65c44e3096e257282d784807d041f1a20abc3555,ETHUSDT|long|high_volume,1684162560000,1684188060000,2023-05-15T14:56:00+00:00,2023-05-15T22:01:00+00:00,1832.75,1817.13,0.15,274.91249999999997,54.982499999999995,5,1816.31,1822.64,3.5857745999999957,6.713889877989678,completed_MTF_STRUCTURAL_GUARD_TIGHTENED,False,-2.3429999999999835,0.6569783999999999,0.0054478158,0.32989499999999994,-2.994530584199983,-108.9266797326416,2,False
ETHUSDT,long,47f0d8c8fce9cff17350243d335101f71ac6bd75c220dec3ce97804a79f82c80,ETHUSDT|long|confirmed_volume,1684237260000,1684240200000,2023-05-16T11:41:00+00:00,2023-05-16T12:30:00+00:00,1820.3500000000001,1807.6100000000001,0.21,382.2735,76.4547,5,1810.69,1810.69,3.589645920000002,1.9493968935431567,exchange_guard_proxy_touch,False,-2.675400000000002,0.9142459199999999,0.0,0.4587281999999999,-3.589645920000002,-93.90255720053841,2,True
ETHUSDT,long,a26a144c9efb28a85b05f35499bec46c5dbea8cbc6c6c412c815cebe3b232ee8,ETHUSDT|long|high_volume,1684241160000,1684303200000,2023-05-16T12:46:00+00:00,2023-05-17T06:00:00+00:00,1822.31,1813.78,0.14,255.1234,51.024680000000004,5,1805.0,1816.8700000000001,3.4620723199999834,6.455206300482183,exchange_guard_proxy_touch,False,-1.1941999999999964,0.6108631200000001,-0.075338730936,0.30614808000000004,-1.8804018509359965,-73.70558133577698,2,True
ETHUSDT,long,73a18a9704cfcbf906de1d5a7d734671f8ed5f6db2ad15675be69f7ef45aca38,ETHUSDT|long|confirmed_volume,1684380060000,1684390260000,2023-05-18T03:21:00+00:00,2023-05-18T06:11:00+00:00,1829.33,1813.91,0.18,329.27939999999995,65.85587999999998,5,1817.0,1817.0,3.562539839999972,1.9058984211659273,exchange_guard_proxy_touch,False,-2.775599999999972,0.7869398399999998,0.0,0.3951352799999999,-3.562539839999972,-108.19200472303983,2,True
ETHUSDT,long,694c24c846becacfc53abab7dedc1899dbd9e5d94a9d6726782f3db4691ba7d0,ETHUSDT|long|confirmed_volume,1684472160000,1684508880000,2023-05-19T04:56:00+00:00,2023-05-19T15:08:00+00:00,1806.89,1801.26,0.19,343.3091,68.66182,5,1795.71,1804.33,3.526295120000002,1.985363296432221,exchange_guard_proxy_touch,False,-1.0697000000000207,0.8226581999999999,-0.019076875064,0.41197091999999996,-1.9114350750640208,-55.676796072810795,2,True
ETHUSDT,long,8f45e7ebd407236a44c564d07d1ff6d733bb081ed92544c6811ff44bd3b2cdd4,ETHUSDT|long|high_volume,1684509660000,1684510440000,2023-05-19T15:21:00+00:00,2023-05-19T15:34:00+00:00,1829.57,1801.26,0.1,182.957,36.5914,5,1804.33,1804.33,3.266699599999995,7.964874506689566,exchange_guard_proxy_touch,False,-2.8309999999999946,0.43569959999999996,0.0,0.21954839999999998,-3.2666995999999946,-178.5501292653462,2,True
ETHUSDT,long,6df5669b9203f0e00733e186ca3b1aad43530199961417678d53debd516cdac8,ETHUSDT|long|high_volume,1684518660000,1684543380000,2023-05-19T17:51:00+00:00,2023-05-20T00:43:00+00:00,1821.01,1802.91,0.14,254.94140000000002,50.98828,5,1804.33,1805.99,3.3735413600000004,2.800735490729722,exchange_guard_proxy_touch,False,-2.5339999999999874,0.60881856,-0.040235097112000004,0.30592968000000004,-3.183053657111987,-124.8543256258884,2,True
ETHUSDT,long,242340ffcb7d72dbe107a6ce6b2aec69c953d823bf73651b5e39f0b6a5e694f9,ETHUSDT|long|high_volume,1684573860000,1684616520000,2023-05-20T09:11:00+00:00,2023-05-20T21:02:00+00:00,1818.17,1809.45,0.19,345.45230000000004,69.09046000000001,5,1807.29,1812.54,3.4783026400000066,2.3020613730944346,exchange_guard_proxy_touch,False,-1.6568000000000052,0.8270973599999999,0.0006074810720000001,0.41454276,-2.483289878928005,-71.88517427523293,2,True
ETHUSDT,long,c6e7a9b8ed9e3d048ce5df75b8c7538295a298b6c0dba937dc2d97d329e1117b,ETHUSDT|long|high_volume,1684779660000,1684849020000,2023-05-22T18:21:00+00:00,2023-05-23T13:37:00+00:00,1824.31,1841.8500000000001,0.13,237.1603,47.43206,5,1806.7,1844.99,3.2556570799999776,2.337012148979661,exchange_guard_proxy_touch,False,2.280200000000025,0.57192096,-0.061379336720000004,0.28459236,1.6468997032800252,69.44247006265489,2,True
ETHUSDT,long,51e3438bb6ac265fb7fc8a812d327aa5c11031fa141ffd3e1a583bd49f08d4b3,ETHUSDT|long|high_volume,1684855860000,1684866180000,2023-05-23T15:31:00+00:00,2023-05-23T18:23:00+00:00,1860.15,1841.8500000000001,0.15,279.0225,55.8045,5,1844.99,1844.99,3.411359999999993,2.768110683188426,exchange_guard_proxy_touch,False,-2.744999999999993,0.6663599999999998,-0.041092913099999996,0.334827,-3.452452913099993,-123.73385347418196,2,True
ETHUSDT,long,5b9b9febceae1c3b271d0c8df30b050734b02c87a1990d5f90e579e63933c47d,ETHUSDT|long|confirmed_volume,1684884360000,1684893120000,2023-05-23T23:26:00+00:00,2023-05-24T01:52:00+00:00,1856.91,1841.91,0.14,259.96740000000005,51.99348000000001,5,1841.23,1845.05,3.255559999999991,1.6710158434296363,exchange_guard_proxy_touch,False,-2.1,0.62140176,-0.047109700008,0.31196088,-2.768511460008,-106.4945627801024,2,True
ETHUSDT,long,0b5241c942bcaaa8ec93de0e4722d7cf6af6fafd0345991417d272074188b655,ETHUSDT|long|high_volume,1685016360000,1685181780000,2023-05-25T12:06:00+00:00,2023-05-27T10:03:00+00:00,1804.72,1820.79,0.09,162.4248,32.48496,5,1776.18,1823.9,3.226811039999995,7.067337719052973,exchange_guard_proxy_touch,False,1.4462999999999941,0.39155508,-0.12391191621,0.19490976,0.9308330037899941,57.30855163681864,2,True
ETHUSDT,long,282aeb13e27cea957fd9c0cfee245c082385821c6c8789f6342d95a5a625e7c1,ETHUSDT|long|high_volume,1685193960000,1685195760000,2023-05-27T13:26:00+00:00,2023-05-27T13:56:00+00:00,1832.64,1820.79,0.21,384.8544,76.97088,5,1823.9,1823.9,3.409164360000028,3.0750503207076685,exchange_guard_proxy_touch,False,-2.4885000000000286,0.9206643599999998,0.0,0.46182527999999995,-3.4091643600000285,-88.58322420115317,2,True
ETHUSDT,long,1bf79286baa02e1e13e6b5c702646579323815eda2653b790a4b292770aea997,ETHUSDT|long|confirmed_volume,1685221260000,1685276520000,2023-05-27T21:01:00+00:00,2023-05-28T12:22:00+00:00,1830.29,1838.93,0.15,274.5435,54.908699999999996,5,1815.83,1842.07,3.288245399999993,1.8499696198299524,exchange_guard_proxy_touch,False,1.296000000000015,0.6604595999999999,0.00333748359,0.3294522,0.638877883590015,23.270552156216226,2,True
ETHUSDT,long,1e8bbaf5cedafadacc9c06ca02e080d252d5e89ffc299861fb7d8ed6d7c307ae,ETHUSDT|long|high_volume,1685352360000,1685357400000,2023-05-29T09:26:00+00:00,2023-05-29T10:50:00+00:00,1904.53,1890.0,0.17,323.7701,64.75402,5,1893.22,1893.22,3.244184119999995,3.9764037810433654,exchange_guard_proxy_touch,False,-2.4700999999999955,0.77408412,0.0,0.38852412,-3.2441841199999955,-100.20023837902251,2,True
ETHUSDT,long,a98acff2b856cdb2830761a38a70b76ea31a8a0734a8f3cbba1ed3e1d5a661d4,ETHUSDT|long|high_volume,1685416860000,1685463420000,2023-05-30T03:21:00+00:00,2023-05-30T16:17:00+00:00,1908.63,1888.64,0.09,171.7767,34.35534,5,1880.01,1891.86,3.2726275200000146,17.3733564067406,exchange_guard_proxy_touch,False,-1.7991000000000008,0.41010515999999997,-0.049156443144,0.20613204,-2.258361603144001,-131.47077590523048,2,True
ETHUSDT,long,6c2933c015a17ace3d78bcb74289c682d336eb898dcca8c953f721ba11f9a43c,ETHUSDT|long|high_volume,1685469060000,1685498460000,2023-05-30T17:51:00+00:00,2023-05-31T02:01:00+00:00,1911.15,1893.05,0.12,229.338,45.867599999999996,5,1891.86,1896.28,3.2483697599999988,2.7604175086358893,exchange_guard_proxy_touch,False,-2.172000000000016,0.5478048,-0.036252934343999996,0.2752056,-2.7560577343440165,-120.17449067943457,2,True
ETHUSDT,long,44b60bdbe599232045ea1d2c02d1207382b28fe8e99edf4e193e406b9ea50a4c,ETHUSDT|long|high_volume,1685578560000,1685587740000,2023-06-01T00:16:00+00:00,2023-06-01T02:49:00+00:00,1887.77,1856.99,0.09,169.89929999999998,33.979859999999995,5,1860.16,1860.16,3.1746340799999975,16.000542166075814,exchange_guard_proxy_touch,False,-2.7701999999999973,0.4044340799999999,0.0,0.20387915999999998,-3.174634079999997,-186.853864612744,2,True
ETHUSDT,long,eab7695748c25899a6c716e96ff50109bcc09e09bcff9bbb160c55dfbd60e987,ETHUSDT|long|high_volume,1685622960000,1685662260000,2023-06-01T12:36:00+00:00,2023-06-01T23:31:00+00:00,1865.18,1852.31,0.14,261.1252,52.22504,5,1850.01,1855.47,3.1884227199999913,5.075266615671153,exchange_guard_proxy_touch,False,-1.8018000000000167,0.62453832,-0.05215840000000001,0.31335024,-2.4784967200000168,-94.9160295521082,2,True
ETHUSDT,long,80f5eafea4537c2a7a12b6fc4454d1824a6bd169b79970db2df47f7b5f21710d,ETHUSDT|long|high_volume,1685669460000,1685709000000,2023-06-02T01:31:00+00:00,2023-06-02T12:30:00+00:00,1870.55,1881.02,0.14,261.877,52.3754,5,1855.47,1884.23,3.1790404800000016,3.1092870627824203,exchange_guard_proxy_touch,False,1.465800000000004,0.63026376,-0.05277972000000001,0.3142524,0.7827565200000041,29.89023549223506,2,True
ETHUSDT,long,01cca8d43e1f09ea72d96108ab8ad996b45cad20a5a25892174951142201e459,ETHUSDT|long|high_volume,1685786160000,1685804400000,2023-06-03T09:56:00+00:00,2023-06-03T15:00:00+00:00,1906.56,1894.2,0.18,343.1808,68.63615999999999,5,1896.34,1897.43,3.2417287199999674,2.0573787397726004,exchange_guard_proxy_touch,False,-2.224799999999982,0.8209641599999999,0.0,0.41181695999999995,-3.045764159999982,-88.75100704934489,2,True
ETHUSDT,long,326ef21ff1d4dd4cfa3eef0aa4af18a0a093eed63aad3241918a88530bdf2889,ETHUSDT|long|high_volume,1685808060000,1685810880000,2023-06-03T16:01:00+00:00,2023-06-03T16:48:00+00:00,1905.57,1894.2,0.2,381.11400000000003,76.2228,5,1897.43,1897.43,3.1859447999999784,6.426824394626283,exchange_guard_proxy_touch,False,-2.2739999999999783,0.9119447999999999,0.0,0.4573368,-3.1859447999999784,-83.59558557282016,2,True
ETHUSDT,long,81c9a73af1e8dc0e4b3001205116ce8a696c4d413d120b72e654e4519341cc6b,ETHUSDT|long|high_volume,1685852460000,1685920980000,2023-06-04T04:21:00+00:00,2023-06-04T23:23:00+00:00,1897.33,1891.76,0.14,265.62620000000004,53.125240000000005,5,1883.18,1894.99,3.0649863999999862,2.499160765638372,exchange_guard_proxy_touch,False,-0.7797999999999912,0.63656712,-0.068518690464,0.31875144,-1.4848858104639913,-55.901330910278844,2,True
ETHUSDT,long,7c19863902168a1ba76e0c3c5bb89c034779d8587febe67d6baceaa9a6e01713,ETHUSDT|long|high_volume,1686027360000,1686051780000,2023-06-06T04:56:00+00:00,2023-06-06T11:43:00+00:00,1819.68,1807.51,0.08,145.5744,29.11488,5,1791.04,1810.59,2.8815363200000044,7.077947081008001,exchange_guard_proxy_touch,False,-0.9736000000000058,0.34821023999999995,-0.000577023584,0.17468927999999997,-1.3223872635840057,-90.83927281060446,2,True
BTCUSDT,short,104db429c9b3e433aef3643d589551d88e3db6148b5c11767fcc90bf5c950bbb,BTCUSDT|short|confirmed_volume,1686015060000,1686060060000,2023-06-06T01:31:00+00:00,2023-06-06T14:01:00+00:00,25590.7,25830.300000000003,0.0024000000000000002,61.417680000000004,12.283536000000002,5,26810.0,25786.399999999998,3.1868053440000037,1.5072136427268819,exchange_guard_proxy_touch,False,-0.5750400000000053,0.14809248,-0.0037597006128000003,0.073701216,-0.7268921806128052,-118.35226934863141,2,True
ETHUSDT,long,6373fe679488152a5f8569913838ad496302d4a63ec0e611af96701c08fea362,ETHUSDT|long|high_volume,1686060360000,1686128820000,2023-06-06T14:06:00+00:00,2023-06-07T09:07:00+00:00,1828.89,1867.8,0.12,219.4668,43.89336,5,1810.59,1870.99,3.0892416000000127,8.156006438263441,exchange_guard_proxy_touch,False,4.669199999999982,0.5323233599999999,-0.128105956272,0.26336016,4.008770683727983,182.6595495869071,2,True
BTCUSDT,short,17eb59094e39c41c98061305182787937a4d0658222f638e26278b628d434fb2,BTCUSDT|short|high_volume,1686129660000,1686206580000,2023-06-07T09:21:00+00:00,2023-06-08T06:43:00+00:00,26657.9,26504.600000000002,0.007500000000000001,199.93425000000002,39.986850000000004,5,26974.0,26459.6,3.1981002000000003,6.557878703211325,exchange_guard_proxy_touch,False,1.1497499999999947,0.4784625,0.018777376732500003,0.23992110000000003,0.6900648767324947,34.51459050825432,2,True
ETHUSDT,long,6d6d4e8d1557c4c84b44dd4c7126f9d03ccaf2c4234bce010e4b4cc0cfa7ea4a,ETHUSDT|long|high_volume,1686221160000,1686229380000,2023-06-08T10:46:00+00:00,2023-06-08T13:03:00+00:00,1846.14,1833.9,0.14,258.4596,51.69192,5,1831.38,1837.03,3.1204992000000153,2.8888749122166453,exchange_guard_proxy_touch,False,-1.7136000000000013,0.61824672,0.0,0.31015152,-2.3318467200000015,-90.22093665702498,2,True
ETHUSDT,long,af187d4600293370912fdc48844e238d5a23c3a8db29f161d53a92159bdab83d,ETHUSDT|long|high_volume,1686234960000,1686276480000,2023-06-08T14:36:00+00:00,2023-06-09T02:08:00+00:00,1862.24,1837.01,0.09,167.6016,33.52032,5,1837.03,1840.14,2.949783119999992,5.94952901081225,exchange_guard_proxy_touch,False,-2.2707000000000015,0.39951899999999996,-0.045132030197999995,0.20112191999999998,-2.715351030198001,-162.01223796180952,2,True
BTCUSDT,short,7ae9494b66f3f4d2fce74aa55e6830cddd5b43d3613f754bc2a0f1fb2ae68620,BTCUSDT|short|high_volume,1686266760000,1686298740000,2023-06-08T23:26:00+00:00,2023-06-09T08:19:00+00:00,26459.600000000002,26635.300000000003,0.010700000000000001,283.1177200000001,56.62354400000002,5,26645.8,26590.0,3.1595049880000006,4.357339710185441,exchange_guard_proxy_touch,False,-1.879990000000008,0.6817385160000001,0.0411015698684,0.33974126400000004,-2.520626946131608,-89.03105556697784,2,True
ETHUSDT,long,41f4035f00d677d00f8db99c3c112abe75d1e042c241b1b8ecd793f6e33fd768,ETHUSDT|long|confirmed_volume,1686312660000,1686326040000,2023-06-09T12:11:00+00:00,2023-06-09T15:54:00+00:00,1848.4,1835.89,0.12,221.808,44.361599999999996,5,1829.99,1839.02,3.1128388799999964,1.688212328744979,exchange_guard_proxy_touch,False,-1.5011999999999988,0.53053776,0.0,0.2661696,-2.0317377599999986,-91.59893962345807,2,True
BTCUSDT,short,7971be10fb9e1e0010661fa292a49d14f9c4ad8d5d627b75aa476fd130f5966f,BTCUSDT|short|high_volume,1686358560000,1686359460000,2023-06-10T00:56:00+00:00,2023-06-10T01:11:00+00:00,26398.5,26535.2,0.015600000000000001,411.81660000000005,82.36332000000002,5,26490.1,26490.1,3.1234388640000117,2.6295690378810876,exchange_guard_proxy_touch,False,-2.1325200000000115,0.990918864,0.0,0.49417992,-3.1234388640000113,-75.84538515445979,2,True
BTCUSDT,short,a4d5a1d809ed0baa1ed2f0dff378c072f7bfab45bf4ab07905596b2a1625acd7,BTCUSDT|short|high_volume,1686361860000,1686416880000,2023-06-10T01:51:00+00:00,2023-06-10T17:08:00+00:00,26342.300000000003,25773.0,0.012,316.10760000000005,63.22152000000001,5,26490.1,25729.199999999997,3.0762359999999735,5.453042796833005,exchange_guard_proxy_touch,False,6.831600000000035,0.75046032,0.019284533844,0.37932912,6.100424213844035,192.98568632465762,2,True
ETHUSDT,long,c73a138f91163d8f1a45790c549423c9177ecaa9d1a84df59408c74ea5c22d1f,ETHUSDT|long|high_volume,1686429660000,1686441660000,2023-06-10T20:41:00+00:00,2023-06-11T00:01:00+00:00,1748.42,1746.3400000000001,0.07,122.38940000000002,24.477880000000006,5,1715.28,1715.28,2.8149055199999964,2.1431258619802183,completed_MTF_D_BIAS_REVERSED,False,-0.14559999999999493,0.29355984,-0.004369972530000001,0.14686728,-0.44352981252999496,-36.23923415998403,2,False
BTCUSDT,short,2486e7386496d54a5a7cdb8c8dceaf5f26526082b6ef6db612d849f343a4121c,BTCUSDT|short|confirmed_volume,1686453060000,1686483120000,2023-06-11T03:11:00+00:00,2023-06-11T11:32:00+00:00,25694.5,25864.100000000002,0.0095,244.09775,48.81955,5,25919.6,25820.199999999997,3.146303480000007,1.8460539301983203,exchange_guard_proxy_touch,False,-1.6112000000000206,0.5877680399999999,0.00781397952,0.2929173,-2.1911540604800206,-89.765434563818,2,True
BTCUSDT,short,85de587442e37eeb4ce624f14ee48103ac003acdc9ef01635f6b470197be0d02,BTCUSDT|short|high_volume,1686491760000,1686500340000,2023-06-11T13:56:00+00:00,2023-06-11T16:19:00+00:00,25657.0,25864.100000000002,0.011600000000000001,297.62120000000004,59.524240000000006,5,25820.199999999997,25820.199999999997,3.119533712000026,3.6705175865027173,exchange_guard_proxy_touch,False,-2.4023600000000256,0.7171737120000001,0.017691858029999997,0.35714544,-3.1018418539700257,-104.22113256616213,2,True
BTCUSDT,short,0c13442c79c18c50d51394a6a26e09dbe41fe4bae5441f8c00d3bf08e4bdd181,BTCUSDT|short|high_volume,1686572460000,1686615300000,2023-06-12T12:21:00+00:00,2023-06-13T00:15:00+00:00,25873.600000000002,26006.800000000003,0.009300000000000001,240.62448000000003,48.12489600000001,5,26097.8,25962.6,3.0784763279999865,2.7176877721414745,exchange_guard_proxy_touch,False,-1.238760000000007,0.578985264,0.0327807239976,0.28874937600000006,-1.7849645400024072,-74.18050482654164,2,True
BTCUSDT,short,741620929c89dbd4ff29ee5639125aceef1ed10179af6fdae3924832096d5ecf,BTCUSDT|short|high_volume,1686617760000,1686619680000,2023-06-13T00:56:00+00:00,2023-06-13T01:28:00+00:00,25797.2,26006.800000000003,0.011300000000000001,291.50836000000004,58.30167200000001,5,25962.6,25962.6,3.0709422400000252,5.73133601309897,exchange_guard_proxy_touch,False,-2.368480000000025,0.70246224,0.0,0.349810032,-3.070942240000025,-105.34662676569634,2,True
BTCUSDT,short,097385d5d9972513682e0a0ede9ce35fbd71650bb33dcd32405c54a6912e10c7,BTCUSDT|short|high_volume,1686695460000,1686703080000,2023-06-13T22:31:00+00:00,2023-06-14T00:38:00+00:00,25771.7,26017.300000000003,0.0099,255.13983000000002,51.027966000000006,5,25973.1,25973.1,3.046693320000022,2.0979452705096646,exchange_guard_proxy_touch,False,-2.431440000000022,0.61525332,0.006255620316000001,0.306167796,-3.040437699684022,-119.16750511607779,2,True
BTCUSDT,short,ad66379fdca9654476739c206d4a1616dd69cd2afb79eee78a079fd23379dc3e,BTCUSDT|short|high_volume,1686801960000,1686835320000,2023-06-15T04:06:00+00:00,2023-06-15T13:22:00+00:00,24986.800000000003,25106.2,0.0095,237.37460000000002,47.474920000000004,5,25198.899999999998,25063.5,2.99510604,3.2316459415399783,exchange_guard_proxy_touch,False,-1.1342999999999792,0.5710601999999999,0.014693431290999998,0.28484951999999997,-1.690666768708979,-71.22357525653456,2,True
BTCUSDT,short,acf50ab940aef8fdee37ab4b65739367e71c4317ce5c2cab809a862465fc0b85,BTCUSDT|short|high_volume,1686844260000,1686851100000,2023-06-15T15:51:00+00:00,2023-06-15T17:45:00+00:00,24920.5,25106.2,0.0122,304.0301,60.806020000000004,5,25063.5,25063.5,2.997930888000009,2.07774571530935,exchange_guard_proxy_touch,False,-2.265540000000009,0.7323908879999999,0.0203532539976,0.36483612,-2.977577634002409,-97.93693565217421,2,True
BTCUSDT,short,2d091c13fcb6b3ed30cd32fc0a822f115ae9a76f54e18db32e314b4c9b1ec9ca,BTCUSDT|short|high_volume,1686914760000,1686922080000,2023-06-16T11:26:00+00:00,2023-06-16T13:28:00+00:00,25473.0,25663.7,0.0118,300.5814,60.116279999999996,5,25620.1,25620.1,2.974355672000008,5.908373857105205,exchange_guard_proxy_touch,False,-2.2502600000000084,0.7240956719999998,0.0,0.36069767999999996,-2.974355672000008,-98.95341734385455,2,True
BTCUSDT,short,a132a33f61f47f195e6192f544b7612459e5b0280ae203462c3452ea2ab0b9a4,BTCUSDT|short|high_volume,1686927060000,1686927480000,2023-06-16T14:51:00+00:00,2023-06-16T14:58:00+00:00,25326.5,25663.7,0.0073,184.88345,36.976690000000005,5,25620.1,25620.1,2.9082341520000052,28.255653608764217,exchange_guard_proxy_touch,False,-2.4615600000000053,0.44667415199999994,0.0,0.22186013999999998,-2.9082341520000052,-157.3009456498137,2,True
BTCUSDT,short,646fa7dab49ac70a31d16bc6644a545d990e18c80cb0dacb4ba90ccd2ec01d92,BTCUSDT|short|confirmed_volume,1687079160000,1687104540000,2023-06-18T09:06:00+00:00,2023-06-18T16:09:00+00:00,26428.800000000003,26611.300000000003,0.010700000000000001,282.78816000000006,56.55763200000001,5,26590.1,26566.1,2.8919643279999847,1.8288098784185511,exchange_guard_proxy_touch,False,-1.9527500000000002,0.681034884,0.019046105662500003,0.33934579200000003,-2.6147387783375002,-92.46280955813354,2,True
BTCUSDT,short,50b291fcb522bc8344c44b40c36bb84be3042921b4fc46a77f66f98116a0d908,BTCUSDT|short|high_volume,1687269660000,1687276140000,2023-06-20T14:01:00+00:00,2023-06-20T15:49:00+00:00,26744.600000000002,27015.9,0.0074,197.91004000000004,39.58200800000001,5,27024.3,26970.0,2.8880563120000056,4.370377442531059,exchange_guard_proxy_touch,False,-2.007619999999995,0.47739323999999994,0.0,0.23749204799999998,-2.485013239999995,-125.56276781107186,2,True
BTCUSDT,long,e6c3275dcc5ef4934dfbeffd31ddf34392f399859cd7aa55a6f817414140c869,BTCUSDT|long|high_volume,1687781460000,1687797900000,2023-06-26T12:11:00+00:00,2023-06-26T16:45:00+00:00,30385.4,30102.2,0.008,243.0832,48.616640000000004,5,30153.5,30153.5,2.846280960000006,2.4640605095032995,exchange_guard_proxy_touch,False,-2.265600000000006,0.58068096,-0.04864112,0.29169984,-2.894922080000006,-119.09182041375158,2,True
BTCUSDT,long,d1f316976d390b59ec87118ee4d988e04a462b0d2119b536419cd3dac3c38215,BTCUSDT|long|confirmed_volume,1687830960000,1687911540000,2023-06-27T01:56:00+00:00,2023-06-28T00:19:00+00:00,30416.5,30481.0,0.006200000000000001,188.58230000000003,37.716460000000005,5,30086.0,30533.0,2.8162976719999824,1.7272164750790897,exchange_guard_proxy_touch,False,0.39990000000000003,0.4530774,-0.11355312400000002,0.22629876,-0.166730524,-8.841260500057533,2,True
BTCUSDT,long,9a724e9cd0513f3e21bb0fc94d75984948dff8757aca52b3ef13120a4aaf29d6,BTCUSDT|long|confirmed_volume,1688013660000,1688070180000,2023-06-29T04:41:00+00:00,2023-06-29T20:23:00+00:00,30259.2,30328.2,0.0081,245.09951999999998,49.019904,5,30036.0,30379.9,2.8074026519999937,1.6085493291395283,exchange_guard_proxy_touch,False,0.5589,0.5889095279999998,-0.09505953774,0.29411942399999996,-0.1250690657399999,-5.102787053193736,2,True
BTCUSDT,long,efa09583eec1fd7a3571cef17533b73fee8ed4e41202f87141063b6038214550,BTCUSDT|long|high_volume,1688100060000,1688132160000,2023-06-30T04:41:00+00:00,2023-06-30T13:36:00+00:00,31095.5,30551.800000000003,0.0032,99.5056,19.90112,5,30337.300000000003,30603.9,2.8270638079999975,6.089652766142235,exchange_guard_proxy_touch,False,-1.7398399999999907,0.23672563200000002,-0.019685888000000002,0.11940672000000001,-1.9962515199999906,-200.6170024601621,2,True
BTCUSDT,long,8f29c0ed44e47b60de5df2023d98db00cc7308905b009605e0c91140d60d248b,BTCUSDT|long|high_volume,1688157060000,1688264280000,2023-06-30T20:31:00+00:00,2023-07-02T02:18:00+00:00,30518.800000000003,30482.2,0.0066,201.42408000000003,40.284816000000006,5,30221.9,30534.2,2.779439256000019,5.06527140466201,exchange_guard_proxy_touch,False,-0.2415600000000144,0.48312792,-0.161097288,0.241708896,-0.8857852080000144,-43.97613274440744,2,True
BTCUSDT,long,02a492e2beb662c85cea0ac1d1f2bc5c378accaf36584a8fe8338b64185874d5,BTCUSDT|long|high_volume,1688299560000,1688311380000,2023-07-02T12:06:00+00:00,2023-07-02T15:23:00+00:00,30615.5,30410.2,0.01,306.15500000000003,61.23100000000001,5,30462.0,30462.0,2.785308399999993,5.091441306917888,exchange_guard_proxy_touch,False,-2.052999999999993,0.7323083999999999,0.0,0.367386,-2.785308399999993,-90.97706717185714,2,True
BTCUSDT,long,ecd162246e7bc779bfb9e85a64db0a2ef81cb22f40b4932dbff27996f786f364,BTCUSDT|long|high_volume,1688336760000,1688337780000,2023-07-02T22:26:00+00:00,2023-07-02T22:43:00+00:00,30716.7,30406.100000000002,0.007200000000000001,221.16024000000002,44.232048000000006,5,30457.9,30457.9,2.7644209919999896,2.1007139814479268,exchange_guard_proxy_touch,False,-2.23631999999999,0.528100992,0.0,0.26539228800000003,-2.76442099199999,-124.9962919193789,2,True
BTCUSDT,long,ad81b8665258309b768641969bd423a864c36fbdce886861a65a95b7aa86e9ca,BTCUSDT|long|confirmed_volume,1688347860000,1688450640000,2023-07-03T01:31:00+00:00,2023-07-04T06:04:00+00:00,30753.100000000002,30822.600000000002,0.006,184.51860000000002,36.90372000000001,5,30424.9,30875.100000000002,2.7201086400000003,1.8269368661987406,exchange_guard_proxy_touch,False,0.417,0.44334503999999997,-0.11145588000000002,0.22142232,-0.13780092,-7.468131668026961,2,True
BTCUSDT,long,c72a66289159d2f90cf1b592fc9f190ed53044d9eef4cf1fd06dd5037519855e,BTCUSDT|long|high_volume,1688632560000,1688650980000,2023-07-06T08:36:00+00:00,2023-07-06T13:43:00+00:00,30946.800000000003,30368.7,0.004200000000000001,129.97656000000003,25.995312000000006,5,30420.5,30420.5,2.73705012000001,3.782697894372359,exchange_guard_proxy_touch,False,-2.4280200000000094,0.30903012,0.0,0.155971872,-2.7370501200000095,-210.58028616852215,2,True
BTCUSDT,long,ea81cd5d0ad1cc67826b7e2bbf11c14c2c85a4340f67abdc709493923ba25feb,BTCUSDT|long|high_volume,1688733360000,1688789340000,2023-07-07T12:36:00+00:00,2023-07-08T04:09:00+00:00,30312.100000000002,30188.4,0.0051,154.59171000000003,30.918342000000006,5,29904.300000000003,30239.9,2.7075828600000036,23.796872611192306,exchange_guard_proxy_touch,False,-0.6308700000000037,0.37026306000000003,-0.010602773163000002,0.185510052,-1.0117358331630038,-65.44567190329957,2,True
BTCUSDT,long,f4ab7bb1107a6a4e804adea8c78b5085f720df01a521f7248ca9f87ec66d583d,BTCUSDT|long|high_volume,1688832360000,1688844180000,2023-07-08T16:06:00+00:00,2023-07-08T19:23:00+00:00,30271.4,30081.100000000002,0.0103,311.79542000000004,62.35908400000001,5,30132.4,30132.4,2.7060468999999925,3.3450735266783145,exchange_guard_proxy_touch,False,-1.9600899999999926,0.7459568999999999,0.0,0.374154504,-2.7060468999999925,-86.78918054665435,2,True
BTCUSDT,long,f76cb7e619539aeea058f3338d0a6aa39db568d18738efbf3591e43278d28f0d,BTCUSDT|long|high_volume,1688890260000,1688895180000,2023-07-09T08:11:00+00:00,2023-07-09T09:33:00+00:00,30332.800000000003,30190.100000000002,0.012400000000000001,376.1267200000001,75.22534400000002,5,30241.600000000002,30241.600000000002,2.6700607520000093,2.437892643897064,exchange_guard_proxy_touch,False,-1.7694800000000093,0.9005807520000002,0.0,0.45135206400000005,-2.6700607520000093,-70.98832946513367,2,True
BTCUSDT,long,8f2c75ebb0436c2df826ea4d14b2fa130547b3743e0ef2bd95027b0d4f5a9bdb,BTCUSDT|long|high_volume,1688990460000,1689067200000,2023-07-10T12:01:00+00:00,2023-07-11T09:20:00+00:00,30282.100000000002,30330.600000000002,0.006,181.69260000000003,36.33852,5,29966.5,30382.300000000003,2.6330227200000134,3.154447547760026,exchange_guard_proxy_touch,False,0.291,0.43641144000000004,-0.07038468726,0.21803112000000002,-0.21579612726000005,-11.876990436594557,2,True
BTCUSDT,long,a3cc1b23ff20e1ba780ef8095f122bd588706997eb444dd2470498c212705933,BTCUSDT|long|high_volume,1689117360000,1689169080000,2023-07-11T23:16:00+00:00,2023-07-12T13:38:00+00:00,30657.100000000002,30433.0,0.0066,202.33686,40.467372,5,30383.800000000003,30484.9,2.628034464,2.044720078395577,exchange_guard_proxy_touch,False,-1.4790600000000145,0.48383359200000003,-0.05472947641919999,0.24280423199999998,-2.0176230684192147,-99.71604127983477,2,True
ETHUSDT,long,6ad2692ac24e54faf13d6e427a208dd755a7db4b4852cb20f61ab91fa463f365,ETHUSDT|long|high_volume,1689293760000,1689316320000,2023-07-14T00:16:00+00:00,2023-07-14T06:32:00+00:00,2013.42,2000.64,0.05,100.671,20.1342,5,1970.99,2004.05,2.5283629999999984,2.095973836766823,exchange_guard_proxy_touch,False,-0.6389999999999987,0.24084360000000002,0.0,0.1208052,-0.8798435999999987,-87.39791995708781,2,True
BTCUSDT,long,7578fd377c9747f5b2d140ad62bed0586d1898d83f764ba761c6d85b5ef38fc4,BTCUSDT|long|high_volume,1689231660000,1689341880000,2023-07-13T07:01:00+00:00,2023-07-14T13:38:00+00:00,30426.7,31015.5,0.0082,249.49894000000003,49.89978800000001,5,30232.9,31068.4,2.607024688000006,4.418549025588104,exchange_guard_proxy_touch,False,4.828159999999994,0.604591248,-0.13571041188600003,0.299398728,4.087858340113994,163.84271372511614,2,True
BTCUSDT,long,80440283f347cbda1bb61a8ca679a4f9ff27b0b41c65028cfcedfce66fa68f1a,BTCUSDT|long|high_volume,1689342960000,1689352260000,2023-07-14T13:56:00+00:00,2023-07-14T16:31:00+00:00,31321.100000000002,31015.5,0.007,219.2477,43.849540000000005,5,31068.4,31068.4,2.6628274400000156,3.7921368713390704,exchange_guard_proxy_touch,False,-2.1392000000000153,0.52362744,-0.043731240000000005,0.26309723999999995,-2.706558680000015,-123.4475289820607,2,True
BTCUSDT,long,f432a0ad80ef7b09f9bac1e07bda81344d7d559ec9cad36ed38c2d83c6e20bb8,BTCUSDT|long|high_volume,1689415860000,1689433500000,2023-07-15T10:11:00+00:00,2023-07-15T15:05:00+00:00,30398.7,30189.4,0.009300000000000001,282.70791,56.541582000000005,5,30240.9,30240.9,2.6226531959999932,2.372645139875735,exchange_guard_proxy_touch,False,-1.9464899999999934,0.6761631960000001,0.0,0.33924949200000004,-2.6226531959999937,-92.76900656935963,2,True
ETHUSDT,long,a407d45c1da93bc85ef4410498115ce96fc3542ab2bea4441d2caa1875c41f6a,ETHUSDT|long|confirmed_volume,1689404460000,1689455460000,2023-07-15T07:01:00+00:00,2023-07-15T21:11:00+00:00,1936.16,1924.02,0.14,271.0624,54.212480000000006,5,1925.56,1927.3,2.5914179200000156,1.7030828897996333,exchange_guard_proxy_touch,False,-1.6996000000000142,0.64851024,-0.09167553533600001,0.32527488,-2.439785775336014,-90.0082702483271,2,True
ETHUSDT,long,df90571997133cf783146853bf9e13412aa25ef7f422df23ac46ebe02206aa4e,ETHUSDT|long|high_volume,1689499860000,1689549900000,2023-07-16T09:31:00+00:00,2023-07-16T23:25:00+00:00,1932.98,1921.55,0.12,231.95759999999999,46.39152,5,1919.33,1924.83,2.584661760000009,4.290469122710938,exchange_guard_proxy_touch,False,-1.3716000000000075,0.5550523199999999,-0.0189619584,0.27834911999999995,-1.9456142784000074,-83.87801384390973,2,True
BTCUSDT,long,0e9dbad561bdb6b1758d36a9adf7b5232277b8efe2fdfaee5c6270c3aefc7c3d,BTCUSDT|long|high_volume,1689679560000,1689681180000,2023-07-18T11:26:00+00:00,2023-07-18T11:53:00+00:00,30060.7,29813.7,0.008,240.4856,48.097120000000004,5,29864.5,29864.5,2.55079424,3.529266831392127,exchange_guard_proxy_touch,False,-1.976,0.57479424,0.0,0.28858272,-2.55079424,-106.06848143922132,2,True
ETHUSDT,long,04764f2f84bb33625cd3cab4f1570536f9b42f2f0b307293e8c0232548492e09,ETHUSDT|long|high_volume,1689679560000,1689681300000,2023-07-18T11:26:00+00:00,2023-07-18T11:55:00+00:00,1909.02,1889.07,0.1,190.90200000000002,38.180400000000006,5,1892.29,1892.29,2.4507708000000044,4.462219989703366,exchange_guard_proxy_touch,False,-1.9950000000000045,0.45577080000000003,0.0,0.2290824,-2.4507708000000044,-128.37847691485706,2,True
ETHUSDT,long,5c2b1e066667f91d5c76218578e9ef8c4a032cf1941bfe9d777c72795617a163,ETHUSDT|long|high_volume,1689690360000,1689690720000,2023-07-18T14:26:00+00:00,2023-07-18T14:32:00+00:00,1903.48,1889.07,0.13,247.4524,49.490480000000005,5,1892.29,1892.29,2.4649378000000106,3.5361570164559786,exchange_guard_proxy_touch,False,-1.8733000000000106,0.5916378,0.0,0.29694288,-2.4649378000000106,-99.61260428268268,2,True
BTCUSDT,long,0c66cb67f67d457b7c5f63a09bfff14b6741c5594b2670de22a4340c7f55e19e,BTCUSDT|long|high_volume,1689774360000,1689776100000,2023-07-19T13:46:00+00:00,2023-07-19T14:15:00+00:00,30119.2,29801.300000000003,0.0064,192.76288000000002,38.552576,5,29852.100000000002,29852.100000000002,2.494749439999986,3.071081770035552,exchange_guard_proxy_touch,False,-2.034559999999986,0.46018943999999995,0.0,0.231315456,-2.4947494399999863,-129.42063534223945,2,True
ETHUSDT,long,300e63057ebf60ca43071ce1c7e5d3aed8c49dd013e2f3f11931e6df2e5a9a60,ETHUSDT|long|high_volume,1689726960000,1689776100000,2023-07-19T00:36:00+00:00,2023-07-19T14:15:00+00:00,1910.15,1898.1200000000001,0.08,152.812,30.562400000000004,5,1888.61,1901.36,2.3451718399999995,5.583091982565991,exchange_guard_proxy_touch,False,-0.9623999999999978,0.36559392,-0.030524640000000006,0.18337440000000002,-1.3585185599999978,-88.90130094495181,2,True
ETHUSDT,long,7b64fc13eb76149f18dc5be0c24ac0f7ea9109dd6641d62361afa82d2f7788fb,ETHUSDT|long|confirmed_volume,1689788460000,1689798180000,2023-07-19T17:41:00+00:00,2023-07-19T20:23:00+00:00,1912.0900000000001,1898.1200000000001,0.13,248.57170000000002,49.71434000000001,5,1901.36,1901.36,2.4104927600000035,1.5687633773150087,exchange_guard_proxy_touch,False,-1.8161000000000036,0.59439276,0.0,0.29828604000000003,-2.4104927600000035,-96.97374077580044,2,True
BTCUSDT,long,d187ec4dfff80082bca363c9db39ffd6a10e3af34685f0abe8381ce47c780d55,BTCUSDT|long|high_volume,1689789060000,1689801600000,2023-07-19T17:51:00+00:00,2023-07-19T21:20:00+00:00,30089.9,29801.300000000003,0.0068000000000000005,204.61132000000003,40.922264000000006,5,29852.100000000002,29852.100000000002,2.4511921919999904,5.239864096353884,exchange_guard_proxy_touch,False,-1.9624799999999902,0.488712192,0.0,0.24553358400000003,-2.4511921919999904,-119.79748686436264,2,True
BTCUSDT,long,76b52acec8aecaaeb43971b549ed61da322275f8e28a325c1910ce7eb90aaff6,BTCUSDT|long|high_volume,1689819060000,1689863820000,2023-07-20T02:11:00+00:00,2023-07-20T14:37:00+00:00,30062.600000000002,29849.5,0.0064,192.40064,38.480128,5,29810.9,29900.4,2.3947991040000094,2.1750934676914686,exchange_guard_proxy_touch,False,-1.363840000000014,0.46012492800000004,-0.0372628197888,0.23088076800000001,-1.861227747788814,-96.73708714216407,2,True
ETHUSDT,long,128f96f638493ef82f38ede9a9c066e6db3da9c9327aceefa1ce7d185dae7828,ETHUSDT|long|confirmed_volume,1689830160000,1689864240000,2023-07-20T05:16:00+00:00,2023-07-20T14:44:00+00:00,1903.92,1888.0900000000001,0.07,133.2744,26.654880000000002,5,1881.6,1891.31,2.1041148799999987,1.6477566079705592,exchange_guard_proxy_touch,False,-1.108099999999995,0.31852884000000004,-0.024668065422,0.15992928,-1.4512969054219949,-108.89539967330519,2,True
BTCUSDT,long,73760775252894abe581941bec2f53b4925d0a57685a4507c9dff987b5e09ed7,BTCUSDT|long|confirmed_volume,1689931260000,1689938580000,2023-07-21T09:21:00+00:00,2023-07-21T11:23:00+00:00,29870.100000000002,29678.9,0.0082,244.93482000000003,48.98696400000001,5,29705.800000000003,29729.5,2.347089935999994,1.6519300843162166,exchange_guard_proxy_touch,False,-1.5678400000000061,0.58596216,0.0,0.293921784,-2.153802160000006,-87.93368619455599,2,True
ETHUSDT,long,9d3c9c84024f3afb759bac0e2427bed5936be01c6caa53997ed77f1352c89bea,ETHUSDT|long|high_volume,1689962760000,1689966900000,2023-07-21T18:06:00+00:00,2023-07-21T19:15:00+00:00,1906.0,1881.97,0.08,152.48,30.496,5,1885.18,1885.18,2.2860451199999976,17.200467054035936,exchange_guard_proxy_touch,False,-1.9223999999999979,0.36364512,0.0,0.182976,-2.286045119999998,-149.92426023084982,2,True
BTCUSDT,long,c780befed9fab2313d4a630752544f0c8e8aac60b0a7f8fe472f6b8cce084260,BTCUSDT|long|high_volume,1689942360000,1690029780000,2023-07-21T12:26:00+00:00,2023-07-22T12:43:00+00:00,29877.9,29771.2,0.008700000000000001,259.93773000000004,51.98754600000001,5,29729.5,29821.9,2.3530729920000004,2.0789223870629203,exchange_guard_proxy_touch,False,-0.9282900000000065,0.6227366040000001,-0.035640138833400004,0.31192527600000003,-1.5866667428334067,-61.04026309814302,2,True
BTCUSDT,long,ab46e73532fbf7db31e0e27fa73fb7df032c81019c079aa2777c99b0fd13f5bd,BTCUSDT|long|high_volume,1690112760000,1690117440000,2023-07-23T11:46:00+00:00,2023-07-23T13:04:00+00:00,29948.4,29818.7,0.0114,341.41176,68.282352,5,29869.5,29869.5,2.2961939280000085,2.8804225401031043,exchange_guard_proxy_touch,False,-1.4785800000000084,0.8176139280000001,0.0,0.409694112,-2.2961939280000085,-67.25585340118361,2,True
ETHUSDT,long,3c908adb5546eda0910012b285ca3c2a9868262ceb5ecb6d9eecafa3bdf2302b,ETHUSDT|long|confirmed_volume,1690223460000,1690330980000,2023-07-24T18:31:00+00:00,2023-07-26T00:23:00+00:00,1850.33,1852.24,0.1,185.03300000000002,37.006600000000006,5,1835.38,1855.4,2.249909599999993,1.785756036211518,exchange_guard_proxy_touch,False,0.1910000000000082,0.44430839999999994,-0.12946925964000003,0.22203959999999998,-0.3827776596399918,-20.686994192386855,2,True
ETHUSDT,long,269eeb754b84b2ed4151c81d25b5dfc305b5bcb77f0266ef82fd580e7c8a311a,ETHUSDT|long|high_volume,1690340460000,1690345380000,2023-07-26T03:01:00+00:00,2023-07-26T04:23:00+00:00,1862.3600000000001,1852.24,0.15,279.354,55.870799999999996,5,1855.4,1855.4,2.1866280000000176,4.203687382166381,exchange_guard_proxy_touch,False,-1.5180000000000178,0.6686279999999999,0.0,0.3352248,-2.1866280000000176,-78.2744474752471,2,True
ETHUSDT,long,3fbbfb582a10517dd9c71523bf53ce6c6e3ce04959befb04117200a7b301f9ca,ETHUSDT|long|confirmed_volume,1690420860000,1690444320000,2023-07-27T01:21:00+00:00,2023-07-27T07:52:00+00:00,1875.33,1862.22,0.12,225.03959999999998,45.00792,5,1865.4,1865.4,2.111407199999988,1.7376317532984016,exchange_guard_proxy_touch,False,-1.573199999999988,0.5382072,0.0,0.27004752,-2.111407199999988,-93.82380700996572,2,True
ETHUSDT,long,6f0b8077227e6179d01fbe69cdf28b45d84949dab1d37788e26288287d413220,ETHUSDT|long|high_volume,1690448760000,1690470540000,2023-07-27T09:06:00+00:00,2023-07-27T15:09:00+00:00,1881.6100000000001,1862.22,0.09,169.3449,33.86898,5,1865.4,1865.4,2.1494336400000087,3.4716591749714434,exchange_guard_proxy_touch,False,-1.745100000000009,0.40433364,0.0,0.20321387999999999,-2.149433640000009,-126.92638750857034,2,True
ETHUSDT,long,eb3d0d10478a5626817fc7ad369bfff9fa1e54e1a4bed2a55368af6cfc45c769,ETHUSDT|long|high_volume,1690535160000,1690611000000,2023-07-28T09:06:00+00:00,2023-07-29T06:10:00+00:00,1866.38,1868.67,0.12,223.9656,44.79312,5,1855.56,1871.86,2.213104320000002,2.5847230721717867,exchange_guard_proxy_touch,False,0.2747999999999956,0.5378472,-0.0872914752,0.26875872,-0.3503386752000044,-15.642521672971403,2,True
ETHUSDT,long,7555a040f81966d7a1fe6558a57ff485e83965085051b2ff770ac9f01291f151,ETHUSDT|long|high_volume,1690657860000,1690694040000,2023-07-29T19:11:00+00:00,2023-07-30T05:14:00+00:00,1881.22,1873.1100000000001,0.12,225.7464,45.14928,5,1870.46,1876.3,2.2125840000000063,4.613908495150388,exchange_guard_proxy_touch,False,-0.973199999999988,0.5406235199999999,-0.04511664,0.27089567999999997,-1.558940159999988,-69.05714376840508,2,True
ETHUSDT,long,b930e9bff7475e67060ce5dff755c0ccae811dec2c18dc70a93c15ba5c969862,ETHUSDT|long|high_volume,1690792260000,1690812000000,2023-07-31T08:31:00+00:00,2023-07-31T14:00:00+00:00,1870.94,1858.47,0.13,243.22220000000002,48.64444,5,1861.64,1861.64,2.2028879600000035,9.786976746924317,exchange_guard_proxy_touch,False,-1.6211000000000035,0.58178796,0.0,0.29186663999999996,-2.2028879600000035,-90.57100708734662,2,True
BTCUSDT,short,6b82191c9a5eb94e26c08fe0689fd888fcf70d58ad42166aeb6fa7ddf15d5fbf,BTCUSDT|short|high_volume,1690854960000,1690905960000,2023-08-01T01:56:00+00:00,2023-08-01T16:06:00+00:00,29106.5,29035.9,0.0073,212.47745,42.495490000000004,5,29285.399999999998,28986.6,2.1814592920000053,3.7516076672902336,exchange_guard_proxy_touch,False,0.5153799999999894,0.509327424,0.035417313756800003,0.25497294,0.04146988975678943,1.9517313369860865,2,True
ETHUSDT,long,2ca8912c7c038374a3d89a0767da2384a2daf302953a07d57002d5ffe1fe4261,ETHUSDT|long|high_volume,1690913160000,1690981440000,2023-08-01T18:06:00+00:00,2023-08-02T13:04:00+00:00,1841.25,1849.69,0.05,92.0625,18.4125,5,1810.83,1852.84,1.89394,2.2263447234949507,exchange_guard_proxy_touch,False,0.42200000000000276,0.2214564,-0.0372933,0.11047499999999999,0.16325030000000276,17.732551255940557,2,True
BTCUSDT,short,df4a38b359a869e6d59646f3e5c51f43ffdb226321e6024a875642233c2864b4,BTCUSDT|short|confirmed_volume,1690989660000,1691027220000,2023-08-02T15:21:00+00:00,2023-08-03T01:47:00+00:00,29147.0,29278.9,0.0038,110.7586,22.15172,5,29599.1,29229.199999999997,2.17761204,1.8571323164132432,exchange_guard_proxy_touch,False,-0.5012200000000055,0.266422104,0.022223426,0.13291032,-0.7454186780000055,-67.3012008096893,2,True
ETHUSDT,long,e9460143a7701878719d4a4cb269798b3f26d997ea3fb4709afae6f0cad70035,ETHUSDT|long|high_volume,1691043660000,1691044980000,2023-08-03T06:21:00+00:00,2023-08-03T06:43:00+00:00,1842.5,1833.27,0.15,276.375,55.275,5,1836.4,1836.4,2.0461386000000026,2.0820664542237632,exchange_guard_proxy_touch,False,-1.3845000000000027,0.6616386,0.0,0.33164999999999994,-2.0461386000000026,-74.03486567164188,2,True
ETHUSDT,long,d4ec0f7e6e370720d043d570d5019a6927c092992d22c5c6102501edbe8d29a6,ETHUSDT|long|high_volume,1691074860000,1691100420000,2023-08-03T15:01:00+00:00,2023-08-03T22:07:00+00:00,1852.04,1830.03,0.08,148.1632,29.63264,5,1833.15,1833.15,2.1142787199999993,5.844890802363616,exchange_guard_proxy_touch,False,-1.7607999999999993,0.35347871999999997,-0.02943408000000001,0.17779584,-2.1437127999999994,-144.6859139111466,2,True
BTCUSDT,short,4b689378968c97bf4e54d82e24d3e6a5373c0edfb2ae4108ea44d82b82290895,BTCUSDT|short|high_volume,1691115960000,1691152200000,2023-08-04T02:26:00+00:00,2023-08-04T12:30:00+00:00,29083.2,29299.9,0.0054,157.04928,31.409856,5,29352.5,29250.1,2.1026666880000042,8.618932696506015,exchange_guard_proxy_touch,False,-1.170180000000004,0.378322488,0.015768864,0.188459136,-1.532733624000004,-97.59571161357785,2,True
ETHUSDT,long,9208a1dabc8c8f2f344efb08c76d9c7dc5e5a29cc5868c4244902823d235bada,ETHUSDT|long|high_volume,1691152260000,1691152560000,2023-08-04T12:31:00+00:00,2023-08-04T12:36:00+00:00,1842.78,1827.53,0.1,184.27800000000002,36.8556,5,1830.65,1830.65,1.9654372,3.768026984530869,exchange_guard_proxy_touch,False,-1.5250000000000001,0.4404372,0.0,0.22113359999999999,-1.9654372000000002,-106.65609568152466,2,True
ETHUSDT,long,c21e81f42a59134b21bbb3b325597f831aebf96e82a9bee7546a2f1ffa2be6be,ETHUSDT|long|high_volume,1691157060000,1691173500000,2023-08-04T13:51:00+00:00,2023-08-04T18:25:00+00:00,1852.02,1827.53,0.07,129.6414,25.92828,5,1830.65,1830.65,2.023382200000001,2.2365924372527717,exchange_guard_proxy_touch,False,-1.7143000000000008,0.3090822,-0.0258524,0.15556968,-2.049234600000001,-158.06945929309626,2,True
BTCUSDT,short,af7dd34733a528cd0e18b8a105beb2bb39cc453a677bf200cd92b44f2b4f9f73,BTCUSDT|short|high_volume,1691209260000,1691261700000,2023-08-05T04:21:00+00:00,2023-08-05T18:55:00+00:00,29013.9,29122.5,0.0082,237.91398000000004,47.58279600000001,5,29145.1,29073.0,2.0553326239999943,2.3803520601996064,exchange_guard_proxy_touch,False,-0.8905199999999881,0.572062176,0.047617728000000005,0.285496776,-1.414964447999988,-59.47378325561145,2,True
ETHUSDT,long,e0053d4d0d7962df72a5c25d24a44da0b4d1e8b62d62161090c4821ae4e741f3,ETHUSDT|long|high_volume,1691275860000,1691303520000,2023-08-05T22:51:00+00:00,2023-08-06T06:32:00+00:00,1840.64,1829.33,0.11,202.4704,40.494080000000004,5,1830.34,1832.45,1.960357520000008,3.5642320279226216,exchange_guard_proxy_touch,False,-1.244100000000019,0.48443604,-0.04038100000000001,0.24296448,-1.7689170400000191,-87.36669853963933,2,True
ETHUSDT,long,52ca0a25258931d07e10dc1d5ca68254d446404a3dc6b738dceede6297de29aa,ETHUSDT|long|high_volume,1691311860000,1691313060000,2023-08-06T08:51:00+00:00,2023-08-06T09:11:00+00:00,1839.89,1829.33,0.13,239.18570000000003,47.837140000000005,5,1832.45,1832.45,1.9451983200000227,6.436093525934099,exchange_guard_proxy_touch,False,-1.3728000000000224,0.57239832,0.0,0.28702284,-1.9451983200000225,-81.32586187217808,2,True
BTCUSDT,short,c9eb8d29c456a3b9a6aa9068b3b95b183da281cd3c6de63c7f3114b2677f8885,BTCUSDT|short|high_volume,1691421060000,1691431800000,2023-08-07T15:11:00+00:00,2023-08-07T18:10:00+00:00,28938.600000000002,29198.5,0.0061,176.52546000000004,35.30509200000001,5,29148.899999999998,29148.899999999998,2.0109535719999867,2.555888133853369,exchange_guard_proxy_touch,False,-1.5853899999999868,0.42556357200000006,0.017600452000000003,0.21183055200000003,-1.9933531199999868,-112.9215649685879,2,True
BTCUSDT,short,bf335c13e69de0c1b52e1bb85ab0673a207e607de8b277b1d3cad977741ef8d9,BTCUSDT|short|high_volume,1691577360000,1691578800000,2023-08-09T10:36:00+00:00,2023-08-09T11:00:00+00:00,29720.300000000003,29925.4,0.007200000000000001,213.98616000000004,42.79723200000001,5,29874.6,29874.6,1.9920588479999897,4.470541052938603,exchange_guard_proxy_touch,False,-1.4767199999999896,0.515338848,0.0,0.25678339200000005,-1.9920588479999894,-93.0928826425031,2,True
BTCUSDT,short,818fd4d5ddaf73b95a9e7a06c2e2a4fdd8d74f5b2abc04c8198aefdada205f7e,BTCUSDT|short|confirmed_volume,1691592960000,1691670600000,2023-08-09T14:56:00+00:00,2023-08-10T12:30:00+00:00,29701.2,29663.7,0.0067,198.99804,39.799608,5,29874.6,29613.3,1.981537864000005,1.809656424362063,exchange_guard_proxy_touch,False,0.25125000000000003,0.47729379599999994,0.057275186918700004,0.23879764799999997,-0.1687686090812999,-8.480918157852201,2,True
BTCUSDT,short,b13025cccea5035f0fedfefce4bd4d5ed5058f1763ca1972a1031bf96a21336d,BTCUSDT|short|high_volume,1691720760000,1691737380000,2023-08-11T02:26:00+00:00,2023-08-11T07:03:00+00:00,29340.100000000002,29530.300000000003,0.0076,222.98476000000002,44.596952,5,29480.1,29480.1,1.9824180480000055,3.329213053292016,exchange_guard_proxy_touch,False,-1.4455200000000055,0.536898048,0.0,0.267581712,-1.9824180480000053,-88.9037460676687,2,True
BTCUSDT,short,47132f17cc7fbafc816591dc0cdc6556ee3af05b4ae050902bb57f33e87d87aa,BTCUSDT|short|high_volume,1691766960000,1691801460000,2023-08-11T15:16:00+00:00,2023-08-12T00:51:00+00:00,29332.9,29487.4,0.007200000000000001,211.19688000000002,42.23937600000001,5,29482.0,29437.3,1.943554463999995,3.2612618210908266,exchange_guard_proxy_touch,False,-1.1124,0.5082073920000001,0.036248356562400004,0.253436256,-1.5843590354376,-75.01810800602735,2,True
BTCUSDT,short,327406d2b91ee70cbb9ed8e04832417910b45bb0554f5bce756cb28c3064eae3,BTCUSDT|short|high_volume,1691927160000,1691947380000,2023-08-13T11:46:00+00:00,2023-08-13T17:23:00+00:00,29312.0,29450.800000000003,0.0076,222.7712,44.55424,5,29447.5,29400.8,1.9469035520000166,3.9778281706175065,exchange_guard_proxy_touch,False,-1.054880000000022,0.535916736,0.022315728,0.26732543999999997,-1.568481008000022,-70.40771015283941,2,True
BTCUSDT,short,607c7459f12456d3a8b9e6a147a300705c213c3a023632f01700d07687b24ea2,BTCUSDT|short|high_volume,1692063660000,1692110340000,2023-08-15T01:41:00+00:00,2023-08-15T14:39:00+00:00,29316.0,29496.7,0.007200000000000001,211.07520000000002,42.21504,5,29463.1,29446.6,1.9281242880000053,3.6617144756613373,exchange_guard_proxy_touch,False,-1.3010400000000053,0.508141728,0.021165768000000005,0.25329024,-1.7880159600000054,-84.70990244235254,2,True
BTCUSDT,short,219735da356ee5855049d962f57f51ead3a0584100d042f2f78952bbe861fea9,BTCUSDT|short|high_volume,1692118260000,1692208860000,2023-08-15T16:51:00+00:00,2023-08-16T18:01:00+00:00,29215.2,29226.9,0.0054,157.76208000000003,31.552416000000004,5,29446.6,29177.199999999997,1.900553112,3.7740725588101824,exchange_guard_proxy_touch,False,-0.06318000000000393,0.37870480800000006,0.04723585200000001,0.189314496,-0.39464895600000394,-25.015450861195788,2,True
BTCUSDT,short,a281697dc304feb2651009b8eaf59ac31f0d21b8b9247dd47d9aea69082225ba,BTCUSDT|short|high_volume,1692217860000,1692455220000,2023-08-16T20:31:00+00:00,2023-08-19T14:27:00+00:00,28970.7,26037.100000000002,0.0058000000000000005,168.03006000000002,33.60601200000001,5,29177.199999999997,25992.899999999998,1.8910152960000046,14.615602889274692,exchange_guard_proxy_touch,False,17.014879999999994,0.38285428800000004,0.07072962854360001,0.20163607200000003,16.702755340543593,994.0337663715404,2,True
BTCUSDT,short,744a1a8c61e7e2f3a3fc2c764a54de781fcbcf17d644e36a9ef113072d7653f2,BTCUSDT|short|high_volume,1692510660000,1692529320000,2023-08-20T05:51:00+00:00,2023-08-20T11:02:00+00:00,26014.5,26198.0,0.0071,184.70295000000002,36.94059,5,26197.1,26153.5,2.0583428240000052,3.7580384810832896,exchange_guard_proxy_touch,False,-1.30285,0.4448505,-0.0161574970368,0.22164354,-1.7638579970368,-95.49701274596858,2,True
BTCUSDT,short,ea9fe5c9f5931b617d36e5b53ac0b69bcd9dab91f459d73f3cbde1c88984df21,BTCUSDT|short|high_volume,1692542460000,1692562020000,2023-08-20T14:41:00+00:00,2023-08-20T20:07:00+00:00,26040.9,26193.600000000002,0.009300000000000001,242.18037000000004,48.436074000000005,5,26153.5,26149.1,2.044016123999987,2.649094138388303,exchange_guard_proxy_touch,False,-1.4201100000000069,0.58293702,-0.0009367583100000002,0.29061644400000003,-2.003983778310007,-82.74757274134178,2,True
BTCUSDT,short,e670de3f7850127b85e7235909886fb721fe1887e9a30591ec560e49f9614726,BTCUSDT|short|high_volume,1692734460000,1692748980000,2023-08-22T20:01:00+00:00,2023-08-23T00:03:00+00:00,25756.4,26131.7,0.0047,121.05508000000002,24.211016000000004,5,26087.3,26087.3,2.0565588839999966,3.5750027463299188,exchange_guard_proxy_touch,False,-1.7639099999999968,0.292648884,0.0009046036185000002,0.145266096,-2.055654280381497,-169.81148419227813,2,True
ETHUSDT,short,426ab04a787d8bad1e98a70269c05589010dd2481e55e6b3610036416bfbe9b3,ETHUSDT|short|high_volume,1692600360000,1692771900000,2023-08-21T06:46:00+00:00,2023-08-23T06:25:00+00:00,1669.67,1644.81,0.09,150.2703,30.05406,5,1685.1299999999999,1642.01,2.0123283599999935,3.3342414662679536,exchange_guard_proxy_touch,False,2.237400000000011,0.3579638399999999,-0.043631519148,0.18032435999999996,1.8358046408520112,122.16683142657007,2,True
BTCUSDT,short,3594a8946fd552423dbdd13fb1dad3f417cd93e68a5fe6fe95586efe11f13fab,BTCUSDT|short|high_volume,1692785160000,1692804180000,2023-08-23T10:06:00+00:00,2023-08-23T15:23:00+00:00,25948.300000000003,26214.600000000002,0.006200000000000001,160.87946000000002,32.175892000000005,5,26170.1,26170.1,2.039151975999996,2.846150198765041,exchange_guard_proxy_touch,False,-1.6510599999999958,0.38809197600000006,0.0,0.193055352,-2.039151975999996,-126.75029963427248,2,True
BTCUSDT,short,5c574f1af4554b461b7151a5281fbff36b66a4aa13fff4d7d5fd730a23fe2f0b,BTCUSDT|short|confirmed_volume,1692857160000,1692867660000,2023-08-24T06:06:00+00:00,2023-08-24T09:01:00+00:00,26340.5,26554.800000000003,0.0066,173.8473,34.769459999999995,5,26536.0,26509.699999999997,2.0077598640000045,1.7418411403049265,exchange_guard_proxy_touch,False,-1.4143800000000193,0.418930776,0.0043765104768,0.20861675999999996,-1.8289342655232192,-105.20348981682312,2,True
ETHUSDT,short,4c475f7fee21ec9183137add3906d0550af9e0aca281d5982103fbb788c0d4d4,ETHUSDT|short|high_volume,1692870060000,1692915960000,2023-08-24T09:41:00+00:00,2023-08-24T22:26:00+00:00,1665.3,1656.92,0.09,149.87699999999998,29.975399999999997,5,1678.45,1654.1,1.802333879999999,3.4078066647749323,exchange_guard_proxy_touch,False,0.7541999999999893,0.35879975999999997,-0.005609470734,0.17985239999999997,0.3897907692659894,26.007377333813025,2,True
BTCUSDT,short,efc722f40ed664a14ca27cdd8e8d98228fa8f26f7debaa88ae833be3b155dc10,BTCUSDT|short|high_volume,1692971760000,1692972180000,2023-08-25T13:56:00+00:00,2023-08-25T14:03:00+00:00,26019.0,26163.300000000003,0.009600000000000001,249.78240000000002,49.956480000000006,5,26118.8,26118.8,1.9864200960000282,5.133342050062141,exchange_guard_proxy_touch,False,-1.385280000000028,0.601140096,0.0,0.29973888,-1.986420096000028,-79.52602329067332,2,True
BTCUSDT,short,992956ffea6356fd76f289c32c3fbf83516ff3369725d0d7d91bfcac536e1b5d,BTCUSDT|short|high_volume,1692974760000,1693009860000,2023-08-25T14:46:00+00:00,2023-08-26T00:31:00+00:00,25893.9,26122.5,0.0059,152.77401,30.554802000000002,5,26118.8,26078.1,1.9580249760000086,3.4471885927396086,exchange_guard_proxy_touch,False,-1.3487399999999914,0.368276112,0.013850483958599998,0.18332881199999998,-1.7031656280413914,-111.4826813828734,2,True
ETHUSDT,short,285b23fc85fa31746f3d31e627498c13a0214b646428976d88bb1bd86abae977,ETHUSDT|short|high_volume,1693010460000,1693058640000,2023-08-26T00:41:00+00:00,2023-08-26T14:04:00+00:00,1648.18,1652.68,0.14,230.74520000000004,46.14904000000001,5,1655.12,1649.87,1.9218281599999987,2.389898998828651,exchange_guard_proxy_touch,False,-0.6300000000000001,0.55454448,-0.00025442494000000004,0.27689424,-1.18479890494,-51.34663277675981,2,True
ETHUSDT,short,6d9cc5aae373e93fe16ffcbd78eaec92733bee79ef4926b6b448726a000037b9,ETHUSDT|short|high_volume,1693071060000,1693112160000,2023-08-26T17:31:00+00:00,2023-08-27T04:56:00+00:00,1641.33,1652.63,0.12,196.9596,39.39192,5,1649.87,1649.82,1.8363374400000163,10.026323377640578,exchange_guard_proxy_touch,False,-1.3560000000000219,0.47433023999999996,0.000788243652,0.23635151999999995,-1.829541996348022,-92.88920145796507,2,True
BTCUSDT,short,4f000bc2f4201aa753677910c3d5aa1f193e1addce03f969f772a25710fd3008,BTCUSDT|short|high_volume,1693173360000,1693225500000,2023-08-27T21:56:00+00:00,2023-08-28T12:25:00+00:00,26002.800000000003,26174.0,0.0082,213.22296000000003,42.644592,5,26129.5,26129.5,1.9172597119999761,8.290791748441913,exchange_guard_proxy_touch,False,-1.4038399999999762,0.513419712,0.007714116412800002,0.255867552,-1.9095455955871763,-89.55628397557074,2,True
BTCUSDT,short,b0cf0172e200efbef12fce14a8dff6d62f7370489772fa9ab34d09663e324820,BTCUSDT|short|high_volume,1693250460000,1693271820000,2023-08-28T19:21:00+00:00,2023-08-29T01:17:00+00:00,25966.0,26218.2,0.006,155.796,31.1592,5,26173.699999999997,26173.699999999997,1.8889262400000044,4.111183599814117,exchange_guard_proxy_touch,False,-1.5132000000000043,0.37572624,0.0012907053600000001,0.1869552,-1.8876355346400044,-121.16071880150996,2,True
BTCUSDT,short,1f495d849964fc5182304e1b7132f7629297c414cf235c5f4241ca3c89a9bb50,BTCUSDT|short|high_volume,1693279560000,1693317960000,2023-08-29T03:26:00+00:00,2023-08-29T14:06:00+00:00,26023.300000000003,26229.800000000003,0.007,182.16310000000001,36.43262,5,26185.199999999997,26185.199999999997,1.88442604,4.560101154463024,exchange_guard_proxy_touch,False,-1.4455,0.43892604,0.006857495743,0.21859572,-1.877568544257,-103.07073958760033,2,True
BTCUSDT,short,204ea919d62ce76f53b5d34dfa7a12d1b5ecd7457974e957e5525702a2b61167,BTCUSDT|short|high_volume,1693376760000,1693384620000,2023-08-30T06:26:00+00:00,2023-08-30T08:37:00+00:00,27367.300000000003,27510.800000000003,0.0036000000000000003,98.52228000000002,19.704456000000004,5,27769.3,27464.1,1.8558744479999976,2.4348049510701997,exchange_guard_proxy_touch,False,-0.5166000000000001,0.237073392,0.0056586495636,0.11822673600000003,-0.7480147424364001,-75.92340965276077,2,True
ETHUSDT,short,3f2091cc396ada2a1601b3e2b1267774c2c0ca8451735ada6b65cad5bb129cb9,ETHUSDT|short|high_volume,1693378560000,1693480800000,2023-08-30T06:56:00+00:00,2023-08-31T11:20:00+00:00,1713.79,1710.53,0.05,85.68950000000001,17.137900000000002,5,1741.48,1707.62,1.740494400000004,4.28197652081231,exchange_guard_proxy_touch,False,0.16299999999999956,0.20545919999999995,0.018347334215,0.1028274,-0.02411186578500039,-2.8138646841212034,2,True
ETHUSDT,short,befda57b9a096d32320f23662f25f4391d91fdad0c94e572fe48ed6b7afefa0d,ETHUSDT|short|high_volume,1693489860000,1693632480000,2023-08-31T13:51:00+00:00,2023-09-02T05:28:00+00:00,1696.68,1636.51,0.1,169.668,33.9336,5,1707.62,1633.73,1.793865199999991,4.719666559985491,exchange_guard_proxy_touch,False,6.0170000000000075,0.39998279999999997,0.009182058089999999,0.20360160000000002,5.626199258090008,331.600493793173,2,True
ETHUSDT,short,86102ca147becfe69ba570af4f1cde2a2561ebf5b0a58c410f29a97f6a4c891d,ETHUSDT|short|high_volume,1693701360000,1693744560000,2023-09-03T00:36:00+00:00,2023-09-03T12:36:00+00:00,1630.45,1641.14,0.12,195.654,39.1308,5,1639.15,1638.35,1.8500241600000011,18.625422736855352,exchange_guard_proxy_touch,False,-1.2828000000000066,0.47110895999999997,-0.009711603,0.2347848,-1.7636205630000066,-90.13976524885801,2,True
BTCUSDT,short,aa5e9994b75c97233798078d74bf9ab80bcc8b6b38b37ff3510f3ca4afc8735c,BTCUSDT|short|high_volume,1693820160000,1693901160000,2023-09-04T09:36:00+00:00,2023-09-05T08:06:00+00:00,25900.4,25791.7,0.006200000000000001,160.58248000000003,32.116496000000005,5,26099.399999999998,25747.899999999998,1.896288848000009,2.2708580408405896,exchange_guard_proxy_touch,False,0.6739400000000045,0.38458922400000006,-0.00015365061340000003,0.192698976,0.28919712538660447,18.009257634245305,2,True
ETHUSDT,short,5c520e80fbf91831fcc8c37a4eb0088ed1f09364fe686c2db296ba14668d5fba,ETHUSDT|short|confirmed_volume,1693977960000,1694022840000,2023-09-06T05:26:00+00:00,2023-09-06T17:54:00+00:00,1625.47,1638.54,0.09,146.29229999999998,29.258459999999996,5,1638.48,1635.75,1.7748079199999958,1.8056966969458157,exchange_guard_proxy_touch,False,-1.1762999999999941,0.35251308,-0.0008906126220000008,0.17555076,-1.5297036926219942,-104.56488090090826,2,True
ETHUSDT,short,8d878317bd0905978d04b1a7a98cd7595715facf0285817541a32c8d6fde497e,ETHUSDT|short|high_volume,1694167560000,1694202240000,2023-09-08T10:06:00+00:00,2023-09-08T19:44:00+00:00,1619.04,1637.07,0.04,64.7616,12.95232,5,1653.01,1634.29,1.6287937599999986,32.908247413740774,exchange_guard_proxy_touch,False,-0.721199999999999,0.15629327999999998,0.0016259365320000002,0.07771391999999999,-0.8758673434679989,-135.2448585995403,2,True
BTCUSDT,short,8ffb4f16370b594b481aeadb4d3e74302c297d6400fdd55f47d57a353663b4bd,BTCUSDT|short|high_volume,1694163960000,1694271840000,2023-09-08T09:06:00+00:00,2023-09-09T15:04:00+00:00,26114.0,25940.300000000003,0.0051,133.1814,26.63628,5,26378.5,25896.199999999997,1.8994688880000075,5.564056364899853,exchange_guard_proxy_touch,False,0.8858699999999852,0.318572316,-0.018809567264400005,0.15981768,0.5484881167355852,41.18353739603167,2,True
BTCUSDT,short,00cf0a4180832e80a6e29b3ba530c519620e43414bb1e7e3a7d9dbb5e61ef43c,BTCUSDT|short|high_volume,1694452860000,1694479800000,2023-09-11T17:21:00+00:00,2023-09-12T00:50:00+00:00,25049.800000000003,25253.0,0.0024000000000000002,60.119520000000016,12.023904000000003,5,25749.8,25210.1,1.9315489919999984,3.7794528752785532,exchange_guard_proxy_touch,False,-0.48767999999999306,0.14487206400000002,0.0016478542080000003,0.07214342400000001,-0.6309042097919931,-104.9416578495625,2,True
ETHUSDT,short,b05cc6aceabf1714add7d80485ba447ce5b42da20af3d98a9b257ab4d6bc1779,ETHUSDT|short|high_volume,1694309460000,1694487720000,2023-09-10T01:31:00+00:00,2023-09-12T03:02:00+00:00,1625.6200000000001,1561.15,0.1,162.562,32.5124,5,1636.51,1558.5,1.7597903999999838,13.028303998061814,exchange_guard_proxy_touch,False,6.447000000000003,0.38241240000000004,0.0033825563500000013,0.1950744,6.067970156350003,373.2711307900987,2,True
ETHUSDT,short,929d16a76b2b7b266e923de90d9f5e53d7181853ad8d67995b4aa510b01813c1,ETHUSDT|short|high_volume,1694559960000,1694590680000,2023-09-12T23:06:00+00:00,2023-09-13T07:38:00+00:00,1590.78,1603.41,0.06,95.4468,19.08936,5,1614.01,1600.68,1.789742880000001,3.3017113563280946,exchange_guard_proxy_touch,False,-0.7578000000000065,0.22998167999999997,0.001914569496,0.11453615999999998,-0.9858671105040064,-103.28969755968838,2,True
BTCUSDT,short,5cae74327ecc8b645ab3364c0d1256b6f596a483cbf8b118762da8a24e94f468,BTCUSDT|short|high_volume,1694608560000,1694615760000,2023-09-13T12:36:00+00:00,2023-09-13T14:36:00+00:00,26076.7,26304.800000000003,0.0066,172.10622,34.421244,5,26260.1,26260.1,1.9203214800000143,16.017053304077663,exchange_guard_proxy_touch,False,-1.5054600000000145,0.41486148,0.0,0.20652746399999997,-1.9203214800000143,-111.57769196255744,2,True
BTCUSDT,short,a4516b47506a7e2e46ab9c9d72fec5735e2a5de21fd0bfb334ddde602e565b16,BTCUSDT|short|high_volume,1694628060000,1694640600000,2023-09-13T18:01:00+00:00,2023-09-13T21:30:00+00:00,26057.600000000002,26304.800000000003,0.006200000000000001,161.55712000000003,32.311424,5,26260.1,26260.1,1.9222162560000047,2.886553457334518,exchange_guard_proxy_touch,False,-1.5326400000000047,0.38957625600000007,0.0,0.19386854400000003,-1.9222162560000047,-118.9805968316348,2,True
ETHUSDT,short,e9d35ae3a8ae01a967fd4bee4a604ec3b98cca22cf56c875d955e87497dc0764,ETHUSDT|short|high_volume,1694735160000,1694811900000,2023-09-14T23:46:00+00:00,2023-09-15T21:05:00+00:00,1622.26,1625.77,0.08,129.7808,25.95616,5,1639.01,1623.01,1.876549759999997,2.376882322936776,exchange_guard_proxy_touch,False,-0.2807999999999993,0.31181087999999996,-0.00047400709599999986,0.15573695999999998,-0.5930848870959992,-45.69896988583821,2,True
ETHUSDT,short,cd51e76b50db5413af03f002315161d69d3a1d2cc1e41b111bcde2a9eb210790,ETHUSDT|short|high_volume,1694845560000,1694868360000,2023-09-16T06:26:00+00:00,2023-09-16T12:46:00+00:00,1633.3400000000001,1640.8500000000001,0.1,163.33400000000003,32.66680000000001,5,1644.46,1638.06,1.7856719999999848,3.1191816351625996,exchange_guard_proxy_touch,False,-0.7509999999999991,0.39290280000000005,0.0015216753000000002,0.1960008,-1.142381124699999,-69.94141603707733,2,True
ETHUSDT,short,c3faea454f9e6987d9a9dad8c80de15bc83486053fb67895d68198b55c5a9b40,ETHUSDT|short|high_volume,1694909460000,1694939580000,2023-09-17T00:11:00+00:00,2023-09-17T08:33:00+00:00,1626.73,1633.74,0.1,162.673,32.5346,5,1637.28,1630.96,1.7260159999999918,9.222567357647563,exchange_guard_proxy_touch,False,-0.7009999999999992,0.39125640000000006,-0.0030617316999999996,0.1952076,-1.0953181316999991,-67.33250949450733,2,True
BTCUSDT,short,f00441dc67dd16e3ef37cddc1afd5281138f4810e4f7d93db60c1dc93596b07d,BTCUSDT|short|high_volume,1694983560000,1695003840000,2023-09-17T20:46:00+00:00,2023-09-18T02:24:00+00:00,26393.300000000003,26644.100000000002,0.0059,155.72047,31.144094000000003,5,26598.8,26598.8,1.8552247919999956,14.178527202598456,exchange_guard_proxy_touch,False,-1.4797199999999957,0.37550479200000003,-0.0015893672048,0.186864564,-1.8568141592047958,-119.24021030791877,2,True
ETHUSDT,short,e4640ae4e8fb7635a309c5bd020d1e66dcaaef9109cfa0daa9bdd02c1eed519c,ETHUSDT|short|high_volume,1695150960000,1695233760000,2023-09-19T19:16:00+00:00,2023-09-20T18:16:00+00:00,1638.29,1636.49,0.06,98.2974,19.65948,5,1658.97,1633.71,1.6482064799999994,2.231391353690551,exchange_guard_proxy_touch,False,0.10799999999999726,0.23578415999999994,0.00972923664,0.11795687999999999,-0.11805492336000267,-12.009974155979984,2,True
ETHUSDT,short,68ceccb7690bebab9f85504645a612f6286dcb594addbef65a41f48cffdb987e,ETHUSDT|short|high_volume,1695237660000,1695345900000,2023-09-20T19:21:00+00:00,2023-09-22T01:25:00+00:00,1606.77,1595.42,0.05,80.33850000000001,16.067700000000002,5,1633.71,1592.71,1.6805956000000013,20.41270045686191,exchange_guard_proxy_touch,False,0.5674999999999955,0.1921314,0.010038947125,0.0964062,0.3854075471249954,47.972957812878676,2,True
BTCUSDT,short,194438e90faeab927d9689fb48e426bf97f85b5ae21efba17065cb98a285375a,BTCUSDT|short|high_volume,1695300060000,1695362280000,2023-09-21T12:41:00+00:00,2023-09-22T05:58:00+00:00,26553.0,26701.4,0.0028,74.3484,14.869679999999999,5,27092.5,26656.0,1.8200837760000061,8.135515378520495,exchange_guard_proxy_touch,False,-0.41552000000000405,0.17893478399999999,0.005434188984,0.08921807999999999,-0.589020595016004,-79.22438075547072,2,True
BTCUSDT,short,bedc691f7ef020d97e217c41c1a5214027a461349ac7611453c671aeabde2186,BTCUSDT|short|high_volume,1695412860000,1695488220000,2023-09-22T20:01:00+00:00,2023-09-23T16:57:00+00:00,26486.9,26625.300000000003,0.0059,156.27271000000002,31.254542000000004,5,26688.3,26580.1,1.8329218479999956,2.3191887657535193,exchange_guard_proxy_touch,False,-0.8165600000000086,0.376034376,0.0132312073798,0.18752725199999998,-1.1793631686202086,-75.46827393088714,2,True
ETHUSDT,short,014f0cd95f648cb8175f82935f2d75196b32dc236392210962920cc11985a902,ETHUSDT|short|high_volume,1695614760000,1695655260000,2023-09-25T04:06:00+00:00,2023-09-25T15:21:00+00:00,1573.46,1585.32,0.07,110.14220000000002,22.028440000000003,5,1590.76,1582.62,1.6667221199999995,5.617438988327091,exchange_guard_proxy_touch,False,-0.830199999999993,0.26533752,0.00476289702,0.13217064,-1.090774622979993,-99.03330630584762,2,True
ETHUSDT,short,c3075f00cebcdcf289b6dc2ee9c666d508b974459542f07ccd11830a7e73199b,ETHUSDT|short|high_volume,1695688560000,1695708720000,2023-09-26T00:36:00+00:00,2023-09-26T06:12:00+00:00,1583.74,1596.69,0.09,142.5366,28.50732,5,1596.0,1593.98,1.6919056800000016,2.634762324794013,exchange_guard_proxy_touch,False,-1.165500000000004,0.34348644,0.0,0.17104392,-1.508986440000004,-105.86659426421032,2,True
BTCUSDT,short,6908734c24f89fd69d21e7ddffe3191f25ae0f24589607e67921fbe185feffaf,BTCUSDT|short|high_volume,1695738060000,1695787020000,2023-09-26T14:21:00+00:00,2023-09-27T03:57:00+00:00,26072.0,26325.7,0.005,130.36,26.072000000000003,5,26322.5,26281.0,1.7911358000000146,2.2101944311445223,exchange_guard_proxy_touch,False,-1.2685000000000037,0.31438619999999995,0.02037705888,0.156432,-1.5625091411200036,-119.86108784289686,2,True
BTCUSDT,short,f0b779d9b5cd65c3f34801c27324fb68f019d142b82768ae0bfcdcca8ca98c57,BTCUSDT|short|confirmed_volume,1695870660000,1695897600000,2023-09-28T03:11:00+00:00,2023-09-28T10:40:00+00:00,26287.100000000002,26541.9,0.0048000000000000004,126.17808000000002,25.235616000000004,5,26550.0,26496.8,1.783482047999993,1.9547650493838573,exchange_guard_proxy_touch,False,-1.2230399999999966,0.30429504,-0.0040138225632,0.15141369600000001,-1.5313488625631966,-121.36409609047755,2,True
ETHUSDT,short,aede62b3bfa9daa469d6a0ae1d94bbf0f2da6a363069523398e0281f5aecd5d7,ETHUSDT|short|high_volume,1696010760000,1696034700000,2023-09-29T18:06:00+00:00,2023-09-30T00:45:00+00:00,1655.6000000000001,1673.63,0.05,82.78000000000002,16.556000000000004,5,1684.0,1670.78,1.7640481999999993,6.900574619145165,exchange_guard_proxy_touch,False,-0.9014999999999986,0.1997538,0.0007558076349999999,0.09933600000000001,-1.1004979923649987,-132.94249726564368,2,True
ETHUSDT,short,e1cd8b81c75b6c1dc1408683c994a8cbf443cd97b014101d771665ebeb7139a7,ETHUSDT|short|high_volume,1696127760000,1696137780000,2023-10-01T02:36:00+00:00,2023-10-01T05:23:00+00:00,1669.5,1680.77,0.08,133.56,26.712,5,1682.83,1677.91,1.6180992000000038,2.10086990594106,exchange_guard_proxy_touch,False,-0.9015999999999985,0.32162591999999995,0.0,0.16027199999999997,-1.2232259199999984,-91.58624737945482,2,True
ETHUSDT,short,767d5128cef748ddbef54a49f5987db1ece0505b588466d9ae4e141ff3123c20,ETHUSDT|short|high_volume,1696182060000,1696198620000,2023-10-01T17:41:00+00:00,2023-10-01T22:17:00+00:00,1673.48,1693.33,0.07,117.1436,23.428720000000002,5,1690.45,1690.45,1.6723120399999938,6.047769951832857,exchange_guard_proxy_touch,False,-1.3894999999999937,0.28281204,0.0,0.14057232,-1.6723120399999938,-142.75743958696793,2,True
ETHUSDT,short,98a4ac05e431c59ccdbbd350b52a1d34c06df876cc0c842d82130a8242f2c122,ETHUSDT|short|confirmed_volume,1697168160000,1697181540000,2023-10-13T03:36:00+00:00,2023-10-13T07:19:00+00:00,1535.8400000000001,1549.6000000000001,0.04,61.433600000000006,12.28672,5,1566.28,1546.97,1.473429919999996,1.7924580811996726,exchange_guard_proxy_touch,False,-0.5503999999999997,0.14810112000000003,0.0,0.07372032,-0.6985011199999998,-113.70017710178138,2,True
ETHUSDT,short,1769c8c47a065814537c6d9fd9c604bd862c1bc22f7ff7eab30393b8b551ca4e,ETHUSDT|short|high_volume,1697547660000,1697604960000,2023-10-17T13:01:00+00:00,2023-10-18T04:56:00+00:00,1571.53,1582.4,0.06,94.2918,18.858359999999998,5,1593.76,1579.71,1.7244960000000031,10.26808748458239,exchange_guard_proxy_touch,False,-0.6522000000000071,0.22708296,0.011950479431999998,0.11315015999999999,-0.8673324805680072,-91.98387140430104,2,True
ETHUSDT,short,81e037d7536c5d934b1d4c8a699847be3fa5a5ff0e2210aac8cd0730c23cd92a,ETHUSDT|short|confirmed_volume,1697699460000,1697710140000,2023-10-19T07:11:00+00:00,2023-10-19T10:09:00+00:00,1546.4,1555.48,0.06,92.784,18.556800000000003,5,1566.67,1552.84,1.6007332800000031,1.750945667999092,exchange_guard_proxy_touch,False,-0.5447999999999956,0.22333535999999998,0.0027807582959999996,0.11134079999999999,-0.7653546017039956,-82.48777824883553,2,True
BTCUSDT,long,7215f60d030f5ccdb75236d4a6d60cb868b8f422bd4bce9803a838f7619bdbea,BTCUSDT|long|confirmed_volume,1698074160000,1698086640000,2023-10-23T15:16:00+00:00,2023-10-23T18:44:00+00:00,30946.9,30326.7,0.0023,71.17787,14.235574,5,30332.9,30378.4,1.6998698319999965,1.8394162717238056,exchange_guard_proxy_touch,False,-1.4264600000000016,0.16911513599999997,-0.0009199970927999999,0.08541344399999999,-1.5964951330928017,-224.2965591823416,2,True
BTCUSDT,long,91593a60eaf3b2befcef9a43fbf1bf6c4ab6410cd2bbb9af1efc4f7072b3bb5b,BTCUSDT|long|high_volume,1698087960000,1698161160000,2023-10-23T19:06:00+00:00,2023-10-24T15:26:00+00:00,31346.2,33652.5,0.0015,47.0193,9.40386,5,30378.4,33709.9,1.64026122,6.203718124227155,exchange_guard_proxy_touch,False,3.459449999999999,0.11699765999999999,-0.020129940000000002,0.05642316,3.322322399999999,706.586954718594,2,True
BTCUSDT,long,2cb74607f739f4a4bf2573880b4ee1efd2e9141fb15c3b33327ed3309b5b64b0,BTCUSDT|long|high_volume,1698184560000,1698275040000,2023-10-24T21:56:00+00:00,2023-10-25T23:04:00+00:00,34081.700000000004,34306.0,0.002,68.16340000000001,13.632680000000002,5,33379.1,34364.5,1.680569600000003,11.07434870525598,exchange_guard_proxy_touch,False,0.4485999999999913,0.16413048,-0.04104476,0.08179608000000001,0.24342475999999125,35.71194512010716,2,True
BTCUSDT,long,b192eb4055f88d8c33e9fe81281c8703ff5da4eed0bafce1cc17289cb0beee7b,BTCUSDT|long|high_volume,1698282060000,1698312540000,2023-10-26T01:01:00+00:00,2023-10-26T09:29:00+00:00,34721.6,34343.1,0.0034000000000000002,118.05344000000001,23.610688000000003,5,34364.5,34401.6,1.6946726079999952,4.141920679210347,exchange_guard_proxy_touch,False,-1.2869000000000002,0.281783976,-0.023561048,0.14166412799999997,-1.5922450240000001,-134.87493663886457,2,True
BTCUSDT,long,4726286f884bd5dc8e3b6a218ff71b1e97bedebdb3a77cd03aa8c813a95d8f02,BTCUSDT|long|high_volume,1698382260000,1698409800000,2023-10-27T04:51:00+00:00,2023-10-27T12:30:00+00:00,34240.200000000004,33871.5,0.0028,95.87256000000001,19.174512,5,33773.9,33929.200000000004,1.694974176000008,3.3350890650302563,exchange_guard_proxy_touch,False,-1.0323600000000122,0.228855312,-0.01901424,0.115047072,-1.2802295520000122,-133.53451206476723,2,True
ETHUSDT,long,27a7d2b4def45d4b305eead3aca945ca3974f94c6915f4675a4d27320302eccf,ETHUSDT|long|high_volume,1698752160000,1698765120000,2023-10-31T11:36:00+00:00,2023-10-31T15:12:00+00:00,1816.56,1779.7,0.04,72.6624,14.532480000000001,5,1782.74,1782.74,1.647020479999996,3.791237089776082,exchange_guard_proxy_touch,False,-1.474399999999996,0.17262048,0.0,0.08719487999999999,-1.647020479999996,-226.66750341304387,2,True
ETHUSDT,long,e73033948ce7324d01c44627f575a240bba15c713a3cf5302326d6e0619ef568,ETHUSDT|long|high_volume,1698770760000,1698817260000,2023-10-31T16:46:00+00:00,2023-11-01T05:41:00+00:00,1804.6200000000001,1799.6000000000001,0.05,90.23100000000001,18.046200000000002,5,1782.74,1802.67,1.4610592000000038,5.335033324802143,exchange_guard_proxy_touch,False,-0.2509999999999991,0.21625320000000003,-0.018156600000000002,0.10827720000000002,-0.48540979999999917,-53.796344936884125,2,True
ETHUSDT,long,fc612a03038bbd638d857cf8d85fb0f9cfb9d8aaaa2589465c53ca4e01fb6c1e,ETHUSDT|long|high_volume,1698925260000,1698932640000,2023-11-02T11:41:00+00:00,2023-11-02T13:44:00+00:00,1842.31,1817.99,0.05,92.1155,18.423099999999998,5,1821.09,1821.09,1.435617999999997,2.8943453574243647,exchange_guard_proxy_touch,False,-1.2159999999999969,0.219618,0.0,0.1105386,-1.435617999999997,-155.84977555351674,2,True
ETHUSDT,long,72d6014801b49289d8e5988d3e79e4a56c8f22b1d89dd154a187fe25a790d053,ETHUSDT|long|high_volume,1699020060000,1699110360000,2023-11-03T14:01:00+00:00,2023-11-04T15:06:00+00:00,1810.05,1827.33,0.04,72.402,14.4804,5,1780.5,1830.45,1.4754009599999973,3.119575784231759,exchange_guard_proxy_touch,False,0.6911999999999989,0.17459423999999998,-0.04383240000000001,0.08688239999999998,0.4727733599999989,65.29838402254066,2,True
BTCUSDT,long,ee338af64a9a9f14d9e64d814515d40a886dd25c0d8fdbdb940d90cad47f9398,BTCUSDT|long|high_volume,1699138560000,1699192500000,2023-11-04T22:56:00+00:00,2023-11-05T13:55:00+00:00,35225.3,34963.4,0.0022,77.49566000000002,15.499132000000003,5,34632.4,35023.0,1.6182288320000064,7.846768995742917,exchange_guard_proxy_touch,False,-0.5761800000000032,0.18529816800000004,-0.030907888,0.09299479199999999,-0.7923860560000033,-102.24908801344529,2,True
ETHUSDT,long,25e96b4d213a3e8dc92c240c4a7cda953e80654a208d4667edff65b9ba0a284a,ETHUSDT|long|high_volume,1699266060000,1699290300000,2023-11-06T10:21:00+00:00,2023-11-06T17:05:00+00:00,1898.25,1885.54,0.04,75.93,15.186000000000002,5,1869.1200000000001,1888.76,1.4730811199999978,2.8906944607061917,exchange_guard_proxy_touch,False,-0.5084000000000015,0.18162191999999996,-0.015215120000000004,0.09111599999999999,-0.7052370400000015,-92.8798946398,2,True
BTCUSDT,long,8ba05b2a74f16e61ba5d3e683e13c89afbdb6d71070ae1b83496fcbac0fb8a8d,BTCUSDT|long|high_volume,1699390260000,1699423440000,2023-11-07T20:51:00+00:00,2023-11-08T06:04:00+00:00,35897.4,35151.0,0.0011,39.487140000000004,7.897428000000001,5,34559.9,35210.9,1.6288560200000033,7.072821449812327,exchange_guard_proxy_touch,False,-0.8210400000000017,0.093783888,-0.00778943,0.047384567999999995,-0.9226133180000017,-233.64906093477563,2,True
ETHUSDT,long,65931bb433c36dc3c57f951c192c2fee1552370d0f9be4741ae1300ea8260260,ETHUSDT|long|high_volume,1699461660000,1699489020000,2023-11-08T16:41:00+00:00,2023-11-09T00:17:00+00:00,1898.8400000000001,1879.8,0.04,75.95360000000001,15.190720000000002,5,1873.1200000000001,1883.01,1.3373009600000032,2.9074899573004584,exchange_guard_proxy_touch,False,-0.7616000000000076,0.18137472,-0.015107360000000004,0.09114432000000001,-0.9580820800000076,-126.14044363927549,2,True
BTCUSDT,long,d35a26937b07311db96c9343e1a4b279640eb371b99ef239724728e9d87c782c,BTCUSDT|long|confirmed_volume,1699494360000,1699547760000,2023-11-09T01:46:00+00:00,2023-11-09T16:36:00+00:00,36087.3,35478.200000000004,0.0019,68.56587,13.713174,5,35389.9,35538.700000000004,1.602270759999997,1.5038615468190881,exchange_guard_proxy_touch,False,-1.1572899999999973,0.16316934,-0.042154875179000004,0.08227904400000001,-1.3626142151789973,-198.73068265289965,2,True
ETHUSDT,long,ab726d4fbb33c661615f17fb72fcb1d2c19c0228c4a7e62030b6ee3022fd9100,ETHUSDT|long|high_volume,1699541760000,1699618380000,2023-11-09T14:56:00+00:00,2023-11-10T12:13:00+00:00,1990.3600000000001,2080.75,0.01,19.9036,3.9807200000000003,5,1904.48,2084.2999999999997,0.9378992000000013,13.390710944911927,exchange_guard_proxy_touch,False,0.9038999999999987,0.04885332,-0.058141609706,0.02388432,0.7969050702939987,400.3823782099714,2,True
ETHUSDT,long,1ac2b57824ccad588f06640662c71aecc59cfaaee6c0a750e1f1357572dc0b08,ETHUSDT|long|high_volume,1699713060000,1699738020000,2023-11-11T14:31:00+00:00,2023-11-11T21:27:00+00:00,2080.38,2050.51,0.03,62.4114,12.48228,5,2047.24,2054.0099999999998,1.2473686800000032,8.31712171154371,exchange_guard_proxy_touch,False,-0.8960999999999967,0.14871204,-0.034080788196,0.07489367999999999,-1.0788928281959966,-172.86791006066147,2,True
ETHUSDT,long,6672d9731880b621f0a197458f2c93b9559b38f1119f7222b5e2065cec22d8a2,ETHUSDT|long|high_volume,1699885860000,1699909980000,2023-11-13T14:31:00+00:00,2023-11-13T21:13:00+00:00,2074.58,2062.4700000000003,0.03,62.237399999999994,12.447479999999999,5,2039.99,2065.99,1.2897995999999983,3.8780028121969763,exchange_guard_proxy_touch,False,-0.3632999999999902,0.14893379999999998,-0.028860957666,0.07468487999999998,-0.5410947576659902,-86.9404502222121,2,True
BTCUSDT,long,e51aab85a082c521795a9d8ce7b7e89de9cc74cf08789e75b55d7059a690f36a,BTCUSDT|long|high_volume,1700047560000,1700122980000,2023-11-15T11:26:00+00:00,2023-11-16T08:23:00+00:00,36195.6,37287.4,0.0017000000000000001,61.532520000000005,12.306504,5,35387.9,37350.9,1.62133753199999,8.68976405849994,exchange_guard_proxy_touch,False,1.8560600000000052,0.14990532,-0.044619582419600005,0.07383902399999999,1.661535097580405,270.02552432118904,2,True
ETHUSDT,long,e1e3178b151e8e7a78a38c789b07f065fbf1f08f3509f1268f078af12cba016c,ETHUSDT|long|high_volume,1700320560000,1700357220000,2023-11-18T15:16:00+00:00,2023-11-19T01:27:00+00:00,1951.89,1947.17,0.03,58.5567,11.71134,5,1915.99,1950.49,1.3139263200000024,3.2304757324870175,exchange_guard_proxy_touch,False,-0.1416000000000008,0.14036616,-0.023499600000000002,0.07026803999999999,-0.3054657600000008,-52.165808524046064,2,True
ETHUSDT,long,7f77c78e288aeb1f9b45c19004988590233b307ed0af6665513ebf27978ae1b7,ETHUSDT|long|high_volume,1700423460000,1700489460000,2023-11-19T19:51:00+00:00,2023-11-20T14:11:00+00:00,1988.38,1990.45,0.03,59.6514,11.93028,5,1945.04,1993.84,1.5409839600000028,2.088802088664633,exchange_guard_proxy_touch,False,0.06209999999999809,0.14323787999999998,-0.024196080000000002,0.07158168,-0.10533396000000189,-17.65825445840364,2,True
ETHUSDT,long,1496c00f077f350e5345b8eaabfca1f10a797a5237ffad9d7dcdec1093c9eead,ETHUSDT|long|high_volume,1700492460000,1700535060000,2023-11-20T15:01:00+00:00,2023-11-21T02:51:00+00:00,2038.65,2011.56,0.03,61.1595,12.2319,5,1993.84,2014.99,1.5910476000000011,5.540413632094986,exchange_guard_proxy_touch,False,-0.8127000000000043,0.14580756,-0.02439312,0.0733914,-0.9829006800000044,-160.7110391680776,2,True
ETHUSDT,long,3d59e68044bbebb0b55d6f962dcd0349ed15d4e002689c0abebad406dfaf7c70,ETHUSDT|long|high_volume,1700677260000,1700738520000,2023-11-22T18:21:00+00:00,2023-11-23T11:22:00+00:00,2052.84,2050.13,0.03,61.5852,12.31704,5,2015.53,2053.6299999999997,1.3685378400000001,12.14893971495057,exchange_guard_proxy_touch,False,-0.0813000000000011,0.14770692,-0.02478222,0.07390224,-0.2537891400000011,-41.20943668283956,2,True
ETHUSDT,long,902cb7a12095f440f66aa16046e010f944e3773cb03e000360b0a06ccb13314e,ETHUSDT|long|high_volume,1700773560000,1700844420000,2023-11-23T21:06:00+00:00,2023-11-24T16:47:00+00:00,2075.58,2092.86,0.03,62.267399999999995,12.453479999999999,5,2040.2,2096.43,1.3135431599999972,2.4983128881956613,exchange_guard_proxy_touch,False,0.518400000000006,0.15006384,-0.03756372,0.07472087999999999,0.33077244000000594,53.12128658013759,2,True
ETHUSDT,long,cc658b663f97c6c31ad2145d1d24eda1ddaa8beb7553baeee4d50546f0d7002a,ETHUSDT|long|high_volume,1701171360000,1701254400000,2023-11-28T11:36:00+00:00,2023-11-29T10:40:00+00:00,2027.77,2043.68,0.03,60.833099999999995,12.166619999999998,5,1994.84,2047.17,1.2345915599999977,2.0354225203730545,exchange_guard_proxy_touch,False,0.47730000000000244,0.14657219999999999,-0.036852420000000004,0.07299971999999999,0.29387538000000246,48.30846693658592,2,True
ETHUSDT,long,9038af381f0de259a7b49b2a5f6daa5db3283f57892a347d107d3749258cdb81,ETHUSDT|long|high_volume,1701388260000,1701429240000,2023-11-30T23:51:00+00:00,2023-12-01T11:14:00+00:00,2057.07,2083.17,0.03,61.7121,12.34242,5,2024.23,2086.72,1.2355026000000056,4.503488259126763,exchange_guard_proxy_touch,False,0.7829999999999973,0.14904863999999998,-0.02486442,0.07405452,0.6090869399999973,98.69813861463106,2,True
BTCUSDT,long,1b1e5d29b9ffa849b629e7e53fecaa44a3850ab95e982c2eabe8adb02aec6fb2,BTCUSDT|long|confirmed_volume,1701446760000,1701573120000,2023-12-01T16:06:00+00:00,2023-12-03T03:12:00+00:00,38476.9,39203.9,0.0015,57.71535,11.54307,5,37584.9,39270.700000000004,1.5706462200000022,1.7409445509252328,exchange_guard_proxy_touch,False,1.0905,0.13982544,-0.04140116257800001,0.06925842,0.9092733974220001,157.54446562690862,2,True
ETHUSDT,long,ad09e2a83d3c8664b13b70d80b280b1537ffe94383ee1368c3ab8c0fbc681764,ETHUSDT|long|high_volume,1701640560000,1701703740000,2023-12-03T21:56:00+00:00,2023-12-04T15:29:00+00:00,2186.34,2209.82,0.03,65.5902,13.118039999999999,5,2149.1299999999997,2213.5899999999997,1.3820451599999966,7.474783649196983,exchange_guard_proxy_touch,False,0.7044000000000005,0.15826175999999997,-0.02664498,0.07870824,0.5194932600000005,79.20287786895003,2,True
ETHUSDT,long,d542c26704280f76f77fd1d3bfcd2c2922849d3f8e0d35c914b335e099750f3e,ETHUSDT|long|high_volume,1701790860000,1701861240000,2023-12-05T15:41:00+00:00,2023-12-06T11:14:00+00:00,2233.41,2254.98,0.03,67.00229999999999,13.400459999999999,5,2200.89,2258.8199999999997,1.2475997999999995,6.350777426975181,exchange_guard_proxy_touch,False,0.6471000000000049,0.16158203999999995,-0.04073292,0.08040275999999999,0.4447850400000049,66.38354802745651,2,True
ETHUSDT,long,7615d6f1de690b1af006381a42ca8eee5df4767522aca5610747aff8be1c1672,ETHUSDT|long|confirmed_volume,1701954060000,1702042200000,2023-12-07T13:01:00+00:00,2023-12-08T13:30:00+00:00,2259.28,2341.71,0.03,67.7784,13.55568,5,2222.0699999999997,2345.7,1.390892520000007,1.5284945553932472,exchange_guard_proxy_touch,False,2.472899999999995,0.16563563999999997,-0.06354982839000001,0.08133408,2.243714531609995,331.0368098996133,2,True
BTCUSDT,long,95c39d1806d2c662653dd8d944e267713ccab8ede2e078931ff0a2941f0ff583,BTCUSDT|long|high_volume,1702068960000,1702110960000,2023-12-08T20:56:00+00:00,2023-12-09T08:36:00+00:00,44420.4,43996.100000000006,0.0017000000000000001,75.51468000000001,15.102936000000003,5,43649.9,44071.1,1.6156718399999928,4.257756294058409,exchange_guard_proxy_touch,False,-0.7213099999999927,0.18036966,-0.0626361372098,0.090617616,-0.9643157972097927,-127.6991172060575,2,True
ETHUSDT,long,b929e5b6aab7866c2c3430627551725005996d813d97147cc743feef5a4a4986,ETHUSDT|long|high_volume,1702241160000,1702256400000,2023-12-10T20:46:00+00:00,2023-12-11T01:00:00+00:00,2377.37,2338.11,0.03,71.32109999999999,14.264219999999998,5,2342.1,2342.1,1.3475572799999926,10.805999755886695,exchange_guard_proxy_touch,False,-1.1777999999999929,0.16975727999999995,-0.034055644127999996,0.08558531999999999,-1.3816129241279929,-193.71727639197843,2,True
ETHUSDT,long,3469dfc873b6f4beec6bb7d65af78e90896742c24fffe2447f1401cc7b8fc344,ETHUSDT|long|high_volume,1702473060000,1702560600000,2023-12-13T13:11:00+00:00,2023-12-14T13:30:00+00:00,2193.27,2242.3,0.03,65.79809999999999,13.159619999999999,5,2155.99,2246.12,1.3849412399999945,3.8765930825361963,exchange_guard_proxy_touch,False,1.4709000000000059,0.15968051999999996,-0.041354046708,0.07895772,1.2698654332920059,192.99424045557637,2,True
ETHUSDT,long,e94dfe823a9964fa6ae955e9f0ac013bdd8bb2fa910acc2188d5d19dd24b7bfd,ETHUSDT|long|high_volume,1702595160000,1702610160000,2023-12-14T23:06:00+00:00,2023-12-15T03:16:00+00:00,2327.26,2279.37,0.03,69.8178,13.963560000000001,5,2283.2599999999998,2283.2599999999998,1.6025386800000099,6.822173742159277,exchange_guard_proxy_touch,False,-1.4367000000000099,0.16583868,-0.013899180000000002,0.08378136,-1.6164378600000098,-231.52231379390494,2,True
BTCUSDT,long,c9a581480ea25a8df9d2b2ad0a48c6db8d5786627aa2f9fdbdc34eea931f8f46,BTCUSDT|long|high_volume,1702932360000,1702994700000,2023-12-18T20:46:00+00:00,2023-12-19T14:05:00+00:00,42008.200000000004,42767.200000000004,0.0016,67.21312,13.442624,5,41169.9,42840.1,1.6128475520000047,6.825663410418849,exchange_guard_proxy_touch,False,1.2144000000000001,0.162768768,-0.027434848,0.080655744,1.0241963840000001,152.3804257264058,2,True
ETHUSDT,long,d7f12afbfc470ea70429fce6422ae8c563c7950e60a91b1fe01aa45804a390bf,ETHUSDT|long|confirmed_volume,1703014560000,1703100900000,2023-12-19T19:36:00+00:00,2023-12-20T19:35:00+00:00,2186.05,2209.9900000000002,0.03,65.5815,13.1163,5,2150.2999999999997,2213.7599999999998,1.3382768400000091,1.974425365811806,exchange_guard_proxy_touch,False,0.7182000000000016,0.15825744,-0.057625934688,0.0786978,0.5023166253120016,76.59425681205852,2,True
ETHUSDT,long,4daf68f582b944f82ee523f71905de9488ac3679d26d4fc3d9fb5697fbe9784c,ETHUSDT|long|high_volume,1703142060000,1703170980000,2023-12-21T07:01:00+00:00,2023-12-21T15:03:00+00:00,2218.37,2201.2400000000002,0.03,66.55109999999999,13.310219999999997,5,2184.89,2204.99,1.2743834399999945,6.24066906038552,exchange_guard_proxy_touch,False,-0.5138999999999896,0.15910596000000002,-0.0353137833,0.07986132,-0.7083197432999896,-106.43246216816696,2,True
ETHUSDT,long,8b94a2458f91d8eeefc552d5a8472e7167b908835b53fbf8d34f39e51c7b50d7,ETHUSDT|long|high_volume,1703180160000,1703283120000,2023-12-21T17:36:00+00:00,2023-12-22T22:12:00+00:00,2241.26,2303.19,0.03,67.23780000000001,13.447560000000001,5,2204.99,2307.12,1.3605299999999996,3.1272459707814493,exchange_guard_proxy_touch,False,1.857899999999995,0.16360020000000003,-0.189788072664,0.08068536,1.504511727335995,223.75980881825325,2,True
ETHUSDT,long,9c830a6facbb29a1211e3ff80d90bd846e52368e7a2b1015687dd8fbb595d9b4,ETHUSDT|long|high_volume,1703374260000,1703396220000,2023-12-23T23:31:00+00:00,2023-12-24T05:37:00+00:00,2318.67,2281.87,0.03,69.5601,13.912020000000002,5,2285.7599999999998,2285.7599999999998,1.2696194400000054,2.842597297072459,exchange_guard_proxy_touch,False,-1.1040000000000054,0.16561943999999998,-0.018457629288000002,0.08347211999999998,-1.2880770692880055,-185.17470062406542,2,True
ETHUSDT,long,731e1cd8e3a00fe8882eea33a5569abcb13e32cbd96cfe4fa0b1f5b0bcbada4d,ETHUSDT|long|high_volume,1703508660000,1703535000000,2023-12-25T12:51:00+00:00,2023-12-25T20:10:00+00:00,2298.71,2267.09,0.03,68.9613,13.792259999999999,5,2264.95,2270.9599999999996,1.2927527999999968,6.453210020763469,exchange_guard_proxy_touch,False,-0.9485999999999967,0.16436879999999998,-0.060251628,0.08275355999999999,-1.1732204279999967,-170.12736534839058,2,True
ETHUSDT,long,fac0939271620b64f2d6073f5cba07141baeefffdd675802950fd4bfb9f0955d,ETHUSDT|long|high_volume,1703665860000,1703768460000,2023-12-27T08:31:00+00:00,2023-12-28T13:01:00+00:00,2247.82,2360.96,0.03,67.4346,13.486920000000001,5,2213.6699999999996,2364.99,1.298077920000002,8.708337383474527,exchange_guard_proxy_touch,False,3.394199999999996,0.16591608000000002,-0.189675076788,0.08092152,3.038608843211996,450.60085523040044,2,True
ETHUSDT,long,6651f7ec1a72a3c50663c31d6203de24c21dce370860b5363d1cd7aaa77564f5,ETHUSDT|long|high_volume,1703844060000,1703864820000,2023-12-29T10:01:00+00:00,2023-12-29T15:47:00+00:00,2372.79,2329.4700000000003,0.03,71.1837,14.236740000000001,5,2333.4399999999996,2333.4399999999996,1.4688813599999913,3.0518371595307348,exchange_guard_proxy_touch,False,-1.2995999999999912,0.16928136,0.0,0.08542043999999999,-1.4688813599999913,-206.35080222016995,2,True
ETHUSDT,long,4b953ee61eb5bfe6a31d8fdd8ccc53e1f2c5e9d325120f143e39cbccbc041cba,ETHUSDT|long|confirmed_volume,1703952960000,1703976720000,2023-12-30T16:16:00+00:00,2023-12-30T22:52:00+00:00,2322.4500000000003,2280.29,0.03,69.6735,13.934700000000001,5,2284.18,2284.18,1.4304986400000093,1.5547599063988249,exchange_guard_proxy_touch,False,-1.2648000000000093,0.16569863999999995,0.0,0.0836082,-1.4304986400000093,-205.3145945014976,2,True
ETHUSDT,long,84fad745576b10df84683b6814cddb80e58c8ef9dac64604b19a29daaecc90a0,ETHUSDT|long|high_volume,1704016860000,1704036600000,2023-12-31T10:01:00+00:00,2023-12-31T15:30:00+00:00,2317.33,2292.56,0.03,69.51989999999999,13.903979999999999,5,2280.8999999999996,2296.47,1.3746965999999983,3.1824791409376463,exchange_guard_proxy_touch,False,-0.7430999999999994,0.16595603999999994,0.0,0.08342387999999998,-0.9090560399999994,-130.76198901321774,2,True
ETHUSDT,long,3f42f399b339c763585355288a18dc589202e52f6721a2097d86c0e62fe68422,ETHUSDT|long|high_volume,1704101760000,1704206040000,2024-01-01T09:36:00+00:00,2024-01-02T14:34:00+00:00,2300.06,2377.9500000000003,0.03,69.0018,13.800360000000001,5,2266.66,2382.0,1.2820629599999929,2.1231611187922983,exchange_guard_proxy_touch,False,2.3367000000000098,0.16840835999999998,-0.208795557852,0.08280215999999999,1.9594960821480099,283.97753133222756,2,True
ETHUSDT,long,b94652b2ff1cdf35eba4f3e6314b9206c3afbf5ed202dd242b67975f341a2d0a,ETHUSDT|long|confirmed_volume,1704263160000,1704267960000,2024-01-03T06:26:00+00:00,2024-01-03T07:46:00+00:00,2386.17,2360.9700000000003,0.03,71.5851,14.31702,5,2348.45,2365.0,1.4219023199999938,1.7955322636257336,exchange_guard_proxy_touch,False,-0.7559999999999946,0.17089704,0.0,0.08590211999999998,-0.9268970399999945,-129.4818390978003,2,True
BTCUSDT,long,2854d93781f7d33e98400c770d647da613f7f2dd3c2f47779fd243ea7d56573c,BTCUSDT|long|high_volume,1704327060000,1704419280000,2024-01-04T00:11:00+00:00,2024-01-05T01:48:00+00:00,42971.9,42572.5,0.0013000000000000002,55.86347000000001,11.172694000000002,5,41919.9,42645.0,1.5926099799999944,3.031322810782512,exchange_guard_proxy_touch,False,-0.5192200000000019,0.13344926399999998,-0.03405201800000001,0.06703616400000001,-0.6867212820000019,-122.92850444127475,2,True
ETHUSDT,long,3a71dea054afb2f63f5e72f1ea71a2e2ef994532007c6670d50405479ffb8a2a,ETHUSDT|long|high_volume,1704380460000,1704464400000,2024-01-04T15:01:00+00:00,2024-01-05T14:20:00+00:00,2281.67,2229.42,0.01,22.8167,4.56334,5,2205.41,2233.22,0.8538999600000022,4.98696515903977,exchange_guard_proxy_touch,False,-0.5225,0.05413308,-0.013596220000000003,0.027380039999999998,-0.5902293,-258.6830260291803,2,True
BTCUSDT,long,b45c092b5b15d2dc617952ce5689b412f077b9f3b08619319f1e5590d0815c52,BTCUSDT|long|high_volume,1704488160000,1704646200000,2024-01-05T20:56:00+00:00,2024-01-07T16:50:00+00:00,44106.4,43788.100000000006,0.0013000000000000002,57.33832000000001,11.467664000000003,5,43089.9,43862.700000000004,1.5526518799999944,27.50466116205624,exchange_guard_proxy_touch,False,-0.4137899999999944,0.13711542,-0.06856652400000002,0.068805984,-0.6194719439999943,-108.0380352964639,2,True
ETHUSDT,long,ffed0abcd37e1c851d164d1b904e4c4a44cf59c6d03af5f7de9668f273c95a5c,ETHUSDT|long|high_volume,1704715260000,1704792060000,2024-01-08T12:01:00+00:00,2024-01-09T09:21:00+00:00,2245.9,2284.11,0.03,67.377,13.475399999999999,5,2204.1499999999996,2288.0,1.5250668,9.123348841077354,exchange_guard_proxy_touch,False,1.146300000000001,0.16308035999999998,-0.041442900000000005,0.08085239999999999,0.941776740000001,139.777185092836,2,True
ETHUSDT,long,c8aea44c174a1eb729b0747fe98b8f6df4ae8d096ca07e912a9d32556053fb15,ETHUSDT|long|high_volume,1704845760000,1704889680000,2024-01-10T00:16:00+00:00,2024-01-10T12:28:00+00:00,2373.04,2358.4700000000003,0.01,23.7304,4.74608,5,2243.25,2362.49,1.3914496400000014,2.135888745680604,exchange_guard_proxy_touch,False,-0.14569999999999708,0.056778119999999994,-0.004738840000000001,0.028476479999999995,-0.20721695999999706,-87.32130937531481,2,True
ETHUSDT,long,b7b873ef60d680bddca423a83a60382885116def24207bcb70e8bb1e5455797d,ETHUSDT|long|high_volume,1704972660000,1704989760000,2024-01-11T11:31:00+00:00,2024-01-11T16:16:00+00:00,2654.11,2569.09,0.01,26.5411,5.30822,5,2573.47,2573.47,0.9128783999999999,2.2584621828202835,exchange_guard_proxy_touch,False,-0.8501999999999998,0.06267840000000001,-0.005229300000000001,0.03184932,-0.9181076999999999,-345.9192346963765,2,True
BTCUSDT,long,688f6a86c2ed6b6e317ba4e871d13e10385739fc3fe1639c796a74ab09212ae7,BTCUSDT|long|high_volume,1704928260000,1704994140000,2024-01-10T23:11:00+00:00,2024-01-11T17:29:00+00:00,47349.9,45532.4,0.0005,23.674950000000003,4.734990000000001,5,44719.9,45610.0,1.4082462199999994,2.2595988863543273,exchange_guard_proxy_touch,False,-0.9087500000000001,0.05572938,-0.013957250000000003,0.028409939999999998,-0.9784366300000001,-413.2792804208668,2,True
BTCUSDT,long,587653e2af4b82fe5b37b3e3c2d3e7c367e774732e4b12eec39b554c8224b7d0,BTCUSDT|long|confirmed_volume,1705002660000,1705034880000,2024-01-11T19:51:00+00:00,2024-01-12T04:48:00+00:00,46710.8,45822.700000000004,0.0012000000000000001,56.052960000000006,11.210592000000002,5,45610.0,45900.8,1.546910208000002,1.7471867210205785,exchange_guard_proxy_touch,False,-1.0657199999999984,0.13324824,-0.011121096000000002,0.067263552,-1.2100893359999985,-215.8832175856544,2,True
ETHUSDT,long,3caa685dfc6de5447626a0a8ef374f97955343b83ccb41f457d00c839b5e4d27,ETHUSDT|long|high_volume,1705160160000,1705225080000,2024-01-13T15:36:00+00:00,2024-01-14T09:38:00+00:00,2566.88,2538.67,0.02,51.3376,10.267520000000001,5,2521.2299999999996,2543.0,1.120811680000001,2.146020474448124,exchange_guard_proxy_touch,False,-0.5642000000000007,0.1225332,-0.030777760000000008,0.06160512,-0.7175109600000007,-139.76324565230954,2,True
ETHUSDT,long,38165d46bb7eded94d790f69bdd217b0a85fc089a401d4ad94ce4fd3f467a1c0,ETHUSDT|long|high_volume,1705343460000,1705357020000,2024-01-15T18:31:00+00:00,2024-01-15T22:17:00+00:00,2552.59,2501.12,0.02,51.05180000000001,10.210360000000001,5,2505.3799999999997,2505.3799999999997,1.1506890400000052,6.696029886103459,exchange_guard_proxy_touch,False,-1.0294000000000052,0.12128903999999999,0.0,0.061262159999999996,-1.1506890400000052,-225.39636996149105,2,True
ETHUSDT,long,978e930d30f014cc73009394d0508276696aba086d194ce6e3dbd15f284440a9,ETHUSDT|long|confirmed_volume,1706057460000,1706120460000,2024-01-24T00:51:00+00:00,2024-01-24T18:21:00+00:00,2255.25,2213.4,0.01,22.552500000000002,4.5105,5,2180.3999999999996,2217.1699999999996,0.8387832799999995,1.5974222027403637,exchange_guard_proxy_touch,False,-0.4184999999999991,0.05362379999999999,-0.008935560000000002,0.027062999999999997,-0.4810593599999991,-213.3064449617555,2,True
ETHUSDT,long,3c7beb52062fc419b92482bcf2c7727d7fb3b2714a6ccf722dcf37fde04a42fa,ETHUSDT|long|high_volume,1707249960000,1707276480000,2024-02-06T20:06:00+00:00,2024-02-07T03:28:00+00:00,2386.44,2366.55,0.01,23.8644,4.77288,5,2308.1499999999996,2370.58,0.8784879199999981,3.4256406615978268,exchange_guard_proxy_touch,False,-0.19889999999999874,0.05703587999999999,-0.003633031331999999,0.028637279999999998,-0.2595689113319987,-108.76825368833858,2,True
ETHUSDT,long,44c4b24e9c124c4a972eb232468b7853f2e0310b66b6e83f6890a6a768f3629b,ETHUSDT|long|high_volume,1707336660000,1707411120000,2024-02-07T20:11:00+00:00,2024-02-08T16:52:00+00:00,2429.89,2410.88,0.01,24.2989,4.85978,5,2360.1499999999996,2414.99,0.7950322399999976,2.6463505008763986,exchange_guard_proxy_touch,False,-0.19009999999999763,0.05808924,-0.013297675108,0.029158679999999996,-0.26148691510799765,-107.61265534982968,2,True
BTCUSDT,long,3d58a954cb3cdf571674bd9d67bfea9a60c57b45228f42da57776d00c2aee051,BTCUSDT|long|high_volume,1707469260000,1707561960000,2024-02-09T09:01:00+00:00,2024-02-10T10:46:00+00:00,46795.600000000006,46940.0,0.0008,37.43648,7.487296000000001,5,45199.9,47020.0,1.4263218560000048,6.352282167732178,exchange_guard_proxy_touch,False,0.11551999999999535,0.089986176,-0.0209945007536,0.044923776000000006,0.0045393232463953465,1.2125400802627133,2,True
BTCUSDT,long,a5e436f0191e65e686daa0708567629c7699c1a3c571d155ae485f604bd4e31d,BTCUSDT|long|high_volume,1707752160000,1707822660000,2024-02-12T15:36:00+00:00,2024-02-13T11:11:00+00:00,49531.0,49669.700000000004,0.0007,34.6717,6.934340000000001,5,47710.9,49754.3,1.412524987999997,5.187148808672977,exchange_guard_proxy_touch,False,0.09709000000000305,0.083328588,-0.020984446,0.04160604,-0.007223033999996947,-2.083265025942468,2,True
ETHUSDT,long,d5b357fd523018e7a4050fb3e273b128c6676272aacb79557e0816621c2cf92d,ETHUSDT|long|high_volume,1707900960000,1707923760000,2024-02-14T08:56:00+00:00,2024-02-14T15:16:00+00:00,2699.78,2729.06,0.01,26.9978,5.39956,5,2619.1099999999997,2733.7099999999996,0.915073160000001,15.292653165655333,exchange_guard_proxy_touch,False,0.29279999999999745,0.06514608,0.0,0.03239736,0.22765391999999746,84.32313744082755,2,True
ETHUSDT,long,cd6c095b3bdbdee72ede7097c44e7a04c009e0fc2c71161379c4f718d450bc42,ETHUSDT|long|high_volume,1708007460000,1708095180000,2024-02-15T14:31:00+00:00,2024-02-16T14:53:00+00:00,2835.85,2790.73,0.01,28.3585,5.6716999999999995,5,2758.56,2795.49,0.8868766400000001,4.975046228285844,exchange_guard_proxy_touch,False,-0.45119999999999894,0.06751896,-0.021536589818,0.0340302,-0.540255549817999,-190.50921234127296,2,True
ETHUSDT,long,cf2d7907588cb652aa33919054265e6e0bbf3e65f88db0505c2efb69e08167bd,ETHUSDT|long|high_volume,1708293960000,1708351440000,2024-02-18T22:06:00+00:00,2024-02-19T14:04:00+00:00,2858.06,2886.16,0.01,28.5806,5.71612,5,2786.3999999999996,2891.08,0.8316766400000009,2.9867553201248205,exchange_guard_proxy_touch,False,0.2809999999999991,0.06893063999999999,-0.011622900000000002,0.034296719999999996,0.2004464599999991,70.13374806687023,2,True
ETHUSDT,long,925c101270370139e24888948f222e3a81d900aea0e33bf8413aa228324124fe,ETHUSDT|long|high_volume,1708379460000,1708401780000,2024-02-19T21:51:00+00:00,2024-02-20T04:03:00+00:00,2963.04,2900.19,0.01,29.6304,5.926080000000001,5,2888.56,2905.1299999999997,0.8641601600000008,6.531825126072376,exchange_guard_proxy_touch,False,-0.6284999999999991,0.07035875999999999,-0.015616715000000001,0.035556479999999994,-0.714475474999999,-241.12920345320987,2,True
ETHUSDT,long,2ab20bc69011e52ecdad6a21f129186ab10a3b71f254e54748cc28c98b533131,ETHUSDT|long|high_volume,1708459260000,1708490160000,2024-02-20T20:01:00+00:00,2024-02-21T04:36:00+00:00,2992.35,2985.4,0.01,29.9235,5.9847,5,2884.99,2990.49,1.1931691599999998,2.090552736992945,exchange_guard_proxy_touch,False,-0.06949999999999819,0.07173299999999999,-0.012261378635999999,0.035908199999999994,-0.15349437863599816,-51.29559665012387,2,True
ETHUSDT,long,0de7b29e4718865d5811bd4e141589285052431806caa35c62039f338244e842,ETHUSDT|long|high_volume,1708556760000,1708656600000,2024-02-21T23:06:00+00:00,2024-02-23T02:50:00+00:00,2953.53,2964.06,0.01,29.535300000000003,5.90706,5,2885.99,2969.1099999999997,0.7945153200000027,4.864395958899154,exchange_guard_proxy_touch,False,0.10529999999999745,0.07101108,-0.023853460000000007,0.03544236,0.01043545999999744,3.5332161853773076,2,True
ETHUSDT,long,76266709d6464da80abfbaa058c88da403595efdc1a08f9a6e08a565961f7c0b,ETHUSDT|long|high_volume,1708826460000,1708938960000,2024-02-25T02:01:00+00:00,2024-02-26T09:16:00+00:00,3021.39,3081.76,0.01,30.2139,6.04278,5,2954.3999999999996,3087.0099999999998,0.7918491199999999,8.393934983448558,exchange_guard_proxy_touch,False,0.6037000000000035,0.07323779999999999,-0.07688977992,0.03625668,0.4535724200800034,150.12044789980885,2,True
ETHUSDT,long,2d2fda6ebc4d37370e4521bedb6a9632fc08fe60046afc6978114c2bb4688a9e,ETHUSDT|long|high_volume,1708960260000,1709050200000,2024-02-26T15:11:00+00:00,2024-02-27T16:10:00+00:00,3125.79,3199.8,0.01,31.2579,6.25158,5,3039.41,3205.25,0.9894203599999973,3.8799549066557755,exchange_guard_proxy_touch,False,0.7401000000000022,0.07590708,-0.09301793181000001,0.03750948,0.5711749881900021,182.72980212682305,2,True
ETHUSDT,long,621726ff8038ee8b14da4c94725e69fdc086bc1e936b8a9d4ab9c042b55567d3,ETHUSDT|long|high_volume,1709106660000,1709141460000,2024-02-28T07:51:00+00:00,2024-02-28T17:31:00+00:00,3308.54,3274.41,0.01,33.0854,6.61708,5,3233.04,3279.99,0.8884329599999999,6.563033174051826,exchange_guard_proxy_touch,False,-0.3413000000000011,0.0789954,-0.050377075070000006,0.03970248,-0.4706724750700011,-142.2598714448068,2,True
BTCUSDT,long,0bc068c5fea4671d9ffcc5aae981d7a933a63b5c8bfa9a796e67ddfff233cd60,BTCUSDT|long|high_volume,1709140560000,1709213340000,2024-02-28T17:16:00+00:00,2024-02-29T13:29:00+00:00,64305.3,62045.3,0.0002,12.861060000000002,2.5722120000000004,5,58555.1,62151.0,1.1994225920000008,7.015377103658886,exchange_guard_proxy_touch,False,-0.452,0.030324144000000004,-0.0364335350324,0.015433272,-0.5187576790324,-403.355305886451,2,True
ETHUSDT,long,2ac4aa7bebb8947bb8de07dc096d32707d7504638be6739aadbc353e109b0b2e,ETHUSDT|long|confirmed_volume,1709295660000,1709304000000,2024-03-01T12:21:00+00:00,2024-03-01T14:40:00+00:00,3434.51,3395.76,0.01,34.3451,6.869020000000001,5,3355.2299999999996,3401.5499999999997,0.9313083600000025,1.6027392249402945,exchange_guard_proxy_touch,False,-0.3875,0.08196324,0.0,0.04121412000000001,-0.46946324,-136.69001982815598,2,True
BTCUSDT,long,3bbb492113ccc98558a7b0b063f78dbf8fefbea4493b625b006662395c189699,BTCUSDT|long|high_volume,1709559660000,1709654880000,2024-03-04T13:41:00+00:00,2024-03-05T16:08:00+00:00,65712.40000000001,65488.3,0.0005,32.85620000000001,6.571240000000001,5,63249.0,65599.9,1.3628122800000038,3.697761765689934,exchange_guard_proxy_touch,False,-0.11205000000000291,0.07872042,-0.189611873406,0.03942744000000001,-0.38038229340600294,-115.77184622871873,2,True
BTCUSDT,long,9d4b684265bd0fb4c200ce86d374b68022b50d53cacf8d3fd0f5e05c27b44f4a,BTCUSDT|long|high_volume,1709703060000,1709913720000,2024-03-06T05:31:00+00:00,2024-03-08T16:02:00+00:00,66048.5,66704.40000000001,0.0004,26.4194,5.28388,5,62829.200000000004,66818.0,1.392289983999999,4.12350639549763,exchange_guard_proxy_touch,False,0.2623600000000035,0.063721392,-0.18749950026,0.03170327999999999,0.011139107740003484,4.216260679653393,2,True
BTCUSDT,long,81d05116cf216e43eb391fe82e0597107b0c15b33b21e6b2eb44c3b974bc6f81,BTCUSDT|long|high_volume,1710157560000,1710213660000,2024-03-11T11:46:00+00:00,2024-03-12T03:21:00+00:00,72376.6,71677.8,0.00030000000000000003,21.712980000000005,4.342596000000001,5,68502.29999999999,71799.9,1.247914464000001,8.092727885015647,exchange_guard_proxy_touch,False,-0.20964000000000088,0.05185958400000001,-0.04795959604680001,0.026055576,-0.3094591800468009,-142.5226661871382,2,True
BTCUSDT,long,8de403e0154c58f31aa70701b98e8ea805af051fc8deb2f73effd7e20d846a51,BTCUSDT|long|confirmed_volume,1710318360000,1710414900000,2024-03-13T08:26:00+00:00,2024-03-14T11:15:00+00:00,73574.7,72596.2,0.0004,29.42988,5.885976,5,70623.7,72719.9,1.2975975839999965,1.8354939573326696,exchange_guard_proxy_touch,False,-0.3914,0.07016203199999999,-0.06338416747440001,0.035315856,-0.5249461994744,-178.37184503450234,2,True
BTCUSDT,long,6883c7be8eefacf888995331f2d0f5ba2372ca2c00ea617c5f5f1330b46e60b7,BTCUSDT|long|high_volume,1710961260000,1711029300000,2024-03-20T19:01:00+00:00,2024-03-21T13:55:00+00:00,65610.2,66582.1,0.0004,26.24408,5.248816,5,62057.6,66695.5,1.5244699039999965,2.4981546298502555,exchange_guard_proxy_touch,False,0.3887600000000035,0.063452304,-0.016000800451200003,0.031492896,0.3093068955488035,117.85777803939153,2,True
BTCUSDT,long,ae73b34a358b6f45aea30eb2978a02952816dd7c4583d4790e8fd619768eb0c4,BTCUSDT|long|high_volume,1711215360000,1711235340000,2024-03-23T17:36:00+00:00,2024-03-23T23:09:00+00:00,66076.2,64603.4,0.0004,26.43048,5.286096,5,63020.1,64713.5,1.3272347679999983,4.286125006012217,exchange_guard_proxy_touch,False,-0.5891199999999983,0.062726208,0.0,0.031716575999999996,-0.6518462079999983,-246.6267006879929,2,True
BTCUSDT,long,a935aa5ed62f7a1ec8853d9f2c5d64de20bee5cfb6665ca80ddcd5965e24f69d,BTCUSDT|long|high_volume,1711384860000,1711460160000,2024-03-25T16:41:00+00:00,2024-03-26T13:36:00+00:00,70417.5,70182.7,0.00030000000000000003,21.12525,4.22505,5,66743.9,70302.29999999999,1.1854672439999976,3.7315587386976286,exchange_guard_proxy_touch,False,-0.07044000000000088,0.050616072000000005,-0.016979053906800004,0.0253503,-0.1380351259068009,-65.34129816537124,2,True
BTCUSDT,long,9459a24dc83ee32dbc131ac89af9b80c3240628d596236978ab51d4f457302e4,BTCUSDT|long|high_volume,1712568660000,1712622360000,2024-04-08T09:31:00+00:00,2024-04-09T00:26:00+00:00,72590.1,71430.7,0.00030000000000000003,21.777030000000003,4.355406,5,68900.79999999999,71552.4,1.192844532,2.235278320121408,exchange_guard_proxy_touch,False,-0.3478200000000026,0.051847488,-0.0241576458708,0.026132436000000002,-0.4238251338708026,-194.62026450383848,2,True
BTCUSDT,long,ecdf3a369e8e5d2dd805a41f5d2840da5795d3bc3c52b148216f17955640f6db,BTCUSDT|long|high_volume,1715818260000,1715837220000,2024-05-16T00:11:00+00:00,2024-05-16T05:27:00+00:00,66711.2,65624.0,0.0002,13.34224,2.668448,5,61316.0,65735.79999999999,1.1306014959999986,3.571568709764689,exchange_guard_proxy_touch,False,-0.21743999999999944,0.031760448000000004,0.0,0.016010688,-0.24920044799999944,-186.7755699192935,2,True
BTCUSDT,long,03f430a706895c98f11eed150974f63139c9ba2e7c33905c5c8e7e2440296f9f,BTCUSDT|long|high_volume,1716235260000,1716297360000,2024-05-20T20:01:00+00:00,2024-05-21T13:16:00+00:00,70453.90000000001,70779.5,0.00030000000000000003,21.136170000000003,4.227234000000001,5,66716.2,70900.09999999999,1.2047003760000037,3.145303625441997,exchange_guard_proxy_touch,False,0.0976799999999974,0.05084402400000001,-0.0087635813826,0.025363404000000003,0.038072394617397386,18.012910861995042,2,True
BTCUSDT,short,cc6d1ef373fa8dd3e19dd297b5b54109a086d88f986a31022d6608843d92396e,BTCUSDT|short|high_volume,1720401060000,1720428480000,2024-07-08T01:11:00+00:00,2024-07-08T08:48:00+00:00,54302.100000000006,57469.9,0.0004,21.720840000000003,4.344168000000001,5,57372.299999999996,57372.299999999996,1.3207705599999984,2.2777545544817643,exchange_guard_proxy_touch,False,-1.2671199999999982,0.05365056,0.0018360844192000002,0.026065008,-1.3189344755807981,-607.2207500174017,2,True
BTCUSDT,long,dad7a5cf49ea111a97b7ac5dd11080e2997e66c575d0a2187d1bfb718e6207fb,BTCUSDT|long|high_volume,1730862360000,1730948700000,2024-11-06T03:06:00+00:00,2024-11-07T03:05:00+00:00,73914.0,74923.3,0.0002,14.7828,2.95656,5,68649.9,75050.9,1.1103673039999988,3.375184169463612,exchange_guard_proxy_touch,False,0.2018600000000006,0.03572095199999999,-0.008932216,0.01773936,0.1572068320000006,106.34442189571705,2,True
BTCUSDT,long,f4d71b7f2184f833bbfdf838dfe50a53223efc4090326bb5d301dbc08f9f3a56,BTCUSDT|long|high_volume,1731366360000,1731418560000,2024-11-11T23:06:00+00:00,2024-11-12T13:36:00+00:00,89064.20000000001,85354.5,0.0001,8.906420000000002,1.7812840000000005,5,81467.4,85499.9,0.7939771720000004,3.3794215170265822,exchange_guard_proxy_touch,False,-0.3709700000000012,0.020930244,-0.016512583681,0.010687704000000001,-0.4084128276810012,-458.5600361099084,2,True
