symbol,side,event_id,state,entry_ms,exit_ms,entry_utc,exit_utc,entry,exit,qty,notional_usdt,margin_usdt,leverage,initial_guard,last_guard,planned_guard_risk_usdt,volume_ratio,reason,censored,gross_usdt,fees_usdt,funding_usdt,entry_fees_usdt,net_usdt,net_bps,cost_multiplier,exit_intraminute
ETHUSDT,long,8a5346ef7ac50d6d10a0d7ceb840963a0561323256fd27942037eeb62a66c6f7,ETHUSDT|long|high_volume,1672588860000,1672622160000,2023-01-01T16:01:00+00:00,2023-01-02T01:16:00+00:00,1198.65,1190.95,1.08,1294.5420000000001,258.90840000000003,5,1192.98,1192.98,10.38061440000005,2.925158153428165,exchange_guard_proxy_touch,False,-8.31600000000005,2.064614400000001,-0.25919136000000004,1.0356336000000002,-10.639805760000053,-82.18973011304423,2,True
ETHUSDT,long,7db1ca2203ab98414bbfc6dd8bdf45dcc795d86bea87b25a5a845ae2233e0d3f,ETHUSDT|long|confirmed_volume,1672630860000,1672699680000,2023-01-02T03:41:00+00:00,2023-01-02T22:48:00+00:00,1199.38,1211.22,0.99,1187.3862000000001,237.47724000000002,5,1192.98,1213.29,10.238841360000063,1.9564500657755488,exchange_guard_proxy_touch,False,11.721599999999919,1.9091952000000003,-0.39327381918000004,0.9499089600000001,9.419130980819919,79.32659972652468,2,True
ETHUSDT,long,0b13de80fc597fce11480cb5479ec3df14eff1be81d9ac01a664a9d3b5246e0d,ETHUSDT|long|high_volume,1672724460000,1672757400000,2023-01-03T05:41:00+00:00,2023-01-03T14:50:00+00:00,1218.32,1211.46,0.89,1084.3048,216.86095999999998,5,1210.63,1213.53,10.40544568,3.4117702852729646,exchange_guard_proxy_touch,False,-6.105399999999911,1.73000336,-0.11314598622399999,0.86744384,-7.94854934622391,-73.30548888305125,2,True
ETHUSDT,long,2971694993fe7e1e559e940191ce97cb47e30fb70839cfcc80faa42f7fa42b08,ETHUSDT|long|confirmed_volume,1672871460000,1672900140000,2023-01-04T22:31:00+00:00,2023-01-05T06:29:00+00:00,1255.91,1249.3700000000001,0.48,602.8368,120.56736000000001,5,1238.6,1251.5,10.278681600000034,1.6410338541573681,exchange_guard_proxy_touch,False,-3.1391999999999824,0.96202752,-0.12061344000000002,0.48226944,-4.221840959999982,-70.03290044668775,2,True
ETHUSDT,long,6e42fb8b09556c0748946d1c27dfd07cd11c789393427c100cbca3916446286b,ETHUSDT|long|high_volume,1672965360000,1672983780000,2023-01-06T00:36:00+00:00,2023-01-06T05:43:00+00:00,1255.84,1245.26,0.75,941.8799999999999,188.37599999999998,5,1246.33,1247.39,10.222529999999912,2.13543876029371,exchange_guard_proxy_touch,False,-7.934999999999945,1.5006599999999999,0.0,0.753504,-9.435659999999945,-100.17900369473762,2,True
ETHUSDT,long,dba376a15593e1d6aa60c89c5e091e7538319475953e3dd8634532dfcfd1af0a,ETHUSDT|long|confirmed_volume,1672993260000,1672995840000,2023-01-06T08:21:00+00:00,2023-01-06T09:04:00+00:00,1251.1000000000001,1245.26,1.19,1488.8090000000002,297.76180000000005,5,1247.39,1247.39,9.326134720000173,1.5447286538509404,exchange_guard_proxy_touch,False,-6.9496000000001725,2.37653472,0.0,1.1910472000000003,-9.326134720000173,-62.641579410120244,2,True
ETHUSDT,long,ba7c84cf0c09b86ccc7ed9626e4ea7167d8189643f6c382205278aba79226abe,ETHUSDT|long|confirmed_volume,1673097060000,1673100480000,2023-01-07T13:11:00+00:00,2023-01-07T14:08:00+00:00,1266.51,1258.8700000000001,1.04,1317.1704,263.43408,5,1261.02,1261.02,10.046716159999868,1.930227363651159,exchange_guard_proxy_touch,False,-7.945599999999867,2.1011161600000006,0.0,1.05373632,-10.046716159999868,-76.27499190689275,2,True
ETHUSDT,long,3e57d42f5a7e6db0b49f2bd7046c52378634825c7ca0004b97afdcbac8a88e4c,ETHUSDT|long|high_volume,1673190060000,1673403840000,2023-01-08T15:01:00+00:00,2023-01-11T02:24:00+00:00,1268.1000000000001,1330.73,0.84,1065.2040000000002,213.04080000000005,5,1260.42,1333.0,9.954920640000129,4.185772650664748,exchange_guard_proxy_touch,False,52.6091999999999,1.74641376,-1.5634427096399999,0.8521632,49.2993435303599,462.81598201245856,2,True
ETHUSDT,long,3eed65f11cd9fd2ce9ffae67d2ec21ed6518f5757eb398d181daa66ccd3ee199,ETHUSDT|long|high_volume,1673529060000,1673529900000,2023-01-12T13:11:00+00:00,2023-01-12T13:25:00+00:00,1403.1000000000001,1392.3700000000001,0.8,1122.4800000000002,224.49600000000004,5,1394.75,1394.75,10.373100800000016,2.079376934718842,exchange_guard_proxy_touch,False,-8.584000000000016,1.7891008000000004,0.0,0.8979840000000001,-10.373100800000016,-92.41234409521786,2,True
ETHUSDT,long,cb863b838d8ff0ef0f78aab5db498c6b1870d2f3962d85b02e503c1f7a22059f,ETHUSDT|long|high_volume,1673601360000,1673605980000,2023-01-13T09:16:00+00:00,2023-01-13T10:33:00+00:00,1413.99,1402.84,0.5700000000000001,805.9743000000001,161.19486,5,1400.69,1405.23,10.225704240000033,2.7021554284638074,exchange_guard_proxy_touch,False,-6.3555000000000526,1.2844744800000003,0.0,0.6447794400000001,-7.639974480000053,-94.79178777784914,2,True
BTCUSDT,long,2881be86f5a082fecc4d4b1bca5520608dcbb77a2d420b76fba8c6719eed45d5,BTCUSDT|long|high_volume,1673830560000,1673856540000,2023-01-16T00:56:00+00:00,2023-01-16T08:09:00+00:00,21021.100000000002,20714.600000000002,0.0246,517.1190600000001,103.42381200000003,5,20669.9,20749.9,10.325226144000036,3.0813008697524946,exchange_guard_proxy_touch,False,-7.5399,0.8213585760000002,-0.10389072,0.413695248,-8.465149296000002,-163.69826507651834,2,True
ETHUSDT,long,f796f904efb4565f87ccfd8f31bb6bf20f7c50264590f00d4c7f42880c875df5,ETHUSDT|long|confirmed_volume,1673725860000,1673856540000,2023-01-14T19:51:00+00:00,2023-01-16T08:09:00+00:00,1539.3600000000001,1538.6000000000001,0.29,446.4144,89.28288,5,1509.99,1541.23,9.969452960000016,1.6608324411356614,exchange_guard_proxy_touch,False,-0.22039999999999735,0.71408672,-0.770913167488,0.35713152000000004,-1.7053998874879972,-38.202170169420995,2,True
BTCUSDT,long,4d9134fab9084cf77a04d30070d2f96838866c17dc6ced33fc06d60d5c74b6d8,BTCUSDT|long|high_volume,1673914560000,1673917920000,2023-01-17T00:16:00+00:00,2023-01-17T01:12:00+00:00,21325.300000000003,21020.100000000002,0.030100000000000002,641.8915300000001,128.378306,5,21055.9,21055.9,10.206197232000022,8.690767791508849,exchange_guard_proxy_touch,False,-9.186520000000023,1.0196772320000003,0.0,0.5135132240000001,-10.206197232000022,-159.00189915264997,2,True
BTCUSDT,long,9875f058f4656c0eab3406fd4854ca4b61783c764f2c21ecf4c689a363c410f2,BTCUSDT|long|high_volume,1673965560000,1673966280000,2023-01-17T14:26:00+00:00,2023-01-17T14:38:00+00:00,21402.600000000002,21041.7,0.0256,547.9065600000001,109.58131200000003,5,21077.600000000002,21077.600000000002,10.108299264000038,15.438868137124635,exchange_guard_proxy_touch,False,-9.239040000000038,0.8692592640000001,0.0,0.4383252480000001,-10.108299264000038,-184.48947324156944,2,True
ETHUSDT,long,11dd446c946b3bbb8a4dd5e0913f93fbd231a9d2c7cabdf24946c8868c26e5bc,ETHUSDT|long|high_volume,1673895660000,1674056820000,2023-01-16T19:01:00+00:00,2023-01-18T15:47:00+00:00,1575.45,1568.1200000000001,0.17,267.8265,53.5653,5,1520.73,1570.8,10.163428239999991,6.052390651976966,exchange_guard_proxy_touch,False,-1.2460999999999878,0.4275255200000001,-0.26727910000000005,0.21426120000000004,-1.940904619999988,-72.46872956932894,2,True
BTCUSDT,long,ac29d9c2ae6abe5e88a2ccd9c3ed2093eb95f10791cc6f4c1a8cb031f5a87729,BTCUSDT|long|high_volume,1674102660000,1674190320000,2023-01-19T04:31:00+00:00,2023-01-20T04:52:00+00:00,20856.5,20975.5,0.0328,684.0932,136.81864000000002,5,20621.0,21011.300000000003,9.963128575999953,3.445012067962185,exchange_guard_proxy_touch,False,3.9032000000000004,1.0976716800000001,-0.411687888,0.5472745600000001,2.3938404320000006,34.99289909620503,2,True
ETHUSDT,long,3dfdf1842f7c3bbe61c4acd333217df3edc8a6f8a1a4cbf8d2622395cef0c0c1,ETHUSDT|long|high_volume,1674141660000,1674190500000,2023-01-19T15:21:00+00:00,2023-01-20T04:55:00+00:00,1546.13,1542.73,0.26,401.9938,80.39876000000001,5,1512.81,1545.36,9.969722880000024,3.4959623098080477,exchange_guard_proxy_touch,False,-0.8840000000000237,0.6424828800000001,-0.16039556,0.32159504000000005,-1.6868784400000236,-41.962797436179955,2,True
ETHUSDT,long,bf407b642684167d7982ff6e328c974016efcb1ba09a69c7c95b35547800ebd9,ETHUSDT|long|high_volume,1674284160000,1674291660000,2023-01-21T06:56:00+00:00,2023-01-21T09:01:00+00:00,1657.05,1642.77,0.51,845.0955,169.0191,5,1642.99,1645.57,9.94387391999995,2.075120774913779,exchange_guard_proxy_touch,False,-7.282799999999987,1.34632656,-0.16850502000000003,0.6760764,-8.797631579999987,-104.10221779668673,2,True
ETHUSDT,long,f2cd559fd070ebf779306f25a32799898efe66d48fc5926ed43047abcb470dcd,ETHUSDT|long|high_volume,1674295260000,1674296760000,2023-01-21T10:01:00+00:00,2023-01-21T10:26:00+00:00,1662.97,1642.77,0.43,715.0771,143.01542,5,1645.57,1645.57,9.82317456000002,7.062620625946517,exchange_guard_proxy_touch,False,-8.68600000000002,1.1371745599999998,0.0,0.57206168,-9.82317456000002,-137.37224363638578,2,True
ETHUSDT,long,e3c93fb9e221da001f60f11ed414661491a716415c1dff9d18a0318ab6467a1d,ETHUSDT|long|high_volume,1674328260000,1674341940000,2023-01-21T19:11:00+00:00,2023-01-21T22:59:00+00:00,1667.02,1639.69,0.33,550.1166000000001,110.02332000000001,5,1642.49,1642.49,9.891871439999976,3.24226379541105,exchange_guard_proxy_touch,False,-9.018899999999977,0.87297144,0.0,0.4400932800000001,-9.891871439999978,-179.81408741346794,2,True
BTCUSDT,long,d82a40fddde7e498ea16d3d8a507d4918a582c036cc814d3d3d79ca16dbc1850,BTCUSDT|long|confirmed_volume,1674285060000,1674355440000,2023-01-21T07:11:00+00:00,2023-01-22T02:44:00+00:00,22656.100000000002,22631.300000000003,0.0409,926.63449,185.326898,5,22486.9,22669.9,9.962575784,1.629674594380477,exchange_guard_proxy_touch,False,-1.0143199999999701,1.4818037280000003,-0.559590528,0.7413075920000001,-3.0557142559999706,-32.97647874082445,2,True
BTCUSDT,long,7d825ec9a3c1230a3d469b7e5d1151d4e009e1d4d83e8e823228a9d5981d627c,BTCUSDT|long|high_volume,1674362160000,1674386280000,2023-01-22T04:36:00+00:00,2023-01-22T11:18:00+00:00,22841.2,22773.4,0.0393,897.65916,179.531832,5,22669.9,22812.2,9.678725399999914,3.5776772993859347,exchange_guard_proxy_touch,False,-2.6645399999999717,1.4341230240000005,-0.17994055200000003,0.7181273280000001,-4.278603575999972,-47.66401064742626,2,True
BTCUSDT,long,90310b43f28c5787e1fe606244a66d20d6d6db01459bf2f3fac17c64182d5623,BTCUSDT|long|high_volume,1674392760000,1674400920000,2023-01-22T13:06:00+00:00,2023-01-22T15:22:00+00:00,22953.300000000003,22773.4,0.044500000000000005,1021.4218500000003,204.28437000000005,5,22812.2,22812.2,9.633420520000067,2.0547386886886407,exchange_guard_proxy_touch,False,-8.005550000000065,1.6278705200000003,0.0,0.8171374800000002,-9.633420520000065,-94.31382851267635,2,True
ETHUSDT,long,eab8b2e5dd5718012376943f4524b5b8a390b53c8c61da33b5640457f5e818fa,ETHUSDT|long|high_volume,1674399360000,1674400980000,2023-01-22T14:56:00+00:00,2023-01-22T15:23:00+00:00,1645.52,1615.98,0.29,477.20079999999996,95.44015999999999,5,1618.74,1618.74,9.32326799999999,7.400036528567047,exchange_guard_proxy_touch,False,-8.566599999999989,0.7566679999999999,0.0,0.38176064,-9.323267999999988,-195.37410666536996,2,True
ETHUSDT,long,93819c7d3c34f6131ee7e3fff2c87a6633e40acab86df36e9f8a7257253c83d1,ETHUSDT|long|confirmed_volume,1674407460000,1674419820000,2023-01-22T17:11:00+00:00,2023-01-22T20:37:00+00:00,1646.63,1615.98,0.28,461.05640000000005,92.21128000000002,5,1618.74,1618.74,9.312824640000025,1.9896300410998216,exchange_guard_proxy_touch,False,-8.582000000000026,0.7308246400000001,0.0,0.3688451200000001,-9.312824640000025,-201.98883780812986,2,True
BTCUSDT,long,e962d2f6f09f45a3b1ebaed50d3cfe8d9ea77b6f2ba52f5dc08167c4b2294cdf,BTCUSDT|long|high_volume,1674456660000,1674458760000,2023-01-23T06:51:00+00:00,2023-01-23T07:26:00+00:00,22822.800000000003,22607.0,0.037000000000000005,844.4436000000002,168.88872000000003,5,22645.5,22645.5,9.329322080000109,2.115657503348062,exchange_guard_proxy_touch,False,-7.984600000000109,1.3447220800000004,0.0,0.6755548800000003,-9.329322080000109,-110.47892458418902,2,True
ETHUSDT,long,71e434b0c7a78cbe40283c8224ba1df486ed7d589d67d9205ab49f8f24b23942,ETHUSDT|long|high_volume,1674457560000,1674458760000,2023-01-23T07:06:00+00:00,2023-01-23T07:26:00+00:00,1640.58,1625.3400000000001,0.52,853.1016,170.62032,5,1628.11,1628.11,9.283422719999887,2.1008064414726686,exchange_guard_proxy_touch,False,-7.924799999999887,1.3586227200000003,0.0,0.6824812800000001,-9.283422719999887,-108.81966133928113,2,True
ETHUSDT,long,6d2a0201125f94b4d195c900654fa11f507f20e4db83c4cad6656c3066570d90,ETHUSDT|long|high_volume,1674462060000,1674479520000,2023-01-23T08:21:00+00:00,2023-01-23T13:12:00+00:00,1641.78,1625.3400000000001,0.48,788.0544,157.61088,5,1628.11,1628.11,9.145774079999917,2.0742200887937448,exchange_guard_proxy_touch,False,-7.891199999999917,1.25457408,0.0,0.63044352,-9.145774079999917,-116.05511091619965,2,True
BTCUSDT,long,ceeb18e26880daa2c971fbe1fc9199ff235c28ab5bdc064f5ae35ef3e74f267b,BTCUSDT|long|high_volume,1674466260000,1674485940000,2023-01-23T09:31:00+00:00,2023-01-23T14:59:00+00:00,22814.7,22607.0,0.0373,850.9883100000001,170.197662,5,22645.5,22645.5,9.102593528000027,2.145132806720283,exchange_guard_proxy_touch,False,-7.7472100000000275,1.355383528,0.0,0.680790648,-9.102593528000028,-106.96496557044395,2,True
ETHUSDT,long,2b138dee2cb3002b7680dca22580b719fee2894c1cc639a2435ec60a48c14854,ETHUSDT|long|high_volume,1674525360000,1674567720000,2023-01-24T01:56:00+00:00,2023-01-24T13:42:00+00:00,1639.54,1610.66,0.25,409.885,81.977,5,1609.61,1613.41,8.81678199999996,4.505816366192789,exchange_guard_proxy_touch,False,-7.21999999999997,0.65004,-0.081817,0.32790800000000003,-7.95185699999997,-194.00214694365422,2,True
BTCUSDT,long,d05bf07097c1a9c25c2ee24ce48093c3f12c21afe7c5adad2826bbf03bf8c492,BTCUSDT|long|confirmed_volume,1674520560000,1674570660000,2023-01-24T00:36:00+00:00,2023-01-24T14:31:00+00:00,23017.300000000003,22721.2,0.0204,469.5529200000001,93.91058400000001,5,22652.9,22759.9,8.965907712000002,1.7677847981760222,exchange_guard_proxy_touch,False,-6.040440000000045,0.7464523200000001,-0.09405338400000002,0.37564233600000013,-6.8809457040000455,-146.54249629626506,2,True
ETHUSDT,long,937f37af1d91638c698ed059310fc4cfbd4d86df1849193e80d4a545e1544916,ETHUSDT|long|high_volume,1674651960000,1674658740000,2023-01-25T13:06:00+00:00,2023-01-25T14:59:00+00:00,1566.96,1534.23,0.25,391.74,78.348,5,1536.85,1536.85,8.802738000000005,4.512266946974689,exchange_guard_proxy_touch,False,-8.182500000000005,0.6202380000000001,0.0,0.313392,-8.802738000000005,-224.70868433144446,2,True
ETHUSDT,long,a8a9843c79ec6a6fcf7a9022725fdbfcae324084727b375d3e9892076fe46ba7,ETHUSDT|long|high_volume,1674735960000,1674748500000,2023-01-26T12:26:00+00:00,2023-01-26T15:55:00+00:00,1611.54,1588.53,0.32,515.6928,103.13856000000001,5,1589.56,1591.24,8.719587839999944,2.4322649701755488,exchange_guard_proxy_touch,False,-7.363199999999997,0.8192179199999999,0.0,0.41255423999999996,-8.182417919999997,-158.66845377713236,2,True
BTCUSDT,long,7175c0736951046a544b22cc83afb09597d9bc618a6b534fd622e1166297593d,BTCUSDT|long|high_volume,1674757860000,1674778800000,2023-01-26T18:31:00+00:00,2023-01-27T00:20:00+00:00,23109.5,22915.800000000003,0.0262,605.4689000000001,121.09378000000001,5,22855.9,22954.9,8.62611944,3.947375990199357,exchange_guard_proxy_touch,False,-5.074939999999924,0.9646902880000002,-0.12052995600000002,0.48437512000000005,-6.160160243999925,-101.74197624353495,2,True
ETHUSDT,long,df9c9b3d783265d7f48e2c328fcd7a0bfb80afba0d81a41bf2d40aca0a95455b,ETHUSDT|long|high_volume,1674757860000,1674778980000,2023-01-26T18:31:00+00:00,2023-01-27T00:23:00+00:00,1605.51,1590.72,0.44,706.4244,141.28488,5,1591.24,1593.43,8.595502080000008,4.747554696349755,exchange_guard_proxy_touch,False,-6.507599999999984,1.12507296,-0.14086072000000002,0.56513952,-7.773533679999984,-110.0405603203964,2,True
ETHUSDT,long,d7d2246b67954743830696a61f788bf12b96b9e6637e8b7ef73f706ef03343aa,ETHUSDT|long|high_volume,1674842160000,1674890400000,2023-01-27T17:56:00+00:00,2023-01-28T07:20:00+00:00,1609.95,1588.96,0.14,225.39300000000003,45.07860000000001,5,1555.29,1591.67,8.377610079999993,8.55409179900164,exchange_guard_proxy_touch,False,-2.9386000000000014,0.35827792,-0.04471824,0.1803144,-3.3415961600000013,-148.25643032392313,2,True
BTCUSDT,long,dce55fe1dc7f39357c136321aa27cde2d2df2e9c06beaece0824f794e16a1045,BTCUSDT|long|high_volume,1674832560000,1674897420000,2023-01-27T15:16:00+00:00,2023-01-28T09:17:00+00:00,23144.300000000003,22900.9,0.026600000000000002,615.6383800000001,123.12767600000002,5,22900.0,22939.9,8.514772784000078,2.163672727249122,exchange_guard_proxy_touch,False,-6.4744400000000395,0.9798418560000003,-0.36697998400000004,0.4925107040000001,-7.82126184000004,-127.0431164476789,2,True
ETHUSDT,long,ba951f8e668d80ad1b9ee92fb96ad1f077ced4fb4b106ef2d0cae9cd25a4a54c,ETHUSDT|long|high_volume,1674987060000,1675060680000,2023-01-29T10:11:00+00:00,2023-01-30T06:38:00+00:00,1610.6000000000001,1629.38,0.3,483.18,96.636,5,1587.8700000000001,1632.16,8.395984800000019,7.363863485702559,exchange_guard_proxy_touch,False,5.6339999999999915,0.7775952000000002,-0.1953978,0.386544,4.661006999999991,96.46523034893809,2,True
BTCUSDT,long,182e76558c4708014bce007abd90f9477c7b0e76d3638eb8f7134cb85f113d4c,BTCUSDT|long|high_volume,1674950460000,1675067160000,2023-01-29T00:01:00+00:00,2023-01-30T08:26:00+00:00,23060.5,23527.800000000003,0.041800000000000004,963.9289000000001,192.78578000000002,5,22935.0,23567.9,8.41288536,3.456692395234151,exchange_guard_proxy_touch,False,19.533140000000124,1.5579127520000005,-0.7867704680000001,0.7711431200000001,17.188456780000124,178.31664534593912,2,True
ETHUSDT,long,dbd01bfcf91ffa6c00baa0aec313466864bafdfa0d9ac0520cf770a844e3d7b3,ETHUSDT|long|confirmed_volume,1675168260000,1675199820000,2023-01-31T12:31:00+00:00,2023-01-31T21:17:00+00:00,1577.23,1562.42,0.4,630.892,126.17840000000001,5,1561.03,1565.09,8.54739199999996,1.5611434952066827,exchange_guard_proxy_touch,False,-5.923999999999978,1.0046880000000002,-0.1270792,0.5047136,-7.055767199999978,-111.83795641726282,2,True
ETHUSDT,long,ba13dc4e4706016d7234ddb8abcd9df1a30a6affa3070c4006282c0540ec90fc,ETHUSDT|long|high_volume,1675205760000,1675232340000,2023-01-31T22:56:00+00:00,2023-02-01T06:19:00+00:00,1595.27,1575.42,0.24,382.8648,76.57296,5,1565.09,1578.11,8.490276479999979,5.821877102608349,exchange_guard_proxy_touch,False,-4.763999999999978,0.6087724800000001,-0.07608096,0.30629184,-5.4488534399999775,-142.31795244692063,2,True
BTCUSDT,long,2b0ecd6d53081c88ce3675ae2d56a8014aa0a7a3aafc889ab1690766d955fae2,BTCUSDT|long|confirmed_volume,1675169760000,1675234860000,2023-01-31T12:56:00+00:00,2023-02-01T07:01:00+00:00,22946.5,22988.7,0.030100000000000002,690.68965,138.13793,5,22735.4,23027.9,8.61806825599998,1.7814741796022726,exchange_guard_proxy_touch,False,1.2702200000000219,1.106119616,-0.27832567,0.5525517200000001,-0.11422528599997811,-1.6537859804324286,2,True
BTCUSDT,long,6fdcde83854433f81546f70816147b1db1d5eb01e2318eeb66f20b1b69afb2aa,BTCUSDT|long|high_volume,1675347660000,1675349820000,2023-02-02T14:21:00+00:00,2023-02-02T14:57:00+00:00,23943.600000000002,23619.600000000002,0.0235,562.6746,112.53492000000001,5,23659.9,23659.9,8.508188160000001,3.6869511646256687,exchange_guard_proxy_touch,False,-7.614,0.8941881600000001,0.0,0.45013968000000004,-8.50818816,-151.2097428958051,2,True
ETHUSDT,long,3f7a4c307679a53f7f1de1ed9ecfb5fd35c1a95798d2cd2cbb8a9aed6f8b2d93,ETHUSDT|long|high_volume,1675332060000,1675349820000,2023-02-02T10:01:00+00:00,2023-02-02T14:57:00+00:00,1677.28,1657.76,0.38,637.3664,127.47328,5,1660.59,1660.59,8.431452159999994,3.3592604108160895,exchange_guard_proxy_touch,False,-7.417599999999993,1.0138521600000001,0.0,0.5098931200000001,-8.431452159999994,-132.28579605074873,2,True
ETHUSDT,long,a836b5548174e25b0dd0e9a38e1db64e686450616cd41ee16d7b7299df3f90d5,ETHUSDT|long|high_volume,1675421160000,1675431060000,2023-02-03T10:46:00+00:00,2023-02-03T13:31:00+00:00,1646.65,1628.21,0.39,642.1935000000001,128.4387,5,1630.99,1630.99,8.213356320000022,2.667813677031414,exchange_guard_proxy_touch,False,-7.1916000000000215,1.0217563200000002,0.0,0.5137548000000001,-8.213356320000022,-127.89535116752226,2,True
BTCUSDT,long,80c1a7e97028cac58f049954c4dba3f24f5b14e0df4080ed81363e8ce6ecff76,BTCUSDT|long|confirmed_volume,1675505460000,1675553880000,2023-02-04T10:11:00+00:00,2023-02-04T23:38:00+00:00,23389.800000000003,23315.100000000002,0.038,888.8124000000001,177.76248000000004,5,23249.9,23354.9,8.23764304,1.9752339734519069,exchange_guard_proxy_touch,False,-2.8386000000000275,1.4198289600000003,-0.17799276,0.7110499200000001,-4.436421720000029,-49.91403945309525,2,True
ETHUSDT,long,63596855024b51cb0abfd0481a00302b6841e9ec826c39f4be487424a50f56b6,ETHUSDT|long|high_volume,1675494660000,1675553880000,2023-02-04T07:11:00+00:00,2023-02-04T23:38:00+00:00,1658.41,1669.17,0.59,978.4619,195.69238,5,1649.99,1672.02,8.18593848000001,2.3056269006420878,exchange_guard_proxy_touch,False,6.3483999999999945,1.57061776,-0.3939666,0.78276952,4.383815639999995,44.803130709534976,2,True
ETHUSDT,long,8636e3400f2f15772639d8b983f323c8d6fa5ba939475577658db4bbd41b4b9a,ETHUSDT|long|high_volume,1675577160000,1675601400000,2023-02-05T06:06:00+00:00,2023-02-05T12:50:00+00:00,1671.42,1653.8600000000001,0.4,668.5680000000001,133.7136,5,1656.68,1656.68,8.088089599999979,2.331012258124071,exchange_guard_proxy_touch,False,-7.023999999999979,1.0640896000000002,-0.1334432,0.5348544000000001,-8.221532799999979,-122.97227507149577,2,True
ETHUSDT,long,23875b83419bfac5c139fbf51bd6453de23ce57e6d12821ff7f3f1add5d5729e,ETHUSDT|long|high_volume,1675698960000,1675724880000,2023-02-06T15:56:00+00:00,2023-02-06T23:08:00+00:00,1636.97,1619.52,0.4,654.788,130.9576,5,1622.28,1622.28,8.022076800000018,2.453172557510956,exchange_guard_proxy_touch,False,-6.980000000000018,1.0420768,-0.1318872,0.5238304,-8.153964000000018,-124.5283053446309,2,True
BTCUSDT,long,35c5cccf04202eaa5f64281f611832a8d83b61902faae3a8243c382b82cd7a33,BTCUSDT|long|high_volume,1675698960000,1675725060000,2023-02-06T15:56:00+00:00,2023-02-06T23:11:00+00:00,22941.7,22702.2,0.029500000000000002,676.78015,135.35603,5,22740.9,22740.9,8.142446040000001,2.362654582636285,exchange_guard_proxy_touch,False,-7.065250000000001,1.0771960400000002,-0.13593895,0.5414241200000001,-8.278384990000001,-122.32015064271611,2,True
BTCUSDT,long,68da81c98bb5c56f16a8d9da33fec929ad4467a1066bd5250dc907d8af922d00,BTCUSDT|long|high_volume,1675792260000,1675794420000,2023-02-07T17:51:00+00:00,2023-02-07T18:27:00+00:00,23210.9,22815.800000000003,0.018500000000000003,429.4016500000001,85.88033000000001,5,22854.7,22854.7,7.990545159999975,15.898857684441563,exchange_guard_proxy_touch,False,-7.3093499999999745,0.6811951600000002,0.0,0.3435213200000001,-7.990545159999975,-186.08557186494212,2,True
ETHUSDT,long,cc4256b447d6f13029f5239f316af4511499f507ddf48c94e11282a093db68d6,ETHUSDT|long|high_volume,1675792260000,1675794600000,2023-02-07T17:51:00+00:00,2023-02-07T18:30:00+00:00,1660.1000000000001,1625.22,0.21,348.62100000000004,69.72420000000001,5,1627.99,1627.99,7.876733760000023,15.026715903437703,exchange_guard_proxy_touch,False,-7.324800000000023,0.55193376,0.0,0.2788968,-7.876733760000023,-225.9397385699663,2,True
ETHUSDT,long,ddb8a01059c05ed5e6569185b8a6e9c6655bdf3f6733eb330c5a728c16cf717f,ETHUSDT|long|high_volume,1675867560000,1675867980000,2023-02-08T14:46:00+00:00,2023-02-08T14:53:00+00:00,1682.1200000000001,1664.82,0.39,656.0268000000001,131.20536,5,1667.66,1667.66,7.79124528000007,6.335383380297092,exchange_guard_proxy_touch,False,-6.747000000000071,1.0442452800000002,0.0,0.5248214400000001,-7.791245280000071,-118.76413097757698,2,True
BTCUSDT,long,a899bedf1202c3a1e225527fec8cfda6a3a1cf815a340a3075e04a606c6943f1,BTCUSDT|long|high_volume,1675801860000,1675871520000,2023-02-07T20:31:00+00:00,2023-02-08T15:52:00+00:00,23206.4,22815.800000000003,0.0183,424.67712000000006,84.93542400000001,5,22854.7,22854.7,7.821745007999974,2.255243517261677,exchange_guard_proxy_touch,False,-7.147979999999974,0.6737650080000002,-0.170047626,0.33974169600000004,-7.991792633999974,-188.18514720077155,2,True
ETHUSDT,long,88acfdaec2ea46613ab4adcb8fb925f34d196e02608288c6f86878f07fabfbb1,ETHUSDT|long|high_volume,1675904460000,1675911300000,2023-02-09T01:01:00+00:00,2023-02-09T02:55:00+00:00,1658.13,1633.42,0.28,464.2764000000001,92.85528000000002,5,1636.21,1636.21,7.656107200000011,2.0927546957275744,exchange_guard_proxy_touch,False,-6.918800000000011,0.7373072000000002,0.0,0.37142112000000005,-7.656107200000011,-164.9040786910558,2,True
BTCUSDT,long,bb8695f0b53c5ac5196db6a647fb38486ac23ef72acb3a35c021e54c592e78db,BTCUSDT|long|high_volume,1675901160000,1675911660000,2023-02-09T00:06:00+00:00,2023-02-09T03:01:00+00:00,23025.0,22727.5,0.023,529.575,105.915,5,22766.300000000003,22766.300000000003,7.684346,2.4656483505642988,exchange_guard_proxy_touch,False,-6.8425,0.8418460000000001,0.0,0.42366000000000004,-7.684346000000001,-145.10401737242128,2,True
ETHUSDT,long,edc86d474a87c41122b8467553fb719153258fe38c1bb21c27ed6827f4d31ec3,ETHUSDT|long|high_volume,1676039760000,1676043720000,2023-02-10T14:36:00+00:00,2023-02-10T15:42:00+00:00,1547.83,1528.38,0.3,464.34899999999993,92.86979999999998,5,1527.84,1530.99,7.514536799999974,3.068639070880564,exchange_guard_proxy_touch,False,-5.834999999999945,0.7382904,0.0,0.3714792,-6.573290399999945,-141.55926684454894,2,True
BTCUSDT,long,7b6925c7dc1c565ae8c08ccff71b332249dff1eb13cfcc07c86804db9322379f,BTCUSDT|long|high_volume,1676506560000,1676555340000,2023-02-16T00:16:00+00:00,2023-02-16T13:49:00+00:00,24689.100000000002,24385.300000000003,0.0027,66.66057,13.332114,5,22075.800000000003,24426.9,7.258360968000004,9.31862707741009,exchange_guard_proxy_touch,False,-0.8202599999999981,0.10600070400000003,-0.013300632,0.053328456,-0.9395613359999981,-140.94709001138125,2,True
BTCUSDT,long,0cb2e2e89ab95548c8aee533f2817495b8ca04abede80f2515ee8666541e207c,BTCUSDT|long|high_volume,1676562360000,1676583060000,2023-02-16T15:46:00+00:00,2023-02-16T21:31:00+00:00,24901.9,24385.300000000003,0.0134,333.68546000000003,66.737092,5,24426.9,24426.9,7.45079878399998,3.4952537181238283,exchange_guard_proxy_touch,False,-6.92243999999998,0.5283587840000001,-0.1558058264856,0.26694836800000005,-7.60660461048558,-227.95732875162074,2,True
BTCUSDT,long,d7cb7ae6fe97535fb4c2e2f673d02ea329a5803e22d4b768a5ebf7f8641202ef,BTCUSDT|long|high_volume,1676633460000,1676706840000,2023-02-17T11:31:00+00:00,2023-02-18T07:54:00+00:00,23847.7,24460.800000000003,0.0182,434.02814,86.805628,5,23519.9,24502.5,7.383049855999987,3.15763556127957,exchange_guard_proxy_touch,False,11.15842000000004,0.70337176,-0.17731386400000002,0.34722251200000004,10.27773437600004,236.7988024002324,2,True
BTCUSDT,long,83011cf9cb1286e4ded2ef9fe9d2faf49bfc035aa4878249af3296b687401aaf,BTCUSDT|long|high_volume,1676732160000,1676826420000,2023-02-18T14:56:00+00:00,2023-02-19T17:07:00+00:00,24717.2,24511.7,0.0207,511.64604,102.32920800000001,5,24436.300000000003,24553.5,7.489043064,3.4181898687082595,exchange_guard_proxy_touch,False,-4.25385,0.8152305840000001,-0.40908623400000005,0.4093168320000001,-5.478166818,-107.06946579709674,2,True
BTCUSDT,long,329b1bbaede9f7a3af3c8bab61e12b922dfd7819802d9064bf24558bac085633,BTCUSDT|long|high_volume,1676903160000,1676969220000,2023-02-20T14:26:00+00:00,2023-02-21T08:47:00+00:00,24972.2,24609.100000000002,0.010700000000000001,267.20254000000006,53.44050800000001,5,24361.100000000002,24651.100000000002,7.404757807999985,4.22587905939408,exchange_guard_proxy_touch,False,-3.885169999999985,0.4244159280000001,-0.160070288,0.21376203200000002,-4.469656215999985,-167.27596287071162,2,True
BTCUSDT,long,76c045c27776f9e8b9f4b222399bcb4b86018e09ab05ac05d440a3025669f13d,BTCUSDT|long|high_volume,1677196260000,1677226500000,2023-02-23T23:51:00+00:00,2023-02-24T08:15:00+00:00,23960.600000000002,23709.5,0.022500000000000003,539.1135000000002,107.82270000000003,5,23711.4,23749.9,7.3733688000000495,2.1917257959267786,exchange_guard_proxy_touch,False,-5.64975000000005,0.8580618000000002,-0.10665457515000001,0.4312908000000001,-6.614466375150051,-122.69153666435822,2,True
BTCUSDT,long,b4ecd7f4b22d50b217c6d71f4588b78f662826621802fee6465483e80604e91c,BTCUSDT|long|high_volume,1677227760000,1677245760000,2023-02-24T08:36:00+00:00,2023-02-24T13:36:00+00:00,23977.600000000002,23709.5,0.0239,573.06464,114.61292800000001,5,23749.9,23749.9,7.319367352000052,6.329684974082351,exchange_guard_proxy_touch,False,-6.407590000000052,0.9117773520000001,0.0,0.45845171200000007,-7.319367352000052,-127.72324169224699,2,True
BTCUSDT,long,22f964ffd6fc4b79515eab5ffd3559696cdb59f7039f932f6c27e76f45f3d93b,BTCUSDT|long|high_volume,1677312060000,1677318780000,2023-02-25T08:01:00+00:00,2023-02-25T09:53:00+00:00,23145.7,22970.800000000003,0.0342,791.58294,158.316588,5,23010.0,23010.0,7.243327439999926,2.4005642888033223,exchange_guard_proxy_touch,False,-5.9815799999999255,1.26174744,0.0,0.6332663520000001,-7.243327439999925,-91.50433989898676,2,True
BTCUSDT,long,ffd7ad027f51ff8cd9a61426bc81571cb3f1811a66e7e9bb75e91beb7d5e6c89,BTCUSDT|long|high_volume,1677403860000,1677476700000,2023-02-26T09:31:00+00:00,2023-02-27T05:45:00+00:00,23271.9,23384.4,0.0264,614.37816,122.875632,5,23077.100000000002,23424.300000000003,7.158300863999961,3.3445781516693738,exchange_guard_proxy_touch,False,2.97,0.985381056,-0.1819980268128,0.49150252800000005,1.8026209171872,29.34057612313563,2,True
BTCUSDT,long,34db206a22f99e94ace446ba7d3a761436d2ed0ce9ea29f63edac9ec0d4b2b0b,BTCUSDT|long|high_volume,1677682260000,1677682740000,2023-03-01T14:51:00+00:00,2023-03-01T14:59:00+00:00,23843.7,23629.9,0.0285,679.5454500000001,135.90909000000002,5,23670.2,23670.2,7.17569807999998,8.997038563781205,exchange_guard_proxy_touch,False,-6.09329999999998,1.0823980800000002,0.0,0.54363636,-7.17569807999998,-105.59555773642482,2,True
BTCUSDT,long,1fc38f8c43361f363d3c49085cfdba35310f6fc55092f3649969e310a195e38c,BTCUSDT|long|high_volume,1677789960000,1677806280000,2023-03-02T20:46:00+00:00,2023-03-03T01:18:00+00:00,23560.100000000002,23332.300000000003,0.02,471.20200000000006,94.24040000000001,5,23281.5,23372.100000000002,7.112832000000014,4.893994969303451,exchange_guard_proxy_touch,False,-4.555999999999986,0.7502784000000001,-0.0938284,0.37696160000000006,-5.400106799999985,-114.60279879966522,2,True
BTCUSDT,long,f81bb115d9071e73c6588c5153c5b7dcfb024f574a1e996953484afd745e3064,BTCUSDT|long|confirmed_volume,1677931860000,1677944520000,2023-03-04T12:11:00+00:00,2023-03-04T15:42:00+00:00,22389.7,22272.9,0.0351,785.87847,157.175694,5,22262.100000000002,22310.9,7.061808312,1.960553263742611,exchange_guard_proxy_touch,False,-4.0996799999999745,1.2541258080000002,0.0,0.628702776,-5.353805807999975,-68.12511110019307,2,True
BTCUSDT,long,d81ca642cfa7ba43134ef4e06f71103491d2e731cb4e5ca49a48df3c9c64be15,BTCUSDT|long|high_volume,1678011960000,1678067640000,2023-03-05T10:26:00+00:00,2023-03-06T01:54:00+00:00,22469.800000000003,22271.9,0.019,426.92620000000005,85.38524000000001,5,22174.800000000003,22309.9,6.999324880000014,3.231075281206343,exchange_guard_proxy_touch,False,-3.7601000000000275,0.6800738400000002,-0.066117354896,0.34154096,-4.506291194896027,-105.55199458117181,2,True
BTCUSDT,long,b0345351e02c8f6576496e29503ec60a6be970f7719e1090af5f4b66efdda019,BTCUSDT|long|high_volume,1678092060000,1678136220000,2023-03-06T08:41:00+00:00,2023-03-06T20:57:00+00:00,22464.0,22309.9,0.030000000000000002,673.9200000000001,134.78400000000002,5,22305.9,22347.9,6.956565599999958,6.475695731991862,exchange_guard_proxy_touch,False,-4.622999999999957,1.0745736000000004,-0.07323063024,0.5391360000000001,-5.770804230239958,-85.63040465099652,2,True
BTCUSDT,long,7e2132555fde4457a90ac0a5ddc210f6c8e05eeba19633211de4785c9d6fe117,BTCUSDT|long|high_volume,1678158360000,1678181160000,2023-03-07T03:06:00+00:00,2023-03-07T09:26:00+00:00,22557.300000000003,22326.0,0.0258,581.9783400000001,116.39566800000003,5,22364.100000000002,22364.100000000002,6.893931312000075,2.7011967858021317,exchange_guard_proxy_touch,False,-5.967540000000075,0.9263913120000001,-0.05058718875,0.46558267200000003,-6.944518500750075,-119.326064622097,2,True
BTCUSDT,long,4c7a688250a94f9e6f99c0f29e15e60fc1e39492a7b18ad4e802261a1aed9a01,BTCUSDT|long|confirmed_volume,1678185060000,1678186260000,2023-03-07T10:31:00+00:00,2023-03-07T10:51:00+00:00,22449.7,22326.0,0.0429,963.09213,192.618426,5,22364.100000000002,22364.100000000002,6.843432024000031,1.7292617553860958,exchange_guard_proxy_touch,False,-5.306730000000031,1.536702024,0.0,0.7704737040000001,-6.843432024000031,-71.05687826563415,2,True
BTCUSDT,long,81b9d4d82f41e8ef7b95cb1d505f5a9fed7c11e735df81ec68156485b8e052f4,BTCUSDT|long|high_volume,1678233960000,1678254000000,2023-03-08T00:06:00+00:00,2023-03-08T05:40:00+00:00,22272.800000000003,21891.600000000002,0.0162,360.81936,72.163872,5,21928.9,21928.9,6.747810624000012,4.998362331267201,exchange_guard_proxy_touch,False,-6.175440000000012,0.5723706240000002,0.0,0.288655488,-6.747810624000012,-187.013541180274,2,True
BTCUSDT,long,3cf2194eed3dfb1761f990c2b6b5d6201f5989b241f1ef7190ed0501da8dd4f6,BTCUSDT|long|high_volume,1678307760000,1678312140000,2023-03-08T20:36:00+00:00,2023-03-08T21:49:00+00:00,22149.600000000002,21898.600000000002,0.0196,434.13216000000006,86.82643200000001,5,21879.9,21935.9,6.705039264000029,7.896270948914969,exchange_guard_proxy_touch,False,-4.9196,0.6906757760000001,0.0,0.3473057280000001,-5.610275776,-129.22967457651603,2,True
BTCUSDT,long,d31ebebe63d0f59a5415deea88c4995f994849df52d23ab1e3092a072618ddb9,BTCUSDT|long|high_volume,1678856760000,1678860420000,2023-03-15T05:06:00+00:00,2023-03-15T06:07:00+00:00,24919.2,24625.4,0.0097,241.71624000000003,48.343248,5,24317.9,24667.4,6.6159486320000065,2.4157361500323344,exchange_guard_proxy_touch,False,-2.849859999999993,0.3844660960000001,0.0,0.19337299200000002,-3.234326095999993,-133.80673536871137,2,True
BTCUSDT,long,75bdfa68c669a5133bff602d5bbe56f4177a6cf7b4c1007cc0241771ceb1caea,BTCUSDT|long|high_volume,1678867260000,1678872600000,2023-03-15T08:01:00+00:00,2023-03-15T09:30:00+00:00,24916.100000000002,24625.4,0.02,498.32200000000006,99.66440000000001,5,24667.4,24667.4,6.6066640000000145,3.933707110273252,exchange_guard_proxy_touch,False,-5.814000000000014,0.792664,0.0,0.3986576000000001,-6.6066640000000145,-132.5782124810868,2,True
BTCUSDT,long,43216923bdc9a22fbbaeb435564881a757a8dc1d17dcc3dcb64490120a0574f9,BTCUSDT|long|high_volume,1678944360000,1679127180000,2023-03-16T05:26:00+00:00,2023-03-18T08:13:00+00:00,24409.300000000003,27103.7,0.0177,432.04461000000003,86.408922,5,24120.4,27149.9,6.527598576000001,4.181546233755037,exchange_guard_proxy_touch,False,47.690879999999964,0.72942408,-0.5839759391070001,0.34563568800000005,46.377479980892964,1073.4419295473438,2,True
ETHUSDT,long,5fca97f7c61a40d244ce7d17605c2e480679ecdf292d370449298e8312b201fa,ETHUSDT|long|high_volume,1679101260000,1679127180000,2023-03-18T01:01:00+00:00,2023-03-18T08:13:00+00:00,1820.81,1797.92,0.05,91.04050000000001,18.2081,5,1702.46,1800.99,6.2033148,7.911962106830924,exchange_guard_proxy_touch,False,-1.1444999999999936,0.1447492,-0.0181429,0.0728324,-1.3073920999999935,-143.60554917866153,2,True
ETHUSDT,long,8ff1d65b9efec80b7da9fb040a985878b7c08eb7e59570bda9b804c8e1d5850e,ETHUSDT|long|confirmed_volume,1679134860000,1679152080000,2023-03-18T10:21:00+00:00,2023-03-18T15:08:00+00:00,1816.5,1799.99,0.32,581.28,116.256,5,1800.99,1803.06,6.870891519999978,1.8013741110244441,exchange_guard_proxy_touch,False,-5.283199999999997,0.92582144,0.0,0.46502400000000005,-6.209021439999997,-106.81636113404895,2,True
BTCUSDT,long,68f7d77afa7fbbd0736f65ec12c6ccbefc1dabbcd9f8b28f346eb97f788ea317,BTCUSDT|long|high_volume,1679132760000,1679153280000,2023-03-18T09:46:00+00:00,2023-03-18T15:28:00+00:00,27414.100000000002,27223.5,0.019700000000000002,540.0577700000001,108.01155400000002,5,27149.9,27269.9,6.974080528000029,2.038010995370518,exchange_guard_proxy_touch,False,-3.7548200000000436,0.8610885760000002,0.0,0.43204621600000015,-4.615908576000043,-85.47064466825543,2,True
ETHUSDT,long,0ea267479d2c5fad09280dfda4cf5ea402922cb508bc43cd6be8bb0ac62be817,ETHUSDT|long|high_volume,1679214360000,1679270700000,2023-03-19T08:26:00+00:00,2023-03-20T00:05:00+00:00,1779.3,1762.16,0.19,338.067,67.6134,5,1750.22,1765.17,6.62743407999999,2.850238597638887,exchange_guard_proxy_touch,False,-3.2565999999999757,0.53830192,-0.13576488,0.2704536,-3.9306667999999756,-116.26886978024994,2,True
BTCUSDT,long,6f7514b947cc9d06c3b1e34ea2c89d83dc2afbb927450db2a8a4dec871fedd70,BTCUSDT|long|high_volume,1679198460000,1679274120000,2023-03-19T04:01:00+00:00,2023-03-20T01:02:00+00:00,27275.2,27675.100000000002,0.012,327.30240000000003,65.46048,5,26789.9,27722.300000000003,6.889387199999974,3.3970898771598805,exchange_guard_proxy_touch,False,4.798800000000018,0.52752288,-0.19788696000000003,0.26184192,4.0733901600000175,124.45341555699002,2,True
BTCUSDT,long,e234537008240b98b9c10323350c881eb04a9e2c3b12c2f79faa81a6074e6767,BTCUSDT|long|confirmed_volume,1679372460000,1679382420000,2023-03-21T04:21:00+00:00,2023-03-21T07:07:00+00:00,27926.100000000002,27519.800000000003,0.015300000000000001,427.2693300000001,85.45386600000002,5,27566.7,27566.7,6.895047815999989,1.5802086720940047,exchange_guard_proxy_touch,False,-6.216389999999989,0.6786578160000002,0.0,0.34181546400000007,-6.895047815999989,-161.3747426242831,2,True
BTCUSDT,long,c0f40c1e831d3eab4883c5617ffe6858a529bd4d6ba3deee7be9a6d366f243ec,BTCUSDT|long|confirmed_volume,1679389860000,1679434620000,2023-03-21T09:11:00+00:00,2023-03-21T21:37:00+00:00,27722.4,27873.9,0.027600000000000003,765.1382400000001,153.02764800000003,5,27566.7,27921.4,6.811507775999961,1.6155961668989587,exchange_guard_proxy_touch,False,4.181400000000001,1.2275663040000002,-0.004517777980800001,0.6121105920000002,2.9493159180192006,38.54618373301013,2,True
ETHUSDT,long,a7c3a70764a095f19c104f1c896d0bb5522ded737b97d3e70cae5a5c1d652142,ETHUSDT|long|confirmed_volume,1679440860000,1679445480000,2023-03-21T23:21:00+00:00,2023-03-22T00:38:00+00:00,1799.42,1777.81,0.2,359.884,71.9768,5,1772.3,1780.84,6.59899200000002,1.8037772751898271,exchange_guard_proxy_touch,False,-4.322000000000026,0.5723568,-0.03705387592000001,0.28790720000000003,-4.931410675920025,-137.02778328350317,2,True
ETHUSDT,long,0019eb8cd4d99fc1b2ef835351b3b669cc250a9e4c42531c2fd077bb79cf5bc1,ETHUSDT|long|high_volume,1679487660000,1679505540000,2023-03-22T12:21:00+00:00,2023-03-22T17:19:00+00:00,1802.79,1776.98,0.23,414.6417,82.92834,5,1780.01,1780.01,6.594977679999988,4.549350807848571,exchange_guard_proxy_touch,False,-5.936299999999988,0.65867768,-0.04600524584,0.33171336,-6.640982925839988,-160.16196455493954,2,True
BTCUSDT,long,2baf85416d774666956923007dc4aed292d5e30f8dc9747825b6fcfe91f4f22c,BTCUSDT|long|high_volume,1679441460000,1679510100000,2023-03-21T23:31:00+00:00,2023-03-22T18:35:00+00:00,28129.2,27914.4,0.0228,641.34576,128.26915200000002,5,27921.4,27962.0,6.842336543999984,2.2536476560081518,exchange_guard_proxy_touch,False,-4.897439999999984,1.022235264,-0.0730398918384,0.513076608,-5.9927151558383835,-93.43969399343005,2,True
BTCUSDT,long,bfabfbc671480540d2b7c77a8c882fc3b02e13301997bfd50c437fe42c37bcc3,BTCUSDT|long|high_volume,1679549760000,1679577480000,2023-03-23T05:36:00+00:00,2023-03-23T13:18:00+00:00,27540.7,27241.5,0.0194,534.28958,106.857916,5,27287.9,27287.9,6.654699744000014,8.745409942564418,exchange_guard_proxy_touch,False,-5.804480000000014,0.8502197440000001,0.0058397427980000005,0.427431664,-6.6488600012020145,-124.44300338408274,2,True
ETHUSDT,long,dbd4c029d3e1d1b0ab68a223e03a06a16fe1a3a5bac92be599edb152e7337b80,ETHUSDT|long|high_volume,1679613660000,1679632980000,2023-03-23T23:21:00+00:00,2023-03-24T04:43:00+00:00,1817.65,1802.49,0.2,363.53000000000003,72.706,5,1791.64,1805.56,6.3889983999999895,3.559031574320678,exchange_guard_proxy_touch,False,-3.0320000000000165,0.5792224000000001,-0.07253040000000001,0.290824,-3.683752800000017,-101.33284185624342,2,True
BTCUSDT,long,d5a252ec47bcd888720a3109a140e8c36d767f55d491e1b53b8965ad3d51859b,BTCUSDT|long|high_volume,1679583060000,1679633760000,2023-03-23T14:51:00+00:00,2023-03-24T04:56:00+00:00,27598.9,28072.0,0.0112,309.10768,61.821536,5,27100.9,28119.9,6.583617151999984,4.139980950635045,exchange_guard_proxy_touch,False,5.298719999999983,0.49881126400000003,-0.127363264,0.24728614400000004,4.672545471999983,151.16238690672395,2,True
BTCUSDT,long,f0a61749cc369a00ff2732dbebb099cf39a0c25c036a200370c85e39dad80f61,BTCUSDT|long|high_volume,1679639460000,1679645340000,2023-03-24T06:31:00+00:00,2023-03-24T08:09:00+00:00,28357.2,28072.0,0.02,567.144,113.4288,5,28119.9,28119.9,6.606867200000015,2.5806741227170127,exchange_guard_proxy_touch,False,-5.704000000000015,0.9028672000000001,-0.11308000000000001,0.45371520000000004,-6.719947200000015,-118.48749523930456,2,True
ETHUSDT,long,97ec9f949b44bb4e8b7184edd7b1d4ba5edcac3a6dd8e3d78f9e2d273c04d8c1,ETHUSDT|long|high_volume,1679700360000,1679769180000,2023-03-24T23:26:00+00:00,2023-03-25T18:33:00+00:00,1754.23,1734.19,0.18,315.7614,63.15228,5,1724.99,1737.15,6.292984320000012,3.421477005443997,exchange_guard_proxy_touch,False,-3.6071999999999935,0.5023324800000001,-0.019210102883999994,0.25260912,-4.128742582883993,-130.7551392565397,2,True
ETHUSDT,long,4e9717b2eaca7831ccc3fbb0016564deac1f1fe3e405aaf615566a2f698018d5,ETHUSDT|long|high_volume,1679820060000,1679894220000,2023-03-26T08:41:00+00:00,2023-03-27T05:17:00+00:00,1784.46,1754.29,0.14,249.82440000000003,49.96488000000001,5,1745.09,1757.28,6.3225769599999895,35.56276713655327,exchange_guard_proxy_touch,False,-4.22380000000001,0.39634,-0.029738823492000004,0.19985952000000004,-4.649878823492011,-186.12588776324532,2,True
BTCUSDT,long,83ce16dbf03fdea492a004df04c0cc4c4c67005af7481a7c24da40ad22603904,BTCUSDT|long|high_volume,1679820060000,1679896320000,2023-03-26T08:41:00+00:00,2023-03-27T05:52:00+00:00,27764.2,27710.100000000002,0.0158,438.67436000000004,87.73487200000001,5,27444.600000000002,27757.300000000003,6.484788943999989,21.67367428141115,exchange_guard_proxy_touch,False,-0.8547799999999771,0.7011951520000002,-0.05757408290840001,0.3509394880000001,-1.613549234908377,-36.78239218057734,2,True
BTCUSDT,long,d69521bb92a5a82a1e6b3e76262481717c55b6fe9e66d10fb3a7c210c4b647ce,BTCUSDT|long|high_volume,1680052860000,1680108420000,2023-03-29T01:21:00+00:00,2023-03-29T16:47:00+00:00,27483.7,28163.4,0.013300000000000001,365.53321000000005,73.10664200000001,5,27079.9,28211.4,6.563736199999972,7.456757325171077,exchange_guard_proxy_touch,False,9.040010000000011,0.5920851440000001,-0.12862701969040002,0.29242656800000005,8.31929783630961,227.59348832653563,2,True
ETHUSDT,long,c8bf1b1f73bb3cf0021b4950bc07e4e3f1c8c80b909180fda8ff1a7527f44dfb,ETHUSDT|long|high_volume,1679967660000,1680127260000,2023-03-28T01:41:00+00:00,2023-03-29T22:01:00+00:00,1724.06,1787.53,0.18,310.33079999999995,62.06615999999999,5,1694.99,1790.58,6.244727039999965,5.981955888218989,exchange_guard_proxy_touch,False,11.424600000000005,0.5056689600000001,-0.24093506653199998,0.24826464,10.677995973468006,344.08431175597156,2,True
ETHUSDT,long,c2acaf9f8dc89610711ddf167bf4a070cac5ad08c82e088600723ab1e6b89f32,ETHUSDT|long|confirmed_volume,1680135660000,1680137160000,2023-03-30T00:21:00+00:00,2023-03-30T00:46:00+00:00,1800.39,1787.53,0.42,756.1638,151.23276,5,1790.58,1790.58,6.606741120000053,1.7016869863159885,exchange_guard_proxy_touch,False,-5.4012000000000535,1.20554112,0.0,0.6049310400000001,-6.606741120000054,-87.37182499347435,2,True
BTCUSDT,long,e3aae4d16bcbf69ee616460a697b12f92e6f5c8bcd48fc0fd7b81bb5032b0152,BTCUSDT|long|high_volume,1680142860000,1680145860000,2023-03-30T02:21:00+00:00,2023-03-30T03:11:00+00:00,28798.9,28151.9,0.0095,273.58955000000003,54.71791,5,28199.9,28199.9,6.57932608,7.727914308232429,exchange_guard_proxy_touch,False,-6.1465,0.43282608000000006,0.0,0.21887164000000003,-6.5793260799999995,-240.4816295066825,2,True
ETHUSDT,long,04151591cf46bcdb9f0972c9ee6f1e5fa67041e981b2d28d9d40bb8ad99168db,ETHUSDT|long|confirmed_volume,1680233760000,1680247320000,2023-03-31T03:36:00+00:00,2023-03-31T07:22:00+00:00,1809.73,1778.07,0.18,325.7514,65.15028,5,1781.1,1781.1,6.215443200000015,1.8598905383901176,exchange_guard_proxy_touch,False,-5.6988000000000145,0.5166432000000001,0.0,0.26060112,-6.215443200000014,-190.80326899592802,2,True
ETHUSDT,long,50cf156c23ed3c12f1e73893058689f6cf1f5f6e716f9813c5f97c812d4bfb30,ETHUSDT|long|high_volume,1680291660000,1680296220000,2023-03-31T19:41:00+00:00,2023-03-31T20:57:00+00:00,1830.3400000000001,1814.58,0.34,622.3156000000001,124.46312000000003,5,1817.68,1817.68,6.349818240000076,4.07469887146659,exchange_guard_proxy_touch,False,-5.358400000000074,0.9914182400000002,0.0,0.4978524800000001,-6.349818240000074,-102.03533769682252,2,True
ETHUSDT,long,b58d0563bdb106591745b6df0f2507da5ea8c98c32e1c6dedb83579202586d36,ETHUSDT|long|confirmed_volume,1680302460000,1680326880000,2023-03-31T22:41:00+00:00,2023-04-01T05:28:00+00:00,1830.16,1815.89,0.34,622.2544,124.45088000000001,5,1817.68,1818.99,6.288569280000053,1.6369396353696695,exchange_guard_proxy_touch,False,-4.851799999999995,0.9917256000000001,-0.12381508000000002,0.49780352000000005,-5.967340679999994,-95.89873016566847,2,True
BTCUSDT,long,f5f4d19cd8ca965a0b4ff4f795eae20432fb792e933a7836c260d9341af2f4b5,BTCUSDT|long|high_volume,1680299760000,1680330600000,2023-03-31T21:56:00+00:00,2023-04-01T06:30:00+00:00,28546.800000000003,28351.600000000002,0.016300000000000002,465.3128400000001,93.06256800000003,5,28250.0,28399.9,6.3618730480000245,4.331880577409084,exchange_guard_proxy_touch,False,-3.181760000000012,0.7419551360000002,-0.09276264800000002,0.3722502720000001,-4.0164777840000125,-86.31779393837512,2,True
ETHUSDT,long,2c63e1f809a61c87f5454f11db5d356034e9db542e85ea22c9ae2b329ed326be,ETHUSDT|long|high_volume,1680337860000,1680358740000,2023-04-01T08:31:00+00:00,2023-04-01T14:19:00+00:00,1829.41,1815.89,0.38,695.1758000000001,139.03516000000002,5,1818.99,1818.99,6.245771199999994,3.7987937225713373,exchange_guard_proxy_touch,False,-5.137599999999993,1.1081712000000001,0.0,0.5561406400000001,-6.245771199999993,-89.84448538053242,2,True
ETHUSDT,long,605250f2655e53d45b55b9c742a27f08abc9e171bd5e5b5eea725f68b971e9bd,ETHUSDT|long|high_volume,1680387960000,1680396600000,2023-04-01T22:26:00+00:00,2023-04-02T00:50:00+00:00,1824.38,1808.1100000000001,0.32,583.8016,116.76032000000001,5,1811.19,1811.19,6.136317439999995,2.1989127766571657,exchange_guard_proxy_touch,False,-5.206399999999994,0.9299174400000001,-0.046436238144000004,0.46704128000000006,-6.182753678143994,-105.90504853265209,2,True
BTCUSDT,long,28a8ecb6a05f31bde0b02a4566276fe0772ef88d3be915a9c4f917f0586cf0c4,BTCUSDT|long|confirmed_volume,1680418260000,1680423300000,2023-04-02T06:51:00+00:00,2023-04-02T08:15:00+00:00,28528.4,28317.600000000002,0.0218,621.91912,124.383824,5,28339.9,28365.9,6.151002544000016,1.6970684788715233,exchange_guard_proxy_touch,False,-4.595439999999984,0.9913942400000001,-0.08535579015240001,0.49753529600000007,-5.672190030152384,-91.20462529198947,2,True
BTCUSDT,long,d933712108a5f70e77d8b69155d7a8fed6533a0f1b4049de660f85240e4c8cdf,BTCUSDT|long|high_volume,1680529860000,1680552660000,2023-04-03T13:51:00+00:00,2023-04-03T20:11:00+00:00,28360.4,27815.5,0.0068000000000000005,192.85072000000002,38.570144000000006,5,27559.100000000002,27862.9,6.071706944000005,4.046073997607861,exchange_guard_proxy_touch,False,-3.70532000000001,0.30559689600000006,-0.0216862826688,0.15428057600000003,-4.03260317866881,-209.10490656549325,2,True
ETHUSDT,long,014024f39e00e4046c3e4217cbf7f1d0518f29370926c3c6b10e1754b40e77ae,ETHUSDT|long|high_volume,1680546660000,1680552720000,2023-04-03T18:31:00+00:00,2023-04-03T20:12:00+00:00,1815.42,1783.97,0.17,308.62140000000005,61.72428000000001,5,1787.01,1787.01,5.836017040000008,5.423899043089774,exchange_guard_proxy_touch,False,-5.346500000000008,0.4895170400000001,0.0,0.24689712000000003,-5.836017040000008,-189.09955822894997,2,True
ETHUSDT,long,bec66ea82ed24d40ffd2db26c88d58f010e65a048ab6779441e56b15b8f1b402,ETHUSDT|long|high_volume,1680560460000,1680682200000,2023-04-03T22:21:00+00:00,2023-04-05T08:10:00+00:00,1817.04,1900.89,0.16,290.7264,58.14528,5,1787.01,1904.13,5.75212927999999,3.552184510442661,exchange_guard_proxy_touch,False,13.416000000000022,0.47589504000000005,-0.21728010448,0.23258112,12.722824855520022,437.62193098115694,2,True
BTCUSDT,long,4cc07b6c5dcd27a77c23d32de23ca33ccbf86686a183f14b89347d62835e2b92,BTCUSDT|long|high_volume,1680601560000,1680698040000,2023-04-04T09:46:00+00:00,2023-04-05T12:34:00+00:00,28181.4,28383.9,0.0115,324.0861,64.81721999999999,5,27753.100000000002,28432.300000000003,5.98241316,3.664906451364371,exchange_guard_proxy_touch,False,2.32875,0.5204007600000001,-0.069622110509,0.25926888,1.7387271294909996,53.650160543479025,2,True
ETHUSDT,long,7ff6c86e5b770708b715cad512bda813793133a354a1fc4b76295317adfffa06,ETHUSDT|long|high_volume,1680683760000,1680698040000,2023-04-05T08:36:00+00:00,2023-04-05T12:34:00+00:00,1916.5900000000001,1900.89,0.32,613.3088,122.66176,5,1904.13,1904.13,6.001274880000015,2.0589189066583313,exchange_guard_proxy_touch,False,-5.024000000000014,0.9772748800000003,0.0,0.4906470400000001,-6.001274880000015,-97.85078707496149,2,True
BTCUSDT,long,35258eb5b779e7d8afdc31af9bee7d57c39327f9dc316c45e98b16b0898d1bd8,BTCUSDT|long|high_volume,1680753660000,1680768000000,2023-04-06T04:01:00+00:00,2023-04-06T08:00:00+00:00,28154.9,27807.5,0.0155,436.40095,87.28019,5,27854.9,27854.9,6.078633760000023,4.02372840186965,exchange_guard_proxy_touch,False,-5.384700000000023,0.6939337600000001,-0.031115421246000002,0.3491207600000001,-6.1097491812460225,-140.00311367896936,2,True
BTCUSDT,long,2057b9960220a1bdf1746d695337f78f5a469f444dfe1e7f38fbd04caaa54664,BTCUSDT|long|confirmed_volume,1680773460000,1680775260000,2023-04-06T09:31:00+00:00,2023-04-06T10:01:00+00:00,28035.5,27807.5,0.0221,619.58455,123.91691,5,27854.9,27854.9,6.0261042400000004,1.680411167637445,exchange_guard_proxy_touch,False,-5.0388,0.9873042400000002,0.0,0.49566764,-6.0261042400000004,-97.26040199033368,2,True
BTCUSDT,long,5f37384ec3fe209b768c6c7e2904c49214402cd0d8931686ecbd3cefd87228a8,BTCUSDT|long|high_volume,1680784260000,1680785340000,2023-04-06T12:31:00+00:00,2023-04-06T12:49:00+00:00,27998.5,27807.5,0.0253,708.36205,141.67240999999999,5,27854.9,27854.9,5.96181344,3.780540488280231,exchange_guard_proxy_touch,False,-4.8323,1.12951344,0.0,0.56668964,-5.96181344,-84.16336589460151,2,True
BTCUSDT,long,410fe9a2a92328facc04073cc6057666124d95e0b8ff939195ad136c532705ef,BTCUSDT|long|confirmed_volume,1680813360000,1680819180000,2023-04-06T20:36:00+00:00,2023-04-06T22:13:00+00:00,28132.300000000003,27883.7,0.0118,331.96114,66.392228,5,27723.9,27931.2,5.9029169600000255,1.6261170581754376,exchange_guard_proxy_touch,False,-2.9334800000000256,0.52879104,0.0,0.26556891200000005,-3.462271040000026,-104.29748012071612,2,True
BTCUSDT,long,da3886de0a7a1937f4f3998e8e41efa730d4131b3f8178cf2ca4fcbc696af0d5,BTCUSDT|long|high_volume,1680828060000,1680834780000,2023-04-07T00:41:00+00:00,2023-04-07T02:33:00+00:00,28089.600000000002,27883.7,0.0234,657.29664,131.459328,5,27931.2,27931.2,5.865880176000034,2.09550671730246,exchange_guard_proxy_touch,False,-4.818060000000034,1.047820176,0.0,0.5258373120000001,-5.865880176000034,-89.24250968329966,2,True
ETHUSDT,long,f315bcd9582cd828212856e4843aed92e1628cb8cb98388bf398afd8e35a1359,ETHUSDT|long|high_volume,1680813360000,1680845520000,2023-04-06T20:36:00+00:00,2023-04-07T05:32:00+00:00,1878.97,1862.0,0.18,338.2146,67.64292,5,1853.23,1865.18,5.738981760000017,2.505054412783988,exchange_guard_proxy_touch,False,-3.0546000000000046,0.5386996800000001,-0.014066488511999998,0.27057168,-3.6073661685120046,-106.65909066350194,2,True
ETHUSDT,long,1d5cf9e45443424386901a5fc738642b40f0924fcd625f3778ff95cfd3d06e0b,ETHUSDT|long|high_volume,1680902460000,1680956400000,2023-04-07T21:21:00+00:00,2023-04-08T12:20:00+00:00,1860.45,1861.43,0.35000000000000003,651.1575,130.2315,5,1850.21,1864.6,5.724602800000036,3.4824397656071833,exchange_guard_proxy_touch,False,0.3430000000000064,1.0421264000000001,-0.06227603494,0.5209260000000001,-0.7614024349399937,-11.693060971270295,2,True
ETHUSDT,long,80c2911d80b98040a5484cd7f94e3aa446e96a9f2d4d0f3ab5d575f756bbcf86,ETHUSDT|long|confirmed_volume,1680963060000,1680968640000,2023-04-08T14:11:00+00:00,2023-04-08T15:44:00+00:00,1871.1000000000001,1861.43,0.45,841.9950000000001,168.39900000000003,5,1864.6,1864.6,5.695210800000033,1.5101361082479177,exchange_guard_proxy_touch,False,-4.351500000000033,1.3437108000000002,0.0,0.6735960000000001,-5.695210800000033,-67.63948479504073,2,True
BTCUSDT,long,8903b7ab618c2991296026697ffb9cbfbe3fb9bf7c3aa1b2b9e9cd7c9d821897,BTCUSDT|long|high_volume,1680907560000,1680976320000,2023-04-07T22:46:00+00:00,2023-04-08T17:52:00+00:00,27997.4,27877.5,0.0234,655.1391600000001,131.02783200000002,5,27842.100000000002,27925.0,5.787608112000017,8.373998633529762,exchange_guard_proxy_touch,False,-2.8056600000000342,1.0459781280000002,-0.051455113632000005,0.524111328,-3.9030932416320345,-59.57655227985508,2,True
BTCUSDT,long,9c2ce94211154d1713c413bf5ee3e40b33999999f5afdbb2f359179a4670c95f,BTCUSDT|long|high_volume,1681017060000,1681023420000,2023-04-09T05:11:00+00:00,2023-04-09T06:57:00+00:00,28087.4,27818.9,0.0181,508.38194000000004,101.676388,5,27866.300000000003,27866.300000000003,5.669373224000001,2.092862867649535,exchange_guard_proxy_touch,False,-4.859850000000001,0.8095232240000002,0.0,0.4067055520000001,-5.669373224000001,-111.5179902732186,2,True
BTCUSDT,long,fffe105976a55ab8bb0e69d861f7a03663c5e2935337ba104affc6904743c3b9,BTCUSDT|long|high_volume,1681032360000,1681032780000,2023-04-09T09:26:00+00:00,2023-04-09T09:33:00+00:00,27938.800000000003,27818.9,0.0341,952.7130800000001,190.542616,5,27866.300000000003,27866.300000000003,5.609660056000049,2.1207181652215286,exchange_guard_proxy_touch,False,-4.08859000000005,1.5210700560000001,0.0,0.7621704640000001,-5.60966005600005,-58.88089681732983,2,True
BTCUSDT,long,56594e09a934505a0f7c72b0f3a13defd7849c1a96a87fd2297022a3f74a2707,BTCUSDT|long|high_volume,1681066560000,1681102560000,2023-04-09T18:56:00+00:00,2023-04-10T04:56:00+00:00,28071.600000000002,28181.9,0.018000000000000002,505.2888000000001,101.05776000000002,5,27854.9,28229.9,5.55845904000004,24.73321625036515,exchange_guard_proxy_touch,False,1.9853999999999872,0.8100504000000001,-0.10191384000000002,0.40423104000000015,1.0734357599999873,21.244004616765444,2,True
ETHUSDT,long,2bc69a2ab0a3ad881114bbe34e2d649e29cb2482ecefb05c8c7d04814c526a0e,ETHUSDT|long|high_volume,1681115760000,1681129800000,2023-04-10T08:36:00+00:00,2023-04-10T12:30:00+00:00,1863.1000000000001,1849.22,0.33,614.8230000000001,122.96460000000002,5,1852.3700000000001,1852.3700000000001,5.560452480000036,2.9417287637328164,exchange_guard_proxy_touch,False,-4.580400000000036,0.9800524800000001,0.0,0.4918584000000001,-5.560452480000037,-90.43989050507278,2,True
ETHUSDT,long,6cde833ed5a69e866c15ea852033d8bce132d450e432605c0e3ce6d44aaabfbd,ETHUSDT|long|high_volume,1681139760000,1681215600000,2023-04-10T15:16:00+00:00,2023-04-11T12:20:00+00:00,1866.78,1907.79,0.26,485.3628,97.07256,5,1852.3700000000001,1911.04,5.338527999999986,2.446706988315706,exchange_guard_proxy_touch,False,10.662599999999998,0.78511056,-0.132611252696,0.38829024,9.744878187303998,200.775135368924,2,True
ETHUSDT,long,17612a70bb22b0cc49c236a60f5f1806e985796365402d88bc491f4af27f5125,ETHUSDT|long|high_volume,1681221660000,1681223700000,2023-04-11T14:01:00+00:00,2023-04-11T14:35:00+00:00,1922.38,1907.79,0.31,595.9378,119.18756,5,1911.04,1911.04,5.472782160000046,3.9621232841183285,exchange_guard_proxy_touch,False,-4.522900000000045,0.9498821600000001,0.0,0.47675024000000005,-5.472782160000046,-91.83478812721806,2,True
BTCUSDT,long,af27530a18070d76e827f488e78f8ce123f15d0be9778c10d13ad70e77c45763,BTCUSDT|long|high_volume,1681209960000,1681224240000,2023-04-11T10:46:00+00:00,2023-04-11T14:44:00+00:00,30158.2,29914.9,0.0112,337.77184,67.554368,5,29752.0,29965.9,5.652502015999992,2.6343696783110526,exchange_guard_proxy_touch,False,-2.724959999999992,0.5382549760000002,0.0,0.270217472,-3.263214975999992,-96.6100364080082,2,True
BTCUSDT,long,127672f3174cbf11ddce66069e79e81aea065582157ef0ec7a26c7e31d9d8580,BTCUSDT|long|high_volume,1681302960000,1681312260000,2023-04-12T12:36:00+00:00,2023-04-12T15:11:00+00:00,30429.800000000003,29859.0,0.0085,258.65330000000006,51.730660000000015,5,29881.300000000003,29909.9,5.503820040000026,68.23189927141772,exchange_guard_proxy_touch,False,-4.851800000000025,0.4099638400000001,0.0,0.20692264000000005,-5.261763840000025,-203.42921741188007,2,True
BTCUSDT,long,db1237a0e4f06076bd2944c06596dad1455488dc41191006c48f2fa72f30655e,BTCUSDT|long|high_volume,1681320960000,1681325220000,2023-04-12T17:36:00+00:00,2023-04-12T18:47:00+00:00,30077.2,29859.0,0.0206,619.59032,123.918064,5,29909.9,29909.9,5.482668576000015,2.510800054479065,exchange_guard_proxy_touch,False,-4.494920000000015,0.987748576,0.0,0.4956722560000001,-5.482668576000014,-88.48860931203725,2,True
BTCUSDT,long,db8886a3439902f8e13025f32b67ae56ecdbf5c131d3a0b18cbaad75e6b00607,BTCUSDT|long|high_volume,1681346160000,1681476300000,2023-04-13T00:36:00+00:00,2023-04-14T12:45:00+00:00,30029.0,30594.800000000003,0.013900000000000001,417.40310000000005,83.48062000000002,5,29735.9,30646.9,5.44145301599996,3.353698252989326,exchange_guard_proxy_touch,False,7.864620000000041,0.6741366560000002,-0.20654248119510005,0.3339224800000001,6.983940862804941,167.31885467081918,2,True
ETHUSDT,long,b60e39be31e1be7e97de8d258a2403992103ddaf90af415e76d732906e8802ad,ETHUSDT|long|high_volume,1681302960000,1681476780000,2023-04-12T12:36:00+00:00,2023-04-14T12:53:00+00:00,1894.68,2097.42,0.14,265.25520000000006,53.051040000000015,5,1862.8,2101.0,5.327482719999994,40.977093389613806,exchange_guard_proxy_touch,False,28.383600000000005,0.4471152000000001,-0.298080782496,0.21220416000000006,27.638404017504005,1041.9552196339223,2,True
ETHUSDT,long,1ee237dd2d5a8ca3dc2e89e716e3dfc4e29c57b3378abb418fbcf04334b913a4,ETHUSDT|long|high_volume,1681543560000,1681580100000,2023-04-15T07:26:00+00:00,2023-04-15T17:35:00+00:00,2095.91,2088.73,0.18,377.26379999999995,75.45275999999998,5,2070.99,2092.29,5.720525279999967,3.199200667470259,exchange_guard_proxy_touch,False,-1.2923999999999705,0.6025881599999999,-0.15103656000000001,0.30181104,-2.0460247199999704,-54.23326383289282,2,True
ETHUSDT,long,41b95787c3566bfbe65610c806bb2377b181943e08e1b138470d4128525a4be1,ETHUSDT|long|high_volume,1681588860000,1681591500000,2023-04-15T20:01:00+00:00,2023-04-15T20:45:00+00:00,2103.68,2088.73,0.31,652.1407999999999,130.42816,5,2092.29,2092.29,5.674217679999943,3.156753424684384,exchange_guard_proxy_touch,False,-4.634499999999943,1.03971768,0.0,0.52171264,-5.674217679999943,-87.00908883480291,2,True
BTCUSDT,long,1a46fd15ac2a0dd92d43cf84d8a517a13ff4268966248f4c0ad01a6a602b57d1,BTCUSDT|long|high_volume,1681671660000,1681691340000,2023-04-16T19:01:00+00:00,2023-04-17T00:29:00+00:00,30507.800000000003,30119.5,0.0122,372.19516000000004,74.43903200000001,5,30142.4,30170.800000000003,5.675185264000009,21.756401022242848,exchange_guard_proxy_touch,False,-4.7372600000000356,0.5917224480000001,-0.07389930400000001,0.29775612800000006,-5.402881752000035,-145.16260103973502,2,True
ETHUSDT,long,00feedddbd008efc9be51c4ff4277bf43a78803e66ea23df76fcd9b8a121b01b,ETHUSDT|long|high_volume,1681671660000,1681691400000,2023-04-16T19:01:00+00:00,2023-04-17T00:30:00+00:00,2133.62,2092.78,0.08,170.68959999999998,34.137919999999994,5,2074.99,2096.35,5.241925119999989,32.54848885791236,exchange_guard_proxy_touch,False,-3.2671999999999755,0.2704896,-0.03388944000000001,0.13655168,-3.571579039999975,-209.24409220010918,2,True
ETHUSDT,long,671e44498d9447c52e36a9e949373636853cce8812d687d4203e8956e09ca27f,ETHUSDT|long|confirmed_volume,1681784760000,1681828080000,2023-04-18T02:26:00+00:00,2023-04-18T14:28:00+00:00,2080.51,2090.34,0.26,540.9326000000001,108.18652000000002,5,2066.39,2093.8999999999996,5.448223040000085,1.58602844096186,exchange_guard_proxy_touch,False,2.555799999999981,0.8675368000000001,-0.10920052000000002,0.4327460800000001,1.5790626799999807,29.191486702779248,2,True
BTCUSDT,long,89f1d7806f2996b61e2722c269c709c57e96f26d207e7c05bfedd8c54e732449,BTCUSDT|long|high_volume,1681883160000,1681885080000,2023-04-19T05:46:00+00:00,2023-04-19T06:18:00+00:00,30333.5,30055.9,0.0172,521.7362,104.34724000000001,5,30107.100000000002,30107.100000000002,5.605678143999975,2.872493181673782,exchange_guard_proxy_touch,False,-4.7747199999999745,0.830958144,0.0,0.41738896,-5.605678143999975,-107.4427678968792,2,True
ETHUSDT,long,1d58ddb3ed13c03376fac6bd9ec8c116691b5eb1dc22314de9966f1e801d386e,ETHUSDT|long|high_volume,1681971660000,1681975860000,2023-04-20T06:21:00+00:00,2023-04-20T07:31:00+00:00,1963.53,1945.15,0.25,490.8825,98.1765,5,1948.47,1948.47,5.376735999999971,5.82631545347246,exchange_guard_proxy_touch,False,-4.59499999999997,0.7817360000000001,0.0,0.392706,-5.376735999999971,-109.53203668902376,2,True
ETHUSDT,long,045cb79a17a9cd3b5a34ce96d3e12f367e448c730aa84aa51773a70a347ea8eb,ETHUSDT|long|high_volume,1682028360000,1682056260000,2023-04-20T22:06:00+00:00,2023-04-21T05:51:00+00:00,1949.67,1929.73,0.15,292.4505,58.4901,5,1920.99,1933.02,5.256586800000007,2.8721790207702096,exchange_guard_proxy_touch,False,-2.991000000000008,0.465528,-0.05022270599999999,0.2339604,-3.506750706000008,-119.909205352701,2,True
BTCUSDT,long,ad643b5d3d3cf7e876384107e5e71283c99a15ec9074fc66f7d16cde83b69b4c,BTCUSDT|long|high_volume,1682049660000,1682058780000,2023-04-21T04:01:00+00:00,2023-04-21T06:33:00+00:00,28355.2,28028.2,0.014700000000000001,416.82144000000005,83.36428800000002,5,28076.0,28076.0,5.469968784000001,2.925377535867404,exchange_guard_proxy_touch,False,-4.806900000000001,0.6630687840000001,0.0,0.33345715200000003,-5.469968784000001,-131.23050445773615,2,True
BTCUSDT,long,9c184f4b9006a0eb97d3eef5f7c879708f887ee0468194e6d6b0452a6e79c064,BTCUSDT|long|confirmed_volume,1682163960000,1682209980000,2023-04-22T11:46:00+00:00,2023-04-23T00:33:00+00:00,27328.9,27507.600000000002,0.021400000000000002,584.83846,116.96769200000001,5,27165.9,27554.5,5.409040032000017,1.6540301491391696,exchange_guard_proxy_touch,False,3.824180000000016,0.9388008800000001,-0.06942359816080002,0.4678707680000001,2.815955521839216,48.14928761421086,2,True
ETHUSDT,long,589242a2f31ac4364116f0856dd7b5463ee1810622efef7f018f129e56494ba7,ETHUSDT|long|confirmed_volume,1682169360000,1682209980000,2023-04-22T13:16:00+00:00,2023-04-23T00:33:00+00:00,1860.16,1859.6100000000001,0.2,372.03200000000004,74.4064,5,1839.25,1862.78,5.399404799999993,1.5629203898553394,exchange_guard_proxy_touch,False,-0.10999999999999091,0.5951632000000001,0.004939026960000002,0.29762560000000005,-0.700224173039991,-18.821611394718488,2,True
BTCUSDT,long,8b497cb283f013ab586c7f524db2d91f975e09731de9b92b36aa781eaa999d36,BTCUSDT|long|high_volume,1682289360000,1682320260000,2023-04-23T22:36:00+00:00,2023-04-24T07:11:00+00:00,27601.2,27343.600000000002,0.018000000000000002,496.82160000000005,99.36432,5,27390.2,27390.2,5.428005119999975,5.135596932255754,exchange_guard_proxy_touch,False,-4.636799999999974,0.7912051200000001,-0.04644994899600001,0.3974572800000001,-5.474455068995974,-110.18955433894126,2,True
ETHUSDT,long,e4cc785d4769a90ca592f335cd83e0036da89a0aa55ba3a53669baf959500254,ETHUSDT|long|high_volume,1682381760000,1682394540000,2023-04-25T00:16:00+00:00,2023-04-25T03:49:00+00:00,1848.23,1823.47,0.19,351.1637,70.23274,5,1826.58,1826.58,5.262498399999998,5.477439797900391,exchange_guard_proxy_touch,False,-4.704399999999998,0.5580984,0.0,0.28093096,-5.262498399999998,-149.8588379151945,2,True
BTCUSDT,long,9f8208bd9fed23974fb5f509947eac9a00e04a4c52cb0abb318b9226a83b1d79,BTCUSDT|long|high_volume,1682402160000,1682407980000,2023-04-25T05:56:00+00:00,2023-04-25T07:33:00+00:00,27480.800000000003,27258.600000000002,0.02,549.6160000000001,109.92320000000002,5,27305.100000000002,27305.100000000002,5.319830400000014,3.0876278101929144,exchange_guard_proxy_touch,False,-4.444000000000015,0.8758304000000001,0.0,0.43969280000000005,-5.319830400000015,-96.79176734301792,2,True
BTCUSDT,long,9ec00cc0a31548512f0fd6f81caef0f3bea3c136ac6b9710337a936704d3a909,BTCUSDT|long|high_volume,1682413260000,1682415120000,2023-04-25T09:01:00+00:00,2023-04-25T09:32:00+00:00,27475.2,27258.600000000002,0.020200000000000003,554.99904,110.999808,5,27305.100000000002,27305.100000000002,5.259818207999971,3.272238457987158,exchange_guard_proxy_touch,False,-4.375319999999971,0.8844982080000002,0.0,0.4439992320000001,-5.259818207999971,-94.77166317260604,2,True
ETHUSDT,long,ab10cbb024f2b52707a6fbf710879028d9bf756e116de7a66ab6f7c6a03fa3be,ETHUSDT|long|high_volume,1682489460000,1682493720000,2023-04-26T06:11:00+00:00,2023-04-26T07:22:00+00:00,1872.63,1857.75,0.29,543.0627,108.61254,5,1860.92,1860.92,5.180648160000032,2.6247366716824443,exchange_guard_proxy_touch,False,-4.315200000000031,0.86544816,0.0,0.43445016,-5.180648160000031,-95.39686964322962,2,True
BTCUSDT,long,02721c01c232878d2ee290ac17e511c86911eb89fe1b56416eba289e530a59fe,BTCUSDT|long|high_volume,1682444460000,1682537940000,2023-04-25T17:41:00+00:00,2023-04-26T19:39:00+00:00,27526.2,28251.7,0.0125,344.07750000000004,68.81550000000001,5,27199.9,28299.9,5.204297999999982,2.392160794495198,exchange_guard_proxy_touch,False,9.06875,0.557779,-0.11719705490000001,0.27526200000000006,8.3937739451,243.95009685608616,2,True
ETHUSDT,long,b00ebf861792d24618fc3d5cd3be64d49549e30993b4c6f61e88b80f80454c70,ETHUSDT|long|high_volume,1682497260000,1682537940000,2023-04-26T08:21:00+00:00,2023-04-26T19:39:00+00:00,1869.78,1857.75,0.35000000000000003,654.423,130.8846,5,1860.92,1860.92,5.254208399999991,3.646566296125242,exchange_guard_proxy_touch,False,-4.210499999999991,1.0437084,-0.11893648200000001,0.5235384000000001,-5.37314488199999,-82.10507396592098,2,True
BTCUSDT,long,97619672112953fa94fe39628c755ae1696bb3dabddb8835fa453265af3c87d6,BTCUSDT|long|confirmed_volume,1682546460000,1682548020000,2023-04-26T22:01:00+00:00,2023-04-26T22:27:00+00:00,28737.800000000003,28251.7,0.0097,278.75666,55.751332000000005,5,28299.9,28299.9,5.157408520000021,1.6673047056880612,exchange_guard_proxy_touch,False,-4.715170000000021,0.44223852,0.0,0.22300532800000003,-5.157408520000021,-185.01471928957753,2,True
BTCUSDT,long,58efcdd411a426b5de492dd663d7d9398584538359f6c9f3061610b05f3c808f,BTCUSDT|long|high_volume,1682593860000,1682670660000,2023-04-27T11:11:00+00:00,2023-04-28T08:31:00+00:00,29109.100000000002,29264.9,0.008700000000000001,253.24917000000005,50.64983400000001,5,28612.600000000002,29314.800000000003,5.144644080000007,4.094657171650434,exchange_guard_proxy_touch,False,1.355459999999994,0.4062830400000001,-0.11909586582600001,0.20259933600000005,0.8300810941739938,32.77724835876041,2,True
ETHUSDT,long,48818d369fb814022838b3e4ab42da27b08651b24be137f4be38a424d3455f16,ETHUSDT|long|high_volume,1682604360000,1682672940000,2023-04-27T14:06:00+00:00,2023-04-28T09:09:00+00:00,1893.32,1897.92,0.18,340.7976,68.15952,5,1871.76,1901.16,4.99671216,6.032336076024515,exchange_guard_proxy_touch,False,0.8280000000000245,0.54593856,-0.138346681212,0.27263808,0.14371475878802453,4.217012056071537,2,True
ETHUSDT,long,cb206ebe97cccfb3f05855de4158094896b1e45d3ba81c48e0884e113beaaf2d,ETHUSDT|long|high_volume,1682678460000,1682682660000,2023-04-28T10:41:00+00:00,2023-04-28T11:51:00+00:00,1913.94,1897.92,0.27,516.7638000000001,103.35276000000002,5,1901.16,1901.16,5.148761759999996,2.092224249365551,exchange_guard_proxy_touch,False,-4.325399999999996,0.82336176,0.0,0.41341104000000006,-5.148761759999996,-99.63472209160152,2,True
BTCUSDT,long,da3fded6015ecd7dfc0fa08dc8b46bf34e0749e49a21c6b27a2550c434ac3072,BTCUSDT|long|high_volume,1682742360000,1682783280000,2023-04-29T04:26:00+00:00,2023-04-29T15:48:00+00:00,29460.600000000002,29175.2,0.0135,397.71810000000005,79.54362,5,29179.9,29224.9,5.0931806400000195,3.1754896528319,exchange_guard_proxy_touch,False,-3.8529000000000195,0.6332666400000001,-0.053468770626,0.31817448000000004,-4.53963541062602,-114.14203705152015,2,True
ETHUSDT,long,d02017868e80828c64fdbea68e859ed5f8d90e1678cbc7c255404fa2851c56d6,ETHUSDT|long|high_volume,1682742060000,1682789400000,2023-04-29T04:21:00+00:00,2023-04-29T17:30:00+00:00,1901.94,1889.0,0.22,418.4268,83.68536,5,1885.09,1892.22,5.079152319999989,2.0938797978141888,exchange_guard_proxy_touch,False,-2.846800000000012,0.66720544,-0.10187668972799999,0.33474144,-3.615882129728012,-86.41612176199068,2,True
ETHUSDT,long,3e6e4a2a61b9aecd4018e8aa2979b89c5ce6e094b57e78e2b95d6fdd88fddc57,ETHUSDT|long|high_volume,1682796660000,1682819880000,2023-04-29T19:31:00+00:00,2023-04-30T01:58:00+00:00,1904.93,1889.0,0.26,495.28180000000003,99.05636000000001,5,1892.22,1892.22,4.930937440000016,3.988390697436891,exchange_guard_proxy_touch,False,-4.141800000000017,0.7891374400000001,-0.06250339695599999,0.39622544000000004,-4.993440836956017,-100.82019644081444,2,True
ETHUSDT,long,3fcc35395c45552ce8ce6d06afb490f6724409ed6d5a7accb372b84c40b0e0d8,ETHUSDT|long|high_volume,1682834460000,1682882340000,2023-04-30T06:01:00+00:00,2023-04-30T19:19:00+00:00,1906.28,1893.17,0.23,438.44440000000003,87.68888000000001,5,1891.66,1896.4,4.801428479999981,4.281191725850655,exchange_guard_proxy_touch,False,-3.015299999999977,0.6990988,-0.07225313251200001,0.35075552000000004,-3.7866519325119774,-86.36561289212445,2,True
BTCUSDT,long,99d171ff9b54702b972da7f0772052fd499fe7be4cedaba61b0348528d5f9afd,BTCUSDT|long|high_volume,1682830560000,1682885700000,2023-04-30T04:56:00+00:00,2023-04-30T20:15:00+00:00,29230.7,29100.300000000003,0.019200000000000002,561.2294400000001,112.24588800000001,5,29067.300000000003,29149.9,4.982376959999958,3.1745857483599877,exchange_guard_proxy_touch,False,-2.5036799999999584,0.8959641600000001,-0.1085143929984,0.44898355200000006,-3.5081585529983585,-62.50845559702567,2,True
BTCUSDT,long,c2833d345664b09536e77bc25889a8a6486b1ac091f8158ff249fb80139b2698,BTCUSDT|long|high_volume,1682888760000,1682899140000,2023-04-30T21:06:00+00:00,2023-04-30T23:59:00+00:00,29404.4,29100.300000000003,0.013900000000000001,408.72116000000005,81.74423200000001,5,29149.9,29149.9,4.87756226399998,2.335926029881682,exchange_guard_proxy_touch,False,-4.22698999999998,0.6505722640000001,0.0,0.32697692800000006,-4.87756226399998,-119.33716042496991,2,True
ETHUSDT,long,5d36fa152db2c931344565300b80d3facbb10fa56832f15f709122c25e95d02f,ETHUSDT|long|confirmed_volume,1682944260000,1682949600000,2023-05-01T12:31:00+00:00,2023-05-01T14:00:00+00:00,1850.19,1827.53,0.18,333.0342,66.60684,5,1830.65,1830.65,4.608391680000015,1.5511947558331307,exchange_guard_proxy_touch,False,-4.078800000000014,0.52959168,0.0,0.26642736,-4.608391680000015,-138.37592895864793,2,True
ETHUSDT,long,962467fa2ec2edc2d168b3f71b0a124f6a4f80b40939ceea9dd91499008198bf,ETHUSDT|long|confirmed_volume,1682960460000,1682966040000,2023-05-01T17:01:00+00:00,2023-05-01T18:34:00+00:00,1841.57,1827.53,0.28,515.6396000000001,103.12792000000002,5,1830.65,1830.65,4.75307839999999,1.9666108843471106,exchange_guard_proxy_touch,False,-3.9311999999999903,0.8218784000000001,0.0,0.41251168000000005,-4.753078399999991,-92.17830438158727,2,True
ETHUSDT,long,92468ecab285e875304879613fd1034c1b90fea5cf200daa4b9d3b5f4e52f9c2,ETHUSDT|long|high_volume,1683011760000,1683034560000,2023-05-02T07:16:00+00:00,2023-05-02T13:36:00+00:00,1840.14,1821.68,0.19,349.6266,69.92532,5,1821.24,1824.79,4.73605856,4.9408286746785555,exchange_guard_proxy_touch,False,-3.5074000000000067,0.55659664,-0.01781484992,0.27970128,-4.081811489920006,-116.74773858510783,2,True
BTCUSDT,long,064e0623451c454c05b0920fd304ffe78e2c05e128037405b09631685cda84b3,BTCUSDT|long|high_volume,1683031260000,1683034740000,2023-05-02T12:41:00+00:00,2023-05-02T13:39:00+00:00,28150.300000000003,27874.0,0.0148,416.62444000000005,83.32488800000002,5,27921.5,27921.5,4.752567712000043,4.1823106780080925,exchange_guard_proxy_touch,False,-4.089240000000043,0.6633277120000002,0.0,0.3332995520000001,-4.752567712000043,-114.07318572093472,2,True
BTCUSDT,long,8ea6ba760f0ec0cd1918c2f93ca552a53c164a60667668031f357f12dbd0e561,BTCUSDT|long|high_volume,1683037860000,1683072720000,2023-05-02T14:31:00+00:00,2023-05-03T00:12:00+00:00,28512.0,28551.800000000003,0.0068000000000000005,193.88160000000002,38.776320000000005,5,27921.5,28600.5,4.645139840000001,12.461314652566381,exchange_guard_proxy_touch,False,0.2706400000000198,0.310427072,-0.038061955411200006,0.15510528,-0.07784902741118022,-4.015287031424344,2,True
ETHUSDT,long,a7e9c5782fac3698ac3c8d5aacb1a8d69286d566cf6dfec458f43194165079bc,ETHUSDT|long|high_volume,1683037560000,1683117720000,2023-05-02T14:26:00+00:00,2023-05-03T12:42:00+00:00,1847.78,1849.65,0.16,295.6448,59.12895999999999,5,1824.79,1852.8,4.645690879999986,6.600521404249923,exchange_guard_proxy_touch,False,0.29920000000001895,0.4732710400000001,-0.144469361856,0.23651584,-0.31854040185598115,-10.774429377955613,2,True
ETHUSDT,long,25dc6b4cc5091a2ddeb62bab7f279bc88d58972263065c8aca2411c3ccd4dd8d,ETHUSDT|long|high_volume,1683165960000,1683204060000,2023-05-04T02:06:00+00:00,2023-05-04T12:41:00+00:00,1909.25,1892.05,0.07,133.6475,26.7295,5,1856.32,1895.28,4.136994959999995,3.387705433423029,exchange_guard_proxy_touch,False,-1.2040000000000033,0.21287280000000003,-0.026572000000000002,0.10691800000000001,-1.4434448000000033,-108.00387586748747,2,True
BTCUSDT,long,6f3f40da12fdd88c13f8be499c173858ee5be8c51141ee9bb9fffd70184126e4,BTCUSDT|long|high_volume,1683165960000,1683206280000,2023-05-04T02:06:00+00:00,2023-05-04T13:18:00+00:00,29191.2,28918.0,0.0043,125.52216,25.104432,5,28199.9,28967.300000000003,4.666250263999997,5.501733681380025,exchange_guard_proxy_touch,False,-1.1747600000000031,0.199895648,-0.024961896494400004,0.10041772800000001,-1.3996175444944032,-111.5036217106528,2,True
BTCUSDT,long,b47812f9bec9cdf8fb1cd017d52667da4a2784f7fa15282302b4bd91768245da,BTCUSDT|long|high_volume,1683250560000,1683289800000,2023-05-05T01:36:00+00:00,2023-05-05T12:30:00+00:00,29187.5,28960.5,0.008400000000000001,245.17500000000004,49.03500000000001,5,28731.100000000002,29009.9,4.633404383999994,21.679038433502907,exchange_guard_proxy_touch,False,-1.9068000000000003,0.39075456000000003,-0.04837469953680001,0.19614000000000004,-2.3459292595368004,-95.68386905421842,2,True
ETHUSDT,long,b550281d18b386264784bb0dcf0bc65f8d182019cd1c9960581b15023c88b770,ETHUSDT|long|high_volume,1683250560000,1683289800000,2023-05-05T01:36:00+00:00,2023-05-05T12:30:00+00:00,1894.81,1888.49,0.14,265.27340000000004,53.054680000000005,5,1868.67,1891.71,4.525953599999991,16.708869448324794,exchange_guard_proxy_touch,False,-0.8847999999999911,0.4237296000000001,-0.030126470080000006,0.21221872000000003,-1.3386560700799912,-50.46326054855071,2,True
BTCUSDT,long,4af8d5c21c70fa91bc3f326307fcfce8af70b1821510ccc15a1ea845c4173f79,BTCUSDT|long|high_volume,1683297660000,1683353100000,2023-05-05T14:41:00+00:00,2023-05-06T06:05:00+00:00,29435.4,29254.0,0.0088,259.03152,51.806304,5,29009.9,29303.9,4.5902271360000135,5.891076994220043,exchange_guard_proxy_touch,False,-1.5963200000000128,0.41317337600000004,-0.09605682768000001,0.20722521600000005,-2.105550203680013,-81.28548231041584,2,True
BTCUSDT,long,70f000e2dcf16ce2e4228f1ac69f6ee9f9e59fd1cb58e0239aa4203af7916597,BTCUSDT|long|confirmed_volume,1683358560000,1683360060000,2023-05-06T07:36:00+00:00,2023-05-06T08:01:00+00:00,29431.5,29254.0,0.0205,603.3457500000001,120.66915000000002,5,29303.9,29303.9,4.6011922,1.8945144429591878,exchange_guard_proxy_touch,False,-3.6387500000000004,0.9624422,-0.12033582000000002,0.48267660000000007,-4.721528020000001,-78.25575998505003,2,True
ETHUSDT,long,bfdcd6565ed141507c440cd79c00f5c3a64b871f4ef9bdb56ae9612bead49141,ETHUSDT|long|high_volume,1683294360000,1683376080000,2023-05-05T13:46:00+00:00,2023-05-06T12:28:00+00:00,1931.23,1916.72,0.1,193.12300000000002,38.6246,5,1891.71,1919.99,4.579577600000001,6.99117689163663,exchange_guard_proxy_touch,False,-1.4509999999999992,0.307836,-0.1180702,0.15449840000000004,-1.8769061999999992,-97.18708802162348,2,True
BTCUSDT,long,5602b0acf553a0f4c580a5ef7b59a9d944215491ff24900f8d5906196c1e959a,BTCUSDT|long|high_volume,1683420660000,1683458580000,2023-05-07T00:51:00+00:00,2023-05-07T11:23:00+00:00,28938.600000000002,28681.2,0.0109,315.43074,63.086148,5,28620.100000000002,28730.100000000002,4.503967200000008,6.78850149545147,exchange_guard_proxy_touch,False,-2.805660000000016,0.502444656,-0.025489674982799995,0.25234459200000003,-3.3335943309828164,-105.68387630776938,2,True
BTCUSDT,long,5c2c5d776ddfb8ccd6273f2576f723e50aafce1b1e714c945a8a109ba73c15df,BTCUSDT|long|high_volume,1683459660000,1683486480000,2023-05-07T11:41:00+00:00,2023-05-07T19:08:00+00:00,28908.300000000003,28750.9,0.0164,474.0961200000001,94.81922400000002,5,28730.100000000002,28799.9,4.480014240000036,10.43804275252055,exchange_guard_proxy_touch,False,-2.581360000000024,0.7564887040000001,-0.057376883412800006,0.3792768960000001,-3.395225587412824,-71.61470942670493,2,True
ETHUSDT,long,22af80f4464ca43ee886387a44dcc0cc27221457f3deccc9120e2f65428f5880,ETHUSDT|long|high_volume,1683420660000,1683486480000,2023-05-07T00:51:00+00:00,2023-05-07T19:08:00+00:00,1904.23,1901.75,0.16,304.6768,60.93536,5,1882.45,1904.99,4.482684160000002,8.755361504849867,exchange_guard_proxy_touch,False,-0.39680000000000293,0.48716544000000006,-0.04272112384,0.24374144,-0.926686563840003,-30.41539637543794,2,True
ETHUSDT,long,2c8bd57cccce3f0c577922096a4ad8802bde21f56b4769f2cccb14b949431419,ETHUSDT|long|high_volume,1683495060000,1683497100000,2023-05-07T21:31:00+00:00,2023-05-07T22:05:00+00:00,1922.05,1901.75,0.19,365.1895,73.03790000000001,5,1904.99,1904.99,4.438217599999991,2.2914632815973133,exchange_guard_proxy_touch,False,-3.8569999999999913,0.5812176000000001,0.0,0.2921516,-4.438217599999992,-121.53190603782397,2,True
ETHUSDT,long,ee8c0511ca86be24164ee328b8186e925a9169713862244ed7c3da69dd6a4827,ETHUSDT|long|high_volume,1683618960000,1683630720000,2023-05-09T07:56:00+00:00,2023-05-09T11:12:00+00:00,1849.43,1832.71,0.22,406.87460000000004,81.37492,5,1835.84,1835.84,4.326456640000006,2.0235338639632214,exchange_guard_proxy_touch,False,-3.678400000000006,0.6480566400000001,-0.08129308,0.32549968000000007,-4.407749720000006,-108.33189685470673,2,True
BTCUSDT,long,e5f3302c9b9049c8a92c1c4ff39ee477c185328af6103c4ba9c408320c95be7f,BTCUSDT|long|confirmed_volume,1683628260000,1683641160000,2023-05-09T10:31:00+00:00,2023-05-09T14:06:00+00:00,27667.600000000002,27455.4,0.0131,362.44556000000006,72.489112,5,27423.800000000003,27502.2,4.382418456,1.6307637644225383,exchange_guard_proxy_touch,False,-2.7798200000000097,0.5776890400000001,0.0,0.2899564480000001,-3.35750904000001,-92.63485087250095,2,True
BTCUSDT,long,6646ad3db05f0d611b99a7ba7df8849bae6a6e76b6923cdba8fba879bdef8514,BTCUSDT|long|high_volume,1683651660000,1683659580000,2023-05-09T17:01:00+00:00,2023-05-09T19:13:00+00:00,27750.2,27455.4,0.012700000000000001,352.42754,70.48550800000001,5,27502.2,27502.2,4.304848895999991,4.313755787523914,exchange_guard_proxy_touch,False,-3.743959999999991,0.5608888960000001,0.0,0.281942032,-4.304848895999991,-122.14848181274343,2,True
ETHUSDT,long,e4d31a646ca13d255051e47a91d158aaff74fb705fc280329a78866248ed6866,ETHUSDT|long|high_volume,1683651660000,1683692580000,2023-05-09T17:01:00+00:00,2023-05-10T04:23:00+00:00,1857.53,1837.07,0.14,260.05420000000004,52.01084000000001,5,1833.49,1840.2,4.21544479999998,6.445097709382354,exchange_guard_proxy_touch,False,-2.864400000000005,0.41379520000000003,-0.011364959760000001,0.20804336,-3.289560159760005,-126.49517522731817,2,True
BTCUSDT,long,e1eab9014110a6b3e4e4e3c268fbbb944773abdde47b693b5c0d028602a50a42,BTCUSDT|long|high_volume,1683676260000,1683698460000,2023-05-09T23:51:00+00:00,2023-05-10T06:01:00+00:00,27678.9,27581.5,0.0145,401.34405000000004,80.26881,5,27476.300000000003,27628.5,4.255557440000022,2.386775519059069,exchange_guard_proxy_touch,False,-1.4123000000000212,0.64102064,-0.030042106416000004,0.32107524000000004,-2.083362746416021,-51.909645761934705,2,True
ETHUSDT,long,1fbdc7df2d24921ee7878834f3a0a54e0c1a3731c3011c670603402695cd93c3,ETHUSDT|long|high_volume,1683695160000,1683698520000,2023-05-10T05:06:00+00:00,2023-05-10T06:02:00+00:00,1849.53,1837.07,0.27,499.3731,99.87462000000001,5,1840.2,1840.2,4.16050560000001,2.320636911697761,exchange_guard_proxy_touch,False,-3.36420000000001,0.7963056000000001,0.0,0.39949848000000004,-4.16050560000001,-83.31457181013575,2,True
ETHUSDT,long,8a14ddf8410027c8fb1b12b44a6a431af2f3b20f30e6f536107435e4802044a0,ETHUSDT|long|high_volume,1683721260000,1683738900000,2023-05-10T12:21:00+00:00,2023-05-10T17:15:00+00:00,1856.15,1830.44,0.14,259.86100000000005,51.97220000000001,5,1833.56,1833.56,4.012298080000005,2.3938676812033517,exchange_guard_proxy_touch,False,-3.5994000000000055,0.41289808000000006,-0.022714546008000002,0.20788880000000004,-4.0350126260080055,-155.2758061428227,2,True
ETHUSDT,long,10121b65563e331d21a8a9786ce26ff1b00be86b11721b824d5b80b2c287e73b,ETHUSDT|long|high_volume,1683745560000,1683753780000,2023-05-10T19:06:00+00:00,2023-05-10T21:23:00+00:00,1858.3500000000001,1830.44,0.13,241.58550000000002,48.3171,5,1833.56,1833.56,4.011934160000011,4.593577659388428,exchange_guard_proxy_touch,False,-3.628300000000011,0.38363416,0.0,0.19326840000000003,-4.011934160000011,-166.0668442435498,2,True
BTCUSDT,long,2a977b26d541f1d888f81e51e5a859b3baa6f4d16ca7136577210e5e9fd01d6d,BTCUSDT|long|high_volume,1683784560000,1683791760000,2023-05-11T05:56:00+00:00,2023-05-11T07:56:00+00:00,27565.5,27363.600000000002,0.0167,460.34385,92.06877,5,27410.2,27410.2,4.105582775999964,4.145513119691512,exchange_guard_proxy_touch,False,-3.3717299999999635,0.7338527760000001,0.0,0.36827508000000003,-4.105582775999964,-89.18513359090089,2,True
ETHUSDT,long,beef21337b963ba556ccac0e8f5db55f4b8db0a550e5b3c223fa90a0f7c02012,ETHUSDT|long|high_volume,1683784560000,1683791760000,2023-05-11T05:56:00+00:00,2023-05-11T07:56:00+00:00,1833.91,1823.02,0.29,531.8339,106.36677999999999,5,1826.13,1826.13,4.006507760000029,2.769258367776885,exchange_guard_proxy_touch,False,-3.158100000000029,0.8484077600000001,0.0,0.42546712000000003,-4.006507760000029,-75.33381681761973,2,True
BTCUSDT,long,b58307c73c7bb288104ae41b63239d0dc9bfd8f66a6fded331f041d1ae3645a0,BTCUSDT|long|high_volume,1683921660000,1684021260000,2023-05-12T20:01:00+00:00,2023-05-13T23:41:00+00:00,26437.9,26709.4,0.0134,354.26786000000004,70.85357200000001,5,26225.600000000002,26754.9,4.0065346080000195,14.721111586634786,exchange_guard_proxy_touch,False,3.6381,0.5697390560000001,-0.07086256447200001,0.283414288,2.9974983795280004,84.61107308825588,2,True
ETHUSDT,long,7471882e7bbcd2a3a1f386f047ba5768709e67bdb940293ab9da19d6eaa6ed18,ETHUSDT|long|high_volume,1683921360000,1684066560000,2023-05-12T19:56:00+00:00,2023-05-14T12:16:00+00:00,1788.93,1794.93,0.11,196.78230000000002,39.356460000000006,5,1759.99,1797.99,3.825440960000006,3.342889437466879,exchange_guard_proxy_touch,False,0.66,0.31537968000000005,-0.04495521261,0.15742584,0.29966510738999996,15.228255152521337,2,True
ETHUSDT,long,ec23c77d7c8fab7a257f5b3f12abcd077c340036a61ecb516a447ab7ddb53a74,ETHUSDT|long|confirmed_volume,1684068660000,1684088160000,2023-05-14T12:51:00+00:00,2023-05-14T18:16:00+00:00,1806.26,1794.93,0.28,505.75280000000004,101.15056000000001,5,1797.99,1797.99,3.97906655999998,1.648099937900938,exchange_guard_proxy_touch,False,-3.17239999999998,0.8066665600000001,-0.038659899712000005,0.40460224000000006,-4.01772645971198,-79.44051836612628,2,True
BTCUSDT,long,6fd40391a0c470154038b3fc7687862d6fc53bb2d71dcacc1dc329f5656b89ec,BTCUSDT|long|high_volume,1684076460000,1684108860000,2023-05-14T15:01:00+00:00,2023-05-15T00:01:00+00:00,27012.0,26860.100000000002,0.0109,294.4308,58.88616,5,26729.9,26808.9,4.039072607999985,4.769833417177081,completed_MTF_W_BIAS_REVERSED,False,-1.6557099999999763,0.46976471200000003,-0.0467191908918,0.23554464,-2.1721939028917765,-73.7760418710195,2,False
ETHUSDT,long,713951e00879b1ab259aee679d5b12c3c6f21996a151dff6fa41229f83ecda19,ETHUSDT|long|confirmed_volume,1684148760000,1684160040000,2023-05-15T11:06:00+00:00,2023-05-15T14:14:00+00:00,1830.73,1813.22,0.19,347.8387,69.56774,5,1816.31,1816.31,3.8807803999999986,1.5695351723750552,exchange_guard_proxy_touch,False,-3.3268999999999984,0.5538804,0.0,0.27827096,-3.8807803999999986,-111.56839075123034,2,True
ETHUSDT,long,d790b3b8869af672cef82f5c65c44e3096e257282d784807d041f1a20abc3555,ETHUSDT|long|high_volume,1684162560000,1684188060000,2023-05-15T14:56:00+00:00,2023-05-15T22:01:00+00:00,1832.75,1817.13,0.17,311.5675,62.3135,5,1816.31,1822.64,3.8159519199999954,6.713889877989678,completed_MTF_STRUCTURAL_GUARD_TIGHTENED,False,-2.6553999999999816,0.4963836800000001,0.006174191240000001,0.24925400000000006,-3.1456094887599817,-100.96077057972933,2,False
ETHUSDT,long,47f0d8c8fce9cff17350243d335101f71ac6bd75c220dec3ce97804a79f82c80,ETHUSDT|long|confirmed_volume,1684237260000,1684240200000,2023-05-16T11:41:00+00:00,2023-05-16T12:30:00+00:00,1820.3500000000001,1807.6100000000001,0.25,455.08750000000003,91.01750000000001,5,1810.69,1810.69,3.910592000000002,1.9493968935431567,exchange_guard_proxy_touch,False,-3.1850000000000023,0.725592,0.0,0.36407000000000006,-3.910592000000002,-85.93055181695833,2,True
ETHUSDT,long,a26a144c9efb28a85b05f35499bec46c5dbea8cbc6c6c412c815cebe3b232ee8,ETHUSDT|long|high_volume,1684241160000,1684303200000,2023-05-16T12:46:00+00:00,2023-05-17T06:00:00+00:00,1822.31,1813.78,0.16,291.5696,58.313919999999996,5,1805.0,1816.8700000000001,3.724702719999981,6.455206300482183,exchange_guard_proxy_touch,False,-1.3647999999999956,0.46541952000000003,-0.08610140678400001,0.23325568000000002,-1.9163209267839956,-65.72430482409675,2,True
ETHUSDT,long,73a18a9704cfcbf906de1d5a7d734671f8ed5f6db2ad15675be69f7ef45aca38,ETHUSDT|long|confirmed_volume,1684380060000,1684390260000,2023-05-18T03:21:00+00:00,2023-05-18T06:11:00+00:00,1829.33,1813.91,0.21,384.1593,76.83185999999999,5,1817.0,1817.0,3.850264319999967,1.9058984211659273,exchange_guard_proxy_touch,False,-3.2381999999999675,0.61206432,0.0,0.30732744,-3.8502643199999675,-100.22572198564418,2,True
ETHUSDT,long,694c24c846becacfc53abab7dedc1899dbd9e5d94a9d6726782f3db4691ba7d0,ETHUSDT|long|confirmed_volume,1684472160000,1684508880000,2023-05-19T04:56:00+00:00,2023-05-19T15:08:00+00:00,1806.89,1801.26,0.22,397.5158,79.50316000000001,5,1795.71,1804.33,3.766319040000002,1.985363296432221,exchange_guard_proxy_touch,False,-1.2386000000000241,0.6350344000000001,-0.022089013232000004,0.31801264,-1.8957234132320242,-47.68925947678115,2,True
ETHUSDT,long,8f45e7ebd407236a44c564d07d1ff6d733bb081ed92544c6811ff44bd3b2cdd4,ETHUSDT|long|high_volume,1684509660000,1684510440000,2023-05-19T15:21:00+00:00,2023-05-19T15:34:00+00:00,1829.57,1801.26,0.12,219.5484,43.909679999999994,5,1804.33,1804.33,3.7457596799999933,7.964874506689566,exchange_guard_proxy_touch,False,-3.397199999999993,0.34855968,0.0,0.17563872,-3.7457596799999933,-170.61202359024222,2,True
ETHUSDT,long,6df5669b9203f0e00733e186ca3b1aad43530199961417678d53debd516cdac8,ETHUSDT|long|high_volume,1684518660000,1684543380000,2023-05-19T17:51:00+00:00,2023-05-20T00:43:00+00:00,1821.01,1802.91,0.16,291.3616,58.27232,5,1804.33,1805.99,3.6236505599999997,2.800735490729722,exchange_guard_proxy_touch,False,-2.8959999999999857,0.46386176000000007,-0.045982968128000005,0.23308928,-3.4058447281279856,-116.89408378207648,2,True
ETHUSDT,long,242340ffcb7d72dbe107a6ce6b2aec69c953d823bf73651b5e39f0b6a5e694f9,ETHUSDT|long|high_volume,1684573860000,1684616520000,2023-05-20T09:11:00+00:00,2023-05-20T21:02:00+00:00,1818.17,1809.45,0.22,399.9974,79.99948,5,1807.29,1812.54,3.7087388800000083,2.3020613730944346,exchange_guard_proxy_touch,False,-1.918400000000006,0.6384611200000001,0.0007033991360000001,0.31999792,-2.556157720864006,-63.90435839992974,2,True
ETHUSDT,long,c6e7a9b8ed9e3d048ce5df75b8c7538295a298b6c0dba937dc2d97d329e1117b,ETHUSDT|long|high_volume,1684779660000,1684849020000,2023-05-22T18:21:00+00:00,2023-05-23T13:37:00+00:00,1824.31,1841.8500000000001,0.15,273.6465,54.7293,5,1806.7,1844.99,3.538851599999974,2.337012148979661,exchange_guard_proxy_touch,False,2.6310000000000286,0.4399392,-0.0708223116,0.2189172,2.1202384884000285,77.48092843869841,2,True
ETHUSDT,long,51e3438bb6ac265fb7fc8a812d327aa5c11031fa141ffd3e1a583bd49f08d4b3,ETHUSDT|long|high_volume,1684855860000,1684866180000,2023-05-23T15:31:00+00:00,2023-05-23T18:23:00+00:00,1860.15,1841.8500000000001,0.17,316.2255,63.2451,5,1844.99,1844.99,3.6144719999999926,2.768110683188426,exchange_guard_proxy_touch,False,-3.1109999999999927,0.503472,-0.04657196818,0.25298040000000005,-3.6610439681799924,-115.77320513937023,2,True
ETHUSDT,long,5b9b9febceae1c3b271d0c8df30b050734b02c87a1990d5f90e579e63933c47d,ETHUSDT|long|confirmed_volume,1684884360000,1684893120000,2023-05-23T23:26:00+00:00,2023-05-24T01:52:00+00:00,1856.91,1841.91,0.16,297.10560000000004,59.42112000000001,5,1841.23,1845.05,3.48415999999999,1.6710158434296363,exchange_guard_proxy_touch,False,-2.4,0.4734489600000001,-0.053839657151999995,0.23768448000000003,-2.927288617152,-98.52687452380566,2,True
ETHUSDT,long,0b5241c942bcaaa8ec93de0e4722d7cf6af6fafd0345991417d272074188b655,ETHUSDT|long|high_volume,1685016360000,1685181780000,2023-05-25T12:06:00+00:00,2023-05-27T10:03:00+00:00,1804.72,1820.79,0.1,180.472,36.0944,5,1776.18,1823.9,3.442230399999995,7.067337719052973,exchange_guard_proxy_touch,False,1.6069999999999938,0.29004080000000004,-0.1376799069,0.14437760000000002,1.1792792930999936,65.34416935036978,2,True
ETHUSDT,long,282aeb13e27cea957fd9c0cfee245c082385821c6c8789f6342d95a5a625e7c1,ETHUSDT|long|high_volume,1685193960000,1685195760000,2023-05-27T13:26:00+00:00,2023-05-27T13:56:00+00:00,1832.64,1820.79,0.24,439.8336,87.96672,5,1823.9,1823.9,3.5454585600000326,3.0750503207076685,exchange_guard_proxy_touch,False,-2.8440000000000327,0.7014585600000001,0.0,0.35186688,-3.545458560000033,-80.6090885280259,2,True
ETHUSDT,long,1bf79286baa02e1e13e6b5c702646579323815eda2653b790a4b292770aea997,ETHUSDT|long|confirmed_volume,1685221260000,1685276520000,2023-05-27T21:01:00+00:00,2023-05-28T12:22:00+00:00,1830.29,1838.93,0.17,311.14930000000004,62.22986000000001,5,1815.83,1842.07,3.4789520799999925,1.8499696198299524,exchange_guard_proxy_touch,False,1.4688000000000172,0.49901392000000006,0.003782481402,0.24891944000000002,0.9735685614020171,31.289434409848162,2,True
ETHUSDT,long,1e8bbaf5cedafadacc9c06ca02e080d252d5e89ffc299861fb7d8ed6d7c307ae,ETHUSDT|long|high_volume,1685352360000,1685357400000,2023-05-29T09:26:00+00:00,2023-05-29T10:50:00+00:00,1904.53,1890.0,0.2,380.906,76.1812,5,1893.22,1893.22,3.5131247999999946,3.9764037810433654,exchange_guard_proxy_touch,False,-2.905999999999995,0.6071248,0.0,0.3047248,-3.5131247999999946,-92.23075509443261,2,True
ETHUSDT,long,a98acff2b856cdb2830761a38a70b76ea31a8a0734a8f3cbba1ed3e1d5a661d4,ETHUSDT|long|high_volume,1685416860000,1685463420000,2023-05-30T03:21:00+00:00,2023-05-30T16:17:00+00:00,1908.63,1888.64,0.1,190.86300000000003,38.1726,5,1880.01,1891.86,3.4848352000000165,17.3733564067406,exchange_guard_proxy_touch,False,-1.999000000000001,0.30378160000000004,-0.05461827016000001,0.15269040000000003,-2.3573998701600014,-123.51266982914453,2,True
ETHUSDT,long,6c2933c015a17ace3d78bcb74289c682d336eb898dcca8c953f721ba11f9a43c,ETHUSDT|long|high_volume,1685469060000,1685498460000,2023-05-30T17:51:00+00:00,2023-05-31T02:01:00+00:00,1911.15,1893.05,0.14,267.56100000000004,53.51220000000001,5,1891.86,1896.28,3.576976479999999,2.7604175086358893,exchange_guard_proxy_touch,False,-2.5340000000000193,0.4260704,-0.042295090068,0.21404880000000004,-3.0023654900680192,-112.21237362949081,2,True
ETHUSDT,long,44b60bdbe599232045ea1d2c02d1207382b28fe8e99edf4e193e406b9ea50a4c,ETHUSDT|long|high_volume,1685578560000,1685587740000,2023-06-01T00:16:00+00:00,2023-06-01T02:49:00+00:00,1887.77,1856.99,0.1,188.77700000000002,37.7554,5,1860.16,1860.16,3.377580799999997,16.000542166075814,exchange_guard_proxy_touch,False,-3.0779999999999976,0.29958080000000004,0.0,0.1510216,-3.377580799999998,-178.91908442236064,2,True
ETHUSDT,long,eab7695748c25899a6c716e96ff50109bcc09e09bcff9bbb160c55dfbd60e987,ETHUSDT|long|high_volume,1685622960000,1685662260000,2023-06-01T12:36:00+00:00,2023-06-01T23:31:00+00:00,1865.18,1852.31,0.16,298.4288,59.68576,5,1850.01,1855.47,3.40634111999999,5.075266615671153,exchange_guard_proxy_touch,False,-2.059200000000019,0.47583872,-0.059609600000000006,0.23874304000000002,-2.5946483200000188,-86.943630105406,2,True
ETHUSDT,long,80f5eafea4537c2a7a12b6fc4454d1824a6bd169b79970db2df47f7b5f21710d,ETHUSDT|long|high_volume,1685669460000,1685709000000,2023-06-02T01:31:00+00:00,2023-06-02T12:30:00+00:00,1870.55,1881.02,0.16,299.288,59.857600000000005,5,1855.47,1884.23,3.394926080000001,3.1092870627824203,exchange_guard_proxy_touch,False,1.6752000000000045,0.48020095999999995,-0.06031968000000001,0.23943040000000002,1.1346793600000045,37.912624629119925,2,True
ETHUSDT,long,01cca8d43e1f09ea72d96108ab8ad996b45cad20a5a25892174951142201e459,ETHUSDT|long|high_volume,1685786160000,1685804400000,2023-06-03T09:56:00+00:00,2023-06-03T15:00:00+00:00,1906.56,1894.2,0.21,400.3776,80.07552,5,1896.34,1897.43,3.462844559999962,2.0573787397726004,exchange_guard_proxy_touch,False,-2.595599999999979,0.63852768,0.0,0.32030208,-3.234127679999979,-80.77693856998941,2,True
ETHUSDT,long,326ef21ff1d4dd4cfa3eef0aa4af18a0a093eed63aad3241918a88530bdf2889,ETHUSDT|long|high_volume,1685808060000,1685810880000,2023-06-03T16:01:00+00:00,2023-06-03T16:48:00+00:00,1905.57,1894.2,0.24,457.3368,91.46736,5,1897.43,1897.43,3.4583558399999736,6.426824394626283,exchange_guard_proxy_touch,False,-2.728799999999974,0.72955584,0.0,0.36586944,-3.4583558399999736,-75.61945244729866,2,True
ETHUSDT,long,81c9a73af1e8dc0e4b3001205116ce8a696c4d413d120b72e654e4519341cc6b,ETHUSDT|long|high_volume,1685852460000,1685920980000,2023-06-04T04:21:00+00:00,2023-06-04T23:23:00+00:00,1897.33,1891.76,0.16,303.5728,60.71455999999999,5,1883.18,1894.99,3.261094399999984,2.499160765638372,exchange_guard_proxy_touch,False,-0.8911999999999898,0.4850035200000001,-0.07830707481600001,0.24285824000000003,-1.4545105948159898,-47.91307372781718,2,True
ETHUSDT,long,7c19863902168a1ba76e0c3c5bb89c034779d8587febe67d6baceaa9a6e01713,ETHUSDT|long|high_volume,1686027360000,1686051780000,2023-06-06T04:56:00+00:00,2023-06-06T11:43:00+00:00,1819.68,1807.51,0.09,163.7712,32.754239999999996,5,1791.04,1810.59,3.111852240000005,7.077947081008001,exchange_guard_proxy_touch,False,-1.0953000000000066,0.26115768,-0.000649151532,0.13101696000000002,-1.3571068315320065,-82.8660247669924,2,True
BTCUSDT,short,104db429c9b3e433aef3643d589551d88e3db6148b5c11767fcc90bf5c950bbb,BTCUSDT|short|confirmed_volume,1686015060000,1686060060000,2023-06-06T01:31:00+00:00,2023-06-06T14:01:00+00:00,25590.7,25830.300000000003,0.0026000000000000003,66.53582000000002,13.307164000000004,5,26810.0,25786.399999999998,3.3978283040000044,1.5072136427268819,exchange_guard_proxy_touch,False,-0.6229600000000057,0.10695568000000001,-0.004073008997200001,0.05322865600000001,-0.7339886889972057,-110.31481824334706,2,True
ETHUSDT,long,6373fe679488152a5f8569913838ad496302d4a63ec0e611af96701c08fea362,ETHUSDT|long|high_volume,1686060360000,1686128820000,2023-06-06T14:06:00+00:00,2023-06-07T09:07:00+00:00,1828.89,1867.8,0.14,256.04460000000006,51.20892000000001,5,1810.59,1870.99,3.400476800000016,8.156006438263441,exchange_guard_proxy_touch,False,5.4473999999999805,0.41402928000000006,-0.14945694898400003,0.20483568000000005,4.883913771015981,190.74465038575232,2,True
BTCUSDT,short,17eb59094e39c41c98061305182787937a4d0658222f638e26278b628d434fb2,BTCUSDT|short|high_volume,1686129660000,1686206580000,2023-06-07T09:21:00+00:00,2023-06-08T06:43:00+00:00,26657.9,26504.600000000002,0.0085,226.59215000000003,45.318430000000006,5,26974.0,26459.6,3.4420090400000003,6.557878703211325,exchange_guard_proxy_touch,False,1.3030499999999938,0.361505,0.021281026963500004,0.18127372000000003,0.9628260269634938,42.49158794616202,2,True
ETHUSDT,long,6d6d4e8d1557c4c84b44dd4c7126f9d03ccaf2c4234bce010e4b4cc0cfa7ea4a,ETHUSDT|long|high_volume,1686221160000,1686229380000,2023-06-08T10:46:00+00:00,2023-06-08T13:03:00+00:00,1846.14,1833.9,0.16,295.3824,59.076480000000004,5,1831.38,1837.03,3.3311232000000177,2.8888749122166453,exchange_guard_proxy_touch,False,-1.9584000000000015,0.47104512,0.0,0.23630592000000003,-2.4294451200000013,-82.24745685592646,2,True
ETHUSDT,long,af187d4600293370912fdc48844e238d5a23c3a8db29f161d53a92159bdab83d,ETHUSDT|long|high_volume,1686234960000,1686276480000,2023-06-08T14:36:00+00:00,2023-06-09T02:08:00+00:00,1862.24,1837.01,0.11,204.8464,40.96928,5,1837.03,1840.14,3.442660319999991,5.94952901081225,exchange_guard_proxy_touch,False,-2.775300000000002,0.325534,-0.055161370242000005,0.16387712000000001,-3.155995370242002,-154.06643076187825,2,True
BTCUSDT,short,8a357343227863a281c27b892f300b613f4bb71c85ea99b34855e47533617207,BTCUSDT|short|high_volume,1686269460000,1686298740000,2023-06-09T00:11:00+00:00,2023-06-09T08:19:00+00:00,26405.7,26635.300000000003,0.010400000000000001,274.61928000000006,54.923856000000015,5,26645.8,26590.0,3.4099253760000154,4.1768694890802625,exchange_guard_proxy_touch,False,-2.387840000000023,0.44130112000000005,0.021802253532800003,0.21969542400000006,-2.8073388664672225,-102.22657587869365,2,True
ETHUSDT,long,41f4035f00d677d00f8db99c3c112abe75d1e042c241b1b8ecd793f6e33fd768,ETHUSDT|long|confirmed_volume,1686312660000,1686326040000,2023-06-09T12:11:00+00:00,2023-06-09T15:54:00+00:00,1848.4,1835.89,0.13,240.29200000000003,48.058400000000006,5,1829.99,1839.02,3.1811280799999966,1.688212328744979,exchange_guard_proxy_touch,False,-1.626299999999999,0.38316616000000003,0.0,0.1922336,-2.009466159999999,-83.62601168578223,2,True
BTCUSDT,short,7971be10fb9e1e0010661fa292a49d14f9c4ad8d5d627b75aa476fd130f5966f,BTCUSDT|short|high_volume,1686358560000,1686359460000,2023-06-10T00:56:00+00:00,2023-06-10T01:11:00+00:00,26398.5,26535.2,0.0188,496.2918,99.25836000000001,5,26490.1,26490.1,3.366082848000014,2.6295690378810876,exchange_guard_proxy_touch,False,-2.569960000000014,0.7961228480000001,0.0,0.39703344,-3.366082848000014,-67.82467185635575,2,True
BTCUSDT,short,a4d5a1d809ed0baa1ed2f0dff378c072f7bfab45bf4ab07905596b2a1625acd7,BTCUSDT|short|high_volume,1686361860000,1686416880000,2023-06-10T01:51:00+00:00,2023-06-10T17:08:00+00:00,26342.300000000003,25773.0,0.014100000000000001,371.4264300000001,74.28528600000001,5,26490.1,25729.199999999997,3.3163481999999695,5.453042796833005,exchange_guard_proxy_touch,False,8.027130000000042,0.5878605840000002,0.022659327266700002,0.2971411440000001,7.461928743266742,200.8992398108756,2,True
ETHUSDT,long,c73a138f91163d8f1a45790c549423c9177ecaa9d1a84df59408c74ea5c22d1f,ETHUSDT|long|high_volume,1686429660000,1686441660000,2023-06-10T20:41:00+00:00,2023-06-11T00:01:00+00:00,1748.42,1746.3400000000001,0.08,139.8736,27.97472,5,1715.28,1715.28,3.106289919999996,2.1431258619802183,completed_MTF_D_BIAS_REVERSED,False,-0.1663999999999942,0.22366464000000005,-0.0049942543200000005,0.11189888000000002,-0.39505889431999425,-28.243992742018094,2,False
BTCUSDT,short,2486e7386496d54a5a7cdb8c8dceaf5f26526082b6ef6db612d849f343a4121c,BTCUSDT|short|confirmed_volume,1686453060000,1686483120000,2023-06-11T03:11:00+00:00,2023-06-11T11:32:00+00:00,25694.5,25864.100000000002,0.0109,280.07005,56.01401,5,25919.6,25820.199999999997,3.3847395040000077,1.8460539301983203,exchange_guard_proxy_touch,False,-1.8486400000000238,0.449590992,0.008965513344,0.22405604,-2.2892654786560236,-81.73903202630999,2,True
BTCUSDT,short,85de587442e37eeb4ce624f14ee48103ac003acdc9ef01635f6b470197be0d02,BTCUSDT|short|high_volume,1686491760000,1686500340000,2023-06-11T13:56:00+00:00,2023-06-11T16:19:00+00:00,25657.0,25864.100000000002,0.013600000000000001,348.9352,69.78704,5,25820.199999999997,25820.199999999997,3.37710956800003,3.6705175865027173,exchange_guard_proxy_touch,False,-2.8165600000000297,0.5605495680000001,0.020742178379999997,0.27914816000000003,-3.35636738962003,-96.18884508126523,2,True
BTCUSDT,short,0c13442c79c18c50d51394a6a26e09dbe41fe4bae5441f8c00d3bf08e4bdd181,BTCUSDT|short|high_volume,1686572460000,1686615300000,2023-06-12T12:21:00+00:00,2023-06-13T00:15:00+00:00,25873.600000000002,26006.800000000003,0.010700000000000001,276.84752000000003,55.369504000000006,5,26097.8,25962.6,3.3192752479999847,2.7176877721414745,exchange_guard_proxy_touch,False,-1.4252400000000078,0.44409622400000015,0.0377154566424,0.22147801600000006,-1.831620767357608,-66.15991240801463,2,True
BTCUSDT,short,741620929c89dbd4ff29ee5639125aceef1ed10179af6fdae3924832096d5ecf,BTCUSDT|short|high_volume,1686617760000,1686619680000,2023-06-13T00:56:00+00:00,2023-06-13T01:28:00+00:00,25797.2,26006.800000000003,0.0132,340.52304,68.104608,5,25962.6,25962.6,3.3137702400000286,5.73133601309897,exchange_guard_proxy_touch,False,-2.7667200000000287,0.54705024,0.0,0.272418432,-3.3137702400000286,-97.31412711457142,2,True
BTCUSDT,short,097385d5d9972513682e0a0ede9ce35fbd71650bb33dcd32405c54a6912e10c7,BTCUSDT|short|high_volume,1686695460000,1686703080000,2023-06-13T22:31:00+00:00,2023-06-14T00:38:00+00:00,25771.7,26017.300000000003,0.0114,293.79738000000003,58.75947600000001,5,25973.1,25973.1,3.272155680000025,2.0979452705096646,exchange_guard_proxy_touch,False,-2.799840000000025,0.47231568000000007,0.007203441576,0.23503790400000002,-3.264952238424025,-111.12938578363173,2,True
BTCUSDT,short,ad66379fdca9654476739c206d4a1616dd69cd2afb79eee78a079fd23379dc3e,BTCUSDT|short|high_volume,1686801960000,1686835320000,2023-06-15T04:06:00+00:00,2023-06-15T13:22:00+00:00,24986.800000000003,25106.2,0.011000000000000001,274.85480000000007,54.97096000000001,5,25198.899999999998,25063.5,3.2470116800000004,3.2316459415399783,exchange_guard_proxy_touch,False,-1.3133999999999761,0.4408184000000001,0.017013446758,0.21988384000000005,-1.7372049532419762,-63.20446116429387,2,True
BTCUSDT,short,acf50ab940aef8fdee37ab4b65739367e71c4317ce5c2cab809a862465fc0b85,BTCUSDT|short|high_volume,1686844260000,1686851100000,2023-06-15T15:51:00+00:00,2023-06-15T17:45:00+00:00,24920.5,25106.2,0.0143,356.36315,71.27263,5,25063.5,25063.5,3.2278154480000105,2.07774571530935,exchange_guard_proxy_touch,False,-2.6555100000000103,0.572305448,0.023856682964400005,0.28509052,-3.20395876503561,-89.90712886659605,2,True
BTCUSDT,short,2d091c13fcb6b3ed30cd32fc0a822f115ae9a76f54e18db32e314b4c9b1ec9ca,BTCUSDT|short|high_volume,1686914760000,1686922080000,2023-06-16T11:26:00+00:00,2023-06-16T13:28:00+00:00,25473.0,25663.7,0.013800000000000002,351.52740000000006,70.30548000000002,5,25620.1,25620.1,3.1962091680000104,5.908373857105205,exchange_guard_proxy_touch,False,-2.6316600000000103,0.5645491680000001,0.0,0.28122192000000007,-3.1962091680000104,-90.92347191143591,2,True
BTCUSDT,short,a132a33f61f47f195e6192f544b7612459e5b0280ae203462c3452ea2ab0b9a4,BTCUSDT|short|high_volume,1686927060000,1686927480000,2023-06-16T14:51:00+00:00,2023-06-16T14:58:00+00:00,25326.5,25663.7,0.008400000000000001,212.74260000000004,42.54852000000001,5,25620.1,25620.1,3.175134144000007,28.255653608764217,exchange_guard_proxy_touch,False,-2.8324800000000065,0.34265414400000005,0.0,0.17019408000000005,-3.1751341440000065,-149.24768917931837,2,True
BTCUSDT,short,646fa7dab49ac70a31d16bc6644a545d990e18c80cb0dacb4ba90ccd2ec01d92,BTCUSDT|short|confirmed_volume,1687079160000,1687104540000,2023-06-18T09:06:00+00:00,2023-06-18T16:09:00+00:00,26428.800000000003,26611.300000000003,0.0126,333.00288000000006,66.60057600000002,5,26590.1,26566.1,3.1380471359999818,1.8288098784185511,exchange_guard_proxy_touch,False,-2.2995,0.5346442080000001,0.022428124425,0.26640230400000003,-2.811716083575,-84.43518817539955,2,True
BTCUSDT,short,50b291fcb522bc8344c44b40c36bb84be3042921b4fc46a77f66f98116a0d908,BTCUSDT|short|high_volume,1687269660000,1687276140000,2023-06-20T14:01:00+00:00,2023-06-20T15:49:00+00:00,26744.600000000002,27015.9,0.008400000000000001,224.65464000000006,44.93092800000001,5,27024.3,26970.0,3.0975161280000063,4.370377442531059,exchange_guard_proxy_touch,False,-2.278919999999994,0.3612705600000001,0.0,0.17972371200000004,-2.640190559999994,-117.52219139564592,2,True
BTCUSDT,long,e6c3275dcc5ef4934dfbeffd31ddf34392f399859cd7aa55a6f817414140c869,BTCUSDT|long|high_volume,1687781460000,1687797900000,2023-06-26T12:11:00+00:00,2023-06-26T16:45:00+00:00,30385.4,30102.2,0.009300000000000001,282.58422,56.516844000000006,5,30153.5,30153.5,3.083787744000007,2.4640605095032995,exchange_guard_proxy_touch,False,-2.633760000000007,0.45002774400000006,-0.056545302000000006,0.22606737600000004,-3.1403330460000074,-111.1291014763672,2,True
BTCUSDT,long,d1f316976d390b59ec87118ee4d988e04a462b0d2119b536419cd3dac3c38215,BTCUSDT|long|confirmed_volume,1687830960000,1687911540000,2023-06-27T01:56:00+00:00,2023-06-28T00:19:00+00:00,30416.5,30481.0,0.0071,215.95715,43.191430000000004,5,30086.0,30533.0,3.0534333839999794,1.7272164750790897,exchange_guard_proxy_touch,False,0.45795,0.34589780000000003,-0.13003664200000004,0.17276572,-0.017984442000000045,-0.8327782617986969,2,True
BTCUSDT,long,9a724e9cd0513f3e21bb0fc94d75984948dff8757aca52b3ef13120a4aaf29d6,BTCUSDT|long|confirmed_volume,1688013660000,1688070180000,2023-06-29T04:41:00+00:00,2023-06-29T20:23:00+00:00,30259.2,30328.2,0.0095,287.4624,57.49248,5,30036.0,30379.9,3.0637051599999934,1.6085493291395283,exchange_guard_proxy_touch,False,0.6555,0.46046424,-0.1114895813,0.22996992,0.08354617869999995,2.90633413969966,2,True
BTCUSDT,long,efa09583eec1fd7a3571cef17533b73fee8ed4e41202f87141063b6038214550,BTCUSDT|long|high_volume,1688100060000,1688132160000,2023-06-30T04:41:00+00:00,2023-06-30T13:36:00+00:00,31095.5,30551.800000000003,0.0035,108.83425,21.766849999999998,5,30337.300000000003,30603.9,3.0061673599999974,6.089652766142235,exchange_guard_proxy_touch,False,-1.90294999999999,0.17261244,-0.021531440000000002,0.0870674,-2.09709387999999,-192.6869418404583,2,True
BTCUSDT,long,8f29c0ed44e47b60de5df2023d98db00cc7308905b009605e0c91140d60d248b,BTCUSDT|long|high_volume,1688157060000,1688264280000,2023-06-30T20:31:00+00:00,2023-07-02T02:18:00+00:00,30518.800000000003,30482.2,0.0076,231.94288000000003,46.38857600000001,5,30221.9,30534.2,3.016070944000022,5.06527140466201,exchange_guard_proxy_touch,False,-0.2781600000000166,0.37088608,-0.185505968,0.18555430400000003,-0.8345520480000166,-35.980929787541506,2,True
BTCUSDT,long,02a492e2beb662c85cea0ac1d1f2bc5c378accaf36584a8fe8338b64185874d5,BTCUSDT|long|high_volume,1688299560000,1688311380000,2023-07-02T12:06:00+00:00,2023-07-02T15:23:00+00:00,30615.5,30410.2,0.0119,364.32445,72.86489,5,30462.0,30462.0,3.0240346639999918,5.091441306917888,exchange_guard_proxy_touch,False,-2.4430699999999916,0.580964664,0.0,0.29145956,-3.0240346639999918,-83.00389018634328,2,True
BTCUSDT,long,ecd162246e7bc779bfb9e85a64db0a2ef81cb22f40b4932dbff27996f786f364,BTCUSDT|long|high_volume,1688336760000,1688337780000,2023-07-02T22:26:00+00:00,2023-07-02T22:43:00+00:00,30716.7,30406.100000000002,0.0083,254.94861,50.989722,5,30457.9,30457.9,2.983835391999988,2.1007139814479268,exchange_guard_proxy_touch,False,-2.577979999999988,0.40585539200000004,0.0,0.203958888,-2.983835391999988,-117.03673897261051,2,True
BTCUSDT,long,ad81b8665258309b768641969bd423a864c36fbdce886861a65a95b7aa86e9ca,BTCUSDT|long|confirmed_volume,1688347860000,1688450640000,2023-07-03T01:31:00+00:00,2023-07-04T06:04:00+00:00,30753.100000000002,30822.600000000002,0.006900000000000001,212.19639000000004,42.43927800000001,5,30424.9,30875.100000000002,2.959416624,1.8269368661987406,exchange_guard_proxy_touch,False,0.47955000000000003,0.33989786400000005,-0.128174262,0.16975711200000004,0.011477873999999971,0.5409080710562498,2,True
BTCUSDT,long,c72a66289159d2f90cf1b592fc9f190ed53044d9eef4cf1fd06dd5037519855e,BTCUSDT|long|high_volume,1688632560000,1688650980000,2023-07-06T08:36:00+00:00,2023-07-06T13:43:00+00:00,30946.800000000003,30368.7,0.0047,145.44996000000003,29.089992000000006,5,30420.5,30420.5,2.9476162800000107,3.782697894372359,exchange_guard_proxy_touch,False,-2.7170700000000103,0.23054628000000005,0.0,0.11635996800000002,-2.9476162800000103,-202.6550079491263,2,True
BTCUSDT,long,ea81cd5d0ad1cc67826b7e2bbf11c14c2c85a4340f67abdc709493923ba25feb,BTCUSDT|long|high_volume,1688733360000,1688789340000,2023-07-07T12:36:00+00:00,2023-07-08T04:09:00+00:00,30312.100000000002,30188.4,0.0058000000000000005,175.81018000000003,35.16203600000001,5,29904.300000000003,30239.9,2.9396279200000044,23.796872611192306,exchange_guard_proxy_touch,False,-0.7174600000000043,0.28072232,-0.012058055754000001,0.14064814400000003,-1.0102403757540044,-57.46199541767173,2,True
BTCUSDT,long,f4ab7bb1107a6a4e804adea8c78b5085f720df01a521f7248ca9f87ec66d583d,BTCUSDT|long|high_volume,1688832360000,1688844180000,2023-07-08T16:06:00+00:00,2023-07-08T19:23:00+00:00,30271.4,30081.100000000002,0.0123,372.33822000000004,74.467644,5,30132.4,30132.4,2.934558599999991,3.3450735266783145,exchange_guard_proxy_touch,False,-2.340689999999991,0.5938686000000001,0.0,0.297870576,-2.934558599999991,-78.8143263938897,2,True
BTCUSDT,long,f76cb7e619539aeea058f3338d0a6aa39db568d18738efbf3591e43278d28f0d,BTCUSDT|long|high_volume,1688890260000,1688895180000,2023-07-09T08:11:00+00:00,2023-07-09T09:33:00+00:00,30332.800000000003,30190.100000000002,0.0152,461.05856000000006,92.211712,5,30241.600000000002,30241.600000000002,2.904998464000011,2.437892643897064,exchange_guard_proxy_touch,False,-2.169040000000011,0.7359584640000001,0.0,0.36884684800000006,-2.904998464000011,-63.007147378415674,2,True
BTCUSDT,long,8f2c75ebb0436c2df826ea4d14b2fa130547b3743e0ef2bd95027b0d4f5a9bdb,BTCUSDT|long|high_volume,1688990460000,1689067200000,2023-07-10T12:01:00+00:00,2023-07-11T09:20:00+00:00,30282.100000000002,30330.600000000002,0.006900000000000001,208.94649000000004,41.78929800000001,5,29966.5,30382.300000000003,2.8618307520000155,3.154447547760026,exchange_guard_proxy_touch,False,0.33465000000000006,0.33458210400000005,-0.080942390349,0.16715719200000004,-0.08087449434899999,-3.870584011676864,2,True
BTCUSDT,long,a3cc1b23ff20e1ba780ef8095f122bd588706997eb444dd2470498c212705933,BTCUSDT|long|high_volume,1689117360000,1689169080000,2023-07-11T23:16:00+00:00,2023-07-12T13:38:00+00:00,30657.100000000002,30433.0,0.0077,236.05967,47.211934,5,30383.800000000003,30484.9,2.878193472,2.044720078395577,exchange_guard_proxy_touch,False,-1.725570000000017,0.37631501600000006,-0.0638510558224,0.18884773600000002,-2.1657360718224172,-91.74528083608763,2,True
ETHUSDT,long,6ad2692ac24e54faf13d6e427a208dd755a7db4b4852cb20f61ab91fa463f365,ETHUSDT|long|high_volume,1689293760000,1689316320000,2023-07-14T00:16:00+00:00,2023-07-14T06:32:00+00:00,2013.42,2000.64,0.06,120.8052,24.16104,5,1970.99,2004.05,2.938490399999998,2.095973836766823,exchange_guard_proxy_touch,False,-0.7667999999999984,0.19267488000000002,0.0,0.09664416,-0.9594748799999984,-79.42330959263329,2,True
BTCUSDT,long,7578fd377c9747f5b2d140ad62bed0586d1898d83f764ba761c6d85b5ef38fc4,BTCUSDT|long|high_volume,1689231660000,1689341880000,2023-07-13T07:01:00+00:00,2023-07-14T13:38:00+00:00,30426.7,31015.5,0.0097,295.13899000000004,59.027798000000004,5,30232.9,31068.4,2.8487596320000073,4.418549025588104,exchange_guard_proxy_touch,False,5.711359999999993,0.476791472,-0.160535487231,0.23611119200000003,5.074033040768993,171.92011942471552,2,True
BTCUSDT,long,80440283f347cbda1bb61a8ca679a4f9ff27b0b41c65028cfcedfce66fa68f1a,BTCUSDT|long|high_volume,1689342960000,1689352260000,2023-07-14T13:56:00+00:00,2023-07-14T16:31:00+00:00,31321.100000000002,31015.5,0.0081,253.70091,50.740182,5,31068.4,31068.4,2.8793011680000173,3.7921368713390704,exchange_guard_proxy_touch,False,-2.4753600000000175,0.4039411680000001,-0.050603291999999994,0.202960728,-2.9299044600000177,-115.4865569855472,2,True
BTCUSDT,long,f432a0ad80ef7b09f9bac1e07bda81344d7d559ec9cad36ed38c2d83c6e20bb8,BTCUSDT|long|high_volume,1689415860000,1689433500000,2023-07-15T10:11:00+00:00,2023-07-15T15:05:00+00:00,30398.7,30189.4,0.0111,337.42557000000005,67.48511400000001,5,30240.9,30240.9,2.861252327999992,2.372645139875735,exchange_guard_proxy_touch,False,-2.323229999999992,0.5380223280000002,0.0,0.269940456,-2.8612523279999924,-84.79654722076907,2,True
ETHUSDT,long,a407d45c1da93bc85ef4410498115ce96fc3542ab2bea4441d2caa1875c41f6a,ETHUSDT|long|confirmed_volume,1689404460000,1689455460000,2023-07-15T07:01:00+00:00,2023-07-15T21:11:00+00:00,1936.16,1924.02,0.16,309.78560000000004,61.95712000000001,5,1925.56,1927.3,2.7146803200000176,1.7030828897996333,exchange_guard_proxy_touch,False,-1.9424000000000161,0.49410304000000005,-0.10477204038400001,0.24782848000000002,-2.5412750803840165,-82.03335082018067,2,True
ETHUSDT,long,df90571997133cf783146853bf9e13412aa25ef7f422df23ac46ebe02206aa4e,ETHUSDT|long|high_volume,1689499860000,1689549900000,2023-07-16T09:31:00+00:00,2023-07-16T23:25:00+00:00,1932.98,1921.55,0.14,270.6172,54.12344,5,1919.33,1924.83,2.7998924800000107,4.290469122710938,exchange_guard_proxy_touch,False,-1.6002000000000092,0.43170736000000004,-0.0221222848,0.21649376,-2.0540296448000093,-75.90166644248811,2,True
BTCUSDT,long,0e9dbad561bdb6b1758d36a9adf7b5232277b8efe2fdfaee5c6270c3aefc7c3d,BTCUSDT|long|high_volume,1689679560000,1689681180000,2023-07-18T11:26:00+00:00,2023-07-18T11:53:00+00:00,30060.7,29813.7,0.0094,282.57058,56.514116,5,29864.5,29864.5,2.772055488,3.529266831392127,exchange_guard_proxy_touch,False,-2.3218,0.45025548800000004,0.0,0.22605646400000004,-2.7720554880000003,-98.10134827199633,2,True
ETHUSDT,long,04764f2f84bb33625cd3cab4f1570536f9b42f2f0b307293e8c0232548492e09,ETHUSDT|long|high_volume,1689679560000,1689681300000,2023-07-18T11:26:00+00:00,2023-07-18T11:55:00+00:00,1909.02,1889.07,0.12,229.08239999999998,45.81648,5,1892.29,1892.29,2.7586166400000054,4.462219989703366,exchange_guard_proxy_touch,False,-2.3940000000000055,0.36461664,0.0,0.18326592,-2.7586166400000054,-120.42027846748617,2,True
ETHUSDT,long,5c2b1e066667f91d5c76218578e9ef8c4a032cf1941bfe9d777c72795617a163,ETHUSDT|long|high_volume,1689690360000,1689690720000,2023-07-18T14:26:00+00:00,2023-07-18T14:32:00+00:00,1903.48,1889.07,0.15,285.522,57.1044,5,1892.29,1892.29,2.6166060000000124,3.5361570164559786,exchange_guard_proxy_touch,False,-2.161500000000012,0.455106,0.0,0.2284176,-2.6166060000000124,-91.642885662051,2,True
BTCUSDT,long,0c66cb67f67d457b7c5f63a09bfff14b6741c5594b2670de22a4340c7f55e19e,BTCUSDT|long|high_volume,1689774360000,1689776100000,2023-07-19T13:46:00+00:00,2023-07-19T14:15:00+00:00,30119.2,29801.300000000003,0.0074,222.88208,44.576416,5,29852.100000000002,29852.100000000002,2.707189359999984,3.071081770035552,exchange_guard_proxy_touch,False,-2.352459999999984,0.35472936,0.0,0.17830566400000003,-2.7071893599999837,-121.46285425907652,2,True
ETHUSDT,long,300e63057ebf60ca43071ce1c7e5d3aed8c49dd013e2f3f11931e6df2e5a9a60,ETHUSDT|long|high_volume,1689726960000,1689776100000,2023-07-19T00:36:00+00:00,2023-07-19T14:15:00+00:00,1910.15,1898.1200000000001,0.09,171.9135,34.3827,5,1888.61,1901.36,2.501678879999999,5.583091982565991,exchange_guard_proxy_touch,False,-1.0826999999999976,0.27419544000000007,-0.03434022,0.1375308,-1.3912356599999975,-80.9264926838205,2,True
ETHUSDT,long,7b64fc13eb76149f18dc5be0c24ac0f7ea9109dd6641d62361afa82d2f7788fb,ETHUSDT|long|confirmed_volume,1689788460000,1689798180000,2023-07-19T17:41:00+00:00,2023-07-19T20:23:00+00:00,1912.0900000000001,1898.1200000000001,0.15,286.81350000000003,57.362700000000004,5,1901.36,1901.36,2.5527252000000042,1.5687633773150087,exchange_guard_proxy_touch,False,-2.095500000000004,0.4572252,0.0,0.2294508,-2.552725200000004,-89.00296534158969,2,True
BTCUSDT,long,d187ec4dfff80082bca363c9db39ffd6a10e3af34685f0abe8381ce47c780d55,BTCUSDT|long|high_volume,1689789060000,1689801600000,2023-07-19T17:51:00+00:00,2023-07-19T21:20:00+00:00,30089.9,29801.300000000003,0.0079,237.71021000000005,47.54204200000001,5,29852.100000000002,29852.100000000002,2.6584523839999887,5.239864096353884,exchange_guard_proxy_touch,False,-2.2799399999999888,0.3785123840000001,0.0,0.19016816800000003,-2.6584523839999887,-111.8358518971477,2,True
BTCUSDT,long,76b52acec8aecaaeb43971b549ed61da322275f8e28a325c1910ce7eb90aaff6,BTCUSDT|long|high_volume,1689819060000,1689863820000,2023-07-20T02:11:00+00:00,2023-07-20T14:37:00+00:00,30062.600000000002,29849.5,0.0074,222.46324,44.492648,5,29810.9,29900.4,2.591910976000011,2.1750934676914686,exchange_guard_proxy_touch,False,-1.5769400000000162,0.3546796320000001,-0.0430851353808,0.177970592,-1.9747047673808162,-88.76544130980095,2,True
ETHUSDT,long,128f96f638493ef82f38ede9a9c066e6db3da9c9327aceefa1ce7d185dae7828,ETHUSDT|long|confirmed_volume,1689830160000,1689864240000,2023-07-20T05:16:00+00:00,2023-07-20T14:44:00+00:00,1903.92,1888.0900000000001,0.09,171.3528,34.27056,5,1881.6,1891.31,2.5691270399999984,1.6477566079705592,exchange_guard_proxy_touch,False,-1.4246999999999934,0.27302472000000005,-0.031716084113999995,0.13708224,-1.7294408041139935,-100.92865737320858,2,True
BTCUSDT,long,73760775252894abe581941bec2f53b4925d0a57685a4507c9dff987b5e09ed7,BTCUSDT|long|confirmed_volume,1689931260000,1689938580000,2023-07-21T09:21:00+00:00,2023-07-21T11:23:00+00:00,29870.100000000002,29678.9,0.0098,292.72698,58.545396000000004,5,29705.800000000003,29729.5,2.571719135999993,1.6519300843162166,exchange_guard_proxy_touch,False,-1.873760000000007,0.46686416000000003,0.0,0.234181584,-2.340624160000007,-79.95929039407324,2,True
ETHUSDT,long,547964ae8350a27c9934ddafaf5655d768ad6c38779c041b73deb41481cf6c36,ETHUSDT|long|high_volume,1689962460000,1689966900000,2023-07-21T18:01:00+00:00,2023-07-21T19:15:00+00:00,1901.58,1881.97,0.11,209.1738,41.83476,5,1885.18,1885.18,2.490052399999989,3.7169444762562502,exchange_guard_proxy_touch,False,-2.157099999999989,0.33295240000000004,0.0,0.16733904,-2.490052399999989,-119.04227011222194,2,True
BTCUSDT,long,c780befed9fab2313d4a630752544f0c8e8aac60b0a7f8fe472f6b8cce084260,BTCUSDT|long|high_volume,1689942360000,1690029780000,2023-07-21T12:26:00+00:00,2023-07-22T12:43:00+00:00,29877.9,29771.2,0.0103,307.74237,61.548474,5,29729.5,29821.9,2.540448032,2.0789223870629203,exchange_guard_proxy_touch,False,-1.0990100000000076,0.4915085840000001,-0.042194647124600006,0.24619389600000002,-1.6327132311246078,-53.05454790396941,2,True
BTCUSDT,long,ab46e73532fbf7db31e0e27fa73fb7df032c81019c079aa2777c99b0fd13f5bd,BTCUSDT|long|high_volume,1690112760000,1690117440000,2023-07-23T11:46:00+00:00,2023-07-23T13:04:00+00:00,29948.4,29818.7,0.014100000000000001,422.2724400000001,84.45448800000001,5,29869.5,29869.5,2.5029428880000104,2.8804225401031043,exchange_guard_proxy_touch,False,-1.8287700000000104,0.6741728880000002,0.0,0.3378179520000001,-2.5029428880000104,-59.27317653029902,2,True
ETHUSDT,long,3c908adb5546eda0910012b285ca3c2a9868262ceb5ecb6d9eecafa3bdf2302b,ETHUSDT|long|confirmed_volume,1690223460000,1690330980000,2023-07-24T18:31:00+00:00,2023-07-26T00:23:00+00:00,1850.33,1852.24,0.11,203.53629999999998,40.70726,5,1835.38,1855.4,2.312867039999992,1.785756036211518,exchange_guard_proxy_touch,False,0.210100000000009,0.32582616000000003,-0.142416185604,0.16282904,-0.258142345603991,-12.682865199180247,2,True
ETHUSDT,long,269eeb754b84b2ed4151c81d25b5dfc305b5bcb77f0266ef82fd580e7c8a311a,ETHUSDT|long|high_volume,1690340460000,1690345380000,2023-07-26T03:01:00+00:00,2023-07-26T04:23:00+00:00,1862.3600000000001,1852.24,0.19,353.8484,70.76968000000001,5,1855.4,1855.4,2.487419200000023,4.203687382166381,exchange_guard_proxy_touch,False,-1.9228000000000225,0.5646192000000001,0.0,0.28307872,-2.487419200000023,-70.29618333727163,2,True
ETHUSDT,long,3fbbfb582a10517dd9c71523bf53ce6c6e3ce04959befb04117200a7b301f9ca,ETHUSDT|long|confirmed_volume,1690420860000,1690444320000,2023-07-27T01:21:00+00:00,2023-07-27T07:52:00+00:00,1875.33,1862.22,0.15,281.29949999999997,56.259899999999995,5,1865.4,1865.4,2.415005999999985,1.7376317532984016,exchange_guard_proxy_touch,False,-1.9664999999999848,0.44850600000000007,0.0,0.2250396,-2.415005999999985,-85.8517700884639,2,True
ETHUSDT,long,6f0b8077227e6179d01fbe69cdf28b45d84949dab1d37788e26288287d413220,ETHUSDT|long|high_volume,1690448760000,1690470540000,2023-07-27T09:06:00+00:00,2023-07-27T15:09:00+00:00,1881.6100000000001,1862.22,0.1,188.16100000000003,37.632200000000005,5,1865.4,1865.4,2.23850640000001,3.4716591749714434,exchange_guard_proxy_touch,False,-1.93900000000001,0.2995064,0.0,0.15052880000000002,-2.23850640000001,-118.96760752759656,2,True
ETHUSDT,long,eb3d0d10478a5626817fc7ad369bfff9fa1e54e1a4bed2a55368af6cfc45c769,ETHUSDT|long|high_volume,1690535160000,1690611000000,2023-07-28T09:06:00+00:00,2023-07-29T06:10:00+00:00,1866.38,1868.67,0.14,261.2932,52.25864,5,1855.56,1871.86,2.373703360000003,2.5847230721717867,exchange_guard_proxy_touch,False,0.32059999999999494,0.4183256000000001,-0.10184005440000002,0.20903456000000004,-0.19956565440000515,-7.637613776401572,2,True
ETHUSDT,long,7555a040f81966d7a1fe6558a57ff485e83965085051b2ff770ac9f01291f151,ETHUSDT|long|high_volume,1690657860000,1690694040000,2023-07-29T19:11:00+00:00,2023-07-30T05:14:00+00:00,1881.22,1873.1100000000001,0.14,263.37080000000003,52.67416000000001,5,1870.46,1876.3,2.371432000000008,4.613908495150388,exchange_guard_proxy_touch,False,-1.1353999999999862,0.4204849600000001,-0.05263608,0.21069664000000005,-1.6085210399999863,-61.07438789721511,2,True
ETHUSDT,long,b930e9bff7475e67060ce5dff755c0ccae811dec2c18dc70a93c15ba5c969862,ETHUSDT|long|high_volume,1690792260000,1690812000000,2023-07-31T08:31:00+00:00,2023-07-31T14:00:00+00:00,1870.94,1858.47,0.15,280.641,56.12820000000001,5,1861.64,1861.64,2.318029200000004,9.786976746924317,exchange_guard_proxy_touch,False,-1.870500000000004,0.4475292,0.0,0.2245128,-2.3180292000000042,-82.59766748265592,2,True
BTCUSDT,short,6b82191c9a5eb94e26c08fe0689fd888fcf70d58ad42166aeb6fa7ddf15d5fbf,BTCUSDT|short|high_volume,1690854960000,1690905960000,2023-08-01T01:56:00+00:00,2023-08-01T16:06:00+00:00,29106.5,29035.9,0.0086,250.3159,50.06318,5,29285.399999999998,28986.6,2.3688988960000064,3.7516076672902336,exchange_guard_proxy_touch,False,0.6071599999999875,0.400019712,0.0417245066176,0.20025272,0.24886479461758745,9.942029036812581,2,True
ETHUSDT,long,2ca8912c7c038374a3d89a0767da2384a2daf302953a07d57002d5ffe1fe4261,ETHUSDT|long|high_volume,1690913160000,1690981440000,2023-08-01T18:06:00+00:00,2023-08-02T13:04:00+00:00,1841.25,1849.69,0.06,110.475,22.095,5,1810.83,1852.84,2.185152,2.2263447234949507,exchange_guard_proxy_touch,False,0.5064000000000033,0.17716512,-0.04475196,0.08838,0.2844829200000033,25.75088662593377,2,True
BTCUSDT,short,df4a38b359a869e6d59646f3e5c51f43ffdb226321e6024a875642233c2864b4,BTCUSDT|short|confirmed_volume,1690989660000,1691027220000,2023-08-02T15:21:00+00:00,2023-08-03T01:47:00+00:00,29147.0,29278.9,0.0043,125.3321,25.06642,5,29599.1,29229.199999999997,2.36300996,1.8571323164132432,exchange_guard_proxy_touch,False,-0.5671700000000063,0.200985096,0.025147561000000002,0.10026568000000001,-0.7430075350000063,-59.28309946135158,2,True
ETHUSDT,long,e9460143a7701878719d4a4cb269798b3f26d997ea3fb4709afae6f0cad70035,ETHUSDT|long|high_volume,1691043660000,1691044980000,2023-08-03T06:21:00+00:00,2023-08-03T06:43:00+00:00,1842.5,1833.27,0.19,350.075,70.015,5,1836.4,1836.4,2.3124170400000037,2.0820664542237632,exchange_guard_proxy_touch,False,-1.7537000000000034,0.5587170400000001,0.0,0.28006,-2.3124170400000033,-66.05490366350077,2,True
ETHUSDT,long,d4ec0f7e6e370720d043d570d5019a6927c092992d22c5c6102501edbe8d29a6,ETHUSDT|long|high_volume,1691074860000,1691100420000,2023-08-03T15:01:00+00:00,2023-08-03T22:07:00+00:00,1852.04,1830.03,0.09,166.68359999999998,33.33672,5,1833.15,1833.15,2.2460090399999992,5.844890802363616,exchange_guard_proxy_touch,False,-1.9808999999999992,0.26510904,-0.033113340000000005,0.13334688,-2.279122379999999,-136.73345068141072,2,True
BTCUSDT,short,4b689378968c97bf4e54d82e24d3e6a5373c0edfb2ae4108ea44d82b82290895,BTCUSDT|short|high_volume,1691115960000,1691152200000,2023-08-04T02:26:00+00:00,2023-08-04T12:30:00+00:00,29083.2,29299.9,0.0063,183.22416,36.644832,5,29352.5,29250.1,2.3057274240000045,8.618932696506015,exchange_guard_proxy_touch,False,-1.3652100000000047,0.294250824,0.018397008,0.146579328,-1.6410638160000048,-89.5659074654786,2,True
ETHUSDT,long,9208a1dabc8c8f2f344efb08c76d9c7dc5e5a29cc5868c4244902823d235bada,ETHUSDT|long|high_volume,1691152260000,1691152560000,2023-08-04T12:31:00+00:00,2023-08-04T12:36:00+00:00,1842.78,1827.53,0.12,221.1336,44.22672,5,1830.65,1830.65,2.1823497599999997,3.768026984530869,exchange_guard_proxy_touch,False,-1.8299999999999998,0.35234975999999996,0.0,0.17690688,-2.1823497599999997,-98.68919784239029,2,True
ETHUSDT,long,c21e81f42a59134b21bbb3b325597f831aebf96e82a9bee7546a2f1ffa2be6be,ETHUSDT|long|high_volume,1691157060000,1691173500000,2023-08-04T13:51:00+00:00,2023-08-04T18:25:00+00:00,1852.02,1827.53,0.08,148.1616,29.63232,5,1830.65,1830.65,2.1946912000000007,2.2365924372527717,exchange_guard_proxy_touch,False,-1.9592000000000007,0.2354912,-0.029545600000000005,0.11852928,-2.224236800000001,-150.1223528903576,2,True
BTCUSDT,short,af7dd34733a528cd0e18b8a105beb2bb39cc453a677bf200cd92b44f2b4f9f73,BTCUSDT|short|high_volume,1691209260000,1691261700000,2023-08-05T04:21:00+00:00,2023-08-05T18:55:00+00:00,29013.9,29122.5,0.0099,287.23761,57.447522000000006,5,29145.1,29073.0,2.250932111999993,2.3803520601996064,exchange_guard_proxy_touch,False,-1.0751399999999858,0.4604402880000001,0.05748969600000001,0.22979008800000003,-1.4780905919999858,-51.458811121565375,2,True
BTCUSDT,short,16841f5c877928d026ae2e4bac752f27085fc250016a060286bf834f01ceb2d8,BTCUSDT|short|high_volume,1691268060000,1691271660000,2023-08-05T20:41:00+00:00,2023-08-05T21:41:00+00:00,28996.4,29122.5,0.013000000000000001,376.95320000000004,75.39064,5,29073.0,29073.0,2.2437365599999812,3.0747093197183943,exchange_guard_proxy_touch,False,-1.6392999999999813,0.60443656,0.0,0.30156256000000004,-2.2437365599999812,-59.52294767626275,2,True
ETHUSDT,long,e0053d4d0d7962df72a5c25d24a44da0b4d1e8b62d62161090c4821ae4e741f3,ETHUSDT|long|high_volume,1691275860000,1691303520000,2023-08-05T22:51:00+00:00,2023-08-06T06:32:00+00:00,1840.64,1829.33,0.13,239.28320000000002,47.856640000000006,5,1830.34,1832.45,2.1260574400000096,3.5642320279226216,exchange_guard_proxy_touch,False,-1.4703000000000226,0.38167688000000005,-0.047723,0.19142656000000002,-1.8996998800000227,-79.39127694714975,2,True
ETHUSDT,long,1705157cedf9d4b8712218a69d6fbc545e26af2dc38e7e0b084b95764bced262,ETHUSDT|long|high_volume,1691310360000,1691313060000,2023-08-06T08:26:00+00:00,2023-08-06T09:11:00+00:00,1838.1100000000001,1829.33,0.18,330.8598,66.17196,5,1832.45,1832.45,2.108511360000036,3.16951723121176,exchange_guard_proxy_touch,False,-1.580400000000036,0.52811136,0.0,0.26468784,-2.108511360000036,-63.7282425970165,2,True
BTCUSDT,short,1b25a8072d47e96d98cd8a27c2906a88cfef28aec2da260b78d28d44db541e92,BTCUSDT|short|high_volume,1691318460000,1691343240000,2023-08-06T10:41:00+00:00,2023-08-06T17:34:00+00:00,28988.300000000003,29133.9,0.0114,330.46662000000003,66.09332400000001,5,29084.399999999998,29084.399999999998,2.1899144639999837,2.2484717887528993,exchange_guard_proxy_touch,False,-1.6598399999999836,0.5300744640000001,0.033061254,0.26437329600000004,-2.1568532099999835,-65.26690078410896,2,True
BTCUSDT,short,c9eb8d29c456a3b9a6aa9068b3b95b183da281cd3c6de63c7f3114b2677f8885,BTCUSDT|short|high_volume,1691421060000,1691431800000,2023-08-07T15:11:00+00:00,2023-08-07T18:10:00+00:00,28938.600000000002,29198.5,0.007,202.57020000000003,40.51404000000001,5,29148.899999999998,29148.899999999998,2.144867759999985,2.555888133853369,exchange_guard_proxy_touch,False,-1.8192999999999848,0.3255677600000001,0.02019724,0.16205616000000003,-2.124670519999985,-104.8856406322344,2,True
BTCUSDT,short,bf335c13e69de0c1b52e1bb85ab0673a207e607de8b277b1d3cad977741ef8d9,BTCUSDT|short|high_volume,1691577360000,1691578800000,2023-08-09T10:36:00+00:00,2023-08-09T11:00:00+00:00,29720.300000000003,29925.4,0.0085,252.62255000000005,50.52451000000001,5,29874.6,29874.6,2.148940759999988,4.470541052938603,exchange_guard_proxy_touch,False,-1.7433499999999877,0.4055907600000001,0.0,0.20209804000000006,-2.148940759999988,-85.06527861427998,2,True
BTCUSDT,short,818fd4d5ddaf73b95a9e7a06c2e2a4fdd8d74f5b2abc04c8198aefdada205f7e,BTCUSDT|short|confirmed_volume,1691592960000,1691670600000,2023-08-09T14:56:00+00:00,2023-08-10T12:30:00+00:00,29701.2,29663.7,0.0078000000000000005,231.66936,46.333872,5,29874.6,29613.3,2.120829984000006,1.809656424362063,exchange_guard_proxy_touch,False,0.29250000000000004,0.37043697600000003,0.0666785758158,0.18533548800000002,-0.01125840018419999,-0.485968458850147,2,True
BTCUSDT,short,d8601d353b6f5fea14344009c04e78b120b00395b8e8b15b079a68c344226aa3,BTCUSDT|short|confirmed_volume,1691719560000,1691737380000,2023-08-11T02:06:00+00:00,2023-08-11T07:03:00+00:00,29368.9,29530.300000000003,0.0102,299.56278000000003,59.91255600000001,5,29480.1,29480.1,2.126897472000015,1.7530624736983054,exchange_guard_proxy_touch,False,-1.646280000000015,0.4806174720000001,0.0,0.23965022400000005,-2.126897472000015,-71.00005788436117,2,True
BTCUSDT,short,47132f17cc7fbafc816591dc0cdc6556ee3af05b4ae050902bb57f33e87d87aa,BTCUSDT|short|high_volume,1691766960000,1691801460000,2023-08-11T15:16:00+00:00,2023-08-12T00:51:00+00:00,29332.9,29487.4,0.0085,249.32965000000004,49.865930000000006,5,29482.0,29437.3,2.094332679999994,3.2612618210908266,exchange_guard_proxy_touch,False,-1.31325,0.39997804000000003,0.042793198719500006,0.19946372000000004,-1.6704348412805001,-66.99703951297006,2,True
BTCUSDT,short,2da0b757da2f205b039bebe6a397deda190dde173ffe47bf20e3005d49c79b9c,BTCUSDT|short|high_volume,1691811060000,1691826840000,2023-08-12T03:31:00+00:00,2023-08-12T07:54:00+00:00,29322.5,29466.800000000003,0.0098,287.3605,57.4721,5,29437.3,29416.699999999997,2.077089616000014,3.4502476262717585,exchange_guard_proxy_touch,False,-1.4141400000000284,0.46090811200000004,0.0,0.22988840000000002,-1.8750481120000284,-65.25072555205146,2,True
BTCUSDT,short,d5808e0ff2e3a7938659ea5df131f5e9de32570f306e5147cb848d2d5d77f603,BTCUSDT|short|confirmed_volume,1691926860000,1691947380000,2023-08-13T11:41:00+00:00,2023-08-13T17:23:00+00:00,29327.7,29450.800000000003,0.0095,278.61315,55.72263,5,29447.5,29400.8,2.061122280000014,1.5979508271974443,exchange_guard_proxy_touch,False,-1.1694500000000208,0.4467166,0.027894659999999998,0.22289052,-1.5882719400000207,-57.006352356305534,2,True
BTCUSDT,short,607c7459f12456d3a8b9e6a147a300705c213c3a023632f01700d07687b24ea2,BTCUSDT|short|high_volume,1692063660000,1692110340000,2023-08-15T01:41:00+00:00,2023-08-15T14:39:00+00:00,29316.0,29496.7,0.008400000000000001,246.25440000000003,49.25088000000001,5,29463.1,29446.6,2.0518122240000065,3.6617144756613373,exchange_guard_proxy_touch,False,-1.5178800000000063,0.39522134400000003,0.024693396000000003,0.19700352000000002,-1.8884079480000064,-76.68524696411541,2,True
BTCUSDT,short,219735da356ee5855049d962f57f51ead3a0584100d042f2f78952bbe861fea9,BTCUSDT|short|high_volume,1692118260000,1692208860000,2023-08-15T16:51:00+00:00,2023-08-16T18:01:00+00:00,29215.2,29226.9,0.006200000000000001,181.13424000000003,36.226848000000004,5,29446.6,29177.199999999997,2.036511024,3.7740725588101824,exchange_guard_proxy_touch,False,-0.07254000000000452,0.2898728160000001,0.05423375600000001,0.14490739200000002,-0.3081790600000046,-17.01384895533857,2,True
BTCUSDT,short,a281697dc304feb2651009b8eaf59ac31f0d21b8b9247dd47d9aea69082225ba,BTCUSDT|short|high_volume,1692217860000,1692455220000,2023-08-16T20:31:00+00:00,2023-08-19T14:27:00+00:00,28970.7,26037.100000000002,0.0067,194.10369,38.820738,5,29177.199999999997,25992.899999999998,2.028479136000005,14.615602889274692,exchange_guard_proxy_touch,False,19.65511999999999,0.29484180800000004,0.08170491573139999,0.15528295200000003,19.44198310773139,1001.6287226549576,2,True
BTCUSDT,short,744a1a8c61e7e2f3a3fc2c764a54de781fcbcf17d644e36a9ef113072d7653f2,BTCUSDT|short|high_volume,1692510660000,1692529320000,2023-08-20T05:51:00+00:00,2023-08-20T11:02:00+00:00,26014.5,26198.0,0.0082,213.3189,42.66378,5,26197.1,26153.5,2.205840672000006,3.7580384810832896,exchange_guard_proxy_touch,False,-1.5047000000000001,0.34251400000000004,-0.0186607712256,0.17065512000000002,-1.8658747712256,-87.46879771204522,2,True
BTCUSDT,short,ea9fe5c9f5931b617d36e5b53ac0b69bcd9dab91f459d73f3cbde1c88984df21,BTCUSDT|short|high_volume,1692542460000,1692562020000,2023-08-20T14:41:00+00:00,2023-08-20T20:07:00+00:00,26040.9,26193.600000000002,0.0111,289.05399000000006,57.81079800000001,5,26153.5,26149.1,2.207691431999984,2.649094138388303,exchange_guard_proxy_touch,False,-1.694970000000008,0.46384236000000006,-0.00111806637,0.23124319200000004,-2.1599304263700083,-74.7241173308145,2,True
BTCUSDT,short,4df3f6b566b568baa93e25a1c2c48b4544c17d97c75becfa40a31795bb78564b,BTCUSDT|short|high_volume,1692612660000,1692626220000,2023-08-21T10:11:00+00:00,2023-08-21T13:57:00+00:00,25928.2,26124.300000000003,0.006500000000000001,168.53330000000003,33.70666000000001,5,26174.5,26079.899999999998,2.1613654399999955,5.233283683639508,exchange_guard_proxy_touch,False,-1.2746500000000143,0.27067300000000005,0.0,0.13482664000000003,-1.5453230000000144,-91.69244297714542,2,True
BTCUSDT,short,e670de3f7850127b85e7235909886fb721fe1887e9a30591ec560e49f9614726,BTCUSDT|short|high_volume,1692734460000,1692748980000,2023-08-22T20:01:00+00:00,2023-08-23T00:03:00+00:00,25756.4,26131.7,0.0053,136.50892000000002,27.301784000000005,5,26087.3,26087.3,2.209095543999996,3.5750027463299188,exchange_guard_proxy_touch,False,-1.9890899999999962,0.22000554400000005,0.0010200849315,0.10920713600000001,-2.208075459068496,-161.7531996494072,2,True
ETHUSDT,short,426ab04a787d8bad1e98a70269c05589010dd2481e55e6b3610036416bfbe9b3,ETHUSDT|short|high_volume,1692600360000,1692771900000,2023-08-21T06:46:00+00:00,2023-08-23T06:25:00+00:00,1669.67,1644.81,0.1,166.967,33.3934,5,1685.1299999999999,1642.01,2.1016135999999928,3.3342414662679536,exchange_guard_proxy_touch,False,2.486000000000013,0.2651584,-0.048479465719999996,0.13357360000000001,2.1723621342800135,130.10727474770545,2,True
BTCUSDT,short,3594a8946fd552423dbdd13fb1dad3f417cd93e68a5fe6fe95586efe11f13fab,BTCUSDT|short|high_volume,1692785160000,1692804180000,2023-08-23T10:06:00+00:00,2023-08-23T15:23:00+00:00,25948.300000000003,26214.600000000002,0.007,181.63810000000004,36.32762000000001,5,26170.1,26170.1,2.156212239999995,2.846150198765041,exchange_guard_proxy_touch,False,-1.864099999999995,0.29211224,0.0,0.14531048000000002,-2.156212239999995,-118.70924877544934,2,True
BTCUSDT,short,5c574f1af4554b461b7151a5281fbff36b66a4aa13fff4d7d5fd730a23fe2f0b,BTCUSDT|short|confirmed_volume,1692857160000,1692867660000,2023-08-24T06:06:00+00:00,2023-08-24T09:01:00+00:00,26340.5,26554.800000000003,0.007500000000000001,197.55375,39.51075,5,26536.0,26509.699999999997,2.1227802000000056,1.7418411403049265,exchange_guard_proxy_touch,False,-1.607250000000022,0.3173718000000001,0.00497330736,0.15804300000000002,-1.9196484926400221,-97.17094677473963,2,True
ETHUSDT,short,4c475f7fee21ec9183137add3906d0550af9e0aca281d5982103fbb788c0d4d4,ETHUSDT|short|high_volume,1692870060000,1692915960000,2023-08-24T09:41:00+00:00,2023-08-24T22:26:00+00:00,1665.3,1656.92,0.11,183.183,36.6366,5,1678.45,1654.1,2.055601679999999,3.4078066647749323,exchange_guard_proxy_touch,False,0.921799999999987,0.29235536,-0.006856019785999999,0.14654640000000002,0.6225886202139869,33.98724882843861,2,True
BTCUSDT,short,efc722f40ed664a14ca27cdd8e8d98228fa8f26f7debaa88ae833be3b155dc10,BTCUSDT|short|high_volume,1692971760000,1692972180000,2023-08-25T13:56:00+00:00,2023-08-25T14:03:00+00:00,26019.0,26163.300000000003,0.0114,296.6166,59.32332,5,26118.8,26118.8,2.120922576000033,5.133342050062141,exchange_guard_proxy_touch,False,-1.6450200000000332,0.475902576,0.0,0.23729328000000002,-2.120922576000033,-71.50383950190357,2,True
ETHUSDT,short,ec04ede2207ca04677e1aa76bfc97326a0f35a14c3adf8d1d1429fef88bf670d,ETHUSDT|short|high_volume,1692972660000,1692972900000,2023-08-25T14:11:00+00:00,2023-08-25T14:15:00+00:00,1651.96,1661.17,0.17,280.83320000000003,56.16664000000001,5,1658.35,1658.35,2.0162856800000064,3.257657675506552,exchange_guard_proxy_touch,False,-1.5657000000000063,0.45058568000000004,0.0,0.22466656000000004,-2.0162856800000064,-71.79655681735657,2,True
BTCUSDT,short,992956ffea6356fd76f289c32c3fbf83516ff3369725d0d7d91bfcac536e1b5d,BTCUSDT|short|high_volume,1692974760000,1693009860000,2023-08-25T14:46:00+00:00,2023-08-26T00:31:00+00:00,25893.9,26122.5,0.0067,173.48913000000002,34.697826000000006,5,26118.8,26078.1,2.08400659200001,3.4471885927396086,exchange_guard_proxy_touch,False,-1.5316199999999902,0.27880790400000005,0.0157285156818,0.13879130400000003,-1.7946993883181903,-103.44736804652777,2,True
ETHUSDT,short,6b619b54307a6b684cc01a400b527d2bc311f47f5d3d1b64897de76a372886e8,ETHUSDT|short|high_volume,1692975660000,1693058640000,2023-08-25T15:01:00+00:00,2023-08-26T14:04:00+00:00,1636.6200000000001,1652.68,0.07,114.56340000000002,22.91268,5,1658.35,1649.87,1.903176239999997,4.845000477308206,exchange_guard_proxy_touch,False,-1.1241999999999963,0.18420080000000005,0.004566213708,0.09165072000000002,-1.3038345862919962,-113.80899888550759,2,True
ETHUSDT,short,6d9cc5aae373e93fe16ffcbd78eaec92733bee79ef4926b6b448726a000037b9,ETHUSDT|short|high_volume,1693071060000,1693112160000,2023-08-26T17:31:00+00:00,2023-08-27T04:56:00+00:00,1641.33,1652.63,0.14,229.7862,45.95724,5,1649.87,1649.82,1.9579291200000193,10.026323377640578,exchange_guard_proxy_touch,False,-1.5820000000000256,0.36892352000000006,0.0009196175940000001,0.18382896,-1.9500039024060256,-84.86166281552268,2,True
BTCUSDT,short,4f000bc2f4201aa753677910c3d5aa1f193e1addce03f969f772a25710fd3008,BTCUSDT|short|high_volume,1693173360000,1693225500000,2023-08-27T21:56:00+00:00,2023-08-28T12:25:00+00:00,26002.800000000003,26174.0,0.009600000000000001,249.62688000000006,49.925376000000014,5,26129.5,26129.5,2.0442378239999726,8.290791748441913,exchange_guard_proxy_touch,False,-1.6435199999999721,0.40071782400000006,0.009031160678400001,0.19970150400000006,-2.035206663321572,-81.52994835017653,2,True
BTCUSDT,short,b86adfd3e30d11eaf919ba7aaf031b9f29c154241d4f926d27453c1bf915d536,BTCUSDT|short|high_volume,1693246260000,1693271820000,2023-08-28T18:11:00+00:00,2023-08-29T01:17:00+00:00,26055.600000000002,26218.2,0.0099,257.95044,51.590088,5,26173.699999999997,26173.699999999997,2.023748495999986,2.339365252032281,exchange_guard_proxy_touch,False,-1.6097399999999857,0.41400849600000006,0.0021296638440000005,0.20636035200000005,-2.021618832155986,-78.3723738620483,2,True
BTCUSDT,short,1f495d849964fc5182304e1b7132f7629297c414cf235c5f4241ca3c89a9bb50,BTCUSDT|short|high_volume,1693279560000,1693317960000,2023-08-29T03:26:00+00:00,2023-08-29T14:06:00+00:00,26023.300000000003,26229.800000000003,0.008,208.18640000000002,41.637280000000004,5,26185.199999999997,26185.199999999997,1.9864198400000002,4.560101154463024,exchange_guard_proxy_touch,False,-1.6520000000000001,0.3344198400000001,0.007837137992,0.16654912000000002,-1.9785827020080002,-95.03899880145869,2,True
BTCUSDT,short,204ea919d62ce76f53b5d34dfa7a12d1b5ecd7457974e957e5525702a2b61167,BTCUSDT|short|high_volume,1693376760000,1693384620000,2023-08-30T06:26:00+00:00,2023-08-30T08:37:00+00:00,27367.300000000003,27510.800000000003,0.004,109.46920000000001,21.893840000000004,5,27769.3,27464.1,1.9737884799999972,2.4348049510701997,exchange_guard_proxy_touch,False,-0.5740000000000001,0.17560992000000003,0.006287388404,0.08757536000000002,-0.7433225315960001,-67.90243571671301,2,True
ETHUSDT,short,3f2091cc396ada2a1601b3e2b1267774c2c0ca8451735ada6b65cad5bb129cb9,ETHUSDT|short|high_volume,1693378560000,1693480800000,2023-08-30T06:56:00+00:00,2023-08-31T11:20:00+00:00,1713.79,1710.53,0.05,85.68950000000001,17.137900000000002,5,1741.48,1707.62,1.6713296000000044,4.28197652081231,exchange_guard_proxy_touch,False,0.16299999999999956,0.1369728,0.018347334215,0.0685516,0.04437453421499955,5.178526448981444,2,True
ETHUSDT,short,befda57b9a096d32320f23662f25f4391d91fdad0c94e572fe48ed6b7afefa0d,ETHUSDT|short|high_volume,1693489860000,1693632480000,2023-08-31T13:51:00+00:00,2023-09-02T05:28:00+00:00,1696.68,1636.51,0.11,186.6348,37.32696,5,1707.62,1633.73,1.8233344799999898,4.719666559985491,exchange_guard_proxy_touch,False,6.6187000000000085,0.29332072000000003,0.010100263899000001,0.14930784000000002,6.335479543899009,339.4586402910394,2,True
ETHUSDT,short,074c296d878583486cb551b61f71b0a92a71bb125f07d508504b460219a319cd,ETHUSDT|short|high_volume,1693700760000,1693744560000,2023-09-03T00:26:00+00:00,2023-09-03T12:36:00+00:00,1632.3600000000001,1641.14,0.16,261.17760000000004,52.23552000000001,5,1639.15,1638.35,1.9519103999999885,4.83532550895189,exchange_guard_proxy_touch,False,-1.4047999999999956,0.41900800000000005,-0.012948804000000001,0.20894208000000003,-1.8367568039999957,-70.32596991472452,2,True
BTCUSDT,short,aa5e9994b75c97233798078d74bf9ab80bcc8b6b38b37ff3510f3ca4afc8735c,BTCUSDT|short|high_volume,1693820160000,1693901160000,2023-09-04T09:36:00+00:00,2023-09-05T08:06:00+00:00,25900.4,25791.7,0.007,181.30280000000002,36.260560000000005,5,26099.399999999998,25747.899999999998,1.9952475200000102,2.2708580408405896,exchange_guard_proxy_touch,False,0.7609000000000051,0.28947576,-0.0001734764990000007,0.14504224000000002,0.4712507635010051,25.992470248722306,2,True
BTCUSDT,short,5fe34db36138224be63cd81b68c312a7fd8c00f935b33c9956cfadb6b9384a9d,BTCUSDT|short|high_volume,1693903260000,1693906860000,2023-09-05T08:41:00+00:00,2023-09-05T09:41:00+00:00,25621.300000000003,25791.7,0.0095,243.40235,48.68047,5,25747.899999999998,25747.899999999998,2.009538799999979,5.326413376529146,exchange_guard_proxy_touch,False,-1.6187999999999791,0.3907388,0.0,0.19472188,-2.009538799999979,-82.56036969240351,2,True
ETHUSDT,short,5c520e80fbf91831fcc8c37a4eb0088ed1f09364fe686c2db296ba14668d5fba,ETHUSDT|short|confirmed_volume,1693977960000,1694022840000,2023-09-06T05:26:00+00:00,2023-09-06T17:54:00+00:00,1625.47,1638.54,0.1,162.54700000000003,32.50940000000001,5,1638.48,1635.75,1.8413391999999957,1.8056966969458157,exchange_guard_proxy_touch,False,-1.3069999999999937,0.26112080000000004,-0.0009895695799999986,0.1300376,-1.5691103695799937,-96.53271789574667,2,True
ETHUSDT,short,8d878317bd0905978d04b1a7a98cd7595715facf0285817541a32c8d6fde497e,ETHUSDT|short|high_volume,1694167560000,1694202240000,2023-09-08T10:06:00+00:00,2023-09-08T19:44:00+00:00,1619.04,1637.07,0.05,80.952,16.1904,5,1653.01,1634.29,1.9704947999999982,32.908247413740774,exchange_guard_proxy_touch,False,-0.9014999999999986,0.1302444,0.002032420665,0.0647616,-1.0297119793349987,-127.20031368403482,2,True
BTCUSDT,short,8ffb4f16370b594b481aeadb4d3e74302c297d6400fdd55f47d57a353663b4bd,BTCUSDT|short|high_volume,1694163960000,1694271840000,2023-09-08T09:06:00+00:00,2023-09-09T15:04:00+00:00,26114.0,25940.300000000003,0.0056,146.23839999999998,29.247679999999995,5,26378.5,25896.199999999997,1.9680075520000082,5.564056364899853,exchange_guard_proxy_touch,False,0.9727199999999837,0.23320326400000002,-0.020653642486400003,0.11699072,0.7188630935135837,49.15693097801834,2,True
BTCUSDT,short,92caccbc28eace8772ae67e17e3703634b8fc1e48c1d1343993d18cb39c2a9a8,BTCUSDT|short|high_volume,1694441760000,1694479800000,2023-09-11T14:16:00+00:00,2023-09-12T00:50:00+00:00,25294.4,25253.0,0.0029000000000000002,73.35376000000001,14.670752000000002,5,25895.1,25210.1,1.988781951999998,25.97449140302647,exchange_guard_proxy_touch,False,0.12006000000000423,0.11726996800000003,0.0033291652928,0.05868300800000001,0.006119197292804203,0.8342036308437634,2,True
ETHUSDT,short,b05cc6aceabf1714add7d80485ba447ce5b42da20af3d98a9b257ab4d6bc1779,ETHUSDT|short|high_volume,1694309460000,1694487720000,2023-09-10T01:31:00+00:00,2023-09-12T03:02:00+00:00,1625.6200000000001,1561.15,0.12,195.0744,39.01488,5,1636.51,1558.5,1.9550323199999804,13.028303998061814,exchange_guard_proxy_touch,False,7.736400000000003,0.30592992,0.004059067619999999,0.15605952,7.434529147620004,381.1124959307835,2,True
BTCUSDT,short,96c355fe74b396f645838f91c3645b7b37bf1c6cef2607c83e0bd33832cf5b3b,BTCUSDT|short|high_volume,1694577060000,1694590680000,2023-09-13T03:51:00+00:00,2023-09-13T07:38:00+00:00,25785.2,26081.7,0.0061,157.28972000000002,31.457944000000005,5,26037.399999999998,26037.399999999998,2.061760472,2.6648285130688456,exchange_guard_proxy_touch,False,-1.80865,0.25311047200000003,0.0,0.125831776,-2.061760472,-131.08043373718255,2,True
ETHUSDT,short,929d16a76b2b7b266e923de90d9f5e53d7181853ad8d67995b4aa510b01813c1,ETHUSDT|short|high_volume,1694559960000,1694590680000,2023-09-12T23:06:00+00:00,2023-09-13T07:38:00+00:00,1590.78,1603.41,0.07,111.3546,22.27092,5,1614.01,1600.68,1.9982222400000014,3.3017113563280946,exchange_guard_proxy_touch,False,-0.8841000000000078,0.17887464000000003,0.0022336644120000003,0.08908368000000001,-1.0607409755880077,-95.25793955418166,2,True
BTCUSDT,short,5cae74327ecc8b645ab3364c0d1256b6f596a483cbf8b118762da8a24e94f468,BTCUSDT|short|high_volume,1694608560000,1694615760000,2023-09-13T12:36:00+00:00,2023-09-13T14:36:00+00:00,26076.7,26304.800000000003,0.007500000000000001,195.57525,39.115050000000004,5,26260.1,26260.1,2.0250390000000165,16.017053304077663,exchange_guard_proxy_touch,False,-1.7107500000000164,0.31428900000000004,0.0,0.15646020000000002,-2.0250390000000165,-103.54270287268028,2,True
BTCUSDT,short,a4516b47506a7e2e46ab9c9d72fec5735e2a5de21fd0bfb334ddde602e565b16,BTCUSDT|short|high_volume,1694628060000,1694640600000,2023-09-13T18:01:00+00:00,2023-09-13T21:30:00+00:00,26057.600000000002,26304.800000000003,0.006900000000000001,179.79744000000002,35.95948800000001,5,26260.1,26260.1,1.9947204480000054,2.886553457334518,exchange_guard_proxy_touch,False,-1.7056800000000052,0.2890404480000001,0.0,0.14383795200000005,-1.9947204480000054,-110.94265012894539,2,True
ETHUSDT,short,e9d35ae3a8ae01a967fd4bee4a604ec3b98cca22cf56c875d955e87497dc0764,ETHUSDT|short|high_volume,1694735160000,1694811900000,2023-09-14T23:46:00+00:00,2023-09-15T21:05:00+00:00,1622.26,1625.77,0.08,129.7808,25.95616,5,1639.01,1623.01,1.7720998399999972,2.376882322936776,exchange_guard_proxy_touch,False,-0.2807999999999993,0.20787392000000002,-0.00047400709599999986,0.10382464000000001,-0.4891479270959993,-37.69031529286299,2,True
ETHUSDT,short,cd51e76b50db5413af03f002315161d69d3a1d2cc1e41b111bcde2a9eb210790,ETHUSDT|short|high_volume,1694845560000,1694868360000,2023-09-16T06:26:00+00:00,2023-09-16T12:46:00+00:00,1633.3400000000001,1640.8500000000001,0.12,196.0008,39.20016,5,1644.46,1638.06,1.9853375999999816,3.1191816351625996,exchange_guard_proxy_touch,False,-0.9011999999999989,0.31432224000000003,0.00182601036,0.15680064000000002,-1.213696229639999,-61.923024275411066,2,True
ETHUSDT,short,c3faea454f9e6987d9a9dad8c80de15bc83486053fb67895d68198b55c5a9b40,ETHUSDT|short|high_volume,1694909460000,1694939580000,2023-09-17T00:11:00+00:00,2023-09-17T08:33:00+00:00,1626.73,1633.74,0.12,195.20759999999999,39.04152,5,1637.28,1630.96,1.9144127999999903,9.222567357647563,exchange_guard_proxy_touch,False,-0.8411999999999988,0.31300512,-0.0036740780399999997,0.15616608,-1.157879198039999,-59.315272460703326,2,True
BTCUSDT,short,f00441dc67dd16e3ef37cddc1afd5281138f4810e4f7d93db60c1dc93596b07d,BTCUSDT|short|high_volume,1694983560000,1695003840000,2023-09-17T20:46:00+00:00,2023-09-18T02:24:00+00:00,26393.300000000003,26644.100000000002,0.0066,174.19578,34.839156,5,26598.8,26598.8,1.9353174719999955,14.178527202598456,exchange_guard_proxy_touch,False,-1.6552799999999952,0.28003747200000007,-0.0017779361951999998,0.13935662400000004,-1.9370954081951952,-111.20220066153125,2,True
ETHUSDT,short,087040e1d8f9e5b75e95d42231cc66ec09c704a3d8047f2e5e3089c38670e0ab,ETHUSDT|short|confirmed_volume,1695103860000,1695112020000,2023-09-19T06:11:00+00:00,2023-09-19T08:27:00+00:00,1630.43,1642.2,0.13,211.9559,42.391180000000006,5,1639.41,1639.41,1.8704535199999979,1.5063895019020621,exchange_guard_proxy_touch,False,-1.5300999999999978,0.34035352,-0.005306578368,0.16956472000000003,-1.8757600983679978,-88.49765910587993,2,True
ETHUSDT,short,e4640ae4e8fb7635a309c5bd020d1e66dcaaef9109cfa0daa9bdd02c1eed519c,ETHUSDT|short|high_volume,1695150960000,1695233760000,2023-09-19T19:16:00+00:00,2023-09-20T18:16:00+00:00,1638.29,1636.49,0.07,114.6803,22.93606,5,1658.97,1633.71,1.8305050399999996,2.231391353690551,exchange_guard_proxy_touch,False,0.12599999999999684,0.18338768000000003,0.011350776080000003,0.09174424,-0.04603690392000319,-4.01436898229279,2,True
BTCUSDT,short,05d6363be513a611577f764f4d4074d064ef36cd09dc48299fbcc5eb048f25dd,BTCUSDT|short|high_volume,1695237660000,1695244680000,2023-09-20T19:21:00+00:00,2023-09-20T21:18:00+00:00,26815.9,27228.4,0.004200000000000001,112.62678000000002,22.525356000000006,5,27182.1,27182.1,1.9140888480000002,10.717540887062547,exchange_guard_proxy_touch,False,-1.7325000000000002,0.18158884800000005,0.0,0.09010142400000003,-1.9140888480000002,-169.94970894133704,2,True
ETHUSDT,short,68ceccb7690bebab9f85504645a612f6286dcb594addbef65a41f48cffdb987e,ETHUSDT|short|high_volume,1695237660000,1695345900000,2023-09-20T19:21:00+00:00,2023-09-22T01:25:00+00:00,1606.77,1595.42,0.05,80.33850000000001,16.067700000000002,5,1633.71,1592.71,1.6157304000000015,20.41270045686191,exchange_guard_proxy_touch,False,0.5674999999999955,0.12808760000000002,0.010038947125,0.0642708,0.4494513471249954,55.94470236872674,2,True
BTCUSDT,short,a9bca295490c712bb5ecfd6e9782392694176a19df6a485910672f833fad6894,BTCUSDT|short|high_volume,1695264360000,1695362280000,2023-09-21T02:46:00+00:00,2023-09-22T05:58:00+00:00,26896.600000000002,26701.4,0.0044,118.34504000000001,23.669008,5,27235.1,26656.0,1.8838265599999968,3.046827502360349,exchange_guard_proxy_touch,False,0.8588800000000033,0.18866496000000002,0.013647314260800002,0.09467603200000002,0.6838623542608033,57.785468175159956,2,True
BTCUSDT,short,bedc691f7ef020d97e217c41c1a5214027a461349ac7611453c671aeabde2186,BTCUSDT|short|high_volume,1695412860000,1695488220000,2023-09-22T20:01:00+00:00,2023-09-23T16:57:00+00:00,26486.9,26625.300000000003,0.0066,174.81354000000002,34.962708000000006,5,26688.3,26580.1,1.9098847679999953,2.3191887657535193,exchange_guard_proxy_touch,False,-0.9134400000000096,0.280432416,0.014801011645200002,0.139850832,-1.1790714043548096,-67.44737303270728,2,True
ETHUSDT,short,014f0cd95f648cb8175f82935f2d75196b32dc236392210962920cc11985a902,ETHUSDT|short|high_volume,1695614760000,1695655260000,2023-09-25T04:06:00+00:00,2023-09-25T15:21:00+00:00,1573.46,1585.32,0.08,125.8768,25.17536,5,1590.76,1582.62,1.8034835199999992,5.617438988327091,exchange_guard_proxy_touch,False,-0.948799999999992,0.20216192,0.005443310880000001,0.10070144000000002,-1.1455186091199918,-91.0031561908145,2,True
ETHUSDT,short,c3075f00cebcdcf289b6dc2ee9c666d508b974459542f07ccd11830a7e73199b,ETHUSDT|short|high_volume,1695688560000,1695708720000,2023-09-26T00:36:00+00:00,2023-09-26T06:12:00+00:00,1583.74,1596.69,0.1,158.37400000000002,31.674800000000005,5,1596.0,1593.98,1.752596800000002,2.634762324794013,exchange_guard_proxy_touch,False,-1.2950000000000046,0.2544344,0.0,0.1266992,-1.5494344000000047,-97.83388687537123,2,True
BTCUSDT,short,6908734c24f89fd69d21e7ddffe3191f25ae0f24589607e67921fbe185feffaf,BTCUSDT|short|high_volume,1695738060000,1695787020000,2023-09-26T14:21:00+00:00,2023-09-27T03:57:00+00:00,26072.0,26325.7,0.0055000000000000005,143.39600000000002,28.6792,5,26322.5,26281.0,1.854882920000016,2.2101944311445223,exchange_guard_proxy_touch,False,-1.395350000000004,0.23054988,0.022414764768,0.11471680000000002,-1.6034851152320042,-111.8221648603869,2,True
BTCUSDT,short,f0b779d9b5cd65c3f34801c27324fb68f019d142b82768ae0bfcdcca8ca98c57,BTCUSDT|short|confirmed_volume,1695870660000,1695897600000,2023-09-28T03:11:00+00:00,2023-09-28T10:40:00+00:00,26287.100000000002,26541.9,0.0053,139.32163,27.864326,5,26550.0,26496.8,1.8571509519999922,1.9547650493838573,exchange_guard_proxy_touch,False,-1.350439999999996,0.22399496000000002,-0.0044319290802000005,0.11145730400000002,-1.578866889080196,-113.32532422138587,2,True
ETHUSDT,short,aede62b3bfa9daa469d6a0ae1d94bbf0f2da6a363069523398e0281f5aecd5d7,ETHUSDT|short|high_volume,1696010760000,1696034700000,2023-09-29T18:06:00+00:00,2023-09-30T00:45:00+00:00,1655.6000000000001,1673.63,0.05,82.78000000000002,16.556000000000004,5,1684.0,1670.78,1.6971987999999993,6.900574619145165,exchange_guard_proxy_touch,False,-0.9014999999999986,0.13316920000000004,0.0007558076349999999,0.066224,-1.0339133923649986,-124.89893601896574,2,True
ETHUSDT,short,e1cd8b81c75b6c1dc1408683c994a8cbf443cd97b014101d771665ebeb7139a7,ETHUSDT|short|high_volume,1696127760000,1696137780000,2023-10-01T02:36:00+00:00,2023-10-01T05:23:00+00:00,1669.5,1680.77,0.09,150.255,30.051,5,1682.83,1677.91,1.699574400000004,2.10086990594106,exchange_guard_proxy_touch,False,-1.0142999999999984,0.24121944,0.0,0.120204,-1.2555194399999985,-83.55924528301877,2,True
ETHUSDT,short,767d5128cef748ddbef54a49f5987db1ece0505b588466d9ae4e141ff3123c20,ETHUSDT|short|high_volume,1696182060000,1696198620000,2023-10-01T17:41:00+00:00,2023-10-01T22:17:00+00:00,1673.48,1693.33,0.08,133.8784,26.77568,5,1690.45,1690.45,1.8034758399999928,6.047769951832857,exchange_guard_proxy_touch,False,-1.5879999999999928,0.21547584,0.0,0.10710272,-1.8034758399999928,-134.70999354638187,2,True
ETHUSDT,short,98a4ac05e431c59ccdbbd350b52a1d34c06df876cc0c842d82130a8242f2c122,ETHUSDT|short|confirmed_volume,1697168160000,1697181540000,2023-10-13T03:36:00+00:00,2023-10-13T07:19:00+00:00,1535.8400000000001,1549.6000000000001,0.05,76.79200000000002,15.358400000000003,5,1566.28,1546.97,1.7796915999999952,1.7924580811996726,exchange_guard_proxy_touch,False,-0.6879999999999996,0.12341760000000002,0.0,0.06143360000000001,-0.8114175999999996,-105.6643400354203,2,True
ETHUSDT,short,acc2d051b517b92ca2bfd3a30b59e82ad4cf07395e3144bf8437deda422a8fbe,ETHUSDT|short|high_volume,1697504460000,1697604960000,2023-10-17T01:01:00+00:00,2023-10-18T04:56:00+00:00,1588.75,1582.4,0.09,142.98749999999998,28.597499999999997,5,1601.94,1579.71,1.6627262400000062,2.787183571783384,exchange_guard_proxy_touch,False,0.5714999999999918,0.22832280000000002,0.021584003706,0.11439,0.36476120370599174,25.510006378598955,2,True
ETHUSDT,short,81e037d7536c5d934b1d4c8a699847be3fa5a5ff0e2210aac8cd0730c23cd92a,ETHUSDT|short|confirmed_volume,1697699460000,1697710140000,2023-10-19T07:11:00+00:00,2023-10-19T10:09:00+00:00,1546.4,1555.48,0.07,108.24800000000002,21.649600000000003,5,1566.67,1552.84,1.7802814400000042,1.750945667999092,exchange_guard_proxy_touch,False,-0.635599999999995,0.17370528000000002,0.003244218012,0.08659840000000002,-0.8060610619879949,-74.46429144076517,2,True
ETHUSDT,short,c5e5fde1874fe717993ebe36772b3b4ee80f5cfe6c6991993a461247796410d6,ETHUSDT|short|high_volume,1697764260000,1697768160000,2023-10-20T01:11:00+00:00,2023-10-20T02:16:00+00:00,1558.04,1575.64,0.08,124.6432,24.928639999999998,5,1572.96,1572.96,1.608555520000011,2.228635493888691,exchange_guard_proxy_touch,False,-1.408000000000011,0.20055552000000001,0.0,0.09971456000000001,-1.608555520000011,-129.0528099406956,2,True
BTCUSDT,long,7215f60d030f5ccdb75236d4a6d60cb868b8f422bd4bce9803a838f7619bdbea,BTCUSDT|long|confirmed_volume,1698074160000,1698086640000,2023-10-23T15:16:00+00:00,2023-10-23T18:44:00+00:00,30946.9,30326.7,0.0024000000000000002,74.27256000000001,14.854512000000003,5,30332.9,30378.4,1.7149981439999968,1.8394162717238056,exchange_guard_proxy_touch,False,-1.4884800000000018,0.11764531200000003,-0.0009599969664000001,0.059418048000000015,-1.607085308966402,-216.3767223004568,2,True
BTCUSDT,long,91593a60eaf3b2befcef9a43fbf1bf6c4ab6410cd2bbb9af1efc4f7072b3bb5b,BTCUSDT|long|high_volume,1698087960000,1698161160000,2023-10-23T19:06:00+00:00,2023-10-24T15:26:00+00:00,31346.2,33652.5,0.0016,50.15392000000001,10.030784,5,30378.4,33709.9,1.7101413120000002,6.203718124227155,exchange_guard_proxy_touch,False,3.690079999999999,0.083198336,-0.021471936,0.040123136000000004,3.585409727999999,714.8812551441638,2,True
BTCUSDT,long,2cb74607f739f4a4bf2573880b4ee1efd2e9141fb15c3b33327ed3309b5b64b0,BTCUSDT|long|high_volume,1698184560000,1698275040000,2023-10-24T21:56:00+00:00,2023-10-25T23:04:00+00:00,34081.700000000004,34306.0,0.0022,74.97974000000002,14.995948000000004,5,33379.1,34364.5,1.7893110400000032,11.07434870525598,exchange_guard_proxy_touch,False,0.4934599999999904,0.12036235200000003,-0.045149236,0.059983792000000015,0.32794841199999036,43.73827009802785,2,True
BTCUSDT,long,b192eb4055f88d8c33e9fe81281c8703ff5da4eed0bafce1cc17289cb0beee7b,BTCUSDT|long|high_volume,1698282060000,1698312540000,2023-10-26T01:01:00+00:00,2023-10-26T09:29:00+00:00,34721.6,34343.1,0.0038,131.94208,26.388416,5,34364.5,34401.6,1.7891239039999944,4.141920679210347,exchange_guard_proxy_touch,False,-1.4383,0.209956688,-0.026332936,0.105553664,-1.674589624,-126.91854062024791,2,True
BTCUSDT,long,4726286f884bd5dc8e3b6a218ff71b1e97bedebdb3a77cd03aa8c813a95d8f02,BTCUSDT|long|high_volume,1698382260000,1698409800000,2023-10-27T04:51:00+00:00,2023-10-27T12:30:00+00:00,34240.200000000004,33871.5,0.003,102.72060000000002,20.544120000000003,5,33773.9,33929.200000000004,1.7344958400000088,3.3350890650302563,exchange_guard_proxy_touch,False,-1.1061000000000132,0.16346808000000004,-0.020372400000000002,0.08217648000000001,-1.2899404800000134,-125.57758424308398,2,True
BTCUSDT,long,0d920c32081b61746c33a53e80a2f956db55c71b18b6013580a568dd01a689fd,BTCUSDT|long|high_volume,1698411060000,1698417000000,2023-10-27T12:51:00+00:00,2023-10-27T14:30:00+00:00,34274.9,33871.5,0.0038,130.24462,26.048924,5,33929.200000000004,33929.200000000004,1.7400850560000054,4.102977983019757,exchange_guard_proxy_touch,False,-1.5329200000000056,0.207165056,0.0,0.104195696,-1.7400850560000056,-133.60130007673297,2,True
ETHUSDT,long,27a7d2b4def45d4b305eead3aca945ca3974f94c6915f4675a4d27320302eccf,ETHUSDT|long|high_volume,1698752160000,1698765120000,2023-10-31T11:36:00+00:00,2023-10-31T15:12:00+00:00,1816.56,1779.7,0.04,72.6624,14.532480000000001,5,1782.74,1782.74,1.5894803199999963,3.791237089776082,exchange_guard_proxy_touch,False,-1.474399999999996,0.11508032000000001,0.0,0.05812992,-1.5894803199999958,-218.74866781168745,2,True
ETHUSDT,long,e73033948ce7324d01c44627f575a240bba15c713a3cf5302326d6e0619ef568,ETHUSDT|long|high_volume,1698770760000,1698817260000,2023-10-31T16:46:00+00:00,2023-11-01T05:41:00+00:00,1804.6200000000001,1799.6000000000001,0.06,108.27720000000001,21.655440000000002,5,1782.74,1802.67,1.6672473600000044,5.335033324802143,exchange_guard_proxy_touch,False,-0.3011999999999989,0.17300256,-0.021787920000000002,0.08662176,-0.49599047999999896,-45.80747193314926,2,True
BTCUSDT,long,e64f850508695ce9193f6bb86425aafb8cd61fbce3b9039315c96945a157ced4,BTCUSDT|long|confirmed_volume,1698920460000,1698932640000,2023-11-02T10:21:00+00:00,2023-11-02T13:44:00+00:00,35495.700000000004,34990.3,0.003,106.48710000000001,21.297420000000002,5,35049.9,35049.9,1.6853664000000042,1.5434151718814193,exchange_guard_proxy_touch,False,-1.5162000000000044,0.16916640000000002,0.0,0.08518968000000002,-1.6853664000000044,-158.26953687348083,2,True
ETHUSDT,long,d36a7a95eefd669aef0b26b092927161e52ea8b820fbd8979eb3349b332c55c5,ETHUSDT|long|high_volume,1699019760000,1699110360000,2023-11-03T13:56:00+00:00,2023-11-04T15:06:00+00:00,1806.47,1827.33,0.05,90.32350000000001,18.064700000000002,5,1780.5,1830.45,1.5933576,2.851841197777585,exchange_guard_proxy_touch,False,1.042999999999995,0.145352,-0.054790500000000006,0.0722588,0.842857499999995,93.31541625379828,2,True
BTCUSDT,long,3ef446685cb3139ac7b27f75dff8a6c736ccbabaa5a5ca345d126931c08a08ea,BTCUSDT|long|high_volume,1699137960000,1699192500000,2023-11-04T22:46:00+00:00,2023-11-05T13:55:00+00:00,35136.6,34963.4,0.0027,94.86882,18.973764,5,34632.4,35023.0,1.6709438159999963,4.987938863313187,exchange_guard_proxy_touch,False,-0.4676399999999922,0.15141600000000002,-0.037932408,0.075895056,-0.6569884079999921,-69.25230101944898,2,True
ETHUSDT,long,25e96b4d213a3e8dc92c240c4a7cda953e80654a208d4667edff65b9ba0a284a,ETHUSDT|long|high_volume,1699266060000,1699290300000,2023-11-06T10:21:00+00:00,2023-11-06T17:05:00+00:00,1898.25,1885.54,0.04,75.93,15.186000000000002,5,1869.1200000000001,1888.76,1.412854079999998,2.8906944607061917,exchange_guard_proxy_touch,False,-0.5084000000000015,0.12108128000000001,-0.015215120000000004,0.060744000000000006,-0.6446964000000016,-84.9066772026869,2,True
BTCUSDT,long,8ba05b2a74f16e61ba5d3e683e13c89afbdb6d71070ae1b83496fcbac0fb8a8d,BTCUSDT|long|high_volume,1699390260000,1699423440000,2023-11-07T20:51:00+00:00,2023-11-08T06:04:00+00:00,35897.4,35151.0,0.0011,39.487140000000004,7.897428000000001,5,34559.9,35210.9,1.5978806800000034,7.072821449812327,exchange_guard_proxy_touch,False,-0.8210400000000017,0.062522592,-0.00778943,0.031589712000000006,-0.8913520220000016,-225.73223130366026,2,True
ETHUSDT,long,65931bb433c36dc3c57f951c192c2fee1552370d0f9be4741ae1300ea8260260,ETHUSDT|long|high_volume,1699461660000,1699489020000,2023-11-08T16:41:00+00:00,2023-11-09T00:17:00+00:00,1898.8400000000001,1879.8,0.05,94.94200000000001,18.988400000000002,5,1873.1200000000001,1883.01,1.5962508000000042,2.9074899573004584,exchange_guard_proxy_touch,False,-0.9520000000000096,0.15114560000000002,-0.018884200000000004,0.07595360000000001,-1.1220298000000097,-118.18055233721742,2,True
BTCUSDT,long,ee461bd8044269612c9ce095f4c45ae063df8da06714ad23d53a5670624560f9,BTCUSDT|long|confirmed_volume,1699494060000,1699547760000,2023-11-09T01:41:00+00:00,2023-11-09T16:36:00+00:00,36006.4,35478.200000000004,0.0023,82.81472000000001,16.562944,5,35389.9,35538.700000000004,1.6876684239999933,1.7808732177188087,exchange_guard_proxy_touch,False,-1.2148599999999934,0.13153166400000002,-0.051029585743,0.066251776,-1.3974212497429934,-168.74068399228943,2,True
BTCUSDT,long,a1e56e989f1f988c691125df371f85017d9d629a151f0df671994535a9b132b5,BTCUSDT|long|confirmed_volume,1699584060000,1699603200000,2023-11-10T02:41:00+00:00,2023-11-10T08:00:00+00:00,36875.0,36399.700000000004,0.002,73.75,14.75,5,36150.5,36461.700000000004,1.6887424000000002,1.8759517157729995,exchange_guard_proxy_touch,False,-0.9505999999999913,0.11723952000000003,-0.017046514584,0.059000000000000004,-1.0848860345839912,-147.1031911300327,2,True
ETHUSDT,long,ab726d4fbb33c661615f17fb72fcb1d2c19c0228c4a7e62030b6ee3022fd9100,ETHUSDT|long|high_volume,1699541760000,1699618380000,2023-11-09T14:56:00+00:00,2023-11-10T12:13:00+00:00,1990.3600000000001,2080.75,0.01,19.9036,3.9807200000000003,5,1904.48,2084.2999999999997,0.9223328000000013,13.390710944911927,exchange_guard_proxy_touch,False,0.9038999999999987,0.03256888000000001,-0.058141609706,0.01592288,0.8131895102939987,408.56403378986647,2,True
ETHUSDT,long,0a8023773094a5aaa7ea28d6e5e30436e12ad818519689d79cea1c27f076607a,ETHUSDT|long|high_volume,1699712760000,1699738020000,2023-11-11T14:26:00+00:00,2023-11-11T21:27:00+00:00,2078.77,2050.51,0.04,83.1508,16.63016,5,2047.24,2054.0099999999998,1.5327206399999995,2.5635369871047624,exchange_guard_proxy_touch,False,-1.1303999999999905,0.13213696000000003,-0.04544105092800001,0.06652064,-1.3079780109279906,-157.30191542690997,2,True
ETHUSDT,long,66c467069c78fd3c4b5e02eeb8bb18fa0edfbd50453c6dd3cf3d490687716d7c,ETHUSDT|long|high_volume,1699887660000,1699909980000,2023-11-13T15:01:00+00:00,2023-11-13T21:13:00+00:00,2101.87,2062.4700000000003,0.02,42.0374,8.40748,5,2039.99,2065.99,1.373214239999998,3.945317544819398,exchange_guard_proxy_touch,False,-0.7879999999999927,0.06662944000000001,-0.019240638444000004,0.03362992,-0.8738700784439928,-207.87919291963652,2,True
ETHUSDT,long,f8fe01d17a4a9305d7402854b7fd2a81a0c249e998b17f3eee82b8a394fbff5a,ETHUSDT|long|high_volume,1700095860000,1700122560000,2023-11-16T00:51:00+00:00,2023-11-16T08:16:00+00:00,2082.07,2045.64,0.01,20.820700000000002,4.164140000000001,5,2001.27,2049.1299999999997,0.8747394400000004,9.47767584510731,exchange_guard_proxy_touch,False,-0.3643000000000006,0.03302168,-0.004109420000000001,0.016656560000000004,-0.4014311000000006,-192.80384425115417,2,True
BTCUSDT,long,9c6a6eb4c59eb403755f7155b8430938736767fc8ddcfb63e4bb7139bff52246,BTCUSDT|long|high_volume,1700047260000,1700122980000,2023-11-15T11:21:00+00:00,2023-11-16T08:23:00+00:00,36094.1,37287.4,0.002,72.1882,14.437639999999998,5,35387.9,37350.9,1.6470748799999884,2.6448821152438833,exchange_guard_proxy_touch,False,2.386600000000006,0.11741040000000001,-0.052493626376000004,0.05775056,2.216695973624006,307.07178924311813,2,True
ETHUSDT,long,e1e3178b151e8e7a78a38c789b07f065fbf1f08f3509f1268f078af12cba016c,ETHUSDT|long|high_volume,1700320560000,1700357220000,2023-11-18T15:16:00+00:00,2023-11-19T01:27:00+00:00,1951.89,1947.17,0.03,58.5567,11.71134,5,1915.99,1950.49,1.2675508800000024,3.2304757324870175,exchange_guard_proxy_touch,False,-0.1416000000000008,0.09357744000000001,-0.023499600000000002,0.04684536,-0.2586770400000008,-44.1754812002727,2,True
ETHUSDT,long,88f21a2c8a52a375a3adbfea0cc5d40b3b04ea8575282bb5efb127ab3ea82f22,ETHUSDT|long|high_volume,1700408460000,1700489460000,2023-11-19T15:41:00+00:00,2023-11-20T14:11:00+00:00,1972.64,1990.45,0.04,78.9056,15.781120000000001,5,1945.04,1993.84,1.3616598400000033,5.209975031011212,exchange_guard_proxy_touch,False,0.7123999999999978,0.12681888000000002,-0.04799920000000001,0.06312448000000001,0.5375819199999978,68.12975504907101,2,True
ETHUSDT,long,1496c00f077f350e5345b8eaabfca1f10a797a5237ffad9d7dcdec1093c9eead,ETHUSDT|long|high_volume,1700492460000,1700535060000,2023-11-20T15:01:00+00:00,2023-11-21T02:51:00+00:00,2038.65,2011.56,0.03,61.1595,12.2319,5,1993.84,2014.99,1.5426984000000015,5.540413632094986,exchange_guard_proxy_touch,False,-0.8127000000000043,0.09720504,-0.02439312,0.0489276,-0.9342981600000043,-152.76419198979787,2,True
ETHUSDT,long,3d59e68044bbebb0b55d6f962dcd0349ed15d4e002689c0abebad406dfaf7c70,ETHUSDT|long|high_volume,1700677260000,1700738520000,2023-11-22T18:21:00+00:00,2023-11-23T11:22:00+00:00,2052.84,2050.13,0.03,61.5852,12.31704,5,2015.53,2053.6299999999997,1.3197585600000004,12.14893971495057,exchange_guard_proxy_touch,False,-0.0813000000000011,0.09847128000000001,-0.02478222,0.049268160000000005,-0.20455350000000108,-33.21471717230781,2,True
ETHUSDT,long,902cb7a12095f440f66aa16046e010f944e3773cb03e000360b0a06ccb13314e,ETHUSDT|long|high_volume,1700773560000,1700844420000,2023-11-23T21:06:00+00:00,2023-11-24T16:47:00+00:00,2075.58,2092.86,0.03,62.267399999999995,12.453479999999999,5,2040.2,2096.43,1.2641954399999973,2.4983128881956613,exchange_guard_proxy_touch,False,0.518400000000006,0.10004256,-0.03756372,0.04981392,0.38079372000000594,61.154588115130224,2,True
ETHUSDT,long,bc47add4c45144793f0885b5e882c576c494e52a16303c191d1db6c36f8f44ef,ETHUSDT|long|high_volume,1701164460000,1701254400000,2023-11-28T09:41:00+00:00,2023-11-29T10:40:00+00:00,2021.89,2043.68,0.04,80.8756,16.17512,5,1994.84,2047.17,1.3464265600000018,2.9936556036294144,exchange_guard_proxy_touch,False,0.8715999999999986,0.13009824000000003,-0.04913656000000001,0.06470048,0.6923651999999986,85.60866318147853,2,True
BTCUSDT,long,c5000ea74e8574f009675e695256c92e712177aece3ab7afdfde484b6bc24ad2,BTCUSDT|long|confirmed_volume,1701261360000,1701269040000,2023-11-29T12:36:00+00:00,2023-11-29T14:44:00+00:00,38323.1,37830.6,0.0021000000000000003,80.47851000000001,16.095702000000003,5,37655.1,37895.1,1.664945687999997,1.9310971571217568,exchange_guard_proxy_touch,False,-1.0342500000000001,0.12793821600000002,0.0,0.06438280800000001,-1.162188216,-144.4097580832448,2,True
ETHUSDT,long,e14e8af17e1e39f1004578d2057c347a564b84ee8c1d49acac7e85e7602ac8bc,ETHUSDT|long|high_volume,1701393660000,1701429240000,2023-12-01T01:21:00+00:00,2023-12-01T11:14:00+00:00,2067.43,2083.17,0.03,62.02289999999999,12.40458,5,2024.23,2086.72,1.4976170399999957,11.052045097914341,exchange_guard_proxy_touch,False,0.47220000000000706,0.0996144,-0.012553800000000002,0.049618319999999994,0.36003180000000706,58.04820477597905,2,True
BTCUSDT,long,1b1e5d29b9ffa849b629e7e53fecaa44a3850ab95e982c2eabe8adb02aec6fb2,BTCUSDT|long|confirmed_volume,1701446760000,1701573120000,2023-12-01T16:06:00+00:00,2023-12-03T03:12:00+00:00,38476.9,39203.9,0.0016,61.56304000000001,12.312608,5,37584.9,39270.700000000004,1.6267173120000025,1.7409445509252328,exchange_guard_proxy_touch,False,1.1632,0.099431424,-0.0441612400832,0.04925043200000001,1.0196073359167999,165.62004344112958,2,True
ETHUSDT,long,d46e681ca9e6ed950aad4bca879868abb4b65d73c630ed8f2b5fccd25e993c8b,ETHUSDT|long|high_volume,1701639360000,1701703740000,2023-12-03T21:36:00+00:00,2023-12-04T15:29:00+00:00,2176.7,2209.82,0.04,87.068,17.4136,5,2149.1299999999997,2213.5899999999997,1.3875094399999826,2.0620783721523286,exchange_guard_proxy_touch,False,1.3248000000000137,0.14036864000000002,-0.035526640000000005,0.0696544,1.1489047200000138,131.95487664813868,2,True
BTCUSDT,long,249862dc58b1dc2ab258b0d9954ea8df5bfb949ca7ca2551f44611432fd418fe,BTCUSDT|long|high_volume,1701781860000,1701841620000,2023-12-05T13:11:00+00:00,2023-12-06T05:47:00+00:00,42041.9,43495.0,0.0021000000000000003,88.28799000000002,17.657598000000004,5,41393.4,43569.1,1.6497430320000033,2.377226993800039,exchange_guard_proxy_touch,False,3.0515099999999973,0.143701992,-0.036266370000000006,0.07063039200000001,2.8715416379999974,325.24714154212785,2,True
ETHUSDT,long,eeca3e36200b2bf8a98ca6d0540f572e3477e1cca34876834e9275b51dc9a46c,ETHUSDT|long|confirmed_volume,1701858660000,1701861240000,2023-12-06T10:31:00+00:00,2023-12-06T11:14:00+00:00,2289.54,2254.98,0.04,91.5816,18.316319999999997,5,2258.8199999999997,2258.8199999999997,1.5278246399999977,1.5266138417378274,exchange_guard_proxy_touch,False,-1.3823999999999979,0.14542464000000002,0.0,0.07326528,-1.527824639999998,-166.82659398831186,2,True
ETHUSDT,long,c1e9da95ac2b0677522f0bb7ba7a5c26687deede6cf984d4f9996d052ef499d2,ETHUSDT|long|high_volume,1701952260000,1702042200000,2023-12-07T12:31:00+00:00,2023-12-08T13:30:00+00:00,2253.21,2341.71,0.04,90.1284,18.02568,5,2222.0699999999997,2345.7,1.5398880000000028,2.3477841519530274,exchange_guard_proxy_touch,False,3.54,0.14703744000000002,-0.08473310452000002,0.07210272000000001,3.30822945548,367.0573820771255,2,True
ETHUSDT,long,ddfb31a1eea432f94f8bb24b043e9bad5f352d81c6c337d48b50b1c00d12b948,ETHUSDT|long|high_volume,1702047960000,1702050960000,2023-12-08T15:06:00+00:00,2023-12-08T15:56:00+00:00,2374.51,2341.71,0.04,94.98040000000002,18.996080000000003,5,2345.7,2345.7,1.4629190400000074,3.603764275718229,exchange_guard_proxy_touch,False,-1.3120000000000074,0.15091904,0.0,0.07598432000000001,-1.4629190400000074,-154.02325532425712,2,True
BTCUSDT,long,cad39576b0ea7dbbe29ac788ca1f610ad69ede6c278cafe8ff194ca2d9c5a354,BTCUSDT|long|high_volume,1702067760000,1702110960000,2023-12-08T20:36:00+00:00,2023-12-09T08:36:00+00:00,44211.4,43996.100000000006,0.0024000000000000002,106.10736000000001,21.221472000000002,5,43649.9,44071.1,1.6944710399999896,6.8270161622825105,exchange_guard_proxy_touch,False,-0.5167199999999895,0.16935840000000002,-0.0884274878256,0.08488588800000002,-0.7745058878255895,-72.99266401742436,2,True
ETHUSDT,long,b929e5b6aab7866c2c3430627551725005996d813d97147cc743feef5a4a4986,ETHUSDT|long|high_volume,1702241160000,1702256400000,2023-12-10T20:46:00+00:00,2023-12-11T01:00:00+00:00,2377.37,2338.11,0.03,71.32109999999999,14.264219999999998,5,2342.1,2342.1,1.290971519999993,10.805999755886695,exchange_guard_proxy_touch,False,-1.1777999999999929,0.11317151999999998,-0.034055644127999996,0.05705688,-1.325027164127993,-185.7833325801191,2,True
ETHUSDT,long,c294bc7214f597901adc101787ed2bd5d7b9e0edc9b8f779e1548755e886b742,ETHUSDT|long|confirmed_volume,1702297260000,1702303560000,2023-12-11T12:21:00+00:00,2023-12-11T14:06:00+00:00,2254.15,2221.86,0.04,90.16600000000001,18.0332,5,2225.6499999999996,2225.6499999999996,1.4348323199999984,1.5318010436794949,exchange_guard_proxy_touch,False,-1.2915999999999985,0.14323232000000002,0.0,0.07213280000000001,-1.4348323199999986,-159.13230264179384,2,True
BTCUSDT,long,101b381e383006d94497c3da0609d273b59db80a1389bb4c414d61baab777c9e,BTCUSDT|long|high_volume,1702367460000,1702392300000,2023-12-12T07:51:00+00:00,2023-12-12T14:45:00+00:00,42089.100000000006,41500.0,0.002,84.17820000000002,16.835640000000005,5,41400.9,41570.700000000004,1.6506713600000116,4.004057102566731,exchange_guard_proxy_touch,False,-1.1782000000000117,0.13374256000000004,-0.016772000000000002,0.06734256000000001,-1.3287145600000116,-157.84544692093814,2,True
BTCUSDT,long,af505270ae6ce21ad4a39974c67ab55dc7bc19d65505e90917cdc1136420e5fb,BTCUSDT|long|high_volume,1702505760000,1702560540000,2023-12-13T22:16:00+00:00,2023-12-14T13:29:00+00:00,43543.9,42611.700000000004,0.0006000000000000001,26.126340000000003,5.225268000000001,5,40976.8,42684.3,1.6226164799999976,9.778477205006043,exchange_guard_proxy_touch,False,-0.5593199999999983,0.04135468800000001,-0.010294224000000001,0.020901072000000003,-0.6109689119999983,-233.85170368294916,2,True
ETHUSDT,long,3469dfc873b6f4beec6bb7d65af78e90896742c24fffe2447f1401cc7b8fc344,ETHUSDT|long|high_volume,1702473060000,1702560600000,2023-12-13T13:11:00+00:00,2023-12-14T13:30:00+00:00,2193.27,2242.3,0.03,65.79809999999999,13.159619999999999,5,2155.99,2246.12,1.3327941599999946,3.8765930825361963,exchange_guard_proxy_touch,False,1.4709000000000059,0.10645368,-0.041354046708,0.05263848,1.3230922732920058,201.08365945095773,2,True
ETHUSDT,long,e94dfe823a9964fa6ae955e9f0ac013bdd8bb2fa910acc2188d5d19dd24b7bfd,ETHUSDT|long|high_volume,1702595160000,1702610160000,2023-12-14T23:06:00+00:00,2023-12-15T03:16:00+00:00,2327.26,2279.37,0.03,69.8178,13.963560000000001,5,2283.2599999999998,2283.2599999999998,1.5472591200000099,6.822173742159277,exchange_guard_proxy_touch,False,-1.4367000000000099,0.11055912000000001,-0.013899180000000002,0.055854240000000006,-1.5611583000000098,-223.60462518154534,2,True
BTCUSDT,long,c9a581480ea25a8df9d2b2ad0a48c6db8d5786627aa2f9fdbdc34eea931f8f46,BTCUSDT|long|high_volume,1702932360000,1702994700000,2023-12-18T20:46:00+00:00,2023-12-19T14:05:00+00:00,42008.200000000004,42767.200000000004,0.0017000000000000001,71.41394000000001,14.282788000000002,5,41169.9,42840.1,1.6571370160000052,6.825663410418849,exchange_guard_proxy_touch,False,1.2903,0.11529454400000003,-0.029149526000000002,0.057131152000000004,1.14585593,160.45269733052118,2,True
ETHUSDT,long,d7f12afbfc470ea70429fce6422ae8c563c7950e60a91b1fe01aa45804a390bf,ETHUSDT|long|confirmed_volume,1703014560000,1703100900000,2023-12-19T19:36:00+00:00,2023-12-20T19:35:00+00:00,2186.05,2209.9900000000002,0.03,65.5815,13.1163,5,2150.2999999999997,2213.7599999999998,1.2862845600000092,1.974425365811806,exchange_guard_proxy_touch,False,0.7182000000000016,0.10550496000000002,-0.057625934688,0.052465200000000003,0.5550691053120016,84.63806184853983,2,True
ETHUSDT,long,8e833f8d25fb13a9cbc85393590d8a52239d353c0836505473f0f36f95d402a0,ETHUSDT|long|high_volume,1703141760000,1703170980000,2023-12-21T06:56:00+00:00,2023-12-21T15:03:00+00:00,2215.58,2201.2400000000002,0.04,88.6232,17.72464,5,2184.89,2204.99,1.5170959999999942,3.0179645546278624,exchange_guard_proxy_touch,False,-0.5735999999999877,0.14133824,-0.0470850444,0.07089856,-0.7620232843999877,-85.98462754673582,2,True
ETHUSDT,long,8b94a2458f91d8eeefc552d5a8472e7167b908835b53fbf8d34f39e51c7b50d7,ETHUSDT|long|high_volume,1703180160000,1703283120000,2023-12-21T17:36:00+00:00,2023-12-22T22:12:00+00:00,2241.26,2303.19,0.03,67.23780000000001,13.447560000000001,5,2204.99,2307.12,1.3072199999999994,3.1272459707814493,exchange_guard_proxy_touch,False,1.857899999999995,0.10906680000000002,-0.189788072664,0.05379024,1.559045127335995,231.8703359324658,2,True
ETHUSDT,long,aa7c2da3cd0b61cad160af98b0de7edf2ebfc996b2363cdd5dd81760adb8fa24,ETHUSDT|long|high_volume,1703357460000,1703396220000,2023-12-23T18:51:00+00:00,2023-12-24T05:37:00+00:00,2310.54,2281.87,0.04,92.4216,18.48432,5,2282.43,2285.7599999999998,1.42685056,7.246885718056784,exchange_guard_proxy_touch,False,-1.146800000000003,0.14695712,-0.024610172383999998,0.07393728000000001,-1.3183672923840029,-142.64709682411936,2,True
BTCUSDT,long,105864cba700f0bbc5f25f56414f1d7ce7bcc6be8304938700e8eaca356d38a8,BTCUSDT|long|high_volume,1703509260000,1703561760000,2023-12-25T13:01:00+00:00,2023-12-26T03:36:00+00:00,43896.200000000004,43351.8,0.0017000000000000001,74.62354000000002,14.924708000000004,5,43083.1,43425.700000000004,1.6250721600000027,28.493212785052826,exchange_guard_proxy_touch,False,-0.9254800000000025,0.11865728,-0.12061381479060002,0.059698832000000014,-1.1647510947906026,-156.08360241159858,2,True
ETHUSDT,long,a438778322eaeaf90f7ca796937526be6b7bc417996422d7bb8c8137c53c9e18,ETHUSDT|long|high_volume,1703666460000,1703768460000,2023-12-27T08:41:00+00:00,2023-12-28T13:01:00+00:00,2257.0,2360.96,0.03,67.71,13.541999999999998,5,2213.6699999999996,2364.99,1.5202055999999973,8.625634220944347,exchange_guard_proxy_touch,False,3.118800000000001,0.11083104,-0.189675076788,0.054168,2.818293883212001,416.23008170314597,2,True
ETHUSDT,long,6651f7ec1a72a3c50663c31d6203de24c21dce370860b5363d1cd7aaa77564f5,ETHUSDT|long|high_volume,1703844060000,1703864820000,2023-12-29T10:01:00+00:00,2023-12-29T15:47:00+00:00,2372.79,2329.4700000000003,0.03,71.1837,14.236740000000001,5,2333.4399999999996,2333.4399999999996,1.4124542399999913,3.0518371595307348,exchange_guard_proxy_touch,False,-1.2995999999999912,0.11285424000000001,0.0,0.056946960000000005,-1.4124542399999913,-198.42383017460338,2,True
ETHUSDT,long,4b953ee61eb5bfe6a31d8fdd8ccc53e1f2c5e9d325120f143e39cbccbc041cba,ETHUSDT|long|confirmed_volume,1703952960000,1703976720000,2023-12-30T16:16:00+00:00,2023-12-30T22:52:00+00:00,2322.4500000000003,2280.29,0.03,69.6735,13.934700000000001,5,2284.18,2284.18,1.3752657600000093,1.5547599063988249,exchange_guard_proxy_touch,False,-1.2648000000000093,0.11046576,0.0,0.055738800000000005,-1.3752657600000093,-197.38720747486622,2,True
ETHUSDT,long,84fad745576b10df84683b6814cddb80e58c8ef9dac64604b19a29daaecc90a0,ETHUSDT|long|high_volume,1704016860000,1704036600000,2023-12-31T10:01:00+00:00,2023-12-31T15:30:00+00:00,2317.33,2292.56,0.03,69.51989999999999,13.903979999999999,5,2280.8999999999996,2296.47,1.3195643999999984,3.1824791409376463,exchange_guard_proxy_touch,False,-0.7430999999999994,0.11063735999999999,0.0,0.05561592,-0.8537373599999994,-122.80474511614653,2,True
ETHUSDT,long,86c9d10132c350a684064fde24f524933c37588cd171e4acc887c3191d86c93f,ETHUSDT|long|high_volume,1704102060000,1704206040000,2024-01-01T09:41:00+00:00,2024-01-02T14:34:00+00:00,2302.7200000000003,2377.9500000000003,0.03,69.08160000000001,13.816320000000001,5,2266.66,2382.0,1.3071724800000022,4.407592454582564,exchange_guard_proxy_touch,False,2.2569000000000004,0.11233608,-0.208795557852,0.05526528000000001,1.9357683621480004,280.2147550357838,2,True
ETHUSDT,long,b94652b2ff1cdf35eba4f3e6314b9206c3afbf5ed202dd242b67975f341a2d0a,ETHUSDT|long|confirmed_volume,1704263160000,1704267960000,2024-01-03T06:26:00+00:00,2024-01-03T07:46:00+00:00,2386.17,2360.9700000000003,0.03,71.5851,14.31702,5,2348.45,2365.0,1.365134879999994,1.7955322636257336,exchange_guard_proxy_touch,False,-0.7559999999999946,0.11393136000000001,0.0,0.057268080000000006,-0.8699313599999946,-121.52408252555276,2,True
BTCUSDT,long,2854d93781f7d33e98400c770d647da613f7f2dd3c2f47779fd243ea7d56573c,BTCUSDT|long|high_volume,1704327060000,1704419280000,2024-01-04T00:11:00+00:00,2024-01-05T01:48:00+00:00,42971.9,42572.5,0.0013000000000000002,55.86347000000001,11.172694000000002,5,41919.9,42645.0,1.5485033199999947,3.031322810782512,exchange_guard_proxy_touch,False,-0.5192200000000019,0.08896617600000001,-0.03405201800000001,0.04469077600000001,-0.6422381940000019,-114.96568222489614,2,True
ETHUSDT,long,9806122e0f8cf59ebc5f59714fbb136913b8f287e4c4dbb8cf5f6dcb1d81a688,ETHUSDT|long|high_volume,1704382260000,1704464400000,2024-01-04T15:31:00+00:00,2024-01-05T14:20:00+00:00,2286.53,2229.42,0.01,22.8653,4.57306,5,2205.41,2233.22,0.8846055200000035,2.558994284869078,exchange_guard_proxy_touch,False,-0.5711000000000013,0.03612760000000001,-0.013596220000000003,0.01829224,-0.6208238200000014,-271.5135248608159,2,True
BTCUSDT,long,b45c092b5b15d2dc617952ce5689b412f077b9f3b08619319f1e5590d0815c52,BTCUSDT|long|high_volume,1704488160000,1704646200000,2024-01-05T20:56:00+00:00,2024-01-07T16:50:00+00:00,44106.4,43788.100000000006,0.0014,61.748960000000004,12.349792,5,43089.9,43862.700000000004,1.6232977599999938,27.50466116205624,exchange_guard_proxy_touch,False,-0.4456199999999939,0.09844184,-0.073840872,0.04939916800000001,-0.6179027119999939,-100.06690185551203,2,True
ETHUSDT,long,ffed0abcd37e1c851d164d1b904e4c4a44cf59c6d03af5f7de9668f273c95a5c,ETHUSDT|long|high_volume,1704715260000,1704792060000,2024-01-08T12:01:00+00:00,2024-01-09T09:21:00+00:00,2245.9,2284.11,0.03,67.377,13.475399999999999,5,2204.1499999999996,2288.0,1.4717111999999999,9.123348841077354,exchange_guard_proxy_touch,False,1.146300000000001,0.10872024000000001,-0.041442900000000005,0.0539016,0.9961368600000009,147.84523798922496,2,True
ETHUSDT,long,c8aea44c174a1eb729b0747fe98b8f6df4ae8d096ca07e912a9d32556053fb15,ETHUSDT|long|high_volume,1704845760000,1704889680000,2024-01-10T00:16:00+00:00,2024-01-10T12:28:00+00:00,2373.04,2358.4700000000003,0.01,23.7304,4.74608,5,2243.25,2362.49,1.3729997600000012,2.135888745680604,exchange_guard_proxy_touch,False,-0.14569999999999708,0.03785208,-0.004738840000000001,0.018984320000000002,-0.1882909199999971,-79.34586859049871,2,True
ETHUSDT,long,b7b873ef60d680bddca423a83a60382885116def24207bcb70e8bb1e5455797d,ETHUSDT|long|high_volume,1704972660000,1704989760000,2024-01-11T11:31:00+00:00,2024-01-11T16:16:00+00:00,2654.11,2569.09,0.01,26.5411,5.30822,5,2573.47,2573.47,0.8919855999999999,2.2584621828202835,exchange_guard_proxy_touch,False,-0.8501999999999998,0.04178560000000001,-0.005229300000000001,0.021232880000000003,-0.8972148999999998,-338.04736804427847,2,True
BTCUSDT,long,688f6a86c2ed6b6e317ba4e871d13e10385739fc3fe1639c796a74ab09212ae7,BTCUSDT|long|high_volume,1704928260000,1704994140000,2024-01-10T23:11:00+00:00,2024-01-11T17:29:00+00:00,47349.9,45532.4,0.0005,23.674950000000003,4.734990000000001,5,44719.9,45610.0,1.3898474799999994,2.2595988863543273,exchange_guard_proxy_touch,False,-0.9087500000000001,0.037152920000000006,-0.013957250000000003,0.018939960000000002,-0.9598601700000001,-405.4328182319287,2,True
BTCUSDT,long,587653e2af4b82fe5b37b3e3c2d3e7c367e774732e4b12eec39b554c8224b7d0,BTCUSDT|long|confirmed_volume,1705002660000,1705034880000,2024-01-11T19:51:00+00:00,2024-01-12T04:48:00+00:00,46710.8,45822.700000000004,0.0013000000000000002,60.72404000000001,12.144808000000001,5,45610.0,45900.8,1.6278529280000023,1.7471867210205785,exchange_guard_proxy_touch,False,-1.1545299999999983,0.09623484000000002,-0.012047854000000002,0.048579232000000014,-1.2628126939999982,-207.95926852034185,2,True
ETHUSDT,long,b758871ef9fbf5a47e366c5ebbef6cb8f4dc34845b7f3192ddbc4329d043ef7b,ETHUSDT|long|confirmed_volume,1705163760000,1705225080000,2024-01-13T16:36:00+00:00,2024-01-14T09:38:00+00:00,2574.2400000000002,2538.67,0.02,51.48480000000001,10.296960000000002,5,2521.2299999999996,2543.0,1.2274588800000037,1.8877103452217636,exchange_guard_proxy_touch,False,-0.7114000000000033,0.08180656000000001,-0.020520560000000004,0.04118784000000001,-0.8137271200000032,-158.0519143514208,2,True
ETHUSDT,long,38165d46bb7eded94d790f69bdd217b0a85fc089a401d4ad94ce4fd3f467a1c0,ETHUSDT|long|high_volume,1705343460000,1705357020000,2024-01-15T18:31:00+00:00,2024-01-15T22:17:00+00:00,2552.59,2501.12,0.02,51.05180000000001,10.210360000000001,5,2505.3799999999997,2505.3799999999997,1.1102593600000052,6.696029886103459,exchange_guard_proxy_touch,False,-1.0294000000000052,0.08085936,0.0,0.04084144,-1.1102593600000052,-217.47702529587693,2,True
ETHUSDT,long,75e1465ed9a138f5163cd5ddab99386654ed31dd5e6b594a253d2e93b1340ec5,ETHUSDT|long|high_volume,1705397160000,1705404600000,2024-01-16T09:26:00+00:00,2024-01-16T11:30:00+00:00,2552.42,2518.17,0.02,51.0484,10.20968,5,2505.0,2522.4599999999996,1.1144505599999968,2.177106343427343,exchange_guard_proxy_touch,False,-0.685,0.08112944000000001,0.0,0.04083872,-0.76612944,-150.07903088049773,2,True
ETHUSDT,long,978e930d30f014cc73009394d0508276696aba086d194ce6e3dbd15f284440a9,ETHUSDT|long|confirmed_volume,1706057460000,1706120460000,2024-01-24T00:51:00+00:00,2024-01-24T18:21:00+00:00,2255.25,2213.4,0.01,22.552500000000002,4.5105,5,2180.3999999999996,2217.1699999999996,0.8210555199999995,1.5974222027403637,exchange_guard_proxy_touch,False,-0.4184999999999991,0.0357492,-0.008935560000000002,0.018042,-0.4631847599999991,-205.38067176587919,2,True
ETHUSDT,long,3c7beb52062fc419b92482bcf2c7727d7fb3b2714a6ccf722dcf37fde04a42fa,ETHUSDT|long|high_volume,1707249960000,1707276480000,2024-02-06T20:06:00+00:00,2024-02-07T03:28:00+00:00,2386.44,2366.55,0.01,23.8644,4.77288,5,2308.1499999999996,2370.58,0.859725279999998,3.4256406615978268,exchange_guard_proxy_touch,False,-0.19889999999999874,0.03802392,-0.003633031331999999,0.01909152,-0.24055695133199873,-100.80159205008243,2,True
ETHUSDT,long,eea60870dec57cfd0306830b18ddb99bcef2b71f4e3baabd006152debff67ea4,ETHUSDT|long|high_volume,1707337260000,1707411120000,2024-02-07T20:21:00+00:00,2024-02-08T16:52:00+00:00,2435.15,2410.88,0.01,24.3515,4.8703,5,2360.1499999999996,2414.99,0.8285302399999998,7.388778397183976,exchange_guard_proxy_touch,False,-0.24269999999999983,0.03876824,-0.013297675108,0.0194812,-0.2947659151079998,-121.04630725335187,2,True
BTCUSDT,long,3d58a954cb3cdf571674bd9d67bfea9a60c57b45228f42da57776d00c2aee051,BTCUSDT|long|high_volume,1707469260000,1707561960000,2024-02-09T09:01:00+00:00,2024-02-10T10:46:00+00:00,46795.600000000006,46940.0,0.0009000000000000001,42.11604000000001,8.423208000000002,5,45199.9,47020.0,1.5715213920000053,6.352282167732178,exchange_guard_proxy_touch,False,0.12995999999999477,0.06748963200000002,-0.023618813347800003,0.033692832000000006,0.03885155465219475,9.224883121061415,2,True
BTCUSDT,long,a5e436f0191e65e686daa0708567629c7699c1a3c571d155ae485f604bd4e31d,BTCUSDT|long|high_volume,1707752160000,1707822660000,2024-02-12T15:36:00+00:00,2024-02-13T11:11:00+00:00,49531.0,49669.700000000004,0.0008,39.6248,7.9249600000000004,5,47710.9,49754.3,1.5832228479999966,5.187148808672977,exchange_guard_proxy_touch,False,0.1109600000000035,0.063488448,-0.023982224,0.03169984,0.023489328000003497,5.927936040056606,2,True
ETHUSDT,long,d5b357fd523018e7a4050fb3e273b128c6676272aacb79557e0816621c2cf92d,ETHUSDT|long|high_volume,1707900960000,1707923760000,2024-02-14T08:56:00+00:00,2024-02-14T15:16:00+00:00,2699.78,2729.06,0.01,26.9978,5.39956,5,2619.1099999999997,2733.7099999999996,0.893815440000001,15.292653165655333,exchange_guard_proxy_touch,False,0.29279999999999745,0.043430720000000006,0.0,0.021598240000000005,0.24936927999999745,92.36651875337895,2,True
ETHUSDT,long,cd6c095b3bdbdee72ede7097c44e7a04c009e0fc2c71161379c4f718d450bc42,ETHUSDT|long|high_volume,1708007460000,1708095180000,2024-02-15T14:31:00+00:00,2024-02-16T14:53:00+00:00,2835.85,2790.73,0.01,28.3585,5.6716999999999995,5,2758.56,2795.49,0.8645177600000002,4.975046228285844,exchange_guard_proxy_touch,False,-0.45119999999999894,0.04501264,-0.021536589818,0.022686800000000003,-0.517749229817999,-182.5728546354705,2,True
ETHUSDT,long,cf2d7907588cb652aa33919054265e6e0bbf3e65f88db0505c2efb69e08167bd,ETHUSDT|long|high_volume,1708293960000,1708351440000,2024-02-18T22:06:00+00:00,2024-02-19T14:04:00+00:00,2858.06,2886.16,0.01,28.5806,5.71612,5,2786.3999999999996,2891.08,0.8091177600000009,2.9867553201248205,exchange_guard_proxy_touch,False,0.2809999999999991,0.04595376,-0.011622900000000002,0.02286448,0.22342333999999908,78.17307544278255,2,True
ETHUSDT,long,925c101270370139e24888948f222e3a81d900aea0e33bf8413aa228324124fe,ETHUSDT|long|high_volume,1708379460000,1708401780000,2024-02-19T21:51:00+00:00,2024-02-20T04:03:00+00:00,2963.04,2900.19,0.01,29.6304,5.926080000000001,5,2888.56,2905.1299999999997,0.840773440000001,6.531825126072376,exchange_guard_proxy_touch,False,-0.6284999999999991,0.046905840000000004,-0.015616715000000001,0.02370432,-0.691022554999999,-233.21404874723223,2,True
ETHUSDT,long,2ab20bc69011e52ecdad6a21f129186ab10a3b71f254e54748cc28c98b533131,ETHUSDT|long|high_volume,1708459260000,1708490160000,2024-02-20T20:01:00+00:00,2024-02-21T04:36:00+00:00,2992.35,2985.4,0.01,29.9235,5.9847,5,2884.99,2990.49,1.16967944,2.090552736992945,exchange_guard_proxy_touch,False,-0.06949999999999819,0.047822,-0.012261378635999999,0.023938800000000003,-0.1295833786359982,-43.30488700720109,2,True
ETHUSDT,long,33d0abd841aeff9569fcbeae81b49c2d196c9eee2be33cd24a239d7e7585c7f2,ETHUSDT|long|high_volume,1708558860000,1708656600000,2024-02-21T23:41:00+00:00,2024-02-23T02:50:00+00:00,2973.34,2964.06,0.01,29.733400000000003,5.946680000000001,5,2885.99,2969.1099999999997,0.9694353600000022,5.651446736343362,exchange_guard_proxy_touch,False,-0.092800000000002,0.047499200000000005,-0.023853460000000007,0.023786720000000004,-0.164152660000002,-55.208169936839376,2,True
ETHUSDT,long,0dc72c2aaecafcc7bd5e80fc602c486bd6f90e55d2c94fe20f2d106b774f5942,ETHUSDT|long|high_volume,1708826760000,1708938960000,2024-02-25T02:06:00+00:00,2024-02-26T09:16:00+00:00,3037.88,3081.76,0.01,30.378800000000002,6.075760000000001,5,2954.3999999999996,3087.0099999999998,0.9329980000000022,5.424295975485726,exchange_guard_proxy_touch,False,0.4388000000000011,0.04895712000000001,-0.07688977992,0.02430304,0.31295310008000105,103.01693947094718,2,True
ETHUSDT,long,2d2fda6ebc4d37370e4521bedb6a9632fc08fe60046afc6978114c2bb4688a9e,ETHUSDT|long|high_volume,1708960260000,1709050200000,2024-02-26T15:11:00+00:00,2024-02-27T16:10:00+00:00,3125.79,3199.8,0.01,31.2579,6.25158,5,3039.41,3205.25,0.9647802399999972,3.8799549066557755,exchange_guard_proxy_touch,False,0.7401000000000022,0.050604720000000006,-0.09301793181000001,0.02500632,0.5964773481900021,190.8245109844238,2,True
ETHUSDT,long,621726ff8038ee8b14da4c94725e69fdc086bc1e936b8a9d4ab9c042b55567d3,ETHUSDT|long|high_volume,1709106660000,1709141460000,2024-02-28T07:51:00+00:00,2024-02-28T17:31:00+00:00,3308.54,3274.41,0.01,33.0854,6.61708,5,3233.04,3279.99,0.86228864,6.563033174051826,exchange_guard_proxy_touch,False,-0.3413000000000011,0.0526636,-0.050377075070000006,0.026468320000000004,-0.4443406750700011,-134.30113435835779,2,True
BTCUSDT,long,0bc068c5fea4671d9ffcc5aae981d7a933a63b5c8bfa9a796e67ddfff233cd60,BTCUSDT|long|high_volume,1709140560000,1709213340000,2024-02-28T17:16:00+00:00,2024-02-29T13:29:00+00:00,64305.3,62045.3,0.0002,12.861060000000002,2.5722120000000004,5,58555.1,62151.0,1.1896017280000006,7.015377103658886,exchange_guard_proxy_touch,False,-0.452,0.020216096000000003,-0.0364335350324,0.010288848000000001,-0.5086496310324,-395.4958852788183,2,True
ETHUSDT,long,2ac4aa7bebb8947bb8de07dc096d32707d7504638be6739aadbc353e109b0b2e,ETHUSDT|long|confirmed_volume,1709295660000,1709304000000,2024-03-01T12:21:00+00:00,2024-03-01T14:40:00+00:00,3434.51,3395.76,0.01,34.3451,6.869020000000001,5,3355.2299999999996,3401.5499999999997,0.9041722400000023,1.6027392249402945,exchange_guard_proxy_touch,False,-0.3875,0.05464216,0.0,0.027476080000000007,-0.44214216,-128.7351499922842,2,True
ETHUSDT,long,97b65f9e50ae877134997839aafcc3e35acf3a2a6ed1a91f96a214c80b2a50ff,ETHUSDT|long|confirmed_volume,1709538060000,1709658180000,2024-03-04T07:41:00+00:00,2024-03-05T17:03:00+00:00,3488.3,3649.77,0.01,34.883,6.9766,5,3420.2099999999996,3655.99,0.7943215200000031,1.7842024099370952,exchange_guard_proxy_touch,False,1.614699999999998,0.05710456,-0.22124470918599998,0.0279064,1.3363507308139981,383.0951267993,2,True
BTCUSDT,long,ccdcd071a01bfe6fbde5b296e80650e09163049b372f4f5eefcbe0a600985a7b,BTCUSDT|long|high_volume,1709701860000,1709913720000,2024-03-06T05:11:00+00:00,2024-03-08T16:02:00+00:00,65143.0,66704.40000000001,0.0006000000000000001,39.085800000000006,7.817160000000001,5,62829.200000000004,66818.0,1.5137953439999985,4.2057827826012115,exchange_guard_proxy_touch,False,0.9368400000000053,0.06328675200000002,-0.28124925039000004,0.03126864000000001,0.5923039976100053,151.53943314707777,2,True
ETHUSDT,long,8ba0dc709057e2f39ba546911c90603e4c6e14ef401d8042b89f563959e3fac6,ETHUSDT|long|confirmed_volume,1709920260000,1709937660000,2024-03-08T17:51:00+00:00,2024-03-08T22:41:00+00:00,3975.2400000000002,3880.15,0.01,39.7524,7.950480000000001,5,3883.1,3886.7599999999998,1.05031384,1.978289670553363,exchange_guard_proxy_touch,False,-0.9509000000000015,0.06284312,0.0,0.031801920000000004,-1.0137431200000016,-255.01431863233452,2,True
BTCUSDT,long,81d05116cf216e43eb391fe82e0597107b0c15b33b21e6b2eb44c3b974bc6f81,BTCUSDT|long|high_volume,1710157560000,1710213660000,2024-03-11T11:46:00+00:00,2024-03-12T03:21:00+00:00,72376.6,71677.8,0.00030000000000000003,21.712980000000005,4.342596000000001,5,68502.29999999999,71799.9,1.2310229760000009,8.092727885015647,exchange_guard_proxy_touch,False,-0.20964000000000088,0.03457305600000001,-0.04795959604680001,0.017370384000000003,-0.29217265204680093,-134.56128640416972,2,True
BTCUSDT,long,9d84d22845aede691f221aa39119d59532c4f9af459fa0148396e4a4652f1251,BTCUSDT|long|high_volume,1710313860000,1710414900000,2024-03-13T07:11:00+00:00,2024-03-14T11:15:00+00:00,73200.5,72596.2,0.0005,36.60025,7.32005,5,70623.7,72719.9,1.405931639999997,2.776293909176301,exchange_guard_proxy_touch,False,-0.3021500000000015,0.05831868000000001,-0.126233682563,0.029280200000000003,-0.4867023625630015,-132.97787926667206,2,True
BTCUSDT,long,6883c7be8eefacf888995331f2d0f5ba2372ca2c00ea617c5f5f1330b46e60b7,BTCUSDT|long|high_volume,1710961260000,1711029300000,2024-03-20T19:01:00+00:00,2024-03-21T13:55:00+00:00,65610.2,66582.1,0.0004,26.24408,5.248816,5,62057.6,66695.5,1.5040599359999967,2.4981546298502555,exchange_guard_proxy_touch,False,0.3887600000000035,0.042301536,-0.016000800451200003,0.020995264,0.33045766354880346,125.91703102139739,2,True
ETHUSDT,long,4478b1f135a39d225e6bd0a0a772b4a6e82428b8443b71be876a5a412d5011dd,ETHUSDT|long|confirmed_volume,1711041060000,1711044660000,2024-03-21T17:11:00+00:00,2024-03-21T18:11:00+00:00,3545.02,3444.12,0.01,35.4502,7.09004,5,3449.99,3449.99,1.064913120000001,1.6556493640013672,exchange_guard_proxy_touch,False,-1.009000000000001,0.05591312,0.0,0.028360160000000002,-1.064913120000001,-300.39692864920397,2,True
BTCUSDT,long,ae73b34a358b6f45aea30eb2978a02952816dd7c4583d4790e8fd619768eb0c4,BTCUSDT|long|high_volume,1711215360000,1711235340000,2024-03-23T17:36:00+00:00,2024-03-23T23:09:00+00:00,66076.2,64603.4,0.0004,26.43048,5.286096,5,63020.1,64713.5,1.3065965119999983,4.286125006012217,exchange_guard_proxy_touch,False,-0.5891199999999983,0.04181747200000001,0.0,0.021144384000000002,-0.6309374719999983,-238.7158583574715,2,True
BTCUSDT,long,4bbc12557a3e34d38a38540edef64a484372153447b8ee846ee3703319e0b6b6,BTCUSDT|long|high_volume,1711322160000,1711460160000,2024-03-24T23:16:00+00:00,2024-03-26T13:36:00+00:00,67662.7,70182.7,0.0004,27.065080000000002,5.413016000000001,5,64634.9,70302.29999999999,1.2973800639999988,5.445134625411231,exchange_guard_proxy_touch,False,1.008,0.044110528,-0.0612191125232,0.021652064000000002,0.9026703594768,333.5184523662224,2,True
BTCUSDT,long,4ea63b7b8becd67a694b893b0fbe08687ce5f4bc9ce1da94d6f04e40b9c6887a,BTCUSDT|long|high_volume,1712253660000,1712294100000,2024-04-04T18:01:00+00:00,2024-04-05T05:15:00+00:00,69173.0,67305.40000000001,0.0004,27.6692,5.53384,5,66117.5,67420.09999999999,1.3104169919999977,6.162163685321453,exchange_guard_proxy_touch,False,-0.7470399999999966,0.043673088000000006,-0.005479184000000001,0.02213536,-0.7961922719999966,-287.7539907189209,2,True
BTCUSDT,long,33b778c1bc03dfe67b1a7762576c9590153cfb11ef85e479af2046f8a296aebc,BTCUSDT|long|high_volume,1712566560000,1712622360000,2024-04-08T08:56:00+00:00,2024-04-09T00:26:00+00:00,72270.7,71430.7,0.0004,28.90828,5.781656,5,68900.79999999999,71552.4,1.4399773759999965,5.666687476514741,exchange_guard_proxy_touch,False,-0.336,0.045984448,-0.0322101944944,0.023126624000000002,-0.4141946424944,-143.27889535261178,2,True
BTCUSDT,long,ceb3efdc8e0f1c5f2055532e5a714dcf71a50f6ad626fc1e1a069505bf36aca3,BTCUSDT|long|high_volume,1713162660000,1713192360000,2024-04-15T06:31:00+00:00,2024-04-15T14:46:00+00:00,66364.5,64539.100000000006,0.0004,26.5458,5.30916,5,63299.9,64649.1,1.3103781439999984,5.1572391446145645,exchange_guard_proxy_touch,False,-0.7301599999999977,0.041889152000000006,-0.0009319167927999999,0.02123664,-0.7729810687927977,-291.1877090887439,2,True
BTCUSDT,long,ecdf3a369e8e5d2dd805a41f5d2840da5795d3bc3c52b148216f17955640f6db,BTCUSDT|long|high_volume,1715818260000,1715837220000,2024-05-16T00:11:00+00:00,2024-05-16T05:27:00+00:00,66711.2,65624.0,0.0002,13.34224,2.668448,5,61316.0,65735.79999999999,1.1203676639999987,3.571568709764689,exchange_guard_proxy_touch,False,-0.21743999999999944,0.021173632000000005,0.0,0.010673792000000001,-0.23861363199999944,-178.84075837340612,2,True
BTCUSDT,long,03f430a706895c98f11eed150974f63139c9ba2e7c33905c5c8e7e2440296f9f,BTCUSDT|long|high_volume,1716235260000,1716297360000,2024-05-20T20:01:00+00:00,2024-05-21T13:16:00+00:00,70453.90000000001,70779.5,0.00030000000000000003,21.136170000000003,4.227234000000001,5,66716.2,70900.09999999999,1.1882535840000037,3.145303625441997,exchange_guard_proxy_touch,False,0.0976799999999974,0.03389601600000001,-0.0087635813826,0.016908936000000003,0.05502040261739738,26.031396708768604,2,True
BTCUSDT,short,cc6d1ef373fa8dd3e19dd297b5b54109a086d88f986a31022d6608843d92396e,BTCUSDT|short|high_volume,1720401060000,1720428480000,2024-07-08T01:11:00+00:00,2024-07-08T08:48:00+00:00,54302.100000000006,57469.9,0.0004,21.720840000000003,4.344168000000001,5,57372.299999999996,57372.299999999996,1.3028870399999983,2.2777545544817643,exchange_guard_proxy_touch,False,-1.2671199999999982,0.03576704000000001,0.0018360844192000002,0.017376672000000003,-1.3010509555807983,-598.9874036090677,2,True
BTCUSDT,long,dad7a5cf49ea111a97b7ac5dd11080e2997e66c575d0a2187d1bfb718e6207fb,BTCUSDT|long|high_volume,1730862360000,1730948700000,2024-11-06T03:06:00+00:00,2024-11-07T03:05:00+00:00,73914.0,74923.3,0.0002,14.7828,2.95656,5,68649.9,75050.9,1.098971535999999,3.375184169463612,exchange_guard_proxy_touch,False,0.2018600000000006,0.023813968,-0.008932216,0.01182624,0.1691138160000006,114.39904213004344,2,True
BTCUSDT,long,f4d71b7f2184f833bbfdf838dfe50a53223efc4090326bb5d301dbc08f9f3a56,BTCUSDT|long|high_volume,1731366360000,1731418560000,2024-11-11T23:06:00+00:00,2024-11-12T13:36:00+00:00,89064.20000000001,85354.5,0.0001,8.906420000000002,1.7812840000000005,5,81467.4,85499.9,0.7871614480000003,3.3794215170265822,exchange_guard_proxy_touch,False,-0.3709700000000012,0.013953496000000003,-0.016512583681,0.007125136000000002,-0.4014360796810012,-450.72664401746283,2,True
